zona,cadena,cine,direccion,pelicula,formato,horario,precio_general,precio_jubilado,precio_menor,url_pelicula
CABA,Cinépolis,Cinépolis Recoleta,"Vicente López 2050, Recoleta",Los Colores Del Tiempo,2D Subtitulada,16:30,,,,https://cartelera.ar/pelicula/los-colores-del-tiempo
CABA,Cinépolis,Cinépolis Recoleta,"Vicente López 2050, Recoleta",La invitación,2D Subtitulada,16:50,,,,https://cartelera.ar/pelicula/la-invitacion
CABA,Cinépolis,Cinépolis Recoleta,"Vicente López 2050, Recoleta",La invitación,2D Subtitulada,22:00,,,,https://cartelera.ar/pelicula/la-invitacion
CABA,Cinépolis,Cinépolis Recoleta,"Vicente López 2050, Recoleta",La Odisea,2D Subtitulada,14:50,,,,https://cartelera.ar/pelicula/la-odisea
CABA,Cinépolis,Cinépolis Recoleta,"Vicente López 2050, Recoleta",La Odisea,2D Subtitulada,18:30,,,,https://cartelera.ar/pelicula/la-odisea
CABA,Cinépolis,Cinépolis Recoleta,"Vicente López 2050, Recoleta",La Odisea,2D Subtitulada,19:20,,,,https://cartelera.ar/pelicula/la-odisea
CABA,Cinépolis,Cinépolis Recoleta,"Vicente López 2050, Recoleta",La Odisea,2D Subtitulada,22:15,,,,https://cartelera.ar/pelicula/la-odisea
CABA,Cinépolis,Cinépolis Recoleta,"Vicente López 2050, Recoleta",Spider-Man: Un nuevo día,3D Subtitulada,14:20,,,,https://cartelera.ar/pelicula/spider-man-un-nuevo-dia
CABA,Cinépolis,Cinépolis Recoleta,"Vicente López 2050, Recoleta",Spider-Man: Un nuevo día,2D Subtitulada,17:20,,,,https://cartelera.ar/pelicula/spider-man-un-nuevo-dia
CABA,Cinépolis,Cinépolis Recoleta,"Vicente López 2050, Recoleta",Babystar,2D Subtitulada,14:00,,,,https://cartelera.ar/pelicula/babystar
CABA,Cinépolis,Cinépolis Recoleta,"Vicente López 2050, Recoleta",Una quinta en Portugal,2D Doblada,13:50,,,,https://cartelera.ar/pelicula/una-quinta-en-portugal
CABA,Cinépolis,Cinépolis Recoleta,"Vicente López 2050, Recoleta",Hechizo de amor: La magia continúa,2D Subtitulada,13:50,,,,https://cartelera.ar/pelicula/hechizo-de-amor-la-magia-continua
CABA,Cinépolis,Cinépolis Recoleta,"Vicente López 2050, Recoleta",Hechizo de amor: La magia continúa,2D Subtitulada,16:40,,,,https://cartelera.ar/pelicula/hechizo-de-amor-la-magia-continua
CABA,Cinépolis,Cinépolis Recoleta,"Vicente López 2050, Recoleta",Hechizo de amor: La magia continúa,2D Subtitulada,19:30,,,,https://cartelera.ar/pelicula/hechizo-de-amor-la-magia-continua
CABA,Cinépolis,Cinépolis Recoleta,"Vicente López 2050, Recoleta",Hechizo de amor: La magia continúa,2D Subtitulada,22:20,,,,https://cartelera.ar/pelicula/hechizo-de-amor-la-magia-continua
CABA,Cinépolis,Cinépolis Recoleta,"Vicente López 2050, Recoleta",Resident Evil: Noche Cero,2D Subtitulada,13:30,,,,https://cartelera.ar/pelicula/resident-evil-noche-cero
CABA,Cinépolis,Cinépolis Recoleta,"Vicente López 2050, Recoleta",Resident Evil: Noche Cero,2D Subtitulada,15:45,,,,https://cartelera.ar/pelicula/resident-evil-noche-cero
CABA,Cinépolis,Cinépolis Recoleta,"Vicente López 2050, Recoleta",Resident Evil: Noche Cero,2D Subtitulada,17:30,,,,https://cartelera.ar/pelicula/resident-evil-noche-cero
CABA,Cinépolis,Cinépolis Recoleta,"Vicente López 2050, Recoleta",Resident Evil: Noche Cero,2D Subtitulada,18:00,,,,https://cartelera.ar/pelicula/resident-evil-noche-cero
CABA,Cinépolis,Cinépolis Recoleta,"Vicente López 2050, Recoleta",Resident Evil: Noche Cero,2D Subtitulada,19:50,,,,https://cartelera.ar/pelicula/resident-evil-noche-cero
CABA,Cinépolis,Cinépolis Recoleta,"Vicente López 2050, Recoleta",Resident Evil: Noche Cero,2D Subtitulada,20:20,,,,https://cartelera.ar/pelicula/resident-evil-noche-cero
CABA,Cinépolis,Cinépolis Recoleta,"Vicente López 2050, Recoleta",Resident Evil: Noche Cero,2D Subtitulada,22:15,,,,https://cartelera.ar/pelicula/resident-evil-noche-cero
CABA,Cinépolis,Cinépolis Recoleta,"Vicente López 2050, Recoleta",Resident Evil: Noche Cero,2D Subtitulada,22:45,,,,https://cartelera.ar/pelicula/resident-evil-noche-cero
CABA,Cinépolis,Cinépolis Recoleta,"Vicente López 2050, Recoleta",Pepita la Pistolera,2D Doblada,23:00,,,,https://cartelera.ar/pelicula/pepita-la-pistolera
CABA,Cinépolis,Cinépolis Recoleta,"Vicente López 2050, Recoleta",Terminator 2: El juicio final,2D Subtitulada,22:00,,,,https://cartelera.ar/pelicula/terminator-2-el-juicio-final
CABA,Cinépolis,Cinépolis Recoleta,"Vicente López 2050, Recoleta",One Piece: La película,2D Subtitulada,20:30,,,,https://cartelera.ar/pelicula/one-piece-la-pelicula
CABA,Cinépolis,Cinépolis Recoleta,"Vicente López 2050, Recoleta",La constelación del perro,2D Subtitulada,19:20,,,,https://cartelera.ar/pelicula/la-constelacion-del-perro
CABA,Cinépolis,Cinépolis Recoleta,"Vicente López 2050, Recoleta",Coyote vs. Acme,2D Subtitulada,12:50,,,,https://cartelera.ar/pelicula/coyote-vs-acme
CABA,Cinépolis,Cinépolis Recoleta,"Vicente López 2050, Recoleta",Coyote vs. Acme,2D Subtitulada,15:20,,,,https://cartelera.ar/pelicula/coyote-vs-acme
CABA,Cinépolis,Cinépolis Recoleta,"Vicente López 2050, Recoleta",Coyote vs. Acme,2D Subtitulada,17:50,,,,https://cartelera.ar/pelicula/coyote-vs-acme
CABA,Cinépolis,Cinépolis Recoleta,"Vicente López 2050, Recoleta",Yo Narciso,2D Doblada,20:20,,,,https://cartelera.ar/pelicula/yo-narciso
CABA,Cinépolis,Cinépolis Recoleta,"Vicente López 2050, Recoleta",Yo Narciso,2D Doblada,22:40,,,,https://cartelera.ar/pelicula/yo-narciso
CABA,Cinépolis,Cinépolis Recoleta,"Vicente López 2050, Recoleta",Tres adioses,2D Subtitulada,16:30,,,,https://cartelera.ar/pelicula/tres-adioses
CABA,Cinépolis,Cinépolis Recoleta,"Vicente López 2050, Recoleta",Tres adioses,2D Subtitulada,19:15,,,,https://cartelera.ar/pelicula/tres-adioses
CABA,Cinépolis,Cinépolis Recoleta,"Vicente López 2050, Recoleta",Oasis: Dont Look Back In Anger,2D Subtitulada,14:00,,,,https://cartelera.ar/pelicula/oasis-dont-look-back-in-anger
CABA,Cinépolis,Cinépolis Recoleta,"Vicente López 2050, Recoleta",Oasis: Dont Look Back In Anger,2D Subtitulada,22:10,,,,https://cartelera.ar/pelicula/oasis-dont-look-back-in-anger
CABA,Cinépolis,Cinépolis Recoleta,"Vicente López 2050, Recoleta",Home Stories,2D Subtitulada,17:00,,,,https://cartelera.ar/pelicula/home-stories
CABA,Cinépolis,Cinépolis Recoleta,"Vicente López 2050, Recoleta",Seis Semanas Después,2D Subtitulada,22:00,,,,https://cartelera.ar/pelicula/seis-semanas-despues
CABA,Cinépolis,Cinépolis Recoleta,"Vicente López 2050, Recoleta",Next Generation Short Tiger 2026,2D Subtitulada,19:30,,,,https://cartelera.ar/pelicula/next-generation-short-tiger-2026
CABA,Cinépolis,Cinépolis Recoleta,"Vicente López 2050, Recoleta",Tadeo : El Explorador Y La Lampara Maravillosa,2D Doblada,12:00,,,,https://cartelera.ar/pelicula/tadeo-el-explorador-y-la-lampara-maravillosa
CABA,Cinépolis,Cinépolis Recoleta,"Vicente López 2050, Recoleta",Tadeo : El Explorador Y La Lampara Maravillosa,2D Doblada,14:15,,,,https://cartelera.ar/pelicula/tadeo-el-explorador-y-la-lampara-maravillosa
CABA,Cinépolis,Cinépolis Recoleta,"Vicente López 2050, Recoleta",El árbol mágico,2D Subtitulada,12:15,,,,https://cartelera.ar/pelicula/el-arbol-magico
CABA,Cinépolis,Cinépolis Recoleta,"Vicente López 2050, Recoleta",El árbol mágico,2D Subtitulada,14:45,,,,https://cartelera.ar/pelicula/el-arbol-magico
CABA,Atlas Cines,Atlas Caballito,"Rivadavia 5071, Caballito",Afterburn (Zona cero),2D Doblada,22:50,,,,https://cartelera.ar/pelicula/afterburn-zona-cero
CABA,Atlas Cines,Atlas Caballito,"Rivadavia 5071, Caballito",La invitación,2D Subtitulada,19:40,,,,https://cartelera.ar/pelicula/la-invitacion
CABA,Atlas Cines,Atlas Caballito,"Rivadavia 5071, Caballito",La Odisea,2D Subtitulada,12:00,,,,https://cartelera.ar/pelicula/la-odisea
CABA,Atlas Cines,Atlas Caballito,"Rivadavia 5071, Caballito",La Odisea,2D Subtitulada,15:30,,,,https://cartelera.ar/pelicula/la-odisea
CABA,Atlas Cines,Atlas Caballito,"Rivadavia 5071, Caballito",La Odisea,2D Subtitulada,19:00,,,,https://cartelera.ar/pelicula/la-odisea
CABA,Atlas Cines,Atlas Caballito,"Rivadavia 5071, Caballito",La Odisea,2D Subtitulada,22:30,,,,https://cartelera.ar/pelicula/la-odisea
CABA,Atlas Cines,Atlas Caballito,"Rivadavia 5071, Caballito",Spider-Man: Un nuevo día,2D Doblada,12:20,,,,https://cartelera.ar/pelicula/spider-man-un-nuevo-dia
CABA,Atlas Cines,Atlas Caballito,"Rivadavia 5071, Caballito",Spider-Man: Un nuevo día,4DX Doblada,12:40,,,,https://cartelera.ar/pelicula/spider-man-un-nuevo-dia
CABA,Atlas Cines,Atlas Caballito,"Rivadavia 5071, Caballito",Spider-Man: Un nuevo día,2D Doblada,14:30,,,,https://cartelera.ar/pelicula/spider-man-un-nuevo-dia
CABA,Atlas Cines,Atlas Caballito,"Rivadavia 5071, Caballito",Spider-Man: Un nuevo día,2D Doblada,17:30,,,,https://cartelera.ar/pelicula/spider-man-un-nuevo-dia
CABA,Atlas Cines,Atlas Caballito,"Rivadavia 5071, Caballito",Spider-Man: Un nuevo día,4DX Doblada,18:00,,,,https://cartelera.ar/pelicula/spider-man-un-nuevo-dia
CABA,Atlas Cines,Atlas Caballito,"Rivadavia 5071, Caballito",Spider-Man: Un nuevo día,2D Subtitulada,22:00,,,,https://cartelera.ar/pelicula/spider-man-un-nuevo-dia
CABA,Atlas Cines,Atlas Caballito,"Rivadavia 5071, Caballito",Toy Story 5,2D Doblada,12:20,,,,https://cartelera.ar/pelicula/toy-story-5
CABA,Atlas Cines,Atlas Caballito,"Rivadavia 5071, Caballito",Minions & monstruos,2D Doblada,15:20,,,,https://cartelera.ar/pelicula/minions-monstruos
CABA,Atlas Cines,Atlas Caballito,"Rivadavia 5071, Caballito",El Final de la Calle Oak,2D Doblada,17:30,,,,https://cartelera.ar/pelicula/el-final-de-la-calle-oak
CABA,Atlas Cines,Atlas Caballito,"Rivadavia 5071, Caballito",PAW Patrol: La Dino Película,2D Doblada,13:10,,,,https://cartelera.ar/pelicula/paw-patrol-la-dino-pelicula
CABA,Atlas Cines,Atlas Caballito,"Rivadavia 5071, Caballito",Resident Evil: Noche Cero,2D Doblada,12:40,,,,https://cartelera.ar/pelicula/resident-evil-noche-cero
CABA,Atlas Cines,Atlas Caballito,"Rivadavia 5071, Caballito",Resident Evil: Noche Cero,2D Doblada,14:50,,,,https://cartelera.ar/pelicula/resident-evil-noche-cero
CABA,Atlas Cines,Atlas Caballito,"Rivadavia 5071, Caballito",Resident Evil: Noche Cero,4DX Doblada,15:50,,,,https://cartelera.ar/pelicula/resident-evil-noche-cero
CABA,Atlas Cines,Atlas Caballito,"Rivadavia 5071, Caballito",Resident Evil: Noche Cero,2D Doblada,17:00,,,,https://cartelera.ar/pelicula/resident-evil-noche-cero
CABA,Atlas Cines,Atlas Caballito,"Rivadavia 5071, Caballito",Resident Evil: Noche Cero,2D Doblada,20:40,,,,https://cartelera.ar/pelicula/resident-evil-noche-cero
CABA,Atlas Cines,Atlas Caballito,"Rivadavia 5071, Caballito",Resident Evil: Noche Cero,4DX Doblada,21:00,,,,https://cartelera.ar/pelicula/resident-evil-noche-cero
CABA,Atlas Cines,Atlas Caballito,"Rivadavia 5071, Caballito",Resident Evil: Noche Cero,2D Subtitulada,22:50,,,,https://cartelera.ar/pelicula/resident-evil-noche-cero
CABA,Atlas Cines,Atlas Caballito,"Rivadavia 5071, Caballito",Resident Evil: Noche Cero,4DX Doblada,23:10,,,,https://cartelera.ar/pelicula/resident-evil-noche-cero
CABA,Atlas Cines,Atlas Caballito,"Rivadavia 5071, Caballito",Pepita la Pistolera,2D Doblada,22:50,,,,https://cartelera.ar/pelicula/pepita-la-pistolera
CABA,Atlas Cines,Atlas Caballito,"Rivadavia 5071, Caballito",Terminator 2: El juicio final,2D Doblada,21:50,,,,https://cartelera.ar/pelicula/terminator-2-el-juicio-final
CABA,Atlas Cines,Atlas Caballito,"Rivadavia 5071, Caballito",One Piece: La película,2D Subtitulada,19:10,,,,https://cartelera.ar/pelicula/one-piece-la-pelicula
CABA,Atlas Cines,Atlas Caballito,"Rivadavia 5071, Caballito",Ice Cream Man,2D Subtitulada,23:10,,,,https://cartelera.ar/pelicula/ice-cream-man
CABA,Atlas Cines,Atlas Caballito,"Rivadavia 5071, Caballito",Coyote vs. Acme,2D Doblada,13:00,,,,https://cartelera.ar/pelicula/coyote-vs-acme
CABA,Atlas Cines,Atlas Caballito,"Rivadavia 5071, Caballito",Coyote vs. Acme,2D Doblada,15:20,,,,https://cartelera.ar/pelicula/coyote-vs-acme
CABA,Atlas Cines,Atlas Caballito,"Rivadavia 5071, Caballito",Coyote vs. Acme,2D Doblada,17:40,,,,https://cartelera.ar/pelicula/coyote-vs-acme
CABA,Atlas Cines,Atlas Caballito,"Rivadavia 5071, Caballito",Coyote vs. Acme,2D Doblada,20:00,,,,https://cartelera.ar/pelicula/coyote-vs-acme
CABA,Atlas Cines,Atlas Caballito,"Rivadavia 5071, Caballito",Insidious: Fuera del más allá,2D Doblada,20:30,,,,https://cartelera.ar/pelicula/insidious-fuera-del-mas-alla
CABA,Atlas Cines,Atlas Caballito,"Rivadavia 5071, Caballito",Insidious: Fuera del más allá,2D Doblada,22:20,,,,https://cartelera.ar/pelicula/insidious-fuera-del-mas-alla
CABA,Atlas Cines,Atlas Caballito,"Rivadavia 5071, Caballito",Yo Narciso,2D Doblada,16:20,,,,https://cartelera.ar/pelicula/yo-narciso
CABA,Atlas Cines,Atlas Caballito,"Rivadavia 5071, Caballito",Yo Narciso,2D Doblada,21:10,,,,https://cartelera.ar/pelicula/yo-narciso
CABA,Atlas Cines,Atlas Caballito,"Rivadavia 5071, Caballito",Prácticamente magia 2,2D Doblada,13:20,,,,https://cartelera.ar/pelicula/practicamente-magia-2
CABA,Atlas Cines,Atlas Caballito,"Rivadavia 5071, Caballito",Prácticamente magia 2,2D Doblada,16:10,,,,https://cartelera.ar/pelicula/practicamente-magia-2
CABA,Atlas Cines,Atlas Caballito,"Rivadavia 5071, Caballito",Prácticamente magia 2,2D Subtitulada,19:00,,,,https://cartelera.ar/pelicula/practicamente-magia-2
CABA,Atlas Cines,Atlas Caballito,"Rivadavia 5071, Caballito",Tres adioses,2D Subtitulada,18:30,,,,https://cartelera.ar/pelicula/tres-adioses
CABA,Atlas Cines,Atlas Caballito,"Rivadavia 5071, Caballito",Tadeo el Explorador y la Lampa,2D Doblada,12:10,,,,https://cartelera.ar/pelicula/tadeo-el-explorador-y-la-lampa
CABA,Atlas Cines,Atlas Caballito,"Rivadavia 5071, Caballito",Tadeo el Explorador y la Lampa,2D Doblada,14:10,,,,https://cartelera.ar/pelicula/tadeo-el-explorador-y-la-lampa
CABA,Atlas Cines,Atlas Caballito,"Rivadavia 5071, Caballito",El árbol mágico,2D Doblada,15:10,,,,https://cartelera.ar/pelicula/el-arbol-magico
CABA,Atlas Cines,Atlas Caballito,"Rivadavia 5071, Caballito",El árbol mágico,2D Doblada,17:40,,,,https://cartelera.ar/pelicula/el-arbol-magico
CABA,Atlas Cines,Atlas Caballito,"Rivadavia 5071, Caballito",El árbol mágico,2D Doblada,20:10,,,,https://cartelera.ar/pelicula/el-arbol-magico
GBA Norte,Multiplex,Multiplex Pilar,"Las Magnolias 754, Palmas del Pilar",Afterburn (Zona cero),2D Doblada,22:50,,,,https://multiplex.com.ar/peliculas/zona-cero/
GBA Norte,Multiplex,Multiplex Pilar,"Las Magnolias 754, Palmas del Pilar",Coyote vs. Acme,2D Doblada,12:10,,,,https://multiplex.com.ar/peliculas/coyote-vs-acme/
GBA Norte,Multiplex,Multiplex Pilar,"Las Magnolias 754, Palmas del Pilar",Coyote vs. Acme,2D Doblada,14:20,,,,https://multiplex.com.ar/peliculas/coyote-vs-acme/
GBA Norte,Multiplex,Multiplex Pilar,"Las Magnolias 754, Palmas del Pilar",Coyote vs. Acme,2D Doblada,16:30,,,,https://multiplex.com.ar/peliculas/coyote-vs-acme/
GBA Norte,Multiplex,Multiplex Pilar,"Las Magnolias 754, Palmas del Pilar",Coyote vs. Acme,2D Doblada,18:40,,,,https://multiplex.com.ar/peliculas/coyote-vs-acme/
GBA Norte,Multiplex,Multiplex Pilar,"Las Magnolias 754, Palmas del Pilar",El árbol mágico,2D Doblada,12:20,,,,https://multiplex.com.ar/peliculas/el-arbol-magico/
GBA Norte,Multiplex,Multiplex Pilar,"Las Magnolias 754, Palmas del Pilar",El árbol mágico,2D Doblada,14:20,,,,https://multiplex.com.ar/peliculas/el-arbol-magico/
GBA Norte,Multiplex,Multiplex Pilar,"Las Magnolias 754, Palmas del Pilar",El Heladero: Dulce Sabor A Muerte,2D Doblada,23:10,,,,https://multiplex.com.ar/peliculas/el-heladero-dulce-sabor-a-muerte/
GBA Norte,Multiplex,Multiplex Pilar,"Las Magnolias 754, Palmas del Pilar",Hechizo de amor: La magia continúa,2D Doblada,15:50,,,,https://multiplex.com.ar/peliculas/hechizo-de-amor-la-magia-continua/
GBA Norte,Multiplex,Multiplex Pilar,"Las Magnolias 754, Palmas del Pilar",Hechizo de amor: La magia continúa,2D Subtitulada,18:20,,,,https://multiplex.com.ar/peliculas/hechizo-de-amor-la-magia-continua/
GBA Norte,Multiplex,Multiplex Pilar,"Las Magnolias 754, Palmas del Pilar",Ice Cream Man,2D Doblada,23:10,,,,https://cartelera.ar/pelicula/ice-cream-man
GBA Norte,Multiplex,Multiplex Pilar,"Las Magnolias 754, Palmas del Pilar",La noche del demonio: Están entre nosotros,2D Doblada,20:50,,,,https://multiplex.com.ar/peliculas/la-noche-del-demonio-estan-entre-nosotros/
GBA Norte,Multiplex,Multiplex Pilar,"Las Magnolias 754, Palmas del Pilar",La noche del demonio: Están entre nosotros,2D Doblada,23:00,,,,https://multiplex.com.ar/peliculas/la-noche-del-demonio-estan-entre-nosotros/
GBA Norte,Multiplex,Multiplex Pilar,"Las Magnolias 754, Palmas del Pilar",La Odisea,PLATINUM 2D Subtitulada,12:10,,,,https://multiplex.com.ar/peliculas/la-odisea/
GBA Norte,Multiplex,Multiplex Pilar,"Las Magnolias 754, Palmas del Pilar",La Odisea,PLATINUM 2D Subtitulada,15:30,,,,https://multiplex.com.ar/peliculas/la-odisea/
GBA Norte,Multiplex,Multiplex Pilar,"Las Magnolias 754, Palmas del Pilar",La Odisea,2D Subtitulada,16:20,,,,https://multiplex.com.ar/peliculas/la-odisea/
GBA Norte,Multiplex,Multiplex Pilar,"Las Magnolias 754, Palmas del Pilar",La Odisea,PLATINUM 2D Subtitulada,18:50,,,,https://multiplex.com.ar/peliculas/la-odisea/
GBA Norte,Multiplex,Multiplex Pilar,"Las Magnolias 754, Palmas del Pilar",La Odisea,2D Subtitulada,19:30,,,,https://multiplex.com.ar/peliculas/la-odisea/
GBA Norte,Multiplex,Multiplex Pilar,"Las Magnolias 754, Palmas del Pilar",La Odisea,PLATINUM 2D Subtitulada,22:10,,,,https://multiplex.com.ar/peliculas/la-odisea/
GBA Norte,Multiplex,Multiplex Pilar,"Las Magnolias 754, Palmas del Pilar",Minions & monstruos,2D Doblada,12:10,,,,https://multiplex.com.ar/peliculas/minions-monstruos/
GBA Norte,Multiplex,Multiplex Pilar,"Las Magnolias 754, Palmas del Pilar",Oasis: Dont Look Back In Anger,2D Subtitulada,22:20,,,,https://multiplex.com.ar/peliculas/oasis-dont-look-back-in-anger/
GBA Norte,Multiplex,Multiplex Pilar,"Las Magnolias 754, Palmas del Pilar",One Piece: La película,2D Doblada,15:00,,,,https://multiplex.com.ar/peliculas/one-piece-la-pelicula/
GBA Norte,Multiplex,Multiplex Pilar,"Las Magnolias 754, Palmas del Pilar",One Piece: La película,2D Doblada,16:20,,,,https://multiplex.com.ar/peliculas/one-piece-la-pelicula/
GBA Norte,Multiplex,Multiplex Pilar,"Las Magnolias 754, Palmas del Pilar",One Piece: La película,2D Doblada,17:40,,,,https://multiplex.com.ar/peliculas/one-piece-la-pelicula/
GBA Norte,Multiplex,Multiplex Pilar,"Las Magnolias 754, Palmas del Pilar",One Piece: La película,2D Subtitulada,19:00,,,,https://multiplex.com.ar/peliculas/one-piece-la-pelicula/
GBA Norte,Multiplex,Multiplex Pilar,"Las Magnolias 754, Palmas del Pilar",PAW Patrol: La Dino Película,2D Doblada,12:30,,,,https://multiplex.com.ar/peliculas/paw-patrol-la-dino-pelicula/
GBA Norte,Multiplex,Multiplex Pilar,"Las Magnolias 754, Palmas del Pilar",Pepita la Pistolera,2D Doblada,20:50,,,,https://multiplex.com.ar/peliculas/pepita-la-pistolera/
GBA Norte,Multiplex,Multiplex Pilar,"Las Magnolias 754, Palmas del Pilar",Pepita la Pistolera,2D Doblada,23:00,,,,https://multiplex.com.ar/peliculas/pepita-la-pistolera/
GBA Norte,Multiplex,Multiplex Pilar,"Las Magnolias 754, Palmas del Pilar",Resident Evil: Noche Cero,2D Doblada,13:10,,,,https://multiplex.com.ar/peliculas/resident-evil-noche-cero/
GBA Norte,Multiplex,Multiplex Pilar,"Las Magnolias 754, Palmas del Pilar",Resident Evil: Noche Cero,2D Doblada,15:10,,,,https://multiplex.com.ar/peliculas/resident-evil-noche-cero/
GBA Norte,Multiplex,Multiplex Pilar,"Las Magnolias 754, Palmas del Pilar",Resident Evil: Noche Cero,2D Doblada,17:10,,,,https://multiplex.com.ar/peliculas/resident-evil-noche-cero/
GBA Norte,Multiplex,Multiplex Pilar,"Las Magnolias 754, Palmas del Pilar",Resident Evil: Noche Cero,4D (2D) Doblada,18:30,,,,https://multiplex.com.ar/peliculas/resident-evil-noche-cero/
GBA Norte,Multiplex,Multiplex Pilar,"Las Magnolias 754, Palmas del Pilar",Resident Evil: Noche Cero,2D Subtitulada,19:10,,,,https://multiplex.com.ar/peliculas/resident-evil-noche-cero/
GBA Norte,Multiplex,Multiplex Pilar,"Las Magnolias 754, Palmas del Pilar",Resident Evil: Noche Cero,4D (2D) Doblada,20:30,,,,https://multiplex.com.ar/peliculas/resident-evil-noche-cero/
GBA Norte,Multiplex,Multiplex Pilar,"Las Magnolias 754, Palmas del Pilar",Resident Evil: Noche Cero,2D Doblada,21:10,,,,https://multiplex.com.ar/peliculas/resident-evil-noche-cero/
GBA Norte,Multiplex,Multiplex Pilar,"Las Magnolias 754, Palmas del Pilar",Resident Evil: Noche Cero,4D (2D) Doblada,22:30,,,,https://multiplex.com.ar/peliculas/resident-evil-noche-cero/
GBA Norte,Multiplex,Multiplex Pilar,"Las Magnolias 754, Palmas del Pilar",Resident Evil: Noche Cero,2D Doblada,23:10,,,,https://multiplex.com.ar/peliculas/resident-evil-noche-cero/
GBA Norte,Multiplex,Multiplex Pilar,"Las Magnolias 754, Palmas del Pilar",Spider-Man: Un nuevo día,4D (3D) Doblada,12:50,,,,https://multiplex.com.ar/peliculas/spider-man-un-dia-nuevo/
GBA Norte,Multiplex,Multiplex Pilar,"Las Magnolias 754, Palmas del Pilar",Spider-Man: Un nuevo día,2D Doblada,13:20,,,,https://multiplex.com.ar/peliculas/spider-man-un-dia-nuevo/
GBA Norte,Multiplex,Multiplex Pilar,"Las Magnolias 754, Palmas del Pilar",Spider-Man: Un nuevo día,2D Doblada,14:10,,,,https://multiplex.com.ar/peliculas/spider-man-un-dia-nuevo/
GBA Norte,Multiplex,Multiplex Pilar,"Las Magnolias 754, Palmas del Pilar",Spider-Man: Un nuevo día,4D (3D) Doblada,15:40,,,,https://multiplex.com.ar/peliculas/spider-man-un-dia-nuevo/
GBA Norte,Multiplex,Multiplex Pilar,"Las Magnolias 754, Palmas del Pilar",Spider-Man: Un nuevo día,2D Doblada,17:00,,,,https://multiplex.com.ar/peliculas/spider-man-un-dia-nuevo/
GBA Norte,Multiplex,Multiplex Pilar,"Las Magnolias 754, Palmas del Pilar",Spider-Man: Un nuevo día,2D Doblada,19:50,,,,https://multiplex.com.ar/peliculas/spider-man-un-dia-nuevo/
GBA Norte,Multiplex,Multiplex Pilar,"Las Magnolias 754, Palmas del Pilar",Spider-Man: Un nuevo día,2D Doblada,20:20,,,,https://multiplex.com.ar/peliculas/spider-man-un-dia-nuevo/
GBA Norte,Multiplex,Multiplex Pilar,"Las Magnolias 754, Palmas del Pilar",Spider-Man: Un nuevo día,2D Doblada,22:40,,,,https://multiplex.com.ar/peliculas/spider-man-un-dia-nuevo/
GBA Norte,Multiplex,Multiplex Pilar,"Las Magnolias 754, Palmas del Pilar",Tadeo : El Explorador Y La Lampara Maravillosa,2D Doblada,13:50,,,,https://multiplex.com.ar/peliculas/tadeo-el-explorador-y-la-lampara-maravillosa/
GBA Norte,Multiplex,Multiplex Pilar,"Las Magnolias 754, Palmas del Pilar",Toy Story 5,2D Doblada,13:00,,,,https://multiplex.com.ar/peliculas/toy-story-5/
GBA Norte,Multiplex,Multiplex Pilar,"Las Magnolias 754, Palmas del Pilar",Yo Narciso,2D Doblada,16:10,,,,https://multiplex.com.ar/peliculas/yo-narciso/
GBA Norte,Multiplex,Multiplex Pilar,"Las Magnolias 754, Palmas del Pilar",Yo Narciso,2D Doblada,18:10,,,,https://multiplex.com.ar/peliculas/yo-narciso/
GBA Norte,Multiplex,Multiplex Pilar,"Las Magnolias 754, Palmas del Pilar",Yo Narciso,2D Doblada,20:10,,,,https://multiplex.com.ar/peliculas/yo-narciso/
CABA,Cinépolis,Cinépolis Houssay,"Av. Corrientes 917, Buenos Aires",Afterburn (Zona cero),2D Subtitulada,23:10,,,,https://cartelera.ar/pelicula/afterburn-zona-cero
CABA,Cinépolis,Cinépolis Houssay,"Av. Corrientes 917, Buenos Aires",Hechizo de amor: La magia continúa,2D Doblada,16:30,,,,https://cartelera.ar/pelicula/hechizo-de-amor-la-magia-continua
CABA,Cinépolis,Cinépolis Houssay,"Av. Corrientes 917, Buenos Aires",Resident Evil: Noche Cero,2D Doblada,15:30,,,,https://cartelera.ar/pelicula/resident-evil-noche-cero
CABA,Cinépolis,Cinépolis Houssay,"Av. Corrientes 917, Buenos Aires",Resident Evil: Noche Cero,2D Doblada,18:00,,,,https://cartelera.ar/pelicula/resident-evil-noche-cero
CABA,Cinépolis,Cinépolis Houssay,"Av. Corrientes 917, Buenos Aires",Resident Evil: Noche Cero,2D Subtitulada,20:15,,,,https://cartelera.ar/pelicula/resident-evil-noche-cero
CABA,Cinépolis,Cinépolis Houssay,"Av. Corrientes 917, Buenos Aires",Resident Evil: Noche Cero,2D Subtitulada,22:45,,,,https://cartelera.ar/pelicula/resident-evil-noche-cero
CABA,Cinépolis,Cinépolis Houssay,"Av. Corrientes 917, Buenos Aires",Coyote vs. Acme,2D Doblada,12:35,,,,https://cartelera.ar/pelicula/coyote-vs-acme
CABA,Cinépolis,Cinépolis Houssay,"Av. Corrientes 917, Buenos Aires",Coyote vs. Acme,2D Subtitulada,15:00,,,,https://cartelera.ar/pelicula/coyote-vs-acme
CABA,Cinépolis,Cinépolis Houssay,"Av. Corrientes 917, Buenos Aires",Coyote vs. Acme,2D Subtitulada,17:20,,,,https://cartelera.ar/pelicula/coyote-vs-acme
CABA,Cinépolis,Cinépolis Houssay,"Av. Corrientes 917, Buenos Aires",Tres adioses,2D Subtitulada,19:30,,,,https://cartelera.ar/pelicula/tres-adioses
CABA,Cinépolis,Cinépolis Houssay,"Av. Corrientes 917, Buenos Aires",Tadeo : El Explorador Y La Lampara Maravillosa,2D Doblada,14:00,,,,https://cartelera.ar/pelicula/tadeo-el-explorador-y-la-lampara-maravillosa
CABA,Cinépolis,Cinépolis Houssay,"Av. Corrientes 917, Buenos Aires",El árbol mágico,2D Doblada,13:00,,,,https://cartelera.ar/pelicula/el-arbol-magico
CABA,Cinépolis,Cinépolis Houssay,"Av. Corrientes 917, Buenos Aires",El árbol mágico,2D Doblada,17:00,,,,https://cartelera.ar/pelicula/el-arbol-magico
GBA Sur,Multiplex,Multiplex Canning,"Formosa 653, Canning (Shopping Las Toscas)",Coyote vs. Acme,2D Doblada,13:00,,,,https://multiplex.com.ar/peliculas/coyote-vs-acme/
GBA Sur,Multiplex,Multiplex Canning,"Formosa 653, Canning (Shopping Las Toscas)",Coyote vs. Acme,2D Doblada,14:50,,,,https://multiplex.com.ar/peliculas/coyote-vs-acme/
GBA Sur,Multiplex,Multiplex Canning,"Formosa 653, Canning (Shopping Las Toscas)",Coyote vs. Acme,2D Doblada,17:20,,,,https://multiplex.com.ar/peliculas/coyote-vs-acme/
GBA Sur,Multiplex,Multiplex Canning,"Formosa 653, Canning (Shopping Las Toscas)",El árbol mágico,2D Doblada,12:40,,,,https://multiplex.com.ar/peliculas/el-arbol-magico/
GBA Sur,Multiplex,Multiplex Canning,"Formosa 653, Canning (Shopping Las Toscas)",El árbol mágico,2D Doblada,15:50,,,,https://multiplex.com.ar/peliculas/el-arbol-magico/
GBA Sur,Multiplex,Multiplex Canning,"Formosa 653, Canning (Shopping Las Toscas)",El Heladero: Dulce Sabor A Muerte,2D Doblada,22:45,,,,https://multiplex.com.ar/peliculas/el-heladero-dulce-sabor-a-muerte/
GBA Sur,Multiplex,Multiplex Canning,"Formosa 653, Canning (Shopping Las Toscas)",Hechizo de amor: La magia continúa,2D Doblada,20:00,,,,https://multiplex.com.ar/peliculas/hechizo-de-amor-la-magia-continua/
GBA Sur,Multiplex,Multiplex Canning,"Formosa 653, Canning (Shopping Las Toscas)",Ice Cream Man,2D Doblada,22:45,,,,https://cartelera.ar/pelicula/ice-cream-man
GBA Sur,Multiplex,Multiplex Canning,"Formosa 653, Canning (Shopping Las Toscas)",La noche del demonio: Están entre nosotros,2D Doblada,20:40,,,,https://multiplex.com.ar/peliculas/la-noche-del-demonio-estan-entre-nosotros/
GBA Sur,Multiplex,Multiplex Canning,"Formosa 653, Canning (Shopping Las Toscas)",La noche del demonio: Están entre nosotros,2D Doblada,23:00,,,,https://multiplex.com.ar/peliculas/la-noche-del-demonio-estan-entre-nosotros/
GBA Sur,Multiplex,Multiplex Canning,"Formosa 653, Canning (Shopping Las Toscas)",La Odisea,4D (2D) Doblada,15:40,,,,https://multiplex.com.ar/peliculas/la-odisea/
GBA Sur,Multiplex,Multiplex Canning,"Formosa 653, Canning (Shopping Las Toscas)",La Odisea,2D Doblada,19:30,,,,https://multiplex.com.ar/peliculas/la-odisea/
GBA Sur,Multiplex,Multiplex Canning,"Formosa 653, Canning (Shopping Las Toscas)",Minions & monstruos,2D Doblada,13:00,,,,https://multiplex.com.ar/peliculas/minions-monstruos/
GBA Sur,Multiplex,Multiplex Canning,"Formosa 653, Canning (Shopping Las Toscas)",Obsesión,2D Doblada,22:45,,,,https://multiplex.com.ar/peliculas/obsesion/
GBA Sur,Multiplex,Multiplex Canning,"Formosa 653, Canning (Shopping Las Toscas)",One Piece: La película,2D Doblada,16:00,,,,https://multiplex.com.ar/peliculas/one-piece-la-pelicula/
GBA Sur,Multiplex,Multiplex Canning,"Formosa 653, Canning (Shopping Las Toscas)",Resident Evil: Noche Cero,2D Doblada,17:00,,,,https://multiplex.com.ar/peliculas/resident-evil-noche-cero/
GBA Sur,Multiplex,Multiplex Canning,"Formosa 653, Canning (Shopping Las Toscas)",Resident Evil: Noche Cero,4D (2D) Doblada,18:50,,,,https://multiplex.com.ar/peliculas/resident-evil-noche-cero/
GBA Sur,Multiplex,Multiplex Canning,"Formosa 653, Canning (Shopping Las Toscas)",Resident Evil: Noche Cero,2D Doblada,19:00,,,,https://multiplex.com.ar/peliculas/resident-evil-noche-cero/
GBA Sur,Multiplex,Multiplex Canning,"Formosa 653, Canning (Shopping Las Toscas)",Resident Evil: Noche Cero,4D (2D) Doblada,20:40,,,,https://multiplex.com.ar/peliculas/resident-evil-noche-cero/
GBA Sur,Multiplex,Multiplex Canning,"Formosa 653, Canning (Shopping Las Toscas)",Resident Evil: Noche Cero,2D Doblada,21:00,,,,https://multiplex.com.ar/peliculas/resident-evil-noche-cero/
GBA Sur,Multiplex,Multiplex Canning,"Formosa 653, Canning (Shopping Las Toscas)",Resident Evil: Noche Cero,4D (2D) Doblada,22:30,,,,https://multiplex.com.ar/peliculas/resident-evil-noche-cero/
GBA Sur,Multiplex,Multiplex Canning,"Formosa 653, Canning (Shopping Las Toscas)",Resident Evil: Noche Cero,2D Doblada,23:00,,,,https://multiplex.com.ar/peliculas/resident-evil-noche-cero/
GBA Sur,Multiplex,Multiplex Canning,"Formosa 653, Canning (Shopping Las Toscas)",Spider-Man: Un nuevo día,4D (3D) Doblada,13:00,,,,https://multiplex.com.ar/peliculas/spider-man-un-dia-nuevo/
GBA Sur,Multiplex,Multiplex Canning,"Formosa 653, Canning (Shopping Las Toscas)",Spider-Man: Un nuevo día,2D Doblada,13:10,,,,https://multiplex.com.ar/peliculas/spider-man-un-dia-nuevo/
GBA Sur,Multiplex,Multiplex Canning,"Formosa 653, Canning (Shopping Las Toscas)",Spider-Man: Un nuevo día,2D Doblada,15:10,,,,https://multiplex.com.ar/peliculas/spider-man-un-dia-nuevo/
GBA Sur,Multiplex,Multiplex Canning,"Formosa 653, Canning (Shopping Las Toscas)",Spider-Man: Un nuevo día,2D Doblada,17:00,,,,https://multiplex.com.ar/peliculas/spider-man-un-dia-nuevo/
GBA Sur,Multiplex,Multiplex Canning,"Formosa 653, Canning (Shopping Las Toscas)",Spider-Man: Un nuevo día,2D Doblada,18:00,,,,https://multiplex.com.ar/peliculas/spider-man-un-dia-nuevo/
GBA Sur,Multiplex,Multiplex Canning,"Formosa 653, Canning (Shopping Las Toscas)",Spider-Man: Un nuevo día,2D Doblada,20:00,,,,https://multiplex.com.ar/peliculas/spider-man-un-dia-nuevo/
GBA Sur,Multiplex,Multiplex Canning,"Formosa 653, Canning (Shopping Las Toscas)",Spider-Man: Un nuevo día,2D Doblada,22:30,,,,https://multiplex.com.ar/peliculas/spider-man-un-dia-nuevo/
GBA Sur,Multiplex,Multiplex Canning,"Formosa 653, Canning (Shopping Las Toscas)",Tadeo : El Explorador Y La Lampara Maravillosa,2D Doblada,13:40,,,,https://multiplex.com.ar/peliculas/tadeo-el-explorador-y-la-lampara-maravillosa/
GBA Sur,Multiplex,Multiplex Canning,"Formosa 653, Canning (Shopping Las Toscas)",Toy Story 5,2D Doblada,14:50,,,,https://multiplex.com.ar/peliculas/toy-story-5/
GBA Sur,Multiplex,Multiplex Canning,"Formosa 653, Canning (Shopping Las Toscas)",Yo Narciso,2D Doblada,18:00,,,,https://multiplex.com.ar/peliculas/yo-narciso/
GBA Norte,Cinépolis,Cinépolis Pilar,"Panamericana Km. 50, Pilar",La Odisea,2D Subtitulada,19:00,,,,https://cartelera.ar/pelicula/la-odisea
GBA Norte,Cinépolis,Cinépolis Pilar,"Panamericana Km. 50, Pilar",La Odisea,2D Subtitulada,22:30,,,,https://cartelera.ar/pelicula/la-odisea
GBA Norte,Cinépolis,Cinépolis Pilar,"Panamericana Km. 50, Pilar",Spider-Man: Un nuevo día,3D Doblada,15:50,,,,https://cartelera.ar/pelicula/spider-man-un-nuevo-dia
GBA Norte,Cinépolis,Cinépolis Pilar,"Panamericana Km. 50, Pilar",Spider-Man: Un nuevo día,2D Subtitulada,16:50,,,,https://cartelera.ar/pelicula/spider-man-un-nuevo-dia
GBA Norte,Cinépolis,Cinépolis Pilar,"Panamericana Km. 50, Pilar",Spider-Man: Un nuevo día,2D Doblada,22:20,,,,https://cartelera.ar/pelicula/spider-man-un-nuevo-dia
GBA Norte,Cinépolis,Cinépolis Pilar,"Panamericana Km. 50, Pilar",Toy Story 5,2D Doblada,15:10,,,,https://cartelera.ar/pelicula/toy-story-5
GBA Norte,Cinépolis,Cinépolis Pilar,"Panamericana Km. 50, Pilar",Minions & monstruos,2D Doblada,14:30,,,,https://cartelera.ar/pelicula/minions-monstruos
GBA Norte,Cinépolis,Cinépolis Pilar,"Panamericana Km. 50, Pilar",PAW Patrol: La Dino Película,2D Doblada,13:00,,,,https://cartelera.ar/pelicula/paw-patrol-la-dino-pelicula
GBA Norte,Cinépolis,Cinépolis Pilar,"Panamericana Km. 50, Pilar",La noche del demonio: Están entre nosotros,2D Doblada,17:40,,,,https://cartelera.ar/pelicula/la-noche-del-demonio-estan-entre-nosotros
GBA Norte,Cinépolis,Cinépolis Pilar,"Panamericana Km. 50, Pilar",La noche del demonio: Están entre nosotros,2D Doblada,20:10,,,,https://cartelera.ar/pelicula/la-noche-del-demonio-estan-entre-nosotros
GBA Norte,Cinépolis,Cinépolis Pilar,"Panamericana Km. 50, Pilar",La noche del demonio: Están entre nosotros,2D Doblada,22:45,,,,https://cartelera.ar/pelicula/la-noche-del-demonio-estan-entre-nosotros
GBA Norte,Cinépolis,Cinépolis Pilar,"Panamericana Km. 50, Pilar",Hechizo de amor: La magia continúa,2D Doblada,16:45,,,,https://cartelera.ar/pelicula/hechizo-de-amor-la-magia-continua
GBA Norte,Cinépolis,Cinépolis Pilar,"Panamericana Km. 50, Pilar",Hechizo de amor: La magia continúa,2D Subtitulada,19:30,,,,https://cartelera.ar/pelicula/hechizo-de-amor-la-magia-continua
GBA Norte,Cinépolis,Cinépolis Pilar,"Panamericana Km. 50, Pilar",Código: Venganza,2D Doblada,22:50,,,,https://cartelera.ar/pelicula/codigo-venganza
GBA Norte,Cinépolis,Cinépolis Pilar,"Panamericana Km. 50, Pilar",Resident Evil: Noche Cero,2D Doblada,13:30,,,,https://cartelera.ar/pelicula/resident-evil-noche-cero
GBA Norte,Cinépolis,Cinépolis Pilar,"Panamericana Km. 50, Pilar",Resident Evil: Noche Cero,2D Doblada,14:00,,,,https://cartelera.ar/pelicula/resident-evil-noche-cero
GBA Norte,Cinépolis,Cinépolis Pilar,"Panamericana Km. 50, Pilar",Resident Evil: Noche Cero,2D Doblada,16:10,,,,https://cartelera.ar/pelicula/resident-evil-noche-cero
GBA Norte,Cinépolis,Cinépolis Pilar,"Panamericana Km. 50, Pilar",Resident Evil: Noche Cero,2D Doblada,18:20,,,,https://cartelera.ar/pelicula/resident-evil-noche-cero
GBA Norte,Cinépolis,Cinépolis Pilar,"Panamericana Km. 50, Pilar",Resident Evil: Noche Cero,2D Doblada,20:00,,,,https://cartelera.ar/pelicula/resident-evil-noche-cero
GBA Norte,Cinépolis,Cinépolis Pilar,"Panamericana Km. 50, Pilar",Resident Evil: Noche Cero,2D Subtitulada,20:40,,,,https://cartelera.ar/pelicula/resident-evil-noche-cero
GBA Norte,Cinépolis,Cinépolis Pilar,"Panamericana Km. 50, Pilar",Resident Evil: Noche Cero,2D Subtitulada,22:30,,,,https://cartelera.ar/pelicula/resident-evil-noche-cero
GBA Norte,Cinépolis,Cinépolis Pilar,"Panamericana Km. 50, Pilar",Resident Evil: Noche Cero,2D Doblada,23:00,,,,https://cartelera.ar/pelicula/resident-evil-noche-cero
GBA Norte,Cinépolis,Cinépolis Pilar,"Panamericana Km. 50, Pilar",Terminator 2: El juicio final,2D Subtitulada,23:00,,,,https://cartelera.ar/pelicula/terminator-2-el-juicio-final
GBA Norte,Cinépolis,Cinépolis Pilar,"Panamericana Km. 50, Pilar",One Piece: La película,2D Doblada,13:10,,,,https://cartelera.ar/pelicula/one-piece-la-pelicula
GBA Norte,Cinépolis,Cinépolis Pilar,"Panamericana Km. 50, Pilar",One Piece: La película,2D Doblada,15:00,,,,https://cartelera.ar/pelicula/one-piece-la-pelicula
GBA Norte,Cinépolis,Cinépolis Pilar,"Panamericana Km. 50, Pilar",One Piece: La película,2D Subtitulada,21:00,,,,https://cartelera.ar/pelicula/one-piece-la-pelicula
GBA Norte,Cinépolis,Cinépolis Pilar,"Panamericana Km. 50, Pilar",Coyote vs. Acme,2D Doblada,13:00,,,,https://cartelera.ar/pelicula/coyote-vs-acme
GBA Norte,Cinépolis,Cinépolis Pilar,"Panamericana Km. 50, Pilar",Coyote vs. Acme,2D Doblada,15:20,,,,https://cartelera.ar/pelicula/coyote-vs-acme
GBA Norte,Cinépolis,Cinépolis Pilar,"Panamericana Km. 50, Pilar",Coyote vs. Acme,2D Doblada,17:40,,,,https://cartelera.ar/pelicula/coyote-vs-acme
GBA Norte,Cinépolis,Cinépolis Pilar,"Panamericana Km. 50, Pilar",Coyote vs. Acme,2D Doblada,20:00,,,,https://cartelera.ar/pelicula/coyote-vs-acme
GBA Norte,Cinépolis,Cinépolis Pilar,"Panamericana Km. 50, Pilar",Yo Narciso,2D Doblada,22:30,,,,https://cartelera.ar/pelicula/yo-narciso
GBA Norte,Cinépolis,Cinépolis Pilar,"Panamericana Km. 50, Pilar",Oasis: Dont Look Back In Anger,2D Subtitulada,20:20,,,,https://cartelera.ar/pelicula/oasis-dont-look-back-in-anger
GBA Norte,Cinépolis,Cinépolis Pilar,"Panamericana Km. 50, Pilar",Tadeo : El Explorador Y La Lampara Maravillosa,2D Doblada,13:30,,,,https://cartelera.ar/pelicula/tadeo-el-explorador-y-la-lampara-maravillosa
GBA Norte,Cinépolis,Cinépolis Pilar,"Panamericana Km. 50, Pilar",Tadeo : El Explorador Y La Lampara Maravillosa,2D Doblada,15:45,,,,https://cartelera.ar/pelicula/tadeo-el-explorador-y-la-lampara-maravillosa
GBA Norte,Cinépolis,Cinépolis Pilar,"Panamericana Km. 50, Pilar",Tadeo : El Explorador Y La Lampara Maravillosa,2D Doblada,18:10,,,,https://cartelera.ar/pelicula/tadeo-el-explorador-y-la-lampara-maravillosa
GBA Norte,Cinépolis,Cinépolis Pilar,"Panamericana Km. 50, Pilar",El árbol mágico,2D Doblada,13:00,,,,https://cartelera.ar/pelicula/el-arbol-magico
GBA Norte,Cinépolis,Cinépolis Pilar,"Panamericana Km. 50, Pilar",El árbol mágico,2D Doblada,15:30,,,,https://cartelera.ar/pelicula/el-arbol-magico
GBA Norte,Cinépolis,Cinépolis Pilar,"Panamericana Km. 50, Pilar",El árbol mágico,2D Doblada,17:50,,,,https://cartelera.ar/pelicula/el-arbol-magico
CABA,Multiplex,Multiplex Lavalle,"Lavalle 780, CABA",Afterburn (Zona cero),2D Doblada,22:45,,,,https://multiplex.com.ar/peliculas/zona-cero/
CABA,Multiplex,Multiplex Lavalle,"Lavalle 780, CABA",Coyote vs. Acme,2D Doblada,13:30,,,,https://multiplex.com.ar/peliculas/coyote-vs-acme/
CABA,Multiplex,Multiplex Lavalle,"Lavalle 780, CABA",Coyote vs. Acme,2D Doblada,15:40,,,,https://multiplex.com.ar/peliculas/coyote-vs-acme/
CABA,Multiplex,Multiplex Lavalle,"Lavalle 780, CABA",Coyote vs. Acme,2D Doblada,17:50,,,,https://multiplex.com.ar/peliculas/coyote-vs-acme/
CABA,Multiplex,Multiplex Lavalle,"Lavalle 780, CABA",Coyote vs. Acme,2D Doblada,20:00,,,,https://multiplex.com.ar/peliculas/coyote-vs-acme/
CABA,Multiplex,Multiplex Lavalle,"Lavalle 780, CABA",El árbol mágico,2D Doblada,13:00,,,,https://multiplex.com.ar/peliculas/el-arbol-magico/
CABA,Multiplex,Multiplex Lavalle,"Lavalle 780, CABA",El árbol mágico,2D Doblada,15:00,,,,https://multiplex.com.ar/peliculas/el-arbol-magico/
CABA,Multiplex,Multiplex Lavalle,"Lavalle 780, CABA",El árbol mágico,2D Doblada,17:05,,,,https://multiplex.com.ar/peliculas/el-arbol-magico/
CABA,Multiplex,Multiplex Lavalle,"Lavalle 780, CABA",El Heladero: Dulce Sabor A Muerte,2D Doblada,23:00,,,,https://multiplex.com.ar/peliculas/el-heladero-dulce-sabor-a-muerte/
CABA,Multiplex,Multiplex Lavalle,"Lavalle 780, CABA",Hechizo de amor: La magia continúa,2D Doblada,16:50,,,,https://multiplex.com.ar/peliculas/hechizo-de-amor-la-magia-continua/
CABA,Multiplex,Multiplex Lavalle,"Lavalle 780, CABA",Ice Cream Man,2D Doblada,23:00,,,,https://cartelera.ar/pelicula/ice-cream-man
CABA,Multiplex,Multiplex Lavalle,"Lavalle 780, CABA",La noche del demonio: Están entre nosotros,2D Doblada,13:00,,,,https://multiplex.com.ar/peliculas/la-noche-del-demonio-estan-entre-nosotros/
CABA,Multiplex,Multiplex Lavalle,"Lavalle 780, CABA",La noche del demonio: Están entre nosotros,2D Doblada,19:15,,,,https://multiplex.com.ar/peliculas/la-noche-del-demonio-estan-entre-nosotros/
CABA,Multiplex,Multiplex Lavalle,"Lavalle 780, CABA",La noche del demonio: Están entre nosotros,2D Doblada,21:15,,,,https://multiplex.com.ar/peliculas/la-noche-del-demonio-estan-entre-nosotros/
CABA,Multiplex,Multiplex Lavalle,"Lavalle 780, CABA",La noche del demonio: Están entre nosotros,2D Doblada,23:15,,,,https://multiplex.com.ar/peliculas/la-noche-del-demonio-estan-entre-nosotros/
CABA,Multiplex,Multiplex Lavalle,"Lavalle 780, CABA",La Odisea,2D Doblada,19:30,,,,https://multiplex.com.ar/peliculas/la-odisea/
CABA,Multiplex,Multiplex Lavalle,"Lavalle 780, CABA",Oasis: Dont Look Back In Anger,2D Subtitulada,22:05,,,,https://multiplex.com.ar/peliculas/oasis-dont-look-back-in-anger/
CABA,Multiplex,Multiplex Lavalle,"Lavalle 780, CABA",One Piece: La película,2D Doblada,13:05,,,,https://multiplex.com.ar/peliculas/one-piece-la-pelicula/
CABA,Multiplex,Multiplex Lavalle,"Lavalle 780, CABA",One Piece: La película,2D Doblada,14:20,,,,https://multiplex.com.ar/peliculas/one-piece-la-pelicula/
CABA,Multiplex,Multiplex Lavalle,"Lavalle 780, CABA",One Piece: La película,2D Subtitulada,15:35,,,,https://multiplex.com.ar/peliculas/one-piece-la-pelicula/
CABA,Multiplex,Multiplex Lavalle,"Lavalle 780, CABA",One Piece: La película,2D Doblada,16:50,,,,https://multiplex.com.ar/peliculas/one-piece-la-pelicula/
CABA,Multiplex,Multiplex Lavalle,"Lavalle 780, CABA",One Piece: La película,2D Subtitulada,18:10,,,,https://multiplex.com.ar/peliculas/one-piece-la-pelicula/
CABA,Multiplex,Multiplex Lavalle,"Lavalle 780, CABA",Pepita la Pistolera,2D Doblada,21:00,,,,https://multiplex.com.ar/peliculas/pepita-la-pistolera/
CABA,Multiplex,Multiplex Lavalle,"Lavalle 780, CABA",Resident Evil: Noche Cero,4D (2D) Doblada,13:00,,,,https://multiplex.com.ar/peliculas/resident-evil-noche-cero/
CABA,Multiplex,Multiplex Lavalle,"Lavalle 780, CABA",Resident Evil: Noche Cero,2D Doblada,14:00,,,,https://multiplex.com.ar/peliculas/resident-evil-noche-cero/
CABA,Multiplex,Multiplex Lavalle,"Lavalle 780, CABA",Resident Evil: Noche Cero,4D (2D) Doblada,14:50,,,,https://multiplex.com.ar/peliculas/resident-evil-noche-cero/
CABA,Multiplex,Multiplex Lavalle,"Lavalle 780, CABA",Resident Evil: Noche Cero,2D Doblada,15:50,,,,https://multiplex.com.ar/peliculas/resident-evil-noche-cero/
CABA,Multiplex,Multiplex Lavalle,"Lavalle 780, CABA",Resident Evil: Noche Cero,4D (2D) Doblada,16:40,,,,https://multiplex.com.ar/peliculas/resident-evil-noche-cero/
CABA,Multiplex,Multiplex Lavalle,"Lavalle 780, CABA",Resident Evil: Noche Cero,2D Doblada,17:40,,,,https://multiplex.com.ar/peliculas/resident-evil-noche-cero/
CABA,Multiplex,Multiplex Lavalle,"Lavalle 780, CABA",Resident Evil: Noche Cero,4D (2D) Doblada,18:30,,,,https://multiplex.com.ar/peliculas/resident-evil-noche-cero/
CABA,Multiplex,Multiplex Lavalle,"Lavalle 780, CABA",Resident Evil: Noche Cero,2D Doblada,19:30,,,,https://multiplex.com.ar/peliculas/resident-evil-noche-cero/
CABA,Multiplex,Multiplex Lavalle,"Lavalle 780, CABA",Resident Evil: Noche Cero,4D (2D) Doblada,20:20,,,,https://multiplex.com.ar/peliculas/resident-evil-noche-cero/
CABA,Multiplex,Multiplex Lavalle,"Lavalle 780, CABA",Resident Evil: Noche Cero,2D Doblada,21:20,,,,https://multiplex.com.ar/peliculas/resident-evil-noche-cero/
CABA,Multiplex,Multiplex Lavalle,"Lavalle 780, CABA",Resident Evil: Noche Cero,4D (2D) Doblada,22:10,,,,https://multiplex.com.ar/peliculas/resident-evil-noche-cero/
CABA,Multiplex,Multiplex Lavalle,"Lavalle 780, CABA",Resident Evil: Noche Cero,2D Doblada,23:10,,,,https://multiplex.com.ar/peliculas/resident-evil-noche-cero/
CABA,Multiplex,Multiplex Lavalle,"Lavalle 780, CABA",Spider-Man: Un nuevo día,3D Doblada,14:20,,,,https://multiplex.com.ar/peliculas/spider-man-un-dia-nuevo/
CABA,Multiplex,Multiplex Lavalle,"Lavalle 780, CABA",Spider-Man: Un nuevo día,3D Doblada,17:00,,,,https://multiplex.com.ar/peliculas/spider-man-un-dia-nuevo/
CABA,Multiplex,Multiplex Lavalle,"Lavalle 780, CABA",Spider-Man: Un nuevo día,3D Doblada,19:45,,,,https://multiplex.com.ar/peliculas/spider-man-un-dia-nuevo/
CABA,Multiplex,Multiplex Lavalle,"Lavalle 780, CABA",Spider-Man: Un nuevo día,3D Doblada,22:30,,,,https://multiplex.com.ar/peliculas/spider-man-un-dia-nuevo/
CABA,Multiplex,Multiplex Lavalle,"Lavalle 780, CABA",Tadeo : El Explorador Y La Lampara Maravillosa,2D Doblada,15:00,,,,https://multiplex.com.ar/peliculas/tadeo-el-explorador-y-la-lampara-maravillosa/
CABA,Multiplex,Multiplex Lavalle,"Lavalle 780, CABA",Yo Narciso,2D Doblada,19:10,,,,https://multiplex.com.ar/peliculas/yo-narciso/
CABA,Multiplex,Multiplex Belgrano,"Vuelta de Obligado 2199, Belgrano",Coyote vs. Acme,COMFORT PLUS 2D Doblada,13:00,,,,https://multiplex.com.ar/peliculas/coyote-vs-acme/
CABA,Multiplex,Multiplex Belgrano,"Vuelta de Obligado 2199, Belgrano",Coyote vs. Acme,COMFORT PLUS 2D Doblada,15:05,,,,https://multiplex.com.ar/peliculas/coyote-vs-acme/
CABA,Multiplex,Multiplex Belgrano,"Vuelta de Obligado 2199, Belgrano",Coyote vs. Acme,2D Doblada,17:00,,,,https://multiplex.com.ar/peliculas/coyote-vs-acme/
CABA,Multiplex,Multiplex Belgrano,"Vuelta de Obligado 2199, Belgrano",Coyote vs. Acme,2D + COMFORT PLUS Subtitulada,17:50,,,,https://multiplex.com.ar/peliculas/coyote-vs-acme/
CABA,Multiplex,Multiplex Belgrano,"Vuelta de Obligado 2199, Belgrano",Coyote vs. Acme,2D Subtitulada,20:30,,,,https://multiplex.com.ar/peliculas/coyote-vs-acme/
CABA,Multiplex,Multiplex Belgrano,"Vuelta de Obligado 2199, Belgrano",Coyote vs. Acme,2D Subtitulada,22:35,,,,https://multiplex.com.ar/peliculas/coyote-vs-acme/
CABA,Multiplex,Multiplex Belgrano,"Vuelta de Obligado 2199, Belgrano",El árbol mágico,COMFORT PLUS 2D Doblada,13:40,,,,https://multiplex.com.ar/peliculas/el-arbol-magico/
CABA,Multiplex,Multiplex Belgrano,"Vuelta de Obligado 2199, Belgrano",El árbol mágico,2D Doblada,18:45,,,,https://multiplex.com.ar/peliculas/el-arbol-magico/
CABA,Multiplex,Multiplex Belgrano,"Vuelta de Obligado 2199, Belgrano",Hechizo de amor: La magia continúa,COMFORT PLUS 2D Subtitulada,15:15,,,,https://multiplex.com.ar/peliculas/hechizo-de-amor-la-magia-continua/
CABA,Multiplex,Multiplex Belgrano,"Vuelta de Obligado 2199, Belgrano",Hechizo de amor: La magia continúa,2D Subtitulada,20:05,,,,https://multiplex.com.ar/peliculas/hechizo-de-amor-la-magia-continua/
CABA,Multiplex,Multiplex Belgrano,"Vuelta de Obligado 2199, Belgrano",Hechizo de amor: La magia continúa,COMFORT PLUS 2D Subtitulada,22:40,,,,https://multiplex.com.ar/peliculas/hechizo-de-amor-la-magia-continua/
CABA,Multiplex,Multiplex Belgrano,"Vuelta de Obligado 2199, Belgrano",La invitación,2D Subtitulada,16:00,,,,https://multiplex.com.ar/peliculas/la-invitacion/
CABA,Multiplex,Multiplex Belgrano,"Vuelta de Obligado 2199, Belgrano",La invitación,COMFORT PLUS 2D Subtitulada,17:55,,,,https://multiplex.com.ar/peliculas/la-invitacion/
CABA,Multiplex,Multiplex Belgrano,"Vuelta de Obligado 2199, Belgrano",La invitación,COMFORT PLUS 2D Subtitulada,20:05,,,,https://multiplex.com.ar/peliculas/la-invitacion/
CABA,Multiplex,Multiplex Belgrano,"Vuelta de Obligado 2199, Belgrano",La Odisea,COMFORT PLUS 2D Subtitulada,17:10,,,,https://multiplex.com.ar/peliculas/la-odisea/
CABA,Multiplex,Multiplex Belgrano,"Vuelta de Obligado 2199, Belgrano",La Odisea,4D + 2D Subtitulada,18:20,,,,https://multiplex.com.ar/peliculas/la-odisea/
CABA,Multiplex,Multiplex Belgrano,"Vuelta de Obligado 2199, Belgrano",La Odisea,COMFORT PLUS 2D Subtitulada,20:30,,,,https://multiplex.com.ar/peliculas/la-odisea/
CABA,Multiplex,Multiplex Belgrano,"Vuelta de Obligado 2199, Belgrano",La Odisea,4D + 2D Subtitulada,21:35,,,,https://multiplex.com.ar/peliculas/la-odisea/
CABA,Multiplex,Multiplex Belgrano,"Vuelta de Obligado 2199, Belgrano",La Odisea,2D + COMFORT PLUS Subtitulada,22:10,,,,https://multiplex.com.ar/peliculas/la-odisea/
CABA,Multiplex,Multiplex Belgrano,"Vuelta de Obligado 2199, Belgrano",Los Colores Del Tiempo,2D + COMFORT PLUS Subtitulada,13:00,,,,https://multiplex.com.ar/peliculas/los-colores-del-tiempo/
CABA,Multiplex,Multiplex Belgrano,"Vuelta de Obligado 2199, Belgrano",Los Colores Del Tiempo,2D + COMFORT PLUS Subtitulada,15:25,,,,https://multiplex.com.ar/peliculas/los-colores-del-tiempo/
CABA,Multiplex,Multiplex Belgrano,"Vuelta de Obligado 2199, Belgrano",Los Colores Del Tiempo,COMFORT PLUS 2D Subtitulada,17:35,,,,https://multiplex.com.ar/peliculas/los-colores-del-tiempo/
CABA,Multiplex,Multiplex Belgrano,"Vuelta de Obligado 2199, Belgrano",Minions & monstruos,2D Doblada,15:00,,,,https://multiplex.com.ar/peliculas/minions-monstruos/
CABA,Multiplex,Multiplex Belgrano,"Vuelta de Obligado 2199, Belgrano",Oasis: Dont Look Back In Anger,COMFORT PLUS 2D Subtitulada,20:00,,,,https://multiplex.com.ar/peliculas/oasis-dont-look-back-in-anger/
CABA,Multiplex,Multiplex Belgrano,"Vuelta de Obligado 2199, Belgrano",Obsesión,2D Subtitulada,22:45,,,,https://multiplex.com.ar/peliculas/obsesion/
CABA,Multiplex,Multiplex Belgrano,"Vuelta de Obligado 2199, Belgrano",One Piece: La película,2D Subtitulada,19:10,,,,https://multiplex.com.ar/peliculas/one-piece-la-pelicula/
CABA,Multiplex,Multiplex Belgrano,"Vuelta de Obligado 2199, Belgrano",PAW Patrol: La Dino Película,2D Doblada,13:15,,,,https://multiplex.com.ar/peliculas/paw-patrol-la-dino-pelicula/
CABA,Multiplex,Multiplex Belgrano,"Vuelta de Obligado 2199, Belgrano",Pepita la Pistolera,2D Doblada,13:55,,,,https://multiplex.com.ar/peliculas/pepita-la-pistolera/
CABA,Multiplex,Multiplex Belgrano,"Vuelta de Obligado 2199, Belgrano",Pepita la Pistolera,2D Doblada,20:45,,,,https://multiplex.com.ar/peliculas/pepita-la-pistolera/
CABA,Multiplex,Multiplex Belgrano,"Vuelta de Obligado 2199, Belgrano",Pepita la Pistolera,COMFORT PLUS 2D Doblada,22:25,,,,https://multiplex.com.ar/peliculas/pepita-la-pistolera/
CABA,Multiplex,Multiplex Belgrano,"Vuelta de Obligado 2199, Belgrano",Resident Evil: Noche Cero,COMFORT PLUS 2D Subtitulada,15:50,,,,https://multiplex.com.ar/peliculas/resident-evil-noche-cero/
CABA,Multiplex,Multiplex Belgrano,"Vuelta de Obligado 2199, Belgrano",Resident Evil: Noche Cero,2D Subtitulada,18:10,,,,https://multiplex.com.ar/peliculas/resident-evil-noche-cero/
CABA,Multiplex,Multiplex Belgrano,"Vuelta de Obligado 2199, Belgrano",Resident Evil: Noche Cero,2D Subtitulada,22:30,,,,https://multiplex.com.ar/peliculas/resident-evil-noche-cero/
CABA,Multiplex,Multiplex Belgrano,"Vuelta de Obligado 2199, Belgrano",Spider-Man: Un nuevo día,4D + 3D Doblada,13:00,,,,https://multiplex.com.ar/peliculas/spider-man-un-dia-nuevo/
CABA,Multiplex,Multiplex Belgrano,"Vuelta de Obligado 2199, Belgrano",Spider-Man: Un nuevo día,4D + 3D Doblada,15:40,,,,https://multiplex.com.ar/peliculas/spider-man-un-dia-nuevo/
CABA,Multiplex,Multiplex Belgrano,"Vuelta de Obligado 2199, Belgrano",Toy Story 5,2D Doblada,16:45,,,,https://multiplex.com.ar/peliculas/toy-story-5/
CABA,Multiplex,Multiplex Belgrano,"Vuelta de Obligado 2199, Belgrano",Tres adioses,COMFORT PLUS 2D Subtitulada,13:00,,,,https://multiplex.com.ar/peliculas/tres-adioses/
CABA,Multiplex,Multiplex Belgrano,"Vuelta de Obligado 2199, Belgrano",Tres adioses,COMFORT PLUS 2D Subtitulada,15:15,,,,https://multiplex.com.ar/peliculas/tres-adioses/
CABA,Multiplex,Multiplex Belgrano,"Vuelta de Obligado 2199, Belgrano",Tres adioses,COMFORT PLUS 2D Subtitulada,17:45,,,,https://multiplex.com.ar/peliculas/tres-adioses/
CABA,Multiplex,Multiplex Belgrano,"Vuelta de Obligado 2199, Belgrano",Tres adioses,2D + COMFORT PLUS Subtitulada,19:55,,,,https://multiplex.com.ar/peliculas/tres-adioses/
CABA,Multiplex,Multiplex Belgrano,"Vuelta de Obligado 2199, Belgrano",Tres adioses,COMFORT PLUS 2D Subtitulada,22:30,,,,https://multiplex.com.ar/peliculas/tres-adioses/
CABA,Multiplex,Multiplex Belgrano,"Vuelta de Obligado 2199, Belgrano",Una quinta en Portugal,COMFORT PLUS 2D Subtitulada,13:05,,,,https://multiplex.com.ar/peliculas/una-quinta-en-portugal/
CABA,Multiplex,Multiplex Belgrano,"Vuelta de Obligado 2199, Belgrano",Una quinta en Portugal,COMFORT PLUS 2D Subtitulada,17:50,,,,https://multiplex.com.ar/peliculas/una-quinta-en-portugal/
CABA,Multiplex,Multiplex Belgrano,"Vuelta de Obligado 2199, Belgrano",Una quinta en Portugal,COMFORT PLUS 2D Subtitulada,20:10,,,,https://multiplex.com.ar/peliculas/una-quinta-en-portugal/
CABA,Multiplex,Multiplex Belgrano,"Vuelta de Obligado 2199, Belgrano",Yo Narciso,COMFORT PLUS 2D Doblada,14:00,,,,https://multiplex.com.ar/peliculas/yo-narciso/
CABA,Multiplex,Multiplex Belgrano,"Vuelta de Obligado 2199, Belgrano",Yo Narciso,COMFORT PLUS 2D Doblada,16:00,,,,https://multiplex.com.ar/peliculas/yo-narciso/
CABA,Multiplex,Multiplex Belgrano,"Vuelta de Obligado 2199, Belgrano",Yo Narciso,COMFORT PLUS 2D Doblada,22:15,,,,https://multiplex.com.ar/peliculas/yo-narciso/
GBA Oeste,Cinépolis,Cinépolis Merlo,Av. Juan Domingo Perón 24098,Spider-Man: Un nuevo día,2D Doblada,13:40,,,,https://cartelera.ar/pelicula/spider-man-un-nuevo-dia
GBA Oeste,Cinépolis,Cinépolis Merlo,Av. Juan Domingo Perón 24098,Spider-Man: Un nuevo día,3D Doblada,13:50,,,,https://cartelera.ar/pelicula/spider-man-un-nuevo-dia
GBA Oeste,Cinépolis,Cinépolis Merlo,Av. Juan Domingo Perón 24098,Spider-Man: Un nuevo día,3D Doblada,16:50,,,,https://cartelera.ar/pelicula/spider-man-un-nuevo-dia
GBA Oeste,Cinépolis,Cinépolis Merlo,Av. Juan Domingo Perón 24098,Spider-Man: Un nuevo día,3D Doblada,19:30,,,,https://cartelera.ar/pelicula/spider-man-un-nuevo-dia
GBA Oeste,Cinépolis,Cinépolis Merlo,Av. Juan Domingo Perón 24098,Spider-Man: Un nuevo día,2D Doblada,22:40,,,,https://cartelera.ar/pelicula/spider-man-un-nuevo-dia
GBA Oeste,Cinépolis,Cinépolis Merlo,Av. Juan Domingo Perón 24098,Minions & monstruos,2D Doblada,14:50,,,,https://cartelera.ar/pelicula/minions-monstruos
GBA Oeste,Cinépolis,Cinépolis Merlo,Av. Juan Domingo Perón 24098,La noche del demonio: Están entre nosotros,2D Doblada,20:30,,,,https://cartelera.ar/pelicula/la-noche-del-demonio-estan-entre-nosotros
GBA Oeste,Cinépolis,Cinépolis Merlo,Av. Juan Domingo Perón 24098,La noche del demonio: Están entre nosotros,2D Doblada,22:30,,,,https://cartelera.ar/pelicula/la-noche-del-demonio-estan-entre-nosotros
GBA Oeste,Cinépolis,Cinépolis Merlo,Av. Juan Domingo Perón 24098,La noche del demonio: Están entre nosotros,2D Doblada,23:00,,,,https://cartelera.ar/pelicula/la-noche-del-demonio-estan-entre-nosotros
GBA Oeste,Cinépolis,Cinépolis Merlo,Av. Juan Domingo Perón 24098,Hechizo de amor: La magia continúa,2D Doblada,17:00,,,,https://cartelera.ar/pelicula/hechizo-de-amor-la-magia-continua
GBA Oeste,Cinépolis,Cinépolis Merlo,Av. Juan Domingo Perón 24098,Hechizo de amor: La magia continúa,2D Doblada,19:50,,,,https://cartelera.ar/pelicula/hechizo-de-amor-la-magia-continua
GBA Oeste,Cinépolis,Cinépolis Merlo,Av. Juan Domingo Perón 24098,Resident Evil: Noche Cero,2D Doblada,14:00,,,,https://cartelera.ar/pelicula/resident-evil-noche-cero
GBA Oeste,Cinépolis,Cinépolis Merlo,Av. Juan Domingo Perón 24098,Resident Evil: Noche Cero,2D Doblada,16:20,,,,https://cartelera.ar/pelicula/resident-evil-noche-cero
GBA Oeste,Cinépolis,Cinépolis Merlo,Av. Juan Domingo Perón 24098,Resident Evil: Noche Cero,2D Doblada,17:10,,,,https://cartelera.ar/pelicula/resident-evil-noche-cero
GBA Oeste,Cinépolis,Cinépolis Merlo,Av. Juan Domingo Perón 24098,Resident Evil: Noche Cero,2D Doblada,18:30,,,,https://cartelera.ar/pelicula/resident-evil-noche-cero
GBA Oeste,Cinépolis,Cinépolis Merlo,Av. Juan Domingo Perón 24098,Resident Evil: Noche Cero,2D Subtitulada,20:00,,,,https://cartelera.ar/pelicula/resident-evil-noche-cero
GBA Oeste,Cinépolis,Cinépolis Merlo,Av. Juan Domingo Perón 24098,Resident Evil: Noche Cero,2D Doblada,22:20,,,,https://cartelera.ar/pelicula/resident-evil-noche-cero
GBA Oeste,Cinépolis,Cinépolis Merlo,Av. Juan Domingo Perón 24098,Resident Evil: Noche Cero,2D Doblada,22:50,,,,https://cartelera.ar/pelicula/resident-evil-noche-cero
GBA Oeste,Cinépolis,Cinépolis Merlo,Av. Juan Domingo Perón 24098,Terminator 2: El juicio final,2D Doblada,22:20,,,,https://cartelera.ar/pelicula/terminator-2-el-juicio-final
GBA Oeste,Cinépolis,Cinépolis Merlo,Av. Juan Domingo Perón 24098,One Piece: La película,2D Subtitulada,20:45,,,,https://cartelera.ar/pelicula/one-piece-la-pelicula
GBA Oeste,Cinépolis,Cinépolis Merlo,Av. Juan Domingo Perón 24098,Coyote vs. Acme,2D Doblada,13:00,,,,https://cartelera.ar/pelicula/coyote-vs-acme
GBA Oeste,Cinépolis,Cinépolis Merlo,Av. Juan Domingo Perón 24098,Coyote vs. Acme,2D Doblada,15:20,,,,https://cartelera.ar/pelicula/coyote-vs-acme
GBA Oeste,Cinépolis,Cinépolis Merlo,Av. Juan Domingo Perón 24098,Coyote vs. Acme,2D Doblada,17:45,,,,https://cartelera.ar/pelicula/coyote-vs-acme
GBA Oeste,Cinépolis,Cinépolis Merlo,Av. Juan Domingo Perón 24098,Yo Narciso,2D Doblada,20:10,,,,https://cartelera.ar/pelicula/yo-narciso
GBA Oeste,Cinépolis,Cinépolis Merlo,Av. Juan Domingo Perón 24098,El árbol mágico,2D Doblada,13:00,,,,https://cartelera.ar/pelicula/el-arbol-magico
GBA Oeste,Cinépolis,Cinépolis Merlo,Av. Juan Domingo Perón 24098,El árbol mágico,2D Doblada,15:30,,,,https://cartelera.ar/pelicula/el-arbol-magico
GBA Oeste,Cinépolis,Cinépolis Merlo,Av. Juan Domingo Perón 24098,El árbol mágico,2D Doblada,18:00,,,,https://cartelera.ar/pelicula/el-arbol-magico
GBA Oeste,Cinépolis,Cinépolis Luján,"Av. Constitución 1000, Luján",La noche del demonio: Están entre nosotros,2D Subtitulada,23:00,,,,https://cartelera.ar/pelicula/la-noche-del-demonio-estan-entre-nosotros
GBA Oeste,Cinépolis,Cinépolis Luján,"Av. Constitución 1000, Luján",Hechizo de amor: La magia continúa,2D Doblada,14:10,,,,https://cartelera.ar/pelicula/hechizo-de-amor-la-magia-continua
GBA Oeste,Cinépolis,Cinépolis Luján,"Av. Constitución 1000, Luján",Hechizo de amor: La magia continúa,2D Doblada,17:10,,,,https://cartelera.ar/pelicula/hechizo-de-amor-la-magia-continua
GBA Oeste,Cinépolis,Cinépolis Luján,"Av. Constitución 1000, Luján",Hechizo de amor: La magia continúa,2D Subtitulada,20:10,,,,https://cartelera.ar/pelicula/hechizo-de-amor-la-magia-continua
GBA Oeste,Cinépolis,Cinépolis Luján,"Av. Constitución 1000, Luján",Código: Venganza,2D Doblada,22:50,,,,https://cartelera.ar/pelicula/codigo-venganza
GBA Oeste,Cinépolis,Cinépolis Luján,"Av. Constitución 1000, Luján",Resident Evil: Noche Cero,2D Doblada,13:20,,,,https://cartelera.ar/pelicula/resident-evil-noche-cero
GBA Oeste,Cinépolis,Cinépolis Luján,"Av. Constitución 1000, Luján",Resident Evil: Noche Cero,2D Doblada,15:40,,,,https://cartelera.ar/pelicula/resident-evil-noche-cero
GBA Oeste,Cinépolis,Cinépolis Luján,"Av. Constitución 1000, Luján",Resident Evil: Noche Cero,2D Doblada,18:00,,,,https://cartelera.ar/pelicula/resident-evil-noche-cero
GBA Oeste,Cinépolis,Cinépolis Luján,"Av. Constitución 1000, Luján",Resident Evil: Noche Cero,2D Doblada,19:20,,,,https://cartelera.ar/pelicula/resident-evil-noche-cero
GBA Oeste,Cinépolis,Cinépolis Luján,"Av. Constitución 1000, Luján",Resident Evil: Noche Cero,2D Subtitulada,20:20,,,,https://cartelera.ar/pelicula/resident-evil-noche-cero
GBA Oeste,Cinépolis,Cinépolis Luján,"Av. Constitución 1000, Luján",Resident Evil: Noche Cero,2D Subtitulada,21:50,,,,https://cartelera.ar/pelicula/resident-evil-noche-cero
GBA Oeste,Cinépolis,Cinépolis Luján,"Av. Constitución 1000, Luján",Resident Evil: Noche Cero,2D Doblada,22:40,,,,https://cartelera.ar/pelicula/resident-evil-noche-cero
GBA Oeste,Cinépolis,Cinépolis Luján,"Av. Constitución 1000, Luján",One Piece: La película,2D Doblada,13:00,,,,https://cartelera.ar/pelicula/one-piece-la-pelicula
GBA Oeste,Cinépolis,Cinépolis Luján,"Av. Constitución 1000, Luján",One Piece: La película,2D Doblada,16:30,,,,https://cartelera.ar/pelicula/one-piece-la-pelicula
GBA Oeste,Cinépolis,Cinépolis Luján,"Av. Constitución 1000, Luján",One Piece: La película,2D Doblada,20:40,,,,https://cartelera.ar/pelicula/one-piece-la-pelicula
GBA Oeste,Cinépolis,Cinépolis Luján,"Av. Constitución 1000, Luján",Coyote vs. Acme,2D Doblada,14:40,,,,https://cartelera.ar/pelicula/coyote-vs-acme
GBA Oeste,Cinépolis,Cinépolis Luján,"Av. Constitución 1000, Luján",Coyote vs. Acme,2D Doblada,17:00,,,,https://cartelera.ar/pelicula/coyote-vs-acme
GBA Oeste,Cinépolis,Cinépolis Luján,"Av. Constitución 1000, Luján",Coyote vs. Acme,2D Doblada,20:30,,,,https://cartelera.ar/pelicula/coyote-vs-acme
GBA Oeste,Cinépolis,Cinépolis Luján,"Av. Constitución 1000, Luján",Yo Narciso,2D Doblada,18:20,,,,https://cartelera.ar/pelicula/yo-narciso
GBA Oeste,Cinépolis,Cinépolis Luján,"Av. Constitución 1000, Luján",Yo Narciso,2D Doblada,22:20,,,,https://cartelera.ar/pelicula/yo-narciso
GBA Oeste,Cinépolis,Cinépolis Luján,"Av. Constitución 1000, Luján",Tadeo : El Explorador Y La Lampara Maravillosa,2D Doblada,15:00,,,,https://cartelera.ar/pelicula/tadeo-el-explorador-y-la-lampara-maravillosa
GBA Oeste,Cinépolis,Cinépolis Luján,"Av. Constitución 1000, Luján",Tadeo : El Explorador Y La Lampara Maravillosa,2D Doblada,17:20,,,,https://cartelera.ar/pelicula/tadeo-el-explorador-y-la-lampara-maravillosa
GBA Oeste,Cinépolis,Cinépolis Luján,"Av. Constitución 1000, Luján",El árbol mágico,2D Doblada,13:00,,,,https://cartelera.ar/pelicula/el-arbol-magico
GBA Oeste,Cinépolis,Cinépolis Luján,"Av. Constitución 1000, Luján",El árbol mágico,2D Doblada,15:30,,,,https://cartelera.ar/pelicula/el-arbol-magico
GBA Oeste,Cinépolis,Cinépolis Luján,"Av. Constitución 1000, Luján",El árbol mágico,2D Doblada,18:00,,,,https://cartelera.ar/pelicula/el-arbol-magico
GBA Sur,Cinépolis,Cinépolis Avellaneda,"Av. Mitre 2702, Avellaneda",Afterburn (Zona cero),2D Doblada,22:50,,,,https://cartelera.ar/pelicula/afterburn-zona-cero
GBA Sur,Cinépolis,Cinépolis Avellaneda,"Av. Mitre 2702, Avellaneda",La Odisea,2D Subtitulada,18:45,,,,https://cartelera.ar/pelicula/la-odisea
GBA Sur,Cinépolis,Cinépolis Avellaneda,"Av. Mitre 2702, Avellaneda",Spider-Man: Un nuevo día,2D Doblada,13:00,,,,https://cartelera.ar/pelicula/spider-man-un-nuevo-dia
GBA Sur,Cinépolis,Cinépolis Avellaneda,"Av. Mitre 2702, Avellaneda",Spider-Man: Un nuevo día,3D Doblada,13:30,,,,https://cartelera.ar/pelicula/spider-man-un-nuevo-dia
GBA Sur,Cinépolis,Cinépolis Avellaneda,"Av. Mitre 2702, Avellaneda",Spider-Man: Un nuevo día,2D Doblada,16:15,,,,https://cartelera.ar/pelicula/spider-man-un-nuevo-dia
GBA Sur,Cinépolis,Cinépolis Avellaneda,"Av. Mitre 2702, Avellaneda",Spider-Man: Un nuevo día,3D Doblada,16:45,,,,https://cartelera.ar/pelicula/spider-man-un-nuevo-dia
GBA Sur,Cinépolis,Cinépolis Avellaneda,"Av. Mitre 2702, Avellaneda",Spider-Man: Un nuevo día,2D Subtitulada,19:30,,,,https://cartelera.ar/pelicula/spider-man-un-nuevo-dia
GBA Sur,Cinépolis,Cinépolis Avellaneda,"Av. Mitre 2702, Avellaneda",Spider-Man: Un nuevo día,2D Subtitulada,22:45,,,,https://cartelera.ar/pelicula/spider-man-un-nuevo-dia
GBA Sur,Cinépolis,Cinépolis Avellaneda,"Av. Mitre 2702, Avellaneda",Toy Story 5,2D Doblada,16:00,,,,https://cartelera.ar/pelicula/toy-story-5
GBA Sur,Cinépolis,Cinépolis Avellaneda,"Av. Mitre 2702, Avellaneda",Minions & monstruos,2D Doblada,13:30,,,,https://cartelera.ar/pelicula/minions-monstruos
GBA Sur,Cinépolis,Cinépolis Avellaneda,"Av. Mitre 2702, Avellaneda",PAW Patrol: La Dino Película,2D Doblada,14:15,,,,https://cartelera.ar/pelicula/paw-patrol-la-dino-pelicula
GBA Sur,Cinépolis,Cinépolis Avellaneda,"Av. Mitre 2702, Avellaneda",La noche del demonio: Están entre nosotros,2D Doblada,18:00,,,,https://cartelera.ar/pelicula/la-noche-del-demonio-estan-entre-nosotros
GBA Sur,Cinépolis,Cinépolis Avellaneda,"Av. Mitre 2702, Avellaneda",La noche del demonio: Están entre nosotros,2D Doblada,20:40,,,,https://cartelera.ar/pelicula/la-noche-del-demonio-estan-entre-nosotros
GBA Sur,Cinépolis,Cinépolis Avellaneda,"Av. Mitre 2702, Avellaneda",La noche del demonio: Están entre nosotros,2D Doblada,23:20,,,,https://cartelera.ar/pelicula/la-noche-del-demonio-estan-entre-nosotros
GBA Sur,Cinépolis,Cinépolis Avellaneda,"Av. Mitre 2702, Avellaneda",Hechizo de amor: La magia continúa,2D Doblada,13:30,,,,https://cartelera.ar/pelicula/hechizo-de-amor-la-magia-continua
GBA Sur,Cinépolis,Cinépolis Avellaneda,"Av. Mitre 2702, Avellaneda",Hechizo de amor: La magia continúa,2D Doblada,16:30,,,,https://cartelera.ar/pelicula/hechizo-de-amor-la-magia-continua
GBA Sur,Cinépolis,Cinépolis Avellaneda,"Av. Mitre 2702, Avellaneda",Hechizo de amor: La magia continúa,2D Subtitulada,19:30,,,,https://cartelera.ar/pelicula/hechizo-de-amor-la-magia-continua
GBA Sur,Cinépolis,Cinépolis Avellaneda,"Av. Mitre 2702, Avellaneda",Código: Venganza,2D Subtitulada,22:30,,,,https://cartelera.ar/pelicula/codigo-venganza
GBA Sur,Cinépolis,Cinépolis Avellaneda,"Av. Mitre 2702, Avellaneda",Resident Evil: Noche Cero,2D Doblada,13:00,,,,https://cartelera.ar/pelicula/resident-evil-noche-cero
GBA Sur,Cinépolis,Cinépolis Avellaneda,"Av. Mitre 2702, Avellaneda",Resident Evil: Noche Cero,2D Doblada,14:30,,,,https://cartelera.ar/pelicula/resident-evil-noche-cero
GBA Sur,Cinépolis,Cinépolis Avellaneda,"Av. Mitre 2702, Avellaneda",Resident Evil: Noche Cero,2D Doblada,15:30,,,,https://cartelera.ar/pelicula/resident-evil-noche-cero
GBA Sur,Cinépolis,Cinépolis Avellaneda,"Av. Mitre 2702, Avellaneda",Resident Evil: Noche Cero,2D Doblada,17:00,,,,https://cartelera.ar/pelicula/resident-evil-noche-cero
GBA Sur,Cinépolis,Cinépolis Avellaneda,"Av. Mitre 2702, Avellaneda",Resident Evil: Noche Cero,2D Doblada,18:00,,,,https://cartelera.ar/pelicula/resident-evil-noche-cero
GBA Sur,Cinépolis,Cinépolis Avellaneda,"Av. Mitre 2702, Avellaneda",Resident Evil: Noche Cero,2D Doblada,19:30,,,,https://cartelera.ar/pelicula/resident-evil-noche-cero
GBA Sur,Cinépolis,Cinépolis Avellaneda,"Av. Mitre 2702, Avellaneda",Resident Evil: Noche Cero,2D Doblada,20:00,,,,https://cartelera.ar/pelicula/resident-evil-noche-cero
GBA Sur,Cinépolis,Cinépolis Avellaneda,"Av. Mitre 2702, Avellaneda",Resident Evil: Noche Cero,2D Doblada,20:30,,,,https://cartelera.ar/pelicula/resident-evil-noche-cero
GBA Sur,Cinépolis,Cinépolis Avellaneda,"Av. Mitre 2702, Avellaneda",Resident Evil: Noche Cero,2D Subtitulada,21:00,,,,https://cartelera.ar/pelicula/resident-evil-noche-cero
GBA Sur,Cinépolis,Cinépolis Avellaneda,"Av. Mitre 2702, Avellaneda",Resident Evil: Noche Cero,2D Doblada,22:00,,,,https://cartelera.ar/pelicula/resident-evil-noche-cero
GBA Sur,Cinépolis,Cinépolis Avellaneda,"Av. Mitre 2702, Avellaneda",Resident Evil: Noche Cero,2D Doblada,22:30,,,,https://cartelera.ar/pelicula/resident-evil-noche-cero
GBA Sur,Cinépolis,Cinépolis Avellaneda,"Av. Mitre 2702, Avellaneda",Resident Evil: Noche Cero,2D Subtitulada,23:00,,,,https://cartelera.ar/pelicula/resident-evil-noche-cero
GBA Sur,Cinépolis,Cinépolis Avellaneda,"Av. Mitre 2702, Avellaneda",Pepita la Pistolera,2D Doblada,20:15,,,,https://cartelera.ar/pelicula/pepita-la-pistolera
GBA Sur,Cinépolis,Cinépolis Avellaneda,"Av. Mitre 2702, Avellaneda",Pepita la Pistolera,2D Doblada,23:20,,,,https://cartelera.ar/pelicula/pepita-la-pistolera
GBA Sur,Cinépolis,Cinépolis Avellaneda,"Av. Mitre 2702, Avellaneda",Terminator 2: El juicio final,3D Subtitulada,19:15,,,,https://cartelera.ar/pelicula/terminator-2-el-juicio-final
GBA Sur,Cinépolis,Cinépolis Avellaneda,"Av. Mitre 2702, Avellaneda",One Piece: La película,2D Doblada,16:45,,,,https://cartelera.ar/pelicula/one-piece-la-pelicula
GBA Sur,Cinépolis,Cinépolis Avellaneda,"Av. Mitre 2702, Avellaneda",One Piece: La película,2D Doblada,18:30,,,,https://cartelera.ar/pelicula/one-piece-la-pelicula
GBA Sur,Cinépolis,Cinépolis Avellaneda,"Av. Mitre 2702, Avellaneda",One Piece: La película,2D Subtitulada,20:15,,,,https://cartelera.ar/pelicula/one-piece-la-pelicula
GBA Sur,Cinépolis,Cinépolis Avellaneda,"Av. Mitre 2702, Avellaneda",Ice Cream Man,2D Subtitulada,22:30,,,,https://cartelera.ar/pelicula/ice-cream-man
GBA Sur,Cinépolis,Cinépolis Avellaneda,"Av. Mitre 2702, Avellaneda",Moana,2D Doblada,13:00,,,,https://cartelera.ar/pelicula/moana
GBA Sur,Cinépolis,Cinépolis Avellaneda,"Av. Mitre 2702, Avellaneda",Coyote vs. Acme,2D Doblada,13:00,,,,https://cartelera.ar/pelicula/coyote-vs-acme
GBA Sur,Cinépolis,Cinépolis Avellaneda,"Av. Mitre 2702, Avellaneda",Coyote vs. Acme,2D Doblada,14:00,,,,https://cartelera.ar/pelicula/coyote-vs-acme
GBA Sur,Cinépolis,Cinépolis Avellaneda,"Av. Mitre 2702, Avellaneda",Coyote vs. Acme,2D Doblada,15:30,,,,https://cartelera.ar/pelicula/coyote-vs-acme
GBA Sur,Cinépolis,Cinépolis Avellaneda,"Av. Mitre 2702, Avellaneda",Coyote vs. Acme,2D Subtitulada,16:45,,,,https://cartelera.ar/pelicula/coyote-vs-acme
GBA Sur,Cinépolis,Cinépolis Avellaneda,"Av. Mitre 2702, Avellaneda",Coyote vs. Acme,2D Subtitulada,19:20,,,,https://cartelera.ar/pelicula/coyote-vs-acme
GBA Sur,Cinépolis,Cinépolis Avellaneda,"Av. Mitre 2702, Avellaneda",Coyote vs. Acme,2D Doblada,22:00,,,,https://cartelera.ar/pelicula/coyote-vs-acme
GBA Sur,Cinépolis,Cinépolis Avellaneda,"Av. Mitre 2702, Avellaneda",Yo Narciso,2D Doblada,15:40,,,,https://cartelera.ar/pelicula/yo-narciso
GBA Sur,Cinépolis,Cinépolis Avellaneda,"Av. Mitre 2702, Avellaneda",Yo Narciso,2D Doblada,18:00,,,,https://cartelera.ar/pelicula/yo-narciso
GBA Sur,Cinépolis,Cinépolis Avellaneda,"Av. Mitre 2702, Avellaneda",Yo Narciso,2D Doblada,20:30,,,,https://cartelera.ar/pelicula/yo-narciso
GBA Sur,Cinépolis,Cinépolis Avellaneda,"Av. Mitre 2702, Avellaneda",Yo Narciso,2D Doblada,23:00,,,,https://cartelera.ar/pelicula/yo-narciso
GBA Sur,Cinépolis,Cinépolis Avellaneda,"Av. Mitre 2702, Avellaneda",Oasis: Dont Look Back In Anger,2D Subtitulada,22:15,,,,https://cartelera.ar/pelicula/oasis-dont-look-back-in-anger
GBA Sur,Cinépolis,Cinépolis Avellaneda,"Av. Mitre 2702, Avellaneda",Tadeo : El Explorador Y La Lampara Maravillosa,2D Doblada,13:15,,,,https://cartelera.ar/pelicula/tadeo-el-explorador-y-la-lampara-maravillosa
GBA Sur,Cinépolis,Cinépolis Avellaneda,"Av. Mitre 2702, Avellaneda",Tadeo : El Explorador Y La Lampara Maravillosa,2D Doblada,15:30,,,,https://cartelera.ar/pelicula/tadeo-el-explorador-y-la-lampara-maravillosa
GBA Sur,Cinépolis,Cinépolis Avellaneda,"Av. Mitre 2702, Avellaneda",Tadeo : El Explorador Y La Lampara Maravillosa,2D Doblada,17:50,,,,https://cartelera.ar/pelicula/tadeo-el-explorador-y-la-lampara-maravillosa
GBA Sur,Cinépolis,Cinépolis Avellaneda,"Av. Mitre 2702, Avellaneda",El árbol mágico,2D Doblada,13:45,,,,https://cartelera.ar/pelicula/el-arbol-magico
GBA Sur,Cinépolis,Cinépolis Avellaneda,"Av. Mitre 2702, Avellaneda",El árbol mágico,2D Doblada,16:30,,,,https://cartelera.ar/pelicula/el-arbol-magico
GBA Sur,Cinépolis,Cinépolis Avellaneda,"Av. Mitre 2702, Avellaneda",Panda plan 2: la tribu mágica,2D Doblada,13:30,,,,https://cartelera.ar/pelicula/panda-plan-2-la-tribu-magica
GBA Sur,Cinépolis,Cinépolis Avellaneda,"Av. Mitre 2702, Avellaneda",Panda plan 2: la tribu mágica,2D Doblada,16:00,,,,https://cartelera.ar/pelicula/panda-plan-2-la-tribu-magica
GBA Sur,Cinépolis,Cinépolis Avellaneda,"Av. Mitre 2702, Avellaneda",Panda plan 2: la tribu mágica,2D Doblada,18:30,,,,https://cartelera.ar/pelicula/panda-plan-2-la-tribu-magica
GBA Sur,Showcase,Showcase Quilmes,"Av. Calchaquí 3950, Quilmes Factory",Afterburn (Zona cero),2D Doblada,16:20,,,,https://cartelera.ar/pelicula/afterburn-zona-cero
GBA Sur,Showcase,Showcase Quilmes,"Av. Calchaquí 3950, Quilmes Factory",La Odisea,2D Doblada,19:00,,,,https://cartelera.ar/pelicula/la-odisea
GBA Sur,Showcase,Showcase Quilmes,"Av. Calchaquí 3950, Quilmes Factory",La Odisea,2D Subtitulada,22:00,,,,https://cartelera.ar/pelicula/la-odisea
GBA Sur,Showcase,Showcase Quilmes,"Av. Calchaquí 3950, Quilmes Factory",Spider-Man: Un nuevo día,2D Doblada,13:25,,,,https://cartelera.ar/pelicula/spider-man-un-nuevo-dia
GBA Sur,Showcase,Showcase Quilmes,"Av. Calchaquí 3950, Quilmes Factory",Spider-Man: Un nuevo día,3D Doblada,16:25,,,,https://cartelera.ar/pelicula/spider-man-un-nuevo-dia
GBA Sur,Showcase,Showcase Quilmes,"Av. Calchaquí 3950, Quilmes Factory",Spider-Man: Un nuevo día,2D Doblada,19:25,,,,https://cartelera.ar/pelicula/spider-man-un-nuevo-dia
GBA Sur,Showcase,Showcase Quilmes,"Av. Calchaquí 3950, Quilmes Factory",Spider-Man: Un nuevo día,2D Doblada,22:20,,,,https://cartelera.ar/pelicula/spider-man-un-nuevo-dia
GBA Sur,Showcase,Showcase Quilmes,"Av. Calchaquí 3950, Quilmes Factory",La noche del demonio: Están entre nosotros,2D Doblada,15:05,,,,https://cartelera.ar/pelicula/la-noche-del-demonio-estan-entre-nosotros
GBA Sur,Showcase,Showcase Quilmes,"Av. Calchaquí 3950, Quilmes Factory",La noche del demonio: Están entre nosotros,2D Doblada,17:25,,,,https://cartelera.ar/pelicula/la-noche-del-demonio-estan-entre-nosotros
GBA Sur,Showcase,Showcase Quilmes,"Av. Calchaquí 3950, Quilmes Factory",La noche del demonio: Están entre nosotros,2D Doblada,19:45,,,,https://cartelera.ar/pelicula/la-noche-del-demonio-estan-entre-nosotros
GBA Sur,Showcase,Showcase Quilmes,"Av. Calchaquí 3950, Quilmes Factory",La noche del demonio: Están entre nosotros,2D Doblada,22:05,,,,https://cartelera.ar/pelicula/la-noche-del-demonio-estan-entre-nosotros
GBA Sur,Showcase,Showcase Quilmes,"Av. Calchaquí 3950, Quilmes Factory",Hechizo de amor: La magia continúa,2D Doblada,14:30,,,,https://cartelera.ar/pelicula/hechizo-de-amor-la-magia-continua
GBA Sur,Showcase,Showcase Quilmes,"Av. Calchaquí 3950, Quilmes Factory",Hechizo de amor: La magia continúa,2D Subtitulada,19:40,,,,https://cartelera.ar/pelicula/hechizo-de-amor-la-magia-continua
GBA Sur,Showcase,Showcase Quilmes,"Av. Calchaquí 3950, Quilmes Factory",Resident Evil: Noche Cero,2D Doblada,15:25,,,,https://cartelera.ar/pelicula/resident-evil-noche-cero
GBA Sur,Showcase,Showcase Quilmes,"Av. Calchaquí 3950, Quilmes Factory",Resident Evil: Noche Cero,2D Doblada,17:40,,,,https://cartelera.ar/pelicula/resident-evil-noche-cero
GBA Sur,Showcase,Showcase Quilmes,"Av. Calchaquí 3950, Quilmes Factory",Resident Evil: Noche Cero,2D Doblada,19:55,,,,https://cartelera.ar/pelicula/resident-evil-noche-cero
GBA Sur,Showcase,Showcase Quilmes,"Av. Calchaquí 3950, Quilmes Factory",Resident Evil: Noche Cero,2D Subtitulada,20:20,,,,https://cartelera.ar/pelicula/resident-evil-noche-cero
GBA Sur,Showcase,Showcase Quilmes,"Av. Calchaquí 3950, Quilmes Factory",Resident Evil: Noche Cero,2D Doblada,22:10,,,,https://cartelera.ar/pelicula/resident-evil-noche-cero
GBA Sur,Showcase,Showcase Quilmes,"Av. Calchaquí 3950, Quilmes Factory",Resident Evil: Noche Cero,2D Subtitulada,22:35,,,,https://cartelera.ar/pelicula/resident-evil-noche-cero
GBA Sur,Showcase,Showcase Quilmes,"Av. Calchaquí 3950, Quilmes Factory",Pepita la Pistolera,2D Doblada,17:15,,,,https://cartelera.ar/pelicula/pepita-la-pistolera
GBA Sur,Showcase,Showcase Quilmes,"Av. Calchaquí 3950, Quilmes Factory",Pepita la Pistolera,2D Doblada,22:25,,,,https://cartelera.ar/pelicula/pepita-la-pistolera
GBA Sur,Showcase,Showcase Quilmes,"Av. Calchaquí 3950, Quilmes Factory",One Piece: La película,2D Subtitulada,18:40,,,,https://cartelera.ar/pelicula/one-piece-la-pelicula
GBA Sur,Showcase,Showcase Quilmes,"Av. Calchaquí 3950, Quilmes Factory",Ice Cream Man,2D Doblada,22:30,,,,https://cartelera.ar/pelicula/ice-cream-man
GBA Sur,Showcase,Showcase Quilmes,"Av. Calchaquí 3950, Quilmes Factory",Coyote vs. Acme,2D Doblada,15:00,,,,https://cartelera.ar/pelicula/coyote-vs-acme
GBA Sur,Showcase,Showcase Quilmes,"Av. Calchaquí 3950, Quilmes Factory",Coyote vs. Acme,2D Doblada,17:20,,,,https://cartelera.ar/pelicula/coyote-vs-acme
GBA Sur,Showcase,Showcase Quilmes,"Av. Calchaquí 3950, Quilmes Factory",Coyote vs. Acme,2D Doblada,19:35,,,,https://cartelera.ar/pelicula/coyote-vs-acme
GBA Sur,Showcase,Showcase Quilmes,"Av. Calchaquí 3950, Quilmes Factory",Yo Narciso,2D Doblada,20:00,,,,https://cartelera.ar/pelicula/yo-narciso
GBA Sur,Showcase,Showcase Quilmes,"Av. Calchaquí 3950, Quilmes Factory",Oasis: Dont Look Back In Anger,2D Subtitulada,22:15,,,,https://cartelera.ar/pelicula/oasis-dont-look-back-in-anger
GBA Sur,Showcase,Showcase Quilmes,"Av. Calchaquí 3950, Quilmes Factory",Tadeo : El Explorador Y La Lampara Maravillosa,2D Doblada,14:20,,,,https://cartelera.ar/pelicula/tadeo-el-explorador-y-la-lampara-maravillosa
GBA Sur,Showcase,Showcase Quilmes,"Av. Calchaquí 3950, Quilmes Factory",Tadeo : El Explorador Y La Lampara Maravillosa,2D Doblada,16:30,,,,https://cartelera.ar/pelicula/tadeo-el-explorador-y-la-lampara-maravillosa
GBA Sur,Showcase,Showcase Quilmes,"Av. Calchaquí 3950, Quilmes Factory",El árbol mágico,2D Doblada,14:45,,,,https://cartelera.ar/pelicula/el-arbol-magico
GBA Sur,Showcase,Showcase Quilmes,"Av. Calchaquí 3950, Quilmes Factory",El árbol mágico,2D Doblada,17:30,,,,https://cartelera.ar/pelicula/el-arbol-magico
GBA Sur,Showcase,Showcase Quilmes,"Av. Calchaquí 3950, Quilmes Factory",Panda plan 2: la tribu mágica,2D Doblada,14:05,,,,https://cartelera.ar/pelicula/panda-plan-2-la-tribu-magica
GBA Oeste,Showcase,Showcase Haedo,"Av. Rivadavia 16.200, Shopping Haedo",Afterburn (Zona cero),2D Doblada,22:00,,,,https://cartelera.ar/pelicula/afterburn-zona-cero
GBA Oeste,Showcase,Showcase Haedo,"Av. Rivadavia 16.200, Shopping Haedo",La Odisea,2D Doblada,15:00,,,,https://cartelera.ar/pelicula/la-odisea
GBA Oeste,Showcase,Showcase Haedo,"Av. Rivadavia 16.200, Shopping Haedo",La Odisea,2D Subtitulada,19:00,,,,https://cartelera.ar/pelicula/la-odisea
GBA Oeste,Showcase,Showcase Haedo,"Av. Rivadavia 16.200, Shopping Haedo",La Odisea,2D Doblada,21:45,,,,https://cartelera.ar/pelicula/la-odisea
GBA Oeste,Showcase,Showcase Haedo,"Av. Rivadavia 16.200, Shopping Haedo",Spider-Man: Un nuevo día,2D Doblada,13:30,,,,https://cartelera.ar/pelicula/spider-man-un-nuevo-dia
GBA Oeste,Showcase,Showcase Haedo,"Av. Rivadavia 16.200, Shopping Haedo",Spider-Man: Un nuevo día,3D Doblada,16:05,,,,https://cartelera.ar/pelicula/spider-man-un-nuevo-dia
GBA Oeste,Showcase,Showcase Haedo,"Av. Rivadavia 16.200, Shopping Haedo",Spider-Man: Un nuevo día,2D Doblada,16:30,,,,https://cartelera.ar/pelicula/spider-man-un-nuevo-dia
GBA Oeste,Showcase,Showcase Haedo,"Av. Rivadavia 16.200, Shopping Haedo",Spider-Man: Un nuevo día,3D Doblada,19:05,,,,https://cartelera.ar/pelicula/spider-man-un-nuevo-dia
GBA Oeste,Showcase,Showcase Haedo,"Av. Rivadavia 16.200, Shopping Haedo",Spider-Man: Un nuevo día,2D Doblada,19:35,,,,https://cartelera.ar/pelicula/spider-man-un-nuevo-dia
GBA Oeste,Showcase,Showcase Haedo,"Av. Rivadavia 16.200, Shopping Haedo",Spider-Man: Un nuevo día,2D Doblada,22:05,,,,https://cartelera.ar/pelicula/spider-man-un-nuevo-dia
GBA Oeste,Showcase,Showcase Haedo,"Av. Rivadavia 16.200, Shopping Haedo",Spider-Man: Un nuevo día,2D Subtitulada,22:40,,,,https://cartelera.ar/pelicula/spider-man-un-nuevo-dia
GBA Oeste,Showcase,Showcase Haedo,"Av. Rivadavia 16.200, Shopping Haedo",Toy Story 5,2D Doblada,13:55,,,,https://cartelera.ar/pelicula/toy-story-5
GBA Oeste,Showcase,Showcase Haedo,"Av. Rivadavia 16.200, Shopping Haedo",Toy Story 5,2D Doblada,16:50,,,,https://cartelera.ar/pelicula/toy-story-5
GBA Oeste,Showcase,Showcase Haedo,"Av. Rivadavia 16.200, Shopping Haedo",El Final de la Calle Oak,2D Doblada,14:25,,,,https://cartelera.ar/pelicula/el-final-de-la-calle-oak
GBA Oeste,Showcase,Showcase Haedo,"Av. Rivadavia 16.200, Shopping Haedo",El Final de la Calle Oak,2D Doblada,22:30,,,,https://cartelera.ar/pelicula/el-final-de-la-calle-oak
GBA Oeste,Showcase,Showcase Haedo,"Av. Rivadavia 16.200, Shopping Haedo",PAW Patrol: La Dino Película,2D Doblada,14:30,,,,https://cartelera.ar/pelicula/paw-patrol-la-dino-pelicula
GBA Oeste,Showcase,Showcase Haedo,"Av. Rivadavia 16.200, Shopping Haedo",La noche del demonio: Están entre nosotros,2D Doblada,14:15,,,,https://cartelera.ar/pelicula/la-noche-del-demonio-estan-entre-nosotros
GBA Oeste,Showcase,Showcase Haedo,"Av. Rivadavia 16.200, Shopping Haedo",La noche del demonio: Están entre nosotros,2D Doblada,17:05,,,,https://cartelera.ar/pelicula/la-noche-del-demonio-estan-entre-nosotros
GBA Oeste,Showcase,Showcase Haedo,"Av. Rivadavia 16.200, Shopping Haedo",La noche del demonio: Están entre nosotros,2D Doblada,19:20,,,,https://cartelera.ar/pelicula/la-noche-del-demonio-estan-entre-nosotros
GBA Oeste,Showcase,Showcase Haedo,"Av. Rivadavia 16.200, Shopping Haedo",La noche del demonio: Están entre nosotros,2D Doblada,22:20,,,,https://cartelera.ar/pelicula/la-noche-del-demonio-estan-entre-nosotros
GBA Oeste,Showcase,Showcase Haedo,"Av. Rivadavia 16.200, Shopping Haedo",Hechizo de amor: La magia continúa,2D Doblada,16:55,,,,https://cartelera.ar/pelicula/hechizo-de-amor-la-magia-continua
GBA Oeste,Showcase,Showcase Haedo,"Av. Rivadavia 16.200, Shopping Haedo",Hechizo de amor: La magia continúa,2D Doblada,19:40,,,,https://cartelera.ar/pelicula/hechizo-de-amor-la-magia-continua
GBA Oeste,Showcase,Showcase Haedo,"Av. Rivadavia 16.200, Shopping Haedo",Hechizo de amor: La magia continúa,2D Subtitulada,22:25,,,,https://cartelera.ar/pelicula/hechizo-de-amor-la-magia-continua
GBA Oeste,Showcase,Showcase Haedo,"Av. Rivadavia 16.200, Shopping Haedo",Resident Evil: Noche Cero,2D Doblada,14:10,,,,https://cartelera.ar/pelicula/resident-evil-noche-cero
GBA Oeste,Showcase,Showcase Haedo,"Av. Rivadavia 16.200, Shopping Haedo",Resident Evil: Noche Cero,2D Subtitulada,15:25,,,,https://cartelera.ar/pelicula/resident-evil-noche-cero
GBA Oeste,Showcase,Showcase Haedo,"Av. Rivadavia 16.200, Shopping Haedo",Resident Evil: Noche Cero,2D Doblada,16:25,,,,https://cartelera.ar/pelicula/resident-evil-noche-cero
GBA Oeste,Showcase,Showcase Haedo,"Av. Rivadavia 16.200, Shopping Haedo",Resident Evil: Noche Cero,2D Subtitulada,17:40,,,,https://cartelera.ar/pelicula/resident-evil-noche-cero
GBA Oeste,Showcase,Showcase Haedo,"Av. Rivadavia 16.200, Shopping Haedo",Resident Evil: Noche Cero,2D Doblada,19:55,,,,https://cartelera.ar/pelicula/resident-evil-noche-cero
GBA Oeste,Showcase,Showcase Haedo,"Av. Rivadavia 16.200, Shopping Haedo",Resident Evil: Noche Cero,2D Subtitulada,20:20,,,,https://cartelera.ar/pelicula/resident-evil-noche-cero
GBA Oeste,Showcase,Showcase Haedo,"Av. Rivadavia 16.200, Shopping Haedo",Resident Evil: Noche Cero,2D Doblada,22:10,,,,https://cartelera.ar/pelicula/resident-evil-noche-cero
GBA Oeste,Showcase,Showcase Haedo,"Av. Rivadavia 16.200, Shopping Haedo",Resident Evil: Noche Cero,2D Subtitulada,22:35,,,,https://cartelera.ar/pelicula/resident-evil-noche-cero
GBA Oeste,Showcase,Showcase Haedo,"Av. Rivadavia 16.200, Shopping Haedo",Pepita la Pistolera,2D Doblada,14:35,,,,https://cartelera.ar/pelicula/pepita-la-pistolera
GBA Oeste,Showcase,Showcase Haedo,"Av. Rivadavia 16.200, Shopping Haedo",Pepita la Pistolera,2D Doblada,17:00,,,,https://cartelera.ar/pelicula/pepita-la-pistolera
GBA Oeste,Showcase,Showcase Haedo,"Av. Rivadavia 16.200, Shopping Haedo",Pepita la Pistolera,2D Doblada,19:30,,,,https://cartelera.ar/pelicula/pepita-la-pistolera
GBA Oeste,Showcase,Showcase Haedo,"Av. Rivadavia 16.200, Shopping Haedo",Pepita la Pistolera,2D Doblada,21:55,,,,https://cartelera.ar/pelicula/pepita-la-pistolera
GBA Oeste,Showcase,Showcase Haedo,"Av. Rivadavia 16.200, Shopping Haedo",Terminator 2: El juicio final,2D Subtitulada,19:10,,,,https://cartelera.ar/pelicula/terminator-2-el-juicio-final
GBA Oeste,Showcase,Showcase Haedo,"Av. Rivadavia 16.200, Shopping Haedo",One Piece: La película,2D Subtitulada,18:40,,,,https://cartelera.ar/pelicula/one-piece-la-pelicula
GBA Oeste,Showcase,Showcase Haedo,"Av. Rivadavia 16.200, Shopping Haedo",One Piece: La película,2D Subtitulada,20:15,,,,https://cartelera.ar/pelicula/one-piece-la-pelicula
GBA Oeste,Showcase,Showcase Haedo,"Av. Rivadavia 16.200, Shopping Haedo",Ice Cream Man,2D Doblada,21:50,,,,https://cartelera.ar/pelicula/ice-cream-man
GBA Oeste,Showcase,Showcase Haedo,"Av. Rivadavia 16.200, Shopping Haedo",La constelación del perro,2D Subtitulada,16:40,,,,https://cartelera.ar/pelicula/la-constelacion-del-perro
GBA Oeste,Showcase,Showcase Haedo,"Av. Rivadavia 16.200, Shopping Haedo",La constelación del perro,2D Subtitulada,22:15,,,,https://cartelera.ar/pelicula/la-constelacion-del-perro
GBA Oeste,Showcase,Showcase Haedo,"Av. Rivadavia 16.200, Shopping Haedo",Coyote vs. Acme,2D Doblada,14:00,,,,https://cartelera.ar/pelicula/coyote-vs-acme
GBA Oeste,Showcase,Showcase Haedo,"Av. Rivadavia 16.200, Shopping Haedo",Coyote vs. Acme,2D Doblada,16:45,,,,https://cartelera.ar/pelicula/coyote-vs-acme
GBA Oeste,Showcase,Showcase Haedo,"Av. Rivadavia 16.200, Shopping Haedo",Coyote vs. Acme,2D Doblada,19:15,,,,https://cartelera.ar/pelicula/coyote-vs-acme
GBA Oeste,Showcase,Showcase Haedo,"Av. Rivadavia 16.200, Shopping Haedo",Coyote vs. Acme,2D Doblada,21:55,,,,https://cartelera.ar/pelicula/coyote-vs-acme
GBA Oeste,Showcase,Showcase Haedo,"Av. Rivadavia 16.200, Shopping Haedo",Yo Narciso,2D Doblada,14:40,,,,https://cartelera.ar/pelicula/yo-narciso
GBA Oeste,Showcase,Showcase Haedo,"Av. Rivadavia 16.200, Shopping Haedo",Yo Narciso,2D Doblada,17:15,,,,https://cartelera.ar/pelicula/yo-narciso
GBA Oeste,Showcase,Showcase Haedo,"Av. Rivadavia 16.200, Shopping Haedo",Yo Narciso,2D Doblada,19:35,,,,https://cartelera.ar/pelicula/yo-narciso
GBA Oeste,Showcase,Showcase Haedo,"Av. Rivadavia 16.200, Shopping Haedo",Yo Narciso,2D Doblada,22:00,,,,https://cartelera.ar/pelicula/yo-narciso
GBA Oeste,Showcase,Showcase Haedo,"Av. Rivadavia 16.200, Shopping Haedo",Oasis: Dont Look Back In Anger,2D Subtitulada,19:45,,,,https://cartelera.ar/pelicula/oasis-dont-look-back-in-anger
GBA Oeste,Showcase,Showcase Haedo,"Av. Rivadavia 16.200, Shopping Haedo",Tadeo : El Explorador Y La Lampara Maravillosa,2D Doblada,13:30,,,,https://cartelera.ar/pelicula/tadeo-el-explorador-y-la-lampara-maravillosa
GBA Oeste,Showcase,Showcase Haedo,"Av. Rivadavia 16.200, Shopping Haedo",Tadeo : El Explorador Y La Lampara Maravillosa,2D Doblada,15:40,,,,https://cartelera.ar/pelicula/tadeo-el-explorador-y-la-lampara-maravillosa
GBA Oeste,Showcase,Showcase Haedo,"Av. Rivadavia 16.200, Shopping Haedo",El árbol mágico,2D Doblada,14:05,,,,https://cartelera.ar/pelicula/el-arbol-magico
GBA Oeste,Showcase,Showcase Haedo,"Av. Rivadavia 16.200, Shopping Haedo",El árbol mágico,2D Doblada,16:35,,,,https://cartelera.ar/pelicula/el-arbol-magico
GBA Oeste,Showcase,Showcase Haedo,"Av. Rivadavia 16.200, Shopping Haedo",El árbol mágico,2D Doblada,19:25,,,,https://cartelera.ar/pelicula/el-arbol-magico
GBA Oeste,Showcase,Showcase Haedo,"Av. Rivadavia 16.200, Shopping Haedo",Panda plan 2: la tribu mágica,2D Doblada,13:45,,,,https://cartelera.ar/pelicula/panda-plan-2-la-tribu-magica
GBA Oeste,Showcase,Showcase Haedo,"Av. Rivadavia 16.200, Shopping Haedo",Panda plan 2: la tribu mágica,2D Doblada,17:55,,,,https://cartelera.ar/pelicula/panda-plan-2-la-tribu-magica
GBA Norte,Showcase,Showcase Norte (Norcenter),"Colectora Panamericana 3750, Norcenter",Los Colores Del Tiempo,2D Subtitulada,16:35,,,,https://cartelera.ar/pelicula/los-colores-del-tiempo
GBA Norte,Showcase,Showcase Norte (Norcenter),"Colectora Panamericana 3750, Norcenter",Afterburn (Zona cero),2D Subtitulada,22:15,,,,https://cartelera.ar/pelicula/afterburn-zona-cero
GBA Norte,Showcase,Showcase Norte (Norcenter),"Colectora Panamericana 3750, Norcenter",La invitación,2D Subtitulada,14:25,,,,https://cartelera.ar/pelicula/la-invitacion
GBA Norte,Showcase,Showcase Norte (Norcenter),"Colectora Panamericana 3750, Norcenter",La invitación,2D Subtitulada,16:50,,,,https://cartelera.ar/pelicula/la-invitacion
GBA Norte,Showcase,Showcase Norte (Norcenter),"Colectora Panamericana 3750, Norcenter",La invitación,2D Subtitulada,19:15,,,,https://cartelera.ar/pelicula/la-invitacion
GBA Norte,Showcase,Showcase Norte (Norcenter),"Colectora Panamericana 3750, Norcenter",La invitación,2D Subtitulada,21:50,,,,https://cartelera.ar/pelicula/la-invitacion
GBA Norte,Showcase,Showcase Norte (Norcenter),"Colectora Panamericana 3750, Norcenter",La Odisea,2D Subtitulada,15:30,,,,https://cartelera.ar/pelicula/la-odisea
GBA Norte,Showcase,Showcase Norte (Norcenter),"Colectora Panamericana 3750, Norcenter",La Odisea,2D Subtitulada,18:25,,,,https://cartelera.ar/pelicula/la-odisea
GBA Norte,Showcase,Showcase Norte (Norcenter),"Colectora Panamericana 3750, Norcenter",La Odisea,2D Subtitulada,19:00,,,,https://cartelera.ar/pelicula/la-odisea
GBA Norte,Showcase,Showcase Norte (Norcenter),"Colectora Panamericana 3750, Norcenter",La Odisea,2D Subtitulada,21:40,,,,https://cartelera.ar/pelicula/la-odisea
GBA Norte,Showcase,Showcase Norte (Norcenter),"Colectora Panamericana 3750, Norcenter",Spider-Man: Un nuevo día,2D Doblada,14:15,,,,https://cartelera.ar/pelicula/spider-man-un-nuevo-dia
GBA Norte,Showcase,Showcase Norte (Norcenter),"Colectora Panamericana 3750, Norcenter",Spider-Man: Un nuevo día,2D Doblada,15:55,,,,https://cartelera.ar/pelicula/spider-man-un-nuevo-dia
GBA Norte,Showcase,Showcase Norte (Norcenter),"Colectora Panamericana 3750, Norcenter",Spider-Man: Un nuevo día,3D Doblada,19:00,,,,https://cartelera.ar/pelicula/spider-man-un-nuevo-dia
GBA Norte,Showcase,Showcase Norte (Norcenter),"Colectora Panamericana 3750, Norcenter",Spider-Man: Un nuevo día,2D Doblada,19:20,,,,https://cartelera.ar/pelicula/spider-man-un-nuevo-dia
GBA Norte,Showcase,Showcase Norte (Norcenter),"Colectora Panamericana 3750, Norcenter",Spider-Man: Un nuevo día,2D Subtitulada,19:40,,,,https://cartelera.ar/pelicula/spider-man-un-nuevo-dia
GBA Norte,Showcase,Showcase Norte (Norcenter),"Colectora Panamericana 3750, Norcenter",Spider-Man: Un nuevo día,2D Subtitulada,22:00,,,,https://cartelera.ar/pelicula/spider-man-un-nuevo-dia
GBA Norte,Showcase,Showcase Norte (Norcenter),"Colectora Panamericana 3750, Norcenter",Spider-Man: Un nuevo día,2D Doblada,22:20,,,,https://cartelera.ar/pelicula/spider-man-un-nuevo-dia
GBA Norte,Showcase,Showcase Norte (Norcenter),"Colectora Panamericana 3750, Norcenter",Toy Story 5,2D Doblada,15:10,,,,https://cartelera.ar/pelicula/toy-story-5
GBA Norte,Showcase,Showcase Norte (Norcenter),"Colectora Panamericana 3750, Norcenter",Toy Story 5,2D Doblada,17:30,,,,https://cartelera.ar/pelicula/toy-story-5
GBA Norte,Showcase,Showcase Norte (Norcenter),"Colectora Panamericana 3750, Norcenter",El Final de la Calle Oak,2D Subtitulada,22:30,,,,https://cartelera.ar/pelicula/el-final-de-la-calle-oak
GBA Norte,Showcase,Showcase Norte (Norcenter),"Colectora Panamericana 3750, Norcenter",PAW Patrol: La Dino Película,2D Doblada,13:50,,,,https://cartelera.ar/pelicula/paw-patrol-la-dino-pelicula
GBA Norte,Showcase,Showcase Norte (Norcenter),"Colectora Panamericana 3750, Norcenter",La noche del demonio: Están entre nosotros,2D Doblada,17:15,,,,https://cartelera.ar/pelicula/la-noche-del-demonio-estan-entre-nosotros
GBA Norte,Showcase,Showcase Norte (Norcenter),"Colectora Panamericana 3750, Norcenter",La noche del demonio: Están entre nosotros,2D Subtitulada,22:40,,,,https://cartelera.ar/pelicula/la-noche-del-demonio-estan-entre-nosotros
GBA Norte,Showcase,Showcase Norte (Norcenter),"Colectora Panamericana 3750, Norcenter",Hechizo de amor: La magia continúa,2D Doblada,14:00,,,,https://cartelera.ar/pelicula/hechizo-de-amor-la-magia-continua
GBA Norte,Showcase,Showcase Norte (Norcenter),"Colectora Panamericana 3750, Norcenter",Hechizo de amor: La magia continúa,2D Doblada,16:45,,,,https://cartelera.ar/pelicula/hechizo-de-amor-la-magia-continua
GBA Norte,Showcase,Showcase Norte (Norcenter),"Colectora Panamericana 3750, Norcenter",Hechizo de amor: La magia continúa,2D Subtitulada,19:35,,,,https://cartelera.ar/pelicula/hechizo-de-amor-la-magia-continua
GBA Norte,Showcase,Showcase Norte (Norcenter),"Colectora Panamericana 3750, Norcenter",Hechizo de amor: La magia continúa,2D Subtitulada,22:25,,,,https://cartelera.ar/pelicula/hechizo-de-amor-la-magia-continua
GBA Norte,Showcase,Showcase Norte (Norcenter),"Colectora Panamericana 3750, Norcenter",Código: Venganza,2D Subtitulada,22:25,,,,https://cartelera.ar/pelicula/codigo-venganza
GBA Norte,Showcase,Showcase Norte (Norcenter),"Colectora Panamericana 3750, Norcenter",Resident Evil: Noche Cero,2D Doblada,14:10,,,,https://cartelera.ar/pelicula/resident-evil-noche-cero
GBA Norte,Showcase,Showcase Norte (Norcenter),"Colectora Panamericana 3750, Norcenter",Resident Evil: Noche Cero,2D Subtitulada,15:25,,,,https://cartelera.ar/pelicula/resident-evil-noche-cero
GBA Norte,Showcase,Showcase Norte (Norcenter),"Colectora Panamericana 3750, Norcenter",Resident Evil: Noche Cero,2D Doblada,16:25,,,,https://cartelera.ar/pelicula/resident-evil-noche-cero
GBA Norte,Showcase,Showcase Norte (Norcenter),"Colectora Panamericana 3750, Norcenter",Resident Evil: Noche Cero,2D Subtitulada,17:40,,,,https://cartelera.ar/pelicula/resident-evil-noche-cero
GBA Norte,Showcase,Showcase Norte (Norcenter),"Colectora Panamericana 3750, Norcenter",Resident Evil: Noche Cero,2D Doblada,19:55,,,,https://cartelera.ar/pelicula/resident-evil-noche-cero
GBA Norte,Showcase,Showcase Norte (Norcenter),"Colectora Panamericana 3750, Norcenter",Resident Evil: Noche Cero,2D Subtitulada,20:20,,,,https://cartelera.ar/pelicula/resident-evil-noche-cero
GBA Norte,Showcase,Showcase Norte (Norcenter),"Colectora Panamericana 3750, Norcenter",Resident Evil: Noche Cero,2D Doblada,22:10,,,,https://cartelera.ar/pelicula/resident-evil-noche-cero
GBA Norte,Showcase,Showcase Norte (Norcenter),"Colectora Panamericana 3750, Norcenter",Resident Evil: Noche Cero,2D Subtitulada,22:35,,,,https://cartelera.ar/pelicula/resident-evil-noche-cero
GBA Norte,Showcase,Showcase Norte (Norcenter),"Colectora Panamericana 3750, Norcenter",Pepita la Pistolera,2D Doblada,17:05,,,,https://cartelera.ar/pelicula/pepita-la-pistolera
GBA Norte,Showcase,Showcase Norte (Norcenter),"Colectora Panamericana 3750, Norcenter",Pepita la Pistolera,2D Doblada,19:45,,,,https://cartelera.ar/pelicula/pepita-la-pistolera
GBA Norte,Showcase,Showcase Norte (Norcenter),"Colectora Panamericana 3750, Norcenter",Pepita la Pistolera,2D Doblada,22:05,,,,https://cartelera.ar/pelicula/pepita-la-pistolera
GBA Norte,Showcase,Showcase Norte (Norcenter),"Colectora Panamericana 3750, Norcenter",Terminator 2: El juicio final,2D Subtitulada,19:30,,,,https://cartelera.ar/pelicula/terminator-2-el-juicio-final
GBA Norte,Showcase,Showcase Norte (Norcenter),"Colectora Panamericana 3750, Norcenter",One Piece: La película,2D Subtitulada,14:05,,,,https://cartelera.ar/pelicula/one-piece-la-pelicula
GBA Norte,Showcase,Showcase Norte (Norcenter),"Colectora Panamericana 3750, Norcenter",One Piece: La película,2D Subtitulada,18:40,,,,https://cartelera.ar/pelicula/one-piece-la-pelicula
GBA Norte,Showcase,Showcase Norte (Norcenter),"Colectora Panamericana 3750, Norcenter",Ice Cream Man,2D Subtitulada,22:40,,,,https://cartelera.ar/pelicula/ice-cream-man
GBA Norte,Showcase,Showcase Norte (Norcenter),"Colectora Panamericana 3750, Norcenter",La constelación del perro,2D Subtitulada,15:40,,,,https://cartelera.ar/pelicula/la-constelacion-del-perro
GBA Norte,Showcase,Showcase Norte (Norcenter),"Colectora Panamericana 3750, Norcenter",La constelación del perro,2D Subtitulada,21:55,,,,https://cartelera.ar/pelicula/la-constelacion-del-perro
GBA Norte,Showcase,Showcase Norte (Norcenter),"Colectora Panamericana 3750, Norcenter",Moana,2D Doblada,14:30,,,,https://cartelera.ar/pelicula/moana
GBA Norte,Showcase,Showcase Norte (Norcenter),"Colectora Panamericana 3750, Norcenter",Coyote vs. Acme,2D Doblada,14:20,,,,https://cartelera.ar/pelicula/coyote-vs-acme
GBA Norte,Showcase,Showcase Norte (Norcenter),"Colectora Panamericana 3750, Norcenter",Coyote vs. Acme,2D Doblada,17:00,,,,https://cartelera.ar/pelicula/coyote-vs-acme
GBA Norte,Showcase,Showcase Norte (Norcenter),"Colectora Panamericana 3750, Norcenter",Coyote vs. Acme,2D Doblada,19:20,,,,https://cartelera.ar/pelicula/coyote-vs-acme
GBA Norte,Showcase,Showcase Norte (Norcenter),"Colectora Panamericana 3750, Norcenter",Coyote vs. Acme,2D Doblada,21:45,,,,https://cartelera.ar/pelicula/coyote-vs-acme
GBA Norte,Showcase,Showcase Norte (Norcenter),"Colectora Panamericana 3750, Norcenter",Yo Narciso,2D Doblada,15:15,,,,https://cartelera.ar/pelicula/yo-narciso
GBA Norte,Showcase,Showcase Norte (Norcenter),"Colectora Panamericana 3750, Norcenter",Yo Narciso,2D Doblada,17:35,,,,https://cartelera.ar/pelicula/yo-narciso
GBA Norte,Showcase,Showcase Norte (Norcenter),"Colectora Panamericana 3750, Norcenter",Yo Narciso,2D Doblada,19:50,,,,https://cartelera.ar/pelicula/yo-narciso
GBA Norte,Showcase,Showcase Norte (Norcenter),"Colectora Panamericana 3750, Norcenter",Yo Narciso,2D Doblada,22:15,,,,https://cartelera.ar/pelicula/yo-narciso
GBA Norte,Showcase,Showcase Norte (Norcenter),"Colectora Panamericana 3750, Norcenter",Tres adioses,2D Subtitulada,13:55,,,,https://cartelera.ar/pelicula/tres-adioses
GBA Norte,Showcase,Showcase Norte (Norcenter),"Colectora Panamericana 3750, Norcenter",Tres adioses,2D Subtitulada,19:25,,,,https://cartelera.ar/pelicula/tres-adioses
GBA Norte,Showcase,Showcase Norte (Norcenter),"Colectora Panamericana 3750, Norcenter",Oasis: Dont Look Back In Anger,2D Subtitulada,20:00,,,,https://cartelera.ar/pelicula/oasis-dont-look-back-in-anger
GBA Norte,Showcase,Showcase Norte (Norcenter),"Colectora Panamericana 3750, Norcenter",Tadeo : El Explorador Y La Lampara Maravillosa,2D Doblada,14:35,,,,https://cartelera.ar/pelicula/tadeo-el-explorador-y-la-lampara-maravillosa
GBA Norte,Showcase,Showcase Norte (Norcenter),"Colectora Panamericana 3750, Norcenter",Tadeo : El Explorador Y La Lampara Maravillosa,2D Doblada,16:55,,,,https://cartelera.ar/pelicula/tadeo-el-explorador-y-la-lampara-maravillosa
GBA Norte,Showcase,Showcase Norte (Norcenter),"Colectora Panamericana 3750, Norcenter",El árbol mágico,2D Doblada,14:10,,,,https://cartelera.ar/pelicula/el-arbol-magico
GBA Norte,Showcase,Showcase Norte (Norcenter),"Colectora Panamericana 3750, Norcenter",El árbol mágico,2D Doblada,16:40,,,,https://cartelera.ar/pelicula/el-arbol-magico
GBA Norte,Showcase,Showcase Norte (Norcenter),"Colectora Panamericana 3750, Norcenter",El árbol mágico,2D Doblada,19:10,,,,https://cartelera.ar/pelicula/el-arbol-magico
GBA Norte,Showcase,Showcase Norte (Norcenter),"Colectora Panamericana 3750, Norcenter",Panda plan 2: la tribu mágica,2D Doblada,14:50,,,,https://cartelera.ar/pelicula/panda-plan-2-la-tribu-magica
GBA Norte,Showcase,Showcase Norte (Norcenter),"Colectora Panamericana 3750, Norcenter",Panda plan 2: la tribu mágica,2D Doblada,17:10,,,,https://cartelera.ar/pelicula/panda-plan-2-la-tribu-magica
CABA,Cine Independiente,Cine Gaumont,"Av. Rivadavia 1635, Congreso",Pepita la Pistolera,2D Doblada,17:15,,,,https://cartelera.ar/pelicula/pepita-la-pistolera
CABA,Cine Independiente,Cine Gaumont,"Av. Rivadavia 1635, Congreso",Canelones,2D Doblada,15:00,,,,https://cartelera.ar/pelicula/canelones
CABA,Cine Independiente,Cine Gaumont,"Av. Rivadavia 1635, Congreso",Yo Narciso,2D Doblada,14:00,,,,https://cartelera.ar/pelicula/yo-narciso
CABA,Cine Independiente,Cine Gaumont,"Av. Rivadavia 1635, Congreso",Yo Narciso,2D Doblada,17:30,,,,https://cartelera.ar/pelicula/yo-narciso
CABA,Cine Independiente,Cine Gaumont,"Av. Rivadavia 1635, Congreso",Lu & Pau,2D Doblada,14:30,,,,https://cartelera.ar/pelicula/lu-pau
CABA,Cine Independiente,Cine Gaumont,"Av. Rivadavia 1635, Congreso",Suite Juárez,2D Doblada,16:00,,,,https://cartelera.ar/pelicula/suite-juarez
GBA Norte,Atlas Cines,Atlas Nordelta,"Av. de los Lagos 7008, Nordelta Centro Comercial",La invitación,2D Subtitulada,19:20,,,,https://cartelera.ar/pelicula/la-invitacion
GBA Norte,Atlas Cines,Atlas Nordelta,"Av. de los Lagos 7008, Nordelta Centro Comercial",La Odisea,2D Subtitulada,21:30,,,,https://cartelera.ar/pelicula/la-odisea
GBA Norte,Atlas Cines,Atlas Nordelta,"Av. de los Lagos 7008, Nordelta Centro Comercial",Spider-Man: Un nuevo día,2D Doblada,16:20,,,,https://cartelera.ar/pelicula/spider-man-un-nuevo-dia
GBA Norte,Atlas Cines,Atlas Nordelta,"Av. de los Lagos 7008, Nordelta Centro Comercial",Spider-Man: Un nuevo día,2D Subtitulada,21:40,,,,https://cartelera.ar/pelicula/spider-man-un-nuevo-dia
GBA Norte,Atlas Cines,Atlas Nordelta,"Av. de los Lagos 7008, Nordelta Centro Comercial",Minions & monstruos,2D Doblada,16:50,,,,https://cartelera.ar/pelicula/minions-monstruos
GBA Norte,Atlas Cines,Atlas Nordelta,"Av. de los Lagos 7008, Nordelta Centro Comercial",Resident Evil: Noche Cero,2D Doblada,14:00,,,,https://cartelera.ar/pelicula/resident-evil-noche-cero
GBA Norte,Atlas Cines,Atlas Nordelta,"Av. de los Lagos 7008, Nordelta Centro Comercial",Resident Evil: Noche Cero,2D Doblada,16:10,,,,https://cartelera.ar/pelicula/resident-evil-noche-cero
GBA Norte,Atlas Cines,Atlas Nordelta,"Av. de los Lagos 7008, Nordelta Centro Comercial",Resident Evil: Noche Cero,2D Doblada,18:20,,,,https://cartelera.ar/pelicula/resident-evil-noche-cero
GBA Norte,Atlas Cines,Atlas Nordelta,"Av. de los Lagos 7008, Nordelta Centro Comercial",Resident Evil: Noche Cero,2D Subtitulada,20:30,,,,https://cartelera.ar/pelicula/resident-evil-noche-cero
GBA Norte,Atlas Cines,Atlas Nordelta,"Av. de los Lagos 7008, Nordelta Centro Comercial",Resident Evil: Noche Cero,2D Subtitulada,22:40,,,,https://cartelera.ar/pelicula/resident-evil-noche-cero
GBA Norte,Atlas Cines,Atlas Nordelta,"Av. de los Lagos 7008, Nordelta Centro Comercial",Coyote vs. Acme,2D Doblada,15:00,,,,https://cartelera.ar/pelicula/coyote-vs-acme
GBA Norte,Atlas Cines,Atlas Nordelta,"Av. de los Lagos 7008, Nordelta Centro Comercial",Coyote vs. Acme,2D Doblada,17:20,,,,https://cartelera.ar/pelicula/coyote-vs-acme
GBA Norte,Atlas Cines,Atlas Nordelta,"Av. de los Lagos 7008, Nordelta Centro Comercial",Yo Narciso,2D Doblada,22:30,,,,https://cartelera.ar/pelicula/yo-narciso
GBA Norte,Atlas Cines,Atlas Nordelta,"Av. de los Lagos 7008, Nordelta Centro Comercial",Prácticamente magia 2,2D Subtitulada,18:50,,,,https://cartelera.ar/pelicula/practicamente-magia-2
GBA Norte,Atlas Cines,Atlas Nordelta,"Av. de los Lagos 7008, Nordelta Centro Comercial",Tres adioses,2D Subtitulada,19:40,,,,https://cartelera.ar/pelicula/tres-adioses
GBA Norte,Atlas Cines,Atlas Nordelta,"Av. de los Lagos 7008, Nordelta Centro Comercial",Tres adioses,2D Subtitulada,22:10,,,,https://cartelera.ar/pelicula/tres-adioses
GBA Norte,Atlas Cines,Atlas Nordelta,"Av. de los Lagos 7008, Nordelta Centro Comercial",Tadeo el Explorador y la Lampa,2D Doblada,15:40,,,,https://cartelera.ar/pelicula/tadeo-el-explorador-y-la-lampa
GBA Norte,Atlas Cines,Atlas Nordelta,"Av. de los Lagos 7008, Nordelta Centro Comercial",El árbol mágico,2D Doblada,17:40,,,,https://cartelera.ar/pelicula/el-arbol-magico
GBA Norte,Atlas Cines,Atlas Nordelta,"Av. de los Lagos 7008, Nordelta Centro Comercial",El árbol mágico,2D Doblada,20:00,,,,https://cartelera.ar/pelicula/el-arbol-magico
GBA Sur,Atlas Cines,Atlas Catan,"Camino de Cintura 2727, Shopping Catan",Afterburn (Zona cero),2D Doblada,22:20,,,,https://cartelera.ar/pelicula/afterburn-zona-cero
GBA Sur,Atlas Cines,Atlas Catan,"Camino de Cintura 2727, Shopping Catan",Spider-Man: Un nuevo día,4DX Doblada,14:20,,,,https://cartelera.ar/pelicula/spider-man-un-nuevo-dia
GBA Sur,Atlas Cines,Atlas Catan,"Camino de Cintura 2727, Shopping Catan",Spider-Man: Un nuevo día,2D Doblada,15:40,,,,https://cartelera.ar/pelicula/spider-man-un-nuevo-dia
GBA Sur,Atlas Cines,Atlas Catan,"Camino de Cintura 2727, Shopping Catan",Spider-Man: Un nuevo día,2D Doblada,18:40,,,,https://cartelera.ar/pelicula/spider-man-un-nuevo-dia
GBA Sur,Atlas Cines,Atlas Catan,"Camino de Cintura 2727, Shopping Catan",Spider-Man: Un nuevo día,2D Doblada,21:40,,,,https://cartelera.ar/pelicula/spider-man-un-nuevo-dia
GBA Sur,Atlas Cines,Atlas Catan,"Camino de Cintura 2727, Shopping Catan",Resident Evil: Noche Cero,2D Doblada,16:00,,,,https://cartelera.ar/pelicula/resident-evil-noche-cero
GBA Sur,Atlas Cines,Atlas Catan,"Camino de Cintura 2727, Shopping Catan",Resident Evil: Noche Cero,4DX Doblada,17:20,,,,https://cartelera.ar/pelicula/resident-evil-noche-cero
GBA Sur,Atlas Cines,Atlas Catan,"Camino de Cintura 2727, Shopping Catan",Resident Evil: Noche Cero,2D Doblada,18:10,,,,https://cartelera.ar/pelicula/resident-evil-noche-cero
GBA Sur,Atlas Cines,Atlas Catan,"Camino de Cintura 2727, Shopping Catan",Resident Evil: Noche Cero,4DX Doblada,19:20,,,,https://cartelera.ar/pelicula/resident-evil-noche-cero
GBA Sur,Atlas Cines,Atlas Catan,"Camino de Cintura 2727, Shopping Catan",Resident Evil: Noche Cero,2D Doblada,20:20,,,,https://cartelera.ar/pelicula/resident-evil-noche-cero
GBA Sur,Atlas Cines,Atlas Catan,"Camino de Cintura 2727, Shopping Catan",Resident Evil: Noche Cero,4DX Doblada,21:30,,,,https://cartelera.ar/pelicula/resident-evil-noche-cero
GBA Sur,Atlas Cines,Atlas Catan,"Camino de Cintura 2727, Shopping Catan",Resident Evil: Noche Cero,2D Doblada,22:40,,,,https://cartelera.ar/pelicula/resident-evil-noche-cero
GBA Sur,Atlas Cines,Atlas Catan,"Camino de Cintura 2727, Shopping Catan",One Piece: La película,2D Subtitulada,18:50,,,,https://cartelera.ar/pelicula/one-piece-la-pelicula
GBA Sur,Atlas Cines,Atlas Catan,"Camino de Cintura 2727, Shopping Catan",Ice Cream Man,2D Doblada,17:00,,,,https://cartelera.ar/pelicula/ice-cream-man
GBA Sur,Atlas Cines,Atlas Catan,"Camino de Cintura 2727, Shopping Catan",Coyote vs. Acme,2D Doblada,14:50,,,,https://cartelera.ar/pelicula/coyote-vs-acme
GBA Sur,Atlas Cines,Atlas Catan,"Camino de Cintura 2727, Shopping Catan",Coyote vs. Acme,2D Doblada,17:50,,,,https://cartelera.ar/pelicula/coyote-vs-acme
GBA Sur,Atlas Cines,Atlas Catan,"Camino de Cintura 2727, Shopping Catan",Insidious: Fuera del más allá,2D Doblada,20:10,,,,https://cartelera.ar/pelicula/insidious-fuera-del-mas-alla
GBA Sur,Atlas Cines,Atlas Catan,"Camino de Cintura 2727, Shopping Catan",Insidious: Fuera del más allá,2D Doblada,22:30,,,,https://cartelera.ar/pelicula/insidious-fuera-del-mas-alla
GBA Sur,Atlas Cines,Atlas Catan,"Camino de Cintura 2727, Shopping Catan",Prácticamente magia 2,2D Doblada,20:00,,,,https://cartelera.ar/pelicula/practicamente-magia-2
GBA Sur,Atlas Cines,Atlas Catan,"Camino de Cintura 2727, Shopping Catan",Tadeo el Explorador y la Lampa,2D Doblada,15:50,,,,https://cartelera.ar/pelicula/tadeo-el-explorador-y-la-lampa
CABA,Atlas Cines,Atlas Alcorta,"Jerónimo Salguero 3172, Alcorta Shopping",La invitación,2D Subtitulada,19:40,,,,https://cartelera.ar/pelicula/la-invitacion
CABA,Atlas Cines,Atlas Alcorta,"Jerónimo Salguero 3172, Alcorta Shopping",La invitación,2D Subtitulada,22:00,,,,https://cartelera.ar/pelicula/la-invitacion
CABA,Atlas Cines,Atlas Alcorta,"Jerónimo Salguero 3172, Alcorta Shopping",PAW Patrol: La Dino Película,2D Doblada,15:10,,,,https://cartelera.ar/pelicula/paw-patrol-la-dino-pelicula
CABA,Atlas Cines,Atlas Alcorta,"Jerónimo Salguero 3172, Alcorta Shopping",Coyote vs. Acme,2D Doblada,17:20,,,,https://cartelera.ar/pelicula/coyote-vs-acme
CABA,Atlas Cines,Atlas Alcorta,"Jerónimo Salguero 3172, Alcorta Shopping",Prácticamente magia 2,2D Subtitulada,21:40,,,,https://cartelera.ar/pelicula/practicamente-magia-2
CABA,Atlas Cines,Atlas Alcorta,"Jerónimo Salguero 3172, Alcorta Shopping",Tadeo el Explorador y la Lampa,2D Doblada,14:30,,,,https://cartelera.ar/pelicula/tadeo-el-explorador-y-la-lampa
CABA,Atlas Cines,Atlas Alcorta,"Jerónimo Salguero 3172, Alcorta Shopping",El árbol mágico,2D Doblada,16:40,,,,https://cartelera.ar/pelicula/el-arbol-magico
CABA,Atlas Cines,Atlas Alcorta,"Jerónimo Salguero 3172, Alcorta Shopping",El árbol mágico,2D Doblada,19:10,,,,https://cartelera.ar/pelicula/el-arbol-magico
CABA,Atlas Cines,Atlas Flores,"Rivera Indarte 44, Flores",La Odisea,2D Doblada,18:30,,,,https://cartelera.ar/pelicula/la-odisea
CABA,Atlas Cines,Atlas Flores,"Rivera Indarte 44, Flores",Spider-Man: Un nuevo día,2D Doblada,15:30,,,,https://cartelera.ar/pelicula/spider-man-un-nuevo-dia
CABA,Atlas Cines,Atlas Flores,"Rivera Indarte 44, Flores",Spider-Man: Un nuevo día,2D Doblada,17:10,,,,https://cartelera.ar/pelicula/spider-man-un-nuevo-dia
CABA,Atlas Cines,Atlas Flores,"Rivera Indarte 44, Flores",Resident Evil: Noche Cero,2D Doblada,14:40,,,,https://cartelera.ar/pelicula/resident-evil-noche-cero
CABA,Atlas Cines,Atlas Flores,"Rivera Indarte 44, Flores",Resident Evil: Noche Cero,2D Doblada,16:50,,,,https://cartelera.ar/pelicula/resident-evil-noche-cero
CABA,Atlas Cines,Atlas Flores,"Rivera Indarte 44, Flores",Resident Evil: Noche Cero,2D Doblada,20:30,,,,https://cartelera.ar/pelicula/resident-evil-noche-cero
CABA,Atlas Cines,Atlas Flores,"Rivera Indarte 44, Flores",Resident Evil: Noche Cero,2D Doblada,22:40,,,,https://cartelera.ar/pelicula/resident-evil-noche-cero
CABA,Atlas Cines,Atlas Flores,"Rivera Indarte 44, Flores",One Piece: La película,2D Subtitulada,19:00,,,,https://cartelera.ar/pelicula/one-piece-la-pelicula
CABA,Atlas Cines,Atlas Flores,"Rivera Indarte 44, Flores",Ice Cream Man,2D Doblada,22:40,,,,https://cartelera.ar/pelicula/ice-cream-man
CABA,Atlas Cines,Atlas Flores,"Rivera Indarte 44, Flores",Coyote vs. Acme,2D Doblada,15:10,,,,https://cartelera.ar/pelicula/coyote-vs-acme
CABA,Atlas Cines,Atlas Flores,"Rivera Indarte 44, Flores",Coyote vs. Acme,2D Doblada,17:30,,,,https://cartelera.ar/pelicula/coyote-vs-acme
CABA,Atlas Cines,Atlas Flores,"Rivera Indarte 44, Flores",Coyote vs. Acme,2D Doblada,19:50,,,,https://cartelera.ar/pelicula/coyote-vs-acme
CABA,Atlas Cines,Atlas Flores,"Rivera Indarte 44, Flores",Insidious: Fuera del más allá,2D Doblada,20:00,,,,https://cartelera.ar/pelicula/insidious-fuera-del-mas-alla
CABA,Atlas Cines,Atlas Flores,"Rivera Indarte 44, Flores",Insidious: Fuera del más allá,2D Doblada,22:20,,,,https://cartelera.ar/pelicula/insidious-fuera-del-mas-alla
CABA,Atlas Cines,Atlas Flores,"Rivera Indarte 44, Flores",Prácticamente magia 2,2D Doblada,22:00,,,,https://cartelera.ar/pelicula/practicamente-magia-2
CABA,Atlas Cines,Atlas Flores,"Rivera Indarte 44, Flores",Tadeo el Explorador y la Lampa,2D Doblada,14:50,,,,https://cartelera.ar/pelicula/tadeo-el-explorador-y-la-lampa
CABA,Atlas Cines,Atlas Flores,"Rivera Indarte 44, Flores",Romeo y Ofelia,2D Doblada,22:00,,,,https://cartelera.ar/pelicula/romeo-y-ofelia
CABA,Atlas Cines,Atlas Flores,"Rivera Indarte 44, Flores",El árbol mágico,2D Doblada,15:10,,,,https://cartelera.ar/pelicula/el-arbol-magico
CABA,Atlas Cines,Atlas Flores,"Rivera Indarte 44, Flores",El árbol mágico,2D Doblada,17:40,,,,https://cartelera.ar/pelicula/el-arbol-magico
CABA,Atlas Cines,Atlas Flores,"Rivera Indarte 44, Flores",El árbol mágico,2D Doblada,20:20,,,,https://cartelera.ar/pelicula/el-arbol-magico
GBA Norte,Showcase,IMAX Showcase Norte,"Av. Ricardo Balbín 2550, Shopping Norcenter",Resident Evil: Noche Cero,IMAX Subtitulada,15:35,,,,https://cartelera.ar/pelicula/resident-evil-noche-cero
GBA Norte,Showcase,IMAX Showcase Norte,"Av. Ricardo Balbín 2550, Shopping Norcenter",Resident Evil: Noche Cero,IMAX Subtitulada,17:50,,,,https://cartelera.ar/pelicula/resident-evil-noche-cero
GBA Norte,Showcase,IMAX Showcase Norte,"Av. Ricardo Balbín 2550, Shopping Norcenter",Resident Evil: Noche Cero,IMAX Subtitulada,20:05,,,,https://cartelera.ar/pelicula/resident-evil-noche-cero
GBA Norte,Showcase,IMAX Showcase Norte,"Av. Ricardo Balbín 2550, Shopping Norcenter",Resident Evil: Noche Cero,IMAX Subtitulada,22:20,,,,https://cartelera.ar/pelicula/resident-evil-noche-cero
CABA,Atlas Cines,Atlas Liniers,"Av. Rivadavia 11177, Liniers",Afterburn (Zona cero),2D Doblada,21:10,,,,https://cartelera.ar/pelicula/afterburn-zona-cero
CABA,Atlas Cines,Atlas Liniers,"Av. Rivadavia 11177, Liniers",Spider-Man: Un nuevo día,2D Doblada,18:00,,,,https://cartelera.ar/pelicula/spider-man-un-nuevo-dia
CABA,Atlas Cines,Atlas Liniers,"Av. Rivadavia 11177, Liniers",Minions & monstruos,2D Doblada,16:00,,,,https://cartelera.ar/pelicula/minions-monstruos
CABA,Atlas Cines,Atlas Liniers,"Av. Rivadavia 11177, Liniers",Resident Evil: Noche Cero,2D Doblada,17:30,,,,https://cartelera.ar/pelicula/resident-evil-noche-cero
CABA,Atlas Cines,Atlas Liniers,"Av. Rivadavia 11177, Liniers",Resident Evil: Noche Cero,2D Doblada,19:40,,,,https://cartelera.ar/pelicula/resident-evil-noche-cero
CABA,Atlas Cines,Atlas Liniers,"Av. Rivadavia 11177, Liniers",Resident Evil: Noche Cero,2D Doblada,21:50,,,,https://cartelera.ar/pelicula/resident-evil-noche-cero
CABA,Atlas Cines,Atlas Liniers,"Av. Rivadavia 11177, Liniers",Ice Cream Man,2D Doblada,21:30,,,,https://cartelera.ar/pelicula/ice-cream-man
CABA,Atlas Cines,Atlas Liniers,"Av. Rivadavia 11177, Liniers",Coyote vs. Acme,2D Doblada,16:30,,,,https://cartelera.ar/pelicula/coyote-vs-acme
CABA,Atlas Cines,Atlas Liniers,"Av. Rivadavia 11177, Liniers",Coyote vs. Acme,2D Doblada,18:50,,,,https://cartelera.ar/pelicula/coyote-vs-acme
CABA,Atlas Cines,Atlas Liniers,"Av. Rivadavia 11177, Liniers",Prácticamente magia 2,2D Doblada,20:50,,,,https://cartelera.ar/pelicula/practicamente-magia-2
CABA,Atlas Cines,Atlas Liniers,"Av. Rivadavia 11177, Liniers",El árbol mágico,2D Doblada,16:50,,,,https://cartelera.ar/pelicula/el-arbol-magico
CABA,Atlas Cines,Atlas Liniers,"Av. Rivadavia 11177, Liniers",El árbol mágico,2D Doblada,19:10,,,,https://cartelera.ar/pelicula/el-arbol-magico
CABA,Cine Independiente,CineArte Cacodelphia,"Roque Sáenz Peña 1150, Buenos Aires",Los Colores Del Tiempo,2D Subtitulada,18:30,,,,https://cartelera.ar/pelicula/los-colores-del-tiempo
CABA,Cine Independiente,CineArte Cacodelphia,"Roque Sáenz Peña 1150, Buenos Aires",La Negociación (The Negotiation),2D Subtitulada,20:40,,,,https://cartelera.ar/pelicula/la-negociacion-the-negotiation
CABA,Cine Independiente,CineArte Cacodelphia,"Roque Sáenz Peña 1150, Buenos Aires",La invitación,2D Subtitulada,16:50,,,,https://cartelera.ar/pelicula/la-invitacion
CABA,Cine Independiente,CineArte Cacodelphia,"Roque Sáenz Peña 1150, Buenos Aires",La invitación,2D Subtitulada,19:00,,,,https://cartelera.ar/pelicula/la-invitacion
CABA,Cine Independiente,CineArte Cacodelphia,"Roque Sáenz Peña 1150, Buenos Aires",Una quinta en Portugal,2D Doblada,16:00,,,,https://cartelera.ar/pelicula/una-quinta-en-portugal
CABA,Cine Independiente,CineArte Cacodelphia,"Roque Sáenz Peña 1150, Buenos Aires","Adolescencia, Sexo y Muerte en Campamento Miasma",2D Subtitulada,20:50,,,,https://cartelera.ar/pelicula/adolescencia-sexo-y-muerte-en-campamento-miasma
CABA,Cine Independiente,CineArte Cacodelphia,"Roque Sáenz Peña 1150, Buenos Aires",Old Boy,2D Subtitulada,21:00,,,,https://cartelera.ar/pelicula/old-boy
CABA,Cine Independiente,CineArte Cacodelphia,"Roque Sáenz Peña 1150, Buenos Aires",Tres adioses,2D Subtitulada,16:10,,,,https://cartelera.ar/pelicula/tres-adioses
CABA,Cine Independiente,CineArte Cacodelphia,"Roque Sáenz Peña 1150, Buenos Aires",Tres adioses,2D Subtitulada,18:20,,,,https://cartelera.ar/pelicula/tres-adioses
CABA,Atlas Cines,Atlas Patio Bullrich,"Av. del Libertador 750, Patio Bullrich",Los Colores Del Tiempo,2D Subtitulada,16:40,,,,https://cartelera.ar/pelicula/los-colores-del-tiempo
CABA,Atlas Cines,Atlas Patio Bullrich,"Av. del Libertador 750, Patio Bullrich",Los Colores Del Tiempo,2D Subtitulada,19:10,,,,https://cartelera.ar/pelicula/los-colores-del-tiempo
CABA,Atlas Cines,Atlas Patio Bullrich,"Av. del Libertador 750, Patio Bullrich",La invitación,2D Subtitulada,17:10,,,,https://cartelera.ar/pelicula/la-invitacion
CABA,Atlas Cines,Atlas Patio Bullrich,"Av. del Libertador 750, Patio Bullrich",La invitación,2D Subtitulada,22:00,,,,https://cartelera.ar/pelicula/la-invitacion
CABA,Atlas Cines,Atlas Patio Bullrich,"Av. del Libertador 750, Patio Bullrich",Una quinta en Portugal,2D Doblada,16:20,,,,https://cartelera.ar/pelicula/una-quinta-en-portugal
CABA,Atlas Cines,Atlas Patio Bullrich,"Av. del Libertador 750, Patio Bullrich",Una quinta en Portugal,2D Doblada,21:20,,,,https://cartelera.ar/pelicula/una-quinta-en-portugal
CABA,Atlas Cines,Atlas Patio Bullrich,"Av. del Libertador 750, Patio Bullrich",El Gran Falsificador,2D Subtitulada,18:40,,,,https://cartelera.ar/pelicula/el-gran-falsificador
CABA,Atlas Cines,Atlas Patio Bullrich,"Av. del Libertador 750, Patio Bullrich",Prácticamente magia 2,2D Doblada,18:30,,,,https://cartelera.ar/pelicula/practicamente-magia-2
CABA,Atlas Cines,Atlas Patio Bullrich,"Av. del Libertador 750, Patio Bullrich",Prácticamente magia 2,2D Subtitulada,21:10,,,,https://cartelera.ar/pelicula/practicamente-magia-2
CABA,Atlas Cines,Atlas Patio Bullrich,"Av. del Libertador 750, Patio Bullrich",Tres adioses,2D Subtitulada,16:00,,,,https://cartelera.ar/pelicula/tres-adioses
CABA,Atlas Cines,Atlas Patio Bullrich,"Av. del Libertador 750, Patio Bullrich",Tres adioses,2D Subtitulada,19:30,,,,https://cartelera.ar/pelicula/tres-adioses
CABA,Atlas Cines,Atlas Patio Bullrich,"Av. del Libertador 750, Patio Bullrich",Tres adioses,2D Subtitulada,21:40,,,,https://cartelera.ar/pelicula/tres-adioses
,Cinemark Hoyts,DOT,,HECHIZO DE AMOR: LA MAGIA CONTINUA,2D Subtitulada,11:30,,,,https://www.cinemark.com.ar/peliculas/hechizo-de-amor-la-magia-continua
,Cinemark Hoyts,DOT,,HECHIZO DE AMOR: LA MAGIA CONTINUA,2D Subtitulada,17:10,,,,https://www.cinemark.com.ar/peliculas/hechizo-de-amor-la-magia-continua
,Cinemark Hoyts,DOT,,HECHIZO DE AMOR: LA MAGIA CONTINUA,2D Subtitulada,23:10,,,,https://www.cinemark.com.ar/peliculas/hechizo-de-amor-la-magia-continua
,Cinemark Hoyts,DOT,,RESIDENT EVIL: NOCHE CERO,PREMIER 2D Subtitulada,11:40,,,,https://www.cinemark.com.ar/peliculas/resident-evil-noche-cero
,Cinemark Hoyts,DOT,,RESIDENT EVIL: NOCHE CERO,XD 2D Subtitulada,12:30,,,,https://www.cinemark.com.ar/peliculas/resident-evil-noche-cero
,Cinemark Hoyts,DOT,,RESIDENT EVIL: NOCHE CERO,PREMIER 2D Subtitulada,14:00,,,,https://www.cinemark.com.ar/peliculas/resident-evil-noche-cero
,Cinemark Hoyts,DOT,,RESIDENT EVIL: NOCHE CERO,XD 2D Subtitulada,15:00,,,,https://www.cinemark.com.ar/peliculas/resident-evil-noche-cero
,Cinemark Hoyts,DOT,,RESIDENT EVIL: NOCHE CERO,PREMIER 2D Subtitulada,16:30,,,,https://www.cinemark.com.ar/peliculas/resident-evil-noche-cero
,Cinemark Hoyts,DOT,,RESIDENT EVIL: NOCHE CERO,XD 2D Subtitulada,17:30,,,,https://www.cinemark.com.ar/peliculas/resident-evil-noche-cero
,Cinemark Hoyts,DOT,,RESIDENT EVIL: NOCHE CERO,PREMIER 2D Subtitulada,19:00,,,,https://www.cinemark.com.ar/peliculas/resident-evil-noche-cero
,Cinemark Hoyts,DOT,,RESIDENT EVIL: NOCHE CERO,XD 2D Subtitulada,20:00,,,,https://www.cinemark.com.ar/peliculas/resident-evil-noche-cero
,Cinemark Hoyts,DOT,,RESIDENT EVIL: NOCHE CERO,4D 2D Subtitulada,20:30,,,,https://www.cinemark.com.ar/peliculas/resident-evil-noche-cero
,Cinemark Hoyts,DOT,,RESIDENT EVIL: NOCHE CERO,PREMIER 2D Subtitulada,21:30,,,,https://www.cinemark.com.ar/peliculas/resident-evil-noche-cero
,Cinemark Hoyts,DOT,,RESIDENT EVIL: NOCHE CERO,XD 2D Subtitulada,22:30,,,,https://www.cinemark.com.ar/peliculas/resident-evil-noche-cero
,Cinemark Hoyts,DOT,,RESIDENT EVIL: NOCHE CERO,4D 2D Subtitulada,23:00,,,,https://www.cinemark.com.ar/peliculas/resident-evil-noche-cero
,Cinemark Hoyts,DOT,,"YO, NARCISO",2D Doblada,11:50,,,,https://www.cinemark.com.ar/peliculas/yo-narciso
,Cinemark Hoyts,DOT,,"YO, NARCISO",2D Doblada,14:10,,,,https://www.cinemark.com.ar/peliculas/yo-narciso
,Cinemark Hoyts,DOT,,"YO, NARCISO",2D Doblada,16:50,,,,https://www.cinemark.com.ar/peliculas/yo-narciso
,Cinemark Hoyts,DOT,,"YO, NARCISO",2D Doblada,19:30,,,,https://www.cinemark.com.ar/peliculas/yo-narciso
,Cinemark Hoyts,DOT,,"YO, NARCISO",2D Doblada,22:10,,,,https://www.cinemark.com.ar/peliculas/yo-narciso
,Cinemark Hoyts,DOT,,SPIDER-MAN: UN NUEVO DÍA,2D Subtitulada,12:00,,,,https://www.cinemark.com.ar/peliculas/spider-man-un-nuevo-dia
,Cinemark Hoyts,DOT,,SPIDER-MAN: UN NUEVO DÍA,4D 3D Subtitulada,13:40,,,,https://www.cinemark.com.ar/peliculas/spider-man-un-nuevo-dia
,Cinemark Hoyts,DOT,,SPIDER-MAN: UN NUEVO DÍA,2D Subtitulada,15:20,,,,https://www.cinemark.com.ar/peliculas/spider-man-un-nuevo-dia
,Cinemark Hoyts,DOT,,SPIDER-MAN: UN NUEVO DÍA,4D 3D Subtitulada,17:00,,,,https://www.cinemark.com.ar/peliculas/spider-man-un-nuevo-dia
,Cinemark Hoyts,DOT,,SPIDER-MAN: UN NUEVO DÍA,2D Subtitulada,18:20,,,,https://www.cinemark.com.ar/peliculas/spider-man-un-nuevo-dia
,Cinemark Hoyts,DOT,,SPIDER-MAN: UN NUEVO DÍA,2D Subtitulada,18:40,,,,https://www.cinemark.com.ar/peliculas/spider-man-un-nuevo-dia
,Cinemark Hoyts,DOT,,SPIDER-MAN: UN NUEVO DÍA,2D Subtitulada,22:20,,,,https://www.cinemark.com.ar/peliculas/spider-man-un-nuevo-dia
,Cinemark Hoyts,DOT,,COYOTE VS ACME,2D Doblada,12:10,,,,https://www.cinemark.com.ar/peliculas/coyote-vs-acme
,Cinemark Hoyts,DOT,,COYOTE VS ACME,2D Doblada,14:40,,,,https://www.cinemark.com.ar/peliculas/coyote-vs-acme
,Cinemark Hoyts,DOT,,COYOTE VS ACME,2D Doblada,17:20,,,,https://www.cinemark.com.ar/peliculas/coyote-vs-acme
,Cinemark Hoyts,DOT,,COYOTE VS ACME,2D Subtitulada,19:50,,,,https://www.cinemark.com.ar/peliculas/coyote-vs-acme
,Cinemark Hoyts,DOT,,LA NOCHE DEL DEMONIO 6,2D Subtitulada,13:00,,,,https://www.cinemark.com.ar/peliculas/la-noche-del-demonio-estan-entre-nosotros
,Cinemark Hoyts,DOT,,LA NOCHE DEL DEMONIO 6,2D Subtitulada,22:40,,,,https://www.cinemark.com.ar/peliculas/la-noche-del-demonio-estan-entre-nosotros
,Cinemark Hoyts,DOT,,LA ODISEA,PREMIER 2D Subtitulada,13:30,,,,https://www.cinemark.com.ar/peliculas/la-odisea
,Cinemark Hoyts,DOT,,LA ODISEA,PREMIER 2D Subtitulada,18:00,,,,https://www.cinemark.com.ar/peliculas/la-odisea
,Cinemark Hoyts,DOT,,LA ODISEA,2D Subtitulada,22:00,,,,https://www.cinemark.com.ar/peliculas/la-odisea
,Cinemark Hoyts,DOT,,LA ODISEA,PREMIER 2D Subtitulada,22:30,,,,https://www.cinemark.com.ar/peliculas/la-odisea
,Cinemark Hoyts,DOT,,TADEO EL EXPLORADOR Y LA LAMPARA,2D Doblada,13:30,,,,https://www.cinemark.com.ar/peliculas/tadeo-el-explorador-y-la-lampara-maravillosa
,Cinemark Hoyts,DOT,,PEPITA LA PISTOLERA,2D Doblada,14:30,,,,https://www.cinemark.com.ar/peliculas/pepita-la-pistolera
,Cinemark Hoyts,DOT,,EL ÁRBOL MÁGICO,2D Doblada,15:40,,,,https://www.cinemark.com.ar/peliculas/el-arbol-magico
,Cinemark Hoyts,DOT,,EL ÁRBOL MÁGICO,2D Subtitulada,20:20,,,,https://www.cinemark.com.ar/peliculas/el-arbol-magico
,Cinemark Hoyts,DOT,,CORALINE,3D Doblada,15:50,,,,https://www.cinemark.com.ar/peliculas/coraline-y-la-puerta-secreta
,Cinemark Hoyts,DOT,,ONE PIECE: LA PELÍCULA,2D Doblada,18:30,,,,https://www.cinemark.com.ar/peliculas/one-piece-la-pelicula
,Cinemark Hoyts,DOT,,OASIS: DON´T LOOK BACK IN ANGER,2D Subtitulada,20:10,,,,https://www.cinemark.com.ar/peliculas/oasis-don-t-look-back-in-anger
,Cinemark Hoyts,DOT,,CÓDIGO: VENGANZA,2D Subtitulada,22:50,,,,https://www.cinemark.com.ar/peliculas/codigo-venganza
,Cinemark Hoyts,Temperley,,TOY STORY 5,4D 3D Doblada,12:00,,,,https://www.cinemark.com.ar/peliculas/toy-story-5
,Cinemark Hoyts,Temperley,,TOY STORY 5,2D Doblada,12:20,,,,https://www.cinemark.com.ar/peliculas/toy-story-5
,Cinemark Hoyts,Temperley,,TOY STORY 5,2D Doblada,13:30,,,,https://www.cinemark.com.ar/peliculas/toy-story-5
,Cinemark Hoyts,Temperley,,TOY STORY 5,4D 3D Doblada,14:40,,,,https://www.cinemark.com.ar/peliculas/toy-story-5
,Cinemark Hoyts,Temperley,,TOY STORY 5,2D Doblada,16:00,,,,https://www.cinemark.com.ar/peliculas/toy-story-5
,Cinemark Hoyts,Temperley,,RESIDENT EVIL: NOCHE CERO,DBOX 2D Doblada,12:00,,,,https://www.cinemark.com.ar/peliculas/resident-evil-noche-cero
,Cinemark Hoyts,Temperley,,RESIDENT EVIL: NOCHE CERO,2D Doblada,12:00,,,,https://www.cinemark.com.ar/peliculas/resident-evil-noche-cero
,Cinemark Hoyts,Temperley,,RESIDENT EVIL: NOCHE CERO,DBOX XD 2D Doblada,13:00,,,,https://www.cinemark.com.ar/peliculas/resident-evil-noche-cero
,Cinemark Hoyts,Temperley,,RESIDENT EVIL: NOCHE CERO,XD 2D Doblada,13:00,,,,https://www.cinemark.com.ar/peliculas/resident-evil-noche-cero
,Cinemark Hoyts,Temperley,,RESIDENT EVIL: NOCHE CERO,DBOX 2D Doblada,14:15,,,,https://www.cinemark.com.ar/peliculas/resident-evil-noche-cero
,Cinemark Hoyts,Temperley,,RESIDENT EVIL: NOCHE CERO,2D Doblada,14:15,,,,https://www.cinemark.com.ar/peliculas/resident-evil-noche-cero
,Cinemark Hoyts,Temperley,,RESIDENT EVIL: NOCHE CERO,DBOX XD 2D Doblada,15:15,,,,https://www.cinemark.com.ar/peliculas/resident-evil-noche-cero
,Cinemark Hoyts,Temperley,,RESIDENT EVIL: NOCHE CERO,XD 2D Doblada,15:15,,,,https://www.cinemark.com.ar/peliculas/resident-evil-noche-cero
,Cinemark Hoyts,Temperley,,RESIDENT EVIL: NOCHE CERO,DBOX 2D Doblada,16:45,,,,https://www.cinemark.com.ar/peliculas/resident-evil-noche-cero
,Cinemark Hoyts,Temperley,,RESIDENT EVIL: NOCHE CERO,2D Doblada,16:45,,,,https://www.cinemark.com.ar/peliculas/resident-evil-noche-cero
,Cinemark Hoyts,Temperley,,RESIDENT EVIL: NOCHE CERO,DBOX XD 2D Doblada,17:45,,,,https://www.cinemark.com.ar/peliculas/resident-evil-noche-cero
,Cinemark Hoyts,Temperley,,RESIDENT EVIL: NOCHE CERO,XD 2D Doblada,17:45,,,,https://www.cinemark.com.ar/peliculas/resident-evil-noche-cero
,Cinemark Hoyts,Temperley,,RESIDENT EVIL: NOCHE CERO,DBOX 2D Doblada,19:10,,,,https://www.cinemark.com.ar/peliculas/resident-evil-noche-cero
,Cinemark Hoyts,Temperley,,RESIDENT EVIL: NOCHE CERO,2D Doblada,19:10,,,,https://www.cinemark.com.ar/peliculas/resident-evil-noche-cero
,Cinemark Hoyts,Temperley,,RESIDENT EVIL: NOCHE CERO,DBOX XD 2D Doblada,20:10,,,,https://www.cinemark.com.ar/peliculas/resident-evil-noche-cero
,Cinemark Hoyts,Temperley,,RESIDENT EVIL: NOCHE CERO,XD 2D Doblada,20:10,,,,https://www.cinemark.com.ar/peliculas/resident-evil-noche-cero
,Cinemark Hoyts,Temperley,,RESIDENT EVIL: NOCHE CERO,4D 2D Doblada,20:30,,,,https://www.cinemark.com.ar/peliculas/resident-evil-noche-cero
,Cinemark Hoyts,Temperley,,RESIDENT EVIL: NOCHE CERO,DBOX 2D Subtitulada,21:30,,,,https://www.cinemark.com.ar/peliculas/resident-evil-noche-cero
,Cinemark Hoyts,Temperley,,RESIDENT EVIL: NOCHE CERO,2D Subtitulada,21:30,,,,https://www.cinemark.com.ar/peliculas/resident-evil-noche-cero
,Cinemark Hoyts,Temperley,,RESIDENT EVIL: NOCHE CERO,DBOX XD 2D Doblada,22:30,,,,https://www.cinemark.com.ar/peliculas/resident-evil-noche-cero
,Cinemark Hoyts,Temperley,,RESIDENT EVIL: NOCHE CERO,XD 2D Doblada,22:30,,,,https://www.cinemark.com.ar/peliculas/resident-evil-noche-cero
,Cinemark Hoyts,Temperley,,RESIDENT EVIL: NOCHE CERO,4D 2D Doblada,23:00,,,,https://www.cinemark.com.ar/peliculas/resident-evil-noche-cero
,Cinemark Hoyts,Temperley,,HECHIZO DE AMOR: LA MAGIA CONTINUA,2D Doblada,12:00,,,,https://www.cinemark.com.ar/peliculas/hechizo-de-amor-la-magia-continua
,Cinemark Hoyts,Temperley,,HECHIZO DE AMOR: LA MAGIA CONTINUA,2D Doblada,22:40,,,,https://www.cinemark.com.ar/peliculas/hechizo-de-amor-la-magia-continua
,Cinemark Hoyts,Temperley,,COYOTE VS ACME,DBOX 2D Doblada,12:10,,,,https://www.cinemark.com.ar/peliculas/coyote-vs-acme
,Cinemark Hoyts,Temperley,,COYOTE VS ACME,2D Doblada,12:10,,,,https://www.cinemark.com.ar/peliculas/coyote-vs-acme
,Cinemark Hoyts,Temperley,,COYOTE VS ACME,DBOX 2D Doblada,14:45,,,,https://www.cinemark.com.ar/peliculas/coyote-vs-acme
,Cinemark Hoyts,Temperley,,COYOTE VS ACME,2D Doblada,14:45,,,,https://www.cinemark.com.ar/peliculas/coyote-vs-acme
,Cinemark Hoyts,Temperley,,COYOTE VS ACME,DBOX 2D Doblada,17:20,,,,https://www.cinemark.com.ar/peliculas/coyote-vs-acme
,Cinemark Hoyts,Temperley,,COYOTE VS ACME,2D Doblada,17:20,,,,https://www.cinemark.com.ar/peliculas/coyote-vs-acme
,Cinemark Hoyts,Temperley,,COYOTE VS ACME,DBOX 2D Doblada,20:00,,,,https://www.cinemark.com.ar/peliculas/coyote-vs-acme
,Cinemark Hoyts,Temperley,,COYOTE VS ACME,2D Doblada,20:00,,,,https://www.cinemark.com.ar/peliculas/coyote-vs-acme
,Cinemark Hoyts,Temperley,,LA NOCHE DEL DEMONIO 6,2D Doblada,12:15,,,,https://www.cinemark.com.ar/peliculas/la-noche-del-demonio-estan-entre-nosotros
,Cinemark Hoyts,Temperley,,LA NOCHE DEL DEMONIO 6,2D Doblada,14:45,,,,https://www.cinemark.com.ar/peliculas/la-noche-del-demonio-estan-entre-nosotros
,Cinemark Hoyts,Temperley,,LA NOCHE DEL DEMONIO 6,2D Doblada,17:15,,,,https://www.cinemark.com.ar/peliculas/la-noche-del-demonio-estan-entre-nosotros
,Cinemark Hoyts,Temperley,,LA NOCHE DEL DEMONIO 6,2D Doblada,19:45,,,,https://www.cinemark.com.ar/peliculas/la-noche-del-demonio-estan-entre-nosotros
,Cinemark Hoyts,Temperley,,LA NOCHE DEL DEMONIO 6,2D Doblada,22:15,,,,https://www.cinemark.com.ar/peliculas/la-noche-del-demonio-estan-entre-nosotros
,Cinemark Hoyts,Temperley,,SPIDER-MAN: UN NUEVO DÍA,2D Doblada,12:30,,,,https://www.cinemark.com.ar/peliculas/spider-man-un-nuevo-dia
,Cinemark Hoyts,Temperley,,SPIDER-MAN: UN NUEVO DÍA,2D Doblada,15:45,,,,https://www.cinemark.com.ar/peliculas/spider-man-un-nuevo-dia
,Cinemark Hoyts,Temperley,,SPIDER-MAN: UN NUEVO DÍA,4D 3D Doblada,17:10,,,,https://www.cinemark.com.ar/peliculas/spider-man-un-nuevo-dia
,Cinemark Hoyts,Temperley,,SPIDER-MAN: UN NUEVO DÍA,2D Doblada,19:00,,,,https://www.cinemark.com.ar/peliculas/spider-man-un-nuevo-dia
,Cinemark Hoyts,Temperley,,SPIDER-MAN: UN NUEVO DÍA,2D Doblada,22:20,,,,https://www.cinemark.com.ar/peliculas/spider-man-un-nuevo-dia
,Cinemark Hoyts,Temperley,,LA ODISEA,2D Doblada,14:40,,,,https://www.cinemark.com.ar/peliculas/la-odisea
,Cinemark Hoyts,Temperley,,LA ODISEA,2D Doblada,18:25,,,,https://www.cinemark.com.ar/peliculas/la-odisea
,Cinemark Hoyts,Temperley,,LA ODISEA,2D Doblada,22:10,,,,https://www.cinemark.com.ar/peliculas/la-odisea
,Cinemark Hoyts,Temperley,,CORALINE,3D Doblada,15:00,,,,https://www.cinemark.com.ar/peliculas/coraline-y-la-puerta-secreta
,Cinemark Hoyts,Temperley,,EL ÁRBOL MÁGICO,2D Doblada,17:30,,,,https://www.cinemark.com.ar/peliculas/el-arbol-magico
,Cinemark Hoyts,Temperley,,EL ÁRBOL MÁGICO,2D Doblada,20:10,,,,https://www.cinemark.com.ar/peliculas/el-arbol-magico
,Cinemark Hoyts,Temperley,,ONE PIECE: LA PELÍCULA,2D Doblada,18:30,,,,https://www.cinemark.com.ar/peliculas/one-piece-la-pelicula
,Cinemark Hoyts,Temperley,,"YO, NARCISO",2D Doblada,20:20,,,,https://www.cinemark.com.ar/peliculas/yo-narciso
,Cinemark Hoyts,Temperley,,"YO, NARCISO",2D Doblada,22:50,,,,https://www.cinemark.com.ar/peliculas/yo-narciso
,Cinemark Hoyts,Temperley,,EL HELADERO,2D Doblada,22:45,,,,https://www.cinemark.com.ar/peliculas/el-heladero-dulce-sabor-a-muerte
,Cinemark Hoyts,Unicenter,,RESIDENT EVIL: NOCHE CERO,PREMIER 2D Subtitulada,12:00,,,,https://www.cinemark.com.ar/peliculas/resident-evil-noche-cero
,Cinemark Hoyts,Unicenter,,RESIDENT EVIL: NOCHE CERO,DBOX 2D Doblada,12:20,,,,https://www.cinemark.com.ar/peliculas/resident-evil-noche-cero
,Cinemark Hoyts,Unicenter,,RESIDENT EVIL: NOCHE CERO,2D Doblada,12:20,,,,https://www.cinemark.com.ar/peliculas/resident-evil-noche-cero
,Cinemark Hoyts,Unicenter,,RESIDENT EVIL: NOCHE CERO,DBOX 2D Subtitulada,13:30,,,,https://www.cinemark.com.ar/peliculas/resident-evil-noche-cero
,Cinemark Hoyts,Unicenter,,RESIDENT EVIL: NOCHE CERO,2D Subtitulada,13:30,,,,https://www.cinemark.com.ar/peliculas/resident-evil-noche-cero
,Cinemark Hoyts,Unicenter,,RESIDENT EVIL: NOCHE CERO,DBOX 2D Subtitulada,14:15,,,,https://www.cinemark.com.ar/peliculas/resident-evil-noche-cero
,Cinemark Hoyts,Unicenter,,RESIDENT EVIL: NOCHE CERO,2D Subtitulada,14:15,,,,https://www.cinemark.com.ar/peliculas/resident-evil-noche-cero
,Cinemark Hoyts,Unicenter,,RESIDENT EVIL: NOCHE CERO,PREMIER 2D Subtitulada,15:00,,,,https://www.cinemark.com.ar/peliculas/resident-evil-noche-cero
,Cinemark Hoyts,Unicenter,,RESIDENT EVIL: NOCHE CERO,DBOX 2D Subtitulada,15:30,,,,https://www.cinemark.com.ar/peliculas/resident-evil-noche-cero
,Cinemark Hoyts,Unicenter,,RESIDENT EVIL: NOCHE CERO,2D Subtitulada,15:30,,,,https://www.cinemark.com.ar/peliculas/resident-evil-noche-cero
,Cinemark Hoyts,Unicenter,,RESIDENT EVIL: NOCHE CERO,DBOX 2D Doblada,16:10,,,,https://www.cinemark.com.ar/peliculas/resident-evil-noche-cero
,Cinemark Hoyts,Unicenter,,RESIDENT EVIL: NOCHE CERO,2D Doblada,16:10,,,,https://www.cinemark.com.ar/peliculas/resident-evil-noche-cero
,Cinemark Hoyts,Unicenter,,RESIDENT EVIL: NOCHE CERO,DBOX 2D Subtitulada,17:30,,,,https://www.cinemark.com.ar/peliculas/resident-evil-noche-cero
,Cinemark Hoyts,Unicenter,,RESIDENT EVIL: NOCHE CERO,PREMIER 2D Subtitulada,17:30,,,,https://www.cinemark.com.ar/peliculas/resident-evil-noche-cero
,Cinemark Hoyts,Unicenter,,RESIDENT EVIL: NOCHE CERO,2D Subtitulada,17:30,,,,https://www.cinemark.com.ar/peliculas/resident-evil-noche-cero
,Cinemark Hoyts,Unicenter,,RESIDENT EVIL: NOCHE CERO,DBOX 2D Subtitulada,18:10,,,,https://www.cinemark.com.ar/peliculas/resident-evil-noche-cero
,Cinemark Hoyts,Unicenter,,RESIDENT EVIL: NOCHE CERO,2D Subtitulada,18:10,,,,https://www.cinemark.com.ar/peliculas/resident-evil-noche-cero
,Cinemark Hoyts,Unicenter,,RESIDENT EVIL: NOCHE CERO,DBOX 2D Subtitulada,19:30,,,,https://www.cinemark.com.ar/peliculas/resident-evil-noche-cero
,Cinemark Hoyts,Unicenter,,RESIDENT EVIL: NOCHE CERO,2D Subtitulada,19:30,,,,https://www.cinemark.com.ar/peliculas/resident-evil-noche-cero
,Cinemark Hoyts,Unicenter,,RESIDENT EVIL: NOCHE CERO,PREMIER 2D Subtitulada,20:00,,,,https://www.cinemark.com.ar/peliculas/resident-evil-noche-cero
,Cinemark Hoyts,Unicenter,,RESIDENT EVIL: NOCHE CERO,DBOX 2D Doblada,20:10,,,,https://www.cinemark.com.ar/peliculas/resident-evil-noche-cero
,Cinemark Hoyts,Unicenter,,RESIDENT EVIL: NOCHE CERO,2D Doblada,20:10,,,,https://www.cinemark.com.ar/peliculas/resident-evil-noche-cero
,Cinemark Hoyts,Unicenter,,RESIDENT EVIL: NOCHE CERO,4D 2D Subtitulada,20:30,,,,https://www.cinemark.com.ar/peliculas/resident-evil-noche-cero
,Cinemark Hoyts,Unicenter,,RESIDENT EVIL: NOCHE CERO,DBOX 2D Subtitulada,21:30,,,,https://www.cinemark.com.ar/peliculas/resident-evil-noche-cero
,Cinemark Hoyts,Unicenter,,RESIDENT EVIL: NOCHE CERO,2D Subtitulada,21:30,,,,https://www.cinemark.com.ar/peliculas/resident-evil-noche-cero
,Cinemark Hoyts,Unicenter,,RESIDENT EVIL: NOCHE CERO,DBOX 2D Subtitulada,22:00,,,,https://www.cinemark.com.ar/peliculas/resident-evil-noche-cero
,Cinemark Hoyts,Unicenter,,RESIDENT EVIL: NOCHE CERO,2D Subtitulada,22:00,,,,https://www.cinemark.com.ar/peliculas/resident-evil-noche-cero
,Cinemark Hoyts,Unicenter,,RESIDENT EVIL: NOCHE CERO,PREMIER 2D Subtitulada,22:30,,,,https://www.cinemark.com.ar/peliculas/resident-evil-noche-cero
,Cinemark Hoyts,Unicenter,,RESIDENT EVIL: NOCHE CERO,4D 2D Subtitulada,23:00,,,,https://www.cinemark.com.ar/peliculas/resident-evil-noche-cero
,Cinemark Hoyts,Unicenter,,SPIDER-MAN: UN NUEVO DÍA,2D Doblada,12:00,,,,https://www.cinemark.com.ar/peliculas/spider-man-un-nuevo-dia
,Cinemark Hoyts,Unicenter,,SPIDER-MAN: UN NUEVO DÍA,DBOX 2D Doblada,12:40,,,,https://www.cinemark.com.ar/peliculas/spider-man-un-nuevo-dia
,Cinemark Hoyts,Unicenter,,SPIDER-MAN: UN NUEVO DÍA,2D Doblada,12:40,,,,https://www.cinemark.com.ar/peliculas/spider-man-un-nuevo-dia
,Cinemark Hoyts,Unicenter,,SPIDER-MAN: UN NUEVO DÍA,4D 3D Doblada,14:00,,,,https://www.cinemark.com.ar/peliculas/spider-man-un-nuevo-dia
,Cinemark Hoyts,Unicenter,,SPIDER-MAN: UN NUEVO DÍA,2D Doblada,15:10,,,,https://www.cinemark.com.ar/peliculas/spider-man-un-nuevo-dia
,Cinemark Hoyts,Unicenter,,SPIDER-MAN: UN NUEVO DÍA,DBOX 2D Doblada,15:50,,,,https://www.cinemark.com.ar/peliculas/spider-man-un-nuevo-dia
,Cinemark Hoyts,Unicenter,,SPIDER-MAN: UN NUEVO DÍA,2D Doblada,15:50,,,,https://www.cinemark.com.ar/peliculas/spider-man-un-nuevo-dia
,Cinemark Hoyts,Unicenter,,SPIDER-MAN: UN NUEVO DÍA,4D 3D Doblada,17:20,,,,https://www.cinemark.com.ar/peliculas/spider-man-un-nuevo-dia
,Cinemark Hoyts,Unicenter,,SPIDER-MAN: UN NUEVO DÍA,2D Doblada,18:40,,,,https://www.cinemark.com.ar/peliculas/spider-man-un-nuevo-dia
,Cinemark Hoyts,Unicenter,,SPIDER-MAN: UN NUEVO DÍA,DBOX 3D Subtitulada,19:10,,,,https://www.cinemark.com.ar/peliculas/spider-man-un-nuevo-dia
,Cinemark Hoyts,Unicenter,,SPIDER-MAN: UN NUEVO DÍA,3D Subtitulada,19:10,,,,https://www.cinemark.com.ar/peliculas/spider-man-un-nuevo-dia
,Cinemark Hoyts,Unicenter,,SPIDER-MAN: UN NUEVO DÍA,2D Doblada,21:50,,,,https://www.cinemark.com.ar/peliculas/spider-man-un-nuevo-dia
,Cinemark Hoyts,Unicenter,,SPIDER-MAN: UN NUEVO DÍA,DBOX 2D Subtitulada,22:30,,,,https://www.cinemark.com.ar/peliculas/spider-man-un-nuevo-dia
,Cinemark Hoyts,Unicenter,,SPIDER-MAN: UN NUEVO DÍA,2D Subtitulada,22:30,,,,https://www.cinemark.com.ar/peliculas/spider-man-un-nuevo-dia
,Cinemark Hoyts,Unicenter,,EL ÁRBOL MÁGICO,2D Doblada,12:30,,,,https://www.cinemark.com.ar/peliculas/el-arbol-magico
,Cinemark Hoyts,Unicenter,,EL ÁRBOL MÁGICO,2D Doblada,15:00,,,,https://www.cinemark.com.ar/peliculas/el-arbol-magico
,Cinemark Hoyts,Unicenter,,EL ÁRBOL MÁGICO,2D Doblada,17:25,,,,https://www.cinemark.com.ar/peliculas/el-arbol-magico
,Cinemark Hoyts,Unicenter,,EL ÁRBOL MÁGICO,2D Subtitulada,19:50,,,,https://www.cinemark.com.ar/peliculas/el-arbol-magico
,Cinemark Hoyts,Unicenter,,PAW PATROL: LA DINO PELÍCULA,2D Doblada,13:00,,,,https://www.cinemark.com.ar/peliculas/paw-patrol-la-dino-pelicula
,Cinemark Hoyts,Unicenter,,TADEO EL EXPLORADOR Y LA LAMPARA,2D Doblada,13:10,,,,https://www.cinemark.com.ar/peliculas/tadeo-el-explorador-y-la-lampara-maravillosa
,Cinemark Hoyts,Unicenter,,TADEO EL EXPLORADOR Y LA LAMPARA,2D Doblada,15:20,,,,https://www.cinemark.com.ar/peliculas/tadeo-el-explorador-y-la-lampara-maravillosa
,Cinemark Hoyts,Unicenter,,"YO, NARCISO",2D Doblada,13:15,,,,https://www.cinemark.com.ar/peliculas/yo-narciso
,Cinemark Hoyts,Unicenter,,"YO, NARCISO",2D Doblada,16:00,,,,https://www.cinemark.com.ar/peliculas/yo-narciso
,Cinemark Hoyts,Unicenter,,"YO, NARCISO",2D Doblada,17:50,,,,https://www.cinemark.com.ar/peliculas/yo-narciso
,Cinemark Hoyts,Unicenter,,"YO, NARCISO",2D Doblada,20:00,,,,https://www.cinemark.com.ar/peliculas/yo-narciso
,Cinemark Hoyts,Unicenter,,"YO, NARCISO",2D Doblada,22:10,,,,https://www.cinemark.com.ar/peliculas/yo-narciso
,Cinemark Hoyts,Unicenter,,LA ODISEA,PREMIER 2D Subtitulada,13:20,,,,https://www.cinemark.com.ar/peliculas/la-odisea
,Cinemark Hoyts,Unicenter,,LA ODISEA,2D Doblada,15:15,,,,https://www.cinemark.com.ar/peliculas/la-odisea
,Cinemark Hoyts,Unicenter,,LA ODISEA,PREMIER 2D Subtitulada,17:00,,,,https://www.cinemark.com.ar/peliculas/la-odisea
,Cinemark Hoyts,Unicenter,,LA ODISEA,2D Doblada,18:45,,,,https://www.cinemark.com.ar/peliculas/la-odisea
,Cinemark Hoyts,Unicenter,,LA ODISEA,PREMIER 2D Subtitulada,21:00,,,,https://www.cinemark.com.ar/peliculas/la-odisea
,Cinemark Hoyts,Unicenter,,LA ODISEA,2D Subtitulada,22:15,,,,https://www.cinemark.com.ar/peliculas/la-odisea
,Cinemark Hoyts,Unicenter,,PANDA PLAN LA TRIBU MÁGICA,2D Doblada,13:20,,,,https://www.cinemark.com.ar/peliculas/panda-plan-la-tribu-magica
,Cinemark Hoyts,Unicenter,,PANDA PLAN LA TRIBU MÁGICA,2D Doblada,15:45,,,,https://www.cinemark.com.ar/peliculas/panda-plan-la-tribu-magica
,Cinemark Hoyts,Unicenter,,TOY STORY 5,2D Doblada,13:40,,,,https://www.cinemark.com.ar/peliculas/toy-story-5
,Cinemark Hoyts,Unicenter,,TOY STORY 5,2D Doblada,18:15,,,,https://www.cinemark.com.ar/peliculas/toy-story-5
,Cinemark Hoyts,Unicenter,,COYOTE VS ACME,2D Doblada,13:50,,,,https://www.cinemark.com.ar/peliculas/coyote-vs-acme
,Cinemark Hoyts,Unicenter,,COYOTE VS ACME,2D Doblada,16:30,,,,https://www.cinemark.com.ar/peliculas/coyote-vs-acme
,Cinemark Hoyts,Unicenter,,COYOTE VS ACME,2D Doblada,19:00,,,,https://www.cinemark.com.ar/peliculas/coyote-vs-acme
,Cinemark Hoyts,Unicenter,,COYOTE VS ACME,2D Subtitulada,21:20,,,,https://www.cinemark.com.ar/peliculas/coyote-vs-acme
,Cinemark Hoyts,Unicenter,,HECHIZO DE AMOR: LA MAGIA CONTINUA,2D Doblada,14:20,,,,https://www.cinemark.com.ar/peliculas/hechizo-de-amor-la-magia-continua
,Cinemark Hoyts,Unicenter,,HECHIZO DE AMOR: LA MAGIA CONTINUA,2D Doblada,19:40,,,,https://www.cinemark.com.ar/peliculas/hechizo-de-amor-la-magia-continua
,Cinemark Hoyts,Unicenter,,HECHIZO DE AMOR: LA MAGIA CONTINUA,2D Doblada,22:20,,,,https://www.cinemark.com.ar/peliculas/hechizo-de-amor-la-magia-continua
,Cinemark Hoyts,Unicenter,,LA NOCHE DEL DEMONIO 6,2D Subtitulada,14:30,,,,https://www.cinemark.com.ar/peliculas/la-noche-del-demonio-estan-entre-nosotros
,Cinemark Hoyts,Unicenter,,LA NOCHE DEL DEMONIO 6,2D Subtitulada,16:50,,,,https://www.cinemark.com.ar/peliculas/la-noche-del-demonio-estan-entre-nosotros
,Cinemark Hoyts,Unicenter,,LA NOCHE DEL DEMONIO 6,2D Subtitulada,19:20,,,,https://www.cinemark.com.ar/peliculas/la-noche-del-demonio-estan-entre-nosotros
,Cinemark Hoyts,Unicenter,,LA NOCHE DEL DEMONIO 6,2D Subtitulada,21:50,,,,https://www.cinemark.com.ar/peliculas/la-noche-del-demonio-estan-entre-nosotros
,Cinemark Hoyts,Unicenter,,CORALINE,3D Doblada,15:40,,,,https://www.cinemark.com.ar/peliculas/coraline-y-la-puerta-secreta
,Cinemark Hoyts,Unicenter,,PMMM LA REBELION,2D Subtitulada,17:00,,,,https://www.cinemark.com.ar/peliculas/puella-magi-madoka-magica-la-rebelion
,Cinemark Hoyts,Unicenter,,CÓDIGO: VENGANZA,2D Subtitulada,17:40,,,,https://www.cinemark.com.ar/peliculas/codigo-venganza
,Cinemark Hoyts,Unicenter,,CÓDIGO: VENGANZA,2D Subtitulada,22:45,,,,https://www.cinemark.com.ar/peliculas/codigo-venganza
,Cinemark Hoyts,Unicenter,,ONE PIECE: LA PELÍCULA,2D Subtitulada,18:30,,,,https://www.cinemark.com.ar/peliculas/one-piece-la-pelicula
,Cinemark Hoyts,Unicenter,,VOLVER AL FUTURO,2D Subtitulada,20:15,,,,https://www.cinemark.com.ar/peliculas/volver-al-futuro
,Cinemark Hoyts,Unicenter,,PEPITA LA PISTOLERA,2D Doblada,20:20,,,,https://www.cinemark.com.ar/peliculas/pepita-la-pistolera
,Cinemark Hoyts,Unicenter,,PEPITA LA PISTOLERA,2D Doblada,22:50,,,,https://www.cinemark.com.ar/peliculas/pepita-la-pistolera
,Cinemark Hoyts,Unicenter,,OASIS: DON´T LOOK BACK IN ANGER,2D Subtitulada,22:20,,,,https://www.cinemark.com.ar/peliculas/oasis-don-t-look-back-in-anger
,Cinemark Hoyts,Unicenter,,EL HELADERO,2D Subtitulada,23:10,,,,https://www.cinemark.com.ar/peliculas/el-heladero-dulce-sabor-a-muerte
,Cinemark Hoyts,Palermo,,SPIDER-MAN: UN NUEVO DÍA,2D Doblada,12:00,,,,https://www.cinemark.com.ar/peliculas/spider-man-un-nuevo-dia
,Cinemark Hoyts,Palermo,,SPIDER-MAN: UN NUEVO DÍA,2D Doblada,15:20,,,,https://www.cinemark.com.ar/peliculas/spider-man-un-nuevo-dia
,Cinemark Hoyts,Palermo,,SPIDER-MAN: UN NUEVO DÍA,3D Subtitulada,18:40,,,,https://www.cinemark.com.ar/peliculas/spider-man-un-nuevo-dia
,Cinemark Hoyts,Palermo,,SPIDER-MAN: UN NUEVO DÍA,2D Subtitulada,22:20,,,,https://www.cinemark.com.ar/peliculas/spider-man-un-nuevo-dia
,Cinemark Hoyts,Palermo,,EL ÁRBOL MÁGICO,2D Doblada,12:10,,,,https://www.cinemark.com.ar/peliculas/el-arbol-magico
,Cinemark Hoyts,Palermo,,EL ÁRBOL MÁGICO,2D Doblada,14:40,,,,https://www.cinemark.com.ar/peliculas/el-arbol-magico
,Cinemark Hoyts,Palermo,,EL ÁRBOL MÁGICO,2D Subtitulada,17:30,,,,https://www.cinemark.com.ar/peliculas/el-arbol-magico
,Cinemark Hoyts,Palermo,,RESIDENT EVIL: NOCHE CERO,2D Subtitulada,12:20,,,,https://www.cinemark.com.ar/peliculas/resident-evil-noche-cero
,Cinemark Hoyts,Palermo,,RESIDENT EVIL: NOCHE CERO,2D Subtitulada,13:20,,,,https://www.cinemark.com.ar/peliculas/resident-evil-noche-cero
,Cinemark Hoyts,Palermo,,RESIDENT EVIL: NOCHE CERO,2D Subtitulada,14:50,,,,https://www.cinemark.com.ar/peliculas/resident-evil-noche-cero
,Cinemark Hoyts,Palermo,,RESIDENT EVIL: NOCHE CERO,2D Subtitulada,15:50,,,,https://www.cinemark.com.ar/peliculas/resident-evil-noche-cero
,Cinemark Hoyts,Palermo,,RESIDENT EVIL: NOCHE CERO,2D Subtitulada,17:10,,,,https://www.cinemark.com.ar/peliculas/resident-evil-noche-cero
,Cinemark Hoyts,Palermo,,RESIDENT EVIL: NOCHE CERO,2D Subtitulada,18:10,,,,https://www.cinemark.com.ar/peliculas/resident-evil-noche-cero
,Cinemark Hoyts,Palermo,,RESIDENT EVIL: NOCHE CERO,2D Subtitulada,19:40,,,,https://www.cinemark.com.ar/peliculas/resident-evil-noche-cero
,Cinemark Hoyts,Palermo,,RESIDENT EVIL: NOCHE CERO,2D Subtitulada,20:40,,,,https://www.cinemark.com.ar/peliculas/resident-evil-noche-cero
,Cinemark Hoyts,Palermo,,RESIDENT EVIL: NOCHE CERO,2D Subtitulada,22:00,,,,https://www.cinemark.com.ar/peliculas/resident-evil-noche-cero
,Cinemark Hoyts,Palermo,,RESIDENT EVIL: NOCHE CERO,2D Subtitulada,23:00,,,,https://www.cinemark.com.ar/peliculas/resident-evil-noche-cero
,Cinemark Hoyts,Palermo,,PEPITA LA PISTOLERA,2D Doblada,12:30,,,,https://www.cinemark.com.ar/peliculas/pepita-la-pistolera
,Cinemark Hoyts,Palermo,,PEPITA LA PISTOLERA,2D Doblada,17:40,,,,https://www.cinemark.com.ar/peliculas/pepita-la-pistolera
,Cinemark Hoyts,Palermo,,PEPITA LA PISTOLERA,2D Doblada,23:10,,,,https://www.cinemark.com.ar/peliculas/pepita-la-pistolera
,Cinemark Hoyts,Palermo,,HECHIZO DE AMOR: LA MAGIA CONTINUA,2D Subtitulada,13:00,,,,https://www.cinemark.com.ar/peliculas/hechizo-de-amor-la-magia-continua
,Cinemark Hoyts,Palermo,,HECHIZO DE AMOR: LA MAGIA CONTINUA,2D Subtitulada,16:20,,,,https://www.cinemark.com.ar/peliculas/hechizo-de-amor-la-magia-continua
,Cinemark Hoyts,Palermo,,HECHIZO DE AMOR: LA MAGIA CONTINUA,2D Subtitulada,22:30,,,,https://www.cinemark.com.ar/peliculas/hechizo-de-amor-la-magia-continua
,Cinemark Hoyts,Palermo,,TADEO EL EXPLORADOR Y LA LAMPARA,2D Doblada,13:10,,,,https://www.cinemark.com.ar/peliculas/tadeo-el-explorador-y-la-lampara-maravillosa
,Cinemark Hoyts,Palermo,,"YO, NARCISO",2D Doblada,13:40,,,,https://www.cinemark.com.ar/peliculas/yo-narciso
,Cinemark Hoyts,Palermo,,"YO, NARCISO",2D Doblada,16:10,,,,https://www.cinemark.com.ar/peliculas/yo-narciso
,Cinemark Hoyts,Palermo,,"YO, NARCISO",2D Doblada,18:50,,,,https://www.cinemark.com.ar/peliculas/yo-narciso
,Cinemark Hoyts,Palermo,,"YO, NARCISO",2D Doblada,21:30,,,,https://www.cinemark.com.ar/peliculas/yo-narciso
,Cinemark Hoyts,Palermo,,COYOTE VS ACME,2D Doblada,13:50,,,,https://www.cinemark.com.ar/peliculas/coyote-vs-acme
,Cinemark Hoyts,Palermo,,COYOTE VS ACME,2D Doblada,16:40,,,,https://www.cinemark.com.ar/peliculas/coyote-vs-acme
,Cinemark Hoyts,Palermo,,COYOTE VS ACME,2D Subtitulada,19:30,,,,https://www.cinemark.com.ar/peliculas/coyote-vs-acme
,Cinemark Hoyts,Palermo,,LA ODISEA,2D Subtitulada,14:00,,,,https://www.cinemark.com.ar/peliculas/la-odisea
,Cinemark Hoyts,Palermo,,LA ODISEA,2D Subtitulada,17:50,,,,https://www.cinemark.com.ar/peliculas/la-odisea
,Cinemark Hoyts,Palermo,,LA ODISEA,2D Subtitulada,21:40,,,,https://www.cinemark.com.ar/peliculas/la-odisea
,Cinemark Hoyts,Palermo,,LA ODISEA,2D Subtitulada,22:10,,,,https://www.cinemark.com.ar/peliculas/la-odisea
,Cinemark Hoyts,Palermo,,VOLVER AL FUTURO,2D Subtitulada,15:00,,,,https://www.cinemark.com.ar/peliculas/volver-al-futuro
,Cinemark Hoyts,Palermo,,LA NOCHE DEL DEMONIO 6,2D Subtitulada,15:40,,,,https://www.cinemark.com.ar/peliculas/la-noche-del-demonio-estan-entre-nosotros
,Cinemark Hoyts,Palermo,,LA NOCHE DEL DEMONIO 6,2D Subtitulada,22:50,,,,https://www.cinemark.com.ar/peliculas/la-noche-del-demonio-estan-entre-nosotros
,Cinemark Hoyts,Palermo,,ONE PIECE: LA PELÍCULA,2D Subtitulada,18:30,,,,https://www.cinemark.com.ar/peliculas/one-piece-la-pelicula
,Cinemark Hoyts,Palermo,,LA INVITACIÓN,2D Subtitulada,20:00,,,,https://www.cinemark.com.ar/peliculas/la-invitacion
,Cinemark Hoyts,Palermo,,TRES ADIOSES,2D Subtitulada,20:00,,,,https://www.cinemark.com.ar/peliculas/tres-adioses
,Cinemark Hoyts,Palermo,,OASIS: DON´T LOOK BACK IN ANGER,2D Subtitulada,20:20,,,,https://www.cinemark.com.ar/peliculas/oasis-don-t-look-back-in-anger
,Cinemark Hoyts,Palermo,,CÓDIGO: VENGANZA,2D Subtitulada,22:50,,,,https://www.cinemark.com.ar/peliculas/codigo-venganza
,Cinemark Hoyts,San Justo,,LA NOCHE DEL DEMONIO 6,2D Doblada,12:20,,,,https://www.cinemark.com.ar/peliculas/la-noche-del-demonio-estan-entre-nosotros
,Cinemark Hoyts,San Justo,,LA NOCHE DEL DEMONIO 6,2D Doblada,14:50,,,,https://www.cinemark.com.ar/peliculas/la-noche-del-demonio-estan-entre-nosotros
,Cinemark Hoyts,San Justo,,LA NOCHE DEL DEMONIO 6,2D Doblada,17:30,,,,https://www.cinemark.com.ar/peliculas/la-noche-del-demonio-estan-entre-nosotros
,Cinemark Hoyts,San Justo,,LA NOCHE DEL DEMONIO 6,2D Doblada,20:00,,,,https://www.cinemark.com.ar/peliculas/la-noche-del-demonio-estan-entre-nosotros
,Cinemark Hoyts,San Justo,,LA NOCHE DEL DEMONIO 6,2D Doblada,22:30,,,,https://www.cinemark.com.ar/peliculas/la-noche-del-demonio-estan-entre-nosotros
,Cinemark Hoyts,San Justo,,SPIDER-MAN: UN NUEVO DÍA,DBOX 2D Doblada,12:30,,,,https://www.cinemark.com.ar/peliculas/spider-man-un-nuevo-dia
,Cinemark Hoyts,San Justo,,SPIDER-MAN: UN NUEVO DÍA,2D Doblada,12:30,,,,https://www.cinemark.com.ar/peliculas/spider-man-un-nuevo-dia
,Cinemark Hoyts,San Justo,,SPIDER-MAN: UN NUEVO DÍA,DBOX 2D Doblada,15:40,,,,https://www.cinemark.com.ar/peliculas/spider-man-un-nuevo-dia
,Cinemark Hoyts,San Justo,,SPIDER-MAN: UN NUEVO DÍA,2D Doblada,15:40,,,,https://www.cinemark.com.ar/peliculas/spider-man-un-nuevo-dia
,Cinemark Hoyts,San Justo,,SPIDER-MAN: UN NUEVO DÍA,DBOX 3D Doblada,19:00,,,,https://www.cinemark.com.ar/peliculas/spider-man-un-nuevo-dia
,Cinemark Hoyts,San Justo,,SPIDER-MAN: UN NUEVO DÍA,3D Doblada,19:00,,,,https://www.cinemark.com.ar/peliculas/spider-man-un-nuevo-dia
,Cinemark Hoyts,San Justo,,SPIDER-MAN: UN NUEVO DÍA,DBOX 2D Doblada,22:10,,,,https://www.cinemark.com.ar/peliculas/spider-man-un-nuevo-dia
,Cinemark Hoyts,San Justo,,SPIDER-MAN: UN NUEVO DÍA,2D Doblada,22:10,,,,https://www.cinemark.com.ar/peliculas/spider-man-un-nuevo-dia
,Cinemark Hoyts,San Justo,,RESIDENT EVIL: NOCHE CERO,DBOX XD 2D Doblada,12:40,,,,https://www.cinemark.com.ar/peliculas/resident-evil-noche-cero
,Cinemark Hoyts,San Justo,,RESIDENT EVIL: NOCHE CERO,XD 2D Doblada,12:40,,,,https://www.cinemark.com.ar/peliculas/resident-evil-noche-cero
,Cinemark Hoyts,San Justo,,RESIDENT EVIL: NOCHE CERO,DBOX XD 2D Doblada,15:00,,,,https://www.cinemark.com.ar/peliculas/resident-evil-noche-cero
,Cinemark Hoyts,San Justo,,RESIDENT EVIL: NOCHE CERO,XD 2D Doblada,15:00,,,,https://www.cinemark.com.ar/peliculas/resident-evil-noche-cero
,Cinemark Hoyts,San Justo,,RESIDENT EVIL: NOCHE CERO,DBOX XD 2D Doblada,17:20,,,,https://www.cinemark.com.ar/peliculas/resident-evil-noche-cero
,Cinemark Hoyts,San Justo,,RESIDENT EVIL: NOCHE CERO,XD 2D Doblada,17:20,,,,https://www.cinemark.com.ar/peliculas/resident-evil-noche-cero
,Cinemark Hoyts,San Justo,,RESIDENT EVIL: NOCHE CERO,DBOX XD 2D Doblada,19:40,,,,https://www.cinemark.com.ar/peliculas/resident-evil-noche-cero
,Cinemark Hoyts,San Justo,,RESIDENT EVIL: NOCHE CERO,XD 2D Doblada,19:40,,,,https://www.cinemark.com.ar/peliculas/resident-evil-noche-cero
,Cinemark Hoyts,San Justo,,RESIDENT EVIL: NOCHE CERO,2D Doblada,20:40,,,,https://www.cinemark.com.ar/peliculas/resident-evil-noche-cero
,Cinemark Hoyts,San Justo,,RESIDENT EVIL: NOCHE CERO,DBOX XD 2D Doblada,22:00,,,,https://www.cinemark.com.ar/peliculas/resident-evil-noche-cero
,Cinemark Hoyts,San Justo,,RESIDENT EVIL: NOCHE CERO,XD 2D Doblada,22:00,,,,https://www.cinemark.com.ar/peliculas/resident-evil-noche-cero
,Cinemark Hoyts,San Justo,,RESIDENT EVIL: NOCHE CERO,2D Doblada,23:00,,,,https://www.cinemark.com.ar/peliculas/resident-evil-noche-cero
,Cinemark Hoyts,San Justo,,COYOTE VS ACME,2D Doblada,12:50,,,,https://www.cinemark.com.ar/peliculas/coyote-vs-acme
,Cinemark Hoyts,San Justo,,COYOTE VS ACME,2D Doblada,15:10,,,,https://www.cinemark.com.ar/peliculas/coyote-vs-acme
,Cinemark Hoyts,San Justo,,COYOTE VS ACME,2D Doblada,17:40,,,,https://www.cinemark.com.ar/peliculas/coyote-vs-acme
,Cinemark Hoyts,San Justo,,COYOTE VS ACME,2D Doblada,20:10,,,,https://www.cinemark.com.ar/peliculas/coyote-vs-acme
,Cinemark Hoyts,San Justo,,"YO, NARCISO",2D Doblada,13:10,,,,https://www.cinemark.com.ar/peliculas/yo-narciso
,Cinemark Hoyts,San Justo,,"YO, NARCISO",2D Doblada,20:30,,,,https://www.cinemark.com.ar/peliculas/yo-narciso
,Cinemark Hoyts,San Justo,,TADEO EL EXPLORADOR Y LA LAMPARA,2D Doblada,13:30,,,,https://www.cinemark.com.ar/peliculas/tadeo-el-explorador-y-la-lampara-maravillosa
,Cinemark Hoyts,San Justo,,VOLVER AL FUTURO,2D Subtitulada,15:30,,,,https://www.cinemark.com.ar/peliculas/volver-al-futuro
,Cinemark Hoyts,San Justo,,PEPITA LA PISTOLERA,2D Doblada,15:50,,,,https://www.cinemark.com.ar/peliculas/pepita-la-pistolera
,Cinemark Hoyts,San Justo,,EL HELADERO,2D Doblada,18:10,,,,https://www.cinemark.com.ar/peliculas/el-heladero-dulce-sabor-a-muerte
,Cinemark Hoyts,San Justo,,EL HELADERO,2D Doblada,22:50,,,,https://www.cinemark.com.ar/peliculas/el-heladero-dulce-sabor-a-muerte
,Cinemark Hoyts,San Justo,,CORALINE,3D Doblada,18:20,,,,https://www.cinemark.com.ar/peliculas/coraline-y-la-puerta-secreta
,Cinemark Hoyts,San Justo,,HECHIZO DE AMOR: LA MAGIA CONTINUA,2D Doblada,22:40,,,,https://www.cinemark.com.ar/peliculas/hechizo-de-amor-la-magia-continua
,Cinemark Hoyts,Moreno,,SPIDER-MAN: UN NUEVO DÍA,DBOX 2D Doblada,12:30,,,,https://www.cinemark.com.ar/peliculas/spider-man-un-nuevo-dia
,Cinemark Hoyts,Moreno,,SPIDER-MAN: UN NUEVO DÍA,2D Doblada,12:30,,,,https://www.cinemark.com.ar/peliculas/spider-man-un-nuevo-dia
,Cinemark Hoyts,Moreno,,SPIDER-MAN: UN NUEVO DÍA,DBOX 2D Doblada,15:40,,,,https://www.cinemark.com.ar/peliculas/spider-man-un-nuevo-dia
,Cinemark Hoyts,Moreno,,SPIDER-MAN: UN NUEVO DÍA,2D Doblada,15:40,,,,https://www.cinemark.com.ar/peliculas/spider-man-un-nuevo-dia
,Cinemark Hoyts,Moreno,,SPIDER-MAN: UN NUEVO DÍA,2D Doblada,18:30,,,,https://www.cinemark.com.ar/peliculas/spider-man-un-nuevo-dia
,Cinemark Hoyts,Moreno,,SPIDER-MAN: UN NUEVO DÍA,DBOX 3D Doblada,19:00,,,,https://www.cinemark.com.ar/peliculas/spider-man-un-nuevo-dia
,Cinemark Hoyts,Moreno,,SPIDER-MAN: UN NUEVO DÍA,3D Doblada,19:00,,,,https://www.cinemark.com.ar/peliculas/spider-man-un-nuevo-dia
,Cinemark Hoyts,Moreno,,SPIDER-MAN: UN NUEVO DÍA,DBOX 2D Doblada,22:25,,,,https://www.cinemark.com.ar/peliculas/spider-man-un-nuevo-dia
,Cinemark Hoyts,Moreno,,SPIDER-MAN: UN NUEVO DÍA,2D Doblada,22:25,,,,https://www.cinemark.com.ar/peliculas/spider-man-un-nuevo-dia
,Cinemark Hoyts,Moreno,,RESIDENT EVIL: NOCHE CERO,DBOX 2D Doblada,12:40,,,,https://www.cinemark.com.ar/peliculas/resident-evil-noche-cero
,Cinemark Hoyts,Moreno,,RESIDENT EVIL: NOCHE CERO,2D Doblada,12:40,,,,https://www.cinemark.com.ar/peliculas/resident-evil-noche-cero
,Cinemark Hoyts,Moreno,,RESIDENT EVIL: NOCHE CERO,2D Doblada,13:40,,,,https://www.cinemark.com.ar/peliculas/resident-evil-noche-cero
,Cinemark Hoyts,Moreno,,RESIDENT EVIL: NOCHE CERO,DBOX 2D Doblada,15:00,,,,https://www.cinemark.com.ar/peliculas/resident-evil-noche-cero
,Cinemark Hoyts,Moreno,,RESIDENT EVIL: NOCHE CERO,2D Doblada,15:00,,,,https://www.cinemark.com.ar/peliculas/resident-evil-noche-cero
,Cinemark Hoyts,Moreno,,RESIDENT EVIL: NOCHE CERO,2D Doblada,16:00,,,,https://www.cinemark.com.ar/peliculas/resident-evil-noche-cero
,Cinemark Hoyts,Moreno,,RESIDENT EVIL: NOCHE CERO,DBOX 2D Doblada,17:20,,,,https://www.cinemark.com.ar/peliculas/resident-evil-noche-cero
,Cinemark Hoyts,Moreno,,RESIDENT EVIL: NOCHE CERO,2D Doblada,17:20,,,,https://www.cinemark.com.ar/peliculas/resident-evil-noche-cero
,Cinemark Hoyts,Moreno,,RESIDENT EVIL: NOCHE CERO,2D Doblada,18:20,,,,https://www.cinemark.com.ar/peliculas/resident-evil-noche-cero
,Cinemark Hoyts,Moreno,,RESIDENT EVIL: NOCHE CERO,DBOX 2D Doblada,19:40,,,,https://www.cinemark.com.ar/peliculas/resident-evil-noche-cero
,Cinemark Hoyts,Moreno,,RESIDENT EVIL: NOCHE CERO,2D Doblada,19:40,,,,https://www.cinemark.com.ar/peliculas/resident-evil-noche-cero
,Cinemark Hoyts,Moreno,,RESIDENT EVIL: NOCHE CERO,2D Doblada,20:40,,,,https://www.cinemark.com.ar/peliculas/resident-evil-noche-cero
,Cinemark Hoyts,Moreno,,RESIDENT EVIL: NOCHE CERO,DBOX 2D Doblada,22:00,,,,https://www.cinemark.com.ar/peliculas/resident-evil-noche-cero
,Cinemark Hoyts,Moreno,,RESIDENT EVIL: NOCHE CERO,2D Doblada,22:00,,,,https://www.cinemark.com.ar/peliculas/resident-evil-noche-cero
,Cinemark Hoyts,Moreno,,RESIDENT EVIL: NOCHE CERO,2D Doblada,22:20,,,,https://www.cinemark.com.ar/peliculas/resident-evil-noche-cero
,Cinemark Hoyts,Moreno,,RESIDENT EVIL: NOCHE CERO,2D Doblada,23:00,,,,https://www.cinemark.com.ar/peliculas/resident-evil-noche-cero
,Cinemark Hoyts,Moreno,,LA NOCHE DEL DEMONIO 6,2D Doblada,12:45,,,,https://www.cinemark.com.ar/peliculas/la-noche-del-demonio-estan-entre-nosotros
,Cinemark Hoyts,Moreno,,LA NOCHE DEL DEMONIO 6,2D Doblada,15:30,,,,https://www.cinemark.com.ar/peliculas/la-noche-del-demonio-estan-entre-nosotros
,Cinemark Hoyts,Moreno,,LA NOCHE DEL DEMONIO 6,2D Doblada,18:00,,,,https://www.cinemark.com.ar/peliculas/la-noche-del-demonio-estan-entre-nosotros
,Cinemark Hoyts,Moreno,,LA NOCHE DEL DEMONIO 6,2D Doblada,20:30,,,,https://www.cinemark.com.ar/peliculas/la-noche-del-demonio-estan-entre-nosotros
,Cinemark Hoyts,Moreno,,LA NOCHE DEL DEMONIO 6,2D Doblada,22:35,,,,https://www.cinemark.com.ar/peliculas/la-noche-del-demonio-estan-entre-nosotros
,Cinemark Hoyts,Moreno,,LA NOCHE DEL DEMONIO 6,2D Doblada,23:10,,,,https://www.cinemark.com.ar/peliculas/la-noche-del-demonio-estan-entre-nosotros
,Cinemark Hoyts,Moreno,,PANDA PLAN LA TRIBU MÁGICA,2D Doblada,12:50,,,,https://www.cinemark.com.ar/peliculas/panda-plan-la-tribu-magica
,Cinemark Hoyts,Moreno,,PANDA PLAN LA TRIBU MÁGICA,2D Doblada,15:10,,,,https://www.cinemark.com.ar/peliculas/panda-plan-la-tribu-magica
,Cinemark Hoyts,Moreno,,TADEO EL EXPLORADOR Y LA LAMPARA,2D Doblada,13:00,,,,https://www.cinemark.com.ar/peliculas/tadeo-el-explorador-y-la-lampara-maravillosa
,Cinemark Hoyts,Moreno,,"YO, NARCISO",2D Doblada,13:00,,,,https://www.cinemark.com.ar/peliculas/yo-narciso
,Cinemark Hoyts,Moreno,,"YO, NARCISO",2D Doblada,15:25,,,,https://www.cinemark.com.ar/peliculas/yo-narciso
,Cinemark Hoyts,Moreno,,"YO, NARCISO",2D Doblada,17:50,,,,https://www.cinemark.com.ar/peliculas/yo-narciso
,Cinemark Hoyts,Moreno,,"YO, NARCISO",2D Doblada,20:10,,,,https://www.cinemark.com.ar/peliculas/yo-narciso
,Cinemark Hoyts,Moreno,,"YO, NARCISO",2D Doblada,22:30,,,,https://www.cinemark.com.ar/peliculas/yo-narciso
,Cinemark Hoyts,Moreno,,EL ÁRBOL MÁGICO,2D Doblada,13:10,,,,https://www.cinemark.com.ar/peliculas/el-arbol-magico
,Cinemark Hoyts,Moreno,,EL ÁRBOL MÁGICO,2D Doblada,15:50,,,,https://www.cinemark.com.ar/peliculas/el-arbol-magico
,Cinemark Hoyts,Moreno,,COYOTE VS ACME,2D Doblada,14:20,,,,https://www.cinemark.com.ar/peliculas/coyote-vs-acme
,Cinemark Hoyts,Moreno,,COYOTE VS ACME,2D Doblada,17:10,,,,https://www.cinemark.com.ar/peliculas/coyote-vs-acme
,Cinemark Hoyts,Moreno,,COYOTE VS ACME,2D Doblada,20:00,,,,https://www.cinemark.com.ar/peliculas/coyote-vs-acme
,Cinemark Hoyts,Moreno,,LA ODISEA,2D Doblada,14:40,,,,https://www.cinemark.com.ar/peliculas/la-odisea
,Cinemark Hoyts,Moreno,,LA ODISEA,2D Doblada,18:30,,,,https://www.cinemark.com.ar/peliculas/la-odisea
,Cinemark Hoyts,Moreno,,LA ODISEA,2D Doblada,22:10,,,,https://www.cinemark.com.ar/peliculas/la-odisea
,Cinemark Hoyts,Moreno,,TOY STORY 5,2D Doblada,15:20,,,,https://www.cinemark.com.ar/peliculas/toy-story-5
,Cinemark Hoyts,Moreno,,CORALINE,3D Doblada,17:30,,,,https://www.cinemark.com.ar/peliculas/coraline-y-la-puerta-secreta
,Cinemark Hoyts,Moreno,,VOLVER AL FUTURO,2D Subtitulada,17:40,,,,https://www.cinemark.com.ar/peliculas/volver-al-futuro
,Cinemark Hoyts,Moreno,,COLONY: ZONA CERO,2D Doblada,19:50,,,,https://www.cinemark.com.ar/peliculas/colony-zona-cero
,Cinemark Hoyts,Moreno,,CÓDIGO: VENGANZA,2D Doblada,20:20,,,,https://www.cinemark.com.ar/peliculas/codigo-venganza
,Cinemark Hoyts,Moreno,,HECHIZO DE AMOR: LA MAGIA CONTINUA,2D Doblada,22:40,,,,https://www.cinemark.com.ar/peliculas/hechizo-de-amor-la-magia-continua
,Cinemark Hoyts,Moreno,,EL HELADERO,2D Doblada,22:50,,,,https://www.cinemark.com.ar/peliculas/el-heladero-dulce-sabor-a-muerte
,Cinemark Hoyts,Moron,,SPIDER-MAN: UN NUEVO DÍA,2D Doblada,12:30,,,,https://www.cinemark.com.ar/peliculas/spider-man-un-nuevo-dia
,Cinemark Hoyts,Moron,,SPIDER-MAN: UN NUEVO DÍA,3D Doblada,15:40,,,,https://www.cinemark.com.ar/peliculas/spider-man-un-nuevo-dia
,Cinemark Hoyts,Moron,,SPIDER-MAN: UN NUEVO DÍA,2D Doblada,18:50,,,,https://www.cinemark.com.ar/peliculas/spider-man-un-nuevo-dia
,Cinemark Hoyts,Moron,,SPIDER-MAN: UN NUEVO DÍA,2D Doblada,22:00,,,,https://www.cinemark.com.ar/peliculas/spider-man-un-nuevo-dia
,Cinemark Hoyts,Moron,,SPIDER-MAN: UN NUEVO DÍA,2D Doblada,22:50,,,,https://www.cinemark.com.ar/peliculas/spider-man-un-nuevo-dia
,Cinemark Hoyts,Moron,,"YO, NARCISO",2D Doblada,12:40,,,,https://www.cinemark.com.ar/peliculas/yo-narciso
,Cinemark Hoyts,Moron,,"YO, NARCISO",2D Doblada,14:50,,,,https://www.cinemark.com.ar/peliculas/yo-narciso
,Cinemark Hoyts,Moron,,"YO, NARCISO",2D Doblada,17:00,,,,https://www.cinemark.com.ar/peliculas/yo-narciso
,Cinemark Hoyts,Moron,,"YO, NARCISO",2D Doblada,19:20,,,,https://www.cinemark.com.ar/peliculas/yo-narciso
,Cinemark Hoyts,Moron,,"YO, NARCISO",2D Doblada,21:40,,,,https://www.cinemark.com.ar/peliculas/yo-narciso
,Cinemark Hoyts,Moron,,COYOTE VS ACME,2D Doblada,12:50,,,,https://www.cinemark.com.ar/peliculas/coyote-vs-acme
,Cinemark Hoyts,Moron,,COYOTE VS ACME,2D Doblada,15:20,,,,https://www.cinemark.com.ar/peliculas/coyote-vs-acme
,Cinemark Hoyts,Moron,,COYOTE VS ACME,2D Doblada,17:50,,,,https://www.cinemark.com.ar/peliculas/coyote-vs-acme
,Cinemark Hoyts,Moron,,COYOTE VS ACME,2D Doblada,20:20,,,,https://www.cinemark.com.ar/peliculas/coyote-vs-acme
,Cinemark Hoyts,Moron,,RESIDENT EVIL: NOCHE CERO,DBOX 2D Doblada,13:00,,,,https://www.cinemark.com.ar/peliculas/resident-evil-noche-cero
,Cinemark Hoyts,Moron,,RESIDENT EVIL: NOCHE CERO,2D Doblada,13:00,,,,https://www.cinemark.com.ar/peliculas/resident-evil-noche-cero
,Cinemark Hoyts,Moron,,RESIDENT EVIL: NOCHE CERO,DBOX 2D Doblada,15:10,,,,https://www.cinemark.com.ar/peliculas/resident-evil-noche-cero
,Cinemark Hoyts,Moron,,RESIDENT EVIL: NOCHE CERO,2D Doblada,15:10,,,,https://www.cinemark.com.ar/peliculas/resident-evil-noche-cero
,Cinemark Hoyts,Moron,,RESIDENT EVIL: NOCHE CERO,DBOX 2D Doblada,17:30,,,,https://www.cinemark.com.ar/peliculas/resident-evil-noche-cero
,Cinemark Hoyts,Moron,,RESIDENT EVIL: NOCHE CERO,2D Doblada,17:30,,,,https://www.cinemark.com.ar/peliculas/resident-evil-noche-cero
,Cinemark Hoyts,Moron,,RESIDENT EVIL: NOCHE CERO,DBOX 2D Subtitulada,19:50,,,,https://www.cinemark.com.ar/peliculas/resident-evil-noche-cero
,Cinemark Hoyts,Moron,,RESIDENT EVIL: NOCHE CERO,2D Subtitulada,19:50,,,,https://www.cinemark.com.ar/peliculas/resident-evil-noche-cero
,Cinemark Hoyts,Moron,,RESIDENT EVIL: NOCHE CERO,2D Doblada,20:40,,,,https://www.cinemark.com.ar/peliculas/resident-evil-noche-cero
,Cinemark Hoyts,Moron,,RESIDENT EVIL: NOCHE CERO,DBOX 2D Doblada,22:10,,,,https://www.cinemark.com.ar/peliculas/resident-evil-noche-cero
,Cinemark Hoyts,Moron,,RESIDENT EVIL: NOCHE CERO,2D Doblada,22:10,,,,https://www.cinemark.com.ar/peliculas/resident-evil-noche-cero
,Cinemark Hoyts,Moron,,RESIDENT EVIL: NOCHE CERO,2D Subtitulada,23:00,,,,https://www.cinemark.com.ar/peliculas/resident-evil-noche-cero
,Cinemark Hoyts,Moron,,TOY STORY 5,2D Doblada,13:10,,,,https://www.cinemark.com.ar/peliculas/toy-story-5
,Cinemark Hoyts,Moron,,EL ÁRBOL MÁGICO,2D Doblada,14:20,,,,https://www.cinemark.com.ar/peliculas/el-arbol-magico
,Cinemark Hoyts,Moron,,EL ÁRBOL MÁGICO,2D Doblada,17:10,,,,https://www.cinemark.com.ar/peliculas/el-arbol-magico
,Cinemark Hoyts,Moron,,LA ODISEA,DBOX 2D Doblada,14:30,,,,https://www.cinemark.com.ar/peliculas/la-odisea
,Cinemark Hoyts,Moron,,LA ODISEA,2D Doblada,14:30,,,,https://www.cinemark.com.ar/peliculas/la-odisea
,Cinemark Hoyts,Moron,,LA ODISEA,DBOX 2D Doblada,18:20,,,,https://www.cinemark.com.ar/peliculas/la-odisea
,Cinemark Hoyts,Moron,,LA ODISEA,2D Doblada,18:20,,,,https://www.cinemark.com.ar/peliculas/la-odisea
,Cinemark Hoyts,Moron,,LA ODISEA,DBOX 2D Doblada,22:20,,,,https://www.cinemark.com.ar/peliculas/la-odisea
,Cinemark Hoyts,Moron,,LA ODISEA,2D Doblada,22:20,,,,https://www.cinemark.com.ar/peliculas/la-odisea
,Cinemark Hoyts,Moron,,LA NOCHE DEL DEMONIO 6,2D Doblada,14:40,,,,https://www.cinemark.com.ar/peliculas/la-noche-del-demonio-estan-entre-nosotros
,Cinemark Hoyts,Moron,,LA NOCHE DEL DEMONIO 6,2D Doblada,17:20,,,,https://www.cinemark.com.ar/peliculas/la-noche-del-demonio-estan-entre-nosotros
,Cinemark Hoyts,Moron,,LA NOCHE DEL DEMONIO 6,2D Doblada,20:00,,,,https://www.cinemark.com.ar/peliculas/la-noche-del-demonio-estan-entre-nosotros
,Cinemark Hoyts,Moron,,LA NOCHE DEL DEMONIO 6,2D Doblada,22:30,,,,https://www.cinemark.com.ar/peliculas/la-noche-del-demonio-estan-entre-nosotros
,Cinemark Hoyts,Moron,,PEPITA LA PISTOLERA,2D Doblada,15:30,,,,https://www.cinemark.com.ar/peliculas/pepita-la-pistolera
,Cinemark Hoyts,Moron,,EL HELADERO,2D Doblada,18:10,,,,https://www.cinemark.com.ar/peliculas/el-heladero-dulce-sabor-a-muerte
,Cinemark Hoyts,Moron,,HECHIZO DE AMOR: LA MAGIA CONTINUA,2D Doblada,19:40,,,,https://www.cinemark.com.ar/peliculas/hechizo-de-amor-la-magia-continua
,Cinemark Hoyts,Moron,,CÓDIGO: VENGANZA,2D Doblada,22:40,,,,https://www.cinemark.com.ar/peliculas/codigo-venganza
,Cinemark Hoyts,Malvinas Argentinas,,SPIDER-MAN: UN NUEVO DÍA,2D Doblada,12:30,,,,https://www.cinemark.com.ar/peliculas/spider-man-un-nuevo-dia
,Cinemark Hoyts,Malvinas Argentinas,,SPIDER-MAN: UN NUEVO DÍA,2D Doblada,15:40,,,,https://www.cinemark.com.ar/peliculas/spider-man-un-nuevo-dia
,Cinemark Hoyts,Malvinas Argentinas,,SPIDER-MAN: UN NUEVO DÍA,2D Doblada,17:30,,,,https://www.cinemark.com.ar/peliculas/spider-man-un-nuevo-dia
,Cinemark Hoyts,Malvinas Argentinas,,SPIDER-MAN: UN NUEVO DÍA,3D Doblada,19:00,,,,https://www.cinemark.com.ar/peliculas/spider-man-un-nuevo-dia
,Cinemark Hoyts,Malvinas Argentinas,,SPIDER-MAN: UN NUEVO DÍA,2D Doblada,22:40,,,,https://www.cinemark.com.ar/peliculas/spider-man-un-nuevo-dia
,Cinemark Hoyts,Malvinas Argentinas,,TADEO EL EXPLORADOR Y LA LAMPARA,2D Doblada,12:35,,,,https://www.cinemark.com.ar/peliculas/tadeo-el-explorador-y-la-lampara-maravillosa
,Cinemark Hoyts,Malvinas Argentinas,,TADEO EL EXPLORADOR Y LA LAMPARA,2D Doblada,14:30,,,,https://www.cinemark.com.ar/peliculas/tadeo-el-explorador-y-la-lampara-maravillosa
,Cinemark Hoyts,Malvinas Argentinas,,COYOTE VS ACME,2D Doblada,12:40,,,,https://www.cinemark.com.ar/peliculas/coyote-vs-acme
,Cinemark Hoyts,Malvinas Argentinas,,COYOTE VS ACME,2D Doblada,15:15,,,,https://www.cinemark.com.ar/peliculas/coyote-vs-acme
,Cinemark Hoyts,Malvinas Argentinas,,COYOTE VS ACME,2D Doblada,17:40,,,,https://www.cinemark.com.ar/peliculas/coyote-vs-acme
,Cinemark Hoyts,Malvinas Argentinas,,COYOTE VS ACME,2D Doblada,20:05,,,,https://www.cinemark.com.ar/peliculas/coyote-vs-acme
,Cinemark Hoyts,Malvinas Argentinas,,PEPITA LA PISTOLERA,2D Doblada,12:45,,,,https://www.cinemark.com.ar/peliculas/pepita-la-pistolera
,Cinemark Hoyts,Malvinas Argentinas,,RESIDENT EVIL: NOCHE CERO,DBOX XD 2D Doblada,12:50,,,,https://www.cinemark.com.ar/peliculas/resident-evil-noche-cero
,Cinemark Hoyts,Malvinas Argentinas,,RESIDENT EVIL: NOCHE CERO,XD 2D Doblada,12:50,,,,https://www.cinemark.com.ar/peliculas/resident-evil-noche-cero
,Cinemark Hoyts,Malvinas Argentinas,,RESIDENT EVIL: NOCHE CERO,DBOX 2D Doblada,13:40,,,,https://www.cinemark.com.ar/peliculas/resident-evil-noche-cero
,Cinemark Hoyts,Malvinas Argentinas,,RESIDENT EVIL: NOCHE CERO,2D Doblada,13:40,,,,https://www.cinemark.com.ar/peliculas/resident-evil-noche-cero
,Cinemark Hoyts,Malvinas Argentinas,,RESIDENT EVIL: NOCHE CERO,DBOX XD 2D Doblada,15:00,,,,https://www.cinemark.com.ar/peliculas/resident-evil-noche-cero
,Cinemark Hoyts,Malvinas Argentinas,,RESIDENT EVIL: NOCHE CERO,XD 2D Doblada,15:00,,,,https://www.cinemark.com.ar/peliculas/resident-evil-noche-cero
,Cinemark Hoyts,Malvinas Argentinas,,RESIDENT EVIL: NOCHE CERO,DBOX 2D Doblada,16:00,,,,https://www.cinemark.com.ar/peliculas/resident-evil-noche-cero
,Cinemark Hoyts,Malvinas Argentinas,,RESIDENT EVIL: NOCHE CERO,2D Doblada,16:00,,,,https://www.cinemark.com.ar/peliculas/resident-evil-noche-cero
,Cinemark Hoyts,Malvinas Argentinas,,RESIDENT EVIL: NOCHE CERO,DBOX XD 2D Doblada,17:20,,,,https://www.cinemark.com.ar/peliculas/resident-evil-noche-cero
,Cinemark Hoyts,Malvinas Argentinas,,RESIDENT EVIL: NOCHE CERO,XD 2D Doblada,17:20,,,,https://www.cinemark.com.ar/peliculas/resident-evil-noche-cero
,Cinemark Hoyts,Malvinas Argentinas,,RESIDENT EVIL: NOCHE CERO,DBOX 2D Doblada,18:20,,,,https://www.cinemark.com.ar/peliculas/resident-evil-noche-cero
,Cinemark Hoyts,Malvinas Argentinas,,RESIDENT EVIL: NOCHE CERO,2D Doblada,18:20,,,,https://www.cinemark.com.ar/peliculas/resident-evil-noche-cero
,Cinemark Hoyts,Malvinas Argentinas,,RESIDENT EVIL: NOCHE CERO,DBOX XD 2D Doblada,19:45,,,,https://www.cinemark.com.ar/peliculas/resident-evil-noche-cero
,Cinemark Hoyts,Malvinas Argentinas,,RESIDENT EVIL: NOCHE CERO,XD 2D Doblada,19:45,,,,https://www.cinemark.com.ar/peliculas/resident-evil-noche-cero
,Cinemark Hoyts,Malvinas Argentinas,,RESIDENT EVIL: NOCHE CERO,DBOX 2D Doblada,20:40,,,,https://www.cinemark.com.ar/peliculas/resident-evil-noche-cero
,Cinemark Hoyts,Malvinas Argentinas,,RESIDENT EVIL: NOCHE CERO,2D Doblada,20:40,,,,https://www.cinemark.com.ar/peliculas/resident-evil-noche-cero
,Cinemark Hoyts,Malvinas Argentinas,,RESIDENT EVIL: NOCHE CERO,DBOX XD 2D Doblada,22:00,,,,https://www.cinemark.com.ar/peliculas/resident-evil-noche-cero
,Cinemark Hoyts,Malvinas Argentinas,,RESIDENT EVIL: NOCHE CERO,XD 2D Doblada,22:00,,,,https://www.cinemark.com.ar/peliculas/resident-evil-noche-cero
,Cinemark Hoyts,Malvinas Argentinas,,RESIDENT EVIL: NOCHE CERO,2D Doblada,22:30,,,,https://www.cinemark.com.ar/peliculas/resident-evil-noche-cero
,Cinemark Hoyts,Malvinas Argentinas,,RESIDENT EVIL: NOCHE CERO,DBOX 2D Subtitulada,23:00,,,,https://www.cinemark.com.ar/peliculas/resident-evil-noche-cero
,Cinemark Hoyts,Malvinas Argentinas,,RESIDENT EVIL: NOCHE CERO,2D Subtitulada,23:00,,,,https://www.cinemark.com.ar/peliculas/resident-evil-noche-cero
,Cinemark Hoyts,Malvinas Argentinas,,PANDA PLAN LA TRIBU MÁGICA,2D Doblada,13:10,,,,https://www.cinemark.com.ar/peliculas/panda-plan-la-tribu-magica
,Cinemark Hoyts,Malvinas Argentinas,,PANDA PLAN LA TRIBU MÁGICA,2D Doblada,15:30,,,,https://www.cinemark.com.ar/peliculas/panda-plan-la-tribu-magica
,Cinemark Hoyts,Malvinas Argentinas,,TOY STORY 5,2D Doblada,13:30,,,,https://www.cinemark.com.ar/peliculas/toy-story-5
,Cinemark Hoyts,Malvinas Argentinas,,TOY STORY 5,2D Doblada,15:50,,,,https://www.cinemark.com.ar/peliculas/toy-story-5
,Cinemark Hoyts,Malvinas Argentinas,,LA NOCHE DEL DEMONIO 6,2D Doblada,14:00,,,,https://www.cinemark.com.ar/peliculas/la-noche-del-demonio-estan-entre-nosotros
,Cinemark Hoyts,Malvinas Argentinas,,LA NOCHE DEL DEMONIO 6,2D Doblada,16:40,,,,https://www.cinemark.com.ar/peliculas/la-noche-del-demonio-estan-entre-nosotros
,Cinemark Hoyts,Malvinas Argentinas,,LA NOCHE DEL DEMONIO 6,2D Doblada,19:10,,,,https://www.cinemark.com.ar/peliculas/la-noche-del-demonio-estan-entre-nosotros
,Cinemark Hoyts,Malvinas Argentinas,,LA NOCHE DEL DEMONIO 6,2D Doblada,21:40,,,,https://www.cinemark.com.ar/peliculas/la-noche-del-demonio-estan-entre-nosotros
,Cinemark Hoyts,Malvinas Argentinas,,LA NOCHE DEL DEMONIO 6,2D Doblada,22:55,,,,https://www.cinemark.com.ar/peliculas/la-noche-del-demonio-estan-entre-nosotros
,Cinemark Hoyts,Malvinas Argentinas,,EL FINAL DE LA CALLE OAK,2D Doblada,14:50,,,,https://www.cinemark.com.ar/peliculas/el-final-de-la-calle-oak
,Cinemark Hoyts,Malvinas Argentinas,,LA ODISEA,2D Doblada,15:10,,,,https://www.cinemark.com.ar/peliculas/la-odisea
,Cinemark Hoyts,Malvinas Argentinas,,LA ODISEA,2D Doblada,18:40,,,,https://www.cinemark.com.ar/peliculas/la-odisea
,Cinemark Hoyts,Malvinas Argentinas,,LA ODISEA,2D Doblada,22:20,,,,https://www.cinemark.com.ar/peliculas/la-odisea
,Cinemark Hoyts,Malvinas Argentinas,,VOLVER AL FUTURO,2D Subtitulada,16:50,,,,https://www.cinemark.com.ar/peliculas/volver-al-futuro
,Cinemark Hoyts,Malvinas Argentinas,,EL ÁRBOL MÁGICO,2D Doblada,17:50,,,,https://www.cinemark.com.ar/peliculas/el-arbol-magico
,Cinemark Hoyts,Malvinas Argentinas,,EL ÁRBOL MÁGICO,2D Doblada,20:30,,,,https://www.cinemark.com.ar/peliculas/el-arbol-magico
,Cinemark Hoyts,Malvinas Argentinas,,ONE PIECE: LA PELÍCULA,2D Doblada,18:30,,,,https://www.cinemark.com.ar/peliculas/one-piece-la-pelicula
,Cinemark Hoyts,Malvinas Argentinas,,"YO, NARCISO",2D Doblada,19:30,,,,https://www.cinemark.com.ar/peliculas/yo-narciso
,Cinemark Hoyts,Malvinas Argentinas,,"YO, NARCISO",2D Doblada,22:10,,,,https://www.cinemark.com.ar/peliculas/yo-narciso
,Cinemark Hoyts,Malvinas Argentinas,,HECHIZO DE AMOR: LA MAGIA CONTINUA,2D Doblada,20:00,,,,https://www.cinemark.com.ar/peliculas/hechizo-de-amor-la-magia-continua
,Cinemark Hoyts,Malvinas Argentinas,,HECHIZO DE AMOR: LA MAGIA CONTINUA,2D Doblada,22:45,,,,https://www.cinemark.com.ar/peliculas/hechizo-de-amor-la-magia-continua
,Cinemark Hoyts,Malvinas Argentinas,,CÓDIGO: VENGANZA,2D Doblada,20:45,,,,https://www.cinemark.com.ar/peliculas/codigo-venganza
,Cinemark Hoyts,Malvinas Argentinas,,EL HELADERO,2D Doblada,23:10,,,,https://www.cinemark.com.ar/peliculas/el-heladero-dulce-sabor-a-muerte
,Cinemark Hoyts,Alto Avellaneda,,LA NOCHE DEL DEMONIO 6,2D Doblada,12:40,,,,https://www.cinemark.com.ar/peliculas/la-noche-del-demonio-estan-entre-nosotros
,Cinemark Hoyts,Alto Avellaneda,,LA NOCHE DEL DEMONIO 6,2D Doblada,15:25,,,,https://www.cinemark.com.ar/peliculas/la-noche-del-demonio-estan-entre-nosotros
,Cinemark Hoyts,Alto Avellaneda,,LA NOCHE DEL DEMONIO 6,2D Doblada,17:50,,,,https://www.cinemark.com.ar/peliculas/la-noche-del-demonio-estan-entre-nosotros
,Cinemark Hoyts,Alto Avellaneda,,LA NOCHE DEL DEMONIO 6,2D Doblada,20:20,,,,https://www.cinemark.com.ar/peliculas/la-noche-del-demonio-estan-entre-nosotros
,Cinemark Hoyts,Alto Avellaneda,,LA NOCHE DEL DEMONIO 6,2D Doblada,23:10,,,,https://www.cinemark.com.ar/peliculas/la-noche-del-demonio-estan-entre-nosotros
,Cinemark Hoyts,Alto Avellaneda,,RESIDENT EVIL: NOCHE CERO,DBOX XD 2D Doblada,12:50,,,,https://www.cinemark.com.ar/peliculas/resident-evil-noche-cero
,Cinemark Hoyts,Alto Avellaneda,,RESIDENT EVIL: NOCHE CERO,XD 2D Doblada,12:50,,,,https://www.cinemark.com.ar/peliculas/resident-evil-noche-cero
,Cinemark Hoyts,Alto Avellaneda,,RESIDENT EVIL: NOCHE CERO,DBOX XD 2D Doblada,15:10,,,,https://www.cinemark.com.ar/peliculas/resident-evil-noche-cero
,Cinemark Hoyts,Alto Avellaneda,,RESIDENT EVIL: NOCHE CERO,XD 2D Doblada,15:10,,,,https://www.cinemark.com.ar/peliculas/resident-evil-noche-cero
,Cinemark Hoyts,Alto Avellaneda,,RESIDENT EVIL: NOCHE CERO,DBOX XD 2D Doblada,17:30,,,,https://www.cinemark.com.ar/peliculas/resident-evil-noche-cero
,Cinemark Hoyts,Alto Avellaneda,,RESIDENT EVIL: NOCHE CERO,XD 2D Doblada,17:30,,,,https://www.cinemark.com.ar/peliculas/resident-evil-noche-cero
,Cinemark Hoyts,Alto Avellaneda,,RESIDENT EVIL: NOCHE CERO,DBOX XD 2D Doblada,20:00,,,,https://www.cinemark.com.ar/peliculas/resident-evil-noche-cero
,Cinemark Hoyts,Alto Avellaneda,,RESIDENT EVIL: NOCHE CERO,XD 2D Doblada,20:00,,,,https://www.cinemark.com.ar/peliculas/resident-evil-noche-cero
,Cinemark Hoyts,Alto Avellaneda,,RESIDENT EVIL: NOCHE CERO,4D 2D Doblada,20:30,,,,https://www.cinemark.com.ar/peliculas/resident-evil-noche-cero
,Cinemark Hoyts,Alto Avellaneda,,RESIDENT EVIL: NOCHE CERO,DBOX XD 2D Doblada,22:30,,,,https://www.cinemark.com.ar/peliculas/resident-evil-noche-cero
,Cinemark Hoyts,Alto Avellaneda,,RESIDENT EVIL: NOCHE CERO,XD 2D Doblada,22:30,,,,https://www.cinemark.com.ar/peliculas/resident-evil-noche-cero
,Cinemark Hoyts,Alto Avellaneda,,RESIDENT EVIL: NOCHE CERO,4D 2D Doblada,23:00,,,,https://www.cinemark.com.ar/peliculas/resident-evil-noche-cero
,Cinemark Hoyts,Alto Avellaneda,,SPIDER-MAN: UN NUEVO DÍA,2D Doblada,13:00,,,,https://www.cinemark.com.ar/peliculas/spider-man-un-nuevo-dia
,Cinemark Hoyts,Alto Avellaneda,,SPIDER-MAN: UN NUEVO DÍA,4D 3D Doblada,13:30,,,,https://www.cinemark.com.ar/peliculas/spider-man-un-nuevo-dia
,Cinemark Hoyts,Alto Avellaneda,,SPIDER-MAN: UN NUEVO DÍA,2D Doblada,16:10,,,,https://www.cinemark.com.ar/peliculas/spider-man-un-nuevo-dia
,Cinemark Hoyts,Alto Avellaneda,,SPIDER-MAN: UN NUEVO DÍA,4D 3D Doblada,16:50,,,,https://www.cinemark.com.ar/peliculas/spider-man-un-nuevo-dia
,Cinemark Hoyts,Alto Avellaneda,,SPIDER-MAN: UN NUEVO DÍA,2D Doblada,19:20,,,,https://www.cinemark.com.ar/peliculas/spider-man-un-nuevo-dia
,Cinemark Hoyts,Alto Avellaneda,,SPIDER-MAN: UN NUEVO DÍA,2D Doblada,22:40,,,,https://www.cinemark.com.ar/peliculas/spider-man-un-nuevo-dia
,Cinemark Hoyts,Alto Avellaneda,,"YO, NARCISO",2D Doblada,13:20,,,,https://www.cinemark.com.ar/peliculas/yo-narciso
,Cinemark Hoyts,Alto Avellaneda,,"YO, NARCISO",2D Doblada,15:40,,,,https://www.cinemark.com.ar/peliculas/yo-narciso
,Cinemark Hoyts,Alto Avellaneda,,"YO, NARCISO",2D Doblada,18:00,,,,https://www.cinemark.com.ar/peliculas/yo-narciso
,Cinemark Hoyts,Alto Avellaneda,,"YO, NARCISO",2D Doblada,20:10,,,,https://www.cinemark.com.ar/peliculas/yo-narciso
,Cinemark Hoyts,Alto Avellaneda,,"YO, NARCISO",2D Doblada,22:20,,,,https://www.cinemark.com.ar/peliculas/yo-narciso
,Cinemark Hoyts,Alto Avellaneda,,COYOTE VS ACME,DBOX 2D Doblada,13:50,,,,https://www.cinemark.com.ar/peliculas/coyote-vs-acme
,Cinemark Hoyts,Alto Avellaneda,,COYOTE VS ACME,2D Doblada,13:50,,,,https://www.cinemark.com.ar/peliculas/coyote-vs-acme
,Cinemark Hoyts,Alto Avellaneda,,COYOTE VS ACME,DBOX 2D Doblada,16:30,,,,https://www.cinemark.com.ar/peliculas/coyote-vs-acme
,Cinemark Hoyts,Alto Avellaneda,,COYOTE VS ACME,2D Doblada,16:30,,,,https://www.cinemark.com.ar/peliculas/coyote-vs-acme
,Cinemark Hoyts,Alto Avellaneda,,COYOTE VS ACME,DBOX 2D Doblada,19:30,,,,https://www.cinemark.com.ar/peliculas/coyote-vs-acme
,Cinemark Hoyts,Alto Avellaneda,,COYOTE VS ACME,2D Doblada,19:30,,,,https://www.cinemark.com.ar/peliculas/coyote-vs-acme
,Cinemark Hoyts,Alto Avellaneda,,HECHIZO DE AMOR: LA MAGIA CONTINUA,2D Doblada,14:00,,,,https://www.cinemark.com.ar/peliculas/hechizo-de-amor-la-magia-continua
,Cinemark Hoyts,Alto Avellaneda,,HECHIZO DE AMOR: LA MAGIA CONTINUA,2D Doblada,19:50,,,,https://www.cinemark.com.ar/peliculas/hechizo-de-amor-la-magia-continua
,Cinemark Hoyts,Alto Avellaneda,,LA ODISEA,2D Doblada,14:30,,,,https://www.cinemark.com.ar/peliculas/la-odisea
,Cinemark Hoyts,Alto Avellaneda,,LA ODISEA,2D Doblada,18:10,,,,https://www.cinemark.com.ar/peliculas/la-odisea
,Cinemark Hoyts,Alto Avellaneda,,LA ODISEA,2D Doblada,22:00,,,,https://www.cinemark.com.ar/peliculas/la-odisea
,Cinemark Hoyts,Alto Avellaneda,,PEPITA LA PISTOLERA,2D Doblada,17:00,,,,https://www.cinemark.com.ar/peliculas/pepita-la-pistolera
,Cinemark Hoyts,Alto Avellaneda,,EL HELADERO,2D Doblada,22:50,,,,https://www.cinemark.com.ar/peliculas/el-heladero-dulce-sabor-a-muerte
,Cinemark Hoyts,Alto Avellaneda,,CÓDIGO: VENGANZA,2D Doblada,23:00,,,,https://www.cinemark.com.ar/peliculas/codigo-venganza
,Cinemark Hoyts,Caballito,,COYOTE VS ACME,2D Doblada,12:40,,,,https://www.cinemark.com.ar/peliculas/coyote-vs-acme
,Cinemark Hoyts,Caballito,,COYOTE VS ACME,2D Doblada,15:10,,,,https://www.cinemark.com.ar/peliculas/coyote-vs-acme
,Cinemark Hoyts,Caballito,,COYOTE VS ACME,2D Doblada,17:40,,,,https://www.cinemark.com.ar/peliculas/coyote-vs-acme
,Cinemark Hoyts,Caballito,,COYOTE VS ACME,2D Doblada,20:20,,,,https://www.cinemark.com.ar/peliculas/coyote-vs-acme
,Cinemark Hoyts,Caballito,,RESIDENT EVIL: NOCHE CERO,2D Doblada,12:50,,,,https://www.cinemark.com.ar/peliculas/resident-evil-noche-cero
,Cinemark Hoyts,Caballito,,RESIDENT EVIL: NOCHE CERO,2D Subtitulada,15:20,,,,https://www.cinemark.com.ar/peliculas/resident-evil-noche-cero
,Cinemark Hoyts,Caballito,,RESIDENT EVIL: NOCHE CERO,2D Doblada,17:50,,,,https://www.cinemark.com.ar/peliculas/resident-evil-noche-cero
,Cinemark Hoyts,Caballito,,RESIDENT EVIL: NOCHE CERO,2D Subtitulada,20:10,,,,https://www.cinemark.com.ar/peliculas/resident-evil-noche-cero
,Cinemark Hoyts,Caballito,,RESIDENT EVIL: NOCHE CERO,2D Subtitulada,22:30,,,,https://www.cinemark.com.ar/peliculas/resident-evil-noche-cero
,Cinemark Hoyts,Caballito,,RESIDENT EVIL: NOCHE CERO,2D Subtitulada,23:00,,,,https://www.cinemark.com.ar/peliculas/resident-evil-noche-cero
,Cinemark Hoyts,Caballito,,TOY STORY 5,2D Doblada,13:00,,,,https://www.cinemark.com.ar/peliculas/toy-story-5
,Cinemark Hoyts,Caballito,,SPIDER-MAN: UN NUEVO DÍA,2D Subtitulada,13:10,,,,https://www.cinemark.com.ar/peliculas/spider-man-un-nuevo-dia
,Cinemark Hoyts,Caballito,,SPIDER-MAN: UN NUEVO DÍA,2D Subtitulada,16:20,,,,https://www.cinemark.com.ar/peliculas/spider-man-un-nuevo-dia
,Cinemark Hoyts,Caballito,,SPIDER-MAN: UN NUEVO DÍA,3D Doblada,19:30,,,,https://www.cinemark.com.ar/peliculas/spider-man-un-nuevo-dia
,Cinemark Hoyts,Caballito,,SPIDER-MAN: UN NUEVO DÍA,2D Subtitulada,22:40,,,,https://www.cinemark.com.ar/peliculas/spider-man-un-nuevo-dia
,Cinemark Hoyts,Caballito,,LA NOCHE DEL DEMONIO 6,2D Subtitulada,13:20,,,,https://www.cinemark.com.ar/peliculas/la-noche-del-demonio-estan-entre-nosotros
,Cinemark Hoyts,Caballito,,LA NOCHE DEL DEMONIO 6,2D Subtitulada,18:00,,,,https://www.cinemark.com.ar/peliculas/la-noche-del-demonio-estan-entre-nosotros
,Cinemark Hoyts,Caballito,,LA NOCHE DEL DEMONIO 6,2D Subtitulada,22:20,,,,https://www.cinemark.com.ar/peliculas/la-noche-del-demonio-estan-entre-nosotros
,Cinemark Hoyts,Caballito,,HECHIZO DE AMOR: LA MAGIA CONTINUA,2D Subtitulada,13:50,,,,https://www.cinemark.com.ar/peliculas/hechizo-de-amor-la-magia-continua
,Cinemark Hoyts,Caballito,,HECHIZO DE AMOR: LA MAGIA CONTINUA,2D Subtitulada,19:20,,,,https://www.cinemark.com.ar/peliculas/hechizo-de-amor-la-magia-continua
,Cinemark Hoyts,Caballito,,OASIS: DON´T LOOK BACK IN ANGER,2D Subtitulada,15:30,,,,https://www.cinemark.com.ar/peliculas/oasis-don-t-look-back-in-anger
,Cinemark Hoyts,Caballito,,"YO, NARCISO",2D Doblada,15:45,,,,https://www.cinemark.com.ar/peliculas/yo-narciso
,Cinemark Hoyts,Caballito,,"YO, NARCISO",2D Doblada,20:30,,,,https://www.cinemark.com.ar/peliculas/yo-narciso
,Cinemark Hoyts,Caballito,,"YO, NARCISO",2D Doblada,22:50,,,,https://www.cinemark.com.ar/peliculas/yo-narciso
,Cinemark Hoyts,Caballito,,PEPITA LA PISTOLERA,2D Doblada,16:50,,,,https://www.cinemark.com.ar/peliculas/pepita-la-pistolera
,Cinemark Hoyts,Caballito,,LA ODISEA,2D Subtitulada,18:10,,,,https://www.cinemark.com.ar/peliculas/la-odisea
,Cinemark Hoyts,Caballito,,LA ODISEA,2D Subtitulada,21:50,,,,https://www.cinemark.com.ar/peliculas/la-odisea
,Cinemark Hoyts,Abasto,,TADEO EL EXPLORADOR Y LA LAMPARA,2D Doblada,12:50,,,,https://www.cinemark.com.ar/peliculas/tadeo-el-explorador-y-la-lampara-maravillosa
,Cinemark Hoyts,Abasto,,RESIDENT EVIL: NOCHE CERO,DBOX 2D Doblada,13:00,,,,https://www.cinemark.com.ar/peliculas/resident-evil-noche-cero
,Cinemark Hoyts,Abasto,,RESIDENT EVIL: NOCHE CERO,2D Doblada,13:00,,,,https://www.cinemark.com.ar/peliculas/resident-evil-noche-cero
,Cinemark Hoyts,Abasto,,RESIDENT EVIL: NOCHE CERO,DBOX 2D Doblada,14:00,,,,https://www.cinemark.com.ar/peliculas/resident-evil-noche-cero
,Cinemark Hoyts,Abasto,,RESIDENT EVIL: NOCHE CERO,2D Doblada,14:00,,,,https://www.cinemark.com.ar/peliculas/resident-evil-noche-cero
,Cinemark Hoyts,Abasto,,RESIDENT EVIL: NOCHE CERO,DBOX 2D Doblada,15:15,,,,https://www.cinemark.com.ar/peliculas/resident-evil-noche-cero
,Cinemark Hoyts,Abasto,,RESIDENT EVIL: NOCHE CERO,2D Doblada,15:15,,,,https://www.cinemark.com.ar/peliculas/resident-evil-noche-cero
,Cinemark Hoyts,Abasto,,RESIDENT EVIL: NOCHE CERO,DBOX 2D Doblada,16:15,,,,https://www.cinemark.com.ar/peliculas/resident-evil-noche-cero
,Cinemark Hoyts,Abasto,,RESIDENT EVIL: NOCHE CERO,2D Doblada,16:15,,,,https://www.cinemark.com.ar/peliculas/resident-evil-noche-cero
,Cinemark Hoyts,Abasto,,RESIDENT EVIL: NOCHE CERO,DBOX 2D Doblada,17:30,,,,https://www.cinemark.com.ar/peliculas/resident-evil-noche-cero
,Cinemark Hoyts,Abasto,,RESIDENT EVIL: NOCHE CERO,2D Doblada,17:30,,,,https://www.cinemark.com.ar/peliculas/resident-evil-noche-cero
,Cinemark Hoyts,Abasto,,RESIDENT EVIL: NOCHE CERO,DBOX 2D Doblada,18:30,,,,https://www.cinemark.com.ar/peliculas/resident-evil-noche-cero
,Cinemark Hoyts,Abasto,,RESIDENT EVIL: NOCHE CERO,2D Doblada,18:30,,,,https://www.cinemark.com.ar/peliculas/resident-evil-noche-cero
,Cinemark Hoyts,Abasto,,RESIDENT EVIL: NOCHE CERO,DBOX 2D Doblada,19:45,,,,https://www.cinemark.com.ar/peliculas/resident-evil-noche-cero
,Cinemark Hoyts,Abasto,,RESIDENT EVIL: NOCHE CERO,2D Doblada,19:45,,,,https://www.cinemark.com.ar/peliculas/resident-evil-noche-cero
,Cinemark Hoyts,Abasto,,RESIDENT EVIL: NOCHE CERO,2D Doblada,20:20,,,,https://www.cinemark.com.ar/peliculas/resident-evil-noche-cero
,Cinemark Hoyts,Abasto,,RESIDENT EVIL: NOCHE CERO,DBOX 2D Subtitulada,20:45,,,,https://www.cinemark.com.ar/peliculas/resident-evil-noche-cero
,Cinemark Hoyts,Abasto,,RESIDENT EVIL: NOCHE CERO,2D Subtitulada,20:45,,,,https://www.cinemark.com.ar/peliculas/resident-evil-noche-cero
,Cinemark Hoyts,Abasto,,RESIDENT EVIL: NOCHE CERO,DBOX 2D Doblada,22:00,,,,https://www.cinemark.com.ar/peliculas/resident-evil-noche-cero
,Cinemark Hoyts,Abasto,,RESIDENT EVIL: NOCHE CERO,2D Doblada,22:00,,,,https://www.cinemark.com.ar/peliculas/resident-evil-noche-cero
,Cinemark Hoyts,Abasto,,RESIDENT EVIL: NOCHE CERO,2D Doblada,22:40,,,,https://www.cinemark.com.ar/peliculas/resident-evil-noche-cero
,Cinemark Hoyts,Abasto,,RESIDENT EVIL: NOCHE CERO,DBOX 2D Subtitulada,23:00,,,,https://www.cinemark.com.ar/peliculas/resident-evil-noche-cero
,Cinemark Hoyts,Abasto,,RESIDENT EVIL: NOCHE CERO,2D Subtitulada,23:00,,,,https://www.cinemark.com.ar/peliculas/resident-evil-noche-cero
,Cinemark Hoyts,Abasto,,TOY STORY 5,2D Doblada,13:00,,,,https://www.cinemark.com.ar/peliculas/toy-story-5
,Cinemark Hoyts,Abasto,,TOY STORY 5,2D Doblada,15:20,,,,https://www.cinemark.com.ar/peliculas/toy-story-5
,Cinemark Hoyts,Abasto,,SPIDER-MAN: UN NUEVO DÍA,DBOX 2D Doblada,13:10,,,,https://www.cinemark.com.ar/peliculas/spider-man-un-nuevo-dia
,Cinemark Hoyts,Abasto,,SPIDER-MAN: UN NUEVO DÍA,2D Doblada,13:10,,,,https://www.cinemark.com.ar/peliculas/spider-man-un-nuevo-dia
,Cinemark Hoyts,Abasto,,SPIDER-MAN: UN NUEVO DÍA,2D Doblada,14:00,,,,https://www.cinemark.com.ar/peliculas/spider-man-un-nuevo-dia
,Cinemark Hoyts,Abasto,,SPIDER-MAN: UN NUEVO DÍA,DBOX 2D Doblada,16:20,,,,https://www.cinemark.com.ar/peliculas/spider-man-un-nuevo-dia
,Cinemark Hoyts,Abasto,,SPIDER-MAN: UN NUEVO DÍA,2D Doblada,16:20,,,,https://www.cinemark.com.ar/peliculas/spider-man-un-nuevo-dia
,Cinemark Hoyts,Abasto,,SPIDER-MAN: UN NUEVO DÍA,DBOX 3D Doblada,19:30,,,,https://www.cinemark.com.ar/peliculas/spider-man-un-nuevo-dia
,Cinemark Hoyts,Abasto,,SPIDER-MAN: UN NUEVO DÍA,3D Doblada,19:30,,,,https://www.cinemark.com.ar/peliculas/spider-man-un-nuevo-dia
,Cinemark Hoyts,Abasto,,SPIDER-MAN: UN NUEVO DÍA,DBOX 2D Doblada,22:40,,,,https://www.cinemark.com.ar/peliculas/spider-man-un-nuevo-dia
,Cinemark Hoyts,Abasto,,SPIDER-MAN: UN NUEVO DÍA,2D Doblada,22:40,,,,https://www.cinemark.com.ar/peliculas/spider-man-un-nuevo-dia
,Cinemark Hoyts,Abasto,,PEPITA LA PISTOLERA,2D Doblada,13:20,,,,https://www.cinemark.com.ar/peliculas/pepita-la-pistolera
,Cinemark Hoyts,Abasto,,PEPITA LA PISTOLERA,2D Doblada,18:00,,,,https://www.cinemark.com.ar/peliculas/pepita-la-pistolera
,Cinemark Hoyts,Abasto,,PANDA PLAN LA TRIBU MÁGICA,2D Doblada,13:40,,,,https://www.cinemark.com.ar/peliculas/panda-plan-la-tribu-magica
,Cinemark Hoyts,Abasto,,PANDA PLAN LA TRIBU MÁGICA,2D Doblada,16:10,,,,https://www.cinemark.com.ar/peliculas/panda-plan-la-tribu-magica
,Cinemark Hoyts,Abasto,,COYOTE VS ACME,2D Doblada,14:00,,,,https://www.cinemark.com.ar/peliculas/coyote-vs-acme
,Cinemark Hoyts,Abasto,,COYOTE VS ACME,2D Doblada,16:30,,,,https://www.cinemark.com.ar/peliculas/coyote-vs-acme
,Cinemark Hoyts,Abasto,,COYOTE VS ACME,2D Doblada,19:00,,,,https://www.cinemark.com.ar/peliculas/coyote-vs-acme
,Cinemark Hoyts,Abasto,,COYOTE VS ACME,2D Doblada,21:50,,,,https://www.cinemark.com.ar/peliculas/coyote-vs-acme
,Cinemark Hoyts,Abasto,,LA NOCHE DEL DEMONIO 6,2D Doblada,14:10,,,,https://www.cinemark.com.ar/peliculas/la-noche-del-demonio-estan-entre-nosotros
,Cinemark Hoyts,Abasto,,LA NOCHE DEL DEMONIO 6,2D Doblada,16:40,,,,https://www.cinemark.com.ar/peliculas/la-noche-del-demonio-estan-entre-nosotros
,Cinemark Hoyts,Abasto,,LA NOCHE DEL DEMONIO 6,2D Doblada,17:20,,,,https://www.cinemark.com.ar/peliculas/la-noche-del-demonio-estan-entre-nosotros
,Cinemark Hoyts,Abasto,,LA NOCHE DEL DEMONIO 6,2D Doblada,19:10,,,,https://www.cinemark.com.ar/peliculas/la-noche-del-demonio-estan-entre-nosotros
,Cinemark Hoyts,Abasto,,LA NOCHE DEL DEMONIO 6,2D Doblada,21:40,,,,https://www.cinemark.com.ar/peliculas/la-noche-del-demonio-estan-entre-nosotros
,Cinemark Hoyts,Abasto,,LA NOCHE DEL DEMONIO 6,2D Doblada,23:00,,,,https://www.cinemark.com.ar/peliculas/la-noche-del-demonio-estan-entre-nosotros
,Cinemark Hoyts,Abasto,,OASIS: DON´T LOOK BACK IN ANGER,2D Subtitulada,14:20,,,,https://www.cinemark.com.ar/peliculas/oasis-don-t-look-back-in-anger
,Cinemark Hoyts,Abasto,,EL ÁRBOL MÁGICO,2D Doblada,14:30,,,,https://www.cinemark.com.ar/peliculas/el-arbol-magico
,Cinemark Hoyts,Abasto,,EL ÁRBOL MÁGICO,2D Doblada,17:30,,,,https://www.cinemark.com.ar/peliculas/el-arbol-magico
,Cinemark Hoyts,Abasto,,EL ÁRBOL MÁGICO,2D Doblada,20:00,,,,https://www.cinemark.com.ar/peliculas/el-arbol-magico
,Cinemark Hoyts,Abasto,,LA ODISEA,2D Doblada,15:00,,,,https://www.cinemark.com.ar/peliculas/la-odisea
,Cinemark Hoyts,Abasto,,LA ODISEA,2D Doblada,18:40,,,,https://www.cinemark.com.ar/peliculas/la-odisea
,Cinemark Hoyts,Abasto,,LA ODISEA,2D Doblada,22:20,,,,https://www.cinemark.com.ar/peliculas/la-odisea
,Cinemark Hoyts,Abasto,,"YO, NARCISO",2D Doblada,15:45,,,,https://www.cinemark.com.ar/peliculas/yo-narciso
,Cinemark Hoyts,Abasto,,"YO, NARCISO",2D Doblada,20:30,,,,https://www.cinemark.com.ar/peliculas/yo-narciso
,Cinemark Hoyts,Abasto,,PMMM LA REBELION,2D Subtitulada,17:00,,,,https://www.cinemark.com.ar/peliculas/puella-magi-madoka-magica-la-rebelion
,Cinemark Hoyts,Abasto,,VOLVER AL FUTURO,2D Subtitulada,17:50,,,,https://www.cinemark.com.ar/peliculas/volver-al-futuro
,Cinemark Hoyts,Abasto,,ONE PIECE: LA PELÍCULA,2D Doblada,18:30,,,,https://www.cinemark.com.ar/peliculas/one-piece-la-pelicula
,Cinemark Hoyts,Abasto,,HECHIZO DE AMOR: LA MAGIA CONTINUA,2D Doblada,19:40,,,,https://www.cinemark.com.ar/peliculas/hechizo-de-amor-la-magia-continua
,Cinemark Hoyts,Abasto,,HECHIZO DE AMOR: LA MAGIA CONTINUA,2D Doblada,22:30,,,,https://www.cinemark.com.ar/peliculas/hechizo-de-amor-la-magia-continua
,Cinemark Hoyts,Abasto,,CÓDIGO: VENGANZA,2D Doblada,22:40,,,,https://www.cinemark.com.ar/peliculas/codigo-venganza
,Cinemark Hoyts,Abasto,,COLONY: ZONA CERO,2D Doblada,22:50,,,,https://www.cinemark.com.ar/peliculas/colony-zona-cero
,Cinemark Hoyts,Abasto,,EL HELADERO,2D Doblada,22:50,,,,https://www.cinemark.com.ar/peliculas/el-heladero-dulce-sabor-a-muerte
,Cinemark Hoyts,Tortugas,,HECHIZO DE AMOR: LA MAGIA CONTINUA,2D Doblada,12:50,,,,https://www.cinemark.com.ar/peliculas/hechizo-de-amor-la-magia-continua
,Cinemark Hoyts,Tortugas,,HECHIZO DE AMOR: LA MAGIA CONTINUA,2D Doblada,15:40,,,,https://www.cinemark.com.ar/peliculas/hechizo-de-amor-la-magia-continua
,Cinemark Hoyts,Tortugas,,HECHIZO DE AMOR: LA MAGIA CONTINUA,2D Doblada,20:00,,,,https://www.cinemark.com.ar/peliculas/hechizo-de-amor-la-magia-continua
,Cinemark Hoyts,Tortugas,,PEPITA LA PISTOLERA,2D Doblada,12:50,,,,https://www.cinemark.com.ar/peliculas/pepita-la-pistolera
,Cinemark Hoyts,Tortugas,,PEPITA LA PISTOLERA,2D Doblada,17:40,,,,https://www.cinemark.com.ar/peliculas/pepita-la-pistolera
,Cinemark Hoyts,Tortugas,,LA NOCHE DEL DEMONIO 6,2D Doblada,13:00,,,,https://www.cinemark.com.ar/peliculas/la-noche-del-demonio-estan-entre-nosotros
,Cinemark Hoyts,Tortugas,,LA NOCHE DEL DEMONIO 6,2D Doblada,15:20,,,,https://www.cinemark.com.ar/peliculas/la-noche-del-demonio-estan-entre-nosotros
,Cinemark Hoyts,Tortugas,,LA NOCHE DEL DEMONIO 6,2D Doblada,18:00,,,,https://www.cinemark.com.ar/peliculas/la-noche-del-demonio-estan-entre-nosotros
,Cinemark Hoyts,Tortugas,,LA NOCHE DEL DEMONIO 6,2D Doblada,20:20,,,,https://www.cinemark.com.ar/peliculas/la-noche-del-demonio-estan-entre-nosotros
,Cinemark Hoyts,Tortugas,,LA NOCHE DEL DEMONIO 6,2D Doblada,22:40,,,,https://www.cinemark.com.ar/peliculas/la-noche-del-demonio-estan-entre-nosotros
,Cinemark Hoyts,Tortugas,,LA NOCHE DEL DEMONIO 6,2D Doblada,22:50,,,,https://www.cinemark.com.ar/peliculas/la-noche-del-demonio-estan-entre-nosotros
,Cinemark Hoyts,Tortugas,,EL ÁRBOL MÁGICO,2D Doblada,13:10,,,,https://www.cinemark.com.ar/peliculas/el-arbol-magico
,Cinemark Hoyts,Tortugas,,EL ÁRBOL MÁGICO,2D Doblada,15:50,,,,https://www.cinemark.com.ar/peliculas/el-arbol-magico
,Cinemark Hoyts,Tortugas,,EL ÁRBOL MÁGICO,2D Doblada,18:15,,,,https://www.cinemark.com.ar/peliculas/el-arbol-magico
,Cinemark Hoyts,Tortugas,,RESIDENT EVIL: NOCHE CERO,DBOX XD 2D Doblada,13:20,,,,https://www.cinemark.com.ar/peliculas/resident-evil-noche-cero
,Cinemark Hoyts,Tortugas,,RESIDENT EVIL: NOCHE CERO,XD 2D Doblada,13:20,,,,https://www.cinemark.com.ar/peliculas/resident-evil-noche-cero
,Cinemark Hoyts,Tortugas,,RESIDENT EVIL: NOCHE CERO,DBOX 2D Subtitulada,14:20,,,,https://www.cinemark.com.ar/peliculas/resident-evil-noche-cero
,Cinemark Hoyts,Tortugas,,RESIDENT EVIL: NOCHE CERO,2D Subtitulada,14:20,,,,https://www.cinemark.com.ar/peliculas/resident-evil-noche-cero
,Cinemark Hoyts,Tortugas,,RESIDENT EVIL: NOCHE CERO,DBOX XD 2D Doblada,15:30,,,,https://www.cinemark.com.ar/peliculas/resident-evil-noche-cero
,Cinemark Hoyts,Tortugas,,RESIDENT EVIL: NOCHE CERO,XD 2D Doblada,15:30,,,,https://www.cinemark.com.ar/peliculas/resident-evil-noche-cero
,Cinemark Hoyts,Tortugas,,RESIDENT EVIL: NOCHE CERO,DBOX 2D Subtitulada,16:30,,,,https://www.cinemark.com.ar/peliculas/resident-evil-noche-cero
,Cinemark Hoyts,Tortugas,,RESIDENT EVIL: NOCHE CERO,2D Subtitulada,16:30,,,,https://www.cinemark.com.ar/peliculas/resident-evil-noche-cero
,Cinemark Hoyts,Tortugas,,RESIDENT EVIL: NOCHE CERO,DBOX XD 2D Subtitulada,17:40,,,,https://www.cinemark.com.ar/peliculas/resident-evil-noche-cero
,Cinemark Hoyts,Tortugas,,RESIDENT EVIL: NOCHE CERO,XD 2D Subtitulada,17:40,,,,https://www.cinemark.com.ar/peliculas/resident-evil-noche-cero
,Cinemark Hoyts,Tortugas,,RESIDENT EVIL: NOCHE CERO,DBOX 2D Subtitulada,18:40,,,,https://www.cinemark.com.ar/peliculas/resident-evil-noche-cero
,Cinemark Hoyts,Tortugas,,RESIDENT EVIL: NOCHE CERO,2D Subtitulada,18:40,,,,https://www.cinemark.com.ar/peliculas/resident-evil-noche-cero
,Cinemark Hoyts,Tortugas,,RESIDENT EVIL: NOCHE CERO,DBOX XD 2D Doblada,19:50,,,,https://www.cinemark.com.ar/peliculas/resident-evil-noche-cero
,Cinemark Hoyts,Tortugas,,RESIDENT EVIL: NOCHE CERO,XD 2D Doblada,19:50,,,,https://www.cinemark.com.ar/peliculas/resident-evil-noche-cero
,Cinemark Hoyts,Tortugas,,RESIDENT EVIL: NOCHE CERO,DBOX 2D Subtitulada,20:50,,,,https://www.cinemark.com.ar/peliculas/resident-evil-noche-cero
,Cinemark Hoyts,Tortugas,,RESIDENT EVIL: NOCHE CERO,2D Subtitulada,20:50,,,,https://www.cinemark.com.ar/peliculas/resident-evil-noche-cero
,Cinemark Hoyts,Tortugas,,RESIDENT EVIL: NOCHE CERO,DBOX XD 2D Doblada,22:00,,,,https://www.cinemark.com.ar/peliculas/resident-evil-noche-cero
,Cinemark Hoyts,Tortugas,,RESIDENT EVIL: NOCHE CERO,XD 2D Doblada,22:00,,,,https://www.cinemark.com.ar/peliculas/resident-evil-noche-cero
,Cinemark Hoyts,Tortugas,,RESIDENT EVIL: NOCHE CERO,DBOX 2D Doblada,23:00,,,,https://www.cinemark.com.ar/peliculas/resident-evil-noche-cero
,Cinemark Hoyts,Tortugas,,RESIDENT EVIL: NOCHE CERO,2D Doblada,23:00,,,,https://www.cinemark.com.ar/peliculas/resident-evil-noche-cero
,Cinemark Hoyts,Tortugas,,LA ODISEA,2D Doblada,13:40,,,,https://www.cinemark.com.ar/peliculas/la-odisea
,Cinemark Hoyts,Tortugas,,LA ODISEA,2D Doblada,17:10,,,,https://www.cinemark.com.ar/peliculas/la-odisea
,Cinemark Hoyts,Tortugas,,LA ODISEA,2D Doblada,21:20,,,,https://www.cinemark.com.ar/peliculas/la-odisea
,Cinemark Hoyts,Tortugas,,SPIDER-MAN: UN NUEVO DÍA,2D Doblada,14:00,,,,https://www.cinemark.com.ar/peliculas/spider-man-un-nuevo-dia
,Cinemark Hoyts,Tortugas,,SPIDER-MAN: UN NUEVO DÍA,3D Doblada,17:30,,,,https://www.cinemark.com.ar/peliculas/spider-man-un-nuevo-dia
,Cinemark Hoyts,Tortugas,,SPIDER-MAN: UN NUEVO DÍA,2D Doblada,21:10,,,,https://www.cinemark.com.ar/peliculas/spider-man-un-nuevo-dia
,Cinemark Hoyts,Tortugas,,SPIDER-MAN: UN NUEVO DÍA,2D Doblada,22:10,,,,https://www.cinemark.com.ar/peliculas/spider-man-un-nuevo-dia
,Cinemark Hoyts,Tortugas,,COYOTE VS ACME,2D Doblada,14:30,,,,https://www.cinemark.com.ar/peliculas/coyote-vs-acme
,Cinemark Hoyts,Tortugas,,COYOTE VS ACME,2D Doblada,17:00,,,,https://www.cinemark.com.ar/peliculas/coyote-vs-acme
,Cinemark Hoyts,Tortugas,,COYOTE VS ACME,2D Doblada,19:40,,,,https://www.cinemark.com.ar/peliculas/coyote-vs-acme
,Cinemark Hoyts,Tortugas,,"YO, NARCISO",2D Doblada,15:10,,,,https://www.cinemark.com.ar/peliculas/yo-narciso
,Cinemark Hoyts,Tortugas,,"YO, NARCISO",2D Doblada,20:10,,,,https://www.cinemark.com.ar/peliculas/yo-narciso
,Cinemark Hoyts,Tortugas,,"YO, NARCISO",2D Doblada,22:30,,,,https://www.cinemark.com.ar/peliculas/yo-narciso
,Cinemark Hoyts,Tortugas,,ONE PIECE: LA PELÍCULA,2D Subtitulada,18:30,,,,https://www.cinemark.com.ar/peliculas/one-piece-la-pelicula
,Cinemark Hoyts,Tortugas,,CÓDIGO: VENGANZA,2D Doblada,20:40,,,,https://www.cinemark.com.ar/peliculas/codigo-venganza
,Cinemark Hoyts,Tortugas,,EL HELADERO,2D Doblada,22:50,,,,https://www.cinemark.com.ar/peliculas/el-heladero-dulce-sabor-a-muerte
,Cinemark Hoyts,Quilmes,,TADEO EL EXPLORADOR Y LA LAMPARA,2D Doblada,13:15,,,,https://www.cinemark.com.ar/peliculas/tadeo-el-explorador-y-la-lampara-maravillosa
,Cinemark Hoyts,Quilmes,,RESIDENT EVIL: NOCHE CERO,2D Doblada,13:15,,,,https://www.cinemark.com.ar/peliculas/resident-evil-noche-cero
,Cinemark Hoyts,Quilmes,,RESIDENT EVIL: NOCHE CERO,2D Doblada,14:30,,,,https://www.cinemark.com.ar/peliculas/resident-evil-noche-cero
,Cinemark Hoyts,Quilmes,,RESIDENT EVIL: NOCHE CERO,2D Doblada,15:35,,,,https://www.cinemark.com.ar/peliculas/resident-evil-noche-cero
,Cinemark Hoyts,Quilmes,,RESIDENT EVIL: NOCHE CERO,2D Doblada,16:50,,,,https://www.cinemark.com.ar/peliculas/resident-evil-noche-cero
,Cinemark Hoyts,Quilmes,,RESIDENT EVIL: NOCHE CERO,2D Doblada,17:55,,,,https://www.cinemark.com.ar/peliculas/resident-evil-noche-cero
,Cinemark Hoyts,Quilmes,,RESIDENT EVIL: NOCHE CERO,2D Doblada,19:10,,,,https://www.cinemark.com.ar/peliculas/resident-evil-noche-cero
,Cinemark Hoyts,Quilmes,,RESIDENT EVIL: NOCHE CERO,2D Subtitulada,20:10,,,,https://www.cinemark.com.ar/peliculas/resident-evil-noche-cero
,Cinemark Hoyts,Quilmes,,RESIDENT EVIL: NOCHE CERO,4D 2D Doblada,20:30,,,,https://www.cinemark.com.ar/peliculas/resident-evil-noche-cero
,Cinemark Hoyts,Quilmes,,RESIDENT EVIL: NOCHE CERO,2D Doblada,21:30,,,,https://www.cinemark.com.ar/peliculas/resident-evil-noche-cero
,Cinemark Hoyts,Quilmes,,RESIDENT EVIL: NOCHE CERO,2D Doblada,22:30,,,,https://www.cinemark.com.ar/peliculas/resident-evil-noche-cero
,Cinemark Hoyts,Quilmes,,RESIDENT EVIL: NOCHE CERO,4D 2D Doblada,23:00,,,,https://www.cinemark.com.ar/peliculas/resident-evil-noche-cero
,Cinemark Hoyts,Quilmes,,PANDA PLAN LA TRIBU MÁGICA,2D Doblada,13:30,,,,https://www.cinemark.com.ar/peliculas/panda-plan-la-tribu-magica
,Cinemark Hoyts,Quilmes,,PANDA PLAN LA TRIBU MÁGICA,2D Doblada,16:00,,,,https://www.cinemark.com.ar/peliculas/panda-plan-la-tribu-magica
,Cinemark Hoyts,Quilmes,,SPIDER-MAN: UN NUEVO DÍA,2D Doblada,13:40,,,,https://www.cinemark.com.ar/peliculas/spider-man-un-nuevo-dia
,Cinemark Hoyts,Quilmes,,SPIDER-MAN: UN NUEVO DÍA,4D 3D Doblada,14:00,,,,https://www.cinemark.com.ar/peliculas/spider-man-un-nuevo-dia
,Cinemark Hoyts,Quilmes,,SPIDER-MAN: UN NUEVO DÍA,2D Doblada,15:00,,,,https://www.cinemark.com.ar/peliculas/spider-man-un-nuevo-dia
,Cinemark Hoyts,Quilmes,,SPIDER-MAN: UN NUEVO DÍA,4D 3D Doblada,17:10,,,,https://www.cinemark.com.ar/peliculas/spider-man-un-nuevo-dia
,Cinemark Hoyts,Quilmes,,SPIDER-MAN: UN NUEVO DÍA,2D Doblada,18:20,,,,https://www.cinemark.com.ar/peliculas/spider-man-un-nuevo-dia
,Cinemark Hoyts,Quilmes,,SPIDER-MAN: UN NUEVO DÍA,2D Doblada,19:40,,,,https://www.cinemark.com.ar/peliculas/spider-man-un-nuevo-dia
,Cinemark Hoyts,Quilmes,,SPIDER-MAN: UN NUEVO DÍA,2D Doblada,21:50,,,,https://www.cinemark.com.ar/peliculas/spider-man-un-nuevo-dia
,Cinemark Hoyts,Quilmes,,SPIDER-MAN: UN NUEVO DÍA,2D Doblada,22:50,,,,https://www.cinemark.com.ar/peliculas/spider-man-un-nuevo-dia
,Cinemark Hoyts,Quilmes,,COYOTE VS ACME,2D Doblada,14:10,,,,https://www.cinemark.com.ar/peliculas/coyote-vs-acme
,Cinemark Hoyts,Quilmes,,COYOTE VS ACME,2D Doblada,16:50,,,,https://www.cinemark.com.ar/peliculas/coyote-vs-acme
,Cinemark Hoyts,Quilmes,,COYOTE VS ACME,2D Doblada,19:30,,,,https://www.cinemark.com.ar/peliculas/coyote-vs-acme
,Cinemark Hoyts,Quilmes,,COYOTE VS ACME,2D Doblada,22:10,,,,https://www.cinemark.com.ar/peliculas/coyote-vs-acme
,Cinemark Hoyts,Quilmes,,LA NOCHE DEL DEMONIO 6,2D Doblada,14:20,,,,https://www.cinemark.com.ar/peliculas/la-noche-del-demonio-estan-entre-nosotros
,Cinemark Hoyts,Quilmes,,LA NOCHE DEL DEMONIO 6,2D Doblada,16:40,,,,https://www.cinemark.com.ar/peliculas/la-noche-del-demonio-estan-entre-nosotros
,Cinemark Hoyts,Quilmes,,LA NOCHE DEL DEMONIO 6,2D Doblada,19:20,,,,https://www.cinemark.com.ar/peliculas/la-noche-del-demonio-estan-entre-nosotros
,Cinemark Hoyts,Quilmes,,LA NOCHE DEL DEMONIO 6,2D Doblada,20:15,,,,https://www.cinemark.com.ar/peliculas/la-noche-del-demonio-estan-entre-nosotros
,Cinemark Hoyts,Quilmes,,LA NOCHE DEL DEMONIO 6,2D Doblada,22:00,,,,https://www.cinemark.com.ar/peliculas/la-noche-del-demonio-estan-entre-nosotros
,Cinemark Hoyts,Quilmes,,LA NOCHE DEL DEMONIO 6,2D Doblada,22:40,,,,https://www.cinemark.com.ar/peliculas/la-noche-del-demonio-estan-entre-nosotros
,Cinemark Hoyts,Quilmes,,TOY STORY 5,2D Doblada,14:40,,,,https://www.cinemark.com.ar/peliculas/toy-story-5
,Cinemark Hoyts,Quilmes,,EL ÁRBOL MÁGICO,2D Doblada,14:50,,,,https://www.cinemark.com.ar/peliculas/el-arbol-magico
,Cinemark Hoyts,Quilmes,,EL ÁRBOL MÁGICO,2D Doblada,20:40,,,,https://www.cinemark.com.ar/peliculas/el-arbol-magico
,Cinemark Hoyts,Quilmes,,EL HELADERO,2D Doblada,15:15,,,,https://www.cinemark.com.ar/peliculas/el-heladero-dulce-sabor-a-muerte
,Cinemark Hoyts,Quilmes,,EL HELADERO,2D Doblada,23:15,,,,https://www.cinemark.com.ar/peliculas/el-heladero-dulce-sabor-a-muerte
,Cinemark Hoyts,Quilmes,,VOLVER AL FUTURO,2D Subtitulada,15:30,,,,https://www.cinemark.com.ar/peliculas/volver-al-futuro
,Cinemark Hoyts,Quilmes,,PMMM LA REBELION,2D Subtitulada,17:00,,,,https://www.cinemark.com.ar/peliculas/puella-magi-madoka-magica-la-rebelion
,Cinemark Hoyts,Quilmes,,HECHIZO DE AMOR: LA MAGIA CONTINUA,2D Doblada,17:20,,,,https://www.cinemark.com.ar/peliculas/hechizo-de-amor-la-magia-continua
,Cinemark Hoyts,Quilmes,,HECHIZO DE AMOR: LA MAGIA CONTINUA,2D Doblada,20:20,,,,https://www.cinemark.com.ar/peliculas/hechizo-de-amor-la-magia-continua
,Cinemark Hoyts,Quilmes,,"YO, NARCISO",2D Doblada,17:30,,,,https://www.cinemark.com.ar/peliculas/yo-narciso
,Cinemark Hoyts,Quilmes,,"YO, NARCISO",2D Doblada,19:50,,,,https://www.cinemark.com.ar/peliculas/yo-narciso
,Cinemark Hoyts,Quilmes,,"YO, NARCISO",2D Doblada,22:20,,,,https://www.cinemark.com.ar/peliculas/yo-narciso
,Cinemark Hoyts,Quilmes,,COLONY: ZONA CERO,2D Doblada,17:40,,,,https://www.cinemark.com.ar/peliculas/colony-zona-cero
,Cinemark Hoyts,Quilmes,,LA ODISEA,2D Doblada,18:10,,,,https://www.cinemark.com.ar/peliculas/la-odisea
,Cinemark Hoyts,Quilmes,,LA ODISEA,2D Doblada,21:45,,,,https://www.cinemark.com.ar/peliculas/la-odisea
,Cinemark Hoyts,Quilmes,,ONE PIECE: LA PELÍCULA,2D Subtitulada,18:30,,,,https://www.cinemark.com.ar/peliculas/one-piece-la-pelicula
,Cinemark Hoyts,Quilmes,,CÓDIGO: VENGANZA,2D Doblada,23:10,,,,https://www.cinemark.com.ar/peliculas/codigo-venganza
,Cinemark Hoyts,Soleil,,RESIDENT EVIL: NOCHE CERO,2D Doblada,13:40,,,,https://www.cinemark.com.ar/peliculas/resident-evil-noche-cero
,Cinemark Hoyts,Soleil,,RESIDENT EVIL: NOCHE CERO,2D Subtitulada,16:00,,,,https://www.cinemark.com.ar/peliculas/resident-evil-noche-cero
,Cinemark Hoyts,Soleil,,RESIDENT EVIL: NOCHE CERO,2D Doblada,18:20,,,,https://www.cinemark.com.ar/peliculas/resident-evil-noche-cero
,Cinemark Hoyts,Soleil,,RESIDENT EVIL: NOCHE CERO,2D Doblada,19:50,,,,https://www.cinemark.com.ar/peliculas/resident-evil-noche-cero
,Cinemark Hoyts,Soleil,,RESIDENT EVIL: NOCHE CERO,2D Subtitulada,20:40,,,,https://www.cinemark.com.ar/peliculas/resident-evil-noche-cero
,Cinemark Hoyts,Soleil,,RESIDENT EVIL: NOCHE CERO,2D Doblada,22:10,,,,https://www.cinemark.com.ar/peliculas/resident-evil-noche-cero
,Cinemark Hoyts,Soleil,,RESIDENT EVIL: NOCHE CERO,2D Doblada,23:00,,,,https://www.cinemark.com.ar/peliculas/resident-evil-noche-cero
,Cinemark Hoyts,Soleil,,TADEO EL EXPLORADOR Y LA LAMPARA,2D Doblada,13:50,,,,https://www.cinemark.com.ar/peliculas/tadeo-el-explorador-y-la-lampara-maravillosa
,Cinemark Hoyts,Soleil,,EL ÁRBOL MÁGICO,2D Doblada,14:50,,,,https://www.cinemark.com.ar/peliculas/el-arbol-magico
,Cinemark Hoyts,Soleil,,EL ÁRBOL MÁGICO,2D Doblada,17:20,,,,https://www.cinemark.com.ar/peliculas/el-arbol-magico
,Cinemark Hoyts,Soleil,,LA NOCHE DEL DEMONIO 6,2D Doblada,15:00,,,,https://www.cinemark.com.ar/peliculas/la-noche-del-demonio-estan-entre-nosotros
,Cinemark Hoyts,Soleil,,LA NOCHE DEL DEMONIO 6,2D Doblada,17:30,,,,https://www.cinemark.com.ar/peliculas/la-noche-del-demonio-estan-entre-nosotros
,Cinemark Hoyts,Soleil,,LA NOCHE DEL DEMONIO 6,2D Doblada,20:00,,,,https://www.cinemark.com.ar/peliculas/la-noche-del-demonio-estan-entre-nosotros
,Cinemark Hoyts,Soleil,,LA NOCHE DEL DEMONIO 6,2D Doblada,22:30,,,,https://www.cinemark.com.ar/peliculas/la-noche-del-demonio-estan-entre-nosotros
,Cinemark Hoyts,Soleil,,COYOTE VS ACME,2D Doblada,15:10,,,,https://www.cinemark.com.ar/peliculas/coyote-vs-acme
,Cinemark Hoyts,Soleil,,COYOTE VS ACME,2D Doblada,17:40,,,,https://www.cinemark.com.ar/peliculas/coyote-vs-acme
,Cinemark Hoyts,Soleil,,COYOTE VS ACME,2D Doblada,20:10,,,,https://www.cinemark.com.ar/peliculas/coyote-vs-acme
,Cinemark Hoyts,Soleil,,SPIDER-MAN: UN NUEVO DÍA,2D Doblada,15:20,,,,https://www.cinemark.com.ar/peliculas/spider-man-un-nuevo-dia
,Cinemark Hoyts,Soleil,,SPIDER-MAN: UN NUEVO DÍA,3D Doblada,18:40,,,,https://www.cinemark.com.ar/peliculas/spider-man-un-nuevo-dia
,Cinemark Hoyts,Soleil,,SPIDER-MAN: UN NUEVO DÍA,2D Doblada,22:00,,,,https://www.cinemark.com.ar/peliculas/spider-man-un-nuevo-dia
,Cinemark Hoyts,Soleil,,TOY STORY 5,2D Doblada,16:20,,,,https://www.cinemark.com.ar/peliculas/toy-story-5
,Cinemark Hoyts,Soleil,,HECHIZO DE AMOR: LA MAGIA CONTINUA,2D Doblada,18:50,,,,https://www.cinemark.com.ar/peliculas/hechizo-de-amor-la-magia-continua
,Cinemark Hoyts,Soleil,,"YO, NARCISO",2D Doblada,21:50,,,,https://www.cinemark.com.ar/peliculas/yo-narciso
,Cinemark Hoyts,Soleil,,EL HELADERO,2D Doblada,22:50,,,,https://www.cinemark.com.ar/peliculas/el-heladero-dulce-sabor-a-muerte
,Cinemark Hoyts,Puerto Madero,,OASIS: DON´T LOOK BACK IN ANGER,2D Subtitulada,15:00,,,,https://www.cinemark.com.ar/peliculas/oasis-don-t-look-back-in-anger
,Cinemark Hoyts,Puerto Madero,,LA ODISEA,2D Subtitulada,15:00,,,,https://www.cinemark.com.ar/peliculas/la-odisea
,Cinemark Hoyts,Puerto Madero,,LA ODISEA,2D Subtitulada,18:40,,,,https://www.cinemark.com.ar/peliculas/la-odisea
,Cinemark Hoyts,Puerto Madero,,LA ODISEA,2D Subtitulada,22:20,,,,https://www.cinemark.com.ar/peliculas/la-odisea
,Cinemark Hoyts,Puerto Madero,,RESIDENT EVIL: NOCHE CERO,2D Doblada,15:15,,,,https://www.cinemark.com.ar/peliculas/resident-evil-noche-cero
,Cinemark Hoyts,Puerto Madero,,RESIDENT EVIL: NOCHE CERO,2D Doblada,16:00,,,,https://www.cinemark.com.ar/peliculas/resident-evil-noche-cero
,Cinemark Hoyts,Puerto Madero,,RESIDENT EVIL: NOCHE CERO,2D Doblada,17:30,,,,https://www.cinemark.com.ar/peliculas/resident-evil-noche-cero
,Cinemark Hoyts,Puerto Madero,,RESIDENT EVIL: NOCHE CERO,2D Doblada,18:15,,,,https://www.cinemark.com.ar/peliculas/resident-evil-noche-cero
,Cinemark Hoyts,Puerto Madero,,RESIDENT EVIL: NOCHE CERO,2D Doblada,19:45,,,,https://www.cinemark.com.ar/peliculas/resident-evil-noche-cero
,Cinemark Hoyts,Puerto Madero,,RESIDENT EVIL: NOCHE CERO,2D Doblada,20:30,,,,https://www.cinemark.com.ar/peliculas/resident-evil-noche-cero
,Cinemark Hoyts,Puerto Madero,,RESIDENT EVIL: NOCHE CERO,2D Subtitulada,22:00,,,,https://www.cinemark.com.ar/peliculas/resident-evil-noche-cero
,Cinemark Hoyts,Puerto Madero,,RESIDENT EVIL: NOCHE CERO,2D Doblada,23:00,,,,https://www.cinemark.com.ar/peliculas/resident-evil-noche-cero
,Cinemark Hoyts,Puerto Madero,,COYOTE VS ACME,2D Doblada,15:20,,,,https://www.cinemark.com.ar/peliculas/coyote-vs-acme
,Cinemark Hoyts,Puerto Madero,,COYOTE VS ACME,2D Doblada,17:50,,,,https://www.cinemark.com.ar/peliculas/coyote-vs-acme
,Cinemark Hoyts,Puerto Madero,,COYOTE VS ACME,2D Doblada,20:20,,,,https://www.cinemark.com.ar/peliculas/coyote-vs-acme
,Cinemark Hoyts,Puerto Madero,,LA NOCHE DEL DEMONIO 6,2D Doblada,15:20,,,,https://www.cinemark.com.ar/peliculas/la-noche-del-demonio-estan-entre-nosotros
,Cinemark Hoyts,Puerto Madero,,LA NOCHE DEL DEMONIO 6,2D Doblada,17:40,,,,https://www.cinemark.com.ar/peliculas/la-noche-del-demonio-estan-entre-nosotros
,Cinemark Hoyts,Puerto Madero,,LA NOCHE DEL DEMONIO 6,2D Doblada,20:00,,,,https://www.cinemark.com.ar/peliculas/la-noche-del-demonio-estan-entre-nosotros
,Cinemark Hoyts,Puerto Madero,,LA NOCHE DEL DEMONIO 6,2D Doblada,22:20,,,,https://www.cinemark.com.ar/peliculas/la-noche-del-demonio-estan-entre-nosotros
,Cinemark Hoyts,Puerto Madero,,EL ÁRBOL MÁGICO,2D Doblada,16:00,,,,https://www.cinemark.com.ar/peliculas/el-arbol-magico
,Cinemark Hoyts,Puerto Madero,,EL ÁRBOL MÁGICO,2D Doblada,20:00,,,,https://www.cinemark.com.ar/peliculas/el-arbol-magico
,Cinemark Hoyts,Puerto Madero,,SPIDER-MAN: UN NUEVO DÍA,2D Doblada,16:10,,,,https://www.cinemark.com.ar/peliculas/spider-man-un-nuevo-dia
,Cinemark Hoyts,Puerto Madero,,SPIDER-MAN: UN NUEVO DÍA,3D Doblada,19:20,,,,https://www.cinemark.com.ar/peliculas/spider-man-un-nuevo-dia
,Cinemark Hoyts,Puerto Madero,,SPIDER-MAN: UN NUEVO DÍA,2D Doblada,22:30,,,,https://www.cinemark.com.ar/peliculas/spider-man-un-nuevo-dia
,Cinemark Hoyts,Puerto Madero,,"YO, NARCISO",2D Doblada,17:50,,,,https://www.cinemark.com.ar/peliculas/yo-narciso
,Cinemark Hoyts,Puerto Madero,,"YO, NARCISO",2D Doblada,20:10,,,,https://www.cinemark.com.ar/peliculas/yo-narciso
,Cinemark Hoyts,Puerto Madero,,"YO, NARCISO",2D Doblada,22:30,,,,https://www.cinemark.com.ar/peliculas/yo-narciso
,Cinemark Hoyts,Puerto Madero,,ONE PIECE: LA PELÍCULA,2D Doblada,18:30,,,,https://www.cinemark.com.ar/peliculas/one-piece-la-pelicula
,Cinemark Hoyts,Puerto Madero,,HECHIZO DE AMOR: LA MAGIA CONTINUA,2D Subtitulada,22:40,,,,https://www.cinemark.com.ar/peliculas/hechizo-de-amor-la-magia-continua
,Cinemark Hoyts,Puerto Madero,,COLONY: ZONA CERO,2D Doblada,22:50,,,,https://www.cinemark.com.ar/peliculas/colony-zona-cero
