zona,cadena,cine,direccion,pelicula,formato,horario,precio_general,precio_jubilado,precio_menor,url_pelicula
CABA,Cinépolis,Cinépolis Recoleta,"Vicente López 2050, Recoleta",Los Colores Del Tiempo,2D Subtitulada,14:30,,,,https://cartelera.ar/pelicula/los-colores-del-tiempo
CABA,Cinépolis,Cinépolis Recoleta,"Vicente López 2050, Recoleta",Afterburn (Zona cero),2D Subtitulada,22:30,,,,https://cartelera.ar/pelicula/afterburn-zona-cero
CABA,Cinépolis,Cinépolis Recoleta,"Vicente López 2050, Recoleta",La invitación,2D Subtitulada,17:45,,,,https://cartelera.ar/pelicula/la-invitacion
CABA,Cinépolis,Cinépolis Recoleta,"Vicente López 2050, Recoleta",La invitación,2D Subtitulada,18:15,,,,https://cartelera.ar/pelicula/la-invitacion
CABA,Cinépolis,Cinépolis Recoleta,"Vicente López 2050, Recoleta",La invitación,2D Subtitulada,20:15,,,,https://cartelera.ar/pelicula/la-invitacion
CABA,Cinépolis,Cinépolis Recoleta,"Vicente López 2050, Recoleta",La invitación,2D Subtitulada,22:45,,,,https://cartelera.ar/pelicula/la-invitacion
CABA,Cinépolis,Cinépolis Recoleta,"Vicente López 2050, Recoleta",Primavera en Beechwood,2D Subtitulada,16:30,,,,https://cartelera.ar/pelicula/primavera-en-beechwood
CABA,Cinépolis,Cinépolis Recoleta,"Vicente López 2050, Recoleta",La Odisea,2D Subtitulada,11:45,,,,https://cartelera.ar/pelicula/la-odisea
CABA,Cinépolis,Cinépolis Recoleta,"Vicente López 2050, Recoleta",La Odisea,2D Subtitulada,14:30,,,,https://cartelera.ar/pelicula/la-odisea
CABA,Cinépolis,Cinépolis Recoleta,"Vicente López 2050, Recoleta",La Odisea,2D Subtitulada,15:20,,,,https://cartelera.ar/pelicula/la-odisea
CABA,Cinépolis,Cinépolis Recoleta,"Vicente López 2050, Recoleta",La Odisea,2D Subtitulada,19:00,,,,https://cartelera.ar/pelicula/la-odisea
CABA,Cinépolis,Cinépolis Recoleta,"Vicente López 2050, Recoleta",La Odisea,2D Subtitulada,21:30,,,,https://cartelera.ar/pelicula/la-odisea
CABA,Cinépolis,Cinépolis Recoleta,"Vicente López 2050, Recoleta",La Odisea,2D Subtitulada,22:40,,,,https://cartelera.ar/pelicula/la-odisea
CABA,Cinépolis,Cinépolis Recoleta,"Vicente López 2050, Recoleta",Spider-Man: Un nuevo día,3D Subtitulada,15:45,,,,https://cartelera.ar/pelicula/spider-man-un-nuevo-dia
CABA,Cinépolis,Cinépolis Recoleta,"Vicente López 2050, Recoleta",Spider-Man: Un nuevo día,2D Subtitulada,16:15,,,,https://cartelera.ar/pelicula/spider-man-un-nuevo-dia
CABA,Cinépolis,Cinépolis Recoleta,"Vicente López 2050, Recoleta",Spider-Man: Un nuevo día,3D Subtitulada,19:00,,,,https://cartelera.ar/pelicula/spider-man-un-nuevo-dia
CABA,Cinépolis,Cinépolis Recoleta,"Vicente López 2050, Recoleta",Una quinta en Portugal,2D Doblada,20:30,,,,https://cartelera.ar/pelicula/una-quinta-en-portugal
CABA,Cinépolis,Cinépolis Recoleta,"Vicente López 2050, Recoleta",La noche del demonio: Están entre nosotros,2D Subtitulada,23:10,,,,https://cartelera.ar/pelicula/la-noche-del-demonio-estan-entre-nosotros
CABA,Cinépolis,Cinépolis Recoleta,"Vicente López 2050, Recoleta",Pepita la Pistolera,2D Doblada,13:00,,,,https://cartelera.ar/pelicula/pepita-la-pistolera
CABA,Cinépolis,Cinépolis Recoleta,"Vicente López 2050, Recoleta",Pepita la Pistolera,2D Doblada,15:20,,,,https://cartelera.ar/pelicula/pepita-la-pistolera
CABA,Cinépolis,Cinépolis Recoleta,"Vicente López 2050, Recoleta",Pepita la Pistolera,2D Doblada,17:45,,,,https://cartelera.ar/pelicula/pepita-la-pistolera
CABA,Cinépolis,Cinépolis Recoleta,"Vicente López 2050, Recoleta",Pepita la Pistolera,2D Doblada,20:00,,,,https://cartelera.ar/pelicula/pepita-la-pistolera
CABA,Cinépolis,Cinépolis Recoleta,"Vicente López 2050, Recoleta",Pepita la Pistolera,2D Doblada,22:20,,,,https://cartelera.ar/pelicula/pepita-la-pistolera
CABA,Cinépolis,Cinépolis Recoleta,"Vicente López 2050, Recoleta",Terminator 2: El juicio final,2D Subtitulada,22:00,,,,https://cartelera.ar/pelicula/terminator-2-el-juicio-final
CABA,Cinépolis,Cinépolis Recoleta,"Vicente López 2050, Recoleta",La constelación del perro,2D Subtitulada,13:00,,,,https://cartelera.ar/pelicula/la-constelacion-del-perro
CABA,Cinépolis,Cinépolis Recoleta,"Vicente López 2050, Recoleta",La constelación del perro,2D Subtitulada,19:20,,,,https://cartelera.ar/pelicula/la-constelacion-del-perro
CABA,Cinépolis,Cinépolis Recoleta,"Vicente López 2050, Recoleta",La constelación del perro,2D Subtitulada,22:10,,,,https://cartelera.ar/pelicula/la-constelacion-del-perro
CABA,Cinépolis,Cinépolis Recoleta,"Vicente López 2050, Recoleta",Coyote vs. Acme,2D Doblada,13:00,,,,https://cartelera.ar/pelicula/coyote-vs-acme
CABA,Cinépolis,Cinépolis Recoleta,"Vicente López 2050, Recoleta",Coyote vs. Acme,2D Subtitulada,15:30,,,,https://cartelera.ar/pelicula/coyote-vs-acme
CABA,Cinépolis,Cinépolis Recoleta,"Vicente López 2050, Recoleta",Coyote vs. Acme,2D Subtitulada,18:00,,,,https://cartelera.ar/pelicula/coyote-vs-acme
CABA,Cinépolis,Cinépolis Recoleta,"Vicente López 2050, Recoleta",Yo Narciso,2D Doblada,12:20,,,,
CABA,Cinépolis,Cinépolis Recoleta,"Vicente López 2050, Recoleta",Yo Narciso,2D Doblada,17:15,,,,
CABA,Cinépolis,Cinépolis Recoleta,"Vicente López 2050, Recoleta",Yo Narciso,2D Doblada,19:30,,,,
CABA,Cinépolis,Cinépolis Recoleta,"Vicente López 2050, Recoleta",Yo Narciso,2D Doblada,21:50,,,,
CABA,Cinépolis,Cinépolis Recoleta,"Vicente López 2050, Recoleta","Adolescencia, sexo y muerte en campamento Miasma",2D Subtitulada,13:40,,,,https://cartelera.ar/pelicula/adolescencia-sexo-y-muerte-en-campamento-miasma
CABA,Cinépolis,Cinépolis Recoleta,"Vicente López 2050, Recoleta",El Gran Falsificador,2D Subtitulada,17:20,,,,
CABA,Cinépolis,Cinépolis Recoleta,"Vicente López 2050, Recoleta",Tierra De Crimen,2D Subtitulada,14:50,,,,
CABA,Cinépolis,Cinépolis Recoleta,"Vicente López 2050, Recoleta",Tres adioses,2D Subtitulada,19:00,,,,
CABA,Cinépolis,Cinépolis Recoleta,"Vicente López 2050, Recoleta",Testa o Croce?,2D Subtitulada,21:30,,,,
CABA,Cinépolis,Cinépolis Recoleta,"Vicente López 2050, Recoleta",Esa cosa con alas,2D Subtitulada,20:10,,,,
CABA,Atlas Cines,Atlas Caballito,"Rivadavia 5071, Caballito",Afterburn (Zona cero),2D Doblada,15:10,,,,https://cartelera.ar/pelicula/afterburn-zona-cero
CABA,Atlas Cines,Atlas Caballito,"Rivadavia 5071, Caballito",Afterburn (Zona cero),2D Doblada,17:50,,,,https://cartelera.ar/pelicula/afterburn-zona-cero
CABA,Atlas Cines,Atlas Caballito,"Rivadavia 5071, Caballito",Afterburn (Zona cero),2D Subtitulada,23:10,,,,https://cartelera.ar/pelicula/afterburn-zona-cero
CABA,Atlas Cines,Atlas Caballito,"Rivadavia 5071, Caballito",La Negociación (The Negotiation),2D Subtitulada,20:10,,,,https://cartelera.ar/pelicula/la-negociacion-the-negotiation
CABA,Atlas Cines,Atlas Caballito,"Rivadavia 5071, Caballito",La invitación,2D Subtitulada,21:50,,,,https://cartelera.ar/pelicula/la-invitacion
CABA,Atlas Cines,Atlas Caballito,"Rivadavia 5071, Caballito",La Odisea,2D Subtitulada,12:00,,,,https://cartelera.ar/pelicula/la-odisea
CABA,Atlas Cines,Atlas Caballito,"Rivadavia 5071, Caballito",La Odisea,2D Subtitulada,15:30,,,,https://cartelera.ar/pelicula/la-odisea
CABA,Atlas Cines,Atlas Caballito,"Rivadavia 5071, Caballito",La Odisea,2D Subtitulada,19:00,,,,https://cartelera.ar/pelicula/la-odisea
CABA,Atlas Cines,Atlas Caballito,"Rivadavia 5071, Caballito",La Odisea,2D Subtitulada,22:30,,,,https://cartelera.ar/pelicula/la-odisea
CABA,Atlas Cines,Atlas Caballito,"Rivadavia 5071, Caballito",Spider-Man: Un nuevo día,4DX Doblada,12:20,,,,https://cartelera.ar/pelicula/spider-man-un-nuevo-dia
CABA,Atlas Cines,Atlas Caballito,"Rivadavia 5071, Caballito",Spider-Man: Un nuevo día,2D Doblada,13:00,,,,https://cartelera.ar/pelicula/spider-man-un-nuevo-dia
CABA,Atlas Cines,Atlas Caballito,"Rivadavia 5071, Caballito",Spider-Man: Un nuevo día,4DX Doblada,15:30,,,,https://cartelera.ar/pelicula/spider-man-un-nuevo-dia
CABA,Atlas Cines,Atlas Caballito,"Rivadavia 5071, Caballito",Spider-Man: Un nuevo día,2D Doblada,16:00,,,,https://cartelera.ar/pelicula/spider-man-un-nuevo-dia
CABA,Atlas Cines,Atlas Caballito,"Rivadavia 5071, Caballito",Spider-Man: Un nuevo día,4DX Doblada,18:30,,,,https://cartelera.ar/pelicula/spider-man-un-nuevo-dia
CABA,Atlas Cines,Atlas Caballito,"Rivadavia 5071, Caballito",Spider-Man: Un nuevo día,2D Doblada,19:00,,,,https://cartelera.ar/pelicula/spider-man-un-nuevo-dia
CABA,Atlas Cines,Atlas Caballito,"Rivadavia 5071, Caballito",Spider-Man: Un nuevo día,4DX Doblada,21:30,,,,https://cartelera.ar/pelicula/spider-man-un-nuevo-dia
CABA,Atlas Cines,Atlas Caballito,"Rivadavia 5071, Caballito",Spider-Man: Un nuevo día,2D Subtitulada,22:30,,,,https://cartelera.ar/pelicula/spider-man-un-nuevo-dia
CABA,Atlas Cines,Atlas Caballito,"Rivadavia 5071, Caballito",Toy Story 5,2D Doblada,12:50,,,,https://cartelera.ar/pelicula/toy-story-5
CABA,Atlas Cines,Atlas Caballito,"Rivadavia 5071, Caballito",Minions & monstruos,2D Doblada,13:20,,,,https://cartelera.ar/pelicula/minions-monstruos
CABA,Atlas Cines,Atlas Caballito,"Rivadavia 5071, Caballito",Minions & monstruos,2D Doblada,15:30,,,,https://cartelera.ar/pelicula/minions-monstruos
CABA,Atlas Cines,Atlas Caballito,"Rivadavia 5071, Caballito",El Final de la Calle Oak,2D Doblada,18:40,,,,https://cartelera.ar/pelicula/el-final-de-la-calle-oak
CABA,Atlas Cines,Atlas Caballito,"Rivadavia 5071, Caballito",PAW Patrol: La Dino Película,2D Doblada,12:20,,,,https://cartelera.ar/pelicula/paw-patrol-la-dino-pelicula
CABA,Atlas Cines,Atlas Caballito,"Rivadavia 5071, Caballito",PAW Patrol: La Dino Película,2D Doblada,14:30,,,,https://cartelera.ar/pelicula/paw-patrol-la-dino-pelicula
CABA,Atlas Cines,Atlas Caballito,"Rivadavia 5071, Caballito",Pepita la Pistolera,2D Doblada,13:00,,,,https://cartelera.ar/pelicula/pepita-la-pistolera
CABA,Atlas Cines,Atlas Caballito,"Rivadavia 5071, Caballito",Pepita la Pistolera,2D Doblada,15:20,,,,https://cartelera.ar/pelicula/pepita-la-pistolera
CABA,Atlas Cines,Atlas Caballito,"Rivadavia 5071, Caballito",Pepita la Pistolera,2D Doblada,17:40,,,,https://cartelera.ar/pelicula/pepita-la-pistolera
CABA,Atlas Cines,Atlas Caballito,"Rivadavia 5071, Caballito",Pepita la Pistolera,2D Doblada,20:00,,,,https://cartelera.ar/pelicula/pepita-la-pistolera
CABA,Atlas Cines,Atlas Caballito,"Rivadavia 5071, Caballito",Pepita la Pistolera,2D Doblada,22:20,,,,https://cartelera.ar/pelicula/pepita-la-pistolera
CABA,Atlas Cines,Atlas Caballito,"Rivadavia 5071, Caballito",Terminator 2: El juicio final,2D Subtitulada,22:00,,,,https://cartelera.ar/pelicula/terminator-2-el-juicio-final
CABA,Atlas Cines,Atlas Caballito,"Rivadavia 5071, Caballito",La constelación del perro,2D Doblada,17:40,,,,https://cartelera.ar/pelicula/la-constelacion-del-perro
CABA,Atlas Cines,Atlas Caballito,"Rivadavia 5071, Caballito",Coyote vs. Acme,2D Doblada,12:30,,,,https://cartelera.ar/pelicula/coyote-vs-acme
CABA,Atlas Cines,Atlas Caballito,"Rivadavia 5071, Caballito",Coyote vs. Acme,2D Doblada,14:50,,,,https://cartelera.ar/pelicula/coyote-vs-acme
CABA,Atlas Cines,Atlas Caballito,"Rivadavia 5071, Caballito",Coyote vs. Acme,2D Doblada,17:10,,,,https://cartelera.ar/pelicula/coyote-vs-acme
CABA,Atlas Cines,Atlas Caballito,"Rivadavia 5071, Caballito",Coyote vs. Acme,2D Doblada,19:30,,,,https://cartelera.ar/pelicula/coyote-vs-acme
CABA,Atlas Cines,Atlas Caballito,"Rivadavia 5071, Caballito",Insidious: Fuera del más allá,2D Doblada,20:30,,,,https://cartelera.ar/pelicula/insidious-fuera-del-mas-alla
CABA,Atlas Cines,Atlas Caballito,"Rivadavia 5071, Caballito",Insidious: Fuera del más allá,2D Subtitulada,22:50,,,,https://cartelera.ar/pelicula/insidious-fuera-del-mas-alla
CABA,Atlas Cines,Atlas Caballito,"Rivadavia 5071, Caballito",Yo Narciso,2D Doblada,12:10,,,,
CABA,Atlas Cines,Atlas Caballito,"Rivadavia 5071, Caballito",Yo Narciso,2D Doblada,14:10,,,,
CABA,Atlas Cines,Atlas Caballito,"Rivadavia 5071, Caballito",Yo Narciso,2D Doblada,16:20,,,,
CABA,Atlas Cines,Atlas Caballito,"Rivadavia 5071, Caballito",Yo Narciso,2D Doblada,18:15,,,,
CABA,Atlas Cines,Atlas Caballito,"Rivadavia 5071, Caballito",Yo Narciso,2D Doblada,20:30,,,,
CABA,Atlas Cines,Atlas Caballito,"Rivadavia 5071, Caballito",Yo Narciso,2D Doblada,22:40,,,,
CABA,Atlas Cines,Atlas Caballito,"Rivadavia 5071, Caballito",Esa cosa con alas,2D Subtitulada,16:30,,,,
CABA,Atlas Cines,Atlas Caballito,"Rivadavia 5071, Caballito",Esa cosa con alas,2D Subtitulada,20:50,,,,
GBA Norte,Showcase,IMAX Showcase Norte,"Av. Ricardo Balbín 2550, Shopping Norcenter",Afterburn (Zona cero),IMAX Subtitulada,22:35,,,,https://cartelera.ar/pelicula/afterburn-zona-cero
GBA Norte,Showcase,IMAX Showcase Norte,"Av. Ricardo Balbín 2550, Shopping Norcenter",La Odisea,IMAX Subtitulada,12:00,,,,https://cartelera.ar/pelicula/la-odisea
GBA Norte,Showcase,IMAX Showcase Norte,"Av. Ricardo Balbín 2550, Shopping Norcenter",La Odisea,IMAX Subtitulada,15:25,,,,https://cartelera.ar/pelicula/la-odisea
GBA Norte,Showcase,IMAX Showcase Norte,"Av. Ricardo Balbín 2550, Shopping Norcenter",La Odisea,IMAX Subtitulada,19:00,,,,https://cartelera.ar/pelicula/la-odisea
GBA Norte,Multiplex,Multiplex Pilar,"Las Magnolias 754, Palmas del Pilar",Afterburn (Zona cero),2D Doblada,18:00,,,,https://multiplex.com.ar/peliculas/zona-cero/
GBA Norte,Multiplex,Multiplex Pilar,"Las Magnolias 754, Palmas del Pilar",Afterburn (Zona cero),2D Doblada,20:30,,,,https://multiplex.com.ar/peliculas/zona-cero/
GBA Norte,Multiplex,Multiplex Pilar,"Las Magnolias 754, Palmas del Pilar",Afterburn (Zona cero),2D Doblada,23:00,,,,https://multiplex.com.ar/peliculas/zona-cero/
GBA Norte,Multiplex,Multiplex Pilar,"Las Magnolias 754, Palmas del Pilar",Coyote vs. Acme,2D Doblada,13:30,,,,https://multiplex.com.ar/peliculas/coyote-vs-acme/
GBA Norte,Multiplex,Multiplex Pilar,"Las Magnolias 754, Palmas del Pilar",Coyote vs. Acme,2D Doblada,15:40,,,,https://multiplex.com.ar/peliculas/coyote-vs-acme/
GBA Norte,Multiplex,Multiplex Pilar,"Las Magnolias 754, Palmas del Pilar",Coyote vs. Acme,2D Doblada,17:50,,,,https://multiplex.com.ar/peliculas/coyote-vs-acme/
GBA Norte,Multiplex,Multiplex Pilar,"Las Magnolias 754, Palmas del Pilar",El Final de la Calle Oak,2D Doblada,17:10,,,,https://multiplex.com.ar/peliculas/el-final-de-la-calle-oak/
GBA Norte,Multiplex,Multiplex Pilar,"Las Magnolias 754, Palmas del Pilar",Esa cosa con alas,2D Subtitulada,12:40,,,,https://multiplex.com.ar/peliculas/esa-cosa-con-alas/
GBA Norte,Multiplex,Multiplex Pilar,"Las Magnolias 754, Palmas del Pilar",Esa cosa con alas,2D Subtitulada,22:50,,,,https://multiplex.com.ar/peliculas/esa-cosa-con-alas/
GBA Norte,Multiplex,Multiplex Pilar,"Las Magnolias 754, Palmas del Pilar",La constelación del perro,2D Doblada,22:30,,,,https://cartelera.ar/pelicula/la-constelacion-del-perro
GBA Norte,Multiplex,Multiplex Pilar,"Las Magnolias 754, Palmas del Pilar",La Guerra De Los Ultimos,2D Doblada,22:30,,,,https://multiplex.com.ar/peliculas/la-guerra-de-los-ultimos/
GBA Norte,Multiplex,Multiplex Pilar,"Las Magnolias 754, Palmas del Pilar",La Negociación (The Negotiation),2D Subtitulada,14:00,,,,https://multiplex.com.ar/peliculas/la-negociacion/
GBA Norte,Multiplex,Multiplex Pilar,"Las Magnolias 754, Palmas del Pilar",La Negociación (The Negotiation),2D Subtitulada,17:40,,,,https://multiplex.com.ar/peliculas/la-negociacion/
GBA Norte,Multiplex,Multiplex Pilar,"Las Magnolias 754, Palmas del Pilar",La noche del demonio: Están entre nosotros,2D Doblada,15:10,,,,https://multiplex.com.ar/peliculas/la-noche-del-demonio-estan-entre-nosotros/
GBA Norte,Multiplex,Multiplex Pilar,"Las Magnolias 754, Palmas del Pilar",La noche del demonio: Están entre nosotros,2D Doblada,20:10,,,,https://multiplex.com.ar/peliculas/la-noche-del-demonio-estan-entre-nosotros/
GBA Norte,Multiplex,Multiplex Pilar,"Las Magnolias 754, Palmas del Pilar",La noche del demonio: Están entre nosotros,2D Doblada,23:10,,,,https://multiplex.com.ar/peliculas/la-noche-del-demonio-estan-entre-nosotros/
GBA Norte,Multiplex,Multiplex Pilar,"Las Magnolias 754, Palmas del Pilar",La Odisea,2D Subtitulada,15:00,,,,https://multiplex.com.ar/peliculas/la-odisea/
GBA Norte,Multiplex,Multiplex Pilar,"Las Magnolias 754, Palmas del Pilar",La Odisea,PLATINUM 2D Subtitulada,18:30,,,,https://multiplex.com.ar/peliculas/la-odisea/
GBA Norte,Multiplex,Multiplex Pilar,"Las Magnolias 754, Palmas del Pilar",La Odisea,2D Subtitulada,19:20,,,,https://multiplex.com.ar/peliculas/la-odisea/
GBA Norte,Multiplex,Multiplex Pilar,"Las Magnolias 754, Palmas del Pilar",La Odisea,PLATINUM 2D Subtitulada,21:50,,,,https://multiplex.com.ar/peliculas/la-odisea/
GBA Norte,Multiplex,Multiplex Pilar,"Las Magnolias 754, Palmas del Pilar",Masha Y Los Osos,2D Doblada,12:20,,,,https://multiplex.com.ar/peliculas/masha-y-los-osos/
GBA Norte,Multiplex,Multiplex Pilar,"Las Magnolias 754, Palmas del Pilar",Minions & monstruos,2D Doblada,12:30,,,,https://multiplex.com.ar/peliculas/minions-monstruos/
GBA Norte,Multiplex,Multiplex Pilar,"Las Magnolias 754, Palmas del Pilar",PAW Patrol: La Dino Película,2D Doblada,16:10,,,,https://multiplex.com.ar/peliculas/paw-patrol-la-dino-pelicula/
GBA Norte,Multiplex,Multiplex Pilar,"Las Magnolias 754, Palmas del Pilar",Pepita la Pistolera,2D Doblada,13:00,,,,https://multiplex.com.ar/peliculas/pepita-la-pistolera/
GBA Norte,Multiplex,Multiplex Pilar,"Las Magnolias 754, Palmas del Pilar",Pepita la Pistolera,2D Doblada,18:30,,,,https://multiplex.com.ar/peliculas/pepita-la-pistolera/
GBA Norte,Multiplex,Multiplex Pilar,"Las Magnolias 754, Palmas del Pilar",Pepita la Pistolera,2D Doblada,20:40,,,,https://multiplex.com.ar/peliculas/pepita-la-pistolera/
GBA Norte,Multiplex,Multiplex Pilar,"Las Magnolias 754, Palmas del Pilar",Pepita la Pistolera,2D Doblada,22:40,,,,https://multiplex.com.ar/peliculas/pepita-la-pistolera/
GBA Norte,Multiplex,Multiplex Pilar,"Las Magnolias 754, Palmas del Pilar",Spider-Man: Un nuevo día,2D Doblada,12:30,,,,https://multiplex.com.ar/peliculas/spider-man-un-dia-nuevo/
GBA Norte,Multiplex,Multiplex Pilar,"Las Magnolias 754, Palmas del Pilar",Spider-Man: Un nuevo día,PLATINUM 2D Subtitulada,12:50,,,,https://multiplex.com.ar/peliculas/spider-man-un-dia-nuevo/
GBA Norte,Multiplex,Multiplex Pilar,"Las Magnolias 754, Palmas del Pilar",Spider-Man: Un nuevo día,4D (3D) Doblada,13:30,,,,https://multiplex.com.ar/peliculas/spider-man-un-dia-nuevo/
GBA Norte,Multiplex,Multiplex Pilar,"Las Magnolias 754, Palmas del Pilar",Spider-Man: Un nuevo día,2D Doblada,14:30,,,,https://multiplex.com.ar/peliculas/spider-man-un-dia-nuevo/
GBA Norte,Multiplex,Multiplex Pilar,"Las Magnolias 754, Palmas del Pilar",Spider-Man: Un nuevo día,PLATINUM 2D Subtitulada,15:40,,,,https://multiplex.com.ar/peliculas/spider-man-un-dia-nuevo/
GBA Norte,Multiplex,Multiplex Pilar,"Las Magnolias 754, Palmas del Pilar",Spider-Man: Un nuevo día,4D (3D) Doblada,16:20,,,,https://multiplex.com.ar/peliculas/spider-man-un-dia-nuevo/
GBA Norte,Multiplex,Multiplex Pilar,"Las Magnolias 754, Palmas del Pilar",Spider-Man: Un nuevo día,2D Doblada,17:20,,,,https://multiplex.com.ar/peliculas/spider-man-un-dia-nuevo/
GBA Norte,Multiplex,Multiplex Pilar,"Las Magnolias 754, Palmas del Pilar",Spider-Man: Un nuevo día,4D (3D) Doblada,19:10,,,,https://multiplex.com.ar/peliculas/spider-man-un-dia-nuevo/
GBA Norte,Multiplex,Multiplex Pilar,"Las Magnolias 754, Palmas del Pilar",Spider-Man: Un nuevo día,2D Doblada,20:10,,,,https://multiplex.com.ar/peliculas/spider-man-un-dia-nuevo/
GBA Norte,Multiplex,Multiplex Pilar,"Las Magnolias 754, Palmas del Pilar",Spider-Man: Un nuevo día,4D (3D) Doblada,22:00,,,,https://multiplex.com.ar/peliculas/spider-man-un-dia-nuevo/
GBA Norte,Multiplex,Multiplex Pilar,"Las Magnolias 754, Palmas del Pilar",Terminator 2: El juicio final,2D Doblada,22:10,,,,https://multiplex.com.ar/peliculas/terminator-2-el-juicio-final/
GBA Norte,Multiplex,Multiplex Pilar,"Las Magnolias 754, Palmas del Pilar",Toy Story 5,2D Doblada,12:20,,,,https://multiplex.com.ar/peliculas/toy-story-5/
GBA Norte,Multiplex,Multiplex Pilar,"Las Magnolias 754, Palmas del Pilar",Una quinta en Portugal,2D Subtitulada,15:20,,,,https://multiplex.com.ar/peliculas/una-quinta-en-portugal/
GBA Norte,Multiplex,Multiplex Pilar,"Las Magnolias 754, Palmas del Pilar",Una quinta en Portugal,2D Subtitulada,19:50,,,,https://multiplex.com.ar/peliculas/una-quinta-en-portugal/
GBA Norte,Multiplex,Multiplex Pilar,"Las Magnolias 754, Palmas del Pilar",Yo Narciso,2D Doblada,14:20,,,,https://multiplex.com.ar/peliculas/yo-narciso/
GBA Norte,Multiplex,Multiplex Pilar,"Las Magnolias 754, Palmas del Pilar",Yo Narciso,2D Doblada,16:20,,,,https://multiplex.com.ar/peliculas/yo-narciso/
GBA Norte,Multiplex,Multiplex Pilar,"Las Magnolias 754, Palmas del Pilar",Yo Narciso,2D Doblada,18:20,,,,https://multiplex.com.ar/peliculas/yo-narciso/
GBA Norte,Multiplex,Multiplex Pilar,"Las Magnolias 754, Palmas del Pilar",Yo Narciso,2D Doblada,20:20,,,,https://multiplex.com.ar/peliculas/yo-narciso/
GBA Norte,Multiplex,Multiplex Pilar,"Las Magnolias 754, Palmas del Pilar",Yo Narciso,2D Doblada,22:20,,,,https://multiplex.com.ar/peliculas/yo-narciso/
GBA Sur,Cinépolis,Cinépolis Avellaneda,"Av. Mitre 2702, Avellaneda",Afterburn (Zona cero),2D Doblada,14:00,,,,https://cartelera.ar/pelicula/afterburn-zona-cero
GBA Sur,Cinépolis,Cinépolis Avellaneda,"Av. Mitre 2702, Avellaneda",Afterburn (Zona cero),2D Doblada,16:50,,,,https://cartelera.ar/pelicula/afterburn-zona-cero
GBA Sur,Cinépolis,Cinépolis Avellaneda,"Av. Mitre 2702, Avellaneda",Afterburn (Zona cero),2D Doblada,19:45,,,,https://cartelera.ar/pelicula/afterburn-zona-cero
GBA Sur,Cinépolis,Cinépolis Avellaneda,"Av. Mitre 2702, Avellaneda",Afterburn (Zona cero),2D Doblada,22:40,,,,https://cartelera.ar/pelicula/afterburn-zona-cero
GBA Sur,Cinépolis,Cinépolis Avellaneda,"Av. Mitre 2702, Avellaneda",La Negociación (The Negotiation),2D Subtitulada,19:45,,,,https://cartelera.ar/pelicula/la-negociacion-the-negotiation
GBA Sur,Cinépolis,Cinépolis Avellaneda,"Av. Mitre 2702, Avellaneda",La Odisea,2D Doblada,14:40,,,,https://cartelera.ar/pelicula/la-odisea
GBA Sur,Cinépolis,Cinépolis Avellaneda,"Av. Mitre 2702, Avellaneda",La Odisea,2D Doblada,18:20,,,,https://cartelera.ar/pelicula/la-odisea
GBA Sur,Cinépolis,Cinépolis Avellaneda,"Av. Mitre 2702, Avellaneda",La Odisea,2D Doblada,22:00,,,,https://cartelera.ar/pelicula/la-odisea
GBA Sur,Cinépolis,Cinépolis Avellaneda,"Av. Mitre 2702, Avellaneda",Spider-Man: Un nuevo día,2D Doblada,12:30,,,,https://cartelera.ar/pelicula/spider-man-un-nuevo-dia
GBA Sur,Cinépolis,Cinépolis Avellaneda,"Av. Mitre 2702, Avellaneda",Spider-Man: Un nuevo día,2D Doblada,13:30,,,,https://cartelera.ar/pelicula/spider-man-un-nuevo-dia
GBA Sur,Cinépolis,Cinépolis Avellaneda,"Av. Mitre 2702, Avellaneda",Spider-Man: Un nuevo día,2D Doblada,15:40,,,,https://cartelera.ar/pelicula/spider-man-un-nuevo-dia
GBA Sur,Cinépolis,Cinépolis Avellaneda,"Av. Mitre 2702, Avellaneda",Spider-Man: Un nuevo día,2D Doblada,16:40,,,,https://cartelera.ar/pelicula/spider-man-un-nuevo-dia
GBA Sur,Cinépolis,Cinépolis Avellaneda,"Av. Mitre 2702, Avellaneda",Spider-Man: Un nuevo día,2D Doblada,18:50,,,,https://cartelera.ar/pelicula/spider-man-un-nuevo-dia
GBA Sur,Cinépolis,Cinépolis Avellaneda,"Av. Mitre 2702, Avellaneda",Spider-Man: Un nuevo día,3D Doblada,19:50,,,,https://cartelera.ar/pelicula/spider-man-un-nuevo-dia
GBA Sur,Cinépolis,Cinépolis Avellaneda,"Av. Mitre 2702, Avellaneda",Spider-Man: Un nuevo día,2D Doblada,22:00,,,,https://cartelera.ar/pelicula/spider-man-un-nuevo-dia
GBA Sur,Cinépolis,Cinépolis Avellaneda,"Av. Mitre 2702, Avellaneda",Spider-Man: Un nuevo día,2D Doblada,23:00,,,,https://cartelera.ar/pelicula/spider-man-un-nuevo-dia
GBA Sur,Cinépolis,Cinépolis Avellaneda,"Av. Mitre 2702, Avellaneda",Impacto mortal,2D Doblada,22:15,,,,https://cartelera.ar/pelicula/impacto-mortal
GBA Sur,Cinépolis,Cinépolis Avellaneda,"Av. Mitre 2702, Avellaneda",El Final de la Calle Oak,2D Doblada,23:20,,,,https://cartelera.ar/pelicula/el-final-de-la-calle-oak
GBA Sur,Cinépolis,Cinépolis Avellaneda,"Av. Mitre 2702, Avellaneda",PAW Patrol: La Dino Película,2D Doblada,14:00,,,,https://cartelera.ar/pelicula/paw-patrol-la-dino-pelicula
GBA Sur,Cinépolis,Cinépolis Avellaneda,"Av. Mitre 2702, Avellaneda",PAW Patrol: La Dino Película,2D Doblada,16:10,,,,https://cartelera.ar/pelicula/paw-patrol-la-dino-pelicula
GBA Sur,Cinépolis,Cinépolis Avellaneda,"Av. Mitre 2702, Avellaneda",PAW Patrol: La Dino Película,2D Doblada,18:20,,,,https://cartelera.ar/pelicula/paw-patrol-la-dino-pelicula
GBA Sur,Cinépolis,Cinépolis Avellaneda,"Av. Mitre 2702, Avellaneda",La noche del demonio: Están entre nosotros,2D Doblada,13:10,,,,https://cartelera.ar/pelicula/la-noche-del-demonio-estan-entre-nosotros
GBA Sur,Cinépolis,Cinépolis Avellaneda,"Av. Mitre 2702, Avellaneda",La noche del demonio: Están entre nosotros,2D Doblada,15:40,,,,https://cartelera.ar/pelicula/la-noche-del-demonio-estan-entre-nosotros
GBA Sur,Cinépolis,Cinépolis Avellaneda,"Av. Mitre 2702, Avellaneda",La noche del demonio: Están entre nosotros,2D Doblada,18:10,,,,https://cartelera.ar/pelicula/la-noche-del-demonio-estan-entre-nosotros
GBA Sur,Cinépolis,Cinépolis Avellaneda,"Av. Mitre 2702, Avellaneda",La noche del demonio: Están entre nosotros,2D Doblada,20:40,,,,https://cartelera.ar/pelicula/la-noche-del-demonio-estan-entre-nosotros
GBA Sur,Cinépolis,Cinépolis Avellaneda,"Av. Mitre 2702, Avellaneda",La noche del demonio: Están entre nosotros,2D Doblada,23:15,,,,https://cartelera.ar/pelicula/la-noche-del-demonio-estan-entre-nosotros
GBA Sur,Cinépolis,Cinépolis Avellaneda,"Av. Mitre 2702, Avellaneda",Pepita la Pistolera,2D Doblada,12:45,,,,https://cartelera.ar/pelicula/pepita-la-pistolera
GBA Sur,Cinépolis,Cinépolis Avellaneda,"Av. Mitre 2702, Avellaneda",Pepita la Pistolera,2D Doblada,13:10,,,,https://cartelera.ar/pelicula/pepita-la-pistolera
GBA Sur,Cinépolis,Cinépolis Avellaneda,"Av. Mitre 2702, Avellaneda",Pepita la Pistolera,2D Doblada,15:00,,,,https://cartelera.ar/pelicula/pepita-la-pistolera
GBA Sur,Cinépolis,Cinépolis Avellaneda,"Av. Mitre 2702, Avellaneda",Pepita la Pistolera,2D Doblada,15:30,,,,https://cartelera.ar/pelicula/pepita-la-pistolera
GBA Sur,Cinépolis,Cinépolis Avellaneda,"Av. Mitre 2702, Avellaneda",Pepita la Pistolera,2D Doblada,17:20,,,,https://cartelera.ar/pelicula/pepita-la-pistolera
GBA Sur,Cinépolis,Cinépolis Avellaneda,"Av. Mitre 2702, Avellaneda",Pepita la Pistolera,2D Doblada,17:50,,,,https://cartelera.ar/pelicula/pepita-la-pistolera
GBA Sur,Cinépolis,Cinépolis Avellaneda,"Av. Mitre 2702, Avellaneda",Pepita la Pistolera,2D Doblada,19:40,,,,https://cartelera.ar/pelicula/pepita-la-pistolera
GBA Sur,Cinépolis,Cinépolis Avellaneda,"Av. Mitre 2702, Avellaneda",Pepita la Pistolera,2D Doblada,20:10,,,,https://cartelera.ar/pelicula/pepita-la-pistolera
GBA Sur,Cinépolis,Cinépolis Avellaneda,"Av. Mitre 2702, Avellaneda",Pepita la Pistolera,2D Doblada,22:30,,,,https://cartelera.ar/pelicula/pepita-la-pistolera
GBA Sur,Cinépolis,Cinépolis Avellaneda,"Av. Mitre 2702, Avellaneda",Pepita la Pistolera,2D Doblada,23:30,,,,https://cartelera.ar/pelicula/pepita-la-pistolera
GBA Sur,Cinépolis,Cinépolis Avellaneda,"Av. Mitre 2702, Avellaneda",Terminator 2: El juicio final,3D Doblada,20:30,,,,https://cartelera.ar/pelicula/terminator-2-el-juicio-final
GBA Sur,Cinépolis,Cinépolis Avellaneda,"Av. Mitre 2702, Avellaneda",Terminator 2: El juicio final,2D Doblada,22:00,,,,https://cartelera.ar/pelicula/terminator-2-el-juicio-final
GBA Sur,Cinépolis,Cinépolis Avellaneda,"Av. Mitre 2702, Avellaneda",La constelación del perro,2D Doblada,20:40,,,,https://cartelera.ar/pelicula/la-constelacion-del-perro
GBA Sur,Cinépolis,Cinépolis Avellaneda,"Av. Mitre 2702, Avellaneda",Coyote vs. Acme,2D Doblada,12:30,,,,https://cartelera.ar/pelicula/coyote-vs-acme
GBA Sur,Cinépolis,Cinépolis Avellaneda,"Av. Mitre 2702, Avellaneda",Coyote vs. Acme,2D Doblada,13:00,,,,https://cartelera.ar/pelicula/coyote-vs-acme
GBA Sur,Cinépolis,Cinépolis Avellaneda,"Av. Mitre 2702, Avellaneda",Coyote vs. Acme,2D Doblada,15:00,,,,https://cartelera.ar/pelicula/coyote-vs-acme
GBA Sur,Cinépolis,Cinépolis Avellaneda,"Av. Mitre 2702, Avellaneda",Coyote vs. Acme,2D Doblada,15:30,,,,https://cartelera.ar/pelicula/coyote-vs-acme
GBA Sur,Cinépolis,Cinépolis Avellaneda,"Av. Mitre 2702, Avellaneda",Coyote vs. Acme,2D Doblada,17:30,,,,https://cartelera.ar/pelicula/coyote-vs-acme
GBA Sur,Cinépolis,Cinépolis Avellaneda,"Av. Mitre 2702, Avellaneda",Coyote vs. Acme,2D Doblada,18:00,,,,https://cartelera.ar/pelicula/coyote-vs-acme
GBA Sur,Cinépolis,Cinépolis Avellaneda,"Av. Mitre 2702, Avellaneda",Coyote vs. Acme,2D Doblada,20:00,,,,https://cartelera.ar/pelicula/coyote-vs-acme
GBA Sur,Cinépolis,Cinépolis Avellaneda,"Av. Mitre 2702, Avellaneda",Coyote vs. Acme,2D Doblada,22:30,,,,https://cartelera.ar/pelicula/coyote-vs-acme
GBA Sur,Cinépolis,Cinépolis Avellaneda,"Av. Mitre 2702, Avellaneda",Yo Narciso,2D Doblada,13:20,,,,
GBA Sur,Cinépolis,Cinépolis Avellaneda,"Av. Mitre 2702, Avellaneda",Yo Narciso,2D Doblada,15:40,,,,
GBA Sur,Cinépolis,Cinépolis Avellaneda,"Av. Mitre 2702, Avellaneda",Yo Narciso,2D Doblada,18:00,,,,
GBA Sur,Cinépolis,Cinépolis Avellaneda,"Av. Mitre 2702, Avellaneda",Yo Narciso,2D Doblada,20:20,,,,
GBA Sur,Cinépolis,Cinépolis Avellaneda,"Av. Mitre 2702, Avellaneda",Yo Narciso,2D Doblada,22:45,,,,
GBA Sur,Cinépolis,Cinépolis Avellaneda,"Av. Mitre 2702, Avellaneda",Masha Y Los Osos,2D Doblada,13:15,,,,
GBA Sur,Cinépolis,Cinépolis Avellaneda,"Av. Mitre 2702, Avellaneda",Masha Y Los Osos,2D Doblada,15:20,,,,
GBA Sur,Cinépolis,Cinépolis Avellaneda,"Av. Mitre 2702, Avellaneda",Masha Y Los Osos,2D Doblada,17:30,,,,
GBA Norte,Cinépolis,Cinépolis Pilar,"Panamericana Km. 50, Pilar",Afterburn (Zona cero),2D Doblada,14:30,,,,https://cartelera.ar/pelicula/afterburn-zona-cero
GBA Norte,Cinépolis,Cinépolis Pilar,"Panamericana Km. 50, Pilar",Afterburn (Zona cero),2D Doblada,17:20,,,,https://cartelera.ar/pelicula/afterburn-zona-cero
GBA Norte,Cinépolis,Cinépolis Pilar,"Panamericana Km. 50, Pilar",Afterburn (Zona cero),2D Doblada,20:10,,,,https://cartelera.ar/pelicula/afterburn-zona-cero
GBA Norte,Cinépolis,Cinépolis Pilar,"Panamericana Km. 50, Pilar",Afterburn (Zona cero),2D Subtitulada,22:55,,,,https://cartelera.ar/pelicula/afterburn-zona-cero
GBA Norte,Cinépolis,Cinépolis Pilar,"Panamericana Km. 50, Pilar",La Odisea,2D Subtitulada,14:50,,,,https://cartelera.ar/pelicula/la-odisea
GBA Norte,Cinépolis,Cinépolis Pilar,"Panamericana Km. 50, Pilar",La Odisea,2D Subtitulada,18:30,,,,https://cartelera.ar/pelicula/la-odisea
GBA Norte,Cinépolis,Cinépolis Pilar,"Panamericana Km. 50, Pilar",La Odisea,2D Subtitulada,22:10,,,,https://cartelera.ar/pelicula/la-odisea
GBA Norte,Cinépolis,Cinépolis Pilar,"Panamericana Km. 50, Pilar",Spider-Man: Un nuevo día,2D Doblada,13:00,,,,https://cartelera.ar/pelicula/spider-man-un-nuevo-dia
GBA Norte,Cinépolis,Cinépolis Pilar,"Panamericana Km. 50, Pilar",Spider-Man: Un nuevo día,2D Doblada,16:10,,,,https://cartelera.ar/pelicula/spider-man-un-nuevo-dia
GBA Norte,Cinépolis,Cinépolis Pilar,"Panamericana Km. 50, Pilar",Spider-Man: Un nuevo día,2D Doblada,19:20,,,,https://cartelera.ar/pelicula/spider-man-un-nuevo-dia
GBA Norte,Cinépolis,Cinépolis Pilar,"Panamericana Km. 50, Pilar",Spider-Man: Un nuevo día,3D Doblada,22:30,,,,https://cartelera.ar/pelicula/spider-man-un-nuevo-dia
GBA Norte,Cinépolis,Cinépolis Pilar,"Panamericana Km. 50, Pilar",Minions & monstruos,2D Doblada,13:00,,,,https://cartelera.ar/pelicula/minions-monstruos
GBA Norte,Cinépolis,Cinépolis Pilar,"Panamericana Km. 50, Pilar",El Final de la Calle Oak,2D Doblada,17:50,,,,https://cartelera.ar/pelicula/el-final-de-la-calle-oak
GBA Norte,Cinépolis,Cinépolis Pilar,"Panamericana Km. 50, Pilar",PAW Patrol: La Dino Película,2D Doblada,17:40,,,,https://cartelera.ar/pelicula/paw-patrol-la-dino-pelicula
GBA Norte,Cinépolis,Cinépolis Pilar,"Panamericana Km. 50, Pilar",PAW Patrol: La Dino Película,2D Doblada,19:50,,,,https://cartelera.ar/pelicula/paw-patrol-la-dino-pelicula
GBA Norte,Cinépolis,Cinépolis Pilar,"Panamericana Km. 50, Pilar",La noche del demonio: Están entre nosotros,2D Doblada,20:20,,,,https://cartelera.ar/pelicula/la-noche-del-demonio-estan-entre-nosotros
GBA Norte,Cinépolis,Cinépolis Pilar,"Panamericana Km. 50, Pilar",La noche del demonio: Están entre nosotros,2D Doblada,22:50,,,,https://cartelera.ar/pelicula/la-noche-del-demonio-estan-entre-nosotros
GBA Norte,Cinépolis,Cinépolis Pilar,"Panamericana Km. 50, Pilar",Pepita la Pistolera,2D Doblada,13:30,,,,https://cartelera.ar/pelicula/pepita-la-pistolera
GBA Norte,Cinépolis,Cinépolis Pilar,"Panamericana Km. 50, Pilar",Pepita la Pistolera,2D Doblada,15:50,,,,https://cartelera.ar/pelicula/pepita-la-pistolera
GBA Norte,Cinépolis,Cinépolis Pilar,"Panamericana Km. 50, Pilar",Pepita la Pistolera,2D Doblada,18:00,,,,https://cartelera.ar/pelicula/pepita-la-pistolera
GBA Norte,Cinépolis,Cinépolis Pilar,"Panamericana Km. 50, Pilar",Pepita la Pistolera,2D Doblada,20:20,,,,https://cartelera.ar/pelicula/pepita-la-pistolera
GBA Norte,Cinépolis,Cinépolis Pilar,"Panamericana Km. 50, Pilar",Pepita la Pistolera,2D Doblada,22:40,,,,https://cartelera.ar/pelicula/pepita-la-pistolera
GBA Norte,Cinépolis,Cinépolis Pilar,"Panamericana Km. 50, Pilar",Terminator 2: El juicio final,2D Doblada,22:00,,,,https://cartelera.ar/pelicula/terminator-2-el-juicio-final
GBA Norte,Cinépolis,Cinépolis Pilar,"Panamericana Km. 50, Pilar",La constelación del perro,2D Doblada,15:10,,,,https://cartelera.ar/pelicula/la-constelacion-del-perro
GBA Norte,Cinépolis,Cinépolis Pilar,"Panamericana Km. 50, Pilar",La constelación del perro,2D Subtitulada,22:40,,,,https://cartelera.ar/pelicula/la-constelacion-del-perro
GBA Norte,Cinépolis,Cinépolis Pilar,"Panamericana Km. 50, Pilar",Moana,2D Doblada,15:20,,,,https://cartelera.ar/pelicula/moana
GBA Norte,Cinépolis,Cinépolis Pilar,"Panamericana Km. 50, Pilar",Coyote vs. Acme,2D Doblada,13:20,,,,https://cartelera.ar/pelicula/coyote-vs-acme
GBA Norte,Cinépolis,Cinépolis Pilar,"Panamericana Km. 50, Pilar",Coyote vs. Acme,2D Doblada,15:40,,,,https://cartelera.ar/pelicula/coyote-vs-acme
GBA Norte,Cinépolis,Cinépolis Pilar,"Panamericana Km. 50, Pilar",Coyote vs. Acme,2D Doblada,18:00,,,,https://cartelera.ar/pelicula/coyote-vs-acme
GBA Norte,Cinépolis,Cinépolis Pilar,"Panamericana Km. 50, Pilar",Coyote vs. Acme,2D Doblada,20:10,,,,https://cartelera.ar/pelicula/coyote-vs-acme
GBA Norte,Cinépolis,Cinépolis Pilar,"Panamericana Km. 50, Pilar",Yo Narciso,2D Doblada,12:50,,,,
GBA Norte,Cinépolis,Cinépolis Pilar,"Panamericana Km. 50, Pilar",Yo Narciso,2D Doblada,15:00,,,,
GBA Norte,Cinépolis,Cinépolis Pilar,"Panamericana Km. 50, Pilar",Yo Narciso,2D Doblada,17:10,,,,
GBA Norte,Cinépolis,Cinépolis Pilar,"Panamericana Km. 50, Pilar",Yo Narciso,2D Doblada,19:30,,,,
GBA Norte,Cinépolis,Cinépolis Pilar,"Panamericana Km. 50, Pilar",Yo Narciso,2D Doblada,21:50,,,,
CABA,Multiplex,Multiplex Belgrano,"Vuelta de Obligado 2199, Belgrano",Afterburn (Zona cero),2D Subtitulada,22:40,,,,https://multiplex.com.ar/peliculas/zona-cero/
CABA,Multiplex,Multiplex Belgrano,"Vuelta de Obligado 2199, Belgrano",Coyote vs. Acme,COMFORT PLUS 2D Doblada,13:45,,,,https://multiplex.com.ar/peliculas/coyote-vs-acme/
CABA,Multiplex,Multiplex Belgrano,"Vuelta de Obligado 2199, Belgrano",Coyote vs. Acme,2D Doblada,16:30,,,,https://multiplex.com.ar/peliculas/coyote-vs-acme/
CABA,Multiplex,Multiplex Belgrano,"Vuelta de Obligado 2199, Belgrano",Coyote vs. Acme,2D Subtitulada,18:35,,,,https://multiplex.com.ar/peliculas/coyote-vs-acme/
CABA,Multiplex,Multiplex Belgrano,"Vuelta de Obligado 2199, Belgrano",Coyote vs. Acme,2D Subtitulada,20:40,,,,https://multiplex.com.ar/peliculas/coyote-vs-acme/
CABA,Multiplex,Multiplex Belgrano,"Vuelta de Obligado 2199, Belgrano",Coyote vs. Acme,2D Subtitulada,22:45,,,,https://multiplex.com.ar/peliculas/coyote-vs-acme/
CABA,Multiplex,Multiplex Belgrano,"Vuelta de Obligado 2199, Belgrano",Esa cosa con alas,2D Subtitulada,13:10,,,,https://multiplex.com.ar/peliculas/esa-cosa-con-alas/
CABA,Multiplex,Multiplex Belgrano,"Vuelta de Obligado 2199, Belgrano",Esa cosa con alas,2D Subtitulada,18:50,,,,https://multiplex.com.ar/peliculas/esa-cosa-con-alas/
CABA,Multiplex,Multiplex Belgrano,"Vuelta de Obligado 2199, Belgrano",Esa cosa con alas,COMFORT PLUS 2D Subtitulada,21:50,,,,https://multiplex.com.ar/peliculas/esa-cosa-con-alas/
CABA,Multiplex,Multiplex Belgrano,"Vuelta de Obligado 2199, Belgrano",La constelación del perro,2D Subtitulada,20:00,,,,https://cartelera.ar/pelicula/la-constelacion-del-perro
CABA,Multiplex,Multiplex Belgrano,"Vuelta de Obligado 2199, Belgrano",La Guerra De Los Ultimos,COMFORT PLUS 2D Subtitulada,20:00,,,,https://multiplex.com.ar/peliculas/la-guerra-de-los-ultimos/
CABA,Multiplex,Multiplex Belgrano,"Vuelta de Obligado 2199, Belgrano",La invitación,2D Subtitulada,15:10,,,,https://multiplex.com.ar/peliculas/la-invitacion/
CABA,Multiplex,Multiplex Belgrano,"Vuelta de Obligado 2199, Belgrano",La invitación,COMFORT PLUS 2D Subtitulada,17:55,,,,https://multiplex.com.ar/peliculas/la-invitacion/
CABA,Multiplex,Multiplex Belgrano,"Vuelta de Obligado 2199, Belgrano",La invitación,COMFORT PLUS 2D Subtitulada,20:25,,,,https://multiplex.com.ar/peliculas/la-invitacion/
CABA,Multiplex,Multiplex Belgrano,"Vuelta de Obligado 2199, Belgrano",La Negociación (The Negotiation),2D Subtitulada,14:55,,,,https://multiplex.com.ar/peliculas/la-negociacion/
CABA,Multiplex,Multiplex Belgrano,"Vuelta de Obligado 2199, Belgrano",La Negociación (The Negotiation),2D Subtitulada,20:45,,,,https://multiplex.com.ar/peliculas/la-negociacion/
CABA,Multiplex,Multiplex Belgrano,"Vuelta de Obligado 2199, Belgrano",La Odisea,COMFORT PLUS 2D Subtitulada,13:55,,,,https://multiplex.com.ar/peliculas/la-odisea/
CABA,Multiplex,Multiplex Belgrano,"Vuelta de Obligado 2199, Belgrano",La Odisea,4D + 2D Subtitulada,15:40,,,,https://multiplex.com.ar/peliculas/la-odisea/
CABA,Multiplex,Multiplex Belgrano,"Vuelta de Obligado 2199, Belgrano",La Odisea,COMFORT PLUS 2D Subtitulada,17:10,,,,https://multiplex.com.ar/peliculas/la-odisea/
CABA,Multiplex,Multiplex Belgrano,"Vuelta de Obligado 2199, Belgrano",La Odisea,4D + 2D Subtitulada,21:35,,,,https://multiplex.com.ar/peliculas/la-odisea/
CABA,Multiplex,Multiplex Belgrano,"Vuelta de Obligado 2199, Belgrano",La Odisea,2D + COMFORT PLUS Subtitulada,22:00,,,,https://multiplex.com.ar/peliculas/la-odisea/
CABA,Multiplex,Multiplex Belgrano,"Vuelta de Obligado 2199, Belgrano",Los Colores Del Tiempo,2D + COMFORT PLUS Subtitulada,15:25,,,,https://multiplex.com.ar/peliculas/los-colores-del-tiempo/
CABA,Multiplex,Multiplex Belgrano,"Vuelta de Obligado 2199, Belgrano",Los Colores Del Tiempo,COMFORT PLUS 2D Subtitulada,17:35,,,,https://multiplex.com.ar/peliculas/los-colores-del-tiempo/
CABA,Multiplex,Multiplex Belgrano,"Vuelta de Obligado 2199, Belgrano",Los Colores Del Tiempo,COMFORT PLUS 2D Subtitulada,20:05,,,,https://multiplex.com.ar/peliculas/los-colores-del-tiempo/
CABA,Multiplex,Multiplex Belgrano,"Vuelta de Obligado 2199, Belgrano",Los domingos,2D + COMFORT PLUS Doblada,13:10,,,,https://multiplex.com.ar/peliculas/los-domingos/
CABA,Multiplex,Multiplex Belgrano,"Vuelta de Obligado 2199, Belgrano",Minions & monstruos,2D Doblada,13:00,,,,https://multiplex.com.ar/peliculas/minions-monstruos/
CABA,Multiplex,Multiplex Belgrano,"Vuelta de Obligado 2199, Belgrano",Minions & monstruos,2D Doblada,14:45,,,,https://multiplex.com.ar/peliculas/minions-monstruos/
CABA,Multiplex,Multiplex Belgrano,"Vuelta de Obligado 2199, Belgrano",Obsesión,2D Subtitulada,22:45,,,,https://multiplex.com.ar/peliculas/obsesion/
CABA,Multiplex,Multiplex Belgrano,"Vuelta de Obligado 2199, Belgrano",Pepita la Pistolera,COMFORT PLUS 2D Doblada,13:40,,,,https://multiplex.com.ar/peliculas/pepita-la-pistolera/
CABA,Multiplex,Multiplex Belgrano,"Vuelta de Obligado 2199, Belgrano",Pepita la Pistolera,COMFORT PLUS 2D Doblada,15:45,,,,https://multiplex.com.ar/peliculas/pepita-la-pistolera/
CABA,Multiplex,Multiplex Belgrano,"Vuelta de Obligado 2199, Belgrano",Pepita la Pistolera,COMFORT PLUS 2D Doblada,17:50,,,,https://multiplex.com.ar/peliculas/pepita-la-pistolera/
CABA,Multiplex,Multiplex Belgrano,"Vuelta de Obligado 2199, Belgrano",Pepita la Pistolera,2D + COMFORT PLUS Doblada,19:45,,,,https://multiplex.com.ar/peliculas/pepita-la-pistolera/
CABA,Multiplex,Multiplex Belgrano,"Vuelta de Obligado 2199, Belgrano",Pepita la Pistolera,COMFORT PLUS 2D Doblada,22:20,,,,https://multiplex.com.ar/peliculas/pepita-la-pistolera/
CABA,Multiplex,Multiplex Belgrano,"Vuelta de Obligado 2199, Belgrano",Spider-Man: Un nuevo día,4D + 3D Doblada,13:00,,,,https://multiplex.com.ar/peliculas/spider-man-un-dia-nuevo/
CABA,Multiplex,Multiplex Belgrano,"Vuelta de Obligado 2199, Belgrano",Spider-Man: Un nuevo día,COMFORT PLUS 2D Doblada,14:50,,,,https://multiplex.com.ar/peliculas/spider-man-un-dia-nuevo/
CABA,Multiplex,Multiplex Belgrano,"Vuelta de Obligado 2199, Belgrano",Spider-Man: Un nuevo día,2D Doblada,17:20,,,,https://multiplex.com.ar/peliculas/spider-man-un-dia-nuevo/
CABA,Multiplex,Multiplex Belgrano,"Vuelta de Obligado 2199, Belgrano",Spider-Man: Un nuevo día,4D + 3D Subtitulada,18:55,,,,https://multiplex.com.ar/peliculas/spider-man-un-dia-nuevo/
CABA,Multiplex,Multiplex Belgrano,"Vuelta de Obligado 2199, Belgrano",Spider-Man: Un nuevo día,COMFORT PLUS 2D Subtitulada,22:30,,,,https://multiplex.com.ar/peliculas/spider-man-un-dia-nuevo/
CABA,Multiplex,Multiplex Belgrano,"Vuelta de Obligado 2199, Belgrano",Terminator 2: El juicio final,2D Subtitulada,20:00,,,,https://multiplex.com.ar/peliculas/terminator-2-el-juicio-final/
CABA,Multiplex,Multiplex Belgrano,"Vuelta de Obligado 2199, Belgrano",Terminator 2: El juicio final,COMFORT PLUS 2D Subtitulada,22:00,,,,https://multiplex.com.ar/peliculas/terminator-2-el-juicio-final/
CABA,Multiplex,Multiplex Belgrano,"Vuelta de Obligado 2199, Belgrano",Toy Story 5,2D Doblada,13:00,,,,https://multiplex.com.ar/peliculas/toy-story-5/
CABA,Multiplex,Multiplex Belgrano,"Vuelta de Obligado 2199, Belgrano",Toy Story 5,2D Doblada,16:55,,,,https://multiplex.com.ar/peliculas/toy-story-5/
CABA,Multiplex,Multiplex Belgrano,"Vuelta de Obligado 2199, Belgrano",Una quinta en Portugal,COMFORT PLUS 2D Subtitulada,13:10,,,,https://multiplex.com.ar/peliculas/una-quinta-en-portugal/
CABA,Multiplex,Multiplex Belgrano,"Vuelta de Obligado 2199, Belgrano",Una quinta en Portugal,COMFORT PLUS 2D Subtitulada,15:20,,,,https://multiplex.com.ar/peliculas/una-quinta-en-portugal/
CABA,Multiplex,Multiplex Belgrano,"Vuelta de Obligado 2199, Belgrano",Una quinta en Portugal,COMFORT PLUS 2D Subtitulada,17:30,,,,https://multiplex.com.ar/peliculas/una-quinta-en-portugal/
CABA,Multiplex,Multiplex Belgrano,"Vuelta de Obligado 2199, Belgrano",Una quinta en Portugal,COMFORT PLUS 2D Subtitulada,19:40,,,,https://multiplex.com.ar/peliculas/una-quinta-en-portugal/
CABA,Multiplex,Multiplex Belgrano,"Vuelta de Obligado 2199, Belgrano",Yo Narciso,COMFORT PLUS 2D Doblada,13:00,,,,https://multiplex.com.ar/peliculas/yo-narciso/
CABA,Multiplex,Multiplex Belgrano,"Vuelta de Obligado 2199, Belgrano",Yo Narciso,COMFORT PLUS 2D Doblada,16:00,,,,https://multiplex.com.ar/peliculas/yo-narciso/
CABA,Multiplex,Multiplex Belgrano,"Vuelta de Obligado 2199, Belgrano",Yo Narciso,2D + COMFORT PLUS Doblada,17:50,,,,https://multiplex.com.ar/peliculas/yo-narciso/
CABA,Multiplex,Multiplex Belgrano,"Vuelta de Obligado 2199, Belgrano",Yo Narciso,COMFORT PLUS 2D Doblada,20:05,,,,https://multiplex.com.ar/peliculas/yo-narciso/
CABA,Multiplex,Multiplex Belgrano,"Vuelta de Obligado 2199, Belgrano",Yo Narciso,COMFORT PLUS 2D Doblada,22:30,,,,https://multiplex.com.ar/peliculas/yo-narciso/
GBA Sur,Multiplex,Multiplex Canning,"Formosa 653, Canning (Shopping Las Toscas)",Afterburn (Zona cero),2D Doblada,18:00,,,,https://multiplex.com.ar/peliculas/zona-cero/
GBA Sur,Multiplex,Multiplex Canning,"Formosa 653, Canning (Shopping Las Toscas)",Afterburn (Zona cero),2D Doblada,22:45,,,,https://multiplex.com.ar/peliculas/zona-cero/
GBA Sur,Multiplex,Multiplex Canning,"Formosa 653, Canning (Shopping Las Toscas)",Coyote vs. Acme,2D Doblada,13:30,,,,https://multiplex.com.ar/peliculas/coyote-vs-acme/
GBA Sur,Multiplex,Multiplex Canning,"Formosa 653, Canning (Shopping Las Toscas)",Coyote vs. Acme,2D Doblada,15:40,,,,https://multiplex.com.ar/peliculas/coyote-vs-acme/
GBA Sur,Multiplex,Multiplex Canning,"Formosa 653, Canning (Shopping Las Toscas)",Coyote vs. Acme,2D Doblada,17:50,,,,https://multiplex.com.ar/peliculas/coyote-vs-acme/
GBA Sur,Multiplex,Multiplex Canning,"Formosa 653, Canning (Shopping Las Toscas)",La constelación del perro,2D Doblada,20:30,,,,https://cartelera.ar/pelicula/la-constelacion-del-perro
GBA Sur,Multiplex,Multiplex Canning,"Formosa 653, Canning (Shopping Las Toscas)",La Guerra De Los Ultimos,2D Doblada,20:30,,,,https://multiplex.com.ar/peliculas/la-guerra-de-los-ultimos/
GBA Sur,Multiplex,Multiplex Canning,"Formosa 653, Canning (Shopping Las Toscas)",La noche del demonio: Están entre nosotros,2D Doblada,20:40,,,,https://multiplex.com.ar/peliculas/la-noche-del-demonio-estan-entre-nosotros/
GBA Sur,Multiplex,Multiplex Canning,"Formosa 653, Canning (Shopping Las Toscas)",La noche del demonio: Están entre nosotros,2D Doblada,22:50,,,,https://multiplex.com.ar/peliculas/la-noche-del-demonio-estan-entre-nosotros/
GBA Sur,Multiplex,Multiplex Canning,"Formosa 653, Canning (Shopping Las Toscas)",La Odisea,2D Doblada,19:30,,,,https://multiplex.com.ar/peliculas/la-odisea/
GBA Sur,Multiplex,Multiplex Canning,"Formosa 653, Canning (Shopping Las Toscas)",La Odisea,4D (2D) Doblada,22:00,,,,https://multiplex.com.ar/peliculas/la-odisea/
GBA Sur,Multiplex,Multiplex Canning,"Formosa 653, Canning (Shopping Las Toscas)",Masha Y Los Osos,2D Doblada,13:20,,,,https://multiplex.com.ar/peliculas/masha-y-los-osos/
GBA Sur,Multiplex,Multiplex Canning,"Formosa 653, Canning (Shopping Las Toscas)",Masha Y Los Osos,2D Doblada,15:40,,,,https://multiplex.com.ar/peliculas/masha-y-los-osos/
GBA Sur,Multiplex,Multiplex Canning,"Formosa 653, Canning (Shopping Las Toscas)",Minions & monstruos,2D Doblada,14:00,,,,https://multiplex.com.ar/peliculas/minions-monstruos/
GBA Sur,Multiplex,Multiplex Canning,"Formosa 653, Canning (Shopping Las Toscas)",Obsesión,2D Doblada,22:45,,,,https://multiplex.com.ar/peliculas/obsesion/
GBA Sur,Multiplex,Multiplex Canning,"Formosa 653, Canning (Shopping Las Toscas)",Pepita la Pistolera,2D Doblada,18:20,,,,https://multiplex.com.ar/peliculas/pepita-la-pistolera/
GBA Sur,Multiplex,Multiplex Canning,"Formosa 653, Canning (Shopping Las Toscas)",Pepita la Pistolera,2D Doblada,22:50,,,,https://multiplex.com.ar/peliculas/pepita-la-pistolera/
GBA Sur,Multiplex,Multiplex Canning,"Formosa 653, Canning (Shopping Las Toscas)",Spider-Man: Un nuevo día,2D Doblada,13:00,,,,https://multiplex.com.ar/peliculas/spider-man-un-dia-nuevo/
GBA Sur,Multiplex,Multiplex Canning,"Formosa 653, Canning (Shopping Las Toscas)",Spider-Man: Un nuevo día,4D (3D) Doblada,14:00,,,,https://multiplex.com.ar/peliculas/spider-man-un-dia-nuevo/
GBA Sur,Multiplex,Multiplex Canning,"Formosa 653, Canning (Shopping Las Toscas)",Spider-Man: Un nuevo día,2D Doblada,15:00,,,,https://multiplex.com.ar/peliculas/spider-man-un-dia-nuevo/
GBA Sur,Multiplex,Multiplex Canning,"Formosa 653, Canning (Shopping Las Toscas)",Spider-Man: Un nuevo día,4D (3D) Doblada,16:40,,,,https://multiplex.com.ar/peliculas/spider-man-un-dia-nuevo/
GBA Sur,Multiplex,Multiplex Canning,"Formosa 653, Canning (Shopping Las Toscas)",Spider-Man: Un nuevo día,2D Doblada,17:50,,,,https://multiplex.com.ar/peliculas/spider-man-un-dia-nuevo/
GBA Sur,Multiplex,Multiplex Canning,"Formosa 653, Canning (Shopping Las Toscas)",Spider-Man: Un nuevo día,4D (3D) Doblada,19:20,,,,https://multiplex.com.ar/peliculas/spider-man-un-dia-nuevo/
GBA Sur,Multiplex,Multiplex Canning,"Formosa 653, Canning (Shopping Las Toscas)",Spider-Man: Un nuevo día,2D Doblada,20:00,,,,https://multiplex.com.ar/peliculas/spider-man-un-dia-nuevo/
GBA Sur,Multiplex,Multiplex Canning,"Formosa 653, Canning (Shopping Las Toscas)",Toy Story 5,2D Doblada,13:50,,,,https://multiplex.com.ar/peliculas/toy-story-5/
GBA Sur,Multiplex,Multiplex Canning,"Formosa 653, Canning (Shopping Las Toscas)",Toy Story 5,2D Doblada,16:00,,,,https://multiplex.com.ar/peliculas/toy-story-5/
GBA Sur,Multiplex,Multiplex Canning,"Formosa 653, Canning (Shopping Las Toscas)",Yo Narciso,2D Doblada,16:00,,,,https://multiplex.com.ar/peliculas/yo-narciso/
GBA Sur,Multiplex,Multiplex Canning,"Formosa 653, Canning (Shopping Las Toscas)",Yo Narciso,2D Doblada,17:30,,,,https://multiplex.com.ar/peliculas/yo-narciso/
GBA Sur,Multiplex,Multiplex Canning,"Formosa 653, Canning (Shopping Las Toscas)",Yo Narciso,2D Doblada,20:30,,,,https://multiplex.com.ar/peliculas/yo-narciso/
GBA Sur,Multiplex,Multiplex Canning,"Formosa 653, Canning (Shopping Las Toscas)",Yo Narciso,2D Doblada,22:30,,,,https://multiplex.com.ar/peliculas/yo-narciso/
GBA Oeste,Cinépolis,Cinépolis Merlo,Av. Juan Domingo Perón 24098,Afterburn (Zona cero),2D Doblada,16:20,,,,https://cartelera.ar/pelicula/afterburn-zona-cero
GBA Oeste,Cinépolis,Cinépolis Merlo,Av. Juan Domingo Perón 24098,Afterburn (Zona cero),2D Doblada,19:10,,,,https://cartelera.ar/pelicula/afterburn-zona-cero
GBA Oeste,Cinépolis,Cinépolis Merlo,Av. Juan Domingo Perón 24098,Spider-Man: Un nuevo día,3D Doblada,13:00,,,,https://cartelera.ar/pelicula/spider-man-un-nuevo-dia
GBA Oeste,Cinépolis,Cinépolis Merlo,Av. Juan Domingo Perón 24098,Spider-Man: Un nuevo día,2D Doblada,13:40,,,,https://cartelera.ar/pelicula/spider-man-un-nuevo-dia
GBA Oeste,Cinépolis,Cinépolis Merlo,Av. Juan Domingo Perón 24098,Spider-Man: Un nuevo día,2D Doblada,16:50,,,,https://cartelera.ar/pelicula/spider-man-un-nuevo-dia
GBA Oeste,Cinépolis,Cinépolis Merlo,Av. Juan Domingo Perón 24098,Spider-Man: Un nuevo día,3D Doblada,18:45,,,,https://cartelera.ar/pelicula/spider-man-un-nuevo-dia
GBA Oeste,Cinépolis,Cinépolis Merlo,Av. Juan Domingo Perón 24098,Spider-Man: Un nuevo día,2D Doblada,19:00,,,,https://cartelera.ar/pelicula/spider-man-un-nuevo-dia
GBA Oeste,Cinépolis,Cinépolis Merlo,Av. Juan Domingo Perón 24098,Spider-Man: Un nuevo día,3D Doblada,22:10,,,,https://cartelera.ar/pelicula/spider-man-un-nuevo-dia
GBA Oeste,Cinépolis,Cinépolis Merlo,Av. Juan Domingo Perón 24098,Toy Story 5,2D Doblada,14:20,,,,https://cartelera.ar/pelicula/toy-story-5
GBA Oeste,Cinépolis,Cinépolis Merlo,Av. Juan Domingo Perón 24098,PAW Patrol: La Dino Película,2D Doblada,14:10,,,,https://cartelera.ar/pelicula/paw-patrol-la-dino-pelicula
GBA Oeste,Cinépolis,Cinépolis Merlo,Av. Juan Domingo Perón 24098,La noche del demonio: Están entre nosotros,2D Doblada,20:00,,,,https://cartelera.ar/pelicula/la-noche-del-demonio-estan-entre-nosotros
GBA Oeste,Cinépolis,Cinépolis Merlo,Av. Juan Domingo Perón 24098,La noche del demonio: Están entre nosotros,2D Doblada,21:50,,,,https://cartelera.ar/pelicula/la-noche-del-demonio-estan-entre-nosotros
GBA Oeste,Cinépolis,Cinépolis Merlo,Av. Juan Domingo Perón 24098,La noche del demonio: Están entre nosotros,2D Doblada,22:30,,,,https://cartelera.ar/pelicula/la-noche-del-demonio-estan-entre-nosotros
GBA Oeste,Cinépolis,Cinépolis Merlo,Av. Juan Domingo Perón 24098,Pepita la Pistolera,2D Doblada,13:10,,,,https://cartelera.ar/pelicula/pepita-la-pistolera
GBA Oeste,Cinépolis,Cinépolis Merlo,Av. Juan Domingo Perón 24098,Pepita la Pistolera,2D Doblada,15:30,,,,https://cartelera.ar/pelicula/pepita-la-pistolera
GBA Oeste,Cinépolis,Cinépolis Merlo,Av. Juan Domingo Perón 24098,Pepita la Pistolera,2D Doblada,17:45,,,,https://cartelera.ar/pelicula/pepita-la-pistolera
GBA Oeste,Cinépolis,Cinépolis Merlo,Av. Juan Domingo Perón 24098,Pepita la Pistolera,2D Doblada,20:00,,,,https://cartelera.ar/pelicula/pepita-la-pistolera
GBA Oeste,Cinépolis,Cinépolis Merlo,Av. Juan Domingo Perón 24098,Pepita la Pistolera,2D Doblada,22:20,,,,https://cartelera.ar/pelicula/pepita-la-pistolera
GBA Oeste,Cinépolis,Cinépolis Merlo,Av. Juan Domingo Perón 24098,Terminator 2: El juicio final,2D Doblada,22:00,,,,https://cartelera.ar/pelicula/terminator-2-el-juicio-final
GBA Oeste,Cinépolis,Cinépolis Merlo,Av. Juan Domingo Perón 24098,La constelación del perro,2D Doblada,16:10,,,,https://cartelera.ar/pelicula/la-constelacion-del-perro
GBA Oeste,Cinépolis,Cinépolis Merlo,Av. Juan Domingo Perón 24098,Coyote vs. Acme,2D Doblada,13:00,,,,https://cartelera.ar/pelicula/coyote-vs-acme
GBA Oeste,Cinépolis,Cinépolis Merlo,Av. Juan Domingo Perón 24098,Coyote vs. Acme,2D Doblada,15:30,,,,https://cartelera.ar/pelicula/coyote-vs-acme
GBA Oeste,Cinépolis,Cinépolis Merlo,Av. Juan Domingo Perón 24098,Coyote vs. Acme,2D Doblada,18:00,,,,https://cartelera.ar/pelicula/coyote-vs-acme
GBA Oeste,Cinépolis,Cinépolis Merlo,Av. Juan Domingo Perón 24098,Yo Narciso,2D Doblada,16:40,,,,
GBA Oeste,Cinépolis,Cinépolis Merlo,Av. Juan Domingo Perón 24098,Yo Narciso,2D Doblada,20:30,,,,
GBA Oeste,Cinépolis,Cinépolis Merlo,Av. Juan Domingo Perón 24098,Yo Narciso,2D Doblada,22:50,,,,
CABA,Multiplex,Multiplex Lavalle,"Lavalle 780, CABA",Afterburn (Zona cero),2D Doblada,15:30,,,,https://multiplex.com.ar/peliculas/zona-cero/
CABA,Multiplex,Multiplex Lavalle,"Lavalle 780, CABA",Afterburn (Zona cero),2D Doblada,20:05,,,,https://multiplex.com.ar/peliculas/zona-cero/
CABA,Multiplex,Multiplex Lavalle,"Lavalle 780, CABA",Afterburn (Zona cero),2D Doblada,22:45,,,,https://multiplex.com.ar/peliculas/zona-cero/
CABA,Multiplex,Multiplex Lavalle,"Lavalle 780, CABA",Coyote vs. Acme,2D Doblada,13:40,,,,https://multiplex.com.ar/peliculas/coyote-vs-acme/
CABA,Multiplex,Multiplex Lavalle,"Lavalle 780, CABA",Coyote vs. Acme,2D Doblada,15:50,,,,https://multiplex.com.ar/peliculas/coyote-vs-acme/
CABA,Multiplex,Multiplex Lavalle,"Lavalle 780, CABA",Coyote vs. Acme,2D Doblada,18:00,,,,https://multiplex.com.ar/peliculas/coyote-vs-acme/
CABA,Multiplex,Multiplex Lavalle,"Lavalle 780, CABA",La constelación del perro,2D Doblada,20:15,,,,https://cartelera.ar/pelicula/la-constelacion-del-perro
CABA,Multiplex,Multiplex Lavalle,"Lavalle 780, CABA",La Guerra De Los Ultimos,2D Doblada,20:15,,,,https://multiplex.com.ar/peliculas/la-guerra-de-los-ultimos/
CABA,Multiplex,Multiplex Lavalle,"Lavalle 780, CABA",La noche del demonio: Están entre nosotros,2D Doblada,13:20,,,,https://multiplex.com.ar/peliculas/la-noche-del-demonio-estan-entre-nosotros/
CABA,Multiplex,Multiplex Lavalle,"Lavalle 780, CABA",La noche del demonio: Están entre nosotros,2D Doblada,15:45,,,,https://multiplex.com.ar/peliculas/la-noche-del-demonio-estan-entre-nosotros/
CABA,Multiplex,Multiplex Lavalle,"Lavalle 780, CABA",La noche del demonio: Están entre nosotros,2D Doblada,17:55,,,,https://multiplex.com.ar/peliculas/la-noche-del-demonio-estan-entre-nosotros/
CABA,Multiplex,Multiplex Lavalle,"Lavalle 780, CABA",La noche del demonio: Están entre nosotros,2D Doblada,20:40,,,,https://multiplex.com.ar/peliculas/la-noche-del-demonio-estan-entre-nosotros/
CABA,Multiplex,Multiplex Lavalle,"Lavalle 780, CABA",La noche del demonio: Están entre nosotros,2D Doblada,22:50,,,,https://multiplex.com.ar/peliculas/la-noche-del-demonio-estan-entre-nosotros/
CABA,Multiplex,Multiplex Lavalle,"Lavalle 780, CABA",La Odisea,2D Doblada,17:00,,,,https://multiplex.com.ar/peliculas/la-odisea/
CABA,Multiplex,Multiplex Lavalle,"Lavalle 780, CABA",La Odisea,2D Doblada,22:05,,,,https://multiplex.com.ar/peliculas/la-odisea/
CABA,Multiplex,Multiplex Lavalle,"Lavalle 780, CABA",Masha Y Los Osos,2D Doblada,13:00,,,,https://multiplex.com.ar/peliculas/masha-y-los-osos/
CABA,Multiplex,Multiplex Lavalle,"Lavalle 780, CABA",Masha Y Los Osos,2D Doblada,14:40,,,,https://multiplex.com.ar/peliculas/masha-y-los-osos/
CABA,Multiplex,Multiplex Lavalle,"Lavalle 780, CABA",Pepita la Pistolera,2D Doblada,13:00,,,,https://multiplex.com.ar/peliculas/pepita-la-pistolera/
CABA,Multiplex,Multiplex Lavalle,"Lavalle 780, CABA",Pepita la Pistolera,2D Doblada,15:00,,,,https://multiplex.com.ar/peliculas/pepita-la-pistolera/
CABA,Multiplex,Multiplex Lavalle,"Lavalle 780, CABA",Pepita la Pistolera,2D Doblada,20:05,,,,https://multiplex.com.ar/peliculas/pepita-la-pistolera/
CABA,Multiplex,Multiplex Lavalle,"Lavalle 780, CABA",Pepita la Pistolera,2D Doblada,22:20,,,,https://multiplex.com.ar/peliculas/pepita-la-pistolera/
CABA,Multiplex,Multiplex Lavalle,"Lavalle 780, CABA",Spider-Man: Un nuevo día,2D Doblada,13:05,,,,https://multiplex.com.ar/peliculas/spider-man-un-dia-nuevo/
CABA,Multiplex,Multiplex Lavalle,"Lavalle 780, CABA",Spider-Man: Un nuevo día,4D (3D) Doblada,13:45,,,,https://multiplex.com.ar/peliculas/spider-man-un-dia-nuevo/
CABA,Multiplex,Multiplex Lavalle,"Lavalle 780, CABA",Spider-Man: Un nuevo día,3D Doblada,15:00,,,,https://multiplex.com.ar/peliculas/spider-man-un-dia-nuevo/
CABA,Multiplex,Multiplex Lavalle,"Lavalle 780, CABA",Spider-Man: Un nuevo día,4D (3D) Doblada,16:30,,,,https://multiplex.com.ar/peliculas/spider-man-un-dia-nuevo/
CABA,Multiplex,Multiplex Lavalle,"Lavalle 780, CABA",Spider-Man: Un nuevo día,2D Doblada,17:55,,,,https://multiplex.com.ar/peliculas/spider-man-un-dia-nuevo/
CABA,Multiplex,Multiplex Lavalle,"Lavalle 780, CABA",Spider-Man: Un nuevo día,4D (3D) Doblada,19:15,,,,https://multiplex.com.ar/peliculas/spider-man-un-dia-nuevo/
CABA,Multiplex,Multiplex Lavalle,"Lavalle 780, CABA",Spider-Man: Un nuevo día,3D Doblada,19:50,,,,https://multiplex.com.ar/peliculas/spider-man-un-dia-nuevo/
CABA,Multiplex,Multiplex Lavalle,"Lavalle 780, CABA",Spider-Man: Un nuevo día,4D (3D) Doblada,22:00,,,,https://multiplex.com.ar/peliculas/spider-man-un-dia-nuevo/
CABA,Multiplex,Multiplex Lavalle,"Lavalle 780, CABA",Spider-Man: Un nuevo día,3D Doblada,22:35,,,,https://multiplex.com.ar/peliculas/spider-man-un-dia-nuevo/
CABA,Multiplex,Multiplex Lavalle,"Lavalle 780, CABA",Terminator 2: El juicio final,2D Doblada,22:30,,,,https://multiplex.com.ar/peliculas/terminator-2-el-juicio-final/
CABA,Multiplex,Multiplex Lavalle,"Lavalle 780, CABA",Toy Story 5,3D Doblada,13:00,,,,https://multiplex.com.ar/peliculas/toy-story-5/
CABA,Multiplex,Multiplex Lavalle,"Lavalle 780, CABA",Toy Story 5,3D Doblada,17:45,,,,https://multiplex.com.ar/peliculas/toy-story-5/
CABA,Multiplex,Multiplex Lavalle,"Lavalle 780, CABA",Yo Narciso,2D Doblada,16:20,,,,https://multiplex.com.ar/peliculas/yo-narciso/
CABA,Multiplex,Multiplex Lavalle,"Lavalle 780, CABA",Yo Narciso,2D Doblada,18:15,,,,https://multiplex.com.ar/peliculas/yo-narciso/
CABA,Multiplex,Multiplex Lavalle,"Lavalle 780, CABA",Yo Narciso,2D Doblada,20:10,,,,https://multiplex.com.ar/peliculas/yo-narciso/
GBA Oeste,Cinépolis,Cinépolis Luján,"Av. Constitución 1000, Luján",Afterburn (Zona cero),2D Doblada,20:10,,,,https://cartelera.ar/pelicula/afterburn-zona-cero
GBA Oeste,Cinépolis,Cinépolis Luján,"Av. Constitución 1000, Luján",Afterburn (Zona cero),2D Doblada,22:50,,,,https://cartelera.ar/pelicula/afterburn-zona-cero
GBA Oeste,Cinépolis,Cinépolis Luján,"Av. Constitución 1000, Luján",La Odisea,2D Doblada,18:30,,,,https://cartelera.ar/pelicula/la-odisea
GBA Oeste,Cinépolis,Cinépolis Luján,"Av. Constitución 1000, Luján",Spider-Man: Un nuevo día,2D Doblada,13:00,,,,https://cartelera.ar/pelicula/spider-man-un-nuevo-dia
GBA Oeste,Cinépolis,Cinépolis Luján,"Av. Constitución 1000, Luján",Spider-Man: Un nuevo día,2D Doblada,16:00,,,,https://cartelera.ar/pelicula/spider-man-un-nuevo-dia
GBA Oeste,Cinépolis,Cinépolis Luján,"Av. Constitución 1000, Luján",Spider-Man: Un nuevo día,2D Doblada,19:20,,,,https://cartelera.ar/pelicula/spider-man-un-nuevo-dia
GBA Oeste,Cinépolis,Cinépolis Luján,"Av. Constitución 1000, Luján",Spider-Man: Un nuevo día,2D Doblada,22:30,,,,https://cartelera.ar/pelicula/spider-man-un-nuevo-dia
GBA Oeste,Cinépolis,Cinépolis Luján,"Av. Constitución 1000, Luján",Toy Story 5,2D Doblada,13:10,,,,https://cartelera.ar/pelicula/toy-story-5
GBA Oeste,Cinépolis,Cinépolis Luján,"Av. Constitución 1000, Luján",Minions & monstruos,2D Doblada,15:30,,,,https://cartelera.ar/pelicula/minions-monstruos
GBA Oeste,Cinépolis,Cinépolis Luján,"Av. Constitución 1000, Luján",PAW Patrol: La Dino Película,2D Doblada,13:50,,,,https://cartelera.ar/pelicula/paw-patrol-la-dino-pelicula
GBA Oeste,Cinépolis,Cinépolis Luján,"Av. Constitución 1000, Luján",La noche del demonio: Están entre nosotros,2D Doblada,16:00,,,,https://cartelera.ar/pelicula/la-noche-del-demonio-estan-entre-nosotros
GBA Oeste,Cinépolis,Cinépolis Luján,"Av. Constitución 1000, Luján",La noche del demonio: Están entre nosotros,2D Doblada,20:40,,,,https://cartelera.ar/pelicula/la-noche-del-demonio-estan-entre-nosotros
GBA Oeste,Cinépolis,Cinépolis Luján,"Av. Constitución 1000, Luján",La noche del demonio: Están entre nosotros,2D Doblada,23:00,,,,https://cartelera.ar/pelicula/la-noche-del-demonio-estan-entre-nosotros
GBA Oeste,Cinépolis,Cinépolis Luján,"Av. Constitución 1000, Luján",Pepita la Pistolera,2D Doblada,13:40,,,,https://cartelera.ar/pelicula/pepita-la-pistolera
GBA Oeste,Cinépolis,Cinépolis Luján,"Av. Constitución 1000, Luján",Pepita la Pistolera,2D Doblada,16:00,,,,https://cartelera.ar/pelicula/pepita-la-pistolera
GBA Oeste,Cinépolis,Cinépolis Luján,"Av. Constitución 1000, Luján",Pepita la Pistolera,2D Doblada,18:20,,,,https://cartelera.ar/pelicula/pepita-la-pistolera
GBA Oeste,Cinépolis,Cinépolis Luján,"Av. Constitución 1000, Luján",Pepita la Pistolera,2D Doblada,20:30,,,,https://cartelera.ar/pelicula/pepita-la-pistolera
GBA Oeste,Cinépolis,Cinépolis Luján,"Av. Constitución 1000, Luján",Pepita la Pistolera,2D Doblada,22:40,,,,https://cartelera.ar/pelicula/pepita-la-pistolera
GBA Oeste,Cinépolis,Cinépolis Luján,"Av. Constitución 1000, Luján",Terminator 2: El juicio final,2D Subtitulada,22:00,,,,https://cartelera.ar/pelicula/terminator-2-el-juicio-final
GBA Oeste,Cinépolis,Cinépolis Luján,"Av. Constitución 1000, Luján",La constelación del perro,2D Doblada,17:40,,,,https://cartelera.ar/pelicula/la-constelacion-del-perro
GBA Oeste,Cinépolis,Cinépolis Luján,"Av. Constitución 1000, Luján",Coyote vs. Acme,2D Doblada,13:20,,,,https://cartelera.ar/pelicula/coyote-vs-acme
GBA Oeste,Cinépolis,Cinépolis Luján,"Av. Constitución 1000, Luján",Coyote vs. Acme,2D Doblada,15:50,,,,https://cartelera.ar/pelicula/coyote-vs-acme
GBA Oeste,Cinépolis,Cinépolis Luján,"Av. Constitución 1000, Luján",Coyote vs. Acme,2D Doblada,18:10,,,,https://cartelera.ar/pelicula/coyote-vs-acme
GBA Oeste,Cinépolis,Cinépolis Luján,"Av. Constitución 1000, Luján",Yo Narciso,2D Doblada,13:10,,,,
GBA Oeste,Cinépolis,Cinépolis Luján,"Av. Constitución 1000, Luján",Yo Narciso,2D Doblada,15:20,,,,
GBA Oeste,Cinépolis,Cinépolis Luján,"Av. Constitución 1000, Luján",Yo Narciso,2D Doblada,17:30,,,,
GBA Oeste,Cinépolis,Cinépolis Luján,"Av. Constitución 1000, Luján",Yo Narciso,2D Doblada,19:40,,,,
GBA Oeste,Cinépolis,Cinépolis Luján,"Av. Constitución 1000, Luján",Yo Narciso,2D Doblada,21:50,,,,
CABA,Cinépolis,Cinépolis Houssay,"Av. Corrientes 917, Buenos Aires",Afterburn (Zona cero),2D Subtitulada,20:15,,,,https://cartelera.ar/pelicula/afterburn-zona-cero
CABA,Cinépolis,Cinépolis Houssay,"Av. Corrientes 917, Buenos Aires",La Odisea,2D Subtitulada,18:45,,,,https://cartelera.ar/pelicula/la-odisea
CABA,Cinépolis,Cinépolis Houssay,"Av. Corrientes 917, Buenos Aires",La Odisea,2D Subtitulada,22:15,,,,https://cartelera.ar/pelicula/la-odisea
CABA,Cinépolis,Cinépolis Houssay,"Av. Corrientes 917, Buenos Aires",Spider-Man: Un nuevo día,2D Subtitulada,19:00,,,,https://cartelera.ar/pelicula/spider-man-un-nuevo-dia
CABA,Cinépolis,Cinépolis Houssay,"Av. Corrientes 917, Buenos Aires",Una quinta en Portugal,2D Doblada,16:30,,,,https://cartelera.ar/pelicula/una-quinta-en-portugal
CABA,Cinépolis,Cinépolis Houssay,"Av. Corrientes 917, Buenos Aires",PAW Patrol: La Dino Película,2D Doblada,14:00,,,,https://cartelera.ar/pelicula/paw-patrol-la-dino-pelicula
CABA,Cinépolis,Cinépolis Houssay,"Av. Corrientes 917, Buenos Aires",Terminator 2: El juicio final,2D Subtitulada,22:00,,,,https://cartelera.ar/pelicula/terminator-2-el-juicio-final
CABA,Cinépolis,Cinépolis Houssay,"Av. Corrientes 917, Buenos Aires",La constelación del perro,2D Subtitulada,23:00,,,,https://cartelera.ar/pelicula/la-constelacion-del-perro
CABA,Cinépolis,Cinépolis Houssay,"Av. Corrientes 917, Buenos Aires",Coyote vs. Acme,2D Doblada,13:15,,,,https://cartelera.ar/pelicula/coyote-vs-acme
CABA,Cinépolis,Cinépolis Houssay,"Av. Corrientes 917, Buenos Aires",Coyote vs. Acme,2D Doblada,15:30,,,,https://cartelera.ar/pelicula/coyote-vs-acme
CABA,Cinépolis,Cinépolis Houssay,"Av. Corrientes 917, Buenos Aires",Coyote vs. Acme,2D Doblada,16:15,,,,https://cartelera.ar/pelicula/coyote-vs-acme
CABA,Cinépolis,Cinépolis Houssay,"Av. Corrientes 917, Buenos Aires",Coyote vs. Acme,2D Subtitulada,17:45,,,,https://cartelera.ar/pelicula/coyote-vs-acme
CABA,Cinépolis,Cinépolis Houssay,"Av. Corrientes 917, Buenos Aires",Yo Narciso,2D Doblada,14:15,,,,
GBA Oeste,Showcase,Showcase Haedo,"Av. Rivadavia 16.200, Shopping Haedo",Afterburn (Zona cero),2D Doblada,14:15,,,,https://cartelera.ar/pelicula/afterburn-zona-cero
GBA Oeste,Showcase,Showcase Haedo,"Av. Rivadavia 16.200, Shopping Haedo",Afterburn (Zona cero),2D Subtitulada,17:05,,,,https://cartelera.ar/pelicula/afterburn-zona-cero
GBA Oeste,Showcase,Showcase Haedo,"Av. Rivadavia 16.200, Shopping Haedo",Afterburn (Zona cero),2D Doblada,19:50,,,,https://cartelera.ar/pelicula/afterburn-zona-cero
GBA Oeste,Showcase,Showcase Haedo,"Av. Rivadavia 16.200, Shopping Haedo",Afterburn (Zona cero),2D Subtitulada,22:30,,,,https://cartelera.ar/pelicula/afterburn-zona-cero
GBA Oeste,Showcase,Showcase Haedo,"Av. Rivadavia 16.200, Shopping Haedo",La Odisea,2D Doblada,15:05,,,,https://cartelera.ar/pelicula/la-odisea
GBA Oeste,Showcase,Showcase Haedo,"Av. Rivadavia 16.200, Shopping Haedo",La Odisea,2D Subtitulada,15:35,,,,https://cartelera.ar/pelicula/la-odisea
GBA Oeste,Showcase,Showcase Haedo,"Av. Rivadavia 16.200, Shopping Haedo",La Odisea,2D Doblada,18:35,,,,https://cartelera.ar/pelicula/la-odisea
GBA Oeste,Showcase,Showcase Haedo,"Av. Rivadavia 16.200, Shopping Haedo",La Odisea,2D Subtitulada,19:05,,,,https://cartelera.ar/pelicula/la-odisea
GBA Oeste,Showcase,Showcase Haedo,"Av. Rivadavia 16.200, Shopping Haedo",La Odisea,2D Doblada,22:05,,,,https://cartelera.ar/pelicula/la-odisea
GBA Oeste,Showcase,Showcase Haedo,"Av. Rivadavia 16.200, Shopping Haedo",La Odisea,2D Subtitulada,22:35,,,,https://cartelera.ar/pelicula/la-odisea
GBA Oeste,Showcase,Showcase Haedo,"Av. Rivadavia 16.200, Shopping Haedo",Spider-Man: Un nuevo día,2D Doblada,13:20,,,,https://cartelera.ar/pelicula/spider-man-un-nuevo-dia
GBA Oeste,Showcase,Showcase Haedo,"Av. Rivadavia 16.200, Shopping Haedo",Spider-Man: Un nuevo día,3D Doblada,13:40,,,,https://cartelera.ar/pelicula/spider-man-un-nuevo-dia
GBA Oeste,Showcase,Showcase Haedo,"Av. Rivadavia 16.200, Shopping Haedo",Spider-Man: Un nuevo día,2D Doblada,16:00,,,,https://cartelera.ar/pelicula/spider-man-un-nuevo-dia
GBA Oeste,Showcase,Showcase Haedo,"Av. Rivadavia 16.200, Shopping Haedo",Spider-Man: Un nuevo día,2D Subtitulada,16:20,,,,https://cartelera.ar/pelicula/spider-man-un-nuevo-dia
GBA Oeste,Showcase,Showcase Haedo,"Av. Rivadavia 16.200, Shopping Haedo",Spider-Man: Un nuevo día,3D Doblada,16:40,,,,https://cartelera.ar/pelicula/spider-man-un-nuevo-dia
GBA Oeste,Showcase,Showcase Haedo,"Av. Rivadavia 16.200, Shopping Haedo",Spider-Man: Un nuevo día,2D Doblada,19:00,,,,https://cartelera.ar/pelicula/spider-man-un-nuevo-dia
GBA Oeste,Showcase,Showcase Haedo,"Av. Rivadavia 16.200, Shopping Haedo",Spider-Man: Un nuevo día,2D Subtitulada,19:20,,,,https://cartelera.ar/pelicula/spider-man-un-nuevo-dia
GBA Oeste,Showcase,Showcase Haedo,"Av. Rivadavia 16.200, Shopping Haedo",Spider-Man: Un nuevo día,3D Doblada,19:40,,,,https://cartelera.ar/pelicula/spider-man-un-nuevo-dia
GBA Oeste,Showcase,Showcase Haedo,"Av. Rivadavia 16.200, Shopping Haedo",Spider-Man: Un nuevo día,2D Doblada,21:40,,,,https://cartelera.ar/pelicula/spider-man-un-nuevo-dia
GBA Oeste,Showcase,Showcase Haedo,"Av. Rivadavia 16.200, Shopping Haedo",Spider-Man: Un nuevo día,3D Doblada,22:00,,,,https://cartelera.ar/pelicula/spider-man-un-nuevo-dia
GBA Oeste,Showcase,Showcase Haedo,"Av. Rivadavia 16.200, Shopping Haedo",Spider-Man: Un nuevo día,2D Subtitulada,22:20,,,,https://cartelera.ar/pelicula/spider-man-un-nuevo-dia
GBA Oeste,Showcase,Showcase Haedo,"Av. Rivadavia 16.200, Shopping Haedo",Toy Story 5,2D Doblada,14:40,,,,https://cartelera.ar/pelicula/toy-story-5
GBA Oeste,Showcase,Showcase Haedo,"Av. Rivadavia 16.200, Shopping Haedo",Toy Story 5,2D Doblada,17:00,,,,https://cartelera.ar/pelicula/toy-story-5
GBA Oeste,Showcase,Showcase Haedo,"Av. Rivadavia 16.200, Shopping Haedo",Minions & monstruos,2D Doblada,14:10,,,,https://cartelera.ar/pelicula/minions-monstruos
GBA Oeste,Showcase,Showcase Haedo,"Av. Rivadavia 16.200, Shopping Haedo",El Final de la Calle Oak,2D Doblada,19:55,,,,https://cartelera.ar/pelicula/el-final-de-la-calle-oak
GBA Oeste,Showcase,Showcase Haedo,"Av. Rivadavia 16.200, Shopping Haedo",El Final de la Calle Oak,2D Doblada,22:20,,,,https://cartelera.ar/pelicula/el-final-de-la-calle-oak
GBA Oeste,Showcase,Showcase Haedo,"Av. Rivadavia 16.200, Shopping Haedo",PAW Patrol: La Dino Película,2D Doblada,13:55,,,,https://cartelera.ar/pelicula/paw-patrol-la-dino-pelicula
GBA Oeste,Showcase,Showcase Haedo,"Av. Rivadavia 16.200, Shopping Haedo",La noche del demonio: Están entre nosotros,2D Doblada,15:10,,,,https://cartelera.ar/pelicula/la-noche-del-demonio-estan-entre-nosotros
GBA Oeste,Showcase,Showcase Haedo,"Av. Rivadavia 16.200, Shopping Haedo",La noche del demonio: Están entre nosotros,2D Doblada,17:35,,,,https://cartelera.ar/pelicula/la-noche-del-demonio-estan-entre-nosotros
GBA Oeste,Showcase,Showcase Haedo,"Av. Rivadavia 16.200, Shopping Haedo",La noche del demonio: Están entre nosotros,2D Doblada,20:00,,,,https://cartelera.ar/pelicula/la-noche-del-demonio-estan-entre-nosotros
GBA Oeste,Showcase,Showcase Haedo,"Av. Rivadavia 16.200, Shopping Haedo",La noche del demonio: Están entre nosotros,2D Doblada,22:25,,,,https://cartelera.ar/pelicula/la-noche-del-demonio-estan-entre-nosotros
GBA Oeste,Showcase,Showcase Haedo,"Av. Rivadavia 16.200, Shopping Haedo",Solo por una noche,2D Subtitulada,19:30,,,,https://cartelera.ar/pelicula/solo-por-una-noche
GBA Oeste,Showcase,Showcase Haedo,"Av. Rivadavia 16.200, Shopping Haedo",Pepita la Pistolera,2D Doblada,14:55,,,,https://cartelera.ar/pelicula/pepita-la-pistolera
GBA Oeste,Showcase,Showcase Haedo,"Av. Rivadavia 16.200, Shopping Haedo",Pepita la Pistolera,2D Doblada,17:20,,,,https://cartelera.ar/pelicula/pepita-la-pistolera
GBA Oeste,Showcase,Showcase Haedo,"Av. Rivadavia 16.200, Shopping Haedo",Pepita la Pistolera,2D Doblada,19:45,,,,https://cartelera.ar/pelicula/pepita-la-pistolera
GBA Oeste,Showcase,Showcase Haedo,"Av. Rivadavia 16.200, Shopping Haedo",Pepita la Pistolera,2D Doblada,22:15,,,,https://cartelera.ar/pelicula/pepita-la-pistolera
GBA Oeste,Showcase,Showcase Haedo,"Av. Rivadavia 16.200, Shopping Haedo",Pepita la Pistolera,2D Doblada,22:40,,,,https://cartelera.ar/pelicula/pepita-la-pistolera
GBA Oeste,Showcase,Showcase Haedo,"Av. Rivadavia 16.200, Shopping Haedo",Terminator 2: El juicio final,2D Doblada,16:35,,,,https://cartelera.ar/pelicula/terminator-2-el-juicio-final
GBA Oeste,Showcase,Showcase Haedo,"Av. Rivadavia 16.200, Shopping Haedo",Terminator 2: El juicio final,2D Subtitulada,19:25,,,,https://cartelera.ar/pelicula/terminator-2-el-juicio-final
GBA Oeste,Showcase,Showcase Haedo,"Av. Rivadavia 16.200, Shopping Haedo",Terminator 2: El juicio final,2D Doblada,22:10,,,,https://cartelera.ar/pelicula/terminator-2-el-juicio-final
GBA Oeste,Showcase,Showcase Haedo,"Av. Rivadavia 16.200, Shopping Haedo",La constelación del perro,2D Doblada,16:50,,,,https://cartelera.ar/pelicula/la-constelacion-del-perro
GBA Oeste,Showcase,Showcase Haedo,"Av. Rivadavia 16.200, Shopping Haedo",La constelación del perro,2D Subtitulada,19:25,,,,https://cartelera.ar/pelicula/la-constelacion-del-perro
GBA Oeste,Showcase,Showcase Haedo,"Av. Rivadavia 16.200, Shopping Haedo",La constelación del perro,2D Doblada,22:05,,,,https://cartelera.ar/pelicula/la-constelacion-del-perro
GBA Oeste,Showcase,Showcase Haedo,"Av. Rivadavia 16.200, Shopping Haedo",Coyote vs. Acme,2D Doblada,14:20,,,,https://cartelera.ar/pelicula/coyote-vs-acme
GBA Oeste,Showcase,Showcase Haedo,"Av. Rivadavia 16.200, Shopping Haedo",Coyote vs. Acme,2D Doblada,16:45,,,,https://cartelera.ar/pelicula/coyote-vs-acme
GBA Oeste,Showcase,Showcase Haedo,"Av. Rivadavia 16.200, Shopping Haedo",Coyote vs. Acme,2D Doblada,19:10,,,,https://cartelera.ar/pelicula/coyote-vs-acme
GBA Oeste,Showcase,Showcase Haedo,"Av. Rivadavia 16.200, Shopping Haedo",Yo Narciso,2D Doblada,15:00,,,,
GBA Oeste,Showcase,Showcase Haedo,"Av. Rivadavia 16.200, Shopping Haedo",Yo Narciso,2D Doblada,17:15,,,,
GBA Oeste,Showcase,Showcase Haedo,"Av. Rivadavia 16.200, Shopping Haedo",Yo Narciso,2D Doblada,19:35,,,,
GBA Oeste,Showcase,Showcase Haedo,"Av. Rivadavia 16.200, Shopping Haedo",Yo Narciso,2D Doblada,21:55,,,,
GBA Oeste,Showcase,Showcase Haedo,"Av. Rivadavia 16.200, Shopping Haedo",Masha Y Los Osos,2D Doblada,14:05,,,,
GBA Oeste,Showcase,Showcase Haedo,"Av. Rivadavia 16.200, Shopping Haedo",Masha Y Los Osos,2D Doblada,16:05,,,,
GBA Oeste,Showcase,Showcase Haedo,"Av. Rivadavia 16.200, Shopping Haedo",Masha Y Los Osos,2D Doblada,18:00,,,,
GBA Oeste,Showcase,Showcase Haedo,"Av. Rivadavia 16.200, Shopping Haedo",La raíz del mal ,2D Doblada,14:25,,,,
GBA Oeste,Showcase,Showcase Haedo,"Av. Rivadavia 16.200, Shopping Haedo",La raíz del mal ,2D Doblada,21:50,,,,
GBA Norte,Showcase,Showcase Norte (Norcenter),"Colectora Panamericana 3750, Norcenter",Afterburn (Zona cero),2D Subtitulada,14:05,,,,https://cartelera.ar/pelicula/afterburn-zona-cero
GBA Norte,Showcase,Showcase Norte (Norcenter),"Colectora Panamericana 3750, Norcenter",Afterburn (Zona cero),2D Doblada,16:45,,,,https://cartelera.ar/pelicula/afterburn-zona-cero
GBA Norte,Showcase,Showcase Norte (Norcenter),"Colectora Panamericana 3750, Norcenter",Afterburn (Zona cero),2D Subtitulada,19:25,,,,https://cartelera.ar/pelicula/afterburn-zona-cero
GBA Norte,Showcase,Showcase Norte (Norcenter),"Colectora Panamericana 3750, Norcenter",Afterburn (Zona cero),2D Subtitulada,22:15,,,,https://cartelera.ar/pelicula/afterburn-zona-cero
GBA Norte,Showcase,Showcase Norte (Norcenter),"Colectora Panamericana 3750, Norcenter",La Negociación (The Negotiation),2D Subtitulada,14:15,,,,https://cartelera.ar/pelicula/la-negociacion-the-negotiation
GBA Norte,Showcase,Showcase Norte (Norcenter),"Colectora Panamericana 3750, Norcenter",La Negociación (The Negotiation),2D Subtitulada,21:45,,,,https://cartelera.ar/pelicula/la-negociacion-the-negotiation
GBA Norte,Showcase,Showcase Norte (Norcenter),"Colectora Panamericana 3750, Norcenter",La invitación,2D Subtitulada,14:30,,,,https://cartelera.ar/pelicula/la-invitacion
GBA Norte,Showcase,Showcase Norte (Norcenter),"Colectora Panamericana 3750, Norcenter",La invitación,2D Subtitulada,16:55,,,,https://cartelera.ar/pelicula/la-invitacion
GBA Norte,Showcase,Showcase Norte (Norcenter),"Colectora Panamericana 3750, Norcenter",La invitación,2D Subtitulada,19:25,,,,https://cartelera.ar/pelicula/la-invitacion
GBA Norte,Showcase,Showcase Norte (Norcenter),"Colectora Panamericana 3750, Norcenter",La invitación,2D Subtitulada,21:55,,,,https://cartelera.ar/pelicula/la-invitacion
GBA Norte,Showcase,Showcase Norte (Norcenter),"Colectora Panamericana 3750, Norcenter",La Odisea,2D Subtitulada,15:10,,,,https://cartelera.ar/pelicula/la-odisea
GBA Norte,Showcase,Showcase Norte (Norcenter),"Colectora Panamericana 3750, Norcenter",La Odisea,2D Subtitulada,15:35,,,,https://cartelera.ar/pelicula/la-odisea
GBA Norte,Showcase,Showcase Norte (Norcenter),"Colectora Panamericana 3750, Norcenter",La Odisea,2D Subtitulada,18:40,,,,https://cartelera.ar/pelicula/la-odisea
GBA Norte,Showcase,Showcase Norte (Norcenter),"Colectora Panamericana 3750, Norcenter",La Odisea,2D Subtitulada,19:05,,,,https://cartelera.ar/pelicula/la-odisea
GBA Norte,Showcase,Showcase Norte (Norcenter),"Colectora Panamericana 3750, Norcenter",La Odisea,2D Subtitulada,21:35,,,,https://cartelera.ar/pelicula/la-odisea
GBA Norte,Showcase,Showcase Norte (Norcenter),"Colectora Panamericana 3750, Norcenter",La Odisea,2D Subtitulada,22:10,,,,https://cartelera.ar/pelicula/la-odisea
GBA Norte,Showcase,Showcase Norte (Norcenter),"Colectora Panamericana 3750, Norcenter",Spider-Man: Un nuevo día,2D Doblada,13:20,,,,https://cartelera.ar/pelicula/spider-man-un-nuevo-dia
GBA Norte,Showcase,Showcase Norte (Norcenter),"Colectora Panamericana 3750, Norcenter",Spider-Man: Un nuevo día,2D Subtitulada,13:40,,,,https://cartelera.ar/pelicula/spider-man-un-nuevo-dia
GBA Norte,Showcase,Showcase Norte (Norcenter),"Colectora Panamericana 3750, Norcenter",Spider-Man: Un nuevo día,2D Doblada,16:00,,,,https://cartelera.ar/pelicula/spider-man-un-nuevo-dia
GBA Norte,Showcase,Showcase Norte (Norcenter),"Colectora Panamericana 3750, Norcenter",Spider-Man: Un nuevo día,3D Doblada,16:20,,,,https://cartelera.ar/pelicula/spider-man-un-nuevo-dia
GBA Norte,Showcase,Showcase Norte (Norcenter),"Colectora Panamericana 3750, Norcenter",Spider-Man: Un nuevo día,2D Subtitulada,16:40,,,,https://cartelera.ar/pelicula/spider-man-un-nuevo-dia
GBA Norte,Showcase,Showcase Norte (Norcenter),"Colectora Panamericana 3750, Norcenter",Spider-Man: Un nuevo día,2D Doblada,19:00,,,,https://cartelera.ar/pelicula/spider-man-un-nuevo-dia
GBA Norte,Showcase,Showcase Norte (Norcenter),"Colectora Panamericana 3750, Norcenter",Spider-Man: Un nuevo día,3D Doblada,19:20,,,,https://cartelera.ar/pelicula/spider-man-un-nuevo-dia
GBA Norte,Showcase,Showcase Norte (Norcenter),"Colectora Panamericana 3750, Norcenter",Spider-Man: Un nuevo día,2D Subtitulada,19:40,,,,https://cartelera.ar/pelicula/spider-man-un-nuevo-dia
GBA Norte,Showcase,Showcase Norte (Norcenter),"Colectora Panamericana 3750, Norcenter",Spider-Man: Un nuevo día,2D Doblada,22:00,,,,https://cartelera.ar/pelicula/spider-man-un-nuevo-dia
GBA Norte,Showcase,Showcase Norte (Norcenter),"Colectora Panamericana 3750, Norcenter",Spider-Man: Un nuevo día,3D Doblada,22:20,,,,https://cartelera.ar/pelicula/spider-man-un-nuevo-dia
GBA Norte,Showcase,Showcase Norte (Norcenter),"Colectora Panamericana 3750, Norcenter",Spider-Man: Un nuevo día,2D Subtitulada,22:40,,,,https://cartelera.ar/pelicula/spider-man-un-nuevo-dia
GBA Norte,Showcase,Showcase Norte (Norcenter),"Colectora Panamericana 3750, Norcenter",Toy Story 5,2D Doblada,14:20,,,,https://cartelera.ar/pelicula/toy-story-5
GBA Norte,Showcase,Showcase Norte (Norcenter),"Colectora Panamericana 3750, Norcenter",Toy Story 5,2D Doblada,16:50,,,,https://cartelera.ar/pelicula/toy-story-5
GBA Norte,Showcase,Showcase Norte (Norcenter),"Colectora Panamericana 3750, Norcenter",Minions & monstruos,2D Doblada,14:40,,,,https://cartelera.ar/pelicula/minions-monstruos
GBA Norte,Showcase,Showcase Norte (Norcenter),"Colectora Panamericana 3750, Norcenter",Una quinta en Portugal,2D Doblada,16:35,,,,https://cartelera.ar/pelicula/una-quinta-en-portugal
GBA Norte,Showcase,Showcase Norte (Norcenter),"Colectora Panamericana 3750, Norcenter",Una quinta en Portugal,2D Doblada,19:10,,,,https://cartelera.ar/pelicula/una-quinta-en-portugal
GBA Norte,Showcase,Showcase Norte (Norcenter),"Colectora Panamericana 3750, Norcenter",El Final de la Calle Oak,2D Doblada,17:30,,,,https://cartelera.ar/pelicula/el-final-de-la-calle-oak
GBA Norte,Showcase,Showcase Norte (Norcenter),"Colectora Panamericana 3750, Norcenter",El Final de la Calle Oak,2D Subtitulada,19:55,,,,https://cartelera.ar/pelicula/el-final-de-la-calle-oak
GBA Norte,Showcase,Showcase Norte (Norcenter),"Colectora Panamericana 3750, Norcenter",PAW Patrol: La Dino Película,2D Doblada,13:50,,,,https://cartelera.ar/pelicula/paw-patrol-la-dino-pelicula
GBA Norte,Showcase,Showcase Norte (Norcenter),"Colectora Panamericana 3750, Norcenter",PAW Patrol: La Dino Película,2D Doblada,15:45,,,,https://cartelera.ar/pelicula/paw-patrol-la-dino-pelicula
GBA Norte,Showcase,Showcase Norte (Norcenter),"Colectora Panamericana 3750, Norcenter",La noche del demonio: Están entre nosotros,2D Doblada,20:10,,,,https://cartelera.ar/pelicula/la-noche-del-demonio-estan-entre-nosotros
GBA Norte,Showcase,Showcase Norte (Norcenter),"Colectora Panamericana 3750, Norcenter",La noche del demonio: Están entre nosotros,2D Subtitulada,22:35,,,,https://cartelera.ar/pelicula/la-noche-del-demonio-estan-entre-nosotros
GBA Norte,Showcase,Showcase Norte (Norcenter),"Colectora Panamericana 3750, Norcenter",Solo por una noche,2D Subtitulada,22:30,,,,https://cartelera.ar/pelicula/solo-por-una-noche
GBA Norte,Showcase,Showcase Norte (Norcenter),"Colectora Panamericana 3750, Norcenter",Pepita la Pistolera,2D Doblada,14:35,,,,https://cartelera.ar/pelicula/pepita-la-pistolera
GBA Norte,Showcase,Showcase Norte (Norcenter),"Colectora Panamericana 3750, Norcenter",Pepita la Pistolera,2D Doblada,17:05,,,,https://cartelera.ar/pelicula/pepita-la-pistolera
GBA Norte,Showcase,Showcase Norte (Norcenter),"Colectora Panamericana 3750, Norcenter",Pepita la Pistolera,2D Doblada,19:30,,,,https://cartelera.ar/pelicula/pepita-la-pistolera
GBA Norte,Showcase,Showcase Norte (Norcenter),"Colectora Panamericana 3750, Norcenter",Pepita la Pistolera,2D Doblada,22:05,,,,https://cartelera.ar/pelicula/pepita-la-pistolera
GBA Norte,Showcase,Showcase Norte (Norcenter),"Colectora Panamericana 3750, Norcenter",Pepita la Pistolera,2D Doblada,22:35,,,,https://cartelera.ar/pelicula/pepita-la-pistolera
GBA Norte,Showcase,Showcase Norte (Norcenter),"Colectora Panamericana 3750, Norcenter",Terminator 2: El juicio final,2D Doblada,14:10,,,,https://cartelera.ar/pelicula/terminator-2-el-juicio-final
GBA Norte,Showcase,Showcase Norte (Norcenter),"Colectora Panamericana 3750, Norcenter",Terminator 2: El juicio final,2D Subtitulada,17:00,,,,https://cartelera.ar/pelicula/terminator-2-el-juicio-final
GBA Norte,Showcase,Showcase Norte (Norcenter),"Colectora Panamericana 3750, Norcenter",Terminator 2: El juicio final,2D Subtitulada,22:10,,,,https://cartelera.ar/pelicula/terminator-2-el-juicio-final
GBA Norte,Showcase,Showcase Norte (Norcenter),"Colectora Panamericana 3750, Norcenter",La constelación del perro,2D Subtitulada,19:45,,,,https://cartelera.ar/pelicula/la-constelacion-del-perro
GBA Norte,Showcase,Showcase Norte (Norcenter),"Colectora Panamericana 3750, Norcenter",La constelación del perro,2D Subtitulada,22:20,,,,https://cartelera.ar/pelicula/la-constelacion-del-perro
GBA Norte,Showcase,Showcase Norte (Norcenter),"Colectora Panamericana 3750, Norcenter",Moana,2D Doblada,17:00,,,,https://cartelera.ar/pelicula/moana
GBA Norte,Showcase,Showcase Norte (Norcenter),"Colectora Panamericana 3750, Norcenter",Coyote vs. Acme,2D Doblada,14:10,,,,https://cartelera.ar/pelicula/coyote-vs-acme
GBA Norte,Showcase,Showcase Norte (Norcenter),"Colectora Panamericana 3750, Norcenter",Coyote vs. Acme,2D Doblada,16:30,,,,https://cartelera.ar/pelicula/coyote-vs-acme
GBA Norte,Showcase,Showcase Norte (Norcenter),"Colectora Panamericana 3750, Norcenter",Coyote vs. Acme,2D Doblada,18:55,,,,https://cartelera.ar/pelicula/coyote-vs-acme
GBA Norte,Showcase,Showcase Norte (Norcenter),"Colectora Panamericana 3750, Norcenter",Yo Narciso,2D Doblada,15:15,,,,
GBA Norte,Showcase,Showcase Norte (Norcenter),"Colectora Panamericana 3750, Norcenter",Yo Narciso,2D Doblada,17:35,,,,
GBA Norte,Showcase,Showcase Norte (Norcenter),"Colectora Panamericana 3750, Norcenter",Yo Narciso,2D Doblada,19:35,,,,
GBA Norte,Showcase,Showcase Norte (Norcenter),"Colectora Panamericana 3750, Norcenter",Yo Narciso,2D Doblada,20:00,,,,
GBA Norte,Showcase,Showcase Norte (Norcenter),"Colectora Panamericana 3750, Norcenter",Yo Narciso,2D Doblada,21:50,,,,
GBA Norte,Showcase,Showcase Norte (Norcenter),"Colectora Panamericana 3750, Norcenter",Yo Narciso,2D Doblada,22:25,,,,
GBA Norte,Showcase,Showcase Norte (Norcenter),"Colectora Panamericana 3750, Norcenter",Esa cosa con alas,2D Subtitulada,15:00,,,,
GBA Norte,Showcase,Showcase Norte (Norcenter),"Colectora Panamericana 3750, Norcenter",Esa cosa con alas,2D Subtitulada,19:50,,,,
GBA Norte,Showcase,Showcase Norte (Norcenter),"Colectora Panamericana 3750, Norcenter",Masha Y Los Osos,2D Doblada,13:45,,,,
GBA Norte,Showcase,Showcase Norte (Norcenter),"Colectora Panamericana 3750, Norcenter",Masha Y Los Osos,2D Doblada,18:00,,,,
GBA Sur,Showcase,Showcase Quilmes,"Av. Calchaquí 3950, Quilmes Factory",Afterburn (Zona cero),2D Doblada,14:25,,,,https://cartelera.ar/pelicula/afterburn-zona-cero
GBA Sur,Showcase,Showcase Quilmes,"Av. Calchaquí 3950, Quilmes Factory",Afterburn (Zona cero),2D Subtitulada,17:00,,,,https://cartelera.ar/pelicula/afterburn-zona-cero
GBA Sur,Showcase,Showcase Quilmes,"Av. Calchaquí 3950, Quilmes Factory",Afterburn (Zona cero),2D Doblada,19:45,,,,https://cartelera.ar/pelicula/afterburn-zona-cero
GBA Sur,Showcase,Showcase Quilmes,"Av. Calchaquí 3950, Quilmes Factory",Afterburn (Zona cero),2D Subtitulada,22:20,,,,https://cartelera.ar/pelicula/afterburn-zona-cero
GBA Sur,Showcase,Showcase Quilmes,"Av. Calchaquí 3950, Quilmes Factory",La Odisea,2D Subtitulada,19:00,,,,https://cartelera.ar/pelicula/la-odisea
GBA Sur,Showcase,Showcase Quilmes,"Av. Calchaquí 3950, Quilmes Factory",La Odisea,2D Doblada,22:30,,,,https://cartelera.ar/pelicula/la-odisea
GBA Sur,Showcase,Showcase Quilmes,"Av. Calchaquí 3950, Quilmes Factory",Spider-Man: Un nuevo día,2D Doblada,13:25,,,,https://cartelera.ar/pelicula/spider-man-un-nuevo-dia
GBA Sur,Showcase,Showcase Quilmes,"Av. Calchaquí 3950, Quilmes Factory",Spider-Man: Un nuevo día,2D Doblada,16:05,,,,https://cartelera.ar/pelicula/spider-man-un-nuevo-dia
GBA Sur,Showcase,Showcase Quilmes,"Av. Calchaquí 3950, Quilmes Factory",Spider-Man: Un nuevo día,3D Doblada,16:25,,,,https://cartelera.ar/pelicula/spider-man-un-nuevo-dia
GBA Sur,Showcase,Showcase Quilmes,"Av. Calchaquí 3950, Quilmes Factory",Spider-Man: Un nuevo día,2D Doblada,19:05,,,,https://cartelera.ar/pelicula/spider-man-un-nuevo-dia
GBA Sur,Showcase,Showcase Quilmes,"Av. Calchaquí 3950, Quilmes Factory",Spider-Man: Un nuevo día,2D Subtitulada,19:25,,,,https://cartelera.ar/pelicula/spider-man-un-nuevo-dia
GBA Sur,Showcase,Showcase Quilmes,"Av. Calchaquí 3950, Quilmes Factory",Spider-Man: Un nuevo día,2D Doblada,22:05,,,,https://cartelera.ar/pelicula/spider-man-un-nuevo-dia
GBA Sur,Showcase,Showcase Quilmes,"Av. Calchaquí 3950, Quilmes Factory",Spider-Man: Un nuevo día,2D Subtitulada,22:25,,,,https://cartelera.ar/pelicula/spider-man-un-nuevo-dia
GBA Sur,Showcase,Showcase Quilmes,"Av. Calchaquí 3950, Quilmes Factory",PAW Patrol: La Dino Película,2D Doblada,14:05,,,,https://cartelera.ar/pelicula/paw-patrol-la-dino-pelicula
GBA Sur,Showcase,Showcase Quilmes,"Av. Calchaquí 3950, Quilmes Factory",La noche del demonio: Están entre nosotros,2D Doblada,14:20,,,,https://cartelera.ar/pelicula/la-noche-del-demonio-estan-entre-nosotros
GBA Sur,Showcase,Showcase Quilmes,"Av. Calchaquí 3950, Quilmes Factory",La noche del demonio: Están entre nosotros,2D Doblada,16:40,,,,https://cartelera.ar/pelicula/la-noche-del-demonio-estan-entre-nosotros
GBA Sur,Showcase,Showcase Quilmes,"Av. Calchaquí 3950, Quilmes Factory",La noche del demonio: Están entre nosotros,2D Doblada,20:15,,,,https://cartelera.ar/pelicula/la-noche-del-demonio-estan-entre-nosotros
GBA Sur,Showcase,Showcase Quilmes,"Av. Calchaquí 3950, Quilmes Factory",La noche del demonio: Están entre nosotros,2D Doblada,22:35,,,,https://cartelera.ar/pelicula/la-noche-del-demonio-estan-entre-nosotros
GBA Sur,Showcase,Showcase Quilmes,"Av. Calchaquí 3950, Quilmes Factory",Pepita la Pistolera,2D Doblada,15:00,,,,https://cartelera.ar/pelicula/pepita-la-pistolera
GBA Sur,Showcase,Showcase Quilmes,"Av. Calchaquí 3950, Quilmes Factory",Pepita la Pistolera,2D Doblada,17:20,,,,https://cartelera.ar/pelicula/pepita-la-pistolera
GBA Sur,Showcase,Showcase Quilmes,"Av. Calchaquí 3950, Quilmes Factory",Pepita la Pistolera,2D Doblada,19:40,,,,https://cartelera.ar/pelicula/pepita-la-pistolera
GBA Sur,Showcase,Showcase Quilmes,"Av. Calchaquí 3950, Quilmes Factory",Pepita la Pistolera,2D Doblada,22:00,,,,https://cartelera.ar/pelicula/pepita-la-pistolera
GBA Sur,Showcase,Showcase Quilmes,"Av. Calchaquí 3950, Quilmes Factory",Terminator 2: El juicio final,2D Doblada,19:30,,,,https://cartelera.ar/pelicula/terminator-2-el-juicio-final
GBA Sur,Showcase,Showcase Quilmes,"Av. Calchaquí 3950, Quilmes Factory",La constelación del perro,2D Subtitulada,22:15,,,,https://cartelera.ar/pelicula/la-constelacion-del-perro
GBA Sur,Showcase,Showcase Quilmes,"Av. Calchaquí 3950, Quilmes Factory",Coyote vs. Acme,2D Doblada,14:55,,,,https://cartelera.ar/pelicula/coyote-vs-acme
GBA Sur,Showcase,Showcase Quilmes,"Av. Calchaquí 3950, Quilmes Factory",Coyote vs. Acme,2D Doblada,17:15,,,,https://cartelera.ar/pelicula/coyote-vs-acme
GBA Sur,Showcase,Showcase Quilmes,"Av. Calchaquí 3950, Quilmes Factory",Coyote vs. Acme,2D Doblada,18:00,,,,https://cartelera.ar/pelicula/coyote-vs-acme
GBA Sur,Showcase,Showcase Quilmes,"Av. Calchaquí 3950, Quilmes Factory",Yo Narciso,2D Doblada,15:25,,,,
GBA Sur,Showcase,Showcase Quilmes,"Av. Calchaquí 3950, Quilmes Factory",Yo Narciso,2D Doblada,17:45,,,,
GBA Sur,Showcase,Showcase Quilmes,"Av. Calchaquí 3950, Quilmes Factory",Yo Narciso,2D Doblada,20:00,,,,
GBA Sur,Showcase,Showcase Quilmes,"Av. Calchaquí 3950, Quilmes Factory",Yo Narciso,2D Doblada,22:10,,,,
GBA Sur,Showcase,Showcase Quilmes,"Av. Calchaquí 3950, Quilmes Factory",Masha Y Los Osos,2D Doblada,14:10,,,,
GBA Sur,Showcase,Showcase Quilmes,"Av. Calchaquí 3950, Quilmes Factory",Masha Y Los Osos,2D Doblada,16:10,,,,
CABA,Showcase,Showcase Belgrano,"Monroe 1655, Belgrano",Afterburn (Zona cero),2D Subtitulada,14:10,,,,https://cartelera.ar/pelicula/afterburn-zona-cero
CABA,Showcase,Showcase Belgrano,"Monroe 1655, Belgrano",Afterburn (Zona cero),2D Subtitulada,16:50,,,,https://cartelera.ar/pelicula/afterburn-zona-cero
CABA,Showcase,Showcase Belgrano,"Monroe 1655, Belgrano",Afterburn (Zona cero),2D Subtitulada,19:35,,,,https://cartelera.ar/pelicula/afterburn-zona-cero
CABA,Showcase,Showcase Belgrano,"Monroe 1655, Belgrano",Afterburn (Zona cero),2D Subtitulada,22:25,,,,https://cartelera.ar/pelicula/afterburn-zona-cero
CABA,Showcase,Showcase Belgrano,"Monroe 1655, Belgrano",La Negociación (The Negotiation),2D Subtitulada,21:55,,,,https://cartelera.ar/pelicula/la-negociacion-the-negotiation
CABA,Showcase,Showcase Belgrano,"Monroe 1655, Belgrano",La invitación,2D Subtitulada,17:20,,,,https://cartelera.ar/pelicula/la-invitacion
CABA,Showcase,Showcase Belgrano,"Monroe 1655, Belgrano",La invitación,2D Subtitulada,19:55,,,,https://cartelera.ar/pelicula/la-invitacion
CABA,Showcase,Showcase Belgrano,"Monroe 1655, Belgrano",La invitación,2D Subtitulada,22:20,,,,https://cartelera.ar/pelicula/la-invitacion
CABA,Showcase,Showcase Belgrano,"Monroe 1655, Belgrano",La Odisea,2D Subtitulada,15:25,,,,https://cartelera.ar/pelicula/la-odisea
CABA,Showcase,Showcase Belgrano,"Monroe 1655, Belgrano",La Odisea,2D Subtitulada,18:30,,,,https://cartelera.ar/pelicula/la-odisea
CABA,Showcase,Showcase Belgrano,"Monroe 1655, Belgrano",La Odisea,2D Subtitulada,19:00,,,,https://cartelera.ar/pelicula/la-odisea
CABA,Showcase,Showcase Belgrano,"Monroe 1655, Belgrano",La Odisea,2D Subtitulada,22:00,,,,https://cartelera.ar/pelicula/la-odisea
CABA,Showcase,Showcase Belgrano,"Monroe 1655, Belgrano",Spider-Man: Un nuevo día,2D Doblada,13:40,,,,https://cartelera.ar/pelicula/spider-man-un-nuevo-dia
CABA,Showcase,Showcase Belgrano,"Monroe 1655, Belgrano",Spider-Man: Un nuevo día,2D Doblada,16:10,,,,https://cartelera.ar/pelicula/spider-man-un-nuevo-dia
CABA,Showcase,Showcase Belgrano,"Monroe 1655, Belgrano",Spider-Man: Un nuevo día,2D Subtitulada,16:40,,,,https://cartelera.ar/pelicula/spider-man-un-nuevo-dia
CABA,Showcase,Showcase Belgrano,"Monroe 1655, Belgrano",Spider-Man: Un nuevo día,2D Doblada,19:10,,,,https://cartelera.ar/pelicula/spider-man-un-nuevo-dia
CABA,Showcase,Showcase Belgrano,"Monroe 1655, Belgrano",Spider-Man: Un nuevo día,2D Subtitulada,19:40,,,,https://cartelera.ar/pelicula/spider-man-un-nuevo-dia
CABA,Showcase,Showcase Belgrano,"Monroe 1655, Belgrano",Spider-Man: Un nuevo día,2D Subtitulada,22:10,,,,https://cartelera.ar/pelicula/spider-man-un-nuevo-dia
CABA,Showcase,Showcase Belgrano,"Monroe 1655, Belgrano",Una quinta en Portugal,2D Doblada,14:15,,,,https://cartelera.ar/pelicula/una-quinta-en-portugal
CABA,Showcase,Showcase Belgrano,"Monroe 1655, Belgrano",Una quinta en Portugal,2D Doblada,19:20,,,,https://cartelera.ar/pelicula/una-quinta-en-portugal
CABA,Showcase,Showcase Belgrano,"Monroe 1655, Belgrano",El Final de la Calle Oak,2D Subtitulada,14:40,,,,https://cartelera.ar/pelicula/el-final-de-la-calle-oak
CABA,Showcase,Showcase Belgrano,"Monroe 1655, Belgrano",El Final de la Calle Oak,2D Subtitulada,22:40,,,,https://cartelera.ar/pelicula/el-final-de-la-calle-oak
CABA,Showcase,Showcase Belgrano,"Monroe 1655, Belgrano",PAW Patrol: La Dino Película,2D Doblada,14:00,,,,https://cartelera.ar/pelicula/paw-patrol-la-dino-pelicula
CABA,Showcase,Showcase Belgrano,"Monroe 1655, Belgrano",Pepita la Pistolera,2D Doblada,14:50,,,,https://cartelera.ar/pelicula/pepita-la-pistolera
CABA,Showcase,Showcase Belgrano,"Monroe 1655, Belgrano",Pepita la Pistolera,2D Doblada,17:15,,,,https://cartelera.ar/pelicula/pepita-la-pistolera
CABA,Showcase,Showcase Belgrano,"Monroe 1655, Belgrano",Pepita la Pistolera,2D Doblada,19:45,,,,https://cartelera.ar/pelicula/pepita-la-pistolera
CABA,Showcase,Showcase Belgrano,"Monroe 1655, Belgrano",Pepita la Pistolera,2D Doblada,22:05,,,,https://cartelera.ar/pelicula/pepita-la-pistolera
CABA,Showcase,Showcase Belgrano,"Monroe 1655, Belgrano",Terminator 2: El juicio final,2D Subtitulada,17:10,,,,https://cartelera.ar/pelicula/terminator-2-el-juicio-final
CABA,Showcase,Showcase Belgrano,"Monroe 1655, Belgrano",Terminator 2: El juicio final,2D Subtitulada,22:35,,,,https://cartelera.ar/pelicula/terminator-2-el-juicio-final
CABA,Showcase,Showcase Belgrano,"Monroe 1655, Belgrano",La constelación del perro,2D Subtitulada,16:45,,,,https://cartelera.ar/pelicula/la-constelacion-del-perro
CABA,Showcase,Showcase Belgrano,"Monroe 1655, Belgrano",La constelación del perro,2D Subtitulada,22:30,,,,https://cartelera.ar/pelicula/la-constelacion-del-perro
CABA,Showcase,Showcase Belgrano,"Monroe 1655, Belgrano",Coyote vs. Acme,2D Doblada,14:55,,,,https://cartelera.ar/pelicula/coyote-vs-acme
CABA,Showcase,Showcase Belgrano,"Monroe 1655, Belgrano",Coyote vs. Acme,2D Doblada,17:25,,,,https://cartelera.ar/pelicula/coyote-vs-acme
CABA,Showcase,Showcase Belgrano,"Monroe 1655, Belgrano",Coyote vs. Acme,2D Doblada,19:50,,,,https://cartelera.ar/pelicula/coyote-vs-acme
CABA,Showcase,Showcase Belgrano,"Monroe 1655, Belgrano",Yo Narciso,2D Doblada,20:00,,,,
CABA,Showcase,Showcase Belgrano,"Monroe 1655, Belgrano",Yo Narciso,2D Doblada,22:15,,,,
CABA,Showcase,Showcase Belgrano,"Monroe 1655, Belgrano",Esa cosa con alas,2D Subtitulada,15:00,,,,
CABA,Showcase,Showcase Belgrano,"Monroe 1655, Belgrano",Masha Y Los Osos,2D Doblada,14:30,,,,
CABA,Showcase,Showcase Belgrano,"Monroe 1655, Belgrano",Masha Y Los Osos,2D Doblada,16:30,,,,
CABA,Atlas Cines,Atlas Alcorta,"Jerónimo Salguero 3172, Alcorta Shopping",La invitación,2D Subtitulada,19:40,,,,https://cartelera.ar/pelicula/la-invitacion
CABA,Atlas Cines,Atlas Alcorta,"Jerónimo Salguero 3172, Alcorta Shopping",La invitación,2D Subtitulada,22:00,,,,https://cartelera.ar/pelicula/la-invitacion
CABA,Atlas Cines,Atlas Alcorta,"Jerónimo Salguero 3172, Alcorta Shopping",PAW Patrol: La Dino Película,2D Doblada,14:00,,,,https://cartelera.ar/pelicula/paw-patrol-la-dino-pelicula
CABA,Atlas Cines,Atlas Alcorta,"Jerónimo Salguero 3172, Alcorta Shopping",PAW Patrol: La Dino Película,2D Doblada,16:00,,,,https://cartelera.ar/pelicula/paw-patrol-la-dino-pelicula
CABA,Atlas Cines,Atlas Alcorta,"Jerónimo Salguero 3172, Alcorta Shopping",Pepita la Pistolera,2D Doblada,20:10,,,,https://cartelera.ar/pelicula/pepita-la-pistolera
CABA,Atlas Cines,Atlas Alcorta,"Jerónimo Salguero 3172, Alcorta Shopping",Pepita la Pistolera,2D Doblada,22:30,,,,https://cartelera.ar/pelicula/pepita-la-pistolera
CABA,Atlas Cines,Atlas Alcorta,"Jerónimo Salguero 3172, Alcorta Shopping",Coyote vs. Acme,2D Doblada,15:00,,,,https://cartelera.ar/pelicula/coyote-vs-acme
CABA,Atlas Cines,Atlas Alcorta,"Jerónimo Salguero 3172, Alcorta Shopping",Coyote vs. Acme,2D Doblada,17:20,,,,https://cartelera.ar/pelicula/coyote-vs-acme
CABA,Atlas Cines,Atlas Alcorta,"Jerónimo Salguero 3172, Alcorta Shopping",Yo Narciso,2D Doblada,18:00,,,,
CABA,Cine Independiente,Cine Gaumont,"Av. Rivadavia 1635, Congreso",Rocambole en el camino,2D Doblada,20:30,,,,https://cartelera.ar/pelicula/rocambole-en-el-camino
CABA,Cine Independiente,Cine Gaumont,"Av. Rivadavia 1635, Congreso",Amarga Navidad,2D Doblada,14:00,,,,https://cartelera.ar/pelicula/amarga-navidad
CABA,Cine Independiente,Cine Gaumont,"Av. Rivadavia 1635, Congreso",Franz,2D Subtitulada,22:15,,,,https://cartelera.ar/pelicula/franz
CABA,Cine Independiente,Cine Gaumont,"Av. Rivadavia 1635, Congreso",Pepita la Pistolera,2D Doblada,14:45,,,,https://cartelera.ar/pelicula/pepita-la-pistolera
CABA,Cine Independiente,Cine Gaumont,"Av. Rivadavia 1635, Congreso",Pepita la Pistolera,2D Doblada,17:50,,,,https://cartelera.ar/pelicula/pepita-la-pistolera
CABA,Cine Independiente,Cine Gaumont,"Av. Rivadavia 1635, Congreso",Pepita la Pistolera,2D Doblada,21:30,,,,https://cartelera.ar/pelicula/pepita-la-pistolera
CABA,Cine Independiente,Cine Gaumont,"Av. Rivadavia 1635, Congreso",Canelones,2D Doblada,17:00,,,,
CABA,Cine Independiente,Cine Gaumont,"Av. Rivadavia 1635, Congreso",Canelones,2D Doblada,22:30,,,,
CABA,Cine Independiente,Cine Gaumont,"Av. Rivadavia 1635, Congreso",Yo Narciso,2D Doblada,18:00,,,,
CABA,Cine Independiente,Cine Gaumont,"Av. Rivadavia 1635, Congreso",Yo Narciso,2D Doblada,20:15,,,,
CABA,Cine Independiente,Cine Gaumont,"Av. Rivadavia 1635, Congreso",Lu & Pau,2D Doblada,16:30,,,,
CABA,Cine Independiente,Cine Gaumont,"Av. Rivadavia 1635, Congreso",CIN3 FILI4,2D Doblada,16:00,,,,
CABA,Cine Independiente,Cine Gaumont,"Av. Rivadavia 1635, Congreso",El Temblor,2D Doblada,14:15,,,,
CABA,Cine Independiente,Cine Gaumont,"Av. Rivadavia 1635, Congreso",La casa del minotauro,2D Doblada,20:00,,,,
CABA,Cine Independiente,Cine Gaumont,"Av. Rivadavia 1635, Congreso",Suite Juárez,2D Doblada,19:00,,,,
CABA,Atlas Cines,Atlas Liniers,"Av. Rivadavia 11177, Liniers",Afterburn (Zona cero),2D Doblada,16:30,,,,https://cartelera.ar/pelicula/afterburn-zona-cero
CABA,Atlas Cines,Atlas Liniers,"Av. Rivadavia 11177, Liniers",Afterburn (Zona cero),2D Doblada,21:50,,,,https://cartelera.ar/pelicula/afterburn-zona-cero
CABA,Atlas Cines,Atlas Liniers,"Av. Rivadavia 11177, Liniers",Spider-Man: Un nuevo día,2D Doblada,15:00,,,,https://cartelera.ar/pelicula/spider-man-un-nuevo-dia
CABA,Atlas Cines,Atlas Liniers,"Av. Rivadavia 11177, Liniers",Spider-Man: Un nuevo día,2D Doblada,18:00,,,,https://cartelera.ar/pelicula/spider-man-un-nuevo-dia
CABA,Atlas Cines,Atlas Liniers,"Av. Rivadavia 11177, Liniers",Spider-Man: Un nuevo día,2D Doblada,21:10,,,,https://cartelera.ar/pelicula/spider-man-un-nuevo-dia
CABA,Atlas Cines,Atlas Liniers,"Av. Rivadavia 11177, Liniers",Toy Story 5,2D Doblada,14:10,,,,https://cartelera.ar/pelicula/toy-story-5
CABA,Atlas Cines,Atlas Liniers,"Av. Rivadavia 11177, Liniers",Pepita la Pistolera,2D Doblada,17:50,,,,https://cartelera.ar/pelicula/pepita-la-pistolera
CABA,Atlas Cines,Atlas Liniers,"Av. Rivadavia 11177, Liniers",Pepita la Pistolera,2D Doblada,20:00,,,,https://cartelera.ar/pelicula/pepita-la-pistolera
CABA,Atlas Cines,Atlas Liniers,"Av. Rivadavia 11177, Liniers",Pepita la Pistolera,2D Doblada,22:10,,,,https://cartelera.ar/pelicula/pepita-la-pistolera
CABA,Atlas Cines,Atlas Liniers,"Av. Rivadavia 11177, Liniers",Coyote vs. Acme,2D Doblada,14:40,,,,https://cartelera.ar/pelicula/coyote-vs-acme
CABA,Atlas Cines,Atlas Liniers,"Av. Rivadavia 11177, Liniers",Coyote vs. Acme,2D Doblada,17:10,,,,https://cartelera.ar/pelicula/coyote-vs-acme
CABA,Atlas Cines,Atlas Liniers,"Av. Rivadavia 11177, Liniers",Coyote vs. Acme,2D Doblada,19:30,,,,https://cartelera.ar/pelicula/coyote-vs-acme
CABA,Atlas Cines,Atlas Liniers,"Av. Rivadavia 11177, Liniers",Insidious: Fuera del más allá,2D Doblada,19:10,,,,https://cartelera.ar/pelicula/insidious-fuera-del-mas-alla
CABA,Atlas Cines,Atlas Liniers,"Av. Rivadavia 11177, Liniers",Insidious: Fuera del más allá,2D Doblada,21:30,,,,https://cartelera.ar/pelicula/insidious-fuera-del-mas-alla
CABA,Atlas Cines,Atlas Liniers,"Av. Rivadavia 11177, Liniers",Masha Y Los Osos,2D Doblada,14:20,,,,
CABA,Atlas Cines,Atlas Liniers,"Av. Rivadavia 11177, Liniers",Masha Y Los Osos,2D Doblada,16:00,,,,
GBA Sur,Atlas Cines,Atlas Catan,"Camino de Cintura 2727, Shopping Catan",Afterburn (Zona cero),2D Doblada,16:50,,,,https://cartelera.ar/pelicula/afterburn-zona-cero
GBA Sur,Atlas Cines,Atlas Catan,"Camino de Cintura 2727, Shopping Catan",Afterburn (Zona cero),2D Doblada,19:30,,,,https://cartelera.ar/pelicula/afterburn-zona-cero
GBA Sur,Atlas Cines,Atlas Catan,"Camino de Cintura 2727, Shopping Catan",Afterburn (Zona cero),2D Doblada,22:10,,,,https://cartelera.ar/pelicula/afterburn-zona-cero
GBA Sur,Atlas Cines,Atlas Catan,"Camino de Cintura 2727, Shopping Catan",Spider-Man: Un nuevo día,4DX Doblada,15:10,,,,https://cartelera.ar/pelicula/spider-man-un-nuevo-dia
GBA Sur,Atlas Cines,Atlas Catan,"Camino de Cintura 2727, Shopping Catan",Spider-Man: Un nuevo día,2D Doblada,15:50,,,,https://cartelera.ar/pelicula/spider-man-un-nuevo-dia
GBA Sur,Atlas Cines,Atlas Catan,"Camino de Cintura 2727, Shopping Catan",Spider-Man: Un nuevo día,4DX Doblada,18:10,,,,https://cartelera.ar/pelicula/spider-man-un-nuevo-dia
GBA Sur,Atlas Cines,Atlas Catan,"Camino de Cintura 2727, Shopping Catan",Spider-Man: Un nuevo día,2D Doblada,18:50,,,,https://cartelera.ar/pelicula/spider-man-un-nuevo-dia
GBA Sur,Atlas Cines,Atlas Catan,"Camino de Cintura 2727, Shopping Catan",Spider-Man: Un nuevo día,4DX Doblada,21:10,,,,https://cartelera.ar/pelicula/spider-man-un-nuevo-dia
GBA Sur,Atlas Cines,Atlas Catan,"Camino de Cintura 2727, Shopping Catan",Spider-Man: Un nuevo día,2D Doblada,21:50,,,,https://cartelera.ar/pelicula/spider-man-un-nuevo-dia
GBA Sur,Atlas Cines,Atlas Catan,"Camino de Cintura 2727, Shopping Catan",Toy Story 5,2D Doblada,15:10,,,,https://cartelera.ar/pelicula/toy-story-5
GBA Sur,Atlas Cines,Atlas Catan,"Camino de Cintura 2727, Shopping Catan",Minions & monstruos,2D Doblada,14:50,,,,https://cartelera.ar/pelicula/minions-monstruos
GBA Sur,Atlas Cines,Atlas Catan,"Camino de Cintura 2727, Shopping Catan",Impacto mortal,2D Doblada,20:10,,,,https://cartelera.ar/pelicula/impacto-mortal
GBA Sur,Atlas Cines,Atlas Catan,"Camino de Cintura 2727, Shopping Catan",Pepita la Pistolera,2D Doblada,17:20,,,,https://cartelera.ar/pelicula/pepita-la-pistolera
GBA Sur,Atlas Cines,Atlas Catan,"Camino de Cintura 2727, Shopping Catan",Pepita la Pistolera,2D Doblada,19:40,,,,https://cartelera.ar/pelicula/pepita-la-pistolera
GBA Sur,Atlas Cines,Atlas Catan,"Camino de Cintura 2727, Shopping Catan",Pepita la Pistolera,2D Doblada,22:00,,,,https://cartelera.ar/pelicula/pepita-la-pistolera
GBA Sur,Atlas Cines,Atlas Catan,"Camino de Cintura 2727, Shopping Catan",Terminator 2: El juicio final,2D Doblada,21:40,,,,https://cartelera.ar/pelicula/terminator-2-el-juicio-final
GBA Sur,Atlas Cines,Atlas Catan,"Camino de Cintura 2727, Shopping Catan",Coyote vs. Acme,2D Doblada,15:30,,,,https://cartelera.ar/pelicula/coyote-vs-acme
GBA Sur,Atlas Cines,Atlas Catan,"Camino de Cintura 2727, Shopping Catan",Coyote vs. Acme,2D Doblada,17:50,,,,https://cartelera.ar/pelicula/coyote-vs-acme
GBA Sur,Atlas Cines,Atlas Catan,"Camino de Cintura 2727, Shopping Catan",Insidious: Fuera del más allá,2D Doblada,14:40,,,,https://cartelera.ar/pelicula/insidious-fuera-del-mas-alla
GBA Sur,Atlas Cines,Atlas Catan,"Camino de Cintura 2727, Shopping Catan",Insidious: Fuera del más allá,2D Doblada,17:00,,,,https://cartelera.ar/pelicula/insidious-fuera-del-mas-alla
GBA Sur,Atlas Cines,Atlas Catan,"Camino de Cintura 2727, Shopping Catan",Insidious: Fuera del más allá,2D Doblada,19:20,,,,https://cartelera.ar/pelicula/insidious-fuera-del-mas-alla
GBA Sur,Atlas Cines,Atlas Catan,"Camino de Cintura 2727, Shopping Catan",Insidious: Fuera del más allá,2D Doblada,22:30,,,,https://cartelera.ar/pelicula/insidious-fuera-del-mas-alla
CABA,Atlas Cines,Atlas Flores,"Rivera Indarte 44, Flores",Afterburn (Zona cero),2D Doblada,17:50,,,,https://cartelera.ar/pelicula/afterburn-zona-cero
CABA,Atlas Cines,Atlas Flores,"Rivera Indarte 44, Flores",Afterburn (Zona cero),2D Doblada,22:40,,,,https://cartelera.ar/pelicula/afterburn-zona-cero
CABA,Atlas Cines,Atlas Flores,"Rivera Indarte 44, Flores",La Odisea,2D Doblada,21:50,,,,https://cartelera.ar/pelicula/la-odisea
CABA,Atlas Cines,Atlas Flores,"Rivera Indarte 44, Flores",Spider-Man: Un nuevo día,2D Doblada,16:00,,,,https://cartelera.ar/pelicula/spider-man-un-nuevo-dia
CABA,Atlas Cines,Atlas Flores,"Rivera Indarte 44, Flores",Spider-Man: Un nuevo día,2D Doblada,19:00,,,,https://cartelera.ar/pelicula/spider-man-un-nuevo-dia
CABA,Atlas Cines,Atlas Flores,"Rivera Indarte 44, Flores",PAW Patrol: La Dino Película,2D Doblada,15:00,,,,https://cartelera.ar/pelicula/paw-patrol-la-dino-pelicula
CABA,Atlas Cines,Atlas Flores,"Rivera Indarte 44, Flores",Pepita la Pistolera,2D Doblada,15:50,,,,https://cartelera.ar/pelicula/pepita-la-pistolera
CABA,Atlas Cines,Atlas Flores,"Rivera Indarte 44, Flores",Pepita la Pistolera,2D Doblada,17:00,,,,https://cartelera.ar/pelicula/pepita-la-pistolera
CABA,Atlas Cines,Atlas Flores,"Rivera Indarte 44, Flores",Pepita la Pistolera,2D Doblada,20:30,,,,https://cartelera.ar/pelicula/pepita-la-pistolera
CABA,Atlas Cines,Atlas Flores,"Rivera Indarte 44, Flores",Pepita la Pistolera,2D Doblada,22:50,,,,https://cartelera.ar/pelicula/pepita-la-pistolera
CABA,Atlas Cines,Atlas Flores,"Rivera Indarte 44, Flores",Terminator 2: El juicio final,2D Doblada,19:10,,,,https://cartelera.ar/pelicula/terminator-2-el-juicio-final
CABA,Atlas Cines,Atlas Flores,"Rivera Indarte 44, Flores",Coyote vs. Acme,2D Doblada,15:10,,,,https://cartelera.ar/pelicula/coyote-vs-acme
CABA,Atlas Cines,Atlas Flores,"Rivera Indarte 44, Flores",Coyote vs. Acme,2D Doblada,17:30,,,,https://cartelera.ar/pelicula/coyote-vs-acme
CABA,Atlas Cines,Atlas Flores,"Rivera Indarte 44, Flores",Coyote vs. Acme,2D Doblada,19:50,,,,https://cartelera.ar/pelicula/coyote-vs-acme
CABA,Atlas Cines,Atlas Flores,"Rivera Indarte 44, Flores",Insidious: Fuera del más allá,2D Doblada,18:10,,,,https://cartelera.ar/pelicula/insidious-fuera-del-mas-alla
CABA,Atlas Cines,Atlas Flores,"Rivera Indarte 44, Flores",Insidious: Fuera del más allá,2D Doblada,22:20,,,,https://cartelera.ar/pelicula/insidious-fuera-del-mas-alla
CABA,Atlas Cines,Atlas Flores,"Rivera Indarte 44, Flores",Yo Narciso,2D Doblada,15:40,,,,
CABA,Atlas Cines,Atlas Flores,"Rivera Indarte 44, Flores",Yo Narciso,2D Doblada,20:30,,,,
CABA,Atlas Cines,Atlas Flores,"Rivera Indarte 44, Flores",Lu & Pau,2D Doblada,22:00,,,,
GBA Norte,Atlas Cines,Atlas Nordelta,"Av. de los Lagos 7008, Nordelta Centro Comercial",La Negociación (The Negotiation),2D Subtitulada,22:20,,,,https://cartelera.ar/pelicula/la-negociacion-the-negotiation
GBA Norte,Atlas Cines,Atlas Nordelta,"Av. de los Lagos 7008, Nordelta Centro Comercial",La invitación,2D Subtitulada,19:00,,,,https://cartelera.ar/pelicula/la-invitacion
GBA Norte,Atlas Cines,Atlas Nordelta,"Av. de los Lagos 7008, Nordelta Centro Comercial",La Odisea,2D Subtitulada,21:30,,,,https://cartelera.ar/pelicula/la-odisea
GBA Norte,Atlas Cines,Atlas Nordelta,"Av. de los Lagos 7008, Nordelta Centro Comercial",Spider-Man: Un nuevo día,2D Doblada,16:40,,,,https://cartelera.ar/pelicula/spider-man-un-nuevo-dia
GBA Norte,Atlas Cines,Atlas Nordelta,"Av. de los Lagos 7008, Nordelta Centro Comercial",Spider-Man: Un nuevo día,2D Subtitulada,21:50,,,,https://cartelera.ar/pelicula/spider-man-un-nuevo-dia
GBA Norte,Atlas Cines,Atlas Nordelta,"Av. de los Lagos 7008, Nordelta Centro Comercial",Minions & monstruos,2D Doblada,16:50,,,,https://cartelera.ar/pelicula/minions-monstruos
GBA Norte,Atlas Cines,Atlas Nordelta,"Av. de los Lagos 7008, Nordelta Centro Comercial",PAW Patrol: La Dino Película,2D Doblada,15:10,,,,https://cartelera.ar/pelicula/paw-patrol-la-dino-pelicula
GBA Norte,Atlas Cines,Atlas Nordelta,"Av. de los Lagos 7008, Nordelta Centro Comercial",PAW Patrol: La Dino Película,2D Doblada,16:20,,,,https://cartelera.ar/pelicula/paw-patrol-la-dino-pelicula
GBA Norte,Atlas Cines,Atlas Nordelta,"Av. de los Lagos 7008, Nordelta Centro Comercial",Pepita la Pistolera,2D Doblada,18:20,,,,https://cartelera.ar/pelicula/pepita-la-pistolera
GBA Norte,Atlas Cines,Atlas Nordelta,"Av. de los Lagos 7008, Nordelta Centro Comercial",Pepita la Pistolera,2D Doblada,20:30,,,,https://cartelera.ar/pelicula/pepita-la-pistolera
GBA Norte,Atlas Cines,Atlas Nordelta,"Av. de los Lagos 7008, Nordelta Centro Comercial",Pepita la Pistolera,2D Doblada,22:50,,,,https://cartelera.ar/pelicula/pepita-la-pistolera
GBA Norte,Atlas Cines,Atlas Nordelta,"Av. de los Lagos 7008, Nordelta Centro Comercial",Terminator 2: El juicio final,2D Subtitulada,19:30,,,,https://cartelera.ar/pelicula/terminator-2-el-juicio-final
GBA Norte,Atlas Cines,Atlas Nordelta,"Av. de los Lagos 7008, Nordelta Centro Comercial",Coyote vs. Acme,2D Doblada,15:50,,,,https://cartelera.ar/pelicula/coyote-vs-acme
GBA Norte,Atlas Cines,Atlas Nordelta,"Av. de los Lagos 7008, Nordelta Centro Comercial",Coyote vs. Acme,2D Doblada,17:10,,,,https://cartelera.ar/pelicula/coyote-vs-acme
GBA Norte,Atlas Cines,Atlas Nordelta,"Av. de los Lagos 7008, Nordelta Centro Comercial",Yo Narciso,2D Doblada,18:10,,,,
GBA Norte,Atlas Cines,Atlas Nordelta,"Av. de los Lagos 7008, Nordelta Centro Comercial",Yo Narciso,2D Doblada,20:20,,,,
GBA Norte,Atlas Cines,Atlas Nordelta,"Av. de los Lagos 7008, Nordelta Centro Comercial",Yo Narciso,2D Doblada,22:30,,,,
GBA Norte,Atlas Cines,Atlas Nordelta,"Av. de los Lagos 7008, Nordelta Centro Comercial",Esa cosa con alas,2D Subtitulada,19:40,,,,
CABA,Atlas Cines,Atlas Patio Bullrich,"Av. del Libertador 750, Patio Bullrich",Los Colores Del Tiempo,2D Subtitulada,18:30,,,,https://cartelera.ar/pelicula/los-colores-del-tiempo
CABA,Atlas Cines,Atlas Patio Bullrich,"Av. del Libertador 750, Patio Bullrich",La Negociación (The Negotiation),2D Subtitulada,21:30,,,,https://cartelera.ar/pelicula/la-negociacion-the-negotiation
CABA,Atlas Cines,Atlas Patio Bullrich,"Av. del Libertador 750, Patio Bullrich",La invitación,2D Subtitulada,16:10,,,,https://cartelera.ar/pelicula/la-invitacion
CABA,Atlas Cines,Atlas Patio Bullrich,"Av. del Libertador 750, Patio Bullrich",La invitación,2D Subtitulada,21:10,,,,https://cartelera.ar/pelicula/la-invitacion
CABA,Atlas Cines,Atlas Patio Bullrich,"Av. del Libertador 750, Patio Bullrich",Una quinta en Portugal,2D Doblada,16:30,,,,https://cartelera.ar/pelicula/una-quinta-en-portugal
CABA,Atlas Cines,Atlas Patio Bullrich,"Av. del Libertador 750, Patio Bullrich",Una quinta en Portugal,2D Doblada,19:00,,,,https://cartelera.ar/pelicula/una-quinta-en-portugal
CABA,Atlas Cines,Atlas Patio Bullrich,"Av. del Libertador 750, Patio Bullrich",Pepita la Pistolera,2D Doblada,16:50,,,,https://cartelera.ar/pelicula/pepita-la-pistolera
CABA,Atlas Cines,Atlas Patio Bullrich,"Av. del Libertador 750, Patio Bullrich",Pepita la Pistolera,2D Doblada,22:20,,,,https://cartelera.ar/pelicula/pepita-la-pistolera
CABA,Atlas Cines,Atlas Patio Bullrich,"Av. del Libertador 750, Patio Bullrich",Yo Narciso,2D Doblada,21:50,,,,
CABA,Atlas Cines,Atlas Patio Bullrich,"Av. del Libertador 750, Patio Bullrich",El Gran Falsificador,2D Subtitulada,16:00,,,,
CABA,Cine Independiente,CineArte Cacodelphia,"Roque Sáenz Peña 1150, Buenos Aires",Los Colores Del Tiempo,2D Subtitulada,16:30,,,,https://cartelera.ar/pelicula/los-colores-del-tiempo
CABA,Cine Independiente,CineArte Cacodelphia,"Roque Sáenz Peña 1150, Buenos Aires",La Negociación (The Negotiation),2D Subtitulada,18:50,,,,https://cartelera.ar/pelicula/la-negociacion-the-negotiation
CABA,Cine Independiente,CineArte Cacodelphia,"Roque Sáenz Peña 1150, Buenos Aires",La invitación,2D Subtitulada,16:20,,,,https://cartelera.ar/pelicula/la-invitacion
CABA,Cine Independiente,CineArte Cacodelphia,"Roque Sáenz Peña 1150, Buenos Aires",Los domingos,2D Doblada,16:10,,,,https://cartelera.ar/pelicula/los-domingos
CABA,Cine Independiente,CineArte Cacodelphia,"Roque Sáenz Peña 1150, Buenos Aires",Una quinta en Portugal,2D Doblada,18:20,,,,https://cartelera.ar/pelicula/una-quinta-en-portugal
CABA,Cine Independiente,CineArte Cacodelphia,"Roque Sáenz Peña 1150, Buenos Aires",Terminator 2: El juicio final,2D Subtitulada,21:00,,,,https://cartelera.ar/pelicula/terminator-2-el-juicio-final
CABA,Cine Independiente,CineArte Cacodelphia,"Roque Sáenz Peña 1150, Buenos Aires","Adolescencia, sexo y muerte en campamento Miasma",2D Subtitulada,20:50,,,,https://cartelera.ar/pelicula/adolescencia-sexo-y-muerte-en-campamento-miasma
CABA,Cine Independiente,CineArte Cacodelphia,"Roque Sáenz Peña 1150, Buenos Aires",Crónica de un Niño Solo,2D Doblada,19:00,,,,
CABA,Cine Independiente,CineArte Cacodelphia,"Roque Sáenz Peña 1150, Buenos Aires",Crónica de un Niño Solo,2D Doblada,20:40,,,,
,Cinemark Hoyts,DOT,,SPIDER-MAN: UN NUEVO DÍA,4D 3D Subtitulada,11:50,,,,https://www.cinemark.com.ar/peliculas/spider-man-un-nuevo-dia
,Cinemark Hoyts,DOT,,SPIDER-MAN: UN NUEVO DÍA,2D Subtitulada,12:10,,,,https://www.cinemark.com.ar/peliculas/spider-man-un-nuevo-dia
,Cinemark Hoyts,DOT,,SPIDER-MAN: UN NUEVO DÍA,4D 3D Subtitulada,15:00,,,,https://www.cinemark.com.ar/peliculas/spider-man-un-nuevo-dia
,Cinemark Hoyts,DOT,,SPIDER-MAN: UN NUEVO DÍA,2D Subtitulada,15:20,,,,https://www.cinemark.com.ar/peliculas/spider-man-un-nuevo-dia
,Cinemark Hoyts,DOT,,SPIDER-MAN: UN NUEVO DÍA,4D 3D Subtitulada,18:20,,,,https://www.cinemark.com.ar/peliculas/spider-man-un-nuevo-dia
,Cinemark Hoyts,DOT,,SPIDER-MAN: UN NUEVO DÍA,2D Subtitulada,18:40,,,,https://www.cinemark.com.ar/peliculas/spider-man-un-nuevo-dia
,Cinemark Hoyts,DOT,,SPIDER-MAN: UN NUEVO DÍA,4D 3D Subtitulada,21:50,,,,https://www.cinemark.com.ar/peliculas/spider-man-un-nuevo-dia
,Cinemark Hoyts,DOT,,SPIDER-MAN: UN NUEVO DÍA,2D Subtitulada,22:40,,,,https://www.cinemark.com.ar/peliculas/spider-man-un-nuevo-dia
,Cinemark Hoyts,DOT,,LA ODISEA,XD 2D Subtitulada,12:00,,,,https://www.cinemark.com.ar/peliculas/la-odisea
,Cinemark Hoyts,DOT,,LA ODISEA,XD 2D Subtitulada,15:40,,,,https://www.cinemark.com.ar/peliculas/la-odisea
,Cinemark Hoyts,DOT,,LA ODISEA,PREMIER 2D Subtitulada,16:30,,,,https://www.cinemark.com.ar/peliculas/la-odisea
,Cinemark Hoyts,DOT,,LA ODISEA,XD 2D Subtitulada,19:20,,,,https://www.cinemark.com.ar/peliculas/la-odisea
,Cinemark Hoyts,DOT,,LA ODISEA,PREMIER 2D Subtitulada,21:00,,,,https://www.cinemark.com.ar/peliculas/la-odisea
,Cinemark Hoyts,DOT,,LA ODISEA,XD 2D Subtitulada,23:00,,,,https://www.cinemark.com.ar/peliculas/la-odisea
,Cinemark Hoyts,DOT,,COYOTE VS ACME,2D Doblada,12:00,,,,https://www.cinemark.com.ar/peliculas/coyote-vs-acme
,Cinemark Hoyts,DOT,,COYOTE VS ACME,2D Doblada,14:40,,,,https://www.cinemark.com.ar/peliculas/coyote-vs-acme
,Cinemark Hoyts,DOT,,COYOTE VS ACME,2D Doblada,17:20,,,,https://www.cinemark.com.ar/peliculas/coyote-vs-acme
,Cinemark Hoyts,DOT,,COYOTE VS ACME,2D Subtitulada,19:50,,,,https://www.cinemark.com.ar/peliculas/coyote-vs-acme
,Cinemark Hoyts,DOT,,PEPITA LA PISTOLERA,2D Doblada,12:20,,,,https://www.cinemark.com.ar/peliculas/pepita-la-pistolera
,Cinemark Hoyts,DOT,,PEPITA LA PISTOLERA,PREMIER 2D Doblada,12:50,,,,https://www.cinemark.com.ar/peliculas/pepita-la-pistolera
,Cinemark Hoyts,DOT,,PEPITA LA PISTOLERA,2D Doblada,14:50,,,,https://www.cinemark.com.ar/peliculas/pepita-la-pistolera
,Cinemark Hoyts,DOT,,PEPITA LA PISTOLERA,PREMIER 2D Doblada,17:30,,,,https://www.cinemark.com.ar/peliculas/pepita-la-pistolera
,Cinemark Hoyts,DOT,,PEPITA LA PISTOLERA,2D Doblada,17:40,,,,https://www.cinemark.com.ar/peliculas/pepita-la-pistolera
,Cinemark Hoyts,DOT,,PEPITA LA PISTOLERA,2D Doblada,20:10,,,,https://www.cinemark.com.ar/peliculas/pepita-la-pistolera
,Cinemark Hoyts,DOT,,PEPITA LA PISTOLERA,PREMIER 2D Doblada,22:15,,,,https://www.cinemark.com.ar/peliculas/pepita-la-pistolera
,Cinemark Hoyts,DOT,,PEPITA LA PISTOLERA,2D Doblada,22:20,,,,https://www.cinemark.com.ar/peliculas/pepita-la-pistolera
,Cinemark Hoyts,DOT,,PEPITA LA PISTOLERA,2D Doblada,22:50,,,,https://www.cinemark.com.ar/peliculas/pepita-la-pistolera
,Cinemark Hoyts,DOT,,"YO, NARCISO",2D Doblada,12:30,,,,https://www.cinemark.com.ar/peliculas/yo-narciso
,Cinemark Hoyts,DOT,,"YO, NARCISO",2D Doblada,13:00,,,,https://www.cinemark.com.ar/peliculas/yo-narciso
,Cinemark Hoyts,DOT,,"YO, NARCISO",2D Doblada,14:50,,,,https://www.cinemark.com.ar/peliculas/yo-narciso
,Cinemark Hoyts,DOT,,"YO, NARCISO",PREMIER 2D Doblada,15:15,,,,https://www.cinemark.com.ar/peliculas/yo-narciso
,Cinemark Hoyts,DOT,,"YO, NARCISO",2D Doblada,17:10,,,,https://www.cinemark.com.ar/peliculas/yo-narciso
,Cinemark Hoyts,DOT,,"YO, NARCISO",2D Doblada,17:50,,,,https://www.cinemark.com.ar/peliculas/yo-narciso
,Cinemark Hoyts,DOT,,"YO, NARCISO",2D Doblada,19:40,,,,https://www.cinemark.com.ar/peliculas/yo-narciso
,Cinemark Hoyts,DOT,,"YO, NARCISO",PREMIER 2D Doblada,20:00,,,,https://www.cinemark.com.ar/peliculas/yo-narciso
,Cinemark Hoyts,DOT,,"YO, NARCISO",2D Doblada,23:00,,,,https://www.cinemark.com.ar/peliculas/yo-narciso
,Cinemark Hoyts,DOT,,PAW PATROL: LA DINO PELÍCULA,2D Doblada,12:45,,,,https://www.cinemark.com.ar/peliculas/paw-patrol-la-dino-pelicula
,Cinemark Hoyts,DOT,,PAW PATROL: LA DINO PELÍCULA,2D Doblada,15:10,,,,https://www.cinemark.com.ar/peliculas/paw-patrol-la-dino-pelicula
,Cinemark Hoyts,DOT,,TOY STORY 5,2D Doblada,15:30,,,,https://www.cinemark.com.ar/peliculas/toy-story-5
,Cinemark Hoyts,DOT,,SÓLO POR UNA NOCHE,2D Subtitulada,17:30,,,,https://www.cinemark.com.ar/peliculas/solo-por-una-noche
,Cinemark Hoyts,DOT,,LA GUERRA DE LOS ÚLTIMOS,2D Subtitulada,20:00,,,,https://www.cinemark.com.ar/peliculas/la-guerra-de-los-ultimos
,Cinemark Hoyts,DOT,,LA NOCHE DEL DEMONIO 6,2D Subtitulada,20:15,,,,https://www.cinemark.com.ar/peliculas/la-noche-del-demonio-estan-entre-nosotros
,Cinemark Hoyts,DOT,,LA NOCHE DEL DEMONIO 6,2D Subtitulada,22:30,,,,https://www.cinemark.com.ar/peliculas/la-noche-del-demonio-estan-entre-nosotros
,Cinemark Hoyts,DOT,,TERMINATOR 2: EL JUICIO FINAL,2D Subtitulada,22:00,,,,https://www.cinemark.com.ar/peliculas/terminator-2-el-juicio-final-35-aniversario
,Cinemark Hoyts,Unicenter,,PAW PATROL: LA DINO PELÍCULA,2D Doblada,12:00,,,,https://www.cinemark.com.ar/peliculas/paw-patrol-la-dino-pelicula
,Cinemark Hoyts,Unicenter,,PAW PATROL: LA DINO PELÍCULA,2D Doblada,14:15,,,,https://www.cinemark.com.ar/peliculas/paw-patrol-la-dino-pelicula
,Cinemark Hoyts,Unicenter,,PAW PATROL: LA DINO PELÍCULA,2D Doblada,16:40,,,,https://www.cinemark.com.ar/peliculas/paw-patrol-la-dino-pelicula
,Cinemark Hoyts,Unicenter,,"YO, NARCISO",PREMIER 2D Doblada,12:00,,,,https://www.cinemark.com.ar/peliculas/yo-narciso
,Cinemark Hoyts,Unicenter,,"YO, NARCISO",2D Doblada,12:40,,,,https://www.cinemark.com.ar/peliculas/yo-narciso
,Cinemark Hoyts,Unicenter,,"YO, NARCISO",2D Doblada,14:50,,,,https://www.cinemark.com.ar/peliculas/yo-narciso
,Cinemark Hoyts,Unicenter,,"YO, NARCISO",PREMIER 2D Doblada,15:10,,,,https://www.cinemark.com.ar/peliculas/yo-narciso
,Cinemark Hoyts,Unicenter,,"YO, NARCISO",2D Doblada,17:10,,,,https://www.cinemark.com.ar/peliculas/yo-narciso
,Cinemark Hoyts,Unicenter,,"YO, NARCISO",2D Doblada,19:20,,,,https://www.cinemark.com.ar/peliculas/yo-narciso
,Cinemark Hoyts,Unicenter,,"YO, NARCISO",PREMIER 2D Doblada,20:00,,,,https://www.cinemark.com.ar/peliculas/yo-narciso
,Cinemark Hoyts,Unicenter,,"YO, NARCISO",2D Doblada,20:15,,,,https://www.cinemark.com.ar/peliculas/yo-narciso
,Cinemark Hoyts,Unicenter,,"YO, NARCISO",2D Doblada,21:45,,,,https://www.cinemark.com.ar/peliculas/yo-narciso
,Cinemark Hoyts,Unicenter,,"YO, NARCISO",2D Doblada,23:00,,,,https://www.cinemark.com.ar/peliculas/yo-narciso
,Cinemark Hoyts,Unicenter,,PEPITA LA PISTOLERA,2D Doblada,12:10,,,,https://www.cinemark.com.ar/peliculas/pepita-la-pistolera
,Cinemark Hoyts,Unicenter,,PEPITA LA PISTOLERA,PREMIER 2D Doblada,12:40,,,,https://www.cinemark.com.ar/peliculas/pepita-la-pistolera
,Cinemark Hoyts,Unicenter,,PEPITA LA PISTOLERA,2D Doblada,13:20,,,,https://www.cinemark.com.ar/peliculas/pepita-la-pistolera
,Cinemark Hoyts,Unicenter,,PEPITA LA PISTOLERA,2D Doblada,14:30,,,,https://www.cinemark.com.ar/peliculas/pepita-la-pistolera
,Cinemark Hoyts,Unicenter,,PEPITA LA PISTOLERA,2D Doblada,15:40,,,,https://www.cinemark.com.ar/peliculas/pepita-la-pistolera
,Cinemark Hoyts,Unicenter,,PEPITA LA PISTOLERA,2D Doblada,16:50,,,,https://www.cinemark.com.ar/peliculas/pepita-la-pistolera
,Cinemark Hoyts,Unicenter,,PEPITA LA PISTOLERA,PREMIER 2D Doblada,17:30,,,,https://www.cinemark.com.ar/peliculas/pepita-la-pistolera
,Cinemark Hoyts,Unicenter,,PEPITA LA PISTOLERA,2D Doblada,18:00,,,,https://www.cinemark.com.ar/peliculas/pepita-la-pistolera
,Cinemark Hoyts,Unicenter,,PEPITA LA PISTOLERA,2D Doblada,19:10,,,,https://www.cinemark.com.ar/peliculas/pepita-la-pistolera
,Cinemark Hoyts,Unicenter,,PEPITA LA PISTOLERA,2D Doblada,20:20,,,,https://www.cinemark.com.ar/peliculas/pepita-la-pistolera
,Cinemark Hoyts,Unicenter,,PEPITA LA PISTOLERA,2D Doblada,21:30,,,,https://www.cinemark.com.ar/peliculas/pepita-la-pistolera
,Cinemark Hoyts,Unicenter,,PEPITA LA PISTOLERA,PREMIER 2D Doblada,22:30,,,,https://www.cinemark.com.ar/peliculas/pepita-la-pistolera
,Cinemark Hoyts,Unicenter,,PEPITA LA PISTOLERA,2D Doblada,22:40,,,,https://www.cinemark.com.ar/peliculas/pepita-la-pistolera
,Cinemark Hoyts,Unicenter,,COYOTE VS ACME,2D Doblada,12:15,,,,https://www.cinemark.com.ar/peliculas/coyote-vs-acme
,Cinemark Hoyts,Unicenter,,COYOTE VS ACME,2D Doblada,14:40,,,,https://www.cinemark.com.ar/peliculas/coyote-vs-acme
,Cinemark Hoyts,Unicenter,,COYOTE VS ACME,2D Doblada,17:20,,,,https://www.cinemark.com.ar/peliculas/coyote-vs-acme
,Cinemark Hoyts,Unicenter,,COYOTE VS ACME,2D Doblada,20:00,,,,https://www.cinemark.com.ar/peliculas/coyote-vs-acme
,Cinemark Hoyts,Unicenter,,COYOTE VS ACME,2D Subtitulada,22:45,,,,https://www.cinemark.com.ar/peliculas/coyote-vs-acme
,Cinemark Hoyts,Unicenter,,LA NOCHE DEL DEMONIO 6,2D Subtitulada,12:20,,,,https://www.cinemark.com.ar/peliculas/la-noche-del-demonio-estan-entre-nosotros
,Cinemark Hoyts,Unicenter,,LA NOCHE DEL DEMONIO 6,2D Subtitulada,14:45,,,,https://www.cinemark.com.ar/peliculas/la-noche-del-demonio-estan-entre-nosotros
,Cinemark Hoyts,Unicenter,,LA NOCHE DEL DEMONIO 6,2D Subtitulada,17:05,,,,https://www.cinemark.com.ar/peliculas/la-noche-del-demonio-estan-entre-nosotros
,Cinemark Hoyts,Unicenter,,LA NOCHE DEL DEMONIO 6,2D Subtitulada,19:30,,,,https://www.cinemark.com.ar/peliculas/la-noche-del-demonio-estan-entre-nosotros
,Cinemark Hoyts,Unicenter,,LA NOCHE DEL DEMONIO 6,2D Subtitulada,20:10,,,,https://www.cinemark.com.ar/peliculas/la-noche-del-demonio-estan-entre-nosotros
,Cinemark Hoyts,Unicenter,,LA NOCHE DEL DEMONIO 6,2D Subtitulada,21:50,,,,https://www.cinemark.com.ar/peliculas/la-noche-del-demonio-estan-entre-nosotros
,Cinemark Hoyts,Unicenter,,LA NOCHE DEL DEMONIO 6,2D Subtitulada,22:35,,,,https://www.cinemark.com.ar/peliculas/la-noche-del-demonio-estan-entre-nosotros
,Cinemark Hoyts,Unicenter,,SPIDER-MAN: UN NUEVO DÍA,4D 3D Doblada,12:25,,,,https://www.cinemark.com.ar/peliculas/spider-man-un-nuevo-dia
,Cinemark Hoyts,Unicenter,,SPIDER-MAN: UN NUEVO DÍA,DBOX 2D Subtitulada,12:30,,,,https://www.cinemark.com.ar/peliculas/spider-man-un-nuevo-dia
,Cinemark Hoyts,Unicenter,,SPIDER-MAN: UN NUEVO DÍA,2D Subtitulada,12:30,,,,https://www.cinemark.com.ar/peliculas/spider-man-un-nuevo-dia
,Cinemark Hoyts,Unicenter,,SPIDER-MAN: UN NUEVO DÍA,DBOX 3D Doblada,13:10,,,,https://www.cinemark.com.ar/peliculas/spider-man-un-nuevo-dia
,Cinemark Hoyts,Unicenter,,SPIDER-MAN: UN NUEVO DÍA,3D Doblada,13:10,,,,https://www.cinemark.com.ar/peliculas/spider-man-un-nuevo-dia
,Cinemark Hoyts,Unicenter,,SPIDER-MAN: UN NUEVO DÍA,4D 3D Doblada,15:30,,,,https://www.cinemark.com.ar/peliculas/spider-man-un-nuevo-dia
,Cinemark Hoyts,Unicenter,,SPIDER-MAN: UN NUEVO DÍA,DBOX 2D Subtitulada,15:45,,,,https://www.cinemark.com.ar/peliculas/spider-man-un-nuevo-dia
,Cinemark Hoyts,Unicenter,,SPIDER-MAN: UN NUEVO DÍA,2D Subtitulada,15:45,,,,https://www.cinemark.com.ar/peliculas/spider-man-un-nuevo-dia
,Cinemark Hoyts,Unicenter,,SPIDER-MAN: UN NUEVO DÍA,DBOX 2D Doblada,16:30,,,,https://www.cinemark.com.ar/peliculas/spider-man-un-nuevo-dia
,Cinemark Hoyts,Unicenter,,SPIDER-MAN: UN NUEVO DÍA,2D Doblada,16:30,,,,https://www.cinemark.com.ar/peliculas/spider-man-un-nuevo-dia
,Cinemark Hoyts,Unicenter,,SPIDER-MAN: UN NUEVO DÍA,4D 3D Doblada,18:30,,,,https://www.cinemark.com.ar/peliculas/spider-man-un-nuevo-dia
,Cinemark Hoyts,Unicenter,,SPIDER-MAN: UN NUEVO DÍA,DBOX 2D Subtitulada,18:50,,,,https://www.cinemark.com.ar/peliculas/spider-man-un-nuevo-dia
,Cinemark Hoyts,Unicenter,,SPIDER-MAN: UN NUEVO DÍA,2D Subtitulada,18:50,,,,https://www.cinemark.com.ar/peliculas/spider-man-un-nuevo-dia
,Cinemark Hoyts,Unicenter,,SPIDER-MAN: UN NUEVO DÍA,DBOX 3D Doblada,19:40,,,,https://www.cinemark.com.ar/peliculas/spider-man-un-nuevo-dia
,Cinemark Hoyts,Unicenter,,SPIDER-MAN: UN NUEVO DÍA,3D Doblada,19:40,,,,https://www.cinemark.com.ar/peliculas/spider-man-un-nuevo-dia
,Cinemark Hoyts,Unicenter,,SPIDER-MAN: UN NUEVO DÍA,4D 3D Doblada,21:40,,,,https://www.cinemark.com.ar/peliculas/spider-man-un-nuevo-dia
,Cinemark Hoyts,Unicenter,,SPIDER-MAN: UN NUEVO DÍA,DBOX 2D Subtitulada,22:05,,,,https://www.cinemark.com.ar/peliculas/spider-man-un-nuevo-dia
,Cinemark Hoyts,Unicenter,,SPIDER-MAN: UN NUEVO DÍA,2D Subtitulada,22:05,,,,https://www.cinemark.com.ar/peliculas/spider-man-un-nuevo-dia
,Cinemark Hoyts,Unicenter,,SPIDER-MAN: UN NUEVO DÍA,DBOX 2D Subtitulada,22:50,,,,https://www.cinemark.com.ar/peliculas/spider-man-un-nuevo-dia
,Cinemark Hoyts,Unicenter,,SPIDER-MAN: UN NUEVO DÍA,2D Subtitulada,22:50,,,,https://www.cinemark.com.ar/peliculas/spider-man-un-nuevo-dia
,Cinemark Hoyts,Unicenter,,MASHA Y LOS OSOS,2D Doblada,12:45,,,,https://www.cinemark.com.ar/peliculas/masha-y-los-osos
,Cinemark Hoyts,Unicenter,,MASHA Y LOS OSOS,2D Doblada,14:55,,,,https://www.cinemark.com.ar/peliculas/masha-y-los-osos
,Cinemark Hoyts,Unicenter,,MINIONS & MONSTRUOS,2D Doblada,12:50,,,,https://www.cinemark.com.ar/peliculas/minions-monstruos
,Cinemark Hoyts,Unicenter,,MINIONS & MONSTRUOS,2D Doblada,15:00,,,,https://www.cinemark.com.ar/peliculas/minions-monstruos
,Cinemark Hoyts,Unicenter,,COLONY: ZONA CERO,2D Subtitulada,13:00,,,,https://www.cinemark.com.ar/peliculas/colony-zona-cero
,Cinemark Hoyts,Unicenter,,COLONY: ZONA CERO,2D Subtitulada,18:05,,,,https://www.cinemark.com.ar/peliculas/colony-zona-cero
,Cinemark Hoyts,Unicenter,,COLONY: ZONA CERO,2D Subtitulada,22:55,,,,https://www.cinemark.com.ar/peliculas/colony-zona-cero
,Cinemark Hoyts,Unicenter,,TOY STORY 5,2D Doblada,13:15,,,,https://www.cinemark.com.ar/peliculas/toy-story-5
,Cinemark Hoyts,Unicenter,,TOY STORY 5,2D Doblada,15:35,,,,https://www.cinemark.com.ar/peliculas/toy-story-5
,Cinemark Hoyts,Unicenter,,TOY STORY 5,2D Doblada,17:50,,,,https://www.cinemark.com.ar/peliculas/toy-story-5
,Cinemark Hoyts,Unicenter,,LA ODISEA,PREMIER 2D Subtitulada,14:10,,,,https://www.cinemark.com.ar/peliculas/la-odisea
,Cinemark Hoyts,Unicenter,,LA ODISEA,DBOX 2D Doblada,15:05,,,,https://www.cinemark.com.ar/peliculas/la-odisea
,Cinemark Hoyts,Unicenter,,LA ODISEA,2D Doblada,15:05,,,,https://www.cinemark.com.ar/peliculas/la-odisea
,Cinemark Hoyts,Unicenter,,LA ODISEA,PREMIER 2D Subtitulada,18:30,,,,https://www.cinemark.com.ar/peliculas/la-odisea
,Cinemark Hoyts,Unicenter,,LA ODISEA,DBOX 2D Doblada,18:40,,,,https://www.cinemark.com.ar/peliculas/la-odisea
,Cinemark Hoyts,Unicenter,,LA ODISEA,2D Doblada,18:40,,,,https://www.cinemark.com.ar/peliculas/la-odisea
,Cinemark Hoyts,Unicenter,,LA ODISEA,PREMIER 2D Subtitulada,22:00,,,,https://www.cinemark.com.ar/peliculas/la-odisea
,Cinemark Hoyts,Unicenter,,LA ODISEA,DBOX 2D Subtitulada,22:15,,,,https://www.cinemark.com.ar/peliculas/la-odisea
,Cinemark Hoyts,Unicenter,,LA ODISEA,2D Subtitulada,22:15,,,,https://www.cinemark.com.ar/peliculas/la-odisea
,Cinemark Hoyts,Unicenter,,LA NEGOCIACIÓN,2D Subtitulada,15:50,,,,https://www.cinemark.com.ar/peliculas/la-negociacion
,Cinemark Hoyts,Unicenter,,LA NEGOCIACIÓN,2D Subtitulada,20:40,,,,https://www.cinemark.com.ar/peliculas/la-negociacion
,Cinemark Hoyts,Unicenter,,SÓLO POR UNA NOCHE,2D Doblada,16:55,,,,https://www.cinemark.com.ar/peliculas/solo-por-una-noche
,Cinemark Hoyts,Unicenter,,PMMM LA PELICULA PARTE 1,2D Subtitulada,17:00,,,,https://www.cinemark.com.ar/peliculas/puella-magi-madoka-magica-la-pelicula-parte-1
,Cinemark Hoyts,Unicenter,,TERMINATOR 2: EL JUICIO FINAL,3D Subtitulada,19:00,,,,https://www.cinemark.com.ar/peliculas/terminator-2-el-juicio-final-35-aniversario
,Cinemark Hoyts,Unicenter,,TERMINATOR 2: EL JUICIO FINAL,2D Subtitulada,22:00,,,,https://www.cinemark.com.ar/peliculas/terminator-2-el-juicio-final-35-aniversario
,Cinemark Hoyts,Unicenter,,LA GUERRA DE LOS ÚLTIMOS,2D Subtitulada,19:25,,,,https://www.cinemark.com.ar/peliculas/la-guerra-de-los-ultimos
,Cinemark Hoyts,Unicenter,,LA GUERRA DE LOS ÚLTIMOS,2D Subtitulada,22:10,,,,https://www.cinemark.com.ar/peliculas/la-guerra-de-los-ultimos
,Cinemark Hoyts,Temperley,,COYOTE VS ACME,2D Doblada,12:10,,,,https://www.cinemark.com.ar/peliculas/coyote-vs-acme
,Cinemark Hoyts,Temperley,,COYOTE VS ACME,2D Doblada,14:40,,,,https://www.cinemark.com.ar/peliculas/coyote-vs-acme
,Cinemark Hoyts,Temperley,,COYOTE VS ACME,2D Doblada,17:15,,,,https://www.cinemark.com.ar/peliculas/coyote-vs-acme
,Cinemark Hoyts,Temperley,,COYOTE VS ACME,2D Doblada,20:00,,,,https://www.cinemark.com.ar/peliculas/coyote-vs-acme
,Cinemark Hoyts,Temperley,,TOY STORY 5,2D Doblada,12:15,,,,https://www.cinemark.com.ar/peliculas/toy-story-5
,Cinemark Hoyts,Temperley,,TOY STORY 5,2D Doblada,17:00,,,,https://www.cinemark.com.ar/peliculas/toy-story-5
,Cinemark Hoyts,Temperley,,"YO, NARCISO",2D Doblada,12:20,,,,https://www.cinemark.com.ar/peliculas/yo-narciso
,Cinemark Hoyts,Temperley,,"YO, NARCISO",2D Doblada,14:50,,,,https://www.cinemark.com.ar/peliculas/yo-narciso
,Cinemark Hoyts,Temperley,,"YO, NARCISO",2D Doblada,17:10,,,,https://www.cinemark.com.ar/peliculas/yo-narciso
,Cinemark Hoyts,Temperley,,"YO, NARCISO",2D Doblada,19:40,,,,https://www.cinemark.com.ar/peliculas/yo-narciso
,Cinemark Hoyts,Temperley,,"YO, NARCISO",2D Doblada,22:10,,,,https://www.cinemark.com.ar/peliculas/yo-narciso
,Cinemark Hoyts,Temperley,,SPIDER-MAN: UN NUEVO DÍA,DBOX XD 2D Doblada,12:30,,,,https://www.cinemark.com.ar/peliculas/spider-man-un-nuevo-dia
,Cinemark Hoyts,Temperley,,SPIDER-MAN: UN NUEVO DÍA,XD 2D Doblada,12:30,,,,https://www.cinemark.com.ar/peliculas/spider-man-un-nuevo-dia
,Cinemark Hoyts,Temperley,,SPIDER-MAN: UN NUEVO DÍA,4D 3D Doblada,13:10,,,,https://www.cinemark.com.ar/peliculas/spider-man-un-nuevo-dia
,Cinemark Hoyts,Temperley,,SPIDER-MAN: UN NUEVO DÍA,DBOX XD 2D Doblada,15:45,,,,https://www.cinemark.com.ar/peliculas/spider-man-un-nuevo-dia
,Cinemark Hoyts,Temperley,,SPIDER-MAN: UN NUEVO DÍA,XD 2D Doblada,15:45,,,,https://www.cinemark.com.ar/peliculas/spider-man-un-nuevo-dia
,Cinemark Hoyts,Temperley,,SPIDER-MAN: UN NUEVO DÍA,4D 3D Doblada,16:30,,,,https://www.cinemark.com.ar/peliculas/spider-man-un-nuevo-dia
,Cinemark Hoyts,Temperley,,SPIDER-MAN: UN NUEVO DÍA,DBOX XD 2D Doblada,19:00,,,,https://www.cinemark.com.ar/peliculas/spider-man-un-nuevo-dia
,Cinemark Hoyts,Temperley,,SPIDER-MAN: UN NUEVO DÍA,XD 2D Doblada,19:00,,,,https://www.cinemark.com.ar/peliculas/spider-man-un-nuevo-dia
,Cinemark Hoyts,Temperley,,SPIDER-MAN: UN NUEVO DÍA,4D 3D Doblada,19:45,,,,https://www.cinemark.com.ar/peliculas/spider-man-un-nuevo-dia
,Cinemark Hoyts,Temperley,,SPIDER-MAN: UN NUEVO DÍA,DBOX XD 2D Doblada,22:15,,,,https://www.cinemark.com.ar/peliculas/spider-man-un-nuevo-dia
,Cinemark Hoyts,Temperley,,SPIDER-MAN: UN NUEVO DÍA,XD 2D Doblada,22:15,,,,https://www.cinemark.com.ar/peliculas/spider-man-un-nuevo-dia
,Cinemark Hoyts,Temperley,,SPIDER-MAN: UN NUEVO DÍA,4D 3D Doblada,23:00,,,,https://www.cinemark.com.ar/peliculas/spider-man-un-nuevo-dia
,Cinemark Hoyts,Temperley,,PAW PATROL: LA DINO PELÍCULA,DBOX 2D Doblada,12:50,,,,https://www.cinemark.com.ar/peliculas/paw-patrol-la-dino-pelicula
,Cinemark Hoyts,Temperley,,PAW PATROL: LA DINO PELÍCULA,2D Doblada,12:50,,,,https://www.cinemark.com.ar/peliculas/paw-patrol-la-dino-pelicula
,Cinemark Hoyts,Temperley,,PAW PATROL: LA DINO PELÍCULA,2D Doblada,14:45,,,,https://www.cinemark.com.ar/peliculas/paw-patrol-la-dino-pelicula
,Cinemark Hoyts,Temperley,,LA NOCHE DEL DEMONIO 6,DBOX 2D Doblada,13:00,,,,https://www.cinemark.com.ar/peliculas/la-noche-del-demonio-estan-entre-nosotros
,Cinemark Hoyts,Temperley,,LA NOCHE DEL DEMONIO 6,2D Doblada,13:00,,,,https://www.cinemark.com.ar/peliculas/la-noche-del-demonio-estan-entre-nosotros
,Cinemark Hoyts,Temperley,,LA NOCHE DEL DEMONIO 6,DBOX 2D Doblada,15:30,,,,https://www.cinemark.com.ar/peliculas/la-noche-del-demonio-estan-entre-nosotros
,Cinemark Hoyts,Temperley,,LA NOCHE DEL DEMONIO 6,2D Doblada,15:30,,,,https://www.cinemark.com.ar/peliculas/la-noche-del-demonio-estan-entre-nosotros
,Cinemark Hoyts,Temperley,,LA NOCHE DEL DEMONIO 6,DBOX 2D Doblada,18:00,,,,https://www.cinemark.com.ar/peliculas/la-noche-del-demonio-estan-entre-nosotros
,Cinemark Hoyts,Temperley,,LA NOCHE DEL DEMONIO 6,2D Doblada,18:00,,,,https://www.cinemark.com.ar/peliculas/la-noche-del-demonio-estan-entre-nosotros
,Cinemark Hoyts,Temperley,,LA NOCHE DEL DEMONIO 6,2D Doblada,19:30,,,,https://www.cinemark.com.ar/peliculas/la-noche-del-demonio-estan-entre-nosotros
,Cinemark Hoyts,Temperley,,LA NOCHE DEL DEMONIO 6,DBOX 2D Doblada,20:30,,,,https://www.cinemark.com.ar/peliculas/la-noche-del-demonio-estan-entre-nosotros
,Cinemark Hoyts,Temperley,,LA NOCHE DEL DEMONIO 6,2D Doblada,20:30,,,,https://www.cinemark.com.ar/peliculas/la-noche-del-demonio-estan-entre-nosotros
,Cinemark Hoyts,Temperley,,LA NOCHE DEL DEMONIO 6,2D Subtitulada,22:30,,,,https://www.cinemark.com.ar/peliculas/la-noche-del-demonio-estan-entre-nosotros
,Cinemark Hoyts,Temperley,,LA NOCHE DEL DEMONIO 6,DBOX 2D Doblada,23:00,,,,https://www.cinemark.com.ar/peliculas/la-noche-del-demonio-estan-entre-nosotros
,Cinemark Hoyts,Temperley,,LA NOCHE DEL DEMONIO 6,2D Doblada,23:00,,,,https://www.cinemark.com.ar/peliculas/la-noche-del-demonio-estan-entre-nosotros
,Cinemark Hoyts,Temperley,,MASHA Y LOS OSOS,2D Doblada,13:00,,,,https://www.cinemark.com.ar/peliculas/masha-y-los-osos
,Cinemark Hoyts,Temperley,,MASHA Y LOS OSOS,2D Doblada,15:00,,,,https://www.cinemark.com.ar/peliculas/masha-y-los-osos
,Cinemark Hoyts,Temperley,,PEPITA LA PISTOLERA,2D Doblada,14:15,,,,https://www.cinemark.com.ar/peliculas/pepita-la-pistolera
,Cinemark Hoyts,Temperley,,PEPITA LA PISTOLERA,2D Doblada,16:50,,,,https://www.cinemark.com.ar/peliculas/pepita-la-pistolera
,Cinemark Hoyts,Temperley,,PEPITA LA PISTOLERA,2D Doblada,19:20,,,,https://www.cinemark.com.ar/peliculas/pepita-la-pistolera
,Cinemark Hoyts,Temperley,,PEPITA LA PISTOLERA,2D Doblada,20:15,,,,https://www.cinemark.com.ar/peliculas/pepita-la-pistolera
,Cinemark Hoyts,Temperley,,PEPITA LA PISTOLERA,2D Doblada,21:50,,,,https://www.cinemark.com.ar/peliculas/pepita-la-pistolera
,Cinemark Hoyts,Temperley,,PEPITA LA PISTOLERA,2D Doblada,22:50,,,,https://www.cinemark.com.ar/peliculas/pepita-la-pistolera
,Cinemark Hoyts,Temperley,,LA ODISEA,DBOX 2D Doblada,15:00,,,,https://www.cinemark.com.ar/peliculas/la-odisea
,Cinemark Hoyts,Temperley,,LA ODISEA,2D Doblada,15:00,,,,https://www.cinemark.com.ar/peliculas/la-odisea
,Cinemark Hoyts,Temperley,,LA ODISEA,DBOX 2D Doblada,18:40,,,,https://www.cinemark.com.ar/peliculas/la-odisea
,Cinemark Hoyts,Temperley,,LA ODISEA,2D Doblada,18:40,,,,https://www.cinemark.com.ar/peliculas/la-odisea
,Cinemark Hoyts,Temperley,,LA ODISEA,DBOX 2D Doblada,22:15,,,,https://www.cinemark.com.ar/peliculas/la-odisea
,Cinemark Hoyts,Temperley,,LA ODISEA,2D Doblada,22:15,,,,https://www.cinemark.com.ar/peliculas/la-odisea
,Cinemark Hoyts,Temperley,,LA GUERRA DE LOS ÚLTIMOS,2D Doblada,17:10,,,,https://www.cinemark.com.ar/peliculas/la-guerra-de-los-ultimos
,Cinemark Hoyts,Temperley,,TERMINATOR 2: EL JUICIO FINAL,2D Doblada,22:00,,,,https://www.cinemark.com.ar/peliculas/terminator-2-el-juicio-final-35-aniversario
,Cinemark Hoyts,Palermo,,"YO, NARCISO",2D Doblada,12:10,,,,https://www.cinemark.com.ar/peliculas/yo-narciso
,Cinemark Hoyts,Palermo,,"YO, NARCISO",2D Doblada,14:30,,,,https://www.cinemark.com.ar/peliculas/yo-narciso
,Cinemark Hoyts,Palermo,,"YO, NARCISO",2D Doblada,15:30,,,,https://www.cinemark.com.ar/peliculas/yo-narciso
,Cinemark Hoyts,Palermo,,"YO, NARCISO",2D Doblada,16:30,,,,https://www.cinemark.com.ar/peliculas/yo-narciso
,Cinemark Hoyts,Palermo,,"YO, NARCISO",2D Doblada,17:00,,,,https://www.cinemark.com.ar/peliculas/yo-narciso
,Cinemark Hoyts,Palermo,,"YO, NARCISO",2D Doblada,19:30,,,,https://www.cinemark.com.ar/peliculas/yo-narciso
,Cinemark Hoyts,Palermo,,"YO, NARCISO",2D Doblada,20:40,,,,https://www.cinemark.com.ar/peliculas/yo-narciso
,Cinemark Hoyts,Palermo,,"YO, NARCISO",2D Doblada,22:20,,,,https://www.cinemark.com.ar/peliculas/yo-narciso
,Cinemark Hoyts,Palermo,,COYOTE VS ACME,2D Doblada,12:20,,,,https://www.cinemark.com.ar/peliculas/coyote-vs-acme
,Cinemark Hoyts,Palermo,,COYOTE VS ACME,2D Doblada,15:10,,,,https://www.cinemark.com.ar/peliculas/coyote-vs-acme
,Cinemark Hoyts,Palermo,,COYOTE VS ACME,2D Doblada,17:50,,,,https://www.cinemark.com.ar/peliculas/coyote-vs-acme
,Cinemark Hoyts,Palermo,,COYOTE VS ACME,2D Subtitulada,20:30,,,,https://www.cinemark.com.ar/peliculas/coyote-vs-acme
,Cinemark Hoyts,Palermo,,SPIDER-MAN: UN NUEVO DÍA,2D Subtitulada,12:30,,,,https://www.cinemark.com.ar/peliculas/spider-man-un-nuevo-dia
,Cinemark Hoyts,Palermo,,SPIDER-MAN: UN NUEVO DÍA,2D Subtitulada,13:20,,,,https://www.cinemark.com.ar/peliculas/spider-man-un-nuevo-dia
,Cinemark Hoyts,Palermo,,SPIDER-MAN: UN NUEVO DÍA,2D Subtitulada,15:50,,,,https://www.cinemark.com.ar/peliculas/spider-man-un-nuevo-dia
,Cinemark Hoyts,Palermo,,SPIDER-MAN: UN NUEVO DÍA,2D Subtitulada,19:00,,,,https://www.cinemark.com.ar/peliculas/spider-man-un-nuevo-dia
,Cinemark Hoyts,Palermo,,SPIDER-MAN: UN NUEVO DÍA,3D Subtitulada,19:10,,,,https://www.cinemark.com.ar/peliculas/spider-man-un-nuevo-dia
,Cinemark Hoyts,Palermo,,SPIDER-MAN: UN NUEVO DÍA,2D Subtitulada,22:30,,,,https://www.cinemark.com.ar/peliculas/spider-man-un-nuevo-dia
,Cinemark Hoyts,Palermo,,PAW PATROL: LA DINO PELÍCULA,2D Doblada,12:40,,,,https://www.cinemark.com.ar/peliculas/paw-patrol-la-dino-pelicula
,Cinemark Hoyts,Palermo,,TOY STORY 5,2D Doblada,12:50,,,,https://www.cinemark.com.ar/peliculas/toy-story-5
,Cinemark Hoyts,Palermo,,PEPITA LA PISTOLERA,2D Doblada,13:00,,,,https://www.cinemark.com.ar/peliculas/pepita-la-pistolera
,Cinemark Hoyts,Palermo,,PEPITA LA PISTOLERA,2D Doblada,13:40,,,,https://www.cinemark.com.ar/peliculas/pepita-la-pistolera
,Cinemark Hoyts,Palermo,,PEPITA LA PISTOLERA,2D Doblada,16:20,,,,https://www.cinemark.com.ar/peliculas/pepita-la-pistolera
,Cinemark Hoyts,Palermo,,PEPITA LA PISTOLERA,2D Doblada,18:00,,,,https://www.cinemark.com.ar/peliculas/pepita-la-pistolera
,Cinemark Hoyts,Palermo,,PEPITA LA PISTOLERA,2D Doblada,19:20,,,,https://www.cinemark.com.ar/peliculas/pepita-la-pistolera
,Cinemark Hoyts,Palermo,,PEPITA LA PISTOLERA,2D Doblada,22:10,,,,https://www.cinemark.com.ar/peliculas/pepita-la-pistolera
,Cinemark Hoyts,Palermo,,PEPITA LA PISTOLERA,2D Doblada,23:00,,,,https://www.cinemark.com.ar/peliculas/pepita-la-pistolera
,Cinemark Hoyts,Palermo,,LA ODISEA,2D Subtitulada,13:10,,,,https://www.cinemark.com.ar/peliculas/la-odisea
,Cinemark Hoyts,Palermo,,LA ODISEA,2D Subtitulada,14:00,,,,https://www.cinemark.com.ar/peliculas/la-odisea
,Cinemark Hoyts,Palermo,,LA ODISEA,2D Subtitulada,18:10,,,,https://www.cinemark.com.ar/peliculas/la-odisea
,Cinemark Hoyts,Palermo,,LA ODISEA,2D Subtitulada,22:00,,,,https://www.cinemark.com.ar/peliculas/la-odisea
,Cinemark Hoyts,Palermo,,LA NOCHE DEL DEMONIO 6,2D Subtitulada,15:00,,,,https://www.cinemark.com.ar/peliculas/la-noche-del-demonio-estan-entre-nosotros
,Cinemark Hoyts,Palermo,,LA NOCHE DEL DEMONIO 6,2D Subtitulada,20:10,,,,https://www.cinemark.com.ar/peliculas/la-noche-del-demonio-estan-entre-nosotros
,Cinemark Hoyts,Palermo,,LA NOCHE DEL DEMONIO 6,2D Subtitulada,22:40,,,,https://www.cinemark.com.ar/peliculas/la-noche-del-demonio-estan-entre-nosotros
,Cinemark Hoyts,Palermo,,LA GUERRA DE LOS ÚLTIMOS,2D Subtitulada,15:20,,,,https://www.cinemark.com.ar/peliculas/la-guerra-de-los-ultimos
,Cinemark Hoyts,Palermo,,LA GUERRA DE LOS ÚLTIMOS,2D Subtitulada,23:10,,,,https://www.cinemark.com.ar/peliculas/la-guerra-de-los-ultimos
,Cinemark Hoyts,Palermo,,SÓLO POR UNA NOCHE,2D Subtitulada,17:40,,,,https://www.cinemark.com.ar/peliculas/solo-por-una-noche
,Cinemark Hoyts,Palermo,,LA INVITACIÓN,2D Subtitulada,18:20,,,,https://www.cinemark.com.ar/peliculas/la-invitacion
,Cinemark Hoyts,Palermo,,LA INVITACIÓN,2D Subtitulada,23:00,,,,https://www.cinemark.com.ar/peliculas/la-invitacion
,Cinemark Hoyts,Palermo,,ESA COSA CON ALAS,2D Subtitulada,20:50,,,,https://www.cinemark.com.ar/peliculas/esa-cosa-con-alas
,Cinemark Hoyts,Palermo,,TERMINATOR 2: EL JUICIO FINAL,2D Subtitulada,22:00,,,,https://www.cinemark.com.ar/peliculas/terminator-2-el-juicio-final-35-aniversario
,Cinemark Hoyts,Quilmes,,"YO, NARCISO",2D Doblada,12:20,,,,https://www.cinemark.com.ar/peliculas/yo-narciso
,Cinemark Hoyts,Quilmes,,"YO, NARCISO",2D Doblada,14:40,,,,https://www.cinemark.com.ar/peliculas/yo-narciso
,Cinemark Hoyts,Quilmes,,"YO, NARCISO",2D Doblada,17:05,,,,https://www.cinemark.com.ar/peliculas/yo-narciso
,Cinemark Hoyts,Quilmes,,"YO, NARCISO",2D Doblada,19:30,,,,https://www.cinemark.com.ar/peliculas/yo-narciso
,Cinemark Hoyts,Quilmes,,"YO, NARCISO",2D Doblada,20:35,,,,https://www.cinemark.com.ar/peliculas/yo-narciso
,Cinemark Hoyts,Quilmes,,"YO, NARCISO",2D Doblada,23:00,,,,https://www.cinemark.com.ar/peliculas/yo-narciso
,Cinemark Hoyts,Quilmes,,COYOTE VS ACME,2D Doblada,12:35,,,,https://www.cinemark.com.ar/peliculas/coyote-vs-acme
,Cinemark Hoyts,Quilmes,,COYOTE VS ACME,2D Doblada,15:05,,,,https://www.cinemark.com.ar/peliculas/coyote-vs-acme
,Cinemark Hoyts,Quilmes,,COYOTE VS ACME,2D Doblada,17:35,,,,https://www.cinemark.com.ar/peliculas/coyote-vs-acme
,Cinemark Hoyts,Quilmes,,COYOTE VS ACME,2D Doblada,20:05,,,,https://www.cinemark.com.ar/peliculas/coyote-vs-acme
,Cinemark Hoyts,Quilmes,,COYOTE VS ACME,2D Doblada,22:40,,,,https://www.cinemark.com.ar/peliculas/coyote-vs-acme
,Cinemark Hoyts,Quilmes,,SPIDER-MAN: UN NUEVO DÍA,4D 3D Doblada,12:40,,,,https://www.cinemark.com.ar/peliculas/spider-man-un-nuevo-dia
,Cinemark Hoyts,Quilmes,,SPIDER-MAN: UN NUEVO DÍA,2D Doblada,13:00,,,,https://www.cinemark.com.ar/peliculas/spider-man-un-nuevo-dia
,Cinemark Hoyts,Quilmes,,SPIDER-MAN: UN NUEVO DÍA,4D 3D Doblada,15:50,,,,https://www.cinemark.com.ar/peliculas/spider-man-un-nuevo-dia
,Cinemark Hoyts,Quilmes,,SPIDER-MAN: UN NUEVO DÍA,2D Doblada,16:10,,,,https://www.cinemark.com.ar/peliculas/spider-man-un-nuevo-dia
,Cinemark Hoyts,Quilmes,,SPIDER-MAN: UN NUEVO DÍA,4D 3D Doblada,19:00,,,,https://www.cinemark.com.ar/peliculas/spider-man-un-nuevo-dia
,Cinemark Hoyts,Quilmes,,SPIDER-MAN: UN NUEVO DÍA,2D Doblada,19:20,,,,https://www.cinemark.com.ar/peliculas/spider-man-un-nuevo-dia
,Cinemark Hoyts,Quilmes,,SPIDER-MAN: UN NUEVO DÍA,4D 3D Doblada,22:10,,,,https://www.cinemark.com.ar/peliculas/spider-man-un-nuevo-dia
,Cinemark Hoyts,Quilmes,,SPIDER-MAN: UN NUEVO DÍA,2D Doblada,22:30,,,,https://www.cinemark.com.ar/peliculas/spider-man-un-nuevo-dia
,Cinemark Hoyts,Quilmes,,PAW PATROL: LA DINO PELÍCULA,2D Doblada,12:40,,,,https://www.cinemark.com.ar/peliculas/paw-patrol-la-dino-pelicula
,Cinemark Hoyts,Quilmes,,PAW PATROL: LA DINO PELÍCULA,2D Doblada,14:50,,,,https://www.cinemark.com.ar/peliculas/paw-patrol-la-dino-pelicula
,Cinemark Hoyts,Quilmes,,TOY STORY 5,2D Doblada,13:15,,,,https://www.cinemark.com.ar/peliculas/toy-story-5
,Cinemark Hoyts,Quilmes,,TOY STORY 5,2D Doblada,15:40,,,,https://www.cinemark.com.ar/peliculas/toy-story-5
,Cinemark Hoyts,Quilmes,,TOY STORY 5,2D Doblada,18:05,,,,https://www.cinemark.com.ar/peliculas/toy-story-5
,Cinemark Hoyts,Quilmes,,MINIONS & MONSTRUOS,2D Doblada,13:20,,,,https://www.cinemark.com.ar/peliculas/minions-monstruos
,Cinemark Hoyts,Quilmes,,MINIONS & MONSTRUOS,2D Doblada,15:35,,,,https://www.cinemark.com.ar/peliculas/minions-monstruos
,Cinemark Hoyts,Quilmes,,PEPITA LA PISTOLERA,2D Doblada,13:30,,,,https://www.cinemark.com.ar/peliculas/pepita-la-pistolera
,Cinemark Hoyts,Quilmes,,PEPITA LA PISTOLERA,2D Doblada,16:00,,,,https://www.cinemark.com.ar/peliculas/pepita-la-pistolera
,Cinemark Hoyts,Quilmes,,PEPITA LA PISTOLERA,2D Doblada,18:45,,,,https://www.cinemark.com.ar/peliculas/pepita-la-pistolera
,Cinemark Hoyts,Quilmes,,PEPITA LA PISTOLERA,2D Doblada,20:00,,,,https://www.cinemark.com.ar/peliculas/pepita-la-pistolera
,Cinemark Hoyts,Quilmes,,PEPITA LA PISTOLERA,2D Doblada,21:30,,,,https://www.cinemark.com.ar/peliculas/pepita-la-pistolera
,Cinemark Hoyts,Quilmes,,PEPITA LA PISTOLERA,2D Doblada,22:40,,,,https://www.cinemark.com.ar/peliculas/pepita-la-pistolera
,Cinemark Hoyts,Quilmes,,LA NEGOCIACIÓN,2D Subtitulada,14:00,,,,https://www.cinemark.com.ar/peliculas/la-negociacion
,Cinemark Hoyts,Quilmes,,LA NEGOCIACIÓN,2D Subtitulada,20:10,,,,https://www.cinemark.com.ar/peliculas/la-negociacion
,Cinemark Hoyts,Quilmes,,MASHA Y LOS OSOS,2D Doblada,14:00,,,,https://www.cinemark.com.ar/peliculas/masha-y-los-osos
,Cinemark Hoyts,Quilmes,,MASHA Y LOS OSOS,2D Doblada,15:55,,,,https://www.cinemark.com.ar/peliculas/masha-y-los-osos
,Cinemark Hoyts,Quilmes,,LA NOCHE DEL DEMONIO 6,2D Doblada,14:15,,,,https://www.cinemark.com.ar/peliculas/la-noche-del-demonio-estan-entre-nosotros
,Cinemark Hoyts,Quilmes,,LA NOCHE DEL DEMONIO 6,2D Doblada,16:45,,,,https://www.cinemark.com.ar/peliculas/la-noche-del-demonio-estan-entre-nosotros
,Cinemark Hoyts,Quilmes,,LA NOCHE DEL DEMONIO 6,2D Doblada,18:00,,,,https://www.cinemark.com.ar/peliculas/la-noche-del-demonio-estan-entre-nosotros
,Cinemark Hoyts,Quilmes,,LA NOCHE DEL DEMONIO 6,2D Doblada,19:15,,,,https://www.cinemark.com.ar/peliculas/la-noche-del-demonio-estan-entre-nosotros
,Cinemark Hoyts,Quilmes,,LA NOCHE DEL DEMONIO 6,2D Doblada,20:30,,,,https://www.cinemark.com.ar/peliculas/la-noche-del-demonio-estan-entre-nosotros
,Cinemark Hoyts,Quilmes,,LA NOCHE DEL DEMONIO 6,2D Doblada,21:50,,,,https://www.cinemark.com.ar/peliculas/la-noche-del-demonio-estan-entre-nosotros
,Cinemark Hoyts,Quilmes,,LA NOCHE DEL DEMONIO 6,2D Doblada,22:50,,,,https://www.cinemark.com.ar/peliculas/la-noche-del-demonio-estan-entre-nosotros
,Cinemark Hoyts,Quilmes,,LA ODISEA,2D Doblada,14:50,,,,https://www.cinemark.com.ar/peliculas/la-odisea
,Cinemark Hoyts,Quilmes,,LA ODISEA,2D Doblada,18:30,,,,https://www.cinemark.com.ar/peliculas/la-odisea
,Cinemark Hoyts,Quilmes,,LA ODISEA,2D Doblada,22:15,,,,https://www.cinemark.com.ar/peliculas/la-odisea
,Cinemark Hoyts,Quilmes,,PMMM LA PELICULA PARTE 1,2D Subtitulada,17:00,,,,https://www.cinemark.com.ar/peliculas/puella-magi-madoka-magica-la-pelicula-parte-1
,Cinemark Hoyts,Quilmes,,LA GUERRA DE LOS ÚLTIMOS,2D Doblada,17:15,,,,https://www.cinemark.com.ar/peliculas/la-guerra-de-los-ultimos
,Cinemark Hoyts,Quilmes,,LA GUERRA DE LOS ÚLTIMOS,2D Doblada,22:45,,,,https://www.cinemark.com.ar/peliculas/la-guerra-de-los-ultimos
,Cinemark Hoyts,Quilmes,,COLONY: ZONA CERO,2D Doblada,17:50,,,,https://www.cinemark.com.ar/peliculas/colony-zona-cero
,Cinemark Hoyts,Quilmes,,COLONY: ZONA CERO,2D Doblada,20:35,,,,https://www.cinemark.com.ar/peliculas/colony-zona-cero
,Cinemark Hoyts,Quilmes,,COLONY: ZONA CERO,2D Doblada,23:15,,,,https://www.cinemark.com.ar/peliculas/colony-zona-cero
,Cinemark Hoyts,Quilmes,,TERMINATOR 2: EL JUICIO FINAL,2D Doblada,22:00,,,,https://www.cinemark.com.ar/peliculas/terminator-2-el-juicio-final-35-aniversario
,Cinemark Hoyts,San Justo,,PEPITA LA PISTOLERA,2D Doblada,12:20,,,,https://www.cinemark.com.ar/peliculas/pepita-la-pistolera
,Cinemark Hoyts,San Justo,,PEPITA LA PISTOLERA,2D Doblada,14:40,,,,https://www.cinemark.com.ar/peliculas/pepita-la-pistolera
,Cinemark Hoyts,San Justo,,PEPITA LA PISTOLERA,2D Doblada,17:00,,,,https://www.cinemark.com.ar/peliculas/pepita-la-pistolera
,Cinemark Hoyts,San Justo,,PEPITA LA PISTOLERA,2D Doblada,19:20,,,,https://www.cinemark.com.ar/peliculas/pepita-la-pistolera
,Cinemark Hoyts,San Justo,,PEPITA LA PISTOLERA,2D Doblada,21:45,,,,https://www.cinemark.com.ar/peliculas/pepita-la-pistolera
,Cinemark Hoyts,San Justo,,PEPITA LA PISTOLERA,2D Doblada,22:45,,,,https://www.cinemark.com.ar/peliculas/pepita-la-pistolera
,Cinemark Hoyts,San Justo,,COYOTE VS ACME,2D Doblada,12:25,,,,https://www.cinemark.com.ar/peliculas/coyote-vs-acme
,Cinemark Hoyts,San Justo,,COYOTE VS ACME,2D Doblada,14:50,,,,https://www.cinemark.com.ar/peliculas/coyote-vs-acme
,Cinemark Hoyts,San Justo,,COYOTE VS ACME,2D Doblada,17:20,,,,https://www.cinemark.com.ar/peliculas/coyote-vs-acme
,Cinemark Hoyts,San Justo,,COYOTE VS ACME,2D Doblada,20:00,,,,https://www.cinemark.com.ar/peliculas/coyote-vs-acme
,Cinemark Hoyts,San Justo,,SPIDER-MAN: UN NUEVO DÍA,DBOX XD 2D Doblada,12:30,,,,https://www.cinemark.com.ar/peliculas/spider-man-un-nuevo-dia
,Cinemark Hoyts,San Justo,,SPIDER-MAN: UN NUEVO DÍA,XD 2D Doblada,12:30,,,,https://www.cinemark.com.ar/peliculas/spider-man-un-nuevo-dia
,Cinemark Hoyts,San Justo,,SPIDER-MAN: UN NUEVO DÍA,2D Doblada,13:40,,,,https://www.cinemark.com.ar/peliculas/spider-man-un-nuevo-dia
,Cinemark Hoyts,San Justo,,SPIDER-MAN: UN NUEVO DÍA,DBOX XD 2D Doblada,15:40,,,,https://www.cinemark.com.ar/peliculas/spider-man-un-nuevo-dia
,Cinemark Hoyts,San Justo,,SPIDER-MAN: UN NUEVO DÍA,XD 2D Doblada,15:40,,,,https://www.cinemark.com.ar/peliculas/spider-man-un-nuevo-dia
,Cinemark Hoyts,San Justo,,SPIDER-MAN: UN NUEVO DÍA,DBOX XD 3D Doblada,18:50,,,,https://www.cinemark.com.ar/peliculas/spider-man-un-nuevo-dia
,Cinemark Hoyts,San Justo,,SPIDER-MAN: UN NUEVO DÍA,XD 3D Doblada,18:50,,,,https://www.cinemark.com.ar/peliculas/spider-man-un-nuevo-dia
,Cinemark Hoyts,San Justo,,SPIDER-MAN: UN NUEVO DÍA,2D Doblada,19:30,,,,https://www.cinemark.com.ar/peliculas/spider-man-un-nuevo-dia
,Cinemark Hoyts,San Justo,,SPIDER-MAN: UN NUEVO DÍA,DBOX XD 2D Doblada,22:00,,,,https://www.cinemark.com.ar/peliculas/spider-man-un-nuevo-dia
,Cinemark Hoyts,San Justo,,SPIDER-MAN: UN NUEVO DÍA,XD 2D Doblada,22:00,,,,https://www.cinemark.com.ar/peliculas/spider-man-un-nuevo-dia
,Cinemark Hoyts,San Justo,,LA NOCHE DEL DEMONIO 6,DBOX 2D Doblada,12:50,,,,https://www.cinemark.com.ar/peliculas/la-noche-del-demonio-estan-entre-nosotros
,Cinemark Hoyts,San Justo,,LA NOCHE DEL DEMONIO 6,2D Doblada,12:50,,,,https://www.cinemark.com.ar/peliculas/la-noche-del-demonio-estan-entre-nosotros
,Cinemark Hoyts,San Justo,,LA NOCHE DEL DEMONIO 6,DBOX 2D Doblada,15:10,,,,https://www.cinemark.com.ar/peliculas/la-noche-del-demonio-estan-entre-nosotros
,Cinemark Hoyts,San Justo,,LA NOCHE DEL DEMONIO 6,2D Doblada,15:10,,,,https://www.cinemark.com.ar/peliculas/la-noche-del-demonio-estan-entre-nosotros
,Cinemark Hoyts,San Justo,,LA NOCHE DEL DEMONIO 6,2D Doblada,16:50,,,,https://www.cinemark.com.ar/peliculas/la-noche-del-demonio-estan-entre-nosotros
,Cinemark Hoyts,San Justo,,LA NOCHE DEL DEMONIO 6,DBOX 2D Doblada,17:30,,,,https://www.cinemark.com.ar/peliculas/la-noche-del-demonio-estan-entre-nosotros
,Cinemark Hoyts,San Justo,,LA NOCHE DEL DEMONIO 6,2D Doblada,17:30,,,,https://www.cinemark.com.ar/peliculas/la-noche-del-demonio-estan-entre-nosotros
,Cinemark Hoyts,San Justo,,LA NOCHE DEL DEMONIO 6,DBOX 2D Doblada,19:50,,,,https://www.cinemark.com.ar/peliculas/la-noche-del-demonio-estan-entre-nosotros
,Cinemark Hoyts,San Justo,,LA NOCHE DEL DEMONIO 6,2D Doblada,19:50,,,,https://www.cinemark.com.ar/peliculas/la-noche-del-demonio-estan-entre-nosotros
,Cinemark Hoyts,San Justo,,LA NOCHE DEL DEMONIO 6,DBOX 2D Doblada,22:15,,,,https://www.cinemark.com.ar/peliculas/la-noche-del-demonio-estan-entre-nosotros
,Cinemark Hoyts,San Justo,,LA NOCHE DEL DEMONIO 6,2D Doblada,22:15,,,,https://www.cinemark.com.ar/peliculas/la-noche-del-demonio-estan-entre-nosotros
,Cinemark Hoyts,San Justo,,LA NOCHE DEL DEMONIO 6,2D Doblada,23:00,,,,https://www.cinemark.com.ar/peliculas/la-noche-del-demonio-estan-entre-nosotros
,Cinemark Hoyts,San Justo,,"YO, NARCISO",2D Doblada,13:10,,,,https://www.cinemark.com.ar/peliculas/yo-narciso
,Cinemark Hoyts,San Justo,,"YO, NARCISO",2D Doblada,15:30,,,,https://www.cinemark.com.ar/peliculas/yo-narciso
,Cinemark Hoyts,San Justo,,"YO, NARCISO",2D Doblada,17:50,,,,https://www.cinemark.com.ar/peliculas/yo-narciso
,Cinemark Hoyts,San Justo,,"YO, NARCISO",2D Doblada,20:10,,,,https://www.cinemark.com.ar/peliculas/yo-narciso
,Cinemark Hoyts,San Justo,,LA ODISEA,2D Doblada,22:30,,,,https://www.cinemark.com.ar/peliculas/la-odisea
,Cinemark Hoyts,Tortugas,,SPIDER-MAN: UN NUEVO DÍA,DBOX XD 2D Doblada,12:30,,,,https://www.cinemark.com.ar/peliculas/spider-man-un-nuevo-dia
,Cinemark Hoyts,Tortugas,,SPIDER-MAN: UN NUEVO DÍA,XD 2D Doblada,12:30,,,,https://www.cinemark.com.ar/peliculas/spider-man-un-nuevo-dia
,Cinemark Hoyts,Tortugas,,SPIDER-MAN: UN NUEVO DÍA,2D Doblada,13:30,,,,https://www.cinemark.com.ar/peliculas/spider-man-un-nuevo-dia
,Cinemark Hoyts,Tortugas,,SPIDER-MAN: UN NUEVO DÍA,DBOX XD 2D Doblada,15:40,,,,https://www.cinemark.com.ar/peliculas/spider-man-un-nuevo-dia
,Cinemark Hoyts,Tortugas,,SPIDER-MAN: UN NUEVO DÍA,XD 2D Doblada,15:40,,,,https://www.cinemark.com.ar/peliculas/spider-man-un-nuevo-dia
,Cinemark Hoyts,Tortugas,,SPIDER-MAN: UN NUEVO DÍA,DBOX XD 3D Doblada,18:50,,,,https://www.cinemark.com.ar/peliculas/spider-man-un-nuevo-dia
,Cinemark Hoyts,Tortugas,,SPIDER-MAN: UN NUEVO DÍA,XD 3D Doblada,18:50,,,,https://www.cinemark.com.ar/peliculas/spider-man-un-nuevo-dia
,Cinemark Hoyts,Tortugas,,SPIDER-MAN: UN NUEVO DÍA,2D Doblada,19:40,,,,https://www.cinemark.com.ar/peliculas/spider-man-un-nuevo-dia
,Cinemark Hoyts,Tortugas,,SPIDER-MAN: UN NUEVO DÍA,DBOX XD 2D Doblada,22:10,,,,https://www.cinemark.com.ar/peliculas/spider-man-un-nuevo-dia
,Cinemark Hoyts,Tortugas,,SPIDER-MAN: UN NUEVO DÍA,XD 2D Doblada,22:10,,,,https://www.cinemark.com.ar/peliculas/spider-man-un-nuevo-dia
,Cinemark Hoyts,Tortugas,,PEPITA LA PISTOLERA,2D Doblada,12:30,,,,https://www.cinemark.com.ar/peliculas/pepita-la-pistolera
,Cinemark Hoyts,Tortugas,,PEPITA LA PISTOLERA,2D Doblada,14:50,,,,https://www.cinemark.com.ar/peliculas/pepita-la-pistolera
,Cinemark Hoyts,Tortugas,,PEPITA LA PISTOLERA,2D Doblada,15:30,,,,https://www.cinemark.com.ar/peliculas/pepita-la-pistolera
,Cinemark Hoyts,Tortugas,,PEPITA LA PISTOLERA,2D Doblada,17:40,,,,https://www.cinemark.com.ar/peliculas/pepita-la-pistolera
,Cinemark Hoyts,Tortugas,,PEPITA LA PISTOLERA,2D Doblada,20:10,,,,https://www.cinemark.com.ar/peliculas/pepita-la-pistolera
,Cinemark Hoyts,Tortugas,,PEPITA LA PISTOLERA,2D Doblada,20:40,,,,https://www.cinemark.com.ar/peliculas/pepita-la-pistolera
,Cinemark Hoyts,Tortugas,,PEPITA LA PISTOLERA,2D Doblada,22:40,,,,https://www.cinemark.com.ar/peliculas/pepita-la-pistolera
,Cinemark Hoyts,Tortugas,,"YO, NARCISO",2D Doblada,12:40,,,,https://www.cinemark.com.ar/peliculas/yo-narciso
,Cinemark Hoyts,Tortugas,,"YO, NARCISO",2D Doblada,15:00,,,,https://www.cinemark.com.ar/peliculas/yo-narciso
,Cinemark Hoyts,Tortugas,,"YO, NARCISO",2D Doblada,17:10,,,,https://www.cinemark.com.ar/peliculas/yo-narciso
,Cinemark Hoyts,Tortugas,,"YO, NARCISO",2D Doblada,19:20,,,,https://www.cinemark.com.ar/peliculas/yo-narciso
,Cinemark Hoyts,Tortugas,,"YO, NARCISO",2D Doblada,21:40,,,,https://www.cinemark.com.ar/peliculas/yo-narciso
,Cinemark Hoyts,Tortugas,,LA NOCHE DEL DEMONIO 6,DBOX 2D Doblada,12:45,,,,https://www.cinemark.com.ar/peliculas/la-noche-del-demonio-estan-entre-nosotros
,Cinemark Hoyts,Tortugas,,LA NOCHE DEL DEMONIO 6,2D Doblada,12:45,,,,https://www.cinemark.com.ar/peliculas/la-noche-del-demonio-estan-entre-nosotros
,Cinemark Hoyts,Tortugas,,LA NOCHE DEL DEMONIO 6,DBOX 2D Doblada,15:10,,,,https://www.cinemark.com.ar/peliculas/la-noche-del-demonio-estan-entre-nosotros
,Cinemark Hoyts,Tortugas,,LA NOCHE DEL DEMONIO 6,2D Doblada,15:10,,,,https://www.cinemark.com.ar/peliculas/la-noche-del-demonio-estan-entre-nosotros
,Cinemark Hoyts,Tortugas,,LA NOCHE DEL DEMONIO 6,2D Doblada,16:50,,,,https://www.cinemark.com.ar/peliculas/la-noche-del-demonio-estan-entre-nosotros
,Cinemark Hoyts,Tortugas,,LA NOCHE DEL DEMONIO 6,DBOX 2D Doblada,17:30,,,,https://www.cinemark.com.ar/peliculas/la-noche-del-demonio-estan-entre-nosotros
,Cinemark Hoyts,Tortugas,,LA NOCHE DEL DEMONIO 6,2D Doblada,17:30,,,,https://www.cinemark.com.ar/peliculas/la-noche-del-demonio-estan-entre-nosotros
,Cinemark Hoyts,Tortugas,,LA NOCHE DEL DEMONIO 6,DBOX 2D Doblada,20:00,,,,https://www.cinemark.com.ar/peliculas/la-noche-del-demonio-estan-entre-nosotros
,Cinemark Hoyts,Tortugas,,LA NOCHE DEL DEMONIO 6,2D Doblada,20:00,,,,https://www.cinemark.com.ar/peliculas/la-noche-del-demonio-estan-entre-nosotros
,Cinemark Hoyts,Tortugas,,LA NOCHE DEL DEMONIO 6,DBOX 2D Doblada,22:30,,,,https://www.cinemark.com.ar/peliculas/la-noche-del-demonio-estan-entre-nosotros
,Cinemark Hoyts,Tortugas,,LA NOCHE DEL DEMONIO 6,2D Doblada,22:30,,,,https://www.cinemark.com.ar/peliculas/la-noche-del-demonio-estan-entre-nosotros
,Cinemark Hoyts,Tortugas,,LA NOCHE DEL DEMONIO 6,2D Doblada,22:50,,,,https://www.cinemark.com.ar/peliculas/la-noche-del-demonio-estan-entre-nosotros
,Cinemark Hoyts,Tortugas,,COLONY: ZONA CERO,2D Doblada,12:50,,,,https://www.cinemark.com.ar/peliculas/colony-zona-cero
,Cinemark Hoyts,Tortugas,,COLONY: ZONA CERO,2D Doblada,18:00,,,,https://www.cinemark.com.ar/peliculas/colony-zona-cero
,Cinemark Hoyts,Tortugas,,COLONY: ZONA CERO,2D Doblada,23:00,,,,https://www.cinemark.com.ar/peliculas/colony-zona-cero
,Cinemark Hoyts,Tortugas,,MASHA Y LOS OSOS,2D Doblada,13:10,,,,https://www.cinemark.com.ar/peliculas/masha-y-los-osos
,Cinemark Hoyts,Tortugas,,MASHA Y LOS OSOS,2D Doblada,15:15,,,,https://www.cinemark.com.ar/peliculas/masha-y-los-osos
,Cinemark Hoyts,Tortugas,,LA ODISEA,2D Doblada,14:10,,,,https://www.cinemark.com.ar/peliculas/la-odisea
,Cinemark Hoyts,Tortugas,,LA ODISEA,2D Doblada,17:50,,,,https://www.cinemark.com.ar/peliculas/la-odisea
,Cinemark Hoyts,Tortugas,,LA ODISEA,2D Doblada,21:30,,,,https://www.cinemark.com.ar/peliculas/la-odisea
,Cinemark Hoyts,Tortugas,,COYOTE VS ACME,2D Doblada,14:30,,,,https://www.cinemark.com.ar/peliculas/coyote-vs-acme
,Cinemark Hoyts,Tortugas,,COYOTE VS ACME,2D Doblada,17:00,,,,https://www.cinemark.com.ar/peliculas/coyote-vs-acme
,Cinemark Hoyts,Tortugas,,COYOTE VS ACME,2D Doblada,19:30,,,,https://www.cinemark.com.ar/peliculas/coyote-vs-acme
,Cinemark Hoyts,Tortugas,,TOY STORY 5,2D Doblada,17:20,,,,https://www.cinemark.com.ar/peliculas/toy-story-5
,Cinemark Hoyts,Tortugas,,LA GUERRA DE LOS ÚLTIMOS,2D Doblada,19:40,,,,https://www.cinemark.com.ar/peliculas/la-guerra-de-los-ultimos
,Cinemark Hoyts,Tortugas,,LA GUERRA DE LOS ÚLTIMOS,2D Doblada,22:20,,,,https://www.cinemark.com.ar/peliculas/la-guerra-de-los-ultimos
,Cinemark Hoyts,Tortugas,,TERMINATOR 2: EL JUICIO FINAL,2D Doblada,22:00,,,,https://www.cinemark.com.ar/peliculas/terminator-2-el-juicio-final-35-aniversario
,Cinemark Hoyts,Abasto,,SPIDER-MAN: UN NUEVO DÍA,DBOX 2D Doblada,12:30,,,,https://www.cinemark.com.ar/peliculas/spider-man-un-nuevo-dia
,Cinemark Hoyts,Abasto,,SPIDER-MAN: UN NUEVO DÍA,2D Doblada,12:30,,,,https://www.cinemark.com.ar/peliculas/spider-man-un-nuevo-dia
,Cinemark Hoyts,Abasto,,SPIDER-MAN: UN NUEVO DÍA,DBOX 2D Doblada,14:30,,,,https://www.cinemark.com.ar/peliculas/spider-man-un-nuevo-dia
,Cinemark Hoyts,Abasto,,SPIDER-MAN: UN NUEVO DÍA,2D Doblada,14:30,,,,https://www.cinemark.com.ar/peliculas/spider-man-un-nuevo-dia
,Cinemark Hoyts,Abasto,,SPIDER-MAN: UN NUEVO DÍA,DBOX 2D Doblada,15:50,,,,https://www.cinemark.com.ar/peliculas/spider-man-un-nuevo-dia
,Cinemark Hoyts,Abasto,,SPIDER-MAN: UN NUEVO DÍA,2D Doblada,15:50,,,,https://www.cinemark.com.ar/peliculas/spider-man-un-nuevo-dia
,Cinemark Hoyts,Abasto,,SPIDER-MAN: UN NUEVO DÍA,DBOX 2D Doblada,17:45,,,,https://www.cinemark.com.ar/peliculas/spider-man-un-nuevo-dia
,Cinemark Hoyts,Abasto,,SPIDER-MAN: UN NUEVO DÍA,2D Doblada,17:45,,,,https://www.cinemark.com.ar/peliculas/spider-man-un-nuevo-dia
,Cinemark Hoyts,Abasto,,SPIDER-MAN: UN NUEVO DÍA,DBOX 3D Doblada,19:00,,,,https://www.cinemark.com.ar/peliculas/spider-man-un-nuevo-dia
,Cinemark Hoyts,Abasto,,SPIDER-MAN: UN NUEVO DÍA,3D Doblada,19:00,,,,https://www.cinemark.com.ar/peliculas/spider-man-un-nuevo-dia
,Cinemark Hoyts,Abasto,,SPIDER-MAN: UN NUEVO DÍA,DBOX 2D Doblada,21:00,,,,https://www.cinemark.com.ar/peliculas/spider-man-un-nuevo-dia
,Cinemark Hoyts,Abasto,,SPIDER-MAN: UN NUEVO DÍA,2D Doblada,21:00,,,,https://www.cinemark.com.ar/peliculas/spider-man-un-nuevo-dia
,Cinemark Hoyts,Abasto,,SPIDER-MAN: UN NUEVO DÍA,DBOX 2D Doblada,22:10,,,,https://www.cinemark.com.ar/peliculas/spider-man-un-nuevo-dia
,Cinemark Hoyts,Abasto,,SPIDER-MAN: UN NUEVO DÍA,2D Doblada,22:10,,,,https://www.cinemark.com.ar/peliculas/spider-man-un-nuevo-dia
,Cinemark Hoyts,Abasto,,"YO, NARCISO",2D Doblada,12:35,,,,https://www.cinemark.com.ar/peliculas/yo-narciso
,Cinemark Hoyts,Abasto,,"YO, NARCISO",2D Doblada,14:50,,,,https://www.cinemark.com.ar/peliculas/yo-narciso
,Cinemark Hoyts,Abasto,,"YO, NARCISO",2D Doblada,17:10,,,,https://www.cinemark.com.ar/peliculas/yo-narciso
,Cinemark Hoyts,Abasto,,"YO, NARCISO",2D Doblada,19:40,,,,https://www.cinemark.com.ar/peliculas/yo-narciso
,Cinemark Hoyts,Abasto,,"YO, NARCISO",2D Doblada,20:00,,,,https://www.cinemark.com.ar/peliculas/yo-narciso
,Cinemark Hoyts,Abasto,,"YO, NARCISO",2D Doblada,22:20,,,,https://www.cinemark.com.ar/peliculas/yo-narciso
,Cinemark Hoyts,Abasto,,COYOTE VS ACME,2D Doblada,12:40,,,,https://www.cinemark.com.ar/peliculas/coyote-vs-acme
,Cinemark Hoyts,Abasto,,COYOTE VS ACME,2D Doblada,15:10,,,,https://www.cinemark.com.ar/peliculas/coyote-vs-acme
,Cinemark Hoyts,Abasto,,COYOTE VS ACME,2D Doblada,16:40,,,,https://www.cinemark.com.ar/peliculas/coyote-vs-acme
,Cinemark Hoyts,Abasto,,COYOTE VS ACME,2D Doblada,17:40,,,,https://www.cinemark.com.ar/peliculas/coyote-vs-acme
,Cinemark Hoyts,Abasto,,COYOTE VS ACME,2D Doblada,20:10,,,,https://www.cinemark.com.ar/peliculas/coyote-vs-acme
,Cinemark Hoyts,Abasto,,COYOTE VS ACME,2D Subtitulada,22:40,,,,https://www.cinemark.com.ar/peliculas/coyote-vs-acme
,Cinemark Hoyts,Abasto,,MASHA Y LOS OSOS,2D Doblada,12:50,,,,https://www.cinemark.com.ar/peliculas/masha-y-los-osos
,Cinemark Hoyts,Abasto,,MASHA Y LOS OSOS,2D Doblada,15:00,,,,https://www.cinemark.com.ar/peliculas/masha-y-los-osos
,Cinemark Hoyts,Abasto,,TOY STORY 5,2D Doblada,13:00,,,,https://www.cinemark.com.ar/peliculas/toy-story-5
,Cinemark Hoyts,Abasto,,TOY STORY 5,2D Doblada,17:50,,,,https://www.cinemark.com.ar/peliculas/toy-story-5
,Cinemark Hoyts,Abasto,,PAW PATROL: LA DINO PELÍCULA,2D Doblada,13:20,,,,https://www.cinemark.com.ar/peliculas/paw-patrol-la-dino-pelicula
,Cinemark Hoyts,Abasto,,PAW PATROL: LA DINO PELÍCULA,2D Doblada,15:40,,,,https://www.cinemark.com.ar/peliculas/paw-patrol-la-dino-pelicula
,Cinemark Hoyts,Abasto,,PAW PATROL: LA DINO PELÍCULA,2D Doblada,18:00,,,,https://www.cinemark.com.ar/peliculas/paw-patrol-la-dino-pelicula
,Cinemark Hoyts,Abasto,,LA ODISEA,DBOX 2D Subtitulada,13:40,,,,https://www.cinemark.com.ar/peliculas/la-odisea
,Cinemark Hoyts,Abasto,,LA ODISEA,2D Subtitulada,13:40,,,,https://www.cinemark.com.ar/peliculas/la-odisea
,Cinemark Hoyts,Abasto,,LA ODISEA,DBOX 2D Subtitulada,17:20,,,,https://www.cinemark.com.ar/peliculas/la-odisea
,Cinemark Hoyts,Abasto,,LA ODISEA,2D Subtitulada,17:20,,,,https://www.cinemark.com.ar/peliculas/la-odisea
,Cinemark Hoyts,Abasto,,LA ODISEA,DBOX 2D Subtitulada,21:10,,,,https://www.cinemark.com.ar/peliculas/la-odisea
,Cinemark Hoyts,Abasto,,LA ODISEA,2D Subtitulada,21:10,,,,https://www.cinemark.com.ar/peliculas/la-odisea
,Cinemark Hoyts,Abasto,,LA ODISEA,2D Doblada,22:10,,,,https://www.cinemark.com.ar/peliculas/la-odisea
,Cinemark Hoyts,Abasto,,LA GUERRA DE LOS ÚLTIMOS,2D Doblada,13:50,,,,https://www.cinemark.com.ar/peliculas/la-guerra-de-los-ultimos
,Cinemark Hoyts,Abasto,,LA GUERRA DE LOS ÚLTIMOS,2D Doblada,19:20,,,,https://www.cinemark.com.ar/peliculas/la-guerra-de-los-ultimos
,Cinemark Hoyts,Abasto,,IMPACTO MORTAL,2D Doblada,14:00,,,,https://www.cinemark.com.ar/peliculas/impacto-mortal
,Cinemark Hoyts,Abasto,,PEPITA LA PISTOLERA,2D Doblada,14:10,,,,https://www.cinemark.com.ar/peliculas/pepita-la-pistolera
,Cinemark Hoyts,Abasto,,PEPITA LA PISTOLERA,2D Doblada,16:50,,,,https://www.cinemark.com.ar/peliculas/pepita-la-pistolera
,Cinemark Hoyts,Abasto,,PEPITA LA PISTOLERA,2D Doblada,19:20,,,,https://www.cinemark.com.ar/peliculas/pepita-la-pistolera
,Cinemark Hoyts,Abasto,,PEPITA LA PISTOLERA,2D Doblada,20:20,,,,https://www.cinemark.com.ar/peliculas/pepita-la-pistolera
,Cinemark Hoyts,Abasto,,PEPITA LA PISTOLERA,2D Doblada,21:50,,,,https://www.cinemark.com.ar/peliculas/pepita-la-pistolera
,Cinemark Hoyts,Abasto,,PEPITA LA PISTOLERA,2D Doblada,22:50,,,,https://www.cinemark.com.ar/peliculas/pepita-la-pistolera
,Cinemark Hoyts,Abasto,,LA NOCHE DEL DEMONIO 6,2D Doblada,14:20,,,,https://www.cinemark.com.ar/peliculas/la-noche-del-demonio-estan-entre-nosotros
,Cinemark Hoyts,Abasto,,LA NOCHE DEL DEMONIO 6,2D Doblada,16:50,,,,https://www.cinemark.com.ar/peliculas/la-noche-del-demonio-estan-entre-nosotros
,Cinemark Hoyts,Abasto,,LA NOCHE DEL DEMONIO 6,2D Doblada,19:30,,,,https://www.cinemark.com.ar/peliculas/la-noche-del-demonio-estan-entre-nosotros
,Cinemark Hoyts,Abasto,,LA NOCHE DEL DEMONIO 6,2D Doblada,20:20,,,,https://www.cinemark.com.ar/peliculas/la-noche-del-demonio-estan-entre-nosotros
,Cinemark Hoyts,Abasto,,LA NOCHE DEL DEMONIO 6,2D Doblada,22:00,,,,https://www.cinemark.com.ar/peliculas/la-noche-del-demonio-estan-entre-nosotros
,Cinemark Hoyts,Abasto,,LA NOCHE DEL DEMONIO 6,2D Doblada,23:00,,,,https://www.cinemark.com.ar/peliculas/la-noche-del-demonio-estan-entre-nosotros
,Cinemark Hoyts,Abasto,,EL FINAL DE LA CALLE OAK,2D Doblada,15:30,,,,https://www.cinemark.com.ar/peliculas/el-final-de-la-calle-oak
,Cinemark Hoyts,Abasto,,PMMM LA PELICULA PARTE 1,2D Subtitulada,17:00,,,,https://www.cinemark.com.ar/peliculas/puella-magi-madoka-magica-la-pelicula-parte-1
,Cinemark Hoyts,Abasto,,COLONY: ZONA CERO,2D Doblada,17:15,,,,https://www.cinemark.com.ar/peliculas/colony-zona-cero
,Cinemark Hoyts,Abasto,,COLONY: ZONA CERO,2D Doblada,22:30,,,,https://www.cinemark.com.ar/peliculas/colony-zona-cero
,Cinemark Hoyts,Abasto,,LA NEGOCIACIÓN,2D Subtitulada,20:00,,,,https://www.cinemark.com.ar/peliculas/la-negociacion
,Cinemark Hoyts,Abasto,,TERMINATOR 2: EL JUICIO FINAL,2D Doblada,22:00,,,,https://www.cinemark.com.ar/peliculas/terminator-2-el-juicio-final-35-aniversario
,Cinemark Hoyts,Moreno,,SPIDER-MAN: UN NUEVO DÍA,DBOX 2D Doblada,12:30,,,,https://www.cinemark.com.ar/peliculas/spider-man-un-nuevo-dia
,Cinemark Hoyts,Moreno,,SPIDER-MAN: UN NUEVO DÍA,2D Doblada,12:30,,,,https://www.cinemark.com.ar/peliculas/spider-man-un-nuevo-dia
,Cinemark Hoyts,Moreno,,SPIDER-MAN: UN NUEVO DÍA,2D Doblada,13:00,,,,https://www.cinemark.com.ar/peliculas/spider-man-un-nuevo-dia
,Cinemark Hoyts,Moreno,,SPIDER-MAN: UN NUEVO DÍA,DBOX 2D Doblada,15:50,,,,https://www.cinemark.com.ar/peliculas/spider-man-un-nuevo-dia
,Cinemark Hoyts,Moreno,,SPIDER-MAN: UN NUEVO DÍA,2D Doblada,15:50,,,,https://www.cinemark.com.ar/peliculas/spider-man-un-nuevo-dia
,Cinemark Hoyts,Moreno,,SPIDER-MAN: UN NUEVO DÍA,2D Doblada,18:40,,,,https://www.cinemark.com.ar/peliculas/spider-man-un-nuevo-dia
,Cinemark Hoyts,Moreno,,SPIDER-MAN: UN NUEVO DÍA,DBOX 3D Doblada,19:10,,,,https://www.cinemark.com.ar/peliculas/spider-man-un-nuevo-dia
,Cinemark Hoyts,Moreno,,SPIDER-MAN: UN NUEVO DÍA,3D Doblada,19:10,,,,https://www.cinemark.com.ar/peliculas/spider-man-un-nuevo-dia
,Cinemark Hoyts,Moreno,,SPIDER-MAN: UN NUEVO DÍA,2D Doblada,21:50,,,,https://www.cinemark.com.ar/peliculas/spider-man-un-nuevo-dia
,Cinemark Hoyts,Moreno,,SPIDER-MAN: UN NUEVO DÍA,DBOX 2D Doblada,22:30,,,,https://www.cinemark.com.ar/peliculas/spider-man-un-nuevo-dia
,Cinemark Hoyts,Moreno,,SPIDER-MAN: UN NUEVO DÍA,2D Doblada,22:30,,,,https://www.cinemark.com.ar/peliculas/spider-man-un-nuevo-dia
,Cinemark Hoyts,Moreno,,MASHA Y LOS OSOS,2D Doblada,13:05,,,,https://www.cinemark.com.ar/peliculas/masha-y-los-osos
,Cinemark Hoyts,Moreno,,MASHA Y LOS OSOS,2D Doblada,15:10,,,,https://www.cinemark.com.ar/peliculas/masha-y-los-osos
,Cinemark Hoyts,Moreno,,TOY STORY 5,2D Doblada,13:10,,,,https://www.cinemark.com.ar/peliculas/toy-story-5
,Cinemark Hoyts,Moreno,,TOY STORY 5,2D Doblada,15:30,,,,https://www.cinemark.com.ar/peliculas/toy-story-5
,Cinemark Hoyts,Moreno,,TOY STORY 5,2D Doblada,18:00,,,,https://www.cinemark.com.ar/peliculas/toy-story-5
,Cinemark Hoyts,Moreno,,PAW PATROL: LA DINO PELÍCULA,2D Doblada,13:15,,,,https://www.cinemark.com.ar/peliculas/paw-patrol-la-dino-pelicula
,Cinemark Hoyts,Moreno,,PAW PATROL: LA DINO PELÍCULA,2D Doblada,15:20,,,,https://www.cinemark.com.ar/peliculas/paw-patrol-la-dino-pelicula
,Cinemark Hoyts,Moreno,,"YO, NARCISO",2D Doblada,13:20,,,,https://www.cinemark.com.ar/peliculas/yo-narciso
,Cinemark Hoyts,Moreno,,"YO, NARCISO",2D Doblada,15:40,,,,https://www.cinemark.com.ar/peliculas/yo-narciso
,Cinemark Hoyts,Moreno,,"YO, NARCISO",2D Doblada,17:50,,,,https://www.cinemark.com.ar/peliculas/yo-narciso
,Cinemark Hoyts,Moreno,,"YO, NARCISO",2D Doblada,20:10,,,,https://www.cinemark.com.ar/peliculas/yo-narciso
,Cinemark Hoyts,Moreno,,"YO, NARCISO",2D Doblada,22:20,,,,https://www.cinemark.com.ar/peliculas/yo-narciso
,Cinemark Hoyts,Moreno,,LA NOCHE DEL DEMONIO 6,DBOX 2D Doblada,14:00,,,,https://www.cinemark.com.ar/peliculas/la-noche-del-demonio-estan-entre-nosotros
,Cinemark Hoyts,Moreno,,LA NOCHE DEL DEMONIO 6,2D Doblada,14:00,,,,https://www.cinemark.com.ar/peliculas/la-noche-del-demonio-estan-entre-nosotros
,Cinemark Hoyts,Moreno,,LA NOCHE DEL DEMONIO 6,DBOX 2D Doblada,16:30,,,,https://www.cinemark.com.ar/peliculas/la-noche-del-demonio-estan-entre-nosotros
,Cinemark Hoyts,Moreno,,LA NOCHE DEL DEMONIO 6,2D Doblada,16:30,,,,https://www.cinemark.com.ar/peliculas/la-noche-del-demonio-estan-entre-nosotros
,Cinemark Hoyts,Moreno,,LA NOCHE DEL DEMONIO 6,DBOX 2D Doblada,19:00,,,,https://www.cinemark.com.ar/peliculas/la-noche-del-demonio-estan-entre-nosotros
,Cinemark Hoyts,Moreno,,LA NOCHE DEL DEMONIO 6,2D Doblada,19:00,,,,https://www.cinemark.com.ar/peliculas/la-noche-del-demonio-estan-entre-nosotros
,Cinemark Hoyts,Moreno,,LA NOCHE DEL DEMONIO 6,2D Doblada,20:15,,,,https://www.cinemark.com.ar/peliculas/la-noche-del-demonio-estan-entre-nosotros
,Cinemark Hoyts,Moreno,,LA NOCHE DEL DEMONIO 6,DBOX 2D Doblada,21:30,,,,https://www.cinemark.com.ar/peliculas/la-noche-del-demonio-estan-entre-nosotros
,Cinemark Hoyts,Moreno,,LA NOCHE DEL DEMONIO 6,2D Doblada,21:30,,,,https://www.cinemark.com.ar/peliculas/la-noche-del-demonio-estan-entre-nosotros
,Cinemark Hoyts,Moreno,,LA NOCHE DEL DEMONIO 6,2D Doblada,22:50,,,,https://www.cinemark.com.ar/peliculas/la-noche-del-demonio-estan-entre-nosotros
,Cinemark Hoyts,Moreno,,PEPITA LA PISTOLERA,2D Doblada,14:10,,,,https://www.cinemark.com.ar/peliculas/pepita-la-pistolera
,Cinemark Hoyts,Moreno,,PEPITA LA PISTOLERA,2D Doblada,16:50,,,,https://www.cinemark.com.ar/peliculas/pepita-la-pistolera
,Cinemark Hoyts,Moreno,,PEPITA LA PISTOLERA,2D Doblada,17:40,,,,https://www.cinemark.com.ar/peliculas/pepita-la-pistolera
,Cinemark Hoyts,Moreno,,PEPITA LA PISTOLERA,2D Doblada,19:40,,,,https://www.cinemark.com.ar/peliculas/pepita-la-pistolera
,Cinemark Hoyts,Moreno,,PEPITA LA PISTOLERA,2D Doblada,22:15,,,,https://www.cinemark.com.ar/peliculas/pepita-la-pistolera
,Cinemark Hoyts,Moreno,,PEPITA LA PISTOLERA,2D Doblada,23:00,,,,https://www.cinemark.com.ar/peliculas/pepita-la-pistolera
,Cinemark Hoyts,Moreno,,COYOTE VS ACME,2D Doblada,14:20,,,,https://www.cinemark.com.ar/peliculas/coyote-vs-acme
,Cinemark Hoyts,Moreno,,COYOTE VS ACME,2D Doblada,17:00,,,,https://www.cinemark.com.ar/peliculas/coyote-vs-acme
,Cinemark Hoyts,Moreno,,COYOTE VS ACME,2D Doblada,19:30,,,,https://www.cinemark.com.ar/peliculas/coyote-vs-acme
,Cinemark Hoyts,Moreno,,LA ODISEA,2D Doblada,14:50,,,,https://www.cinemark.com.ar/peliculas/la-odisea
,Cinemark Hoyts,Moreno,,LA ODISEA,2D Doblada,18:30,,,,https://www.cinemark.com.ar/peliculas/la-odisea
,Cinemark Hoyts,Moreno,,LA ODISEA,2D Doblada,22:10,,,,https://www.cinemark.com.ar/peliculas/la-odisea
,Cinemark Hoyts,Moreno,,EL FINAL DE LA CALLE OAK,2D Doblada,16:20,,,,https://www.cinemark.com.ar/peliculas/el-final-de-la-calle-oak
,Cinemark Hoyts,Moreno,,COLONY: ZONA CERO,2D Doblada,17:10,,,,https://www.cinemark.com.ar/peliculas/colony-zona-cero
,Cinemark Hoyts,Moreno,,COLONY: ZONA CERO,2D Doblada,20:00,,,,https://www.cinemark.com.ar/peliculas/colony-zona-cero
,Cinemark Hoyts,Moreno,,COLONY: ZONA CERO,2D Doblada,22:40,,,,https://www.cinemark.com.ar/peliculas/colony-zona-cero
,Cinemark Hoyts,Moreno,,LA GUERRA DE LOS ÚLTIMOS,2D Doblada,20:20,,,,https://www.cinemark.com.ar/peliculas/la-guerra-de-los-ultimos
,Cinemark Hoyts,Moreno,,TERMINATOR 2: EL JUICIO FINAL,2D Doblada,22:00,,,,https://www.cinemark.com.ar/peliculas/terminator-2-el-juicio-final-35-aniversario
,Cinemark Hoyts,Moron,,COYOTE VS ACME,2D Doblada,12:30,,,,https://www.cinemark.com.ar/peliculas/coyote-vs-acme
,Cinemark Hoyts,Moron,,COYOTE VS ACME,2D Doblada,15:10,,,,https://www.cinemark.com.ar/peliculas/coyote-vs-acme
,Cinemark Hoyts,Moron,,COYOTE VS ACME,2D Doblada,17:45,,,,https://www.cinemark.com.ar/peliculas/coyote-vs-acme
,Cinemark Hoyts,Moron,,COYOTE VS ACME,2D Doblada,20:20,,,,https://www.cinemark.com.ar/peliculas/coyote-vs-acme
,Cinemark Hoyts,Moron,,"YO, NARCISO",2D Doblada,12:40,,,,https://www.cinemark.com.ar/peliculas/yo-narciso
,Cinemark Hoyts,Moron,,"YO, NARCISO",2D Doblada,15:00,,,,https://www.cinemark.com.ar/peliculas/yo-narciso
,Cinemark Hoyts,Moron,,"YO, NARCISO",2D Doblada,17:20,,,,https://www.cinemark.com.ar/peliculas/yo-narciso
,Cinemark Hoyts,Moron,,"YO, NARCISO",2D Doblada,19:40,,,,https://www.cinemark.com.ar/peliculas/yo-narciso
,Cinemark Hoyts,Moron,,"YO, NARCISO",2D Doblada,21:50,,,,https://www.cinemark.com.ar/peliculas/yo-narciso
,Cinemark Hoyts,Moron,,LA NOCHE DEL DEMONIO 6,DBOX 2D Doblada,12:50,,,,https://www.cinemark.com.ar/peliculas/la-noche-del-demonio-estan-entre-nosotros
,Cinemark Hoyts,Moron,,LA NOCHE DEL DEMONIO 6,2D Doblada,12:50,,,,https://www.cinemark.com.ar/peliculas/la-noche-del-demonio-estan-entre-nosotros
,Cinemark Hoyts,Moron,,LA NOCHE DEL DEMONIO 6,DBOX 2D Doblada,15:30,,,,https://www.cinemark.com.ar/peliculas/la-noche-del-demonio-estan-entre-nosotros
,Cinemark Hoyts,Moron,,LA NOCHE DEL DEMONIO 6,2D Doblada,15:30,,,,https://www.cinemark.com.ar/peliculas/la-noche-del-demonio-estan-entre-nosotros
,Cinemark Hoyts,Moron,,LA NOCHE DEL DEMONIO 6,DBOX 2D Doblada,18:00,,,,https://www.cinemark.com.ar/peliculas/la-noche-del-demonio-estan-entre-nosotros
,Cinemark Hoyts,Moron,,LA NOCHE DEL DEMONIO 6,2D Doblada,18:00,,,,https://www.cinemark.com.ar/peliculas/la-noche-del-demonio-estan-entre-nosotros
,Cinemark Hoyts,Moron,,LA NOCHE DEL DEMONIO 6,DBOX 2D Doblada,20:30,,,,https://www.cinemark.com.ar/peliculas/la-noche-del-demonio-estan-entre-nosotros
,Cinemark Hoyts,Moron,,LA NOCHE DEL DEMONIO 6,2D Doblada,20:30,,,,https://www.cinemark.com.ar/peliculas/la-noche-del-demonio-estan-entre-nosotros
,Cinemark Hoyts,Moron,,LA NOCHE DEL DEMONIO 6,DBOX 2D Doblada,23:00,,,,https://www.cinemark.com.ar/peliculas/la-noche-del-demonio-estan-entre-nosotros
,Cinemark Hoyts,Moron,,LA NOCHE DEL DEMONIO 6,2D Doblada,23:00,,,,https://www.cinemark.com.ar/peliculas/la-noche-del-demonio-estan-entre-nosotros
,Cinemark Hoyts,Moron,,PEPITA LA PISTOLERA,2D Doblada,13:00,,,,https://www.cinemark.com.ar/peliculas/pepita-la-pistolera
,Cinemark Hoyts,Moron,,PEPITA LA PISTOLERA,2D Doblada,15:20,,,,https://www.cinemark.com.ar/peliculas/pepita-la-pistolera
,Cinemark Hoyts,Moron,,PEPITA LA PISTOLERA,2D Doblada,17:40,,,,https://www.cinemark.com.ar/peliculas/pepita-la-pistolera
,Cinemark Hoyts,Moron,,PEPITA LA PISTOLERA,2D Doblada,20:10,,,,https://www.cinemark.com.ar/peliculas/pepita-la-pistolera
,Cinemark Hoyts,Moron,,PEPITA LA PISTOLERA,2D Doblada,22:40,,,,https://www.cinemark.com.ar/peliculas/pepita-la-pistolera
,Cinemark Hoyts,Moron,,SPIDER-MAN: UN NUEVO DÍA,DBOX 2D Doblada,13:10,,,,https://www.cinemark.com.ar/peliculas/spider-man-un-nuevo-dia
,Cinemark Hoyts,Moron,,SPIDER-MAN: UN NUEVO DÍA,2D Doblada,13:10,,,,https://www.cinemark.com.ar/peliculas/spider-man-un-nuevo-dia
,Cinemark Hoyts,Moron,,SPIDER-MAN: UN NUEVO DÍA,DBOX 3D Doblada,16:20,,,,https://www.cinemark.com.ar/peliculas/spider-man-un-nuevo-dia
,Cinemark Hoyts,Moron,,SPIDER-MAN: UN NUEVO DÍA,3D Doblada,16:20,,,,https://www.cinemark.com.ar/peliculas/spider-man-un-nuevo-dia
,Cinemark Hoyts,Moron,,SPIDER-MAN: UN NUEVO DÍA,2D Doblada,18:40,,,,https://www.cinemark.com.ar/peliculas/spider-man-un-nuevo-dia
,Cinemark Hoyts,Moron,,SPIDER-MAN: UN NUEVO DÍA,DBOX 2D Doblada,19:30,,,,https://www.cinemark.com.ar/peliculas/spider-man-un-nuevo-dia
,Cinemark Hoyts,Moron,,SPIDER-MAN: UN NUEVO DÍA,2D Doblada,19:30,,,,https://www.cinemark.com.ar/peliculas/spider-man-un-nuevo-dia
,Cinemark Hoyts,Moron,,SPIDER-MAN: UN NUEVO DÍA,2D Doblada,22:10,,,,https://www.cinemark.com.ar/peliculas/spider-man-un-nuevo-dia
,Cinemark Hoyts,Moron,,SPIDER-MAN: UN NUEVO DÍA,DBOX 2D Doblada,22:40,,,,https://www.cinemark.com.ar/peliculas/spider-man-un-nuevo-dia
,Cinemark Hoyts,Moron,,SPIDER-MAN: UN NUEVO DÍA,2D Doblada,22:40,,,,https://www.cinemark.com.ar/peliculas/spider-man-un-nuevo-dia
,Cinemark Hoyts,Moron,,TOY STORY 5,2D Doblada,13:50,,,,https://www.cinemark.com.ar/peliculas/toy-story-5
,Cinemark Hoyts,Moron,,TOY STORY 5,2D Doblada,16:10,,,,https://www.cinemark.com.ar/peliculas/toy-story-5
,Cinemark Hoyts,Moron,,PAW PATROL: LA DINO PELÍCULA,2D Doblada,14:00,,,,https://www.cinemark.com.ar/peliculas/paw-patrol-la-dino-pelicula
,Cinemark Hoyts,Moron,,LA ODISEA,2D Doblada,14:30,,,,https://www.cinemark.com.ar/peliculas/la-odisea
,Cinemark Hoyts,Moron,,LA ODISEA,2D Doblada,18:30,,,,https://www.cinemark.com.ar/peliculas/la-odisea
,Cinemark Hoyts,Moron,,LA ODISEA,2D Doblada,22:10,,,,https://www.cinemark.com.ar/peliculas/la-odisea
,Cinemark Hoyts,Moron,,COLONY: ZONA CERO,2D Doblada,16:40,,,,https://www.cinemark.com.ar/peliculas/colony-zona-cero
,Cinemark Hoyts,Moron,,COLONY: ZONA CERO,2D Doblada,22:50,,,,https://www.cinemark.com.ar/peliculas/colony-zona-cero
,Cinemark Hoyts,Moron,,LA GUERRA DE LOS ÚLTIMOS,2D Doblada,19:20,,,,https://www.cinemark.com.ar/peliculas/la-guerra-de-los-ultimos
,Cinemark Hoyts,Moron,,LA GUERRA DE LOS ÚLTIMOS,2D Doblada,22:00,,,,https://www.cinemark.com.ar/peliculas/la-guerra-de-los-ultimos
,Cinemark Hoyts,Malvinas Argentinas,,TOY STORY 5,DBOX XD 2D Doblada,12:40,,,,https://www.cinemark.com.ar/peliculas/toy-story-5
,Cinemark Hoyts,Malvinas Argentinas,,TOY STORY 5,XD 2D Doblada,12:40,,,,https://www.cinemark.com.ar/peliculas/toy-story-5
,Cinemark Hoyts,Malvinas Argentinas,,TOY STORY 5,2D Doblada,14:30,,,,https://www.cinemark.com.ar/peliculas/toy-story-5
,Cinemark Hoyts,Malvinas Argentinas,,COYOTE VS ACME,2D Doblada,12:45,,,,https://www.cinemark.com.ar/peliculas/coyote-vs-acme
,Cinemark Hoyts,Malvinas Argentinas,,COYOTE VS ACME,2D Doblada,15:15,,,,https://www.cinemark.com.ar/peliculas/coyote-vs-acme
,Cinemark Hoyts,Malvinas Argentinas,,COYOTE VS ACME,2D Doblada,17:40,,,,https://www.cinemark.com.ar/peliculas/coyote-vs-acme
,Cinemark Hoyts,Malvinas Argentinas,,COYOTE VS ACME,2D Doblada,20:05,,,,https://www.cinemark.com.ar/peliculas/coyote-vs-acme
,Cinemark Hoyts,Malvinas Argentinas,,"YO, NARCISO",2D Doblada,12:50,,,,https://www.cinemark.com.ar/peliculas/yo-narciso
,Cinemark Hoyts,Malvinas Argentinas,,"YO, NARCISO",2D Doblada,15:10,,,,https://www.cinemark.com.ar/peliculas/yo-narciso
,Cinemark Hoyts,Malvinas Argentinas,,"YO, NARCISO",2D Doblada,17:20,,,,https://www.cinemark.com.ar/peliculas/yo-narciso
,Cinemark Hoyts,Malvinas Argentinas,,"YO, NARCISO",2D Doblada,19:50,,,,https://www.cinemark.com.ar/peliculas/yo-narciso
,Cinemark Hoyts,Malvinas Argentinas,,"YO, NARCISO",2D Doblada,22:20,,,,https://www.cinemark.com.ar/peliculas/yo-narciso
,Cinemark Hoyts,Malvinas Argentinas,,SPIDER-MAN: UN NUEVO DÍA,DBOX 3D Doblada,13:10,,,,https://www.cinemark.com.ar/peliculas/spider-man-un-nuevo-dia
,Cinemark Hoyts,Malvinas Argentinas,,SPIDER-MAN: UN NUEVO DÍA,3D Doblada,13:10,,,,https://www.cinemark.com.ar/peliculas/spider-man-un-nuevo-dia
,Cinemark Hoyts,Malvinas Argentinas,,SPIDER-MAN: UN NUEVO DÍA,DBOX XD 2D Doblada,15:00,,,,https://www.cinemark.com.ar/peliculas/spider-man-un-nuevo-dia
,Cinemark Hoyts,Malvinas Argentinas,,SPIDER-MAN: UN NUEVO DÍA,XD 2D Doblada,15:00,,,,https://www.cinemark.com.ar/peliculas/spider-man-un-nuevo-dia
,Cinemark Hoyts,Malvinas Argentinas,,SPIDER-MAN: UN NUEVO DÍA,DBOX 2D Doblada,16:20,,,,https://www.cinemark.com.ar/peliculas/spider-man-un-nuevo-dia
,Cinemark Hoyts,Malvinas Argentinas,,SPIDER-MAN: UN NUEVO DÍA,2D Doblada,16:20,,,,https://www.cinemark.com.ar/peliculas/spider-man-un-nuevo-dia
,Cinemark Hoyts,Malvinas Argentinas,,SPIDER-MAN: UN NUEVO DÍA,DBOX XD 2D Doblada,18:20,,,,https://www.cinemark.com.ar/peliculas/spider-man-un-nuevo-dia
,Cinemark Hoyts,Malvinas Argentinas,,SPIDER-MAN: UN NUEVO DÍA,XD 2D Doblada,18:20,,,,https://www.cinemark.com.ar/peliculas/spider-man-un-nuevo-dia
,Cinemark Hoyts,Malvinas Argentinas,,SPIDER-MAN: UN NUEVO DÍA,DBOX 3D Doblada,19:30,,,,https://www.cinemark.com.ar/peliculas/spider-man-un-nuevo-dia
,Cinemark Hoyts,Malvinas Argentinas,,SPIDER-MAN: UN NUEVO DÍA,3D Doblada,19:30,,,,https://www.cinemark.com.ar/peliculas/spider-man-un-nuevo-dia
,Cinemark Hoyts,Malvinas Argentinas,,SPIDER-MAN: UN NUEVO DÍA,DBOX XD 2D Doblada,21:40,,,,https://www.cinemark.com.ar/peliculas/spider-man-un-nuevo-dia
,Cinemark Hoyts,Malvinas Argentinas,,SPIDER-MAN: UN NUEVO DÍA,XD 2D Doblada,21:40,,,,https://www.cinemark.com.ar/peliculas/spider-man-un-nuevo-dia
,Cinemark Hoyts,Malvinas Argentinas,,SPIDER-MAN: UN NUEVO DÍA,DBOX 2D Doblada,22:40,,,,https://www.cinemark.com.ar/peliculas/spider-man-un-nuevo-dia
,Cinemark Hoyts,Malvinas Argentinas,,SPIDER-MAN: UN NUEVO DÍA,2D Doblada,22:40,,,,https://www.cinemark.com.ar/peliculas/spider-man-un-nuevo-dia
,Cinemark Hoyts,Malvinas Argentinas,,PAW PATROL: LA DINO PELÍCULA,2D Doblada,13:20,,,,https://www.cinemark.com.ar/peliculas/paw-patrol-la-dino-pelicula
,Cinemark Hoyts,Malvinas Argentinas,,PAW PATROL: LA DINO PELÍCULA,2D Doblada,15:30,,,,https://www.cinemark.com.ar/peliculas/paw-patrol-la-dino-pelicula
,Cinemark Hoyts,Malvinas Argentinas,,MASHA Y LOS OSOS,2D Doblada,13:40,,,,https://www.cinemark.com.ar/peliculas/masha-y-los-osos
,Cinemark Hoyts,Malvinas Argentinas,,MASHA Y LOS OSOS,2D Doblada,15:50,,,,https://www.cinemark.com.ar/peliculas/masha-y-los-osos
,Cinemark Hoyts,Malvinas Argentinas,,PEPITA LA PISTOLERA,2D Doblada,14:00,,,,https://www.cinemark.com.ar/peliculas/pepita-la-pistolera
,Cinemark Hoyts,Malvinas Argentinas,,PEPITA LA PISTOLERA,2D Doblada,16:30,,,,https://www.cinemark.com.ar/peliculas/pepita-la-pistolera
,Cinemark Hoyts,Malvinas Argentinas,,PEPITA LA PISTOLERA,2D Doblada,19:00,,,,https://www.cinemark.com.ar/peliculas/pepita-la-pistolera
,Cinemark Hoyts,Malvinas Argentinas,,PEPITA LA PISTOLERA,2D Doblada,20:30,,,,https://www.cinemark.com.ar/peliculas/pepita-la-pistolera
,Cinemark Hoyts,Malvinas Argentinas,,PEPITA LA PISTOLERA,2D Doblada,21:30,,,,https://www.cinemark.com.ar/peliculas/pepita-la-pistolera
,Cinemark Hoyts,Malvinas Argentinas,,PEPITA LA PISTOLERA,2D Doblada,22:30,,,,https://www.cinemark.com.ar/peliculas/pepita-la-pistolera
,Cinemark Hoyts,Malvinas Argentinas,,LA NOCHE DEL DEMONIO 6,2D Doblada,14:20,,,,https://www.cinemark.com.ar/peliculas/la-noche-del-demonio-estan-entre-nosotros
,Cinemark Hoyts,Malvinas Argentinas,,LA NOCHE DEL DEMONIO 6,2D Doblada,16:50,,,,https://www.cinemark.com.ar/peliculas/la-noche-del-demonio-estan-entre-nosotros
,Cinemark Hoyts,Malvinas Argentinas,,LA NOCHE DEL DEMONIO 6,2D Doblada,17:45,,,,https://www.cinemark.com.ar/peliculas/la-noche-del-demonio-estan-entre-nosotros
,Cinemark Hoyts,Malvinas Argentinas,,LA NOCHE DEL DEMONIO 6,2D Doblada,19:20,,,,https://www.cinemark.com.ar/peliculas/la-noche-del-demonio-estan-entre-nosotros
,Cinemark Hoyts,Malvinas Argentinas,,LA NOCHE DEL DEMONIO 6,2D Doblada,20:20,,,,https://www.cinemark.com.ar/peliculas/la-noche-del-demonio-estan-entre-nosotros
,Cinemark Hoyts,Malvinas Argentinas,,LA NOCHE DEL DEMONIO 6,2D Doblada,21:50,,,,https://www.cinemark.com.ar/peliculas/la-noche-del-demonio-estan-entre-nosotros
,Cinemark Hoyts,Malvinas Argentinas,,LA NOCHE DEL DEMONIO 6,2D Doblada,22:50,,,,https://www.cinemark.com.ar/peliculas/la-noche-del-demonio-estan-entre-nosotros
,Cinemark Hoyts,Malvinas Argentinas,,LA ODISEA,2D Doblada,14:50,,,,https://www.cinemark.com.ar/peliculas/la-odisea
,Cinemark Hoyts,Malvinas Argentinas,,LA ODISEA,2D Doblada,18:30,,,,https://www.cinemark.com.ar/peliculas/la-odisea
,Cinemark Hoyts,Malvinas Argentinas,,LA ODISEA,2D Doblada,22:10,,,,https://www.cinemark.com.ar/peliculas/la-odisea
,Cinemark Hoyts,Malvinas Argentinas,,LA GUERRA DE LOS ÚLTIMOS,2D Doblada,17:00,,,,https://www.cinemark.com.ar/peliculas/la-guerra-de-los-ultimos
,Cinemark Hoyts,Malvinas Argentinas,,COLONY: ZONA CERO,2D Doblada,17:50,,,,https://www.cinemark.com.ar/peliculas/colony-zona-cero
,Cinemark Hoyts,Malvinas Argentinas,,COLONY: ZONA CERO,2D Doblada,23:00,,,,https://www.cinemark.com.ar/peliculas/colony-zona-cero
,Cinemark Hoyts,Malvinas Argentinas,,EL FINAL DE LA CALLE OAK,2D Doblada,19:40,,,,https://www.cinemark.com.ar/peliculas/el-final-de-la-calle-oak
,Cinemark Hoyts,Malvinas Argentinas,,TERMINATOR 2: EL JUICIO FINAL,2D Doblada,22:00,,,,https://www.cinemark.com.ar/peliculas/terminator-2-el-juicio-final-35-aniversario
,Cinemark Hoyts,Caballito,,PAW PATROL: LA DINO PELÍCULA,2D Doblada,12:40,,,,https://www.cinemark.com.ar/peliculas/paw-patrol-la-dino-pelicula
,Cinemark Hoyts,Caballito,,COYOTE VS ACME,2D Doblada,12:50,,,,https://www.cinemark.com.ar/peliculas/coyote-vs-acme
,Cinemark Hoyts,Caballito,,COYOTE VS ACME,2D Doblada,15:20,,,,https://www.cinemark.com.ar/peliculas/coyote-vs-acme
,Cinemark Hoyts,Caballito,,COYOTE VS ACME,2D Doblada,17:50,,,,https://www.cinemark.com.ar/peliculas/coyote-vs-acme
,Cinemark Hoyts,Caballito,,COYOTE VS ACME,2D Doblada,20:40,,,,https://www.cinemark.com.ar/peliculas/coyote-vs-acme
,Cinemark Hoyts,Caballito,,SPIDER-MAN: UN NUEVO DÍA,2D Subtitulada,13:00,,,,https://www.cinemark.com.ar/peliculas/spider-man-un-nuevo-dia
,Cinemark Hoyts,Caballito,,SPIDER-MAN: UN NUEVO DÍA,2D Subtitulada,16:10,,,,https://www.cinemark.com.ar/peliculas/spider-man-un-nuevo-dia
,Cinemark Hoyts,Caballito,,SPIDER-MAN: UN NUEVO DÍA,3D Doblada,19:20,,,,https://www.cinemark.com.ar/peliculas/spider-man-un-nuevo-dia
,Cinemark Hoyts,Caballito,,SPIDER-MAN: UN NUEVO DÍA,2D Subtitulada,22:30,,,,https://www.cinemark.com.ar/peliculas/spider-man-un-nuevo-dia
,Cinemark Hoyts,Caballito,,TOY STORY 5,2D Doblada,13:10,,,,https://www.cinemark.com.ar/peliculas/toy-story-5
,Cinemark Hoyts,Caballito,,TOY STORY 5,2D Doblada,18:00,,,,https://www.cinemark.com.ar/peliculas/toy-story-5
,Cinemark Hoyts,Caballito,,"YO, NARCISO",2D Doblada,13:20,,,,https://www.cinemark.com.ar/peliculas/yo-narciso
,Cinemark Hoyts,Caballito,,"YO, NARCISO",2D Doblada,15:40,,,,https://www.cinemark.com.ar/peliculas/yo-narciso
,Cinemark Hoyts,Caballito,,"YO, NARCISO",2D Doblada,18:10,,,,https://www.cinemark.com.ar/peliculas/yo-narciso
,Cinemark Hoyts,Caballito,,"YO, NARCISO",2D Doblada,20:30,,,,https://www.cinemark.com.ar/peliculas/yo-narciso
,Cinemark Hoyts,Caballito,,"YO, NARCISO",2D Doblada,22:50,,,,https://www.cinemark.com.ar/peliculas/yo-narciso
,Cinemark Hoyts,Caballito,,PEPITA LA PISTOLERA,2D Doblada,14:30,,,,https://www.cinemark.com.ar/peliculas/pepita-la-pistolera
,Cinemark Hoyts,Caballito,,PEPITA LA PISTOLERA,2D Doblada,17:10,,,,https://www.cinemark.com.ar/peliculas/pepita-la-pistolera
,Cinemark Hoyts,Caballito,,PEPITA LA PISTOLERA,2D Doblada,19:40,,,,https://www.cinemark.com.ar/peliculas/pepita-la-pistolera
,Cinemark Hoyts,Caballito,,PEPITA LA PISTOLERA,2D Doblada,22:10,,,,https://www.cinemark.com.ar/peliculas/pepita-la-pistolera
,Cinemark Hoyts,Caballito,,PEPITA LA PISTOLERA,2D Doblada,23:00,,,,https://www.cinemark.com.ar/peliculas/pepita-la-pistolera
,Cinemark Hoyts,Caballito,,LA ODISEA,2D Subtitulada,15:00,,,,https://www.cinemark.com.ar/peliculas/la-odisea
,Cinemark Hoyts,Caballito,,LA ODISEA,2D Subtitulada,18:40,,,,https://www.cinemark.com.ar/peliculas/la-odisea
,Cinemark Hoyts,Caballito,,LA ODISEA,2D Subtitulada,22:20,,,,https://www.cinemark.com.ar/peliculas/la-odisea
,Cinemark Hoyts,Caballito,,LA NOCHE DEL DEMONIO 6,2D Subtitulada,15:30,,,,https://www.cinemark.com.ar/peliculas/la-noche-del-demonio-estan-entre-nosotros
,Cinemark Hoyts,Caballito,,LA NOCHE DEL DEMONIO 6,2D Subtitulada,20:20,,,,https://www.cinemark.com.ar/peliculas/la-noche-del-demonio-estan-entre-nosotros
,Cinemark Hoyts,Caballito,,LA NOCHE DEL DEMONIO 6,2D Subtitulada,23:10,,,,https://www.cinemark.com.ar/peliculas/la-noche-del-demonio-estan-entre-nosotros
,Cinemark Hoyts,Alto Avellaneda,,SPIDER-MAN: UN NUEVO DÍA,DBOX XD 2D Doblada,12:45,,,,https://www.cinemark.com.ar/peliculas/spider-man-un-nuevo-dia
,Cinemark Hoyts,Alto Avellaneda,,SPIDER-MAN: UN NUEVO DÍA,XD 2D Doblada,12:45,,,,https://www.cinemark.com.ar/peliculas/spider-man-un-nuevo-dia
,Cinemark Hoyts,Alto Avellaneda,,SPIDER-MAN: UN NUEVO DÍA,4D 3D Doblada,13:10,,,,https://www.cinemark.com.ar/peliculas/spider-man-un-nuevo-dia
,Cinemark Hoyts,Alto Avellaneda,,SPIDER-MAN: UN NUEVO DÍA,DBOX XD 2D Doblada,15:50,,,,https://www.cinemark.com.ar/peliculas/spider-man-un-nuevo-dia
,Cinemark Hoyts,Alto Avellaneda,,SPIDER-MAN: UN NUEVO DÍA,XD 2D Doblada,15:50,,,,https://www.cinemark.com.ar/peliculas/spider-man-un-nuevo-dia
,Cinemark Hoyts,Alto Avellaneda,,SPIDER-MAN: UN NUEVO DÍA,4D 3D Doblada,16:20,,,,https://www.cinemark.com.ar/peliculas/spider-man-un-nuevo-dia
,Cinemark Hoyts,Alto Avellaneda,,SPIDER-MAN: UN NUEVO DÍA,DBOX XD 2D Doblada,19:00,,,,https://www.cinemark.com.ar/peliculas/spider-man-un-nuevo-dia
,Cinemark Hoyts,Alto Avellaneda,,SPIDER-MAN: UN NUEVO DÍA,XD 2D Doblada,19:00,,,,https://www.cinemark.com.ar/peliculas/spider-man-un-nuevo-dia
,Cinemark Hoyts,Alto Avellaneda,,SPIDER-MAN: UN NUEVO DÍA,4D 3D Doblada,19:40,,,,https://www.cinemark.com.ar/peliculas/spider-man-un-nuevo-dia
,Cinemark Hoyts,Alto Avellaneda,,SPIDER-MAN: UN NUEVO DÍA,2D Doblada,22:00,,,,https://www.cinemark.com.ar/peliculas/spider-man-un-nuevo-dia
,Cinemark Hoyts,Alto Avellaneda,,SPIDER-MAN: UN NUEVO DÍA,DBOX XD 2D Doblada,22:20,,,,https://www.cinemark.com.ar/peliculas/spider-man-un-nuevo-dia
,Cinemark Hoyts,Alto Avellaneda,,SPIDER-MAN: UN NUEVO DÍA,XD 2D Doblada,22:20,,,,https://www.cinemark.com.ar/peliculas/spider-man-un-nuevo-dia
,Cinemark Hoyts,Alto Avellaneda,,COYOTE VS ACME,2D Doblada,12:50,,,,https://www.cinemark.com.ar/peliculas/coyote-vs-acme
,Cinemark Hoyts,Alto Avellaneda,,COYOTE VS ACME,2D Doblada,15:10,,,,https://www.cinemark.com.ar/peliculas/coyote-vs-acme
,Cinemark Hoyts,Alto Avellaneda,,COYOTE VS ACME,2D Doblada,17:40,,,,https://www.cinemark.com.ar/peliculas/coyote-vs-acme
,Cinemark Hoyts,Alto Avellaneda,,COYOTE VS ACME,2D Doblada,20:10,,,,https://www.cinemark.com.ar/peliculas/coyote-vs-acme
,Cinemark Hoyts,Alto Avellaneda,,PEPITA LA PISTOLERA,2D Doblada,13:00,,,,https://www.cinemark.com.ar/peliculas/pepita-la-pistolera
,Cinemark Hoyts,Alto Avellaneda,,PEPITA LA PISTOLERA,2D Doblada,15:15,,,,https://www.cinemark.com.ar/peliculas/pepita-la-pistolera
,Cinemark Hoyts,Alto Avellaneda,,PEPITA LA PISTOLERA,2D Doblada,17:45,,,,https://www.cinemark.com.ar/peliculas/pepita-la-pistolera
,Cinemark Hoyts,Alto Avellaneda,,PEPITA LA PISTOLERA,2D Doblada,20:15,,,,https://www.cinemark.com.ar/peliculas/pepita-la-pistolera
,Cinemark Hoyts,Alto Avellaneda,,PEPITA LA PISTOLERA,2D Doblada,22:40,,,,https://www.cinemark.com.ar/peliculas/pepita-la-pistolera
,Cinemark Hoyts,Alto Avellaneda,,LA NOCHE DEL DEMONIO 6,DBOX 2D Doblada,13:10,,,,https://www.cinemark.com.ar/peliculas/la-noche-del-demonio-estan-entre-nosotros
,Cinemark Hoyts,Alto Avellaneda,,LA NOCHE DEL DEMONIO 6,2D Doblada,13:10,,,,https://www.cinemark.com.ar/peliculas/la-noche-del-demonio-estan-entre-nosotros
,Cinemark Hoyts,Alto Avellaneda,,LA NOCHE DEL DEMONIO 6,DBOX 2D Doblada,15:30,,,,https://www.cinemark.com.ar/peliculas/la-noche-del-demonio-estan-entre-nosotros
,Cinemark Hoyts,Alto Avellaneda,,LA NOCHE DEL DEMONIO 6,2D Doblada,15:30,,,,https://www.cinemark.com.ar/peliculas/la-noche-del-demonio-estan-entre-nosotros
,Cinemark Hoyts,Alto Avellaneda,,LA NOCHE DEL DEMONIO 6,DBOX 2D Doblada,17:50,,,,https://www.cinemark.com.ar/peliculas/la-noche-del-demonio-estan-entre-nosotros
,Cinemark Hoyts,Alto Avellaneda,,LA NOCHE DEL DEMONIO 6,2D Doblada,17:50,,,,https://www.cinemark.com.ar/peliculas/la-noche-del-demonio-estan-entre-nosotros
,Cinemark Hoyts,Alto Avellaneda,,LA NOCHE DEL DEMONIO 6,DBOX 2D Doblada,20:10,,,,https://www.cinemark.com.ar/peliculas/la-noche-del-demonio-estan-entre-nosotros
,Cinemark Hoyts,Alto Avellaneda,,LA NOCHE DEL DEMONIO 6,2D Doblada,20:10,,,,https://www.cinemark.com.ar/peliculas/la-noche-del-demonio-estan-entre-nosotros
,Cinemark Hoyts,Alto Avellaneda,,LA NOCHE DEL DEMONIO 6,DBOX 2D Doblada,22:30,,,,https://www.cinemark.com.ar/peliculas/la-noche-del-demonio-estan-entre-nosotros
,Cinemark Hoyts,Alto Avellaneda,,LA NOCHE DEL DEMONIO 6,2D Doblada,22:30,,,,https://www.cinemark.com.ar/peliculas/la-noche-del-demonio-estan-entre-nosotros
,Cinemark Hoyts,Alto Avellaneda,,LA NOCHE DEL DEMONIO 6,4D 2D Doblada,23:00,,,,https://www.cinemark.com.ar/peliculas/la-noche-del-demonio-estan-entre-nosotros
,Cinemark Hoyts,Alto Avellaneda,,"YO, NARCISO",2D Doblada,13:10,,,,https://www.cinemark.com.ar/peliculas/yo-narciso
,Cinemark Hoyts,Alto Avellaneda,,"YO, NARCISO",2D Doblada,15:20,,,,https://www.cinemark.com.ar/peliculas/yo-narciso
,Cinemark Hoyts,Alto Avellaneda,,"YO, NARCISO",2D Doblada,17:30,,,,https://www.cinemark.com.ar/peliculas/yo-narciso
,Cinemark Hoyts,Alto Avellaneda,,"YO, NARCISO",2D Doblada,19:50,,,,https://www.cinemark.com.ar/peliculas/yo-narciso
,Cinemark Hoyts,Alto Avellaneda,,"YO, NARCISO",2D Doblada,22:35,,,,https://www.cinemark.com.ar/peliculas/yo-narciso
,Cinemark Hoyts,Alto Avellaneda,,PAW PATROL: LA DINO PELÍCULA,2D Doblada,14:00,,,,https://www.cinemark.com.ar/peliculas/paw-patrol-la-dino-pelicula
,Cinemark Hoyts,Alto Avellaneda,,LA GUERRA DE LOS ÚLTIMOS,2D Doblada,14:00,,,,https://www.cinemark.com.ar/peliculas/la-guerra-de-los-ultimos
,Cinemark Hoyts,Alto Avellaneda,,LA GUERRA DE LOS ÚLTIMOS,2D Doblada,20:00,,,,https://www.cinemark.com.ar/peliculas/la-guerra-de-los-ultimos
,Cinemark Hoyts,Alto Avellaneda,,TOY STORY 5,2D Doblada,16:00,,,,https://www.cinemark.com.ar/peliculas/toy-story-5
,Cinemark Hoyts,Alto Avellaneda,,COLONY: ZONA CERO,2D Doblada,17:00,,,,https://www.cinemark.com.ar/peliculas/colony-zona-cero
,Cinemark Hoyts,Alto Avellaneda,,COLONY: ZONA CERO,2D Doblada,22:50,,,,https://www.cinemark.com.ar/peliculas/colony-zona-cero
,Cinemark Hoyts,Alto Avellaneda,,LA ODISEA,2D Doblada,18:30,,,,https://www.cinemark.com.ar/peliculas/la-odisea
,Cinemark Hoyts,Alto Avellaneda,,LA ODISEA,2D Doblada,22:10,,,,https://www.cinemark.com.ar/peliculas/la-odisea
,Cinemark Hoyts,Soleil,,PEPITA LA PISTOLERA,2D Doblada,14:50,,,,https://www.cinemark.com.ar/peliculas/pepita-la-pistolera
,Cinemark Hoyts,Soleil,,PEPITA LA PISTOLERA,2D Doblada,17:25,,,,https://www.cinemark.com.ar/peliculas/pepita-la-pistolera
,Cinemark Hoyts,Soleil,,PEPITA LA PISTOLERA,2D Doblada,19:50,,,,https://www.cinemark.com.ar/peliculas/pepita-la-pistolera
,Cinemark Hoyts,Soleil,,PEPITA LA PISTOLERA,2D Doblada,22:30,,,,https://www.cinemark.com.ar/peliculas/pepita-la-pistolera
,Cinemark Hoyts,Soleil,,PEPITA LA PISTOLERA,2D Doblada,23:00,,,,https://www.cinemark.com.ar/peliculas/pepita-la-pistolera
,Cinemark Hoyts,Soleil,,PAW PATROL: LA DINO PELÍCULA,2D Doblada,15:00,,,,https://www.cinemark.com.ar/peliculas/paw-patrol-la-dino-pelicula
,Cinemark Hoyts,Soleil,,"YO, NARCISO",2D Doblada,15:40,,,,https://www.cinemark.com.ar/peliculas/yo-narciso
,Cinemark Hoyts,Soleil,,"YO, NARCISO",2D Doblada,18:00,,,,https://www.cinemark.com.ar/peliculas/yo-narciso
,Cinemark Hoyts,Soleil,,"YO, NARCISO",2D Doblada,20:20,,,,https://www.cinemark.com.ar/peliculas/yo-narciso
,Cinemark Hoyts,Soleil,,SPIDER-MAN: UN NUEVO DÍA,2D Doblada,16:10,,,,https://www.cinemark.com.ar/peliculas/spider-man-un-nuevo-dia
,Cinemark Hoyts,Soleil,,SPIDER-MAN: UN NUEVO DÍA,3D Doblada,19:30,,,,https://www.cinemark.com.ar/peliculas/spider-man-un-nuevo-dia
,Cinemark Hoyts,Soleil,,SPIDER-MAN: UN NUEVO DÍA,2D Doblada,22:40,,,,https://www.cinemark.com.ar/peliculas/spider-man-un-nuevo-dia
,Cinemark Hoyts,Soleil,,LA NOCHE DEL DEMONIO 6,2D Doblada,16:20,,,,https://www.cinemark.com.ar/peliculas/la-noche-del-demonio-estan-entre-nosotros
,Cinemark Hoyts,Soleil,,LA NOCHE DEL DEMONIO 6,2D Doblada,18:50,,,,https://www.cinemark.com.ar/peliculas/la-noche-del-demonio-estan-entre-nosotros
,Cinemark Hoyts,Soleil,,LA NOCHE DEL DEMONIO 6,2D Doblada,21:30,,,,https://www.cinemark.com.ar/peliculas/la-noche-del-demonio-estan-entre-nosotros
,Cinemark Hoyts,Soleil,,LA NOCHE DEL DEMONIO 6,2D Doblada,22:50,,,,https://www.cinemark.com.ar/peliculas/la-noche-del-demonio-estan-entre-nosotros
,Cinemark Hoyts,Soleil,,COYOTE VS ACME,2D Doblada,16:30,,,,https://www.cinemark.com.ar/peliculas/coyote-vs-acme
,Cinemark Hoyts,Soleil,,COYOTE VS ACME,2D Doblada,19:10,,,,https://www.cinemark.com.ar/peliculas/coyote-vs-acme
,Cinemark Hoyts,Soleil,,TOY STORY 5,2D Doblada,17:15,,,,https://www.cinemark.com.ar/peliculas/toy-story-5
,Cinemark Hoyts,Soleil,,LA GUERRA DE LOS ÚLTIMOS,2D Doblada,20:00,,,,https://www.cinemark.com.ar/peliculas/la-guerra-de-los-ultimos
,Cinemark Hoyts,Soleil,,LA ODISEA,2D Doblada,21:50,,,,https://www.cinemark.com.ar/peliculas/la-odisea
,Cinemark Hoyts,Puerto Madero,,LA ODISEA,2D Subtitulada,15:00,,,,https://www.cinemark.com.ar/peliculas/la-odisea
,Cinemark Hoyts,Puerto Madero,,LA ODISEA,2D Subtitulada,18:40,,,,https://www.cinemark.com.ar/peliculas/la-odisea
,Cinemark Hoyts,Puerto Madero,,LA ODISEA,2D Subtitulada,22:20,,,,https://www.cinemark.com.ar/peliculas/la-odisea
,Cinemark Hoyts,Puerto Madero,,PEPITA LA PISTOLERA,2D Doblada,15:00,,,,https://www.cinemark.com.ar/peliculas/pepita-la-pistolera
,Cinemark Hoyts,Puerto Madero,,PEPITA LA PISTOLERA,2D Doblada,17:15,,,,https://www.cinemark.com.ar/peliculas/pepita-la-pistolera
,Cinemark Hoyts,Puerto Madero,,PEPITA LA PISTOLERA,2D Doblada,17:45,,,,https://www.cinemark.com.ar/peliculas/pepita-la-pistolera
,Cinemark Hoyts,Puerto Madero,,PEPITA LA PISTOLERA,2D Doblada,19:40,,,,https://www.cinemark.com.ar/peliculas/pepita-la-pistolera
,Cinemark Hoyts,Puerto Madero,,PEPITA LA PISTOLERA,2D Doblada,22:10,,,,https://www.cinemark.com.ar/peliculas/pepita-la-pistolera
,Cinemark Hoyts,Puerto Madero,,PEPITA LA PISTOLERA,2D Doblada,22:50,,,,https://www.cinemark.com.ar/peliculas/pepita-la-pistolera
,Cinemark Hoyts,Puerto Madero,,COYOTE VS ACME,2D Doblada,15:00,,,,https://www.cinemark.com.ar/peliculas/coyote-vs-acme
,Cinemark Hoyts,Puerto Madero,,COYOTE VS ACME,2D Doblada,17:30,,,,https://www.cinemark.com.ar/peliculas/coyote-vs-acme
,Cinemark Hoyts,Puerto Madero,,COYOTE VS ACME,2D Doblada,20:00,,,,https://www.cinemark.com.ar/peliculas/coyote-vs-acme
,Cinemark Hoyts,Puerto Madero,,COLONY: ZONA CERO,2D Doblada,15:00,,,,https://www.cinemark.com.ar/peliculas/colony-zona-cero
,Cinemark Hoyts,Puerto Madero,,COLONY: ZONA CERO,2D Doblada,22:40,,,,https://www.cinemark.com.ar/peliculas/colony-zona-cero
,Cinemark Hoyts,Puerto Madero,,TOY STORY 5,2D Doblada,15:00,,,,https://www.cinemark.com.ar/peliculas/toy-story-5
,Cinemark Hoyts,Puerto Madero,,SPIDER-MAN: UN NUEVO DÍA,2D Subtitulada,15:20,,,,https://www.cinemark.com.ar/peliculas/spider-man-un-nuevo-dia
,Cinemark Hoyts,Puerto Madero,,SPIDER-MAN: UN NUEVO DÍA,2D Doblada,18:30,,,,https://www.cinemark.com.ar/peliculas/spider-man-un-nuevo-dia
,Cinemark Hoyts,Puerto Madero,,SPIDER-MAN: UN NUEVO DÍA,2D Doblada,19:20,,,,https://www.cinemark.com.ar/peliculas/spider-man-un-nuevo-dia
,Cinemark Hoyts,Puerto Madero,,SPIDER-MAN: UN NUEVO DÍA,2D Subtitulada,22:00,,,,https://www.cinemark.com.ar/peliculas/spider-man-un-nuevo-dia
,Cinemark Hoyts,Puerto Madero,,SPIDER-MAN: UN NUEVO DÍA,2D Doblada,22:30,,,,https://www.cinemark.com.ar/peliculas/spider-man-un-nuevo-dia
,Cinemark Hoyts,Puerto Madero,,"YO, NARCISO",2D Doblada,15:40,,,,https://www.cinemark.com.ar/peliculas/yo-narciso
,Cinemark Hoyts,Puerto Madero,,"YO, NARCISO",2D Doblada,18:00,,,,https://www.cinemark.com.ar/peliculas/yo-narciso
,Cinemark Hoyts,Puerto Madero,,"YO, NARCISO",2D Doblada,20:20,,,,https://www.cinemark.com.ar/peliculas/yo-narciso
,Cinemark Hoyts,Puerto Madero,,"YO, NARCISO",2D Doblada,22:40,,,,https://www.cinemark.com.ar/peliculas/yo-narciso
,Cinemark Hoyts,Puerto Madero,,LA NOCHE DEL DEMONIO 6,2D Doblada,15:40,,,,https://www.cinemark.com.ar/peliculas/la-noche-del-demonio-estan-entre-nosotros
,Cinemark Hoyts,Puerto Madero,,LA NOCHE DEL DEMONIO 6,2D Doblada,18:10,,,,https://www.cinemark.com.ar/peliculas/la-noche-del-demonio-estan-entre-nosotros
,Cinemark Hoyts,Puerto Madero,,LA NOCHE DEL DEMONIO 6,2D Doblada,20:30,,,,https://www.cinemark.com.ar/peliculas/la-noche-del-demonio-estan-entre-nosotros
,Cinemark Hoyts,Puerto Madero,,LA NOCHE DEL DEMONIO 6,2D Doblada,23:00,,,,https://www.cinemark.com.ar/peliculas/la-noche-del-demonio-estan-entre-nosotros
,Cinemark Hoyts,Puerto Madero,,SÓLO POR UNA NOCHE,2D Subtitulada,17:00,,,,https://www.cinemark.com.ar/peliculas/solo-por-una-noche
,Cinemark Hoyts,Puerto Madero,,LA GUERRA DE LOS ÚLTIMOS,2D Doblada,20:10,,,,https://www.cinemark.com.ar/peliculas/la-guerra-de-los-ultimos
