zona,cadena,cine,direccion,pelicula,formato,horario,precio_general,precio_jubilado,precio_menor,url_pelicula
GBA Norte,Cinemark Hoyts,Hoyts Unicenter,"Paraná 3745, Unicenter Shopping",El Final de la Calle Oak,2D Doblada,17:30,,,,https://www.cinemark.com.ar/peliculas/el-final-de-la-calle-oak
GBA Norte,Cinemark Hoyts,Hoyts Unicenter,"Paraná 3745, Unicenter Shopping",El Final de la Calle Oak,2D Subtitulada,19:55,,,,https://www.cinemark.com.ar/peliculas/el-final-de-la-calle-oak
GBA Norte,Cinemark Hoyts,Hoyts Unicenter,"Paraná 3745, Unicenter Shopping",El Final de la Calle Oak,2D Subtitulada,22:15,,,,https://www.cinemark.com.ar/peliculas/el-final-de-la-calle-oak
GBA Norte,Cinemark Hoyts,Hoyts Unicenter,"Paraná 3745, Unicenter Shopping",GHOST: 2 BIG TO RIG,2D Subtitulada,22:00,,,,https://www.cinemark.com.ar/peliculas/ghost-2-big-to-rig
GBA Norte,Cinemark Hoyts,Hoyts Unicenter,"Paraná 3745, Unicenter Shopping",Insidious: Fuera del más allá,2D Doblada,12:20,,,,https://www.cinemark.com.ar/peliculas/la-noche-del-demonio-estan-entre-nosotros
GBA Norte,Cinemark Hoyts,Hoyts Unicenter,"Paraná 3745, Unicenter Shopping",Insidious: Fuera del más allá,2D Doblada,13:00,,,,https://www.cinemark.com.ar/peliculas/la-noche-del-demonio-estan-entre-nosotros
GBA Norte,Cinemark Hoyts,Hoyts Unicenter,"Paraná 3745, Unicenter Shopping",Insidious: Fuera del más allá,2D Doblada,14:50,,,,https://www.cinemark.com.ar/peliculas/la-noche-del-demonio-estan-entre-nosotros
GBA Norte,Cinemark Hoyts,Hoyts Unicenter,"Paraná 3745, Unicenter Shopping",Insidious: Fuera del más allá,2D Subtitulada,15:30,,,,https://www.cinemark.com.ar/peliculas/la-noche-del-demonio-estan-entre-nosotros
GBA Norte,Cinemark Hoyts,Hoyts Unicenter,"Paraná 3745, Unicenter Shopping",Insidious: Fuera del más allá,2D Subtitulada,17:15,,,,https://www.cinemark.com.ar/peliculas/la-noche-del-demonio-estan-entre-nosotros
GBA Norte,Cinemark Hoyts,Hoyts Unicenter,"Paraná 3745, Unicenter Shopping",Insidious: Fuera del más allá,2D Doblada,19:45,,,,https://www.cinemark.com.ar/peliculas/la-noche-del-demonio-estan-entre-nosotros
GBA Norte,Cinemark Hoyts,Hoyts Unicenter,"Paraná 3745, Unicenter Shopping",Insidious: Fuera del más allá,2D Doblada,22:10,,,,https://www.cinemark.com.ar/peliculas/la-noche-del-demonio-estan-entre-nosotros
GBA Norte,Cinemark Hoyts,Hoyts Unicenter,"Paraná 3745, Unicenter Shopping",Insidious: Fuera del más allá,2D Subtitulada,23:00,,,,https://www.cinemark.com.ar/peliculas/la-noche-del-demonio-estan-entre-nosotros
GBA Norte,Cinemark Hoyts,Hoyts Unicenter,"Paraná 3745, Unicenter Shopping",La invitación,2D Subtitulada,19:20,,,,https://www.cinemark.com.ar/peliculas/la-invitacion
GBA Norte,Cinemark Hoyts,Hoyts Unicenter,"Paraná 3745, Unicenter Shopping",La invitación,2D Subtitulada,20:35,,,,https://www.cinemark.com.ar/peliculas/la-invitacion
GBA Norte,Cinemark Hoyts,Hoyts Unicenter,"Paraná 3745, Unicenter Shopping",La Muerte De Robin Hood,2D Subtitulada,22:30,,,,https://www.cinemark.com.ar/peliculas/la-muerte-de-robin-hood
GBA Norte,Cinemark Hoyts,Hoyts Unicenter,"Paraná 3745, Unicenter Shopping",La Odisea,2D Subtitulada,13:20,,,,https://www.cinemark.com.ar/peliculas/la-odisea
GBA Norte,Cinemark Hoyts,Hoyts Unicenter,"Paraná 3745, Unicenter Shopping",La Odisea,2D Doblada,15:00,,,,https://www.cinemark.com.ar/peliculas/la-odisea
GBA Norte,Cinemark Hoyts,Hoyts Unicenter,"Paraná 3745, Unicenter Shopping",La Odisea,2D Subtitulada,17:20,,,,https://www.cinemark.com.ar/peliculas/la-odisea
GBA Norte,Cinemark Hoyts,Hoyts Unicenter,"Paraná 3745, Unicenter Shopping",La Odisea,2D Subtitulada,18:40,,,,https://www.cinemark.com.ar/peliculas/la-odisea
GBA Norte,Cinemark Hoyts,Hoyts Unicenter,"Paraná 3745, Unicenter Shopping",La Odisea,2D Subtitulada,21:20,,,,https://www.cinemark.com.ar/peliculas/la-odisea
GBA Norte,Cinemark Hoyts,Hoyts Unicenter,"Paraná 3745, Unicenter Shopping",La Odisea,2D Subtitulada,22:25,,,,https://www.cinemark.com.ar/peliculas/la-odisea
GBA Norte,Cinemark Hoyts,Hoyts Unicenter,"Paraná 3745, Unicenter Shopping",Mi vecino Totoro,2D Subtitulada,18:00,,,,https://www.cinemark.com.ar/peliculas/mi-vecino-totoro-reestreno
GBA Norte,Cinemark Hoyts,Hoyts Unicenter,"Paraná 3745, Unicenter Shopping",Minions & monstruos,2D Doblada,12:55,,,,https://www.cinemark.com.ar/peliculas/minions-monstruos
GBA Norte,Cinemark Hoyts,Hoyts Unicenter,"Paraná 3745, Unicenter Shopping",Minions & monstruos,2D Doblada,15:10,,,,https://www.cinemark.com.ar/peliculas/minions-monstruos
GBA Norte,Cinemark Hoyts,Hoyts Unicenter,"Paraná 3745, Unicenter Shopping",Minions & monstruos,2D Doblada,20:00,,,,https://www.cinemark.com.ar/peliculas/minions-monstruos
GBA Norte,Cinemark Hoyts,Hoyts Unicenter,"Paraná 3745, Unicenter Shopping",PAW Patrol: La Dino Película,2D Doblada,12:35,,,,https://www.cinemark.com.ar/peliculas/paw-patrol-la-dino-pelicula
GBA Norte,Cinemark Hoyts,Hoyts Unicenter,"Paraná 3745, Unicenter Shopping",PAW Patrol: La Dino Película,2D Doblada,14:45,,,,https://www.cinemark.com.ar/peliculas/paw-patrol-la-dino-pelicula
GBA Norte,Cinemark Hoyts,Hoyts Unicenter,"Paraná 3745, Unicenter Shopping",PAW Patrol: La Dino Película,2D Doblada,17:00,,,,https://www.cinemark.com.ar/peliculas/paw-patrol-la-dino-pelicula
GBA Norte,Cinemark Hoyts,Hoyts Unicenter,"Paraná 3745, Unicenter Shopping",Spider-Man: Un nuevo día,PREMIER 2D Subtitulada,11:00,,,,https://www.cinemark.com.ar/peliculas/spider-man-un-nuevo-dia
GBA Norte,Cinemark Hoyts,Hoyts Unicenter,"Paraná 3745, Unicenter Shopping",Spider-Man: Un nuevo día,2D Doblada,12:10,,,,https://www.cinemark.com.ar/peliculas/spider-man-un-nuevo-dia
GBA Norte,Cinemark Hoyts,Hoyts Unicenter,"Paraná 3745, Unicenter Shopping",Spider-Man: Un nuevo día,DBOX 2D Doblada,12:10,,,,https://www.cinemark.com.ar/peliculas/spider-man-un-nuevo-dia
GBA Norte,Cinemark Hoyts,Hoyts Unicenter,"Paraná 3745, Unicenter Shopping",Spider-Man: Un nuevo día,4D 3D Doblada,12:30,,,,https://www.cinemark.com.ar/peliculas/spider-man-un-nuevo-dia
GBA Norte,Cinemark Hoyts,Hoyts Unicenter,"Paraná 3745, Unicenter Shopping",Spider-Man: Un nuevo día,2D Doblada,12:40,,,,https://www.cinemark.com.ar/peliculas/spider-man-un-nuevo-dia
GBA Norte,Cinemark Hoyts,Hoyts Unicenter,"Paraná 3745, Unicenter Shopping",Spider-Man: Un nuevo día,3D Doblada,13:10,,,,https://www.cinemark.com.ar/peliculas/spider-man-un-nuevo-dia
GBA Norte,Cinemark Hoyts,Hoyts Unicenter,"Paraná 3745, Unicenter Shopping",Spider-Man: Un nuevo día,DBOX 3D Doblada,13:10,,,,https://www.cinemark.com.ar/peliculas/spider-man-un-nuevo-dia
GBA Norte,Cinemark Hoyts,Hoyts Unicenter,"Paraná 3745, Unicenter Shopping",Spider-Man: Un nuevo día,2D Subtitulada,13:30,,,,https://www.cinemark.com.ar/peliculas/spider-man-un-nuevo-dia
GBA Norte,Cinemark Hoyts,Hoyts Unicenter,"Paraná 3745, Unicenter Shopping",Spider-Man: Un nuevo día,DBOX 2D Subtitulada,13:30,,,,https://www.cinemark.com.ar/peliculas/spider-man-un-nuevo-dia
GBA Norte,Cinemark Hoyts,Hoyts Unicenter,"Paraná 3745, Unicenter Shopping",Spider-Man: Un nuevo día,PREMIER 2D Subtitulada,14:10,,,,https://www.cinemark.com.ar/peliculas/spider-man-un-nuevo-dia
GBA Norte,Cinemark Hoyts,Hoyts Unicenter,"Paraná 3745, Unicenter Shopping",Spider-Man: Un nuevo día,2D Doblada,15:25,,,,https://www.cinemark.com.ar/peliculas/spider-man-un-nuevo-dia
GBA Norte,Cinemark Hoyts,Hoyts Unicenter,"Paraná 3745, Unicenter Shopping",Spider-Man: Un nuevo día,DBOX 2D Doblada,15:25,,,,https://www.cinemark.com.ar/peliculas/spider-man-un-nuevo-dia
GBA Norte,Cinemark Hoyts,Hoyts Unicenter,"Paraná 3745, Unicenter Shopping",Spider-Man: Un nuevo día,4D 3D Doblada,15:40,,,,https://www.cinemark.com.ar/peliculas/spider-man-un-nuevo-dia
GBA Norte,Cinemark Hoyts,Hoyts Unicenter,"Paraná 3745, Unicenter Shopping",Spider-Man: Un nuevo día,2D Subtitulada,15:45,,,,https://www.cinemark.com.ar/peliculas/spider-man-un-nuevo-dia
GBA Norte,Cinemark Hoyts,Hoyts Unicenter,"Paraná 3745, Unicenter Shopping",Spider-Man: Un nuevo día,3D Doblada,16:20,,,,https://www.cinemark.com.ar/peliculas/spider-man-un-nuevo-dia
GBA Norte,Cinemark Hoyts,Hoyts Unicenter,"Paraná 3745, Unicenter Shopping",Spider-Man: Un nuevo día,DBOX 3D Doblada,16:20,,,,https://www.cinemark.com.ar/peliculas/spider-man-un-nuevo-dia
GBA Norte,Cinemark Hoyts,Hoyts Unicenter,"Paraná 3745, Unicenter Shopping",Spider-Man: Un nuevo día,2D Subtitulada,16:40,,,,https://www.cinemark.com.ar/peliculas/spider-man-un-nuevo-dia
GBA Norte,Cinemark Hoyts,Hoyts Unicenter,"Paraná 3745, Unicenter Shopping",Spider-Man: Un nuevo día,DBOX 2D Subtitulada,16:40,,,,https://www.cinemark.com.ar/peliculas/spider-man-un-nuevo-dia
GBA Norte,Cinemark Hoyts,Hoyts Unicenter,"Paraná 3745, Unicenter Shopping",Spider-Man: Un nuevo día,PREMIER 2D Subtitulada,17:30,,,,https://www.cinemark.com.ar/peliculas/spider-man-un-nuevo-dia
GBA Norte,Cinemark Hoyts,Hoyts Unicenter,"Paraná 3745, Unicenter Shopping",Spider-Man: Un nuevo día,2D Doblada,18:35,,,,https://www.cinemark.com.ar/peliculas/spider-man-un-nuevo-dia
GBA Norte,Cinemark Hoyts,Hoyts Unicenter,"Paraná 3745, Unicenter Shopping",Spider-Man: Un nuevo día,DBOX 2D Doblada,18:35,,,,https://www.cinemark.com.ar/peliculas/spider-man-un-nuevo-dia
GBA Norte,Cinemark Hoyts,Hoyts Unicenter,"Paraná 3745, Unicenter Shopping",Spider-Man: Un nuevo día,4D 3D Subtitulada,18:50,,,,https://www.cinemark.com.ar/peliculas/spider-man-un-nuevo-dia
GBA Norte,Cinemark Hoyts,Hoyts Unicenter,"Paraná 3745, Unicenter Shopping",Spider-Man: Un nuevo día,2D Doblada,19:00,,,,https://www.cinemark.com.ar/peliculas/spider-man-un-nuevo-dia
GBA Norte,Cinemark Hoyts,Hoyts Unicenter,"Paraná 3745, Unicenter Shopping",Spider-Man: Un nuevo día,3D Subtitulada,19:30,,,,https://www.cinemark.com.ar/peliculas/spider-man-un-nuevo-dia
GBA Norte,Cinemark Hoyts,Hoyts Unicenter,"Paraná 3745, Unicenter Shopping",Spider-Man: Un nuevo día,DBOX 3D Subtitulada,19:30,,,,https://www.cinemark.com.ar/peliculas/spider-man-un-nuevo-dia
GBA Norte,Cinemark Hoyts,Hoyts Unicenter,"Paraná 3745, Unicenter Shopping",Spider-Man: Un nuevo día,2D Subtitulada,19:50,,,,https://www.cinemark.com.ar/peliculas/spider-man-un-nuevo-dia
GBA Norte,Cinemark Hoyts,Hoyts Unicenter,"Paraná 3745, Unicenter Shopping",Spider-Man: Un nuevo día,DBOX 2D Subtitulada,19:50,,,,https://www.cinemark.com.ar/peliculas/spider-man-un-nuevo-dia
GBA Norte,Cinemark Hoyts,Hoyts Unicenter,"Paraná 3745, Unicenter Shopping",Spider-Man: Un nuevo día,PREMIER 2D Subtitulada,21:00,,,,https://www.cinemark.com.ar/peliculas/spider-man-un-nuevo-dia
GBA Norte,Cinemark Hoyts,Hoyts Unicenter,"Paraná 3745, Unicenter Shopping",Spider-Man: Un nuevo día,2D Doblada,21:45,,,,https://www.cinemark.com.ar/peliculas/spider-man-un-nuevo-dia
GBA Norte,Cinemark Hoyts,Hoyts Unicenter,"Paraná 3745, Unicenter Shopping",Spider-Man: Un nuevo día,DBOX 2D Doblada,21:45,,,,https://www.cinemark.com.ar/peliculas/spider-man-un-nuevo-dia
GBA Norte,Cinemark Hoyts,Hoyts Unicenter,"Paraná 3745, Unicenter Shopping",Spider-Man: Un nuevo día,4D 3D Subtitulada,22:05,,,,https://www.cinemark.com.ar/peliculas/spider-man-un-nuevo-dia
GBA Norte,Cinemark Hoyts,Hoyts Unicenter,"Paraná 3745, Unicenter Shopping",Spider-Man: Un nuevo día,2D Doblada,22:20,,,,https://www.cinemark.com.ar/peliculas/spider-man-un-nuevo-dia
GBA Norte,Cinemark Hoyts,Hoyts Unicenter,"Paraná 3745, Unicenter Shopping",Spider-Man: Un nuevo día,3D Subtitulada,22:40,,,,https://www.cinemark.com.ar/peliculas/spider-man-un-nuevo-dia
GBA Norte,Cinemark Hoyts,Hoyts Unicenter,"Paraná 3745, Unicenter Shopping",Spider-Man: Un nuevo día,DBOX 3D Subtitulada,22:40,,,,https://www.cinemark.com.ar/peliculas/spider-man-un-nuevo-dia
GBA Norte,Cinemark Hoyts,Hoyts Unicenter,"Paraná 3745, Unicenter Shopping",Spider-Man: Un nuevo día,2D Subtitulada,23:05,,,,https://www.cinemark.com.ar/peliculas/spider-man-un-nuevo-dia
GBA Norte,Cinemark Hoyts,Hoyts Unicenter,"Paraná 3745, Unicenter Shopping",Spider-Man: Un nuevo día,DBOX 2D Subtitulada,23:05,,,,https://www.cinemark.com.ar/peliculas/spider-man-un-nuevo-dia
GBA Norte,Cinemark Hoyts,Hoyts Unicenter,"Paraná 3745, Unicenter Shopping",Toy Story 5,2D Doblada,12:25,,,,https://www.cinemark.com.ar/peliculas/toy-story-5
GBA Norte,Cinemark Hoyts,Hoyts Unicenter,"Paraná 3745, Unicenter Shopping",Toy Story 5,2D Doblada,15:20,,,,https://www.cinemark.com.ar/peliculas/toy-story-5
GBA Norte,Cinemark Hoyts,Hoyts Unicenter,"Paraná 3745, Unicenter Shopping",Toy Story 5,2D Doblada,17:50,,,,https://www.cinemark.com.ar/peliculas/toy-story-5
GBA Norte,Cinemark Hoyts,Hoyts Unicenter,"Paraná 3745, Unicenter Shopping",Yo Narciso,PREMIER 2D Doblada,11:30,,,,https://www.cinemark.com.ar/peliculas/yo-narciso
GBA Norte,Cinemark Hoyts,Hoyts Unicenter,"Paraná 3745, Unicenter Shopping",Yo Narciso,2D Doblada,12:45,,,,https://www.cinemark.com.ar/peliculas/yo-narciso
GBA Norte,Cinemark Hoyts,Hoyts Unicenter,"Paraná 3745, Unicenter Shopping",Yo Narciso,2D Doblada,12:50,,,,https://www.cinemark.com.ar/peliculas/yo-narciso
GBA Norte,Cinemark Hoyts,Hoyts Unicenter,"Paraná 3745, Unicenter Shopping",Yo Narciso,2D Doblada,13:40,,,,https://www.cinemark.com.ar/peliculas/yo-narciso
GBA Norte,Cinemark Hoyts,Hoyts Unicenter,"Paraná 3745, Unicenter Shopping",Yo Narciso,PREMIER 2D Doblada,13:45,,,,https://www.cinemark.com.ar/peliculas/yo-narciso
GBA Norte,Cinemark Hoyts,Hoyts Unicenter,"Paraná 3745, Unicenter Shopping",Yo Narciso,2D Doblada,14:55,,,,https://www.cinemark.com.ar/peliculas/yo-narciso
GBA Norte,Cinemark Hoyts,Hoyts Unicenter,"Paraná 3745, Unicenter Shopping",Yo Narciso,2D Doblada,15:50,,,,https://www.cinemark.com.ar/peliculas/yo-narciso
GBA Norte,Cinemark Hoyts,Hoyts Unicenter,"Paraná 3745, Unicenter Shopping",Yo Narciso,PREMIER 2D Doblada,16:00,,,,https://www.cinemark.com.ar/peliculas/yo-narciso
GBA Norte,Cinemark Hoyts,Hoyts Unicenter,"Paraná 3745, Unicenter Shopping",Yo Narciso,2D Doblada,17:10,,,,https://www.cinemark.com.ar/peliculas/yo-narciso
GBA Norte,Cinemark Hoyts,Hoyts Unicenter,"Paraná 3745, Unicenter Shopping",Yo Narciso,2D Doblada,18:10,,,,https://www.cinemark.com.ar/peliculas/yo-narciso
GBA Norte,Cinemark Hoyts,Hoyts Unicenter,"Paraná 3745, Unicenter Shopping",Yo Narciso,PREMIER 2D Doblada,18:15,,,,https://www.cinemark.com.ar/peliculas/yo-narciso
GBA Norte,Cinemark Hoyts,Hoyts Unicenter,"Paraná 3745, Unicenter Shopping",Yo Narciso,2D Doblada,19:40,,,,https://www.cinemark.com.ar/peliculas/yo-narciso
GBA Norte,Cinemark Hoyts,Hoyts Unicenter,"Paraná 3745, Unicenter Shopping",Yo Narciso,PREMIER 2D Doblada,20:30,,,,https://www.cinemark.com.ar/peliculas/yo-narciso
GBA Norte,Cinemark Hoyts,Hoyts Unicenter,"Paraná 3745, Unicenter Shopping",Yo Narciso,2D Doblada,20:40,,,,https://www.cinemark.com.ar/peliculas/yo-narciso
GBA Norte,Cinemark Hoyts,Hoyts Unicenter,"Paraná 3745, Unicenter Shopping",Yo Narciso,2D Doblada,22:00,,,,https://www.cinemark.com.ar/peliculas/yo-narciso
GBA Norte,Cinemark Hoyts,Hoyts Unicenter,"Paraná 3745, Unicenter Shopping",Yo Narciso,PREMIER 2D Doblada,22:45,,,,https://www.cinemark.com.ar/peliculas/yo-narciso
GBA Norte,Cinemark Hoyts,Hoyts Unicenter,"Paraná 3745, Unicenter Shopping",Yo Narciso,2D Doblada,23:00,,,,https://www.cinemark.com.ar/peliculas/yo-narciso
CABA,Cinépolis,Cinépolis Recoleta,"Vicente López 2050, Recoleta",Los Colores Del Tiempo,2D Subtitulada,14:00,,,,https://cartelera.ar/pelicula/los-colores-del-tiempo
CABA,Cinépolis,Cinépolis Recoleta,"Vicente López 2050, Recoleta",La invitación,2D Subtitulada,13:30,,,,https://cartelera.ar/pelicula/la-invitacion
CABA,Cinépolis,Cinépolis Recoleta,"Vicente López 2050, Recoleta",La invitación,2D Subtitulada,19:50,,,,https://cartelera.ar/pelicula/la-invitacion
CABA,Cinépolis,Cinépolis Recoleta,"Vicente López 2050, Recoleta",La invitación,2D Subtitulada,23:00,,,,https://cartelera.ar/pelicula/la-invitacion
CABA,Cinépolis,Cinépolis Recoleta,"Vicente López 2050, Recoleta",La Odisea,2D Subtitulada,14:20,,,,https://cartelera.ar/pelicula/la-odisea
CABA,Cinépolis,Cinépolis Recoleta,"Vicente López 2050, Recoleta",La Odisea,2D Subtitulada,15:20,,,,https://cartelera.ar/pelicula/la-odisea
CABA,Cinépolis,Cinépolis Recoleta,"Vicente López 2050, Recoleta",La Odisea,2D Subtitulada,18:00,,,,https://cartelera.ar/pelicula/la-odisea
CABA,Cinépolis,Cinépolis Recoleta,"Vicente López 2050, Recoleta",La Odisea,2D Subtitulada,19:00,,,,https://cartelera.ar/pelicula/la-odisea
CABA,Cinépolis,Cinépolis Recoleta,"Vicente López 2050, Recoleta",La Odisea,2D Subtitulada,21:45,,,,https://cartelera.ar/pelicula/la-odisea
CABA,Cinépolis,Cinépolis Recoleta,"Vicente López 2050, Recoleta",La Odisea,2D Subtitulada,22:45,,,,https://cartelera.ar/pelicula/la-odisea
CABA,Cinépolis,Cinépolis Recoleta,"Vicente López 2050, Recoleta",Spider-Man: Un nuevo día,2D Doblada,11:40,,,,https://cartelera.ar/pelicula/spider-man-un-nuevo-dia
CABA,Cinépolis,Cinépolis Recoleta,"Vicente López 2050, Recoleta",Spider-Man: Un nuevo día,3D Subtitulada,13:40,,,,https://cartelera.ar/pelicula/spider-man-un-nuevo-dia
CABA,Cinépolis,Cinépolis Recoleta,"Vicente López 2050, Recoleta",Spider-Man: Un nuevo día,2D Subtitulada,14:45,,,,https://cartelera.ar/pelicula/spider-man-un-nuevo-dia
CABA,Cinépolis,Cinépolis Recoleta,"Vicente López 2050, Recoleta",Spider-Man: Un nuevo día,2D Subtitulada,16:00,,,,https://cartelera.ar/pelicula/spider-man-un-nuevo-dia
CABA,Cinépolis,Cinépolis Recoleta,"Vicente López 2050, Recoleta",Spider-Man: Un nuevo día,3D Subtitulada,16:50,,,,https://cartelera.ar/pelicula/spider-man-un-nuevo-dia
CABA,Cinépolis,Cinépolis Recoleta,"Vicente López 2050, Recoleta",Spider-Man: Un nuevo día,2D Subtitulada,17:50,,,,https://cartelera.ar/pelicula/spider-man-un-nuevo-dia
CABA,Cinépolis,Cinépolis Recoleta,"Vicente López 2050, Recoleta",Spider-Man: Un nuevo día,2D Subtitulada,19:20,,,,https://cartelera.ar/pelicula/spider-man-un-nuevo-dia
CABA,Cinépolis,Cinépolis Recoleta,"Vicente López 2050, Recoleta",Spider-Man: Un nuevo día,3D Subtitulada,20:00,,,,https://cartelera.ar/pelicula/spider-man-un-nuevo-dia
CABA,Cinépolis,Cinépolis Recoleta,"Vicente López 2050, Recoleta",Spider-Man: Un nuevo día,2D Subtitulada,22:30,,,,https://cartelera.ar/pelicula/spider-man-un-nuevo-dia
CABA,Cinépolis,Cinépolis Recoleta,"Vicente López 2050, Recoleta",Spider-Man: Un nuevo día,3D Subtitulada,23:10,,,,https://cartelera.ar/pelicula/spider-man-un-nuevo-dia
CABA,Cinépolis,Cinépolis Recoleta,"Vicente López 2050, Recoleta",El Final de la Calle Oak,2D Subtitulada,21:00,,,,https://cartelera.ar/pelicula/el-final-de-la-calle-oak
CABA,Cinépolis,Cinépolis Recoleta,"Vicente López 2050, Recoleta",PAW Patrol: La Dino Película,2D Doblada,12:10,,,,https://cartelera.ar/pelicula/paw-patrol-la-dino-pelicula
CABA,Cinépolis,Cinépolis Recoleta,"Vicente López 2050, Recoleta",PAW Patrol: La Dino Película,2D Doblada,15:45,,,,https://cartelera.ar/pelicula/paw-patrol-la-dino-pelicula
CABA,Cinépolis,Cinépolis Recoleta,"Vicente López 2050, Recoleta",La Muerte De Robin Hood,2D Subtitulada,17:00,,,,https://cartelera.ar/pelicula/la-muerte-de-robin-hood
CABA,Cinépolis,Cinépolis Recoleta,"Vicente López 2050, Recoleta",La Muerte De Robin Hood,2D Subtitulada,22:15,,,,https://cartelera.ar/pelicula/la-muerte-de-robin-hood
CABA,Cinépolis,Cinépolis Recoleta,"Vicente López 2050, Recoleta",La noche del demonio: Están entre nosotros,2D Subtitulada,18:00,,,,https://cartelera.ar/pelicula/la-noche-del-demonio-estan-entre-nosotros
CABA,Cinépolis,Cinépolis Recoleta,"Vicente López 2050, Recoleta",La noche del demonio: Están entre nosotros,2D Subtitulada,20:30,,,,https://cartelera.ar/pelicula/la-noche-del-demonio-estan-entre-nosotros
CABA,Cinépolis,Cinépolis Recoleta,"Vicente López 2050, Recoleta",La noche del demonio: Están entre nosotros,2D Subtitulada,23:30,,,,https://cartelera.ar/pelicula/la-noche-del-demonio-estan-entre-nosotros
CABA,Cinépolis,Cinépolis Recoleta,"Vicente López 2050, Recoleta",Mi vecino Totoro,2D Subtitulada,13:30,,,,https://cartelera.ar/pelicula/mi-vecino-totoro
CABA,Cinépolis,Cinépolis Recoleta,"Vicente López 2050, Recoleta",Ghost: 2 Big To Rig,2D Subtitulada,21:00,,,,
CABA,Cinépolis,Cinépolis Recoleta,"Vicente López 2050, Recoleta",Yo Narciso,2D Doblada,11:50,,,,
CABA,Cinépolis,Cinépolis Recoleta,"Vicente López 2050, Recoleta",Yo Narciso,2D Doblada,13:30,,,,
CABA,Cinépolis,Cinépolis Recoleta,"Vicente López 2050, Recoleta",Yo Narciso,2D Doblada,14:10,,,,
CABA,Cinépolis,Cinépolis Recoleta,"Vicente López 2050, Recoleta",Yo Narciso,2D Doblada,15:50,,,,
CABA,Cinépolis,Cinépolis Recoleta,"Vicente López 2050, Recoleta",Yo Narciso,2D Doblada,16:30,,,,
CABA,Cinépolis,Cinépolis Recoleta,"Vicente López 2050, Recoleta",Yo Narciso,2D Doblada,18:10,,,,
CABA,Cinépolis,Cinépolis Recoleta,"Vicente López 2050, Recoleta",Yo Narciso,2D Doblada,18:45,,,,
CABA,Cinépolis,Cinépolis Recoleta,"Vicente López 2050, Recoleta",Yo Narciso,2D Doblada,20:30,,,,
CABA,Cinépolis,Cinépolis Recoleta,"Vicente López 2050, Recoleta",Yo Narciso,2D Doblada,22:15,,,,
CABA,Cinépolis,Cinépolis Recoleta,"Vicente López 2050, Recoleta",Yo Narciso,2D Doblada,22:50,,,,
CABA,Cinépolis,Cinépolis Recoleta,"Vicente López 2050, Recoleta","Adolescencia, sexo y muerte en campamento Miasma",2D Subtitulada,16:45,,,,https://cartelera.ar/pelicula/adolescencia-sexo-y-muerte-en-campamento-miasma
CABA,Cinépolis,Cinépolis Recoleta,"Vicente López 2050, Recoleta",El Gran Falsificador,2D Subtitulada,14:15,,,,
CABA,Cinépolis,Cinépolis Recoleta,"Vicente López 2050, Recoleta",El Gran Falsificador,2D Subtitulada,19:20,,,,
CABA,Cinemark Hoyts,Hoyts Dot Baires,"Vedia 3626, Dot Baires Mall, Saavedra",El Final de la Calle Oak,2D Subtitulada,13:50,,,,https://www.cinemark.com.ar/peliculas/el-final-de-la-calle-oak
CABA,Cinemark Hoyts,Hoyts Dot Baires,"Vedia 3626, Dot Baires Mall, Saavedra",El Final de la Calle Oak,2D Subtitulada,20:20,,,,https://www.cinemark.com.ar/peliculas/el-final-de-la-calle-oak
CABA,Cinemark Hoyts,Hoyts Dot Baires,"Vedia 3626, Dot Baires Mall, Saavedra",Insidious: Fuera del más allá,2D Subtitulada,14:00,,,,https://www.cinemark.com.ar/peliculas/la-noche-del-demonio-estan-entre-nosotros
CABA,Cinemark Hoyts,Hoyts Dot Baires,"Vedia 3626, Dot Baires Mall, Saavedra",Insidious: Fuera del más allá,2D Subtitulada,16:10,,,,https://www.cinemark.com.ar/peliculas/la-noche-del-demonio-estan-entre-nosotros
CABA,Cinemark Hoyts,Hoyts Dot Baires,"Vedia 3626, Dot Baires Mall, Saavedra",Insidious: Fuera del más allá,2D Subtitulada,16:50,,,,https://www.cinemark.com.ar/peliculas/la-noche-del-demonio-estan-entre-nosotros
CABA,Cinemark Hoyts,Hoyts Dot Baires,"Vedia 3626, Dot Baires Mall, Saavedra",Insidious: Fuera del más allá,2D Subtitulada,19:30,,,,https://www.cinemark.com.ar/peliculas/la-noche-del-demonio-estan-entre-nosotros
CABA,Cinemark Hoyts,Hoyts Dot Baires,"Vedia 3626, Dot Baires Mall, Saavedra",Insidious: Fuera del más allá,2D Subtitulada,22:00,,,,https://www.cinemark.com.ar/peliculas/la-noche-del-demonio-estan-entre-nosotros
CABA,Cinemark Hoyts,Hoyts Dot Baires,"Vedia 3626, Dot Baires Mall, Saavedra",Insidious: Fuera del más allá,2D Subtitulada,22:40,,,,https://www.cinemark.com.ar/peliculas/la-noche-del-demonio-estan-entre-nosotros
CABA,Cinemark Hoyts,Hoyts Dot Baires,"Vedia 3626, Dot Baires Mall, Saavedra",La Odisea,2D Subtitulada,13:20,,,,https://www.cinemark.com.ar/peliculas/la-odisea
CABA,Cinemark Hoyts,Hoyts Dot Baires,"Vedia 3626, Dot Baires Mall, Saavedra",La Odisea,2D Subtitulada,17:20,,,,https://www.cinemark.com.ar/peliculas/la-odisea
CABA,Cinemark Hoyts,Hoyts Dot Baires,"Vedia 3626, Dot Baires Mall, Saavedra",La Odisea,2D Subtitulada,18:50,,,,https://www.cinemark.com.ar/peliculas/la-odisea
CABA,Cinemark Hoyts,Hoyts Dot Baires,"Vedia 3626, Dot Baires Mall, Saavedra",La Odisea,2D Subtitulada,22:20,,,,https://www.cinemark.com.ar/peliculas/la-odisea
CABA,Cinemark Hoyts,Hoyts Dot Baires,"Vedia 3626, Dot Baires Mall, Saavedra",Mi vecino Totoro,2D Subtitulada,18:00,,,,https://www.cinemark.com.ar/peliculas/mi-vecino-totoro-reestreno
CABA,Cinemark Hoyts,Hoyts Dot Baires,"Vedia 3626, Dot Baires Mall, Saavedra",PAW Patrol: La Dino Película,2D Doblada,13:10,,,,https://www.cinemark.com.ar/peliculas/paw-patrol-la-dino-pelicula
CABA,Cinemark Hoyts,Hoyts Dot Baires,"Vedia 3626, Dot Baires Mall, Saavedra",PAW Patrol: La Dino Película,2D Doblada,15:40,,,,https://www.cinemark.com.ar/peliculas/paw-patrol-la-dino-pelicula
CABA,Cinemark Hoyts,Hoyts Dot Baires,"Vedia 3626, Dot Baires Mall, Saavedra",Spider-Man: Un nuevo día,2D Subtitulada,11:50,,,,https://www.cinemark.com.ar/peliculas/spider-man-un-nuevo-dia
CABA,Cinemark Hoyts,Hoyts Dot Baires,"Vedia 3626, Dot Baires Mall, Saavedra",Spider-Man: Un nuevo día,PREMIER 2D Subtitulada,12:00,,,,https://www.cinemark.com.ar/peliculas/spider-man-un-nuevo-dia
CABA,Cinemark Hoyts,Hoyts Dot Baires,"Vedia 3626, Dot Baires Mall, Saavedra",Spider-Man: Un nuevo día,4D 3D Subtitulada,13:00,,,,https://www.cinemark.com.ar/peliculas/spider-man-un-nuevo-dia
CABA,Cinemark Hoyts,Hoyts Dot Baires,"Vedia 3626, Dot Baires Mall, Saavedra",Spider-Man: Un nuevo día,XD 2D Doblada,13:20,,,,https://www.cinemark.com.ar/peliculas/spider-man-un-nuevo-dia
CABA,Cinemark Hoyts,Hoyts Dot Baires,"Vedia 3626, Dot Baires Mall, Saavedra",Spider-Man: Un nuevo día,2D Subtitulada,15:10,,,,https://www.cinemark.com.ar/peliculas/spider-man-un-nuevo-dia
CABA,Cinemark Hoyts,Hoyts Dot Baires,"Vedia 3626, Dot Baires Mall, Saavedra",Spider-Man: Un nuevo día,PREMIER 2D Subtitulada,15:10,,,,https://www.cinemark.com.ar/peliculas/spider-man-un-nuevo-dia
CABA,Cinemark Hoyts,Hoyts Dot Baires,"Vedia 3626, Dot Baires Mall, Saavedra",Spider-Man: Un nuevo día,4D 3D Doblada,16:10,,,,https://www.cinemark.com.ar/peliculas/spider-man-un-nuevo-dia
CABA,Cinemark Hoyts,Hoyts Dot Baires,"Vedia 3626, Dot Baires Mall, Saavedra",Spider-Man: Un nuevo día,XD 2D Subtitulada,16:30,,,,https://www.cinemark.com.ar/peliculas/spider-man-un-nuevo-dia
CABA,Cinemark Hoyts,Hoyts Dot Baires,"Vedia 3626, Dot Baires Mall, Saavedra",Spider-Man: Un nuevo día,2D Subtitulada,18:30,,,,https://www.cinemark.com.ar/peliculas/spider-man-un-nuevo-dia
CABA,Cinemark Hoyts,Hoyts Dot Baires,"Vedia 3626, Dot Baires Mall, Saavedra",Spider-Man: Un nuevo día,4D 3D Subtitulada,19:20,,,,https://www.cinemark.com.ar/peliculas/spider-man-un-nuevo-dia
CABA,Cinemark Hoyts,Hoyts Dot Baires,"Vedia 3626, Dot Baires Mall, Saavedra",Spider-Man: Un nuevo día,2D Subtitulada,21:40,,,,https://www.cinemark.com.ar/peliculas/spider-man-un-nuevo-dia
CABA,Cinemark Hoyts,Hoyts Dot Baires,"Vedia 3626, Dot Baires Mall, Saavedra",Spider-Man: Un nuevo día,4D 3D Subtitulada,22:30,,,,https://www.cinemark.com.ar/peliculas/spider-man-un-nuevo-dia
CABA,Cinemark Hoyts,Hoyts Dot Baires,"Vedia 3626, Dot Baires Mall, Saavedra",Yo Narciso,PREMIER 2D Doblada,11:40,,,,https://www.cinemark.com.ar/peliculas/yo-narciso
CABA,Cinemark Hoyts,Hoyts Dot Baires,"Vedia 3626, Dot Baires Mall, Saavedra",Yo Narciso,2D Doblada,12:00,,,,https://www.cinemark.com.ar/peliculas/yo-narciso
CABA,Cinemark Hoyts,Hoyts Dot Baires,"Vedia 3626, Dot Baires Mall, Saavedra",Yo Narciso,PREMIER 2D Doblada,14:10,,,,https://www.cinemark.com.ar/peliculas/yo-narciso
CABA,Cinemark Hoyts,Hoyts Dot Baires,"Vedia 3626, Dot Baires Mall, Saavedra",Yo Narciso,2D Doblada,14:20,,,,https://www.cinemark.com.ar/peliculas/yo-narciso
CABA,Cinemark Hoyts,Hoyts Dot Baires,"Vedia 3626, Dot Baires Mall, Saavedra",Yo Narciso,2D Doblada,17:00,,,,https://www.cinemark.com.ar/peliculas/yo-narciso
CABA,Cinemark Hoyts,Hoyts Dot Baires,"Vedia 3626, Dot Baires Mall, Saavedra",Yo Narciso,PREMIER 2D Doblada,17:00,,,,https://www.cinemark.com.ar/peliculas/yo-narciso
CABA,Cinemark Hoyts,Hoyts Dot Baires,"Vedia 3626, Dot Baires Mall, Saavedra",Yo Narciso,2D Doblada,19:10,,,,https://www.cinemark.com.ar/peliculas/yo-narciso
CABA,Cinemark Hoyts,Hoyts Dot Baires,"Vedia 3626, Dot Baires Mall, Saavedra",Yo Narciso,2D Doblada,21:30,,,,https://www.cinemark.com.ar/peliculas/yo-narciso
CABA,Cinemark Hoyts,Hoyts Dot Baires,"Vedia 3626, Dot Baires Mall, Saavedra",Yo Narciso,2D Doblada,22:20,,,,https://www.cinemark.com.ar/peliculas/yo-narciso
GBA Oeste,Cinemark Hoyts,Cinemark San Justo,Av. Brigadier Juan M. de Rosas 3910,El Final de la Calle Oak,2D Doblada,14:00,,,,https://www.cinemark.com.ar/peliculas/el-final-de-la-calle-oak
GBA Oeste,Cinemark Hoyts,Cinemark San Justo,Av. Brigadier Juan M. de Rosas 3910,Insidious: Fuera del más allá,2D Doblada,12:50,,,,https://www.cinemark.com.ar/peliculas/la-noche-del-demonio-estan-entre-nosotros
GBA Oeste,Cinemark Hoyts,Cinemark San Justo,Av. Brigadier Juan M. de Rosas 3910,Insidious: Fuera del más allá,DBOX 2D Doblada,12:50,,,,https://www.cinemark.com.ar/peliculas/la-noche-del-demonio-estan-entre-nosotros
GBA Oeste,Cinemark Hoyts,Cinemark San Justo,Av. Brigadier Juan M. de Rosas 3910,Insidious: Fuera del más allá,2D Doblada,15:20,,,,https://www.cinemark.com.ar/peliculas/la-noche-del-demonio-estan-entre-nosotros
GBA Oeste,Cinemark Hoyts,Cinemark San Justo,Av. Brigadier Juan M. de Rosas 3910,Insidious: Fuera del más allá,DBOX 2D Doblada,15:20,,,,https://www.cinemark.com.ar/peliculas/la-noche-del-demonio-estan-entre-nosotros
GBA Oeste,Cinemark Hoyts,Cinemark San Justo,Av. Brigadier Juan M. de Rosas 3910,Insidious: Fuera del más allá,2D Doblada,17:50,,,,https://www.cinemark.com.ar/peliculas/la-noche-del-demonio-estan-entre-nosotros
GBA Oeste,Cinemark Hoyts,Cinemark San Justo,Av. Brigadier Juan M. de Rosas 3910,Insidious: Fuera del más allá,DBOX 2D Doblada,17:50,,,,https://www.cinemark.com.ar/peliculas/la-noche-del-demonio-estan-entre-nosotros
GBA Oeste,Cinemark Hoyts,Cinemark San Justo,Av. Brigadier Juan M. de Rosas 3910,Insidious: Fuera del más allá,2D Doblada,20:20,,,,https://www.cinemark.com.ar/peliculas/la-noche-del-demonio-estan-entre-nosotros
GBA Oeste,Cinemark Hoyts,Cinemark San Justo,Av. Brigadier Juan M. de Rosas 3910,Insidious: Fuera del más allá,DBOX 2D Doblada,20:20,,,,https://www.cinemark.com.ar/peliculas/la-noche-del-demonio-estan-entre-nosotros
GBA Oeste,Cinemark Hoyts,Cinemark San Justo,Av. Brigadier Juan M. de Rosas 3910,Insidious: Fuera del más allá,2D Doblada,22:45,,,,https://www.cinemark.com.ar/peliculas/la-noche-del-demonio-estan-entre-nosotros
GBA Oeste,Cinemark Hoyts,Cinemark San Justo,Av. Brigadier Juan M. de Rosas 3910,Insidious: Fuera del más allá,DBOX 2D Doblada,22:45,,,,https://www.cinemark.com.ar/peliculas/la-noche-del-demonio-estan-entre-nosotros
GBA Oeste,Cinemark Hoyts,Cinemark San Justo,Av. Brigadier Juan M. de Rosas 3910,La Odisea,2D Doblada,18:40,,,,https://www.cinemark.com.ar/peliculas/la-odisea
GBA Oeste,Cinemark Hoyts,Cinemark San Justo,Av. Brigadier Juan M. de Rosas 3910,La Odisea,2D Doblada,22:15,,,,https://www.cinemark.com.ar/peliculas/la-odisea
GBA Oeste,Cinemark Hoyts,Cinemark San Justo,Av. Brigadier Juan M. de Rosas 3910,PAW Patrol: La Dino Película,2D Doblada,12:10,,,,https://www.cinemark.com.ar/peliculas/paw-patrol-la-dino-pelicula
GBA Oeste,Cinemark Hoyts,Cinemark San Justo,Av. Brigadier Juan M. de Rosas 3910,PAW Patrol: La Dino Película,2D Doblada,14:20,,,,https://www.cinemark.com.ar/peliculas/paw-patrol-la-dino-pelicula
GBA Oeste,Cinemark Hoyts,Cinemark San Justo,Av. Brigadier Juan M. de Rosas 3910,PAW Patrol: La Dino Película,2D Doblada,16:30,,,,https://www.cinemark.com.ar/peliculas/paw-patrol-la-dino-pelicula
GBA Oeste,Cinemark Hoyts,Cinemark San Justo,Av. Brigadier Juan M. de Rosas 3910,Spider-Man: Un nuevo día,DBOX XD 2D Doblada,12:00,,,,https://www.cinemark.com.ar/peliculas/spider-man-un-nuevo-dia
GBA Oeste,Cinemark Hoyts,Cinemark San Justo,Av. Brigadier Juan M. de Rosas 3910,Spider-Man: Un nuevo día,XD 2D Doblada,12:00,,,,https://www.cinemark.com.ar/peliculas/spider-man-un-nuevo-dia
GBA Oeste,Cinemark Hoyts,Cinemark San Justo,Av. Brigadier Juan M. de Rosas 3910,Spider-Man: Un nuevo día,3D Doblada,13:00,,,,https://www.cinemark.com.ar/peliculas/spider-man-un-nuevo-dia
GBA Oeste,Cinemark Hoyts,Cinemark San Justo,Av. Brigadier Juan M. de Rosas 3910,Spider-Man: Un nuevo día,DBOX XD 2D Doblada,15:10,,,,https://www.cinemark.com.ar/peliculas/spider-man-un-nuevo-dia
GBA Oeste,Cinemark Hoyts,Cinemark San Justo,Av. Brigadier Juan M. de Rosas 3910,Spider-Man: Un nuevo día,XD 2D Doblada,15:10,,,,https://www.cinemark.com.ar/peliculas/spider-man-un-nuevo-dia
GBA Oeste,Cinemark Hoyts,Cinemark San Justo,Av. Brigadier Juan M. de Rosas 3910,Spider-Man: Un nuevo día,2D Doblada,16:10,,,,https://www.cinemark.com.ar/peliculas/spider-man-un-nuevo-dia
GBA Oeste,Cinemark Hoyts,Cinemark San Justo,Av. Brigadier Juan M. de Rosas 3910,Spider-Man: Un nuevo día,2D Doblada,16:40,,,,https://www.cinemark.com.ar/peliculas/spider-man-un-nuevo-dia
GBA Oeste,Cinemark Hoyts,Cinemark San Justo,Av. Brigadier Juan M. de Rosas 3910,Spider-Man: Un nuevo día,DBOX XD 2D Doblada,18:20,,,,https://www.cinemark.com.ar/peliculas/spider-man-un-nuevo-dia
GBA Oeste,Cinemark Hoyts,Cinemark San Justo,Av. Brigadier Juan M. de Rosas 3910,Spider-Man: Un nuevo día,XD 2D Doblada,18:20,,,,https://www.cinemark.com.ar/peliculas/spider-man-un-nuevo-dia
GBA Oeste,Cinemark Hoyts,Cinemark San Justo,Av. Brigadier Juan M. de Rosas 3910,Spider-Man: Un nuevo día,3D Doblada,19:20,,,,https://www.cinemark.com.ar/peliculas/spider-man-un-nuevo-dia
GBA Oeste,Cinemark Hoyts,Cinemark San Justo,Av. Brigadier Juan M. de Rosas 3910,Spider-Man: Un nuevo día,2D Doblada,19:50,,,,https://www.cinemark.com.ar/peliculas/spider-man-un-nuevo-dia
GBA Oeste,Cinemark Hoyts,Cinemark San Justo,Av. Brigadier Juan M. de Rosas 3910,Spider-Man: Un nuevo día,DBOX XD 2D Doblada,21:30,,,,https://www.cinemark.com.ar/peliculas/spider-man-un-nuevo-dia
GBA Oeste,Cinemark Hoyts,Cinemark San Justo,Av. Brigadier Juan M. de Rosas 3910,Spider-Man: Un nuevo día,XD 2D Doblada,21:30,,,,https://www.cinemark.com.ar/peliculas/spider-man-un-nuevo-dia
GBA Oeste,Cinemark Hoyts,Cinemark San Justo,Av. Brigadier Juan M. de Rosas 3910,Spider-Man: Un nuevo día,2D Doblada,22:30,,,,https://www.cinemark.com.ar/peliculas/spider-man-un-nuevo-dia
GBA Oeste,Cinemark Hoyts,Cinemark San Justo,Av. Brigadier Juan M. de Rosas 3910,Spider-Man: Un nuevo día,2D Doblada,23:00,,,,https://www.cinemark.com.ar/peliculas/spider-man-un-nuevo-dia
GBA Oeste,Cinemark Hoyts,Cinemark San Justo,Av. Brigadier Juan M. de Rosas 3910,Yo Narciso,2D Doblada,12:40,,,,https://www.cinemark.com.ar/peliculas/yo-narciso
GBA Oeste,Cinemark Hoyts,Cinemark San Justo,Av. Brigadier Juan M. de Rosas 3910,Yo Narciso,2D Doblada,15:00,,,,https://www.cinemark.com.ar/peliculas/yo-narciso
GBA Oeste,Cinemark Hoyts,Cinemark San Justo,Av. Brigadier Juan M. de Rosas 3910,Yo Narciso,2D Doblada,17:20,,,,https://www.cinemark.com.ar/peliculas/yo-narciso
GBA Oeste,Cinemark Hoyts,Cinemark San Justo,Av. Brigadier Juan M. de Rosas 3910,Yo Narciso,2D Doblada,19:40,,,,https://www.cinemark.com.ar/peliculas/yo-narciso
GBA Oeste,Cinemark Hoyts,Cinemark San Justo,Av. Brigadier Juan M. de Rosas 3910,Yo Narciso,2D Doblada,22:00,,,,https://www.cinemark.com.ar/peliculas/yo-narciso
GBA Sur,Cinemark Hoyts,Hoyts Temperley,Av. Hipólito Yrigoyen 10.700,El Final de la Calle Oak,2D Doblada,20:00,,,,https://www.cinemark.com.ar/peliculas/el-final-de-la-calle-oak
GBA Sur,Cinemark Hoyts,Hoyts Temperley,Av. Hipólito Yrigoyen 10.700,Insidious: Fuera del más allá,2D Doblada,12:15,,,,https://www.cinemark.com.ar/peliculas/la-noche-del-demonio-estan-entre-nosotros
GBA Sur,Cinemark Hoyts,Hoyts Temperley,Av. Hipólito Yrigoyen 10.700,Insidious: Fuera del más allá,2D Doblada,14:40,,,,https://www.cinemark.com.ar/peliculas/la-noche-del-demonio-estan-entre-nosotros
GBA Sur,Cinemark Hoyts,Hoyts Temperley,Av. Hipólito Yrigoyen 10.700,Insidious: Fuera del más allá,2D Doblada,17:10,,,,https://www.cinemark.com.ar/peliculas/la-noche-del-demonio-estan-entre-nosotros
GBA Sur,Cinemark Hoyts,Hoyts Temperley,Av. Hipólito Yrigoyen 10.700,Insidious: Fuera del más allá,2D Doblada,19:40,,,,https://www.cinemark.com.ar/peliculas/la-noche-del-demonio-estan-entre-nosotros
GBA Sur,Cinemark Hoyts,Hoyts Temperley,Av. Hipólito Yrigoyen 10.700,Insidious: Fuera del más allá,2D Doblada,20:15,,,,https://www.cinemark.com.ar/peliculas/la-noche-del-demonio-estan-entre-nosotros
GBA Sur,Cinemark Hoyts,Hoyts Temperley,Av. Hipólito Yrigoyen 10.700,Insidious: Fuera del más allá,2D Doblada,22:15,,,,https://www.cinemark.com.ar/peliculas/la-noche-del-demonio-estan-entre-nosotros
GBA Sur,Cinemark Hoyts,Hoyts Temperley,Av. Hipólito Yrigoyen 10.700,Insidious: Fuera del más allá,4D 2D Doblada,23:00,,,,https://www.cinemark.com.ar/peliculas/la-noche-del-demonio-estan-entre-nosotros
GBA Sur,Cinemark Hoyts,Hoyts Temperley,Av. Hipólito Yrigoyen 10.700,La Muerte De Robin Hood,2D Doblada,22:45,,,,https://www.cinemark.com.ar/peliculas/la-muerte-de-robin-hood
GBA Sur,Cinemark Hoyts,Hoyts Temperley,Av. Hipólito Yrigoyen 10.700,La Odisea,2D Doblada,14:10,,,,https://www.cinemark.com.ar/peliculas/la-odisea
GBA Sur,Cinemark Hoyts,Hoyts Temperley,Av. Hipólito Yrigoyen 10.700,La Odisea,DBOX 2D Doblada,14:10,,,,https://www.cinemark.com.ar/peliculas/la-odisea
GBA Sur,Cinemark Hoyts,Hoyts Temperley,Av. Hipólito Yrigoyen 10.700,La Odisea,2D Doblada,16:20,,,,https://www.cinemark.com.ar/peliculas/la-odisea
GBA Sur,Cinemark Hoyts,Hoyts Temperley,Av. Hipólito Yrigoyen 10.700,La Odisea,2D Doblada,17:50,,,,https://www.cinemark.com.ar/peliculas/la-odisea
GBA Sur,Cinemark Hoyts,Hoyts Temperley,Av. Hipólito Yrigoyen 10.700,La Odisea,DBOX 2D Doblada,17:50,,,,https://www.cinemark.com.ar/peliculas/la-odisea
GBA Sur,Cinemark Hoyts,Hoyts Temperley,Av. Hipólito Yrigoyen 10.700,La Odisea,2D Doblada,21:25,,,,https://www.cinemark.com.ar/peliculas/la-odisea
GBA Sur,Cinemark Hoyts,Hoyts Temperley,Av. Hipólito Yrigoyen 10.700,La Odisea,DBOX 2D Doblada,21:25,,,,https://www.cinemark.com.ar/peliculas/la-odisea
GBA Sur,Cinemark Hoyts,Hoyts Temperley,Av. Hipólito Yrigoyen 10.700,La Odisea,2D Doblada,22:25,,,,https://www.cinemark.com.ar/peliculas/la-odisea
GBA Sur,Cinemark Hoyts,Hoyts Temperley,Av. Hipólito Yrigoyen 10.700,Mi vecino Totoro,2D Doblada,18:00,,,,https://www.cinemark.com.ar/peliculas/mi-vecino-totoro-reestreno
GBA Sur,Cinemark Hoyts,Hoyts Temperley,Av. Hipólito Yrigoyen 10.700,PAW Patrol: La Dino Película,2D Doblada,12:00,,,,https://www.cinemark.com.ar/peliculas/paw-patrol-la-dino-pelicula
GBA Sur,Cinemark Hoyts,Hoyts Temperley,Av. Hipólito Yrigoyen 10.700,PAW Patrol: La Dino Película,DBOX 2D Doblada,12:00,,,,https://www.cinemark.com.ar/peliculas/paw-patrol-la-dino-pelicula
GBA Sur,Cinemark Hoyts,Hoyts Temperley,Av. Hipólito Yrigoyen 10.700,PAW Patrol: La Dino Película,2D Doblada,13:15,,,,https://www.cinemark.com.ar/peliculas/paw-patrol-la-dino-pelicula
GBA Sur,Cinemark Hoyts,Hoyts Temperley,Av. Hipólito Yrigoyen 10.700,PAW Patrol: La Dino Película,2D Doblada,15:45,,,,https://www.cinemark.com.ar/peliculas/paw-patrol-la-dino-pelicula
GBA Sur,Cinemark Hoyts,Hoyts Temperley,Av. Hipólito Yrigoyen 10.700,Spider-Man: Un nuevo día,2D Doblada,12:00,,,,https://www.cinemark.com.ar/peliculas/spider-man-un-nuevo-dia
GBA Sur,Cinemark Hoyts,Hoyts Temperley,Av. Hipólito Yrigoyen 10.700,Spider-Man: Un nuevo día,DBOX 2D Doblada,12:00,,,,https://www.cinemark.com.ar/peliculas/spider-man-un-nuevo-dia
GBA Sur,Cinemark Hoyts,Hoyts Temperley,Av. Hipólito Yrigoyen 10.700,Spider-Man: Un nuevo día,DBOX XD 2D Doblada,12:30,,,,https://www.cinemark.com.ar/peliculas/spider-man-un-nuevo-dia
GBA Sur,Cinemark Hoyts,Hoyts Temperley,Av. Hipólito Yrigoyen 10.700,Spider-Man: Un nuevo día,XD 2D Doblada,12:30,,,,https://www.cinemark.com.ar/peliculas/spider-man-un-nuevo-dia
GBA Sur,Cinemark Hoyts,Hoyts Temperley,Av. Hipólito Yrigoyen 10.700,Spider-Man: Un nuevo día,4D 3D Doblada,13:30,,,,https://www.cinemark.com.ar/peliculas/spider-man-un-nuevo-dia
GBA Sur,Cinemark Hoyts,Hoyts Temperley,Av. Hipólito Yrigoyen 10.700,Spider-Man: Un nuevo día,2D Doblada,15:10,,,,https://www.cinemark.com.ar/peliculas/spider-man-un-nuevo-dia
GBA Sur,Cinemark Hoyts,Hoyts Temperley,Av. Hipólito Yrigoyen 10.700,Spider-Man: Un nuevo día,DBOX 2D Doblada,15:10,,,,https://www.cinemark.com.ar/peliculas/spider-man-un-nuevo-dia
GBA Sur,Cinemark Hoyts,Hoyts Temperley,Av. Hipólito Yrigoyen 10.700,Spider-Man: Un nuevo día,DBOX XD 2D Doblada,15:40,,,,https://www.cinemark.com.ar/peliculas/spider-man-un-nuevo-dia
GBA Sur,Cinemark Hoyts,Hoyts Temperley,Av. Hipólito Yrigoyen 10.700,Spider-Man: Un nuevo día,XD 2D Doblada,15:40,,,,https://www.cinemark.com.ar/peliculas/spider-man-un-nuevo-dia
GBA Sur,Cinemark Hoyts,Hoyts Temperley,Av. Hipólito Yrigoyen 10.700,Spider-Man: Un nuevo día,4D 3D Doblada,16:40,,,,https://www.cinemark.com.ar/peliculas/spider-man-un-nuevo-dia
GBA Sur,Cinemark Hoyts,Hoyts Temperley,Av. Hipólito Yrigoyen 10.700,Spider-Man: Un nuevo día,2D Doblada,17:15,,,,https://www.cinemark.com.ar/peliculas/spider-man-un-nuevo-dia
GBA Sur,Cinemark Hoyts,Hoyts Temperley,Av. Hipólito Yrigoyen 10.700,Spider-Man: Un nuevo día,2D Doblada,18:20,,,,https://www.cinemark.com.ar/peliculas/spider-man-un-nuevo-dia
GBA Sur,Cinemark Hoyts,Hoyts Temperley,Av. Hipólito Yrigoyen 10.700,Spider-Man: Un nuevo día,DBOX 2D Doblada,18:20,,,,https://www.cinemark.com.ar/peliculas/spider-man-un-nuevo-dia
GBA Sur,Cinemark Hoyts,Hoyts Temperley,Av. Hipólito Yrigoyen 10.700,Spider-Man: Un nuevo día,DBOX XD 2D Doblada,18:50,,,,https://www.cinemark.com.ar/peliculas/spider-man-un-nuevo-dia
GBA Sur,Cinemark Hoyts,Hoyts Temperley,Av. Hipólito Yrigoyen 10.700,Spider-Man: Un nuevo día,XD 2D Doblada,18:50,,,,https://www.cinemark.com.ar/peliculas/spider-man-un-nuevo-dia
GBA Sur,Cinemark Hoyts,Hoyts Temperley,Av. Hipólito Yrigoyen 10.700,Spider-Man: Un nuevo día,4D 3D Doblada,19:50,,,,https://www.cinemark.com.ar/peliculas/spider-man-un-nuevo-dia
GBA Sur,Cinemark Hoyts,Hoyts Temperley,Av. Hipólito Yrigoyen 10.700,Spider-Man: Un nuevo día,2D Doblada,21:30,,,,https://www.cinemark.com.ar/peliculas/spider-man-un-nuevo-dia
GBA Sur,Cinemark Hoyts,Hoyts Temperley,Av. Hipólito Yrigoyen 10.700,Spider-Man: Un nuevo día,DBOX 2D Doblada,21:30,,,,https://www.cinemark.com.ar/peliculas/spider-man-un-nuevo-dia
GBA Sur,Cinemark Hoyts,Hoyts Temperley,Av. Hipólito Yrigoyen 10.700,Spider-Man: Un nuevo día,DBOX XD 2D Doblada,22:00,,,,https://www.cinemark.com.ar/peliculas/spider-man-un-nuevo-dia
GBA Sur,Cinemark Hoyts,Hoyts Temperley,Av. Hipólito Yrigoyen 10.700,Spider-Man: Un nuevo día,XD 2D Doblada,22:00,,,,https://www.cinemark.com.ar/peliculas/spider-man-un-nuevo-dia
GBA Sur,Cinemark Hoyts,Hoyts Temperley,Av. Hipólito Yrigoyen 10.700,Spider-Man: Un nuevo día,2D Subtitulada,22:50,,,,https://www.cinemark.com.ar/peliculas/spider-man-un-nuevo-dia
GBA Sur,Cinemark Hoyts,Hoyts Temperley,Av. Hipólito Yrigoyen 10.700,Toy Story 5,2D Doblada,14:00,,,,https://www.cinemark.com.ar/peliculas/toy-story-5
GBA Sur,Cinemark Hoyts,Hoyts Temperley,Av. Hipólito Yrigoyen 10.700,Yo Narciso,2D Doblada,12:10,,,,https://www.cinemark.com.ar/peliculas/yo-narciso
GBA Sur,Cinemark Hoyts,Hoyts Temperley,Av. Hipólito Yrigoyen 10.700,Yo Narciso,2D Doblada,13:00,,,,https://www.cinemark.com.ar/peliculas/yo-narciso
GBA Sur,Cinemark Hoyts,Hoyts Temperley,Av. Hipólito Yrigoyen 10.700,Yo Narciso,2D Doblada,14:30,,,,https://www.cinemark.com.ar/peliculas/yo-narciso
GBA Sur,Cinemark Hoyts,Hoyts Temperley,Av. Hipólito Yrigoyen 10.700,Yo Narciso,2D Doblada,15:15,,,,https://www.cinemark.com.ar/peliculas/yo-narciso
GBA Sur,Cinemark Hoyts,Hoyts Temperley,Av. Hipólito Yrigoyen 10.700,Yo Narciso,2D Doblada,17:30,,,,https://www.cinemark.com.ar/peliculas/yo-narciso
GBA Sur,Cinemark Hoyts,Hoyts Temperley,Av. Hipólito Yrigoyen 10.700,Yo Narciso,2D Doblada,19:45,,,,https://www.cinemark.com.ar/peliculas/yo-narciso
GBA Sur,Cinemark Hoyts,Hoyts Temperley,Av. Hipólito Yrigoyen 10.700,Yo Narciso,2D Doblada,20:30,,,,https://www.cinemark.com.ar/peliculas/yo-narciso
GBA Sur,Cinemark Hoyts,Hoyts Temperley,Av. Hipólito Yrigoyen 10.700,Yo Narciso,2D Doblada,22:10,,,,https://www.cinemark.com.ar/peliculas/yo-narciso
CABA,Atlas Cines,Atlas Caballito,"Rivadavia 5071, Caballito",La invitación,2D Subtitulada,22:10,,,,https://cartelera.ar/pelicula/la-invitacion
CABA,Atlas Cines,Atlas Caballito,"Rivadavia 5071, Caballito",La Odisea,2D Subtitulada,12:10,,,,https://cartelera.ar/pelicula/la-odisea
CABA,Atlas Cines,Atlas Caballito,"Rivadavia 5071, Caballito",La Odisea,2D Subtitulada,17:00,,,,https://cartelera.ar/pelicula/la-odisea
CABA,Atlas Cines,Atlas Caballito,"Rivadavia 5071, Caballito",La Odisea,2D Subtitulada,19:20,,,,https://cartelera.ar/pelicula/la-odisea
CABA,Atlas Cines,Atlas Caballito,"Rivadavia 5071, Caballito",La Odisea,2D Subtitulada,22:00,,,,https://cartelera.ar/pelicula/la-odisea
CABA,Atlas Cines,Atlas Caballito,"Rivadavia 5071, Caballito",Spider-Man: Un nuevo día,4DX Doblada,12:30,,,,https://cartelera.ar/pelicula/spider-man-un-nuevo-dia
CABA,Atlas Cines,Atlas Caballito,"Rivadavia 5071, Caballito",Spider-Man: Un nuevo día,2D Doblada,12:50,,,,https://cartelera.ar/pelicula/spider-man-un-nuevo-dia
CABA,Atlas Cines,Atlas Caballito,"Rivadavia 5071, Caballito",Spider-Man: Un nuevo día,2D Doblada,13:30,,,,https://cartelera.ar/pelicula/spider-man-un-nuevo-dia
CABA,Atlas Cines,Atlas Caballito,"Rivadavia 5071, Caballito",Spider-Man: Un nuevo día,4DX Doblada,15:40,,,,https://cartelera.ar/pelicula/spider-man-un-nuevo-dia
CABA,Atlas Cines,Atlas Caballito,"Rivadavia 5071, Caballito",Spider-Man: Un nuevo día,2D Doblada,16:00,,,,https://cartelera.ar/pelicula/spider-man-un-nuevo-dia
CABA,Atlas Cines,Atlas Caballito,"Rivadavia 5071, Caballito",Spider-Man: Un nuevo día,3D Doblada,16:30,,,,https://cartelera.ar/pelicula/spider-man-un-nuevo-dia
CABA,Atlas Cines,Atlas Caballito,"Rivadavia 5071, Caballito",Spider-Man: Un nuevo día,2D Doblada,17:50,,,,https://cartelera.ar/pelicula/spider-man-un-nuevo-dia
CABA,Atlas Cines,Atlas Caballito,"Rivadavia 5071, Caballito",Spider-Man: Un nuevo día,4DX Doblada,18:40,,,,https://cartelera.ar/pelicula/spider-man-un-nuevo-dia
CABA,Atlas Cines,Atlas Caballito,"Rivadavia 5071, Caballito",Spider-Man: Un nuevo día,2D Doblada,19:00,,,,https://cartelera.ar/pelicula/spider-man-un-nuevo-dia
CABA,Atlas Cines,Atlas Caballito,"Rivadavia 5071, Caballito",Spider-Man: Un nuevo día,2D Subtitulada,19:30,,,,https://cartelera.ar/pelicula/spider-man-un-nuevo-dia
CABA,Atlas Cines,Atlas Caballito,"Rivadavia 5071, Caballito",Spider-Man: Un nuevo día,4DX Doblada,21:40,,,,https://cartelera.ar/pelicula/spider-man-un-nuevo-dia
CABA,Atlas Cines,Atlas Caballito,"Rivadavia 5071, Caballito",Spider-Man: Un nuevo día,2D Subtitulada,22:30,,,,https://cartelera.ar/pelicula/spider-man-un-nuevo-dia
CABA,Atlas Cines,Atlas Caballito,"Rivadavia 5071, Caballito",Spider-Man: Un nuevo día,2D Doblada,22:50,,,,https://cartelera.ar/pelicula/spider-man-un-nuevo-dia
CABA,Atlas Cines,Atlas Caballito,"Rivadavia 5071, Caballito",Toy Story 5,2D Doblada,12:30,,,,https://cartelera.ar/pelicula/toy-story-5
CABA,Atlas Cines,Atlas Caballito,"Rivadavia 5071, Caballito",Toy Story 5,2D Doblada,14:50,,,,https://cartelera.ar/pelicula/toy-story-5
CABA,Atlas Cines,Atlas Caballito,"Rivadavia 5071, Caballito",Minions & monstruos,2D Doblada,15:00,,,,https://cartelera.ar/pelicula/minions-monstruos
CABA,Atlas Cines,Atlas Caballito,"Rivadavia 5071, Caballito",El Final de la Calle Oak,2D Doblada,15:40,,,,https://cartelera.ar/pelicula/el-final-de-la-calle-oak
CABA,Atlas Cines,Atlas Caballito,"Rivadavia 5071, Caballito",El Final de la Calle Oak,2D Doblada,20:40,,,,https://cartelera.ar/pelicula/el-final-de-la-calle-oak
CABA,Atlas Cines,Atlas Caballito,"Rivadavia 5071, Caballito",El Final de la Calle Oak,2D Subtitulada,22:50,,,,https://cartelera.ar/pelicula/el-final-de-la-calle-oak
CABA,Atlas Cines,Atlas Caballito,"Rivadavia 5071, Caballito",PAW Patrol: La Dino Película,2D Doblada,12:30,,,,https://cartelera.ar/pelicula/paw-patrol-la-dino-pelicula
CABA,Atlas Cines,Atlas Caballito,"Rivadavia 5071, Caballito",PAW Patrol: La Dino Película,2D Doblada,14:30,,,,https://cartelera.ar/pelicula/paw-patrol-la-dino-pelicula
CABA,Atlas Cines,Atlas Caballito,"Rivadavia 5071, Caballito",La Muerte De Robin Hood,2D Subtitulada,16:40,,,,https://cartelera.ar/pelicula/la-muerte-de-robin-hood
CABA,Atlas Cines,Atlas Caballito,"Rivadavia 5071, Caballito",La Muerte De Robin Hood,2D Subtitulada,20:30,,,,https://cartelera.ar/pelicula/la-muerte-de-robin-hood
CABA,Atlas Cines,Atlas Caballito,"Rivadavia 5071, Caballito",Moana,2D Doblada,12:30,,,,https://cartelera.ar/pelicula/moana
CABA,Atlas Cines,Atlas Caballito,"Rivadavia 5071, Caballito",Insidious: Fuera del más allá,2D Doblada,13:10,,,,https://cartelera.ar/pelicula/insidious-fuera-del-mas-alla
CABA,Atlas Cines,Atlas Caballito,"Rivadavia 5071, Caballito",Insidious: Fuera del más allá,2D Doblada,15:30,,,,https://cartelera.ar/pelicula/insidious-fuera-del-mas-alla
CABA,Atlas Cines,Atlas Caballito,"Rivadavia 5071, Caballito",Insidious: Fuera del más allá,2D Doblada,17:50,,,,https://cartelera.ar/pelicula/insidious-fuera-del-mas-alla
CABA,Atlas Cines,Atlas Caballito,"Rivadavia 5071, Caballito",Insidious: Fuera del más allá,2D Doblada,20:10,,,,https://cartelera.ar/pelicula/insidious-fuera-del-mas-alla
CABA,Atlas Cines,Atlas Caballito,"Rivadavia 5071, Caballito",Insidious: Fuera del más allá,2D Subtitulada,22:30,,,,https://cartelera.ar/pelicula/insidious-fuera-del-mas-alla
CABA,Atlas Cines,Atlas Caballito,"Rivadavia 5071, Caballito",Canelones,2D Doblada,20:00,,,,
CABA,Atlas Cines,Atlas Caballito,"Rivadavia 5071, Caballito",Yo Narciso,2D Doblada,12:00,,,,
CABA,Atlas Cines,Atlas Caballito,"Rivadavia 5071, Caballito",Yo Narciso,2D Doblada,14:00,,,,
CABA,Atlas Cines,Atlas Caballito,"Rivadavia 5071, Caballito",Yo Narciso,2D Doblada,16:10,,,,
CABA,Atlas Cines,Atlas Caballito,"Rivadavia 5071, Caballito",Yo Narciso,2D Doblada,18:20,,,,
CABA,Atlas Cines,Atlas Caballito,"Rivadavia 5071, Caballito",Yo Narciso,2D Doblada,20:40,,,,
CABA,Atlas Cines,Atlas Caballito,"Rivadavia 5071, Caballito",Yo Narciso,2D Doblada,22:50,,,,
CABA,Atlas Cines,Atlas Caballito,"Rivadavia 5071, Caballito","Adolescencia, sexo y muerte en campamento Miasma",2D Subtitulada,23:10,,,,https://cartelera.ar/pelicula/adolescencia-sexo-y-muerte-en-campamento-miasma
CABA,Atlas Cines,Atlas Caballito,"Rivadavia 5071, Caballito",Tu Corazón Será Destrozado,2D Doblada,17:10,,,,
GBA Oeste,Cinemark Hoyts,Hoyts Morón,"J.M. de Rosas 658, Plaza Oeste Shopping",El Final de la Calle Oak,2D Doblada,18:00,,,,https://www.cinemark.com.ar/peliculas/el-final-de-la-calle-oak
GBA Oeste,Cinemark Hoyts,Hoyts Morón,"J.M. de Rosas 658, Plaza Oeste Shopping",Insidious: Fuera del más allá,2D Doblada,12:20,,,,https://www.cinemark.com.ar/peliculas/la-noche-del-demonio-estan-entre-nosotros
GBA Oeste,Cinemark Hoyts,Hoyts Morón,"J.M. de Rosas 658, Plaza Oeste Shopping",Insidious: Fuera del más allá,DBOX 2D Doblada,12:20,,,,https://www.cinemark.com.ar/peliculas/la-noche-del-demonio-estan-entre-nosotros
GBA Oeste,Cinemark Hoyts,Hoyts Morón,"J.M. de Rosas 658, Plaza Oeste Shopping",Insidious: Fuera del más allá,2D Doblada,14:50,,,,https://www.cinemark.com.ar/peliculas/la-noche-del-demonio-estan-entre-nosotros
GBA Oeste,Cinemark Hoyts,Hoyts Morón,"J.M. de Rosas 658, Plaza Oeste Shopping",Insidious: Fuera del más allá,DBOX 2D Doblada,14:50,,,,https://www.cinemark.com.ar/peliculas/la-noche-del-demonio-estan-entre-nosotros
GBA Oeste,Cinemark Hoyts,Hoyts Morón,"J.M. de Rosas 658, Plaza Oeste Shopping",Insidious: Fuera del más allá,2D Doblada,17:20,,,,https://www.cinemark.com.ar/peliculas/la-noche-del-demonio-estan-entre-nosotros
GBA Oeste,Cinemark Hoyts,Hoyts Morón,"J.M. de Rosas 658, Plaza Oeste Shopping",Insidious: Fuera del más allá,DBOX 2D Doblada,17:20,,,,https://www.cinemark.com.ar/peliculas/la-noche-del-demonio-estan-entre-nosotros
GBA Oeste,Cinemark Hoyts,Hoyts Morón,"J.M. de Rosas 658, Plaza Oeste Shopping",Insidious: Fuera del más allá,2D Doblada,20:00,,,,https://www.cinemark.com.ar/peliculas/la-noche-del-demonio-estan-entre-nosotros
GBA Oeste,Cinemark Hoyts,Hoyts Morón,"J.M. de Rosas 658, Plaza Oeste Shopping",Insidious: Fuera del más allá,DBOX 2D Doblada,20:00,,,,https://www.cinemark.com.ar/peliculas/la-noche-del-demonio-estan-entre-nosotros
GBA Oeste,Cinemark Hoyts,Hoyts Morón,"J.M. de Rosas 658, Plaza Oeste Shopping",Insidious: Fuera del más allá,2D Doblada,20:20,,,,https://www.cinemark.com.ar/peliculas/la-noche-del-demonio-estan-entre-nosotros
GBA Oeste,Cinemark Hoyts,Hoyts Morón,"J.M. de Rosas 658, Plaza Oeste Shopping",Insidious: Fuera del más allá,2D Doblada,22:30,,,,https://www.cinemark.com.ar/peliculas/la-noche-del-demonio-estan-entre-nosotros
GBA Oeste,Cinemark Hoyts,Hoyts Morón,"J.M. de Rosas 658, Plaza Oeste Shopping",Insidious: Fuera del más allá,DBOX 2D Doblada,22:30,,,,https://www.cinemark.com.ar/peliculas/la-noche-del-demonio-estan-entre-nosotros
GBA Oeste,Cinemark Hoyts,Hoyts Morón,"J.M. de Rosas 658, Plaza Oeste Shopping",Insidious: Fuera del más allá,2D Doblada,23:00,,,,https://www.cinemark.com.ar/peliculas/la-noche-del-demonio-estan-entre-nosotros
GBA Oeste,Cinemark Hoyts,Hoyts Morón,"J.M. de Rosas 658, Plaza Oeste Shopping",La Odisea,2D Doblada,14:10,,,,https://www.cinemark.com.ar/peliculas/la-odisea
GBA Oeste,Cinemark Hoyts,Hoyts Morón,"J.M. de Rosas 658, Plaza Oeste Shopping",La Odisea,2D Doblada,17:50,,,,https://www.cinemark.com.ar/peliculas/la-odisea
GBA Oeste,Cinemark Hoyts,Hoyts Morón,"J.M. de Rosas 658, Plaza Oeste Shopping",La Odisea,2D Doblada,21:40,,,,https://www.cinemark.com.ar/peliculas/la-odisea
GBA Oeste,Cinemark Hoyts,Hoyts Morón,"J.M. de Rosas 658, Plaza Oeste Shopping",PAW Patrol: La Dino Película,2D Doblada,13:20,,,,https://www.cinemark.com.ar/peliculas/paw-patrol-la-dino-pelicula
GBA Oeste,Cinemark Hoyts,Hoyts Morón,"J.M. de Rosas 658, Plaza Oeste Shopping",PAW Patrol: La Dino Película,2D Doblada,15:50,,,,https://www.cinemark.com.ar/peliculas/paw-patrol-la-dino-pelicula
GBA Oeste,Cinemark Hoyts,Hoyts Morón,"J.M. de Rosas 658, Plaza Oeste Shopping",PAW Patrol: La Dino Película,2D Doblada,18:10,,,,https://www.cinemark.com.ar/peliculas/paw-patrol-la-dino-pelicula
GBA Oeste,Cinemark Hoyts,Hoyts Morón,"J.M. de Rosas 658, Plaza Oeste Shopping",Spider-Man: Un nuevo día,2D Doblada,12:00,,,,https://www.cinemark.com.ar/peliculas/spider-man-un-nuevo-dia
GBA Oeste,Cinemark Hoyts,Hoyts Morón,"J.M. de Rosas 658, Plaza Oeste Shopping",Spider-Man: Un nuevo día,3D Doblada,12:30,,,,https://www.cinemark.com.ar/peliculas/spider-man-un-nuevo-dia
GBA Oeste,Cinemark Hoyts,Hoyts Morón,"J.M. de Rosas 658, Plaza Oeste Shopping",Spider-Man: Un nuevo día,2D Doblada,13:10,,,,https://www.cinemark.com.ar/peliculas/spider-man-un-nuevo-dia
GBA Oeste,Cinemark Hoyts,Hoyts Morón,"J.M. de Rosas 658, Plaza Oeste Shopping",Spider-Man: Un nuevo día,DBOX 2D Doblada,13:10,,,,https://www.cinemark.com.ar/peliculas/spider-man-un-nuevo-dia
GBA Oeste,Cinemark Hoyts,Hoyts Morón,"J.M. de Rosas 658, Plaza Oeste Shopping",Spider-Man: Un nuevo día,2D Doblada,15:10,,,,https://www.cinemark.com.ar/peliculas/spider-man-un-nuevo-dia
GBA Oeste,Cinemark Hoyts,Hoyts Morón,"J.M. de Rosas 658, Plaza Oeste Shopping",Spider-Man: Un nuevo día,2D Doblada,15:40,,,,https://www.cinemark.com.ar/peliculas/spider-man-un-nuevo-dia
GBA Oeste,Cinemark Hoyts,Hoyts Morón,"J.M. de Rosas 658, Plaza Oeste Shopping",Spider-Man: Un nuevo día,2D Doblada,16:20,,,,https://www.cinemark.com.ar/peliculas/spider-man-un-nuevo-dia
GBA Oeste,Cinemark Hoyts,Hoyts Morón,"J.M. de Rosas 658, Plaza Oeste Shopping",Spider-Man: Un nuevo día,DBOX 2D Doblada,16:20,,,,https://www.cinemark.com.ar/peliculas/spider-man-un-nuevo-dia
GBA Oeste,Cinemark Hoyts,Hoyts Morón,"J.M. de Rosas 658, Plaza Oeste Shopping",Spider-Man: Un nuevo día,2D Doblada,18:20,,,,https://www.cinemark.com.ar/peliculas/spider-man-un-nuevo-dia
GBA Oeste,Cinemark Hoyts,Hoyts Morón,"J.M. de Rosas 658, Plaza Oeste Shopping",Spider-Man: Un nuevo día,3D Doblada,18:50,,,,https://www.cinemark.com.ar/peliculas/spider-man-un-nuevo-dia
GBA Oeste,Cinemark Hoyts,Hoyts Morón,"J.M. de Rosas 658, Plaza Oeste Shopping",Spider-Man: Un nuevo día,2D Doblada,19:30,,,,https://www.cinemark.com.ar/peliculas/spider-man-un-nuevo-dia
GBA Oeste,Cinemark Hoyts,Hoyts Morón,"J.M. de Rosas 658, Plaza Oeste Shopping",Spider-Man: Un nuevo día,DBOX 2D Doblada,19:30,,,,https://www.cinemark.com.ar/peliculas/spider-man-un-nuevo-dia
GBA Oeste,Cinemark Hoyts,Hoyts Morón,"J.M. de Rosas 658, Plaza Oeste Shopping",Spider-Man: Un nuevo día,2D Doblada,21:30,,,,https://www.cinemark.com.ar/peliculas/spider-man-un-nuevo-dia
GBA Oeste,Cinemark Hoyts,Hoyts Morón,"J.M. de Rosas 658, Plaza Oeste Shopping",Spider-Man: Un nuevo día,2D Doblada,22:00,,,,https://www.cinemark.com.ar/peliculas/spider-man-un-nuevo-dia
GBA Oeste,Cinemark Hoyts,Hoyts Morón,"J.M. de Rosas 658, Plaza Oeste Shopping",Spider-Man: Un nuevo día,2D Doblada,22:40,,,,https://www.cinemark.com.ar/peliculas/spider-man-un-nuevo-dia
GBA Oeste,Cinemark Hoyts,Hoyts Morón,"J.M. de Rosas 658, Plaza Oeste Shopping",Spider-Man: Un nuevo día,DBOX 2D Doblada,22:40,,,,https://www.cinemark.com.ar/peliculas/spider-man-un-nuevo-dia
GBA Oeste,Cinemark Hoyts,Hoyts Morón,"J.M. de Rosas 658, Plaza Oeste Shopping",Toy Story 5,2D Doblada,13:00,,,,https://www.cinemark.com.ar/peliculas/toy-story-5
GBA Oeste,Cinemark Hoyts,Hoyts Morón,"J.M. de Rosas 658, Plaza Oeste Shopping",Toy Story 5,2D Doblada,15:30,,,,https://www.cinemark.com.ar/peliculas/toy-story-5
GBA Oeste,Cinemark Hoyts,Hoyts Morón,"J.M. de Rosas 658, Plaza Oeste Shopping",Yo Narciso,2D Doblada,12:50,,,,https://www.cinemark.com.ar/peliculas/yo-narciso
GBA Oeste,Cinemark Hoyts,Hoyts Morón,"J.M. de Rosas 658, Plaza Oeste Shopping",Yo Narciso,2D Doblada,15:00,,,,https://www.cinemark.com.ar/peliculas/yo-narciso
GBA Oeste,Cinemark Hoyts,Hoyts Morón,"J.M. de Rosas 658, Plaza Oeste Shopping",Yo Narciso,2D Doblada,17:30,,,,https://www.cinemark.com.ar/peliculas/yo-narciso
GBA Oeste,Cinemark Hoyts,Hoyts Morón,"J.M. de Rosas 658, Plaza Oeste Shopping",Yo Narciso,2D Doblada,19:50,,,,https://www.cinemark.com.ar/peliculas/yo-narciso
GBA Oeste,Cinemark Hoyts,Hoyts Morón,"J.M. de Rosas 658, Plaza Oeste Shopping",Yo Narciso,2D Doblada,20:30,,,,https://www.cinemark.com.ar/peliculas/yo-narciso
GBA Oeste,Cinemark Hoyts,Hoyts Morón,"J.M. de Rosas 658, Plaza Oeste Shopping",Yo Narciso,2D Doblada,22:10,,,,https://www.cinemark.com.ar/peliculas/yo-narciso
GBA Oeste,Cinemark Hoyts,Hoyts Morón,"J.M. de Rosas 658, Plaza Oeste Shopping",Yo Narciso,2D Doblada,22:50,,,,https://www.cinemark.com.ar/peliculas/yo-narciso
GBA Norte,Cinépolis,Cinépolis Pilar,"Panamericana Km. 50, Pilar",La invitación,2D Subtitulada,20:00,,,,https://cartelera.ar/pelicula/la-invitacion
GBA Norte,Cinépolis,Cinépolis Pilar,"Panamericana Km. 50, Pilar",La Odisea,2D Subtitulada,14:20,,,,https://cartelera.ar/pelicula/la-odisea
GBA Norte,Cinépolis,Cinépolis Pilar,"Panamericana Km. 50, Pilar",La Odisea,2D Subtitulada,18:00,,,,https://cartelera.ar/pelicula/la-odisea
GBA Norte,Cinépolis,Cinépolis Pilar,"Panamericana Km. 50, Pilar",La Odisea,2D Doblada,19:30,,,,https://cartelera.ar/pelicula/la-odisea
GBA Norte,Cinépolis,Cinépolis Pilar,"Panamericana Km. 50, Pilar",La Odisea,2D Subtitulada,21:40,,,,https://cartelera.ar/pelicula/la-odisea
GBA Norte,Cinépolis,Cinépolis Pilar,"Panamericana Km. 50, Pilar",La Odisea,2D Subtitulada,22:30,,,,https://cartelera.ar/pelicula/la-odisea
GBA Norte,Cinépolis,Cinépolis Pilar,"Panamericana Km. 50, Pilar",Spider-Man: Un nuevo día,2D Doblada,12:50,,,,https://cartelera.ar/pelicula/spider-man-un-nuevo-dia
GBA Norte,Cinépolis,Cinépolis Pilar,"Panamericana Km. 50, Pilar",Spider-Man: Un nuevo día,2D Doblada,14:00,,,,https://cartelera.ar/pelicula/spider-man-un-nuevo-dia
GBA Norte,Cinépolis,Cinépolis Pilar,"Panamericana Km. 50, Pilar",Spider-Man: Un nuevo día,3D Doblada,16:00,,,,https://cartelera.ar/pelicula/spider-man-un-nuevo-dia
GBA Norte,Cinépolis,Cinépolis Pilar,"Panamericana Km. 50, Pilar",Spider-Man: Un nuevo día,2D Doblada,17:00,,,,https://cartelera.ar/pelicula/spider-man-un-nuevo-dia
GBA Norte,Cinépolis,Cinépolis Pilar,"Panamericana Km. 50, Pilar",Spider-Man: Un nuevo día,2D Subtitulada,19:10,,,,https://cartelera.ar/pelicula/spider-man-un-nuevo-dia
GBA Norte,Cinépolis,Cinépolis Pilar,"Panamericana Km. 50, Pilar",Spider-Man: Un nuevo día,3D Doblada,20:00,,,,https://cartelera.ar/pelicula/spider-man-un-nuevo-dia
GBA Norte,Cinépolis,Cinépolis Pilar,"Panamericana Km. 50, Pilar",Spider-Man: Un nuevo día,2D Doblada,22:00,,,,https://cartelera.ar/pelicula/spider-man-un-nuevo-dia
GBA Norte,Cinépolis,Cinépolis Pilar,"Panamericana Km. 50, Pilar",Spider-Man: Un nuevo día,2D Subtitulada,23:00,,,,https://cartelera.ar/pelicula/spider-man-un-nuevo-dia
GBA Norte,Cinépolis,Cinépolis Pilar,"Panamericana Km. 50, Pilar",Toy Story 5,2D Doblada,12:00,,,,https://cartelera.ar/pelicula/toy-story-5
GBA Norte,Cinépolis,Cinépolis Pilar,"Panamericana Km. 50, Pilar",Toy Story 5,2D Doblada,13:10,,,,https://cartelera.ar/pelicula/toy-story-5
GBA Norte,Cinépolis,Cinépolis Pilar,"Panamericana Km. 50, Pilar",Toy Story 5,2D Doblada,15:40,,,,https://cartelera.ar/pelicula/toy-story-5
GBA Norte,Cinépolis,Cinépolis Pilar,"Panamericana Km. 50, Pilar",El Final de la Calle Oak,2D Doblada,17:40,,,,https://cartelera.ar/pelicula/el-final-de-la-calle-oak
GBA Norte,Cinépolis,Cinépolis Pilar,"Panamericana Km. 50, Pilar",PAW Patrol: La Dino Película,2D Doblada,12:00,,,,https://cartelera.ar/pelicula/paw-patrol-la-dino-pelicula
GBA Norte,Cinépolis,Cinépolis Pilar,"Panamericana Km. 50, Pilar",PAW Patrol: La Dino Película,2D Doblada,14:10,,,,https://cartelera.ar/pelicula/paw-patrol-la-dino-pelicula
GBA Norte,Cinépolis,Cinépolis Pilar,"Panamericana Km. 50, Pilar",La Muerte De Robin Hood,2D Doblada,14:45,,,,https://cartelera.ar/pelicula/la-muerte-de-robin-hood
GBA Norte,Cinépolis,Cinépolis Pilar,"Panamericana Km. 50, Pilar",La Muerte De Robin Hood,2D Subtitulada,22:30,,,,https://cartelera.ar/pelicula/la-muerte-de-robin-hood
GBA Norte,Cinépolis,Cinépolis Pilar,"Panamericana Km. 50, Pilar",La noche del demonio: Están entre nosotros,2D Doblada,12:10,,,,https://cartelera.ar/pelicula/la-noche-del-demonio-estan-entre-nosotros
GBA Norte,Cinépolis,Cinépolis Pilar,"Panamericana Km. 50, Pilar",La noche del demonio: Están entre nosotros,2D Doblada,14:30,,,,https://cartelera.ar/pelicula/la-noche-del-demonio-estan-entre-nosotros
GBA Norte,Cinépolis,Cinépolis Pilar,"Panamericana Km. 50, Pilar",La noche del demonio: Están entre nosotros,2D Doblada,17:00,,,,https://cartelera.ar/pelicula/la-noche-del-demonio-estan-entre-nosotros
GBA Norte,Cinépolis,Cinépolis Pilar,"Panamericana Km. 50, Pilar",La noche del demonio: Están entre nosotros,2D Doblada,23:00,,,,https://cartelera.ar/pelicula/la-noche-del-demonio-estan-entre-nosotros
GBA Norte,Cinépolis,Cinépolis Pilar,"Panamericana Km. 50, Pilar",Moana,2D Doblada,12:00,,,,https://cartelera.ar/pelicula/moana
GBA Norte,Cinépolis,Cinépolis Pilar,"Panamericana Km. 50, Pilar",Ghost: 2 Big To Rig,2D Subtitulada,21:00,,,,
GBA Norte,Cinépolis,Cinépolis Pilar,"Panamericana Km. 50, Pilar",Yo Narciso,2D Doblada,13:00,,,,
GBA Norte,Cinépolis,Cinépolis Pilar,"Panamericana Km. 50, Pilar",Yo Narciso,2D Doblada,15:20,,,,
GBA Norte,Cinépolis,Cinépolis Pilar,"Panamericana Km. 50, Pilar",Yo Narciso,2D Doblada,16:30,,,,
GBA Norte,Cinépolis,Cinépolis Pilar,"Panamericana Km. 50, Pilar",Yo Narciso,2D Doblada,17:50,,,,
GBA Norte,Cinépolis,Cinépolis Pilar,"Panamericana Km. 50, Pilar",Yo Narciso,2D Doblada,19:00,,,,
GBA Norte,Cinépolis,Cinépolis Pilar,"Panamericana Km. 50, Pilar",Yo Narciso,2D Doblada,20:30,,,,
GBA Norte,Cinépolis,Cinépolis Pilar,"Panamericana Km. 50, Pilar",Yo Narciso,2D Doblada,22:50,,,,
GBA Norte,Cinépolis,Cinépolis Pilar,"Panamericana Km. 50, Pilar",Tu Corazón Será Destrozado,2D Doblada,18:00,,,,
CABA,Cinemark Hoyts,Cinemark Palermo,"Beruti 3399, Palermo",El Final de la Calle Oak,2D Subtitulada,12:50,,,,https://www.cinemark.com.ar/peliculas/el-final-de-la-calle-oak
CABA,Cinemark Hoyts,Cinemark Palermo,"Beruti 3399, Palermo",El Final de la Calle Oak,2D Subtitulada,15:20,,,,https://www.cinemark.com.ar/peliculas/el-final-de-la-calle-oak
CABA,Cinemark Hoyts,Cinemark Palermo,"Beruti 3399, Palermo",El Final de la Calle Oak,2D Subtitulada,20:10,,,,https://www.cinemark.com.ar/peliculas/el-final-de-la-calle-oak
CABA,Cinemark Hoyts,Cinemark Palermo,"Beruti 3399, Palermo",GHOST: 2 BIG TO RIG,2D Subtitulada,22:00,,,,https://www.cinemark.com.ar/peliculas/ghost-2-big-to-rig
CABA,Cinemark Hoyts,Cinemark Palermo,"Beruti 3399, Palermo",Insidious: Fuera del más allá,2D Subtitulada,12:10,,,,https://www.cinemark.com.ar/peliculas/la-noche-del-demonio-estan-entre-nosotros
CABA,Cinemark Hoyts,Cinemark Palermo,"Beruti 3399, Palermo",Insidious: Fuera del más allá,2D Subtitulada,14:40,,,,https://www.cinemark.com.ar/peliculas/la-noche-del-demonio-estan-entre-nosotros
CABA,Cinemark Hoyts,Cinemark Palermo,"Beruti 3399, Palermo",Insidious: Fuera del más allá,2D Subtitulada,17:10,,,,https://www.cinemark.com.ar/peliculas/la-noche-del-demonio-estan-entre-nosotros
CABA,Cinemark Hoyts,Cinemark Palermo,"Beruti 3399, Palermo",Insidious: Fuera del más allá,2D Subtitulada,19:40,,,,https://www.cinemark.com.ar/peliculas/la-noche-del-demonio-estan-entre-nosotros
CABA,Cinemark Hoyts,Cinemark Palermo,"Beruti 3399, Palermo",Insidious: Fuera del más allá,2D Subtitulada,22:10,,,,https://www.cinemark.com.ar/peliculas/la-noche-del-demonio-estan-entre-nosotros
CABA,Cinemark Hoyts,Cinemark Palermo,"Beruti 3399, Palermo",Insidious: Fuera del más allá,2D Subtitulada,23:10,,,,https://www.cinemark.com.ar/peliculas/la-noche-del-demonio-estan-entre-nosotros
CABA,Cinemark Hoyts,Cinemark Palermo,"Beruti 3399, Palermo",La invitación,2D Subtitulada,17:20,,,,https://www.cinemark.com.ar/peliculas/la-invitacion
CABA,Cinemark Hoyts,Cinemark Palermo,"Beruti 3399, Palermo",La invitación,2D Subtitulada,20:30,,,,https://www.cinemark.com.ar/peliculas/la-invitacion
CABA,Cinemark Hoyts,Cinemark Palermo,"Beruti 3399, Palermo",La invitación,2D Subtitulada,23:00,,,,https://www.cinemark.com.ar/peliculas/la-invitacion
CABA,Cinemark Hoyts,Cinemark Palermo,"Beruti 3399, Palermo",La Muerte De Robin Hood,2D Subtitulada,22:50,,,,https://www.cinemark.com.ar/peliculas/la-muerte-de-robin-hood
CABA,Cinemark Hoyts,Cinemark Palermo,"Beruti 3399, Palermo",La Odisea,2D Subtitulada,14:00,,,,https://www.cinemark.com.ar/peliculas/la-odisea
CABA,Cinemark Hoyts,Cinemark Palermo,"Beruti 3399, Palermo",La Odisea,2D Subtitulada,14:40,,,,https://www.cinemark.com.ar/peliculas/la-odisea
CABA,Cinemark Hoyts,Cinemark Palermo,"Beruti 3399, Palermo",La Odisea,2D Subtitulada,17:40,,,,https://www.cinemark.com.ar/peliculas/la-odisea
CABA,Cinemark Hoyts,Cinemark Palermo,"Beruti 3399, Palermo",La Odisea,2D Subtitulada,18:20,,,,https://www.cinemark.com.ar/peliculas/la-odisea
CABA,Cinemark Hoyts,Cinemark Palermo,"Beruti 3399, Palermo",La Odisea,2D Subtitulada,21:20,,,,https://www.cinemark.com.ar/peliculas/la-odisea
CABA,Cinemark Hoyts,Cinemark Palermo,"Beruti 3399, Palermo",La Odisea,2D Subtitulada,22:00,,,,https://www.cinemark.com.ar/peliculas/la-odisea
CABA,Cinemark Hoyts,Cinemark Palermo,"Beruti 3399, Palermo",Mi vecino Totoro,2D Subtitulada,18:00,,,,https://www.cinemark.com.ar/peliculas/mi-vecino-totoro-reestreno
CABA,Cinemark Hoyts,Cinemark Palermo,"Beruti 3399, Palermo",PAW Patrol: La Dino Película,2D Doblada,12:40,,,,https://www.cinemark.com.ar/peliculas/paw-patrol-la-dino-pelicula
CABA,Cinemark Hoyts,Cinemark Palermo,"Beruti 3399, Palermo",PAW Patrol: La Dino Película,2D Doblada,15:00,,,,https://www.cinemark.com.ar/peliculas/paw-patrol-la-dino-pelicula
CABA,Cinemark Hoyts,Cinemark Palermo,"Beruti 3399, Palermo",Spider-Man: Un nuevo día,2D Subtitulada,12:30,,,,https://www.cinemark.com.ar/peliculas/spider-man-un-nuevo-dia
CABA,Cinemark Hoyts,Cinemark Palermo,"Beruti 3399, Palermo",Spider-Man: Un nuevo día,2D Subtitulada,13:00,,,,https://www.cinemark.com.ar/peliculas/spider-man-un-nuevo-dia
CABA,Cinemark Hoyts,Cinemark Palermo,"Beruti 3399, Palermo",Spider-Man: Un nuevo día,2D Doblada,13:30,,,,https://www.cinemark.com.ar/peliculas/spider-man-un-nuevo-dia
CABA,Cinemark Hoyts,Cinemark Palermo,"Beruti 3399, Palermo",Spider-Man: Un nuevo día,3D Subtitulada,15:40,,,,https://www.cinemark.com.ar/peliculas/spider-man-un-nuevo-dia
CABA,Cinemark Hoyts,Cinemark Palermo,"Beruti 3399, Palermo",Spider-Man: Un nuevo día,2D Subtitulada,16:10,,,,https://www.cinemark.com.ar/peliculas/spider-man-un-nuevo-dia
CABA,Cinemark Hoyts,Cinemark Palermo,"Beruti 3399, Palermo",Spider-Man: Un nuevo día,2D Doblada,16:40,,,,https://www.cinemark.com.ar/peliculas/spider-man-un-nuevo-dia
CABA,Cinemark Hoyts,Cinemark Palermo,"Beruti 3399, Palermo",Spider-Man: Un nuevo día,3D Subtitulada,18:50,,,,https://www.cinemark.com.ar/peliculas/spider-man-un-nuevo-dia
CABA,Cinemark Hoyts,Cinemark Palermo,"Beruti 3399, Palermo",Spider-Man: Un nuevo día,2D Subtitulada,19:20,,,,https://www.cinemark.com.ar/peliculas/spider-man-un-nuevo-dia
CABA,Cinemark Hoyts,Cinemark Palermo,"Beruti 3399, Palermo",Spider-Man: Un nuevo día,2D Subtitulada,19:50,,,,https://www.cinemark.com.ar/peliculas/spider-man-un-nuevo-dia
CABA,Cinemark Hoyts,Cinemark Palermo,"Beruti 3399, Palermo",Spider-Man: Un nuevo día,2D Subtitulada,22:30,,,,https://www.cinemark.com.ar/peliculas/spider-man-un-nuevo-dia
CABA,Cinemark Hoyts,Cinemark Palermo,"Beruti 3399, Palermo",Toy Story 5,2D Doblada,12:00,,,,https://www.cinemark.com.ar/peliculas/toy-story-5
CABA,Cinemark Hoyts,Cinemark Palermo,"Beruti 3399, Palermo",Yo Narciso,2D Doblada,12:00,,,,https://www.cinemark.com.ar/peliculas/yo-narciso
CABA,Cinemark Hoyts,Cinemark Palermo,"Beruti 3399, Palermo",Yo Narciso,2D Doblada,13:10,,,,https://www.cinemark.com.ar/peliculas/yo-narciso
CABA,Cinemark Hoyts,Cinemark Palermo,"Beruti 3399, Palermo",Yo Narciso,2D Doblada,14:30,,,,https://www.cinemark.com.ar/peliculas/yo-narciso
CABA,Cinemark Hoyts,Cinemark Palermo,"Beruti 3399, Palermo",Yo Narciso,2D Doblada,15:30,,,,https://www.cinemark.com.ar/peliculas/yo-narciso
CABA,Cinemark Hoyts,Cinemark Palermo,"Beruti 3399, Palermo",Yo Narciso,2D Doblada,17:00,,,,https://www.cinemark.com.ar/peliculas/yo-narciso
CABA,Cinemark Hoyts,Cinemark Palermo,"Beruti 3399, Palermo",Yo Narciso,2D Doblada,17:50,,,,https://www.cinemark.com.ar/peliculas/yo-narciso
CABA,Cinemark Hoyts,Cinemark Palermo,"Beruti 3399, Palermo",Yo Narciso,2D Doblada,19:30,,,,https://www.cinemark.com.ar/peliculas/yo-narciso
CABA,Cinemark Hoyts,Cinemark Palermo,"Beruti 3399, Palermo",Yo Narciso,2D Doblada,20:20,,,,https://www.cinemark.com.ar/peliculas/yo-narciso
CABA,Cinemark Hoyts,Cinemark Palermo,"Beruti 3399, Palermo",Yo Narciso,2D Doblada,21:50,,,,https://www.cinemark.com.ar/peliculas/yo-narciso
CABA,Cinemark Hoyts,Cinemark Palermo,"Beruti 3399, Palermo",Yo Narciso,2D Doblada,22:40,,,,https://www.cinemark.com.ar/peliculas/yo-narciso
GBA Sur,Multiplex,Multiplex Canning,"Formosa 653, Canning (Shopping Las Toscas)",El Final de la Calle Oak,2D Doblada,18:20,,,,https://multiplex.com.ar/peliculas/el-final-de-la-calle-oak/
GBA Sur,Multiplex,Multiplex Canning,"Formosa 653, Canning (Shopping Las Toscas)",La noche del demonio: Están entre nosotros,2D Doblada,20:30,,,,https://multiplex.com.ar/peliculas/la-noche-del-demonio-estan-entre-nosotros/
GBA Sur,Multiplex,Multiplex Canning,"Formosa 653, Canning (Shopping Las Toscas)",La noche del demonio: Están entre nosotros,2D Doblada,20:50,,,,https://multiplex.com.ar/peliculas/la-noche-del-demonio-estan-entre-nosotros/
GBA Sur,Multiplex,Multiplex Canning,"Formosa 653, Canning (Shopping Las Toscas)",La noche del demonio: Están entre nosotros,2D Doblada,22:45,,,,https://multiplex.com.ar/peliculas/la-noche-del-demonio-estan-entre-nosotros/
GBA Sur,Multiplex,Multiplex Canning,"Formosa 653, Canning (Shopping Las Toscas)",La Odisea,2D Subtitulada,22:00,,,,https://multiplex.com.ar/peliculas/la-odisea/
GBA Sur,Multiplex,Multiplex Canning,"Formosa 653, Canning (Shopping Las Toscas)",Minions & monstruos,2D Doblada,14:30,,,,https://multiplex.com.ar/peliculas/minions-monstruos/
GBA Sur,Multiplex,Multiplex Canning,"Formosa 653, Canning (Shopping Las Toscas)",Moana,2D Doblada,14:00,,,,https://multiplex.com.ar/peliculas/moana/
GBA Sur,Multiplex,Multiplex Canning,"Formosa 653, Canning (Shopping Las Toscas)",Obsesión,2D Doblada,22:55,,,,https://multiplex.com.ar/peliculas/obsesion/
GBA Sur,Multiplex,Multiplex Canning,"Formosa 653, Canning (Shopping Las Toscas)",PAW Patrol: La Dino Película,2D Doblada,12:40,,,,https://multiplex.com.ar/peliculas/paw-patrol-la-dino-pelicula/
GBA Sur,Multiplex,Multiplex Canning,"Formosa 653, Canning (Shopping Las Toscas)",PAW Patrol: La Dino Película,2D Doblada,16:30,,,,https://multiplex.com.ar/peliculas/paw-patrol-la-dino-pelicula/
GBA Sur,Multiplex,Multiplex Canning,"Formosa 653, Canning (Shopping Las Toscas)",Spider-Man: Un nuevo día,4D (3D) Doblada,12:05,,,,https://multiplex.com.ar/peliculas/spider-man-un-dia-nuevo/
GBA Sur,Multiplex,Multiplex Canning,"Formosa 653, Canning (Shopping Las Toscas)",Spider-Man: Un nuevo día,2D Doblada,13:10,,,,https://multiplex.com.ar/peliculas/spider-man-un-dia-nuevo/
GBA Sur,Multiplex,Multiplex Canning,"Formosa 653, Canning (Shopping Las Toscas)",Spider-Man: Un nuevo día,2D Doblada,13:50,,,,https://multiplex.com.ar/peliculas/spider-man-un-dia-nuevo/
GBA Sur,Multiplex,Multiplex Canning,"Formosa 653, Canning (Shopping Las Toscas)",Spider-Man: Un nuevo día,4D (3D) Doblada,14:45,,,,https://multiplex.com.ar/peliculas/spider-man-un-dia-nuevo/
GBA Sur,Multiplex,Multiplex Canning,"Formosa 653, Canning (Shopping Las Toscas)",Spider-Man: Un nuevo día,2D Doblada,16:00,,,,https://multiplex.com.ar/peliculas/spider-man-un-dia-nuevo/
GBA Sur,Multiplex,Multiplex Canning,"Formosa 653, Canning (Shopping Las Toscas)",Spider-Man: Un nuevo día,3D Doblada,16:40,,,,https://multiplex.com.ar/peliculas/spider-man-un-dia-nuevo/
GBA Sur,Multiplex,Multiplex Canning,"Formosa 653, Canning (Shopping Las Toscas)",Spider-Man: Un nuevo día,4D (3D) Doblada,17:25,,,,https://multiplex.com.ar/peliculas/spider-man-un-dia-nuevo/
GBA Sur,Multiplex,Multiplex Canning,"Formosa 653, Canning (Shopping Las Toscas)",Spider-Man: Un nuevo día,2D Doblada,19:00,,,,https://multiplex.com.ar/peliculas/spider-man-un-dia-nuevo/
GBA Sur,Multiplex,Multiplex Canning,"Formosa 653, Canning (Shopping Las Toscas)",Spider-Man: Un nuevo día,2D Doblada,19:40,,,,https://multiplex.com.ar/peliculas/spider-man-un-dia-nuevo/
GBA Sur,Multiplex,Multiplex Canning,"Formosa 653, Canning (Shopping Las Toscas)",Spider-Man: Un nuevo día,4D (3D) Doblada,20:05,,,,https://multiplex.com.ar/peliculas/spider-man-un-dia-nuevo/
GBA Sur,Multiplex,Multiplex Canning,"Formosa 653, Canning (Shopping Las Toscas)",Spider-Man: Un nuevo día,2D Doblada,22:40,,,,https://multiplex.com.ar/peliculas/spider-man-un-dia-nuevo/
GBA Sur,Multiplex,Multiplex Canning,"Formosa 653, Canning (Shopping Las Toscas)",Spider-Man: Un nuevo día,4D (3D) Doblada,22:45,,,,https://multiplex.com.ar/peliculas/spider-man-un-dia-nuevo/
GBA Sur,Multiplex,Multiplex Canning,"Formosa 653, Canning (Shopping Las Toscas)",Toy Story 5,2D Doblada,13:40,,,,https://multiplex.com.ar/peliculas/toy-story-5/
GBA Sur,Multiplex,Multiplex Canning,"Formosa 653, Canning (Shopping Las Toscas)",Toy Story 5,2D Doblada,16:10,,,,https://multiplex.com.ar/peliculas/toy-story-5/
GBA Sur,Multiplex,Multiplex Canning,"Formosa 653, Canning (Shopping Las Toscas)",Toy Story 5,2D Doblada,18:30,,,,https://multiplex.com.ar/peliculas/toy-story-5/
GBA Sur,Multiplex,Multiplex Canning,"Formosa 653, Canning (Shopping Las Toscas)",Yo Narciso,2D Doblada,16:30,,,,https://multiplex.com.ar/peliculas/yo-narciso/
GBA Sur,Multiplex,Multiplex Canning,"Formosa 653, Canning (Shopping Las Toscas)",Yo Narciso,2D Doblada,18:30,,,,https://multiplex.com.ar/peliculas/yo-narciso/
GBA Sur,Multiplex,Multiplex Canning,"Formosa 653, Canning (Shopping Las Toscas)",Yo Narciso,2D Doblada,20:30,,,,https://multiplex.com.ar/peliculas/yo-narciso/
GBA Sur,Multiplex,Multiplex Canning,"Formosa 653, Canning (Shopping Las Toscas)",Yo Narciso,2D Doblada,22:30,,,,https://multiplex.com.ar/peliculas/yo-narciso/
GBA Norte,Multiplex,Multiplex Pilar,"Las Magnolias 754, Palmas del Pilar",El Final de la Calle Oak,2D Doblada,13:20,,,,https://multiplex.com.ar/peliculas/el-final-de-la-calle-oak/
GBA Norte,Multiplex,Multiplex Pilar,"Las Magnolias 754, Palmas del Pilar",El Final de la Calle Oak,2D Doblada,15:20,,,,https://multiplex.com.ar/peliculas/el-final-de-la-calle-oak/
GBA Norte,Multiplex,Multiplex Pilar,"Las Magnolias 754, Palmas del Pilar",El Final de la Calle Oak,2D Doblada,17:20,,,,https://multiplex.com.ar/peliculas/el-final-de-la-calle-oak/
GBA Norte,Multiplex,Multiplex Pilar,"Las Magnolias 754, Palmas del Pilar",El Gran Falsificador,2D Subtitulada,17:20,,,,https://multiplex.com.ar/peliculas/el-gran-falsificador/
GBA Norte,Multiplex,Multiplex Pilar,"Las Magnolias 754, Palmas del Pilar",La invitación,2D Subtitulada,20:00,,,,https://multiplex.com.ar/peliculas/la-invitacion/
GBA Norte,Multiplex,Multiplex Pilar,"Las Magnolias 754, Palmas del Pilar",La Muerte De Robin Hood,2D Subtitulada,22:50,,,,https://multiplex.com.ar/peliculas/la-muerte-de-robin-hood/
GBA Norte,Multiplex,Multiplex Pilar,"Las Magnolias 754, Palmas del Pilar",La noche del demonio: Están entre nosotros,2D Doblada,18:40,,,,https://multiplex.com.ar/peliculas/la-noche-del-demonio-estan-entre-nosotros/
GBA Norte,Multiplex,Multiplex Pilar,"Las Magnolias 754, Palmas del Pilar",La noche del demonio: Están entre nosotros,2D Doblada,20:50,,,,https://multiplex.com.ar/peliculas/la-noche-del-demonio-estan-entre-nosotros/
GBA Norte,Multiplex,Multiplex Pilar,"Las Magnolias 754, Palmas del Pilar",La noche del demonio: Están entre nosotros,2D Doblada,23:00,,,,https://multiplex.com.ar/peliculas/la-noche-del-demonio-estan-entre-nosotros/
GBA Norte,Multiplex,Multiplex Pilar,"Las Magnolias 754, Palmas del Pilar",La Odisea,2D Doblada,15:20,,,,https://multiplex.com.ar/peliculas/la-odisea/
GBA Norte,Multiplex,Multiplex Pilar,"Las Magnolias 754, Palmas del Pilar",La Odisea,PLATINUM 2D Subtitulada,18:00,,,,https://multiplex.com.ar/peliculas/la-odisea/
GBA Norte,Multiplex,Multiplex Pilar,"Las Magnolias 754, Palmas del Pilar",La Odisea,2D Doblada,19:30,,,,https://multiplex.com.ar/peliculas/la-odisea/
GBA Norte,Multiplex,Multiplex Pilar,"Las Magnolias 754, Palmas del Pilar",La Odisea,PLATINUM 2D Subtitulada,21:20,,,,https://multiplex.com.ar/peliculas/la-odisea/
GBA Norte,Multiplex,Multiplex Pilar,"Las Magnolias 754, Palmas del Pilar",La Odisea,2D Subtitulada,22:10,,,,https://multiplex.com.ar/peliculas/la-odisea/
GBA Norte,Multiplex,Multiplex Pilar,"Las Magnolias 754, Palmas del Pilar",Minions & monstruos,3D Doblada,12:10,,,,https://multiplex.com.ar/peliculas/minions-monstruos/
GBA Norte,Multiplex,Multiplex Pilar,"Las Magnolias 754, Palmas del Pilar",Obsesión,2D Doblada,23:10,,,,https://multiplex.com.ar/peliculas/obsesion/
GBA Norte,Multiplex,Multiplex Pilar,"Las Magnolias 754, Palmas del Pilar",PAW Patrol: La Dino Película,2D Doblada,12:10,,,,https://multiplex.com.ar/peliculas/paw-patrol-la-dino-pelicula/
GBA Norte,Multiplex,Multiplex Pilar,"Las Magnolias 754, Palmas del Pilar",PAW Patrol: La Dino Película,2D Doblada,13:50,,,,https://multiplex.com.ar/peliculas/paw-patrol-la-dino-pelicula/
GBA Norte,Multiplex,Multiplex Pilar,"Las Magnolias 754, Palmas del Pilar",PAW Patrol: La Dino Película,2D Doblada,15:40,,,,https://multiplex.com.ar/peliculas/paw-patrol-la-dino-pelicula/
GBA Norte,Multiplex,Multiplex Pilar,"Las Magnolias 754, Palmas del Pilar",Spider-Man: Un nuevo día,PLATINUM 2D Subtitulada,12:20,,,,https://multiplex.com.ar/peliculas/spider-man-un-dia-nuevo/
GBA Norte,Multiplex,Multiplex Pilar,"Las Magnolias 754, Palmas del Pilar",Spider-Man: Un nuevo día,2D Doblada,12:30,,,,https://multiplex.com.ar/peliculas/spider-man-un-dia-nuevo/
GBA Norte,Multiplex,Multiplex Pilar,"Las Magnolias 754, Palmas del Pilar",Spider-Man: Un nuevo día,4D (3D) Doblada,12:50,,,,https://multiplex.com.ar/peliculas/spider-man-un-dia-nuevo/
GBA Norte,Multiplex,Multiplex Pilar,"Las Magnolias 754, Palmas del Pilar",Spider-Man: Un nuevo día,XTREMO 2D Doblada,13:00,,,,https://multiplex.com.ar/peliculas/spider-man-un-dia-nuevo/
GBA Norte,Multiplex,Multiplex Pilar,"Las Magnolias 754, Palmas del Pilar",Spider-Man: Un nuevo día,3D Doblada,14:10,,,,https://multiplex.com.ar/peliculas/spider-man-un-dia-nuevo/
GBA Norte,Multiplex,Multiplex Pilar,"Las Magnolias 754, Palmas del Pilar",Spider-Man: Un nuevo día,PLATINUM 2D Subtitulada,15:10,,,,https://multiplex.com.ar/peliculas/spider-man-un-dia-nuevo/
GBA Norte,Multiplex,Multiplex Pilar,"Las Magnolias 754, Palmas del Pilar",Spider-Man: Un nuevo día,4D (3D) Doblada,15:50,,,,https://multiplex.com.ar/peliculas/spider-man-un-dia-nuevo/
GBA Norte,Multiplex,Multiplex Pilar,"Las Magnolias 754, Palmas del Pilar",Spider-Man: Un nuevo día,XTREMO 2D Doblada,16:00,,,,https://multiplex.com.ar/peliculas/spider-man-un-dia-nuevo/
GBA Norte,Multiplex,Multiplex Pilar,"Las Magnolias 754, Palmas del Pilar",Spider-Man: Un nuevo día,3D Doblada,17:00,,,,https://multiplex.com.ar/peliculas/spider-man-un-dia-nuevo/
GBA Norte,Multiplex,Multiplex Pilar,"Las Magnolias 754, Palmas del Pilar",Spider-Man: Un nuevo día,2D Doblada,17:30,,,,https://multiplex.com.ar/peliculas/spider-man-un-dia-nuevo/
GBA Norte,Multiplex,Multiplex Pilar,"Las Magnolias 754, Palmas del Pilar",Spider-Man: Un nuevo día,4D (3D) Doblada,18:50,,,,https://multiplex.com.ar/peliculas/spider-man-un-dia-nuevo/
GBA Norte,Multiplex,Multiplex Pilar,"Las Magnolias 754, Palmas del Pilar",Spider-Man: Un nuevo día,XTREMO 2D Doblada,19:00,,,,https://multiplex.com.ar/peliculas/spider-man-un-dia-nuevo/
GBA Norte,Multiplex,Multiplex Pilar,"Las Magnolias 754, Palmas del Pilar",Spider-Man: Un nuevo día,3D Doblada,19:50,,,,https://multiplex.com.ar/peliculas/spider-man-un-dia-nuevo/
GBA Norte,Multiplex,Multiplex Pilar,"Las Magnolias 754, Palmas del Pilar",Spider-Man: Un nuevo día,2D Subtitulada,20:20,,,,https://multiplex.com.ar/peliculas/spider-man-un-dia-nuevo/
GBA Norte,Multiplex,Multiplex Pilar,"Las Magnolias 754, Palmas del Pilar",Spider-Man: Un nuevo día,4D (3D) Doblada,21:40,,,,https://multiplex.com.ar/peliculas/spider-man-un-dia-nuevo/
GBA Norte,Multiplex,Multiplex Pilar,"Las Magnolias 754, Palmas del Pilar",Spider-Man: Un nuevo día,XTREMO 2D Doblada,22:00,,,,https://multiplex.com.ar/peliculas/spider-man-un-dia-nuevo/
GBA Norte,Multiplex,Multiplex Pilar,"Las Magnolias 754, Palmas del Pilar",Spider-Man: Un nuevo día,3D Doblada,22:40,,,,https://multiplex.com.ar/peliculas/spider-man-un-dia-nuevo/
GBA Norte,Multiplex,Multiplex Pilar,"Las Magnolias 754, Palmas del Pilar",Toy Story 5,2D Doblada,12:50,,,,https://multiplex.com.ar/peliculas/toy-story-5/
GBA Norte,Multiplex,Multiplex Pilar,"Las Magnolias 754, Palmas del Pilar",Toy Story 5,2D Doblada,15:00,,,,https://multiplex.com.ar/peliculas/toy-story-5/
GBA Norte,Multiplex,Multiplex Pilar,"Las Magnolias 754, Palmas del Pilar",Yo Narciso,2D Doblada,13:10,,,,https://multiplex.com.ar/peliculas/yo-narciso/
GBA Norte,Multiplex,Multiplex Pilar,"Las Magnolias 754, Palmas del Pilar",Yo Narciso,2D Doblada,15:10,,,,https://multiplex.com.ar/peliculas/yo-narciso/
GBA Norte,Multiplex,Multiplex Pilar,"Las Magnolias 754, Palmas del Pilar",Yo Narciso,2D Doblada,17:10,,,,https://multiplex.com.ar/peliculas/yo-narciso/
GBA Norte,Multiplex,Multiplex Pilar,"Las Magnolias 754, Palmas del Pilar",Yo Narciso,2D Doblada,19:10,,,,https://multiplex.com.ar/peliculas/yo-narciso/
GBA Norte,Multiplex,Multiplex Pilar,"Las Magnolias 754, Palmas del Pilar",Yo Narciso,2D Doblada,21:10,,,,https://multiplex.com.ar/peliculas/yo-narciso/
GBA Norte,Multiplex,Multiplex Pilar,"Las Magnolias 754, Palmas del Pilar",Yo Narciso,2D Doblada,23:10,,,,https://multiplex.com.ar/peliculas/yo-narciso/
GBA Sur,Cinemark Hoyts,Hoyts Quilmes,Av. Calchaquí 3950,El Final de la Calle Oak,2D Doblada,20:40,,,,https://www.cinemark.com.ar/peliculas/el-final-de-la-calle-oak
GBA Sur,Cinemark Hoyts,Hoyts Quilmes,Av. Calchaquí 3950,El Final de la Calle Oak,2D Doblada,23:10,,,,https://www.cinemark.com.ar/peliculas/el-final-de-la-calle-oak
GBA Sur,Cinemark Hoyts,Hoyts Quilmes,Av. Calchaquí 3950,GHOST: 2 BIG TO RIG,2D Subtitulada,22:00,,,,https://www.cinemark.com.ar/peliculas/ghost-2-big-to-rig
GBA Sur,Cinemark Hoyts,Hoyts Quilmes,Av. Calchaquí 3950,Insidious: Fuera del más allá,2D Doblada,12:15,,,,https://www.cinemark.com.ar/peliculas/la-noche-del-demonio-estan-entre-nosotros
GBA Sur,Cinemark Hoyts,Hoyts Quilmes,Av. Calchaquí 3950,Insidious: Fuera del más allá,2D Doblada,14:35,,,,https://www.cinemark.com.ar/peliculas/la-noche-del-demonio-estan-entre-nosotros
GBA Sur,Cinemark Hoyts,Hoyts Quilmes,Av. Calchaquí 3950,Insidious: Fuera del más allá,2D Doblada,17:00,,,,https://www.cinemark.com.ar/peliculas/la-noche-del-demonio-estan-entre-nosotros
GBA Sur,Cinemark Hoyts,Hoyts Quilmes,Av. Calchaquí 3950,Insidious: Fuera del más allá,2D Doblada,19:30,,,,https://www.cinemark.com.ar/peliculas/la-noche-del-demonio-estan-entre-nosotros
GBA Sur,Cinemark Hoyts,Hoyts Quilmes,Av. Calchaquí 3950,Insidious: Fuera del más allá,2D Doblada,20:20,,,,https://www.cinemark.com.ar/peliculas/la-noche-del-demonio-estan-entre-nosotros
GBA Sur,Cinemark Hoyts,Hoyts Quilmes,Av. Calchaquí 3950,Insidious: Fuera del más allá,2D Doblada,22:00,,,,https://www.cinemark.com.ar/peliculas/la-noche-del-demonio-estan-entre-nosotros
GBA Sur,Cinemark Hoyts,Hoyts Quilmes,Av. Calchaquí 3950,Insidious: Fuera del más allá,2D Doblada,23:00,,,,https://www.cinemark.com.ar/peliculas/la-noche-del-demonio-estan-entre-nosotros
GBA Sur,Cinemark Hoyts,Hoyts Quilmes,Av. Calchaquí 3950,La Muerte De Robin Hood,2D Doblada,23:15,,,,https://www.cinemark.com.ar/peliculas/la-muerte-de-robin-hood
GBA Sur,Cinemark Hoyts,Hoyts Quilmes,Av. Calchaquí 3950,La Odisea,2D Doblada,14:50,,,,https://www.cinemark.com.ar/peliculas/la-odisea
GBA Sur,Cinemark Hoyts,Hoyts Quilmes,Av. Calchaquí 3950,La Odisea,2D Doblada,18:25,,,,https://www.cinemark.com.ar/peliculas/la-odisea
GBA Sur,Cinemark Hoyts,Hoyts Quilmes,Av. Calchaquí 3950,La Odisea,2D Doblada,19:40,,,,https://www.cinemark.com.ar/peliculas/la-odisea
GBA Sur,Cinemark Hoyts,Hoyts Quilmes,Av. Calchaquí 3950,La Odisea,2D Doblada,21:50,,,,https://www.cinemark.com.ar/peliculas/la-odisea
GBA Sur,Cinemark Hoyts,Hoyts Quilmes,Av. Calchaquí 3950,Mi vecino Totoro,2D Doblada,18:00,,,,https://www.cinemark.com.ar/peliculas/mi-vecino-totoro-reestreno
GBA Sur,Cinemark Hoyts,Hoyts Quilmes,Av. Calchaquí 3950,Minions & monstruos,2D Doblada,12:30,,,,https://www.cinemark.com.ar/peliculas/minions-monstruos
GBA Sur,Cinemark Hoyts,Hoyts Quilmes,Av. Calchaquí 3950,Minions & monstruos,2D Doblada,13:05,,,,https://www.cinemark.com.ar/peliculas/minions-monstruos
GBA Sur,Cinemark Hoyts,Hoyts Quilmes,Av. Calchaquí 3950,Minions & monstruos,2D Doblada,15:15,,,,https://www.cinemark.com.ar/peliculas/minions-monstruos
GBA Sur,Cinemark Hoyts,Hoyts Quilmes,Av. Calchaquí 3950,Minions & monstruos,2D Doblada,17:25,,,,https://www.cinemark.com.ar/peliculas/minions-monstruos
GBA Sur,Cinemark Hoyts,Hoyts Quilmes,Av. Calchaquí 3950,PAW Patrol: La Dino Película,2D Doblada,13:10,,,,https://www.cinemark.com.ar/peliculas/paw-patrol-la-dino-pelicula
GBA Sur,Cinemark Hoyts,Hoyts Quilmes,Av. Calchaquí 3950,PAW Patrol: La Dino Película,2D Doblada,15:25,,,,https://www.cinemark.com.ar/peliculas/paw-patrol-la-dino-pelicula
GBA Sur,Cinemark Hoyts,Hoyts Quilmes,Av. Calchaquí 3950,Spider-Man: Un nuevo día,2D Doblada,12:20,,,,https://www.cinemark.com.ar/peliculas/spider-man-un-nuevo-dia
GBA Sur,Cinemark Hoyts,Hoyts Quilmes,Av. Calchaquí 3950,Spider-Man: Un nuevo día,4D 3D Doblada,12:40,,,,https://www.cinemark.com.ar/peliculas/spider-man-un-nuevo-dia
GBA Sur,Cinemark Hoyts,Hoyts Quilmes,Av. Calchaquí 3950,Spider-Man: Un nuevo día,2D Doblada,13:00,,,,https://www.cinemark.com.ar/peliculas/spider-man-un-nuevo-dia
GBA Sur,Cinemark Hoyts,Hoyts Quilmes,Av. Calchaquí 3950,Spider-Man: Un nuevo día,2D Doblada,13:20,,,,https://www.cinemark.com.ar/peliculas/spider-man-un-nuevo-dia
GBA Sur,Cinemark Hoyts,Hoyts Quilmes,Av. Calchaquí 3950,Spider-Man: Un nuevo día,2D Doblada,14:40,,,,https://www.cinemark.com.ar/peliculas/spider-man-un-nuevo-dia
GBA Sur,Cinemark Hoyts,Hoyts Quilmes,Av. Calchaquí 3950,Spider-Man: Un nuevo día,2D Doblada,15:30,,,,https://www.cinemark.com.ar/peliculas/spider-man-un-nuevo-dia
GBA Sur,Cinemark Hoyts,Hoyts Quilmes,Av. Calchaquí 3950,Spider-Man: Un nuevo día,4D 3D Doblada,15:50,,,,https://www.cinemark.com.ar/peliculas/spider-man-un-nuevo-dia
GBA Sur,Cinemark Hoyts,Hoyts Quilmes,Av. Calchaquí 3950,Spider-Man: Un nuevo día,2D Doblada,16:10,,,,https://www.cinemark.com.ar/peliculas/spider-man-un-nuevo-dia
GBA Sur,Cinemark Hoyts,Hoyts Quilmes,Av. Calchaquí 3950,Spider-Man: Un nuevo día,3D Doblada,16:30,,,,https://www.cinemark.com.ar/peliculas/spider-man-un-nuevo-dia
GBA Sur,Cinemark Hoyts,Hoyts Quilmes,Av. Calchaquí 3950,Spider-Man: Un nuevo día,2D Doblada,17:50,,,,https://www.cinemark.com.ar/peliculas/spider-man-un-nuevo-dia
GBA Sur,Cinemark Hoyts,Hoyts Quilmes,Av. Calchaquí 3950,Spider-Man: Un nuevo día,2D Doblada,18:40,,,,https://www.cinemark.com.ar/peliculas/spider-man-un-nuevo-dia
GBA Sur,Cinemark Hoyts,Hoyts Quilmes,Av. Calchaquí 3950,Spider-Man: Un nuevo día,4D 3D Doblada,19:00,,,,https://www.cinemark.com.ar/peliculas/spider-man-un-nuevo-dia
GBA Sur,Cinemark Hoyts,Hoyts Quilmes,Av. Calchaquí 3950,Spider-Man: Un nuevo día,2D Doblada,19:20,,,,https://www.cinemark.com.ar/peliculas/spider-man-un-nuevo-dia
GBA Sur,Cinemark Hoyts,Hoyts Quilmes,Av. Calchaquí 3950,Spider-Man: Un nuevo día,3D Doblada,19:40,,,,https://www.cinemark.com.ar/peliculas/spider-man-un-nuevo-dia
GBA Sur,Cinemark Hoyts,Hoyts Quilmes,Av. Calchaquí 3950,Spider-Man: Un nuevo día,2D Doblada,21:10,,,,https://www.cinemark.com.ar/peliculas/spider-man-un-nuevo-dia
GBA Sur,Cinemark Hoyts,Hoyts Quilmes,Av. Calchaquí 3950,Spider-Man: Un nuevo día,4D 3D Doblada,22:10,,,,https://www.cinemark.com.ar/peliculas/spider-man-un-nuevo-dia
GBA Sur,Cinemark Hoyts,Hoyts Quilmes,Av. Calchaquí 3950,Spider-Man: Un nuevo día,2D Doblada,22:30,,,,https://www.cinemark.com.ar/peliculas/spider-man-un-nuevo-dia
GBA Sur,Cinemark Hoyts,Hoyts Quilmes,Av. Calchaquí 3950,Spider-Man: Un nuevo día,2D Doblada,22:50,,,,https://www.cinemark.com.ar/peliculas/spider-man-un-nuevo-dia
GBA Sur,Cinemark Hoyts,Hoyts Quilmes,Av. Calchaquí 3950,Toy Story 5,2D Doblada,13:10,,,,https://www.cinemark.com.ar/peliculas/toy-story-5
GBA Sur,Cinemark Hoyts,Hoyts Quilmes,Av. Calchaquí 3950,Toy Story 5,2D Doblada,15:40,,,,https://www.cinemark.com.ar/peliculas/toy-story-5
GBA Sur,Cinemark Hoyts,Hoyts Quilmes,Av. Calchaquí 3950,Toy Story 5,2D Doblada,18:10,,,,https://www.cinemark.com.ar/peliculas/toy-story-5
GBA Sur,Cinemark Hoyts,Hoyts Quilmes,Av. Calchaquí 3950,Yo Narciso,2D Doblada,12:15,,,,https://www.cinemark.com.ar/peliculas/yo-narciso
GBA Sur,Cinemark Hoyts,Hoyts Quilmes,Av. Calchaquí 3950,Yo Narciso,2D Doblada,13:00,,,,https://www.cinemark.com.ar/peliculas/yo-narciso
GBA Sur,Cinemark Hoyts,Hoyts Quilmes,Av. Calchaquí 3950,Yo Narciso,2D Doblada,14:30,,,,https://www.cinemark.com.ar/peliculas/yo-narciso
GBA Sur,Cinemark Hoyts,Hoyts Quilmes,Av. Calchaquí 3950,Yo Narciso,2D Doblada,15:20,,,,https://www.cinemark.com.ar/peliculas/yo-narciso
GBA Sur,Cinemark Hoyts,Hoyts Quilmes,Av. Calchaquí 3950,Yo Narciso,2D Doblada,16:50,,,,https://www.cinemark.com.ar/peliculas/yo-narciso
GBA Sur,Cinemark Hoyts,Hoyts Quilmes,Av. Calchaquí 3950,Yo Narciso,2D Doblada,17:40,,,,https://www.cinemark.com.ar/peliculas/yo-narciso
GBA Sur,Cinemark Hoyts,Hoyts Quilmes,Av. Calchaquí 3950,Yo Narciso,2D Doblada,19:10,,,,https://www.cinemark.com.ar/peliculas/yo-narciso
GBA Sur,Cinemark Hoyts,Hoyts Quilmes,Av. Calchaquí 3950,Yo Narciso,2D Doblada,20:00,,,,https://www.cinemark.com.ar/peliculas/yo-narciso
GBA Sur,Cinemark Hoyts,Hoyts Quilmes,Av. Calchaquí 3950,Yo Narciso,2D Doblada,21:30,,,,https://www.cinemark.com.ar/peliculas/yo-narciso
GBA Sur,Cinemark Hoyts,Hoyts Quilmes,Av. Calchaquí 3950,Yo Narciso,2D Doblada,22:20,,,,https://www.cinemark.com.ar/peliculas/yo-narciso
CABA,Cinemark Hoyts,Hoyts Abasto,"Av. Corrientes 3247, Abasto Shopping",El Final de la Calle Oak,2D Doblada,14:00,,,,https://www.cinemark.com.ar/peliculas/el-final-de-la-calle-oak
CABA,Cinemark Hoyts,Hoyts Abasto,"Av. Corrientes 3247, Abasto Shopping",El Final de la Calle Oak,2D Doblada,16:30,,,,https://www.cinemark.com.ar/peliculas/el-final-de-la-calle-oak
CABA,Cinemark Hoyts,Hoyts Abasto,"Av. Corrientes 3247, Abasto Shopping",El Final de la Calle Oak,2D Doblada,20:40,,,,https://www.cinemark.com.ar/peliculas/el-final-de-la-calle-oak
CABA,Cinemark Hoyts,Hoyts Abasto,"Av. Corrientes 3247, Abasto Shopping",El Final de la Calle Oak,2D Doblada,23:00,,,,https://www.cinemark.com.ar/peliculas/el-final-de-la-calle-oak
CABA,Cinemark Hoyts,Hoyts Abasto,"Av. Corrientes 3247, Abasto Shopping",GHOST: 2 BIG TO RIG,2D Subtitulada,22:00,,,,https://www.cinemark.com.ar/peliculas/ghost-2-big-to-rig
CABA,Cinemark Hoyts,Hoyts Abasto,"Av. Corrientes 3247, Abasto Shopping",Insidious: Fuera del más allá,2D Doblada,12:50,,,,https://www.cinemark.com.ar/peliculas/la-noche-del-demonio-estan-entre-nosotros
CABA,Cinemark Hoyts,Hoyts Abasto,"Av. Corrientes 3247, Abasto Shopping",Insidious: Fuera del más allá,DBOX 2D Doblada,12:50,,,,https://www.cinemark.com.ar/peliculas/la-noche-del-demonio-estan-entre-nosotros
CABA,Cinemark Hoyts,Hoyts Abasto,"Av. Corrientes 3247, Abasto Shopping",Insidious: Fuera del más allá,2D Doblada,15:30,,,,https://www.cinemark.com.ar/peliculas/la-noche-del-demonio-estan-entre-nosotros
CABA,Cinemark Hoyts,Hoyts Abasto,"Av. Corrientes 3247, Abasto Shopping",Insidious: Fuera del más allá,DBOX 2D Doblada,15:30,,,,https://www.cinemark.com.ar/peliculas/la-noche-del-demonio-estan-entre-nosotros
CABA,Cinemark Hoyts,Hoyts Abasto,"Av. Corrientes 3247, Abasto Shopping",Insidious: Fuera del más allá,2D Doblada,18:10,,,,https://www.cinemark.com.ar/peliculas/la-noche-del-demonio-estan-entre-nosotros
CABA,Cinemark Hoyts,Hoyts Abasto,"Av. Corrientes 3247, Abasto Shopping",Insidious: Fuera del más allá,DBOX 2D Doblada,18:10,,,,https://www.cinemark.com.ar/peliculas/la-noche-del-demonio-estan-entre-nosotros
CABA,Cinemark Hoyts,Hoyts Abasto,"Av. Corrientes 3247, Abasto Shopping",Insidious: Fuera del más allá,2D Doblada,20:10,,,,https://www.cinemark.com.ar/peliculas/la-noche-del-demonio-estan-entre-nosotros
CABA,Cinemark Hoyts,Hoyts Abasto,"Av. Corrientes 3247, Abasto Shopping",Insidious: Fuera del más allá,2D Doblada,20:40,,,,https://www.cinemark.com.ar/peliculas/la-noche-del-demonio-estan-entre-nosotros
CABA,Cinemark Hoyts,Hoyts Abasto,"Av. Corrientes 3247, Abasto Shopping",Insidious: Fuera del más allá,DBOX 2D Doblada,20:40,,,,https://www.cinemark.com.ar/peliculas/la-noche-del-demonio-estan-entre-nosotros
CABA,Cinemark Hoyts,Hoyts Abasto,"Av. Corrientes 3247, Abasto Shopping",Insidious: Fuera del más allá,2D Doblada,22:40,,,,https://www.cinemark.com.ar/peliculas/la-noche-del-demonio-estan-entre-nosotros
CABA,Cinemark Hoyts,Hoyts Abasto,"Av. Corrientes 3247, Abasto Shopping",Insidious: Fuera del más allá,2D Doblada,23:10,,,,https://www.cinemark.com.ar/peliculas/la-noche-del-demonio-estan-entre-nosotros
CABA,Cinemark Hoyts,Hoyts Abasto,"Av. Corrientes 3247, Abasto Shopping",Insidious: Fuera del más allá,DBOX 2D Doblada,23:10,,,,https://www.cinemark.com.ar/peliculas/la-noche-del-demonio-estan-entre-nosotros
CABA,Cinemark Hoyts,Hoyts Abasto,"Av. Corrientes 3247, Abasto Shopping",La invitación,2D Subtitulada,19:30,,,,https://www.cinemark.com.ar/peliculas/la-invitacion
CABA,Cinemark Hoyts,Hoyts Abasto,"Av. Corrientes 3247, Abasto Shopping",La Muerte De Robin Hood,2D Subtitulada,22:10,,,,https://www.cinemark.com.ar/peliculas/la-muerte-de-robin-hood
CABA,Cinemark Hoyts,Hoyts Abasto,"Av. Corrientes 3247, Abasto Shopping",La Odisea,2D Subtitulada,13:50,,,,https://www.cinemark.com.ar/peliculas/la-odisea
CABA,Cinemark Hoyts,Hoyts Abasto,"Av. Corrientes 3247, Abasto Shopping",La Odisea,2D Subtitulada,14:50,,,,https://www.cinemark.com.ar/peliculas/la-odisea
CABA,Cinemark Hoyts,Hoyts Abasto,"Av. Corrientes 3247, Abasto Shopping",La Odisea,2D Subtitulada,17:30,,,,https://www.cinemark.com.ar/peliculas/la-odisea
CABA,Cinemark Hoyts,Hoyts Abasto,"Av. Corrientes 3247, Abasto Shopping",La Odisea,2D Subtitulada,18:20,,,,https://www.cinemark.com.ar/peliculas/la-odisea
CABA,Cinemark Hoyts,Hoyts Abasto,"Av. Corrientes 3247, Abasto Shopping",La Odisea,2D Subtitulada,21:10,,,,https://www.cinemark.com.ar/peliculas/la-odisea
CABA,Cinemark Hoyts,Hoyts Abasto,"Av. Corrientes 3247, Abasto Shopping",La Odisea,2D Subtitulada,22:00,,,,https://www.cinemark.com.ar/peliculas/la-odisea
CABA,Cinemark Hoyts,Hoyts Abasto,"Av. Corrientes 3247, Abasto Shopping",Mi vecino Totoro,2D Doblada,18:00,,,,https://www.cinemark.com.ar/peliculas/mi-vecino-totoro-reestreno
CABA,Cinemark Hoyts,Hoyts Abasto,"Av. Corrientes 3247, Abasto Shopping",PAW Patrol: La Dino Película,2D Doblada,13:40,,,,https://www.cinemark.com.ar/peliculas/paw-patrol-la-dino-pelicula
CABA,Cinemark Hoyts,Hoyts Abasto,"Av. Corrientes 3247, Abasto Shopping",PAW Patrol: La Dino Película,2D Doblada,15:50,,,,https://www.cinemark.com.ar/peliculas/paw-patrol-la-dino-pelicula
CABA,Cinemark Hoyts,Hoyts Abasto,"Av. Corrientes 3247, Abasto Shopping",PAW Patrol: La Dino Película,2D Doblada,18:30,,,,https://www.cinemark.com.ar/peliculas/paw-patrol-la-dino-pelicula
CABA,Cinemark Hoyts,Hoyts Abasto,"Av. Corrientes 3247, Abasto Shopping",Spider-Man: Un nuevo día,2D Doblada,12:30,,,,https://www.cinemark.com.ar/peliculas/spider-man-un-nuevo-dia
CABA,Cinemark Hoyts,Hoyts Abasto,"Av. Corrientes 3247, Abasto Shopping",Spider-Man: Un nuevo día,2D Doblada,13:00,,,,https://www.cinemark.com.ar/peliculas/spider-man-un-nuevo-dia
CABA,Cinemark Hoyts,Hoyts Abasto,"Av. Corrientes 3247, Abasto Shopping",Spider-Man: Un nuevo día,DBOX 2D Doblada,13:00,,,,https://www.cinemark.com.ar/peliculas/spider-man-un-nuevo-dia
CABA,Cinemark Hoyts,Hoyts Abasto,"Av. Corrientes 3247, Abasto Shopping",Spider-Man: Un nuevo día,2D Doblada,13:30,,,,https://www.cinemark.com.ar/peliculas/spider-man-un-nuevo-dia
CABA,Cinemark Hoyts,Hoyts Abasto,"Av. Corrientes 3247, Abasto Shopping",Spider-Man: Un nuevo día,3D Doblada,14:30,,,,https://www.cinemark.com.ar/peliculas/spider-man-un-nuevo-dia
CABA,Cinemark Hoyts,Hoyts Abasto,"Av. Corrientes 3247, Abasto Shopping",Spider-Man: Un nuevo día,2D Doblada,15:40,,,,https://www.cinemark.com.ar/peliculas/spider-man-un-nuevo-dia
CABA,Cinemark Hoyts,Hoyts Abasto,"Av. Corrientes 3247, Abasto Shopping",Spider-Man: Un nuevo día,2D Doblada,16:10,,,,https://www.cinemark.com.ar/peliculas/spider-man-un-nuevo-dia
CABA,Cinemark Hoyts,Hoyts Abasto,"Av. Corrientes 3247, Abasto Shopping",Spider-Man: Un nuevo día,DBOX 2D Doblada,16:10,,,,https://www.cinemark.com.ar/peliculas/spider-man-un-nuevo-dia
CABA,Cinemark Hoyts,Hoyts Abasto,"Av. Corrientes 3247, Abasto Shopping",Spider-Man: Un nuevo día,2D Doblada,16:40,,,,https://www.cinemark.com.ar/peliculas/spider-man-un-nuevo-dia
CABA,Cinemark Hoyts,Hoyts Abasto,"Av. Corrientes 3247, Abasto Shopping",Spider-Man: Un nuevo día,3D Doblada,17:40,,,,https://www.cinemark.com.ar/peliculas/spider-man-un-nuevo-dia
CABA,Cinemark Hoyts,Hoyts Abasto,"Av. Corrientes 3247, Abasto Shopping",Spider-Man: Un nuevo día,2D Doblada,18:50,,,,https://www.cinemark.com.ar/peliculas/spider-man-un-nuevo-dia
CABA,Cinemark Hoyts,Hoyts Abasto,"Av. Corrientes 3247, Abasto Shopping",Spider-Man: Un nuevo día,2D Doblada,19:20,,,,https://www.cinemark.com.ar/peliculas/spider-man-un-nuevo-dia
CABA,Cinemark Hoyts,Hoyts Abasto,"Av. Corrientes 3247, Abasto Shopping",Spider-Man: Un nuevo día,DBOX 2D Doblada,19:20,,,,https://www.cinemark.com.ar/peliculas/spider-man-un-nuevo-dia
CABA,Cinemark Hoyts,Hoyts Abasto,"Av. Corrientes 3247, Abasto Shopping",Spider-Man: Un nuevo día,2D Subtitulada,19:50,,,,https://www.cinemark.com.ar/peliculas/spider-man-un-nuevo-dia
CABA,Cinemark Hoyts,Hoyts Abasto,"Av. Corrientes 3247, Abasto Shopping",Spider-Man: Un nuevo día,3D Doblada,21:00,,,,https://www.cinemark.com.ar/peliculas/spider-man-un-nuevo-dia
CABA,Cinemark Hoyts,Hoyts Abasto,"Av. Corrientes 3247, Abasto Shopping",Spider-Man: Un nuevo día,2D Doblada,22:30,,,,https://www.cinemark.com.ar/peliculas/spider-man-un-nuevo-dia
CABA,Cinemark Hoyts,Hoyts Abasto,"Av. Corrientes 3247, Abasto Shopping",Spider-Man: Un nuevo día,DBOX 2D Doblada,22:30,,,,https://www.cinemark.com.ar/peliculas/spider-man-un-nuevo-dia
CABA,Cinemark Hoyts,Hoyts Abasto,"Av. Corrientes 3247, Abasto Shopping",Spider-Man: Un nuevo día,2D Subtitulada,23:00,,,,https://www.cinemark.com.ar/peliculas/spider-man-un-nuevo-dia
CABA,Cinemark Hoyts,Hoyts Abasto,"Av. Corrientes 3247, Abasto Shopping",Toy Story 5,2D Doblada,13:30,,,,https://www.cinemark.com.ar/peliculas/toy-story-5
CABA,Cinemark Hoyts,Hoyts Abasto,"Av. Corrientes 3247, Abasto Shopping",Toy Story 5,2D Doblada,16:00,,,,https://www.cinemark.com.ar/peliculas/toy-story-5
CABA,Cinemark Hoyts,Hoyts Abasto,"Av. Corrientes 3247, Abasto Shopping",Yo Narciso,2D Doblada,12:20,,,,https://www.cinemark.com.ar/peliculas/yo-narciso
CABA,Cinemark Hoyts,Hoyts Abasto,"Av. Corrientes 3247, Abasto Shopping",Yo Narciso,2D Doblada,13:30,,,,https://www.cinemark.com.ar/peliculas/yo-narciso
CABA,Cinemark Hoyts,Hoyts Abasto,"Av. Corrientes 3247, Abasto Shopping",Yo Narciso,2D Doblada,14:40,,,,https://www.cinemark.com.ar/peliculas/yo-narciso
CABA,Cinemark Hoyts,Hoyts Abasto,"Av. Corrientes 3247, Abasto Shopping",Yo Narciso,2D Doblada,15:50,,,,https://www.cinemark.com.ar/peliculas/yo-narciso
CABA,Cinemark Hoyts,Hoyts Abasto,"Av. Corrientes 3247, Abasto Shopping",Yo Narciso,2D Doblada,17:00,,,,https://www.cinemark.com.ar/peliculas/yo-narciso
CABA,Cinemark Hoyts,Hoyts Abasto,"Av. Corrientes 3247, Abasto Shopping",Yo Narciso,2D Doblada,18:10,,,,https://www.cinemark.com.ar/peliculas/yo-narciso
CABA,Cinemark Hoyts,Hoyts Abasto,"Av. Corrientes 3247, Abasto Shopping",Yo Narciso,2D Doblada,19:20,,,,https://www.cinemark.com.ar/peliculas/yo-narciso
CABA,Cinemark Hoyts,Hoyts Abasto,"Av. Corrientes 3247, Abasto Shopping",Yo Narciso,2D Doblada,20:30,,,,https://www.cinemark.com.ar/peliculas/yo-narciso
CABA,Cinemark Hoyts,Hoyts Abasto,"Av. Corrientes 3247, Abasto Shopping",Yo Narciso,2D Doblada,21:40,,,,https://www.cinemark.com.ar/peliculas/yo-narciso
CABA,Cinemark Hoyts,Hoyts Abasto,"Av. Corrientes 3247, Abasto Shopping",Yo Narciso,2D Doblada,22:50,,,,https://www.cinemark.com.ar/peliculas/yo-narciso
GBA Oeste,Cinépolis,Cinépolis Merlo,Av. Juan Domingo Perón 24098,La Odisea,2D Doblada,18:50,,,,https://cartelera.ar/pelicula/la-odisea
GBA Oeste,Cinépolis,Cinépolis Merlo,Av. Juan Domingo Perón 24098,Spider-Man: Un nuevo día,2D Doblada,12:30,,,,https://cartelera.ar/pelicula/spider-man-un-nuevo-dia
GBA Oeste,Cinépolis,Cinépolis Merlo,Av. Juan Domingo Perón 24098,Spider-Man: Un nuevo día,3D Doblada,12:50,,,,https://cartelera.ar/pelicula/spider-man-un-nuevo-dia
GBA Oeste,Cinépolis,Cinépolis Merlo,Av. Juan Domingo Perón 24098,Spider-Man: Un nuevo día,3D Doblada,13:10,,,,https://cartelera.ar/pelicula/spider-man-un-nuevo-dia
GBA Oeste,Cinépolis,Cinépolis Merlo,Av. Juan Domingo Perón 24098,Spider-Man: Un nuevo día,2D Doblada,15:40,,,,https://cartelera.ar/pelicula/spider-man-un-nuevo-dia
GBA Oeste,Cinépolis,Cinépolis Merlo,Av. Juan Domingo Perón 24098,Spider-Man: Un nuevo día,3D Doblada,16:00,,,,https://cartelera.ar/pelicula/spider-man-un-nuevo-dia
GBA Oeste,Cinépolis,Cinépolis Merlo,Av. Juan Domingo Perón 24098,Spider-Man: Un nuevo día,3D Doblada,16:20,,,,https://cartelera.ar/pelicula/spider-man-un-nuevo-dia
GBA Oeste,Cinépolis,Cinépolis Merlo,Av. Juan Domingo Perón 24098,Spider-Man: Un nuevo día,2D Doblada,18:50,,,,https://cartelera.ar/pelicula/spider-man-un-nuevo-dia
GBA Oeste,Cinépolis,Cinépolis Merlo,Av. Juan Domingo Perón 24098,Spider-Man: Un nuevo día,3D Doblada,19:30,,,,https://cartelera.ar/pelicula/spider-man-un-nuevo-dia
GBA Oeste,Cinépolis,Cinépolis Merlo,Av. Juan Domingo Perón 24098,Spider-Man: Un nuevo día,2D Doblada,22:00,,,,https://cartelera.ar/pelicula/spider-man-un-nuevo-dia
GBA Oeste,Cinépolis,Cinépolis Merlo,Av. Juan Domingo Perón 24098,Spider-Man: Un nuevo día,3D Doblada,22:40,,,,https://cartelera.ar/pelicula/spider-man-un-nuevo-dia
GBA Oeste,Cinépolis,Cinépolis Merlo,Av. Juan Domingo Perón 24098,Toy Story 5,2D Doblada,12:40,,,,https://cartelera.ar/pelicula/toy-story-5
GBA Oeste,Cinépolis,Cinépolis Merlo,Av. Juan Domingo Perón 24098,Minions & monstruos,2D Doblada,14:10,,,,https://cartelera.ar/pelicula/minions-monstruos
GBA Oeste,Cinépolis,Cinépolis Merlo,Av. Juan Domingo Perón 24098,El Final de la Calle Oak,2D Doblada,16:30,,,,https://cartelera.ar/pelicula/el-final-de-la-calle-oak
GBA Oeste,Cinépolis,Cinépolis Merlo,Av. Juan Domingo Perón 24098,El Final de la Calle Oak,2D Doblada,22:50,,,,https://cartelera.ar/pelicula/el-final-de-la-calle-oak
GBA Oeste,Cinépolis,Cinépolis Merlo,Av. Juan Domingo Perón 24098,PAW Patrol: La Dino Película,2D Doblada,13:30,,,,https://cartelera.ar/pelicula/paw-patrol-la-dino-pelicula
GBA Oeste,Cinépolis,Cinépolis Merlo,Av. Juan Domingo Perón 24098,PAW Patrol: La Dino Película,2D Doblada,15:40,,,,https://cartelera.ar/pelicula/paw-patrol-la-dino-pelicula
GBA Oeste,Cinépolis,Cinépolis Merlo,Av. Juan Domingo Perón 24098,La noche del demonio: Están entre nosotros,2D Doblada,17:50,,,,https://cartelera.ar/pelicula/la-noche-del-demonio-estan-entre-nosotros
GBA Oeste,Cinépolis,Cinépolis Merlo,Av. Juan Domingo Perón 24098,La noche del demonio: Están entre nosotros,2D Doblada,19:10,,,,https://cartelera.ar/pelicula/la-noche-del-demonio-estan-entre-nosotros
GBA Oeste,Cinépolis,Cinépolis Merlo,Av. Juan Domingo Perón 24098,La noche del demonio: Están entre nosotros,2D Doblada,20:20,,,,https://cartelera.ar/pelicula/la-noche-del-demonio-estan-entre-nosotros
GBA Oeste,Cinépolis,Cinépolis Merlo,Av. Juan Domingo Perón 24098,La noche del demonio: Están entre nosotros,2D Doblada,21:50,,,,https://cartelera.ar/pelicula/la-noche-del-demonio-estan-entre-nosotros
GBA Oeste,Cinépolis,Cinépolis Merlo,Av. Juan Domingo Perón 24098,La noche del demonio: Están entre nosotros,2D Doblada,22:30,,,,https://cartelera.ar/pelicula/la-noche-del-demonio-estan-entre-nosotros
GBA Oeste,Cinépolis,Cinépolis Merlo,Av. Juan Domingo Perón 24098,Yo Narciso,2D Doblada,15:10,,,,
GBA Oeste,Cinépolis,Cinépolis Merlo,Av. Juan Domingo Perón 24098,Yo Narciso,2D Doblada,17:30,,,,
GBA Oeste,Cinépolis,Cinépolis Merlo,Av. Juan Domingo Perón 24098,Yo Narciso,2D Doblada,19:50,,,,
GBA Oeste,Cinépolis,Cinépolis Merlo,Av. Juan Domingo Perón 24098,Yo Narciso,2D Doblada,22:10,,,,
GBA Sur,Cinemark Hoyts,Cinemark Avellaneda,"Güemes 897, Alto Avellaneda Shopping",El Final de la Calle Oak,2D Doblada,22:30,,,,https://www.cinemark.com.ar/peliculas/el-final-de-la-calle-oak
GBA Sur,Cinemark Hoyts,Cinemark Avellaneda,"Güemes 897, Alto Avellaneda Shopping",Insidious: Fuera del más allá,2D Doblada,12:40,,,,https://www.cinemark.com.ar/peliculas/la-noche-del-demonio-estan-entre-nosotros
GBA Sur,Cinemark Hoyts,Cinemark Avellaneda,"Güemes 897, Alto Avellaneda Shopping",Insidious: Fuera del más allá,DBOX 2D Doblada,12:40,,,,https://www.cinemark.com.ar/peliculas/la-noche-del-demonio-estan-entre-nosotros
GBA Sur,Cinemark Hoyts,Cinemark Avellaneda,"Güemes 897, Alto Avellaneda Shopping",Insidious: Fuera del más allá,2D Doblada,15:10,,,,https://www.cinemark.com.ar/peliculas/la-noche-del-demonio-estan-entre-nosotros
GBA Sur,Cinemark Hoyts,Cinemark Avellaneda,"Güemes 897, Alto Avellaneda Shopping",Insidious: Fuera del más allá,DBOX 2D Doblada,15:10,,,,https://www.cinemark.com.ar/peliculas/la-noche-del-demonio-estan-entre-nosotros
GBA Sur,Cinemark Hoyts,Cinemark Avellaneda,"Güemes 897, Alto Avellaneda Shopping",Insidious: Fuera del más allá,2D Doblada,17:40,,,,https://www.cinemark.com.ar/peliculas/la-noche-del-demonio-estan-entre-nosotros
GBA Sur,Cinemark Hoyts,Cinemark Avellaneda,"Güemes 897, Alto Avellaneda Shopping",Insidious: Fuera del más allá,DBOX 2D Doblada,17:40,,,,https://www.cinemark.com.ar/peliculas/la-noche-del-demonio-estan-entre-nosotros
GBA Sur,Cinemark Hoyts,Cinemark Avellaneda,"Güemes 897, Alto Avellaneda Shopping",Insidious: Fuera del más allá,2D Doblada,20:10,,,,https://www.cinemark.com.ar/peliculas/la-noche-del-demonio-estan-entre-nosotros
GBA Sur,Cinemark Hoyts,Cinemark Avellaneda,"Güemes 897, Alto Avellaneda Shopping",Insidious: Fuera del más allá,DBOX 2D Doblada,20:10,,,,https://www.cinemark.com.ar/peliculas/la-noche-del-demonio-estan-entre-nosotros
GBA Sur,Cinemark Hoyts,Cinemark Avellaneda,"Güemes 897, Alto Avellaneda Shopping",Insidious: Fuera del más allá,2D Doblada,20:30,,,,https://www.cinemark.com.ar/peliculas/la-noche-del-demonio-estan-entre-nosotros
GBA Sur,Cinemark Hoyts,Cinemark Avellaneda,"Güemes 897, Alto Avellaneda Shopping",Insidious: Fuera del más allá,2D Doblada,22:40,,,,https://www.cinemark.com.ar/peliculas/la-noche-del-demonio-estan-entre-nosotros
GBA Sur,Cinemark Hoyts,Cinemark Avellaneda,"Güemes 897, Alto Avellaneda Shopping",Insidious: Fuera del más allá,DBOX 2D Doblada,22:40,,,,https://www.cinemark.com.ar/peliculas/la-noche-del-demonio-estan-entre-nosotros
GBA Sur,Cinemark Hoyts,Cinemark Avellaneda,"Güemes 897, Alto Avellaneda Shopping",Insidious: Fuera del más allá,4D 2D Doblada,23:00,,,,https://www.cinemark.com.ar/peliculas/la-noche-del-demonio-estan-entre-nosotros
GBA Sur,Cinemark Hoyts,Cinemark Avellaneda,"Güemes 897, Alto Avellaneda Shopping",La Odisea,2D Doblada,14:00,,,,https://www.cinemark.com.ar/peliculas/la-odisea
GBA Sur,Cinemark Hoyts,Cinemark Avellaneda,"Güemes 897, Alto Avellaneda Shopping",La Odisea,2D Doblada,17:40,,,,https://www.cinemark.com.ar/peliculas/la-odisea
GBA Sur,Cinemark Hoyts,Cinemark Avellaneda,"Güemes 897, Alto Avellaneda Shopping",La Odisea,2D Doblada,21:30,,,,https://www.cinemark.com.ar/peliculas/la-odisea
GBA Sur,Cinemark Hoyts,Cinemark Avellaneda,"Güemes 897, Alto Avellaneda Shopping",PAW Patrol: La Dino Película,2D Doblada,13:10,,,,https://www.cinemark.com.ar/peliculas/paw-patrol-la-dino-pelicula
GBA Sur,Cinemark Hoyts,Cinemark Avellaneda,"Güemes 897, Alto Avellaneda Shopping",PAW Patrol: La Dino Película,2D Doblada,18:00,,,,https://www.cinemark.com.ar/peliculas/paw-patrol-la-dino-pelicula
GBA Sur,Cinemark Hoyts,Cinemark Avellaneda,"Güemes 897, Alto Avellaneda Shopping",Spider-Man: Un nuevo día,DBOX XD 2D Doblada,12:30,,,,https://www.cinemark.com.ar/peliculas/spider-man-un-nuevo-dia
GBA Sur,Cinemark Hoyts,Cinemark Avellaneda,"Güemes 897, Alto Avellaneda Shopping",Spider-Man: Un nuevo día,XD 2D Doblada,12:30,,,,https://www.cinemark.com.ar/peliculas/spider-man-un-nuevo-dia
GBA Sur,Cinemark Hoyts,Cinemark Avellaneda,"Güemes 897, Alto Avellaneda Shopping",Spider-Man: Un nuevo día,2D Doblada,12:50,,,,https://www.cinemark.com.ar/peliculas/spider-man-un-nuevo-dia
GBA Sur,Cinemark Hoyts,Cinemark Avellaneda,"Güemes 897, Alto Avellaneda Shopping",Spider-Man: Un nuevo día,4D 3D Doblada,13:20,,,,https://www.cinemark.com.ar/peliculas/spider-man-un-nuevo-dia
GBA Sur,Cinemark Hoyts,Cinemark Avellaneda,"Güemes 897, Alto Avellaneda Shopping",Spider-Man: Un nuevo día,2D Doblada,13:50,,,,https://www.cinemark.com.ar/peliculas/spider-man-un-nuevo-dia
GBA Sur,Cinemark Hoyts,Cinemark Avellaneda,"Güemes 897, Alto Avellaneda Shopping",Spider-Man: Un nuevo día,DBOX XD 2D Doblada,15:40,,,,https://www.cinemark.com.ar/peliculas/spider-man-un-nuevo-dia
GBA Sur,Cinemark Hoyts,Cinemark Avellaneda,"Güemes 897, Alto Avellaneda Shopping",Spider-Man: Un nuevo día,XD 2D Doblada,15:40,,,,https://www.cinemark.com.ar/peliculas/spider-man-un-nuevo-dia
GBA Sur,Cinemark Hoyts,Cinemark Avellaneda,"Güemes 897, Alto Avellaneda Shopping",Spider-Man: Un nuevo día,2D Doblada,16:00,,,,https://www.cinemark.com.ar/peliculas/spider-man-un-nuevo-dia
GBA Sur,Cinemark Hoyts,Cinemark Avellaneda,"Güemes 897, Alto Avellaneda Shopping",Spider-Man: Un nuevo día,4D 3D Doblada,16:40,,,,https://www.cinemark.com.ar/peliculas/spider-man-un-nuevo-dia
GBA Sur,Cinemark Hoyts,Cinemark Avellaneda,"Güemes 897, Alto Avellaneda Shopping",Spider-Man: Un nuevo día,2D Doblada,17:00,,,,https://www.cinemark.com.ar/peliculas/spider-man-un-nuevo-dia
GBA Sur,Cinemark Hoyts,Cinemark Avellaneda,"Güemes 897, Alto Avellaneda Shopping",Spider-Man: Un nuevo día,DBOX XD 2D Doblada,19:00,,,,https://www.cinemark.com.ar/peliculas/spider-man-un-nuevo-dia
GBA Sur,Cinemark Hoyts,Cinemark Avellaneda,"Güemes 897, Alto Avellaneda Shopping",Spider-Man: Un nuevo día,XD 2D Doblada,19:00,,,,https://www.cinemark.com.ar/peliculas/spider-man-un-nuevo-dia
GBA Sur,Cinemark Hoyts,Cinemark Avellaneda,"Güemes 897, Alto Avellaneda Shopping",Spider-Man: Un nuevo día,2D Doblada,19:20,,,,https://www.cinemark.com.ar/peliculas/spider-man-un-nuevo-dia
GBA Sur,Cinemark Hoyts,Cinemark Avellaneda,"Güemes 897, Alto Avellaneda Shopping",Spider-Man: Un nuevo día,4D 3D Doblada,19:50,,,,https://www.cinemark.com.ar/peliculas/spider-man-un-nuevo-dia
GBA Sur,Cinemark Hoyts,Cinemark Avellaneda,"Güemes 897, Alto Avellaneda Shopping",Spider-Man: Un nuevo día,DBOX XD 2D Doblada,22:10,,,,https://www.cinemark.com.ar/peliculas/spider-man-un-nuevo-dia
GBA Sur,Cinemark Hoyts,Cinemark Avellaneda,"Güemes 897, Alto Avellaneda Shopping",Spider-Man: Un nuevo día,XD 2D Doblada,22:10,,,,https://www.cinemark.com.ar/peliculas/spider-man-un-nuevo-dia
GBA Sur,Cinemark Hoyts,Cinemark Avellaneda,"Güemes 897, Alto Avellaneda Shopping",Spider-Man: Un nuevo día,2D Doblada,22:30,,,,https://www.cinemark.com.ar/peliculas/spider-man-un-nuevo-dia
GBA Sur,Cinemark Hoyts,Cinemark Avellaneda,"Güemes 897, Alto Avellaneda Shopping",Toy Story 5,2D Doblada,15:30,,,,https://www.cinemark.com.ar/peliculas/toy-story-5
GBA Sur,Cinemark Hoyts,Cinemark Avellaneda,"Güemes 897, Alto Avellaneda Shopping",Yo Narciso,2D Doblada,13:00,,,,https://www.cinemark.com.ar/peliculas/yo-narciso
GBA Sur,Cinemark Hoyts,Cinemark Avellaneda,"Güemes 897, Alto Avellaneda Shopping",Yo Narciso,2D Doblada,15:20,,,,https://www.cinemark.com.ar/peliculas/yo-narciso
GBA Sur,Cinemark Hoyts,Cinemark Avellaneda,"Güemes 897, Alto Avellaneda Shopping",Yo Narciso,2D Doblada,17:30,,,,https://www.cinemark.com.ar/peliculas/yo-narciso
GBA Sur,Cinemark Hoyts,Cinemark Avellaneda,"Güemes 897, Alto Avellaneda Shopping",Yo Narciso,2D Doblada,19:50,,,,https://www.cinemark.com.ar/peliculas/yo-narciso
GBA Sur,Cinemark Hoyts,Cinemark Avellaneda,"Güemes 897, Alto Avellaneda Shopping",Yo Narciso,2D Doblada,20:20,,,,https://www.cinemark.com.ar/peliculas/yo-narciso
GBA Sur,Cinemark Hoyts,Cinemark Avellaneda,"Güemes 897, Alto Avellaneda Shopping",Yo Narciso,2D Doblada,22:00,,,,https://www.cinemark.com.ar/peliculas/yo-narciso
GBA Sur,Cinemark Hoyts,Cinemark Avellaneda,"Güemes 897, Alto Avellaneda Shopping",Yo Narciso,2D Doblada,23:00,,,,https://www.cinemark.com.ar/peliculas/yo-narciso
GBA Oeste,Cinemark Hoyts,Cinemark Malvinas Argentinas,"Av. Pte. Illia 3770, Shopping Terrazas de Mayo",El Final de la Calle Oak,2D Doblada,15:30,,,,https://www.cinemark.com.ar/peliculas/el-final-de-la-calle-oak
GBA Oeste,Cinemark Hoyts,Cinemark Malvinas Argentinas,"Av. Pte. Illia 3770, Shopping Terrazas de Mayo",El Final de la Calle Oak,2D Doblada,17:50,,,,https://www.cinemark.com.ar/peliculas/el-final-de-la-calle-oak
GBA Oeste,Cinemark Hoyts,Cinemark Malvinas Argentinas,"Av. Pte. Illia 3770, Shopping Terrazas de Mayo",El Final de la Calle Oak,2D Doblada,22:50,,,,https://www.cinemark.com.ar/peliculas/el-final-de-la-calle-oak
GBA Oeste,Cinemark Hoyts,Cinemark Malvinas Argentinas,"Av. Pte. Illia 3770, Shopping Terrazas de Mayo",Insidious: Fuera del más allá,2D Doblada,13:00,,,,https://www.cinemark.com.ar/peliculas/la-noche-del-demonio-estan-entre-nosotros
GBA Oeste,Cinemark Hoyts,Cinemark Malvinas Argentinas,"Av. Pte. Illia 3770, Shopping Terrazas de Mayo",Insidious: Fuera del más allá,2D Doblada,14:20,,,,https://www.cinemark.com.ar/peliculas/la-noche-del-demonio-estan-entre-nosotros
GBA Oeste,Cinemark Hoyts,Cinemark Malvinas Argentinas,"Av. Pte. Illia 3770, Shopping Terrazas de Mayo",Insidious: Fuera del más allá,2D Doblada,16:50,,,,https://www.cinemark.com.ar/peliculas/la-noche-del-demonio-estan-entre-nosotros
GBA Oeste,Cinemark Hoyts,Cinemark Malvinas Argentinas,"Av. Pte. Illia 3770, Shopping Terrazas de Mayo",Insidious: Fuera del más allá,2D Doblada,19:30,,,,https://www.cinemark.com.ar/peliculas/la-noche-del-demonio-estan-entre-nosotros
GBA Oeste,Cinemark Hoyts,Cinemark Malvinas Argentinas,"Av. Pte. Illia 3770, Shopping Terrazas de Mayo",Insidious: Fuera del más allá,2D Doblada,20:20,,,,https://www.cinemark.com.ar/peliculas/la-noche-del-demonio-estan-entre-nosotros
GBA Oeste,Cinemark Hoyts,Cinemark Malvinas Argentinas,"Av. Pte. Illia 3770, Shopping Terrazas de Mayo",Insidious: Fuera del más allá,2D Doblada,22:00,,,,https://www.cinemark.com.ar/peliculas/la-noche-del-demonio-estan-entre-nosotros
GBA Oeste,Cinemark Hoyts,Cinemark Malvinas Argentinas,"Av. Pte. Illia 3770, Shopping Terrazas de Mayo",Insidious: Fuera del más allá,2D Doblada,23:10,,,,https://www.cinemark.com.ar/peliculas/la-noche-del-demonio-estan-entre-nosotros
GBA Oeste,Cinemark Hoyts,Cinemark Malvinas Argentinas,"Av. Pte. Illia 3770, Shopping Terrazas de Mayo",La Muerte De Robin Hood,2D Doblada,20:10,,,,https://www.cinemark.com.ar/peliculas/la-muerte-de-robin-hood
GBA Oeste,Cinemark Hoyts,Cinemark Malvinas Argentinas,"Av. Pte. Illia 3770, Shopping Terrazas de Mayo",La Odisea,2D Doblada,13:50,,,,https://www.cinemark.com.ar/peliculas/la-odisea
GBA Oeste,Cinemark Hoyts,Cinemark Malvinas Argentinas,"Av. Pte. Illia 3770, Shopping Terrazas de Mayo",La Odisea,2D Doblada,17:30,,,,https://www.cinemark.com.ar/peliculas/la-odisea
GBA Oeste,Cinemark Hoyts,Cinemark Malvinas Argentinas,"Av. Pte. Illia 3770, Shopping Terrazas de Mayo",La Odisea,2D Doblada,21:20,,,,https://www.cinemark.com.ar/peliculas/la-odisea
GBA Oeste,Cinemark Hoyts,Cinemark Malvinas Argentinas,"Av. Pte. Illia 3770, Shopping Terrazas de Mayo",La Odisea,2D Doblada,22:20,,,,https://www.cinemark.com.ar/peliculas/la-odisea
GBA Oeste,Cinemark Hoyts,Cinemark Malvinas Argentinas,"Av. Pte. Illia 3770, Shopping Terrazas de Mayo",Mi vecino Totoro,2D Subtitulada,18:00,,,,https://www.cinemark.com.ar/peliculas/mi-vecino-totoro-reestreno
GBA Oeste,Cinemark Hoyts,Cinemark Malvinas Argentinas,"Av. Pte. Illia 3770, Shopping Terrazas de Mayo",PAW Patrol: La Dino Película,2D Doblada,14:00,,,,https://www.cinemark.com.ar/peliculas/paw-patrol-la-dino-pelicula
GBA Oeste,Cinemark Hoyts,Cinemark Malvinas Argentinas,"Av. Pte. Illia 3770, Shopping Terrazas de Mayo",PAW Patrol: La Dino Película,2D Doblada,16:10,,,,https://www.cinemark.com.ar/peliculas/paw-patrol-la-dino-pelicula
GBA Oeste,Cinemark Hoyts,Cinemark Malvinas Argentinas,"Av. Pte. Illia 3770, Shopping Terrazas de Mayo",PAW Patrol: La Dino Película,2D Doblada,18:20,,,,https://www.cinemark.com.ar/peliculas/paw-patrol-la-dino-pelicula
GBA Oeste,Cinemark Hoyts,Cinemark Malvinas Argentinas,"Av. Pte. Illia 3770, Shopping Terrazas de Mayo",Spider-Man: Un nuevo día,DBOX XD 2D Doblada,12:30,,,,https://www.cinemark.com.ar/peliculas/spider-man-un-nuevo-dia
GBA Oeste,Cinemark Hoyts,Cinemark Malvinas Argentinas,"Av. Pte. Illia 3770, Shopping Terrazas de Mayo",Spider-Man: Un nuevo día,XD 2D Doblada,12:30,,,,https://www.cinemark.com.ar/peliculas/spider-man-un-nuevo-dia
GBA Oeste,Cinemark Hoyts,Cinemark Malvinas Argentinas,"Av. Pte. Illia 3770, Shopping Terrazas de Mayo",Spider-Man: Un nuevo día,2D Doblada,12:45,,,,https://www.cinemark.com.ar/peliculas/spider-man-un-nuevo-dia
GBA Oeste,Cinemark Hoyts,Cinemark Malvinas Argentinas,"Av. Pte. Illia 3770, Shopping Terrazas de Mayo",Spider-Man: Un nuevo día,3D Doblada,13:30,,,,https://www.cinemark.com.ar/peliculas/spider-man-un-nuevo-dia
GBA Oeste,Cinemark Hoyts,Cinemark Malvinas Argentinas,"Av. Pte. Illia 3770, Shopping Terrazas de Mayo",Spider-Man: Un nuevo día,DBOX 3D Doblada,13:30,,,,https://www.cinemark.com.ar/peliculas/spider-man-un-nuevo-dia
GBA Oeste,Cinemark Hoyts,Cinemark Malvinas Argentinas,"Av. Pte. Illia 3770, Shopping Terrazas de Mayo",Spider-Man: Un nuevo día,2D Doblada,14:30,,,,https://www.cinemark.com.ar/peliculas/spider-man-un-nuevo-dia
GBA Oeste,Cinemark Hoyts,Cinemark Malvinas Argentinas,"Av. Pte. Illia 3770, Shopping Terrazas de Mayo",Spider-Man: Un nuevo día,DBOX XD 3D Doblada,15:40,,,,https://www.cinemark.com.ar/peliculas/spider-man-un-nuevo-dia
GBA Oeste,Cinemark Hoyts,Cinemark Malvinas Argentinas,"Av. Pte. Illia 3770, Shopping Terrazas de Mayo",Spider-Man: Un nuevo día,XD 3D Doblada,15:40,,,,https://www.cinemark.com.ar/peliculas/spider-man-un-nuevo-dia
GBA Oeste,Cinemark Hoyts,Cinemark Malvinas Argentinas,"Av. Pte. Illia 3770, Shopping Terrazas de Mayo",Spider-Man: Un nuevo día,2D Doblada,16:00,,,,https://www.cinemark.com.ar/peliculas/spider-man-un-nuevo-dia
GBA Oeste,Cinemark Hoyts,Cinemark Malvinas Argentinas,"Av. Pte. Illia 3770, Shopping Terrazas de Mayo",Spider-Man: Un nuevo día,2D Doblada,16:40,,,,https://www.cinemark.com.ar/peliculas/spider-man-un-nuevo-dia
GBA Oeste,Cinemark Hoyts,Cinemark Malvinas Argentinas,"Av. Pte. Illia 3770, Shopping Terrazas de Mayo",Spider-Man: Un nuevo día,DBOX 2D Doblada,16:40,,,,https://www.cinemark.com.ar/peliculas/spider-man-un-nuevo-dia
GBA Oeste,Cinemark Hoyts,Cinemark Malvinas Argentinas,"Av. Pte. Illia 3770, Shopping Terrazas de Mayo",Spider-Man: Un nuevo día,2D Doblada,18:10,,,,https://www.cinemark.com.ar/peliculas/spider-man-un-nuevo-dia
GBA Oeste,Cinemark Hoyts,Cinemark Malvinas Argentinas,"Av. Pte. Illia 3770, Shopping Terrazas de Mayo",Spider-Man: Un nuevo día,DBOX XD 2D Doblada,18:50,,,,https://www.cinemark.com.ar/peliculas/spider-man-un-nuevo-dia
GBA Oeste,Cinemark Hoyts,Cinemark Malvinas Argentinas,"Av. Pte. Illia 3770, Shopping Terrazas de Mayo",Spider-Man: Un nuevo día,XD 2D Doblada,18:50,,,,https://www.cinemark.com.ar/peliculas/spider-man-un-nuevo-dia
GBA Oeste,Cinemark Hoyts,Cinemark Malvinas Argentinas,"Av. Pte. Illia 3770, Shopping Terrazas de Mayo",Spider-Man: Un nuevo día,2D Doblada,19:10,,,,https://www.cinemark.com.ar/peliculas/spider-man-un-nuevo-dia
GBA Oeste,Cinemark Hoyts,Cinemark Malvinas Argentinas,"Av. Pte. Illia 3770, Shopping Terrazas de Mayo",Spider-Man: Un nuevo día,3D Doblada,19:50,,,,https://www.cinemark.com.ar/peliculas/spider-man-un-nuevo-dia
GBA Oeste,Cinemark Hoyts,Cinemark Malvinas Argentinas,"Av. Pte. Illia 3770, Shopping Terrazas de Mayo",Spider-Man: Un nuevo día,DBOX 3D Doblada,19:50,,,,https://www.cinemark.com.ar/peliculas/spider-man-un-nuevo-dia
GBA Oeste,Cinemark Hoyts,Cinemark Malvinas Argentinas,"Av. Pte. Illia 3770, Shopping Terrazas de Mayo",Spider-Man: Un nuevo día,2D Doblada,21:30,,,,https://www.cinemark.com.ar/peliculas/spider-man-un-nuevo-dia
GBA Oeste,Cinemark Hoyts,Cinemark Malvinas Argentinas,"Av. Pte. Illia 3770, Shopping Terrazas de Mayo",Spider-Man: Un nuevo día,DBOX XD 3D Doblada,22:10,,,,https://www.cinemark.com.ar/peliculas/spider-man-un-nuevo-dia
GBA Oeste,Cinemark Hoyts,Cinemark Malvinas Argentinas,"Av. Pte. Illia 3770, Shopping Terrazas de Mayo",Spider-Man: Un nuevo día,XD 3D Doblada,22:10,,,,https://www.cinemark.com.ar/peliculas/spider-man-un-nuevo-dia
GBA Oeste,Cinemark Hoyts,Cinemark Malvinas Argentinas,"Av. Pte. Illia 3770, Shopping Terrazas de Mayo",Spider-Man: Un nuevo día,2D Doblada,23:00,,,,https://www.cinemark.com.ar/peliculas/spider-man-un-nuevo-dia
GBA Oeste,Cinemark Hoyts,Cinemark Malvinas Argentinas,"Av. Pte. Illia 3770, Shopping Terrazas de Mayo",Spider-Man: Un nuevo día,DBOX 2D Doblada,23:00,,,,https://www.cinemark.com.ar/peliculas/spider-man-un-nuevo-dia
GBA Oeste,Cinemark Hoyts,Cinemark Malvinas Argentinas,"Av. Pte. Illia 3770, Shopping Terrazas de Mayo",Toy Story 5,2D Doblada,13:10,,,,https://www.cinemark.com.ar/peliculas/toy-story-5
GBA Oeste,Cinemark Hoyts,Cinemark Malvinas Argentinas,"Av. Pte. Illia 3770, Shopping Terrazas de Mayo",Toy Story 5,2D Doblada,15:30,,,,https://www.cinemark.com.ar/peliculas/toy-story-5
GBA Oeste,Cinemark Hoyts,Cinemark Malvinas Argentinas,"Av. Pte. Illia 3770, Shopping Terrazas de Mayo",Yo Narciso,2D Doblada,14:40,,,,https://www.cinemark.com.ar/peliculas/yo-narciso
GBA Oeste,Cinemark Hoyts,Cinemark Malvinas Argentinas,"Av. Pte. Illia 3770, Shopping Terrazas de Mayo",Yo Narciso,2D Doblada,17:00,,,,https://www.cinemark.com.ar/peliculas/yo-narciso
GBA Oeste,Cinemark Hoyts,Cinemark Malvinas Argentinas,"Av. Pte. Illia 3770, Shopping Terrazas de Mayo",Yo Narciso,2D Doblada,19:15,,,,https://www.cinemark.com.ar/peliculas/yo-narciso
GBA Oeste,Cinemark Hoyts,Cinemark Malvinas Argentinas,"Av. Pte. Illia 3770, Shopping Terrazas de Mayo",Yo Narciso,2D Doblada,20:30,,,,https://www.cinemark.com.ar/peliculas/yo-narciso
GBA Oeste,Cinemark Hoyts,Cinemark Malvinas Argentinas,"Av. Pte. Illia 3770, Shopping Terrazas de Mayo",Yo Narciso,2D Doblada,21:40,,,,https://www.cinemark.com.ar/peliculas/yo-narciso
GBA Oeste,Cinemark Hoyts,Cinemark Malvinas Argentinas,"Av. Pte. Illia 3770, Shopping Terrazas de Mayo",Yo Narciso,2D Doblada,22:45,,,,https://www.cinemark.com.ar/peliculas/yo-narciso
GBA Oeste,Cinemark Hoyts,Hoyts Moreno,"Av. Victorica 1128, Nine Shopping",El Final de la Calle Oak,2D Doblada,14:50,,,,https://www.cinemark.com.ar/peliculas/el-final-de-la-calle-oak
GBA Oeste,Cinemark Hoyts,Hoyts Moreno,"Av. Victorica 1128, Nine Shopping",El Final de la Calle Oak,2D Doblada,17:40,,,,https://www.cinemark.com.ar/peliculas/el-final-de-la-calle-oak
GBA Oeste,Cinemark Hoyts,Hoyts Moreno,"Av. Victorica 1128, Nine Shopping",El Final de la Calle Oak,2D Doblada,20:10,,,,https://www.cinemark.com.ar/peliculas/el-final-de-la-calle-oak
GBA Oeste,Cinemark Hoyts,Hoyts Moreno,"Av. Victorica 1128, Nine Shopping",GHOST: 2 BIG TO RIG,2D Subtitulada,22:00,,,,https://www.cinemark.com.ar/peliculas/ghost-2-big-to-rig
GBA Oeste,Cinemark Hoyts,Hoyts Moreno,"Av. Victorica 1128, Nine Shopping",Insidious: Fuera del más allá,2D Doblada,14:20,,,,https://www.cinemark.com.ar/peliculas/la-noche-del-demonio-estan-entre-nosotros
GBA Oeste,Cinemark Hoyts,Hoyts Moreno,"Av. Victorica 1128, Nine Shopping",Insidious: Fuera del más allá,DBOX 2D Doblada,14:20,,,,https://www.cinemark.com.ar/peliculas/la-noche-del-demonio-estan-entre-nosotros
GBA Oeste,Cinemark Hoyts,Hoyts Moreno,"Av. Victorica 1128, Nine Shopping",Insidious: Fuera del más allá,2D Doblada,17:20,,,,https://www.cinemark.com.ar/peliculas/la-noche-del-demonio-estan-entre-nosotros
GBA Oeste,Cinemark Hoyts,Hoyts Moreno,"Av. Victorica 1128, Nine Shopping",Insidious: Fuera del más allá,DBOX 2D Doblada,17:20,,,,https://www.cinemark.com.ar/peliculas/la-noche-del-demonio-estan-entre-nosotros
GBA Oeste,Cinemark Hoyts,Hoyts Moreno,"Av. Victorica 1128, Nine Shopping",Insidious: Fuera del más allá,2D Doblada,20:00,,,,https://www.cinemark.com.ar/peliculas/la-noche-del-demonio-estan-entre-nosotros
GBA Oeste,Cinemark Hoyts,Hoyts Moreno,"Av. Victorica 1128, Nine Shopping",Insidious: Fuera del más allá,DBOX 2D Doblada,20:00,,,,https://www.cinemark.com.ar/peliculas/la-noche-del-demonio-estan-entre-nosotros
GBA Oeste,Cinemark Hoyts,Hoyts Moreno,"Av. Victorica 1128, Nine Shopping",Insidious: Fuera del más allá,2D Doblada,20:30,,,,https://www.cinemark.com.ar/peliculas/la-noche-del-demonio-estan-entre-nosotros
GBA Oeste,Cinemark Hoyts,Hoyts Moreno,"Av. Victorica 1128, Nine Shopping",Insidious: Fuera del más allá,2D Doblada,22:20,,,,https://www.cinemark.com.ar/peliculas/la-noche-del-demonio-estan-entre-nosotros
GBA Oeste,Cinemark Hoyts,Hoyts Moreno,"Av. Victorica 1128, Nine Shopping",Insidious: Fuera del más allá,DBOX 2D Doblada,22:20,,,,https://www.cinemark.com.ar/peliculas/la-noche-del-demonio-estan-entre-nosotros
GBA Oeste,Cinemark Hoyts,Hoyts Moreno,"Av. Victorica 1128, Nine Shopping",Insidious: Fuera del más allá,2D Doblada,23:00,,,,https://www.cinemark.com.ar/peliculas/la-noche-del-demonio-estan-entre-nosotros
GBA Oeste,Cinemark Hoyts,Hoyts Moreno,"Av. Victorica 1128, Nine Shopping",La Muerte De Robin Hood,2D Doblada,22:45,,,,https://www.cinemark.com.ar/peliculas/la-muerte-de-robin-hood
GBA Oeste,Cinemark Hoyts,Hoyts Moreno,"Av. Victorica 1128, Nine Shopping",La Odisea,2D Doblada,14:10,,,,https://www.cinemark.com.ar/peliculas/la-odisea
GBA Oeste,Cinemark Hoyts,Hoyts Moreno,"Av. Victorica 1128, Nine Shopping",La Odisea,2D Doblada,18:10,,,,https://www.cinemark.com.ar/peliculas/la-odisea
GBA Oeste,Cinemark Hoyts,Hoyts Moreno,"Av. Victorica 1128, Nine Shopping",La Odisea,2D Doblada,21:50,,,,https://www.cinemark.com.ar/peliculas/la-odisea
GBA Oeste,Cinemark Hoyts,Hoyts Moreno,"Av. Victorica 1128, Nine Shopping",Mi vecino Totoro,2D Doblada,17:50,,,,https://www.cinemark.com.ar/peliculas/mi-vecino-totoro-reestreno
GBA Oeste,Cinemark Hoyts,Hoyts Moreno,"Av. Victorica 1128, Nine Shopping",PAW Patrol: La Dino Película,2D Doblada,12:45,,,,https://www.cinemark.com.ar/peliculas/paw-patrol-la-dino-pelicula
GBA Oeste,Cinemark Hoyts,Hoyts Moreno,"Av. Victorica 1128, Nine Shopping",PAW Patrol: La Dino Película,DBOX 2D Doblada,12:45,,,,https://www.cinemark.com.ar/peliculas/paw-patrol-la-dino-pelicula
GBA Oeste,Cinemark Hoyts,Hoyts Moreno,"Av. Victorica 1128, Nine Shopping",PAW Patrol: La Dino Película,2D Doblada,13:10,,,,https://www.cinemark.com.ar/peliculas/paw-patrol-la-dino-pelicula
GBA Oeste,Cinemark Hoyts,Hoyts Moreno,"Av. Victorica 1128, Nine Shopping",PAW Patrol: La Dino Película,2D Doblada,15:30,,,,https://www.cinemark.com.ar/peliculas/paw-patrol-la-dino-pelicula
GBA Oeste,Cinemark Hoyts,Hoyts Moreno,"Av. Victorica 1128, Nine Shopping",PAW Patrol: La Dino Película,2D Doblada,17:50,,,,https://www.cinemark.com.ar/peliculas/paw-patrol-la-dino-pelicula
GBA Oeste,Cinemark Hoyts,Hoyts Moreno,"Av. Victorica 1128, Nine Shopping",Spider-Man: Un nuevo día,3D Doblada,12:30,,,,https://www.cinemark.com.ar/peliculas/spider-man-un-nuevo-dia
GBA Oeste,Cinemark Hoyts,Hoyts Moreno,"Av. Victorica 1128, Nine Shopping",Spider-Man: Un nuevo día,2D Doblada,13:00,,,,https://www.cinemark.com.ar/peliculas/spider-man-un-nuevo-dia
GBA Oeste,Cinemark Hoyts,Hoyts Moreno,"Av. Victorica 1128, Nine Shopping",Spider-Man: Un nuevo día,2D Doblada,13:20,,,,https://www.cinemark.com.ar/peliculas/spider-man-un-nuevo-dia
GBA Oeste,Cinemark Hoyts,Hoyts Moreno,"Av. Victorica 1128, Nine Shopping",Spider-Man: Un nuevo día,2D Doblada,15:10,,,,https://www.cinemark.com.ar/peliculas/spider-man-un-nuevo-dia
GBA Oeste,Cinemark Hoyts,Hoyts Moreno,"Av. Victorica 1128, Nine Shopping",Spider-Man: Un nuevo día,DBOX 2D Doblada,15:10,,,,https://www.cinemark.com.ar/peliculas/spider-man-un-nuevo-dia
GBA Oeste,Cinemark Hoyts,Hoyts Moreno,"Av. Victorica 1128, Nine Shopping",Spider-Man: Un nuevo día,3D Doblada,15:40,,,,https://www.cinemark.com.ar/peliculas/spider-man-un-nuevo-dia
GBA Oeste,Cinemark Hoyts,Hoyts Moreno,"Av. Victorica 1128, Nine Shopping",Spider-Man: Un nuevo día,2D Doblada,16:10,,,,https://www.cinemark.com.ar/peliculas/spider-man-un-nuevo-dia
GBA Oeste,Cinemark Hoyts,Hoyts Moreno,"Av. Victorica 1128, Nine Shopping",Spider-Man: Un nuevo día,2D Doblada,16:30,,,,https://www.cinemark.com.ar/peliculas/spider-man-un-nuevo-dia
GBA Oeste,Cinemark Hoyts,Hoyts Moreno,"Av. Victorica 1128, Nine Shopping",Spider-Man: Un nuevo día,2D Doblada,18:20,,,,https://www.cinemark.com.ar/peliculas/spider-man-un-nuevo-dia
GBA Oeste,Cinemark Hoyts,Hoyts Moreno,"Av. Victorica 1128, Nine Shopping",Spider-Man: Un nuevo día,DBOX 2D Doblada,18:20,,,,https://www.cinemark.com.ar/peliculas/spider-man-un-nuevo-dia
GBA Oeste,Cinemark Hoyts,Hoyts Moreno,"Av. Victorica 1128, Nine Shopping",Spider-Man: Un nuevo día,3D Doblada,18:50,,,,https://www.cinemark.com.ar/peliculas/spider-man-un-nuevo-dia
GBA Oeste,Cinemark Hoyts,Hoyts Moreno,"Av. Victorica 1128, Nine Shopping",Spider-Man: Un nuevo día,2D Doblada,19:20,,,,https://www.cinemark.com.ar/peliculas/spider-man-un-nuevo-dia
GBA Oeste,Cinemark Hoyts,Hoyts Moreno,"Av. Victorica 1128, Nine Shopping",Spider-Man: Un nuevo día,2D Doblada,19:40,,,,https://www.cinemark.com.ar/peliculas/spider-man-un-nuevo-dia
GBA Oeste,Cinemark Hoyts,Hoyts Moreno,"Av. Victorica 1128, Nine Shopping",Spider-Man: Un nuevo día,2D Doblada,21:30,,,,https://www.cinemark.com.ar/peliculas/spider-man-un-nuevo-dia
GBA Oeste,Cinemark Hoyts,Hoyts Moreno,"Av. Victorica 1128, Nine Shopping",Spider-Man: Un nuevo día,DBOX 2D Doblada,21:30,,,,https://www.cinemark.com.ar/peliculas/spider-man-un-nuevo-dia
GBA Oeste,Cinemark Hoyts,Hoyts Moreno,"Av. Victorica 1128, Nine Shopping",Spider-Man: Un nuevo día,3D Doblada,22:00,,,,https://www.cinemark.com.ar/peliculas/spider-man-un-nuevo-dia
GBA Oeste,Cinemark Hoyts,Hoyts Moreno,"Av. Victorica 1128, Nine Shopping",Spider-Man: Un nuevo día,2D Doblada,22:30,,,,https://www.cinemark.com.ar/peliculas/spider-man-un-nuevo-dia
GBA Oeste,Cinemark Hoyts,Hoyts Moreno,"Av. Victorica 1128, Nine Shopping",Spider-Man: Un nuevo día,2D Doblada,22:50,,,,https://www.cinemark.com.ar/peliculas/spider-man-un-nuevo-dia
GBA Oeste,Cinemark Hoyts,Hoyts Moreno,"Av. Victorica 1128, Nine Shopping",Toy Story 5,2D Doblada,12:50,,,,https://www.cinemark.com.ar/peliculas/toy-story-5
GBA Oeste,Cinemark Hoyts,Hoyts Moreno,"Av. Victorica 1128, Nine Shopping",Toy Story 5,2D Doblada,15:20,,,,https://www.cinemark.com.ar/peliculas/toy-story-5
GBA Oeste,Cinemark Hoyts,Hoyts Moreno,"Av. Victorica 1128, Nine Shopping",Yo Narciso,2D Doblada,12:40,,,,https://www.cinemark.com.ar/peliculas/yo-narciso
GBA Oeste,Cinemark Hoyts,Hoyts Moreno,"Av. Victorica 1128, Nine Shopping",Yo Narciso,2D Doblada,15:00,,,,https://www.cinemark.com.ar/peliculas/yo-narciso
GBA Oeste,Cinemark Hoyts,Hoyts Moreno,"Av. Victorica 1128, Nine Shopping",Yo Narciso,2D Doblada,17:30,,,,https://www.cinemark.com.ar/peliculas/yo-narciso
GBA Oeste,Cinemark Hoyts,Hoyts Moreno,"Av. Victorica 1128, Nine Shopping",Yo Narciso,2D Doblada,19:50,,,,https://www.cinemark.com.ar/peliculas/yo-narciso
GBA Oeste,Cinemark Hoyts,Hoyts Moreno,"Av. Victorica 1128, Nine Shopping",Yo Narciso,2D Doblada,20:20,,,,https://www.cinemark.com.ar/peliculas/yo-narciso
GBA Oeste,Cinemark Hoyts,Hoyts Moreno,"Av. Victorica 1128, Nine Shopping",Yo Narciso,2D Doblada,22:40,,,,https://www.cinemark.com.ar/peliculas/yo-narciso
CABA,Cinemark Hoyts,Cinemark Caballito,"Av. La Plata 96, Caballito",Insidious: Fuera del más allá,2D Subtitulada,12:50,,,,https://www.cinemark.com.ar/peliculas/la-noche-del-demonio-estan-entre-nosotros
CABA,Cinemark Hoyts,Cinemark Caballito,"Av. La Plata 96, Caballito",Insidious: Fuera del más allá,2D Subtitulada,15:20,,,,https://www.cinemark.com.ar/peliculas/la-noche-del-demonio-estan-entre-nosotros
CABA,Cinemark Hoyts,Cinemark Caballito,"Av. La Plata 96, Caballito",Insidious: Fuera del más allá,2D Subtitulada,17:50,,,,https://www.cinemark.com.ar/peliculas/la-noche-del-demonio-estan-entre-nosotros
CABA,Cinemark Hoyts,Cinemark Caballito,"Av. La Plata 96, Caballito",Insidious: Fuera del más allá,2D Subtitulada,20:20,,,,https://www.cinemark.com.ar/peliculas/la-noche-del-demonio-estan-entre-nosotros
CABA,Cinemark Hoyts,Cinemark Caballito,"Av. La Plata 96, Caballito",Insidious: Fuera del más allá,2D Subtitulada,23:00,,,,https://www.cinemark.com.ar/peliculas/la-noche-del-demonio-estan-entre-nosotros
CABA,Cinemark Hoyts,Cinemark Caballito,"Av. La Plata 96, Caballito",La Odisea,2D Subtitulada,14:20,,,,https://www.cinemark.com.ar/peliculas/la-odisea
CABA,Cinemark Hoyts,Cinemark Caballito,"Av. La Plata 96, Caballito",La Odisea,2D Subtitulada,18:10,,,,https://www.cinemark.com.ar/peliculas/la-odisea
CABA,Cinemark Hoyts,Cinemark Caballito,"Av. La Plata 96, Caballito",La Odisea,2D Subtitulada,21:50,,,,https://www.cinemark.com.ar/peliculas/la-odisea
CABA,Cinemark Hoyts,Cinemark Caballito,"Av. La Plata 96, Caballito",La Odisea,2D Subtitulada,22:30,,,,https://www.cinemark.com.ar/peliculas/la-odisea
CABA,Cinemark Hoyts,Cinemark Caballito,"Av. La Plata 96, Caballito",PAW Patrol: La Dino Película,2D Doblada,13:15,,,,https://www.cinemark.com.ar/peliculas/paw-patrol-la-dino-pelicula
CABA,Cinemark Hoyts,Cinemark Caballito,"Av. La Plata 96, Caballito",PAW Patrol: La Dino Película,2D Doblada,15:25,,,,https://www.cinemark.com.ar/peliculas/paw-patrol-la-dino-pelicula
CABA,Cinemark Hoyts,Cinemark Caballito,"Av. La Plata 96, Caballito",Spider-Man: Un nuevo día,2D Subtitulada,12:40,,,,https://www.cinemark.com.ar/peliculas/spider-man-un-nuevo-dia
CABA,Cinemark Hoyts,Cinemark Caballito,"Av. La Plata 96, Caballito",Spider-Man: Un nuevo día,3D Doblada,13:20,,,,https://www.cinemark.com.ar/peliculas/spider-man-un-nuevo-dia
CABA,Cinemark Hoyts,Cinemark Caballito,"Av. La Plata 96, Caballito",Spider-Man: Un nuevo día,2D Subtitulada,15:50,,,,https://www.cinemark.com.ar/peliculas/spider-man-un-nuevo-dia
CABA,Cinemark Hoyts,Cinemark Caballito,"Av. La Plata 96, Caballito",Spider-Man: Un nuevo día,2D Subtitulada,16:30,,,,https://www.cinemark.com.ar/peliculas/spider-man-un-nuevo-dia
CABA,Cinemark Hoyts,Cinemark Caballito,"Av. La Plata 96, Caballito",Spider-Man: Un nuevo día,2D Subtitulada,19:00,,,,https://www.cinemark.com.ar/peliculas/spider-man-un-nuevo-dia
CABA,Cinemark Hoyts,Cinemark Caballito,"Av. La Plata 96, Caballito",Spider-Man: Un nuevo día,3D Doblada,19:40,,,,https://www.cinemark.com.ar/peliculas/spider-man-un-nuevo-dia
CABA,Cinemark Hoyts,Cinemark Caballito,"Av. La Plata 96, Caballito",Spider-Man: Un nuevo día,2D Subtitulada,22:10,,,,https://www.cinemark.com.ar/peliculas/spider-man-un-nuevo-dia
CABA,Cinemark Hoyts,Cinemark Caballito,"Av. La Plata 96, Caballito",Spider-Man: Un nuevo día,2D Subtitulada,22:50,,,,https://www.cinemark.com.ar/peliculas/spider-man-un-nuevo-dia
CABA,Cinemark Hoyts,Cinemark Caballito,"Av. La Plata 96, Caballito",Yo Narciso,2D Doblada,13:40,,,,https://www.cinemark.com.ar/peliculas/yo-narciso
CABA,Cinemark Hoyts,Cinemark Caballito,"Av. La Plata 96, Caballito",Yo Narciso,2D Doblada,16:00,,,,https://www.cinemark.com.ar/peliculas/yo-narciso
CABA,Cinemark Hoyts,Cinemark Caballito,"Av. La Plata 96, Caballito",Yo Narciso,2D Doblada,17:40,,,,https://www.cinemark.com.ar/peliculas/yo-narciso
CABA,Cinemark Hoyts,Cinemark Caballito,"Av. La Plata 96, Caballito",Yo Narciso,2D Doblada,18:20,,,,https://www.cinemark.com.ar/peliculas/yo-narciso
CABA,Cinemark Hoyts,Cinemark Caballito,"Av. La Plata 96, Caballito",Yo Narciso,2D Doblada,20:00,,,,https://www.cinemark.com.ar/peliculas/yo-narciso
CABA,Cinemark Hoyts,Cinemark Caballito,"Av. La Plata 96, Caballito",Yo Narciso,2D Doblada,20:40,,,,https://www.cinemark.com.ar/peliculas/yo-narciso
CABA,Cinemark Hoyts,Cinemark Caballito,"Av. La Plata 96, Caballito",Yo Narciso,2D Doblada,22:50,,,,https://www.cinemark.com.ar/peliculas/yo-narciso
GBA Norte,Cinemark Hoyts,Cinemark Tortugas,"Ramal Pilar km 36,5, Tortuguitas TOM",El Final de la Calle Oak,2D Doblada,20:20,,,,https://www.cinemark.com.ar/peliculas/el-final-de-la-calle-oak
GBA Norte,Cinemark Hoyts,Cinemark Tortugas,"Ramal Pilar km 36,5, Tortuguitas TOM",Insidious: Fuera del más allá,2D Doblada,13:00,,,,https://www.cinemark.com.ar/peliculas/la-noche-del-demonio-estan-entre-nosotros
GBA Norte,Cinemark Hoyts,Cinemark Tortugas,"Ramal Pilar km 36,5, Tortuguitas TOM",Insidious: Fuera del más allá,DBOX 2D Doblada,13:00,,,,https://www.cinemark.com.ar/peliculas/la-noche-del-demonio-estan-entre-nosotros
GBA Norte,Cinemark Hoyts,Cinemark Tortugas,"Ramal Pilar km 36,5, Tortuguitas TOM",Insidious: Fuera del más allá,2D Doblada,14:30,,,,https://www.cinemark.com.ar/peliculas/la-noche-del-demonio-estan-entre-nosotros
GBA Norte,Cinemark Hoyts,Cinemark Tortugas,"Ramal Pilar km 36,5, Tortuguitas TOM",Insidious: Fuera del más allá,2D Doblada,17:00,,,,https://www.cinemark.com.ar/peliculas/la-noche-del-demonio-estan-entre-nosotros
GBA Norte,Cinemark Hoyts,Cinemark Tortugas,"Ramal Pilar km 36,5, Tortuguitas TOM",Insidious: Fuera del más allá,2D Doblada,18:10,,,,https://www.cinemark.com.ar/peliculas/la-noche-del-demonio-estan-entre-nosotros
GBA Norte,Cinemark Hoyts,Cinemark Tortugas,"Ramal Pilar km 36,5, Tortuguitas TOM",Insidious: Fuera del más allá,DBOX 2D Doblada,18:10,,,,https://www.cinemark.com.ar/peliculas/la-noche-del-demonio-estan-entre-nosotros
GBA Norte,Cinemark Hoyts,Cinemark Tortugas,"Ramal Pilar km 36,5, Tortuguitas TOM",Insidious: Fuera del más allá,2D Doblada,19:30,,,,https://www.cinemark.com.ar/peliculas/la-noche-del-demonio-estan-entre-nosotros
GBA Norte,Cinemark Hoyts,Cinemark Tortugas,"Ramal Pilar km 36,5, Tortuguitas TOM",Insidious: Fuera del más allá,2D Doblada,22:00,,,,https://www.cinemark.com.ar/peliculas/la-noche-del-demonio-estan-entre-nosotros
GBA Norte,Cinemark Hoyts,Cinemark Tortugas,"Ramal Pilar km 36,5, Tortuguitas TOM",Insidious: Fuera del más allá,2D Doblada,23:00,,,,https://www.cinemark.com.ar/peliculas/la-noche-del-demonio-estan-entre-nosotros
GBA Norte,Cinemark Hoyts,Cinemark Tortugas,"Ramal Pilar km 36,5, Tortuguitas TOM",Insidious: Fuera del más allá,DBOX 2D Doblada,23:00,,,,https://www.cinemark.com.ar/peliculas/la-noche-del-demonio-estan-entre-nosotros
GBA Norte,Cinemark Hoyts,Cinemark Tortugas,"Ramal Pilar km 36,5, Tortuguitas TOM",La Muerte De Robin Hood,2D Doblada,22:40,,,,https://www.cinemark.com.ar/peliculas/la-muerte-de-robin-hood
GBA Norte,Cinemark Hoyts,Cinemark Tortugas,"Ramal Pilar km 36,5, Tortuguitas TOM",La Odisea,2D Doblada,14:10,,,,https://www.cinemark.com.ar/peliculas/la-odisea
GBA Norte,Cinemark Hoyts,Cinemark Tortugas,"Ramal Pilar km 36,5, Tortuguitas TOM",La Odisea,2D Doblada,17:50,,,,https://www.cinemark.com.ar/peliculas/la-odisea
GBA Norte,Cinemark Hoyts,Cinemark Tortugas,"Ramal Pilar km 36,5, Tortuguitas TOM",La Odisea,2D Doblada,21:30,,,,https://www.cinemark.com.ar/peliculas/la-odisea
GBA Norte,Cinemark Hoyts,Cinemark Tortugas,"Ramal Pilar km 36,5, Tortuguitas TOM",La Odisea,2D Doblada,22:30,,,,https://www.cinemark.com.ar/peliculas/la-odisea
GBA Norte,Cinemark Hoyts,Cinemark Tortugas,"Ramal Pilar km 36,5, Tortuguitas TOM",Mi vecino Totoro,2D Doblada,18:00,,,,https://www.cinemark.com.ar/peliculas/mi-vecino-totoro-reestreno
GBA Norte,Cinemark Hoyts,Cinemark Tortugas,"Ramal Pilar km 36,5, Tortuguitas TOM",PAW Patrol: La Dino Película,2D Doblada,13:30,,,,https://www.cinemark.com.ar/peliculas/paw-patrol-la-dino-pelicula
GBA Norte,Cinemark Hoyts,Cinemark Tortugas,"Ramal Pilar km 36,5, Tortuguitas TOM",PAW Patrol: La Dino Película,2D Doblada,15:45,,,,https://www.cinemark.com.ar/peliculas/paw-patrol-la-dino-pelicula
GBA Norte,Cinemark Hoyts,Cinemark Tortugas,"Ramal Pilar km 36,5, Tortuguitas TOM",Spider-Man: Un nuevo día,DBOX XD 2D Doblada,12:40,,,,https://www.cinemark.com.ar/peliculas/spider-man-un-nuevo-dia
GBA Norte,Cinemark Hoyts,Cinemark Tortugas,"Ramal Pilar km 36,5, Tortuguitas TOM",Spider-Man: Un nuevo día,XD 2D Doblada,12:40,,,,https://www.cinemark.com.ar/peliculas/spider-man-un-nuevo-dia
GBA Norte,Cinemark Hoyts,Cinemark Tortugas,"Ramal Pilar km 36,5, Tortuguitas TOM",Spider-Man: Un nuevo día,2D Doblada,12:50,,,,https://www.cinemark.com.ar/peliculas/spider-man-un-nuevo-dia
GBA Norte,Cinemark Hoyts,Cinemark Tortugas,"Ramal Pilar km 36,5, Tortuguitas TOM",Spider-Man: Un nuevo día,2D Doblada,14:00,,,,https://www.cinemark.com.ar/peliculas/spider-man-un-nuevo-dia
GBA Norte,Cinemark Hoyts,Cinemark Tortugas,"Ramal Pilar km 36,5, Tortuguitas TOM",Spider-Man: Un nuevo día,2D Doblada,14:50,,,,https://www.cinemark.com.ar/peliculas/spider-man-un-nuevo-dia
GBA Norte,Cinemark Hoyts,Cinemark Tortugas,"Ramal Pilar km 36,5, Tortuguitas TOM",Spider-Man: Un nuevo día,DBOX XD 2D Doblada,15:50,,,,https://www.cinemark.com.ar/peliculas/spider-man-un-nuevo-dia
GBA Norte,Cinemark Hoyts,Cinemark Tortugas,"Ramal Pilar km 36,5, Tortuguitas TOM",Spider-Man: Un nuevo día,XD 2D Doblada,15:50,,,,https://www.cinemark.com.ar/peliculas/spider-man-un-nuevo-dia
GBA Norte,Cinemark Hoyts,Cinemark Tortugas,"Ramal Pilar km 36,5, Tortuguitas TOM",Spider-Man: Un nuevo día,3D Doblada,16:10,,,,https://www.cinemark.com.ar/peliculas/spider-man-un-nuevo-dia
GBA Norte,Cinemark Hoyts,Cinemark Tortugas,"Ramal Pilar km 36,5, Tortuguitas TOM",Spider-Man: Un nuevo día,2D Doblada,18:10,,,,https://www.cinemark.com.ar/peliculas/spider-man-un-nuevo-dia
GBA Norte,Cinemark Hoyts,Cinemark Tortugas,"Ramal Pilar km 36,5, Tortuguitas TOM",Spider-Man: Un nuevo día,DBOX XD 2D Doblada,19:00,,,,https://www.cinemark.com.ar/peliculas/spider-man-un-nuevo-dia
GBA Norte,Cinemark Hoyts,Cinemark Tortugas,"Ramal Pilar km 36,5, Tortuguitas TOM",Spider-Man: Un nuevo día,XD 2D Doblada,19:00,,,,https://www.cinemark.com.ar/peliculas/spider-man-un-nuevo-dia
GBA Norte,Cinemark Hoyts,Cinemark Tortugas,"Ramal Pilar km 36,5, Tortuguitas TOM",Spider-Man: Un nuevo día,3D Doblada,19:20,,,,https://www.cinemark.com.ar/peliculas/spider-man-un-nuevo-dia
GBA Norte,Cinemark Hoyts,Cinemark Tortugas,"Ramal Pilar km 36,5, Tortuguitas TOM",Spider-Man: Un nuevo día,2D Doblada,19:30,,,,https://www.cinemark.com.ar/peliculas/spider-man-un-nuevo-dia
GBA Norte,Cinemark Hoyts,Cinemark Tortugas,"Ramal Pilar km 36,5, Tortuguitas TOM",Spider-Man: Un nuevo día,2D Doblada,21:20,,,,https://www.cinemark.com.ar/peliculas/spider-man-un-nuevo-dia
GBA Norte,Cinemark Hoyts,Cinemark Tortugas,"Ramal Pilar km 36,5, Tortuguitas TOM",Spider-Man: Un nuevo día,DBOX XD 2D Doblada,22:10,,,,https://www.cinemark.com.ar/peliculas/spider-man-un-nuevo-dia
GBA Norte,Cinemark Hoyts,Cinemark Tortugas,"Ramal Pilar km 36,5, Tortuguitas TOM",Spider-Man: Un nuevo día,XD 2D Doblada,22:10,,,,https://www.cinemark.com.ar/peliculas/spider-man-un-nuevo-dia
GBA Norte,Cinemark Hoyts,Cinemark Tortugas,"Ramal Pilar km 36,5, Tortuguitas TOM",Spider-Man: Un nuevo día,2D Doblada,22:50,,,,https://www.cinemark.com.ar/peliculas/spider-man-un-nuevo-dia
GBA Norte,Cinemark Hoyts,Cinemark Tortugas,"Ramal Pilar km 36,5, Tortuguitas TOM",Toy Story 5,2D Doblada,15:30,,,,https://www.cinemark.com.ar/peliculas/toy-story-5
GBA Norte,Cinemark Hoyts,Cinemark Tortugas,"Ramal Pilar km 36,5, Tortuguitas TOM",Toy Story 5,DBOX 2D Doblada,15:30,,,,https://www.cinemark.com.ar/peliculas/toy-story-5
GBA Norte,Cinemark Hoyts,Cinemark Tortugas,"Ramal Pilar km 36,5, Tortuguitas TOM",Yo Narciso,2D Doblada,13:00,,,,https://www.cinemark.com.ar/peliculas/yo-narciso
GBA Norte,Cinemark Hoyts,Cinemark Tortugas,"Ramal Pilar km 36,5, Tortuguitas TOM",Yo Narciso,2D Doblada,15:20,,,,https://www.cinemark.com.ar/peliculas/yo-narciso
GBA Norte,Cinemark Hoyts,Cinemark Tortugas,"Ramal Pilar km 36,5, Tortuguitas TOM",Yo Narciso,2D Doblada,17:15,,,,https://www.cinemark.com.ar/peliculas/yo-narciso
GBA Norte,Cinemark Hoyts,Cinemark Tortugas,"Ramal Pilar km 36,5, Tortuguitas TOM",Yo Narciso,2D Doblada,17:40,,,,https://www.cinemark.com.ar/peliculas/yo-narciso
GBA Norte,Cinemark Hoyts,Cinemark Tortugas,"Ramal Pilar km 36,5, Tortuguitas TOM",Yo Narciso,2D Doblada,20:00,,,,https://www.cinemark.com.ar/peliculas/yo-narciso
GBA Norte,Cinemark Hoyts,Cinemark Tortugas,"Ramal Pilar km 36,5, Tortuguitas TOM",Yo Narciso,2D Doblada,20:40,,,,https://www.cinemark.com.ar/peliculas/yo-narciso
GBA Norte,Cinemark Hoyts,Cinemark Tortugas,"Ramal Pilar km 36,5, Tortuguitas TOM",Yo Narciso,2D Doblada,22:20,,,,https://www.cinemark.com.ar/peliculas/yo-narciso
GBA Sur,Cinépolis,Cinépolis Avellaneda,"Av. Mitre 2702, Avellaneda",La Odisea,2D Doblada,13:50,,,,https://cartelera.ar/pelicula/la-odisea
GBA Sur,Cinépolis,Cinépolis Avellaneda,"Av. Mitre 2702, Avellaneda",La Odisea,2D Subtitulada,18:45,,,,https://cartelera.ar/pelicula/la-odisea
GBA Sur,Cinépolis,Cinépolis Avellaneda,"Av. Mitre 2702, Avellaneda",La Odisea,2D Subtitulada,22:30,,,,https://cartelera.ar/pelicula/la-odisea
GBA Sur,Cinépolis,Cinépolis Avellaneda,"Av. Mitre 2702, Avellaneda",La Odisea,2D Doblada,22:45,,,,https://cartelera.ar/pelicula/la-odisea
GBA Sur,Cinépolis,Cinépolis Avellaneda,"Av. Mitre 2702, Avellaneda",Spider-Man: Un nuevo día,3D Doblada,12:45,,,,https://cartelera.ar/pelicula/spider-man-un-nuevo-dia
GBA Sur,Cinépolis,Cinépolis Avellaneda,"Av. Mitre 2702, Avellaneda",Spider-Man: Un nuevo día,2D Doblada,13:15,,,,https://cartelera.ar/pelicula/spider-man-un-nuevo-dia
GBA Sur,Cinépolis,Cinépolis Avellaneda,"Av. Mitre 2702, Avellaneda",Spider-Man: Un nuevo día,3D Doblada,13:45,,,,https://cartelera.ar/pelicula/spider-man-un-nuevo-dia
GBA Sur,Cinépolis,Cinépolis Avellaneda,"Av. Mitre 2702, Avellaneda",Spider-Man: Un nuevo día,2D Doblada,15:30,,,,https://cartelera.ar/pelicula/spider-man-un-nuevo-dia
GBA Sur,Cinépolis,Cinépolis Avellaneda,"Av. Mitre 2702, Avellaneda",Spider-Man: Un nuevo día,3D Doblada,16:00,,,,https://cartelera.ar/pelicula/spider-man-un-nuevo-dia
GBA Sur,Cinépolis,Cinépolis Avellaneda,"Av. Mitre 2702, Avellaneda",Spider-Man: Un nuevo día,2D Subtitulada,16:15,,,,https://cartelera.ar/pelicula/spider-man-un-nuevo-dia
GBA Sur,Cinépolis,Cinépolis Avellaneda,"Av. Mitre 2702, Avellaneda",Spider-Man: Un nuevo día,2D Doblada,16:30,,,,https://cartelera.ar/pelicula/spider-man-un-nuevo-dia
GBA Sur,Cinépolis,Cinépolis Avellaneda,"Av. Mitre 2702, Avellaneda",Spider-Man: Un nuevo día,3D Doblada,17:00,,,,https://cartelera.ar/pelicula/spider-man-un-nuevo-dia
GBA Sur,Cinépolis,Cinépolis Avellaneda,"Av. Mitre 2702, Avellaneda",Spider-Man: Un nuevo día,2D Doblada,18:45,,,,https://cartelera.ar/pelicula/spider-man-un-nuevo-dia
GBA Sur,Cinépolis,Cinépolis Avellaneda,"Av. Mitre 2702, Avellaneda",Spider-Man: Un nuevo día,3D Doblada,19:15,,,,https://cartelera.ar/pelicula/spider-man-un-nuevo-dia
GBA Sur,Cinépolis,Cinépolis Avellaneda,"Av. Mitre 2702, Avellaneda",Spider-Man: Un nuevo día,2D Subtitulada,19:30,,,,https://cartelera.ar/pelicula/spider-man-un-nuevo-dia
GBA Sur,Cinépolis,Cinépolis Avellaneda,"Av. Mitre 2702, Avellaneda",Spider-Man: Un nuevo día,2D Doblada,19:45,,,,https://cartelera.ar/pelicula/spider-man-un-nuevo-dia
GBA Sur,Cinépolis,Cinépolis Avellaneda,"Av. Mitre 2702, Avellaneda",Spider-Man: Un nuevo día,3D Doblada,20:15,,,,https://cartelera.ar/pelicula/spider-man-un-nuevo-dia
GBA Sur,Cinépolis,Cinépolis Avellaneda,"Av. Mitre 2702, Avellaneda",Spider-Man: Un nuevo día,2D Doblada,22:00,,,,https://cartelera.ar/pelicula/spider-man-un-nuevo-dia
GBA Sur,Cinépolis,Cinépolis Avellaneda,"Av. Mitre 2702, Avellaneda",Spider-Man: Un nuevo día,3D Doblada,22:30,,,,https://cartelera.ar/pelicula/spider-man-un-nuevo-dia
GBA Sur,Cinépolis,Cinépolis Avellaneda,"Av. Mitre 2702, Avellaneda",Spider-Man: Un nuevo día,2D Subtitulada,22:45,,,,https://cartelera.ar/pelicula/spider-man-un-nuevo-dia
GBA Sur,Cinépolis,Cinépolis Avellaneda,"Av. Mitre 2702, Avellaneda",Spider-Man: Un nuevo día,2D Doblada,23:00,,,,https://cartelera.ar/pelicula/spider-man-un-nuevo-dia
GBA Sur,Cinépolis,Cinépolis Avellaneda,"Av. Mitre 2702, Avellaneda",Spider-Man: Un nuevo día,3D Doblada,23:30,,,,https://cartelera.ar/pelicula/spider-man-un-nuevo-dia
GBA Sur,Cinépolis,Cinépolis Avellaneda,"Av. Mitre 2702, Avellaneda",Toy Story 5,2D Doblada,13:00,,,,https://cartelera.ar/pelicula/toy-story-5
GBA Sur,Cinépolis,Cinépolis Avellaneda,"Av. Mitre 2702, Avellaneda",Minions & monstruos,2D Doblada,14:00,,,,https://cartelera.ar/pelicula/minions-monstruos
GBA Sur,Cinépolis,Cinépolis Avellaneda,"Av. Mitre 2702, Avellaneda",El Final de la Calle Oak,2D Doblada,13:00,,,,https://cartelera.ar/pelicula/el-final-de-la-calle-oak
GBA Sur,Cinépolis,Cinépolis Avellaneda,"Av. Mitre 2702, Avellaneda",El Final de la Calle Oak,2D Doblada,15:30,,,,https://cartelera.ar/pelicula/el-final-de-la-calle-oak
GBA Sur,Cinépolis,Cinépolis Avellaneda,"Av. Mitre 2702, Avellaneda",El Final de la Calle Oak,2D Doblada,18:00,,,,https://cartelera.ar/pelicula/el-final-de-la-calle-oak
GBA Sur,Cinépolis,Cinépolis Avellaneda,"Av. Mitre 2702, Avellaneda",El Final de la Calle Oak,2D Doblada,20:00,,,,https://cartelera.ar/pelicula/el-final-de-la-calle-oak
GBA Sur,Cinépolis,Cinépolis Avellaneda,"Av. Mitre 2702, Avellaneda",El Final de la Calle Oak,2D Doblada,20:20,,,,https://cartelera.ar/pelicula/el-final-de-la-calle-oak
GBA Sur,Cinépolis,Cinépolis Avellaneda,"Av. Mitre 2702, Avellaneda",PAW Patrol: La Dino Película,2D Doblada,14:05,,,,https://cartelera.ar/pelicula/paw-patrol-la-dino-pelicula
GBA Sur,Cinépolis,Cinépolis Avellaneda,"Av. Mitre 2702, Avellaneda",PAW Patrol: La Dino Película,2D Doblada,16:25,,,,https://cartelera.ar/pelicula/paw-patrol-la-dino-pelicula
GBA Sur,Cinépolis,Cinépolis Avellaneda,"Av. Mitre 2702, Avellaneda",La Muerte De Robin Hood,2D Doblada,17:30,,,,https://cartelera.ar/pelicula/la-muerte-de-robin-hood
GBA Sur,Cinépolis,Cinépolis Avellaneda,"Av. Mitre 2702, Avellaneda",La Muerte De Robin Hood,2D Doblada,22:30,,,,https://cartelera.ar/pelicula/la-muerte-de-robin-hood
GBA Sur,Cinépolis,Cinépolis Avellaneda,"Av. Mitre 2702, Avellaneda",La noche del demonio: Están entre nosotros,2D Doblada,13:00,,,,https://cartelera.ar/pelicula/la-noche-del-demonio-estan-entre-nosotros
GBA Sur,Cinépolis,Cinépolis Avellaneda,"Av. Mitre 2702, Avellaneda",La noche del demonio: Están entre nosotros,2D Doblada,15:30,,,,https://cartelera.ar/pelicula/la-noche-del-demonio-estan-entre-nosotros
GBA Sur,Cinépolis,Cinépolis Avellaneda,"Av. Mitre 2702, Avellaneda",La noche del demonio: Están entre nosotros,2D Doblada,16:30,,,,https://cartelera.ar/pelicula/la-noche-del-demonio-estan-entre-nosotros
GBA Sur,Cinépolis,Cinépolis Avellaneda,"Av. Mitre 2702, Avellaneda",La noche del demonio: Están entre nosotros,2D Doblada,18:10,,,,https://cartelera.ar/pelicula/la-noche-del-demonio-estan-entre-nosotros
GBA Sur,Cinépolis,Cinépolis Avellaneda,"Av. Mitre 2702, Avellaneda",La noche del demonio: Están entre nosotros,2D Doblada,19:10,,,,https://cartelera.ar/pelicula/la-noche-del-demonio-estan-entre-nosotros
GBA Sur,Cinépolis,Cinépolis Avellaneda,"Av. Mitre 2702, Avellaneda",La noche del demonio: Están entre nosotros,2D Doblada,20:50,,,,https://cartelera.ar/pelicula/la-noche-del-demonio-estan-entre-nosotros
GBA Sur,Cinépolis,Cinépolis Avellaneda,"Av. Mitre 2702, Avellaneda",La noche del demonio: Están entre nosotros,2D Doblada,21:50,,,,https://cartelera.ar/pelicula/la-noche-del-demonio-estan-entre-nosotros
GBA Sur,Cinépolis,Cinépolis Avellaneda,"Av. Mitre 2702, Avellaneda",La noche del demonio: Están entre nosotros,2D Doblada,23:30,,,,https://cartelera.ar/pelicula/la-noche-del-demonio-estan-entre-nosotros
GBA Sur,Cinépolis,Cinépolis Avellaneda,"Av. Mitre 2702, Avellaneda",Mi vecino Totoro,2D Doblada,14:45,,,,https://cartelera.ar/pelicula/mi-vecino-totoro
GBA Sur,Cinépolis,Cinépolis Avellaneda,"Av. Mitre 2702, Avellaneda",Moana,2D Doblada,13:15,,,,https://cartelera.ar/pelicula/moana
GBA Sur,Cinépolis,Cinépolis Avellaneda,"Av. Mitre 2702, Avellaneda",Ghost: 2 Big To Rig,2D Subtitulada,21:00,,,,
GBA Sur,Cinépolis,Cinépolis Avellaneda,"Av. Mitre 2702, Avellaneda",Yo Narciso,2D Doblada,12:50,,,,
GBA Sur,Cinépolis,Cinépolis Avellaneda,"Av. Mitre 2702, Avellaneda",Yo Narciso,2D Doblada,13:20,,,,
GBA Sur,Cinépolis,Cinépolis Avellaneda,"Av. Mitre 2702, Avellaneda",Yo Narciso,2D Doblada,15:10,,,,
GBA Sur,Cinépolis,Cinépolis Avellaneda,"Av. Mitre 2702, Avellaneda",Yo Narciso,2D Doblada,15:40,,,,
GBA Sur,Cinépolis,Cinépolis Avellaneda,"Av. Mitre 2702, Avellaneda",Yo Narciso,2D Doblada,17:30,,,,
GBA Sur,Cinépolis,Cinépolis Avellaneda,"Av. Mitre 2702, Avellaneda",Yo Narciso,2D Doblada,18:00,,,,
GBA Sur,Cinépolis,Cinépolis Avellaneda,"Av. Mitre 2702, Avellaneda",Yo Narciso,2D Doblada,19:50,,,,
GBA Sur,Cinépolis,Cinépolis Avellaneda,"Av. Mitre 2702, Avellaneda",Yo Narciso,2D Doblada,20:20,,,,
GBA Sur,Cinépolis,Cinépolis Avellaneda,"Av. Mitre 2702, Avellaneda",Yo Narciso,2D Doblada,22:10,,,,
GBA Sur,Cinépolis,Cinépolis Avellaneda,"Av. Mitre 2702, Avellaneda",Yo Narciso,2D Doblada,22:40,,,,
GBA Sur,Cinépolis,Cinépolis Avellaneda,"Av. Mitre 2702, Avellaneda",Tu Corazón Será Destrozado,2D Doblada,17:00,,,,
CABA,Multiplex,Multiplex Belgrano,"Vuelta de Obligado 2199, Belgrano",El Final de la Calle Oak,2D Subtitulada,16:40,,,,https://multiplex.com.ar/peliculas/el-final-de-la-calle-oak/
CABA,Multiplex,Multiplex Belgrano,"Vuelta de Obligado 2199, Belgrano",El Final de la Calle Oak,2D Subtitulada,22:50,,,,https://multiplex.com.ar/peliculas/el-final-de-la-calle-oak/
CABA,Multiplex,Multiplex Belgrano,"Vuelta de Obligado 2199, Belgrano",El Gran Falsificador,2D Subtitulada,15:55,,,,https://multiplex.com.ar/peliculas/el-gran-falsificador/
CABA,Multiplex,Multiplex Belgrano,"Vuelta de Obligado 2199, Belgrano",El Gran Falsificador,COMFORT PLUS 2D Subtitulada,22:35,,,,https://multiplex.com.ar/peliculas/el-gran-falsificador/
CABA,Multiplex,Multiplex Belgrano,"Vuelta de Obligado 2199, Belgrano",La invitación,COMFORT PLUS 2D Subtitulada,18:10,,,,https://multiplex.com.ar/peliculas/la-invitacion/
CABA,Multiplex,Multiplex Belgrano,"Vuelta de Obligado 2199, Belgrano",La invitación,COMFORT PLUS 2D Subtitulada,22:10,,,,https://multiplex.com.ar/peliculas/la-invitacion/
CABA,Multiplex,Multiplex Belgrano,"Vuelta de Obligado 2199, Belgrano",La Muerte De Robin Hood,COMFORT PLUS 2D Subtitulada,15:50,,,,https://multiplex.com.ar/peliculas/la-muerte-de-robin-hood/
CABA,Multiplex,Multiplex Belgrano,"Vuelta de Obligado 2199, Belgrano",La Muerte De Robin Hood,2D Subtitulada,20:30,,,,https://multiplex.com.ar/peliculas/la-muerte-de-robin-hood/
CABA,Multiplex,Multiplex Belgrano,"Vuelta de Obligado 2199, Belgrano",La noche del demonio: Están entre nosotros,2D Subtitulada,18:20,,,,https://multiplex.com.ar/peliculas/la-noche-del-demonio-estan-entre-nosotros/
CABA,Multiplex,Multiplex Belgrano,"Vuelta de Obligado 2199, Belgrano",La noche del demonio: Están entre nosotros,2D Subtitulada,22:30,,,,https://multiplex.com.ar/peliculas/la-noche-del-demonio-estan-entre-nosotros/
CABA,Multiplex,Multiplex Belgrano,"Vuelta de Obligado 2199, Belgrano",La Odisea,COMFORT PLUS 2D Subtitulada,14:15,,,,https://multiplex.com.ar/peliculas/la-odisea/
CABA,Multiplex,Multiplex Belgrano,"Vuelta de Obligado 2199, Belgrano",La Odisea,2D + COMFORT PLUS Subtitulada,16:05,,,,https://multiplex.com.ar/peliculas/la-odisea/
CABA,Multiplex,Multiplex Belgrano,"Vuelta de Obligado 2199, Belgrano",La Odisea,COMFORT PLUS 2D Subtitulada,17:30,,,,https://multiplex.com.ar/peliculas/la-odisea/
CABA,Multiplex,Multiplex Belgrano,"Vuelta de Obligado 2199, Belgrano",La Odisea,COMFORT PLUS 2D Subtitulada,19:25,,,,https://multiplex.com.ar/peliculas/la-odisea/
CABA,Multiplex,Multiplex Belgrano,"Vuelta de Obligado 2199, Belgrano",La Odisea,4D + 2D Subtitulada,21:30,,,,https://multiplex.com.ar/peliculas/la-odisea/
CABA,Multiplex,Multiplex Belgrano,"Vuelta de Obligado 2199, Belgrano",La Odisea,COMFORT PLUS 2D Subtitulada,22:00,,,,https://multiplex.com.ar/peliculas/la-odisea/
CABA,Multiplex,Multiplex Belgrano,"Vuelta de Obligado 2199, Belgrano",Los Colores Del Tiempo,COMFORT PLUS 2D Subtitulada,13:10,,,,https://multiplex.com.ar/peliculas/los-colores-del-tiempo/
CABA,Multiplex,Multiplex Belgrano,"Vuelta de Obligado 2199, Belgrano",Los Colores Del Tiempo,COMFORT PLUS 2D Subtitulada,15:35,,,,https://multiplex.com.ar/peliculas/los-colores-del-tiempo/
CABA,Multiplex,Multiplex Belgrano,"Vuelta de Obligado 2199, Belgrano",Los Colores Del Tiempo,COMFORT PLUS 2D Subtitulada,20:10,,,,https://multiplex.com.ar/peliculas/los-colores-del-tiempo/
CABA,Multiplex,Multiplex Belgrano,"Vuelta de Obligado 2199, Belgrano",Los domingos,2D Doblada,13:40,,,,https://multiplex.com.ar/peliculas/los-domingos/
CABA,Multiplex,Multiplex Belgrano,"Vuelta de Obligado 2199, Belgrano",Los domingos,COMFORT PLUS 2D Doblada,18:00,,,,https://multiplex.com.ar/peliculas/los-domingos/
CABA,Multiplex,Multiplex Belgrano,"Vuelta de Obligado 2199, Belgrano",Mi vecino Totoro,2D Subtitulada,20:25,,,,https://multiplex.com.ar/peliculas/mi-vecino-totoro/
CABA,Multiplex,Multiplex Belgrano,"Vuelta de Obligado 2199, Belgrano",Minions & monstruos,2D Doblada,13:00,,,,https://multiplex.com.ar/peliculas/minions-monstruos/
CABA,Multiplex,Multiplex Belgrano,"Vuelta de Obligado 2199, Belgrano",Minions & monstruos,2D Doblada,14:50,,,,https://multiplex.com.ar/peliculas/minions-monstruos/
CABA,Multiplex,Multiplex Belgrano,"Vuelta de Obligado 2199, Belgrano",Minions & monstruos,2D Doblada,18:40,,,,https://multiplex.com.ar/peliculas/minions-monstruos/
CABA,Multiplex,Multiplex Belgrano,"Vuelta de Obligado 2199, Belgrano",Obsesión,2D Subtitulada,22:40,,,,https://multiplex.com.ar/peliculas/obsesion/
CABA,Multiplex,Multiplex Belgrano,"Vuelta de Obligado 2199, Belgrano",PAW Patrol: La Dino Película,2D Doblada,13:00,,,,https://multiplex.com.ar/peliculas/paw-patrol-la-dino-pelicula/
CABA,Multiplex,Multiplex Belgrano,"Vuelta de Obligado 2199, Belgrano",PAW Patrol: La Dino Película,COMFORT PLUS 2D Doblada,14:05,,,,https://multiplex.com.ar/peliculas/paw-patrol-la-dino-pelicula/
CABA,Multiplex,Multiplex Belgrano,"Vuelta de Obligado 2199, Belgrano",PAW Patrol: La Dino Película,2D Doblada,16:45,,,,https://multiplex.com.ar/peliculas/paw-patrol-la-dino-pelicula/
CABA,Multiplex,Multiplex Belgrano,"Vuelta de Obligado 2199, Belgrano",Spider-Man: Un nuevo día,4D + 3D Doblada,13:00,,,,https://multiplex.com.ar/peliculas/spider-man-un-dia-nuevo/
CABA,Multiplex,Multiplex Belgrano,"Vuelta de Obligado 2199, Belgrano",Spider-Man: Un nuevo día,2D + COMFORT PLUS Subtitulada,13:15,,,,https://multiplex.com.ar/peliculas/spider-man-un-dia-nuevo/
CABA,Multiplex,Multiplex Belgrano,"Vuelta de Obligado 2199, Belgrano",Spider-Man: Un nuevo día,COMFORT PLUS 2D Doblada,14:50,,,,https://multiplex.com.ar/peliculas/spider-man-un-dia-nuevo/
CABA,Multiplex,Multiplex Belgrano,"Vuelta de Obligado 2199, Belgrano",Spider-Man: Un nuevo día,4D + 3D Subtitulada,15:50,,,,https://multiplex.com.ar/peliculas/spider-man-un-dia-nuevo/
CABA,Multiplex,Multiplex Belgrano,"Vuelta de Obligado 2199, Belgrano",Spider-Man: Un nuevo día,COMFORT PLUS 2D Subtitulada,16:45,,,,https://multiplex.com.ar/peliculas/spider-man-un-dia-nuevo/
CABA,Multiplex,Multiplex Belgrano,"Vuelta de Obligado 2199, Belgrano",Spider-Man: Un nuevo día,4D + 3D Doblada,18:40,,,,https://multiplex.com.ar/peliculas/spider-man-un-dia-nuevo/
CABA,Multiplex,Multiplex Belgrano,"Vuelta de Obligado 2199, Belgrano",Spider-Man: Un nuevo día,COMFORT PLUS 2D Subtitulada,19:20,,,,https://multiplex.com.ar/peliculas/spider-man-un-dia-nuevo/
CABA,Multiplex,Multiplex Belgrano,"Vuelta de Obligado 2199, Belgrano",Spider-Man: Un nuevo día,COMFORT PLUS 2D Subtitulada,22:40,,,,https://multiplex.com.ar/peliculas/spider-man-un-dia-nuevo/
CABA,Multiplex,Multiplex Belgrano,"Vuelta de Obligado 2199, Belgrano",Toy Story 5,COMFORT PLUS 2D Doblada,12:50,,,,https://multiplex.com.ar/peliculas/toy-story-5/
CABA,Multiplex,Multiplex Belgrano,"Vuelta de Obligado 2199, Belgrano",Toy Story 5,2D Doblada,14:45,,,,https://multiplex.com.ar/peliculas/toy-story-5/
CABA,Multiplex,Multiplex Belgrano,"Vuelta de Obligado 2199, Belgrano",Toy Story 5,2D Doblada,18:35,,,,https://multiplex.com.ar/peliculas/toy-story-5/
CABA,Multiplex,Multiplex Belgrano,"Vuelta de Obligado 2199, Belgrano",Toy Story 5,2D Doblada,20:35,,,,https://multiplex.com.ar/peliculas/toy-story-5/
CABA,Multiplex,Multiplex Belgrano,"Vuelta de Obligado 2199, Belgrano",Yo Narciso,COMFORT PLUS 2D Doblada,13:00,,,,https://multiplex.com.ar/peliculas/yo-narciso/
CABA,Multiplex,Multiplex Belgrano,"Vuelta de Obligado 2199, Belgrano",Yo Narciso,COMFORT PLUS 2D Doblada,14:55,,,,https://multiplex.com.ar/peliculas/yo-narciso/
CABA,Multiplex,Multiplex Belgrano,"Vuelta de Obligado 2199, Belgrano",Yo Narciso,COMFORT PLUS 2D Doblada,17:30,,,,https://multiplex.com.ar/peliculas/yo-narciso/
CABA,Multiplex,Multiplex Belgrano,"Vuelta de Obligado 2199, Belgrano",Yo Narciso,2D + COMFORT PLUS Doblada,19:30,,,,https://multiplex.com.ar/peliculas/yo-narciso/
CABA,Multiplex,Multiplex Belgrano,"Vuelta de Obligado 2199, Belgrano",Yo Narciso,COMFORT PLUS 2D Doblada,20:15,,,,https://multiplex.com.ar/peliculas/yo-narciso/
CABA,Multiplex,Multiplex Belgrano,"Vuelta de Obligado 2199, Belgrano",Yo Narciso,COMFORT PLUS 2D Doblada,20:45,,,,https://multiplex.com.ar/peliculas/yo-narciso/
CABA,Multiplex,Multiplex Belgrano,"Vuelta de Obligado 2199, Belgrano",Yo Narciso,2D + COMFORT PLUS Doblada,21:30,,,,https://multiplex.com.ar/peliculas/yo-narciso/
CABA,Multiplex,Multiplex Belgrano,"Vuelta de Obligado 2199, Belgrano",Yo Narciso,COMFORT PLUS 2D Doblada,22:40,,,,https://multiplex.com.ar/peliculas/yo-narciso/
CABA,Cinépolis,Cinépolis Houssay,"Av. Corrientes 917, Buenos Aires",La Odisea,2D Subtitulada,18:15,,,,https://cartelera.ar/pelicula/la-odisea
CABA,Cinépolis,Cinépolis Houssay,"Av. Corrientes 917, Buenos Aires",La Odisea,2D Subtitulada,21:45,,,,https://cartelera.ar/pelicula/la-odisea
CABA,Cinépolis,Cinépolis Houssay,"Av. Corrientes 917, Buenos Aires",Spider-Man: Un nuevo día,2D Doblada,13:00,,,,https://cartelera.ar/pelicula/spider-man-un-nuevo-dia
CABA,Cinépolis,Cinépolis Houssay,"Av. Corrientes 917, Buenos Aires",Spider-Man: Un nuevo día,2D Doblada,16:00,,,,https://cartelera.ar/pelicula/spider-man-un-nuevo-dia
CABA,Cinépolis,Cinépolis Houssay,"Av. Corrientes 917, Buenos Aires",Spider-Man: Un nuevo día,3D Doblada,16:30,,,,https://cartelera.ar/pelicula/spider-man-un-nuevo-dia
CABA,Cinépolis,Cinépolis Houssay,"Av. Corrientes 917, Buenos Aires",Spider-Man: Un nuevo día,2D Subtitulada,19:00,,,,https://cartelera.ar/pelicula/spider-man-un-nuevo-dia
CABA,Cinépolis,Cinépolis Houssay,"Av. Corrientes 917, Buenos Aires",Spider-Man: Un nuevo día,3D Doblada,19:30,,,,https://cartelera.ar/pelicula/spider-man-un-nuevo-dia
CABA,Cinépolis,Cinépolis Houssay,"Av. Corrientes 917, Buenos Aires",Spider-Man: Un nuevo día,3D Doblada,22:00,,,,https://cartelera.ar/pelicula/spider-man-un-nuevo-dia
CABA,Cinépolis,Cinépolis Houssay,"Av. Corrientes 917, Buenos Aires",Toy Story 5,2D Doblada,14:15,,,,https://cartelera.ar/pelicula/toy-story-5
CABA,Cinépolis,Cinépolis Houssay,"Av. Corrientes 917, Buenos Aires",PAW Patrol: La Dino Película,2D Doblada,13:15,,,,https://cartelera.ar/pelicula/paw-patrol-la-dino-pelicula
CABA,Cinépolis,Cinépolis Houssay,"Av. Corrientes 917, Buenos Aires",PAW Patrol: La Dino Película,2D Doblada,14:00,,,,https://cartelera.ar/pelicula/paw-patrol-la-dino-pelicula
CABA,Cinépolis,Cinépolis Houssay,"Av. Corrientes 917, Buenos Aires",La noche del demonio: Están entre nosotros,2D Doblada,15:45,,,,https://cartelera.ar/pelicula/la-noche-del-demonio-estan-entre-nosotros
CABA,Cinépolis,Cinépolis Houssay,"Av. Corrientes 917, Buenos Aires",La noche del demonio: Están entre nosotros,2D Subtitulada,23:00,,,,https://cartelera.ar/pelicula/la-noche-del-demonio-estan-entre-nosotros
CABA,Cinépolis,Cinépolis Houssay,"Av. Corrientes 917, Buenos Aires",Yo Narciso,2D Doblada,16:15,,,,
CABA,Cinépolis,Cinépolis Houssay,"Av. Corrientes 917, Buenos Aires",Yo Narciso,2D Doblada,18:30,,,,
CABA,Cinépolis,Cinépolis Houssay,"Av. Corrientes 917, Buenos Aires",Yo Narciso,2D Doblada,20:45,,,,
CABA,Cinépolis,Cinépolis Houssay,"Av. Corrientes 917, Buenos Aires",Yo Narciso,2D Doblada,22:30,,,,
GBA Oeste,Cinépolis,Cinépolis Luján,"Av. Constitución 1000, Luján",La Odisea,2D Doblada,19:20,,,,https://cartelera.ar/pelicula/la-odisea
GBA Oeste,Cinépolis,Cinépolis Luján,"Av. Constitución 1000, Luján",Spider-Man: Un nuevo día,2D Doblada,13:00,,,,https://cartelera.ar/pelicula/spider-man-un-nuevo-dia
GBA Oeste,Cinépolis,Cinépolis Luján,"Av. Constitución 1000, Luján",Spider-Man: Un nuevo día,3D Doblada,15:30,,,,https://cartelera.ar/pelicula/spider-man-un-nuevo-dia
GBA Oeste,Cinépolis,Cinépolis Luján,"Av. Constitución 1000, Luján",Spider-Man: Un nuevo día,2D Doblada,16:10,,,,https://cartelera.ar/pelicula/spider-man-un-nuevo-dia
GBA Oeste,Cinépolis,Cinépolis Luján,"Av. Constitución 1000, Luján",Spider-Man: Un nuevo día,2D Doblada,18:40,,,,https://cartelera.ar/pelicula/spider-man-un-nuevo-dia
GBA Oeste,Cinépolis,Cinépolis Luján,"Av. Constitución 1000, Luján",Spider-Man: Un nuevo día,2D Doblada,19:50,,,,https://cartelera.ar/pelicula/spider-man-un-nuevo-dia
GBA Oeste,Cinépolis,Cinépolis Luján,"Av. Constitución 1000, Luján",Spider-Man: Un nuevo día,2D Doblada,21:50,,,,https://cartelera.ar/pelicula/spider-man-un-nuevo-dia
GBA Oeste,Cinépolis,Cinépolis Luján,"Av. Constitución 1000, Luján",Spider-Man: Un nuevo día,2D Subtitulada,22:50,,,,https://cartelera.ar/pelicula/spider-man-un-nuevo-dia
GBA Oeste,Cinépolis,Cinépolis Luján,"Av. Constitución 1000, Luján",Toy Story 5,2D Doblada,13:40,,,,https://cartelera.ar/pelicula/toy-story-5
GBA Oeste,Cinépolis,Cinépolis Luján,"Av. Constitución 1000, Luján",Toy Story 5,2D Doblada,16:00,,,,https://cartelera.ar/pelicula/toy-story-5
GBA Oeste,Cinépolis,Cinépolis Luján,"Av. Constitución 1000, Luján",Minions & monstruos,2D Doblada,13:10,,,,https://cartelera.ar/pelicula/minions-monstruos
GBA Oeste,Cinépolis,Cinépolis Luján,"Av. Constitución 1000, Luján",Minions & monstruos,2D Doblada,15:20,,,,https://cartelera.ar/pelicula/minions-monstruos
GBA Oeste,Cinépolis,Cinépolis Luján,"Av. Constitución 1000, Luján",El Final de la Calle Oak,2D Doblada,13:10,,,,https://cartelera.ar/pelicula/el-final-de-la-calle-oak
GBA Oeste,Cinépolis,Cinépolis Luján,"Av. Constitución 1000, Luján",El Final de la Calle Oak,2D Doblada,20:10,,,,https://cartelera.ar/pelicula/el-final-de-la-calle-oak
GBA Oeste,Cinépolis,Cinépolis Luján,"Av. Constitución 1000, Luján",PAW Patrol: La Dino Película,2D Doblada,13:20,,,,https://cartelera.ar/pelicula/paw-patrol-la-dino-pelicula
GBA Oeste,Cinépolis,Cinépolis Luján,"Av. Constitución 1000, Luján",PAW Patrol: La Dino Película,2D Doblada,15:30,,,,https://cartelera.ar/pelicula/paw-patrol-la-dino-pelicula
GBA Oeste,Cinépolis,Cinépolis Luján,"Av. Constitución 1000, Luján",PAW Patrol: La Dino Película,2D Doblada,17:40,,,,https://cartelera.ar/pelicula/paw-patrol-la-dino-pelicula
GBA Oeste,Cinépolis,Cinépolis Luján,"Av. Constitución 1000, Luján",La Muerte De Robin Hood,2D Doblada,17:30,,,,https://cartelera.ar/pelicula/la-muerte-de-robin-hood
GBA Oeste,Cinépolis,Cinépolis Luján,"Av. Constitución 1000, Luján",La Muerte De Robin Hood,2D Doblada,22:30,,,,https://cartelera.ar/pelicula/la-muerte-de-robin-hood
GBA Oeste,Cinépolis,Cinépolis Luján,"Av. Constitución 1000, Luján",La noche del demonio: Están entre nosotros,2D Doblada,18:20,,,,https://cartelera.ar/pelicula/la-noche-del-demonio-estan-entre-nosotros
GBA Oeste,Cinépolis,Cinépolis Luján,"Av. Constitución 1000, Luján",La noche del demonio: Están entre nosotros,2D Doblada,20:40,,,,https://cartelera.ar/pelicula/la-noche-del-demonio-estan-entre-nosotros
GBA Oeste,Cinépolis,Cinépolis Luján,"Av. Constitución 1000, Luján",La noche del demonio: Están entre nosotros,2D Doblada,23:10,,,,https://cartelera.ar/pelicula/la-noche-del-demonio-estan-entre-nosotros
GBA Oeste,Cinépolis,Cinépolis Luján,"Av. Constitución 1000, Luján",Yo Narciso,2D Doblada,13:00,,,,
GBA Oeste,Cinépolis,Cinépolis Luján,"Av. Constitución 1000, Luján",Yo Narciso,2D Doblada,15:10,,,,
GBA Oeste,Cinépolis,Cinépolis Luján,"Av. Constitución 1000, Luján",Yo Narciso,2D Doblada,17:20,,,,
GBA Oeste,Cinépolis,Cinépolis Luján,"Av. Constitución 1000, Luján",Yo Narciso,2D Doblada,19:40,,,,
GBA Oeste,Cinépolis,Cinépolis Luján,"Av. Constitución 1000, Luján",Yo Narciso,2D Doblada,22:00,,,,
GBA Oeste,Cinépolis,Cinépolis Luján,"Av. Constitución 1000, Luján",Yo Narciso,2D Doblada,22:50,,,,
GBA Norte,Cinemark Hoyts,Cinemark Soleil,"Av. Brig. Juan M. de Rosas 658, Soleil Premium",El Final de la Calle Oak,2D Doblada,17:20,,,,https://www.cinemark.com.ar/peliculas/el-final-de-la-calle-oak
GBA Norte,Cinemark Hoyts,Cinemark Soleil,"Av. Brig. Juan M. de Rosas 658, Soleil Premium",Insidious: Fuera del más allá,2D Doblada,13:10,,,,https://www.cinemark.com.ar/peliculas/la-noche-del-demonio-estan-entre-nosotros
GBA Norte,Cinemark Hoyts,Cinemark Soleil,"Av. Brig. Juan M. de Rosas 658, Soleil Premium",Insidious: Fuera del más allá,2D Doblada,15:40,,,,https://www.cinemark.com.ar/peliculas/la-noche-del-demonio-estan-entre-nosotros
GBA Norte,Cinemark Hoyts,Cinemark Soleil,"Av. Brig. Juan M. de Rosas 658, Soleil Premium",Insidious: Fuera del más allá,2D Doblada,17:50,,,,https://www.cinemark.com.ar/peliculas/la-noche-del-demonio-estan-entre-nosotros
GBA Norte,Cinemark Hoyts,Cinemark Soleil,"Av. Brig. Juan M. de Rosas 658, Soleil Premium",Insidious: Fuera del más allá,2D Doblada,20:30,,,,https://www.cinemark.com.ar/peliculas/la-noche-del-demonio-estan-entre-nosotros
GBA Norte,Cinemark Hoyts,Cinemark Soleil,"Av. Brig. Juan M. de Rosas 658, Soleil Premium",Insidious: Fuera del más allá,2D Doblada,23:00,,,,https://www.cinemark.com.ar/peliculas/la-noche-del-demonio-estan-entre-nosotros
GBA Norte,Cinemark Hoyts,Cinemark Soleil,"Av. Brig. Juan M. de Rosas 658, Soleil Premium",La Odisea,2D Doblada,18:20,,,,https://www.cinemark.com.ar/peliculas/la-odisea
GBA Norte,Cinemark Hoyts,Cinemark Soleil,"Av. Brig. Juan M. de Rosas 658, Soleil Premium",La Odisea,2D Doblada,22:00,,,,https://www.cinemark.com.ar/peliculas/la-odisea
GBA Norte,Cinemark Hoyts,Cinemark Soleil,"Av. Brig. Juan M. de Rosas 658, Soleil Premium",PAW Patrol: La Dino Película,2D Doblada,13:50,,,,https://www.cinemark.com.ar/peliculas/paw-patrol-la-dino-pelicula
GBA Norte,Cinemark Hoyts,Cinemark Soleil,"Av. Brig. Juan M. de Rosas 658, Soleil Premium",PAW Patrol: La Dino Película,2D Doblada,16:00,,,,https://www.cinemark.com.ar/peliculas/paw-patrol-la-dino-pelicula
GBA Norte,Cinemark Hoyts,Cinemark Soleil,"Av. Brig. Juan M. de Rosas 658, Soleil Premium",Spider-Man: Un nuevo día,2D Doblada,13:00,,,,https://www.cinemark.com.ar/peliculas/spider-man-un-nuevo-dia
GBA Norte,Cinemark Hoyts,Cinemark Soleil,"Av. Brig. Juan M. de Rosas 658, Soleil Premium",Spider-Man: Un nuevo día,2D Doblada,14:00,,,,https://www.cinemark.com.ar/peliculas/spider-man-un-nuevo-dia
GBA Norte,Cinemark Hoyts,Cinemark Soleil,"Av. Brig. Juan M. de Rosas 658, Soleil Premium",Spider-Man: Un nuevo día,3D Doblada,15:00,,,,https://www.cinemark.com.ar/peliculas/spider-man-un-nuevo-dia
GBA Norte,Cinemark Hoyts,Cinemark Soleil,"Av. Brig. Juan M. de Rosas 658, Soleil Premium",Spider-Man: Un nuevo día,2D Doblada,16:10,,,,https://www.cinemark.com.ar/peliculas/spider-man-un-nuevo-dia
GBA Norte,Cinemark Hoyts,Cinemark Soleil,"Av. Brig. Juan M. de Rosas 658, Soleil Premium",Spider-Man: Un nuevo día,2D Doblada,18:10,,,,https://www.cinemark.com.ar/peliculas/spider-man-un-nuevo-dia
GBA Norte,Cinemark Hoyts,Cinemark Soleil,"Av. Brig. Juan M. de Rosas 658, Soleil Premium",Spider-Man: Un nuevo día,2D Doblada,19:20,,,,https://www.cinemark.com.ar/peliculas/spider-man-un-nuevo-dia
GBA Norte,Cinemark Hoyts,Cinemark Soleil,"Av. Brig. Juan M. de Rosas 658, Soleil Premium",Spider-Man: Un nuevo día,2D Doblada,19:50,,,,https://www.cinemark.com.ar/peliculas/spider-man-un-nuevo-dia
GBA Norte,Cinemark Hoyts,Cinemark Soleil,"Av. Brig. Juan M. de Rosas 658, Soleil Premium",Spider-Man: Un nuevo día,3D Doblada,21:30,,,,https://www.cinemark.com.ar/peliculas/spider-man-un-nuevo-dia
GBA Norte,Cinemark Hoyts,Cinemark Soleil,"Av. Brig. Juan M. de Rosas 658, Soleil Premium",Spider-Man: Un nuevo día,2D Doblada,22:30,,,,https://www.cinemark.com.ar/peliculas/spider-man-un-nuevo-dia
GBA Norte,Cinemark Hoyts,Cinemark Soleil,"Av. Brig. Juan M. de Rosas 658, Soleil Premium",Spider-Man: Un nuevo día,2D Doblada,22:50,,,,https://www.cinemark.com.ar/peliculas/spider-man-un-nuevo-dia
GBA Norte,Cinemark Hoyts,Cinemark Soleil,"Av. Brig. Juan M. de Rosas 658, Soleil Premium",Yo Narciso,2D Doblada,13:30,,,,https://www.cinemark.com.ar/peliculas/yo-narciso
GBA Norte,Cinemark Hoyts,Cinemark Soleil,"Av. Brig. Juan M. de Rosas 658, Soleil Premium",Yo Narciso,2D Doblada,15:50,,,,https://www.cinemark.com.ar/peliculas/yo-narciso
GBA Norte,Cinemark Hoyts,Cinemark Soleil,"Av. Brig. Juan M. de Rosas 658, Soleil Premium",Yo Narciso,2D Doblada,18:05,,,,https://www.cinemark.com.ar/peliculas/yo-narciso
GBA Norte,Cinemark Hoyts,Cinemark Soleil,"Av. Brig. Juan M. de Rosas 658, Soleil Premium",Yo Narciso,2D Doblada,20:20,,,,https://www.cinemark.com.ar/peliculas/yo-narciso
GBA Norte,Cinemark Hoyts,Cinemark Soleil,"Av. Brig. Juan M. de Rosas 658, Soleil Premium",Yo Narciso,2D Doblada,22:40,,,,https://www.cinemark.com.ar/peliculas/yo-narciso
CABA,Cinemark Hoyts,Cinemark Puerto Madero,Av. Alicia Moreau de Justo 1920,El Final de la Calle Oak,2D Doblada,16:20,,,,https://www.cinemark.com.ar/peliculas/el-final-de-la-calle-oak
CABA,Cinemark Hoyts,Cinemark Puerto Madero,Av. Alicia Moreau de Justo 1920,Insidious: Fuera del más allá,2D Doblada,13:00,,,,https://www.cinemark.com.ar/peliculas/la-noche-del-demonio-estan-entre-nosotros
CABA,Cinemark Hoyts,Cinemark Puerto Madero,Av. Alicia Moreau de Justo 1920,Insidious: Fuera del más allá,2D Doblada,15:30,,,,https://www.cinemark.com.ar/peliculas/la-noche-del-demonio-estan-entre-nosotros
CABA,Cinemark Hoyts,Cinemark Puerto Madero,Av. Alicia Moreau de Justo 1920,Insidious: Fuera del más allá,2D Doblada,18:00,,,,https://www.cinemark.com.ar/peliculas/la-noche-del-demonio-estan-entre-nosotros
CABA,Cinemark Hoyts,Cinemark Puerto Madero,Av. Alicia Moreau de Justo 1920,Insidious: Fuera del más allá,2D Doblada,20:20,,,,https://www.cinemark.com.ar/peliculas/la-noche-del-demonio-estan-entre-nosotros
CABA,Cinemark Hoyts,Cinemark Puerto Madero,Av. Alicia Moreau de Justo 1920,Insidious: Fuera del más allá,2D Doblada,22:10,,,,https://www.cinemark.com.ar/peliculas/la-noche-del-demonio-estan-entre-nosotros
CABA,Cinemark Hoyts,Cinemark Puerto Madero,Av. Alicia Moreau de Justo 1920,Insidious: Fuera del más allá,2D Doblada,22:50,,,,https://www.cinemark.com.ar/peliculas/la-noche-del-demonio-estan-entre-nosotros
CABA,Cinemark Hoyts,Cinemark Puerto Madero,Av. Alicia Moreau de Justo 1920,La Odisea,2D Subtitulada,14:10,,,,https://www.cinemark.com.ar/peliculas/la-odisea
CABA,Cinemark Hoyts,Cinemark Puerto Madero,Av. Alicia Moreau de Justo 1920,La Odisea,2D Subtitulada,18:10,,,,https://www.cinemark.com.ar/peliculas/la-odisea
CABA,Cinemark Hoyts,Cinemark Puerto Madero,Av. Alicia Moreau de Justo 1920,La Odisea,2D Subtitulada,19:00,,,,https://www.cinemark.com.ar/peliculas/la-odisea
CABA,Cinemark Hoyts,Cinemark Puerto Madero,Av. Alicia Moreau de Justo 1920,La Odisea,2D Subtitulada,21:50,,,,https://www.cinemark.com.ar/peliculas/la-odisea
CABA,Cinemark Hoyts,Cinemark Puerto Madero,Av. Alicia Moreau de Justo 1920,La Odisea,2D Doblada,22:30,,,,https://www.cinemark.com.ar/peliculas/la-odisea
CABA,Cinemark Hoyts,Cinemark Puerto Madero,Av. Alicia Moreau de Justo 1920,Mi vecino Totoro,2D Doblada,18:00,,,,https://www.cinemark.com.ar/peliculas/mi-vecino-totoro-reestreno
CABA,Cinemark Hoyts,Cinemark Puerto Madero,Av. Alicia Moreau de Justo 1920,PAW Patrol: La Dino Película,2D Doblada,13:30,,,,https://www.cinemark.com.ar/peliculas/paw-patrol-la-dino-pelicula
CABA,Cinemark Hoyts,Cinemark Puerto Madero,Av. Alicia Moreau de Justo 1920,PAW Patrol: La Dino Película,2D Doblada,15:45,,,,https://www.cinemark.com.ar/peliculas/paw-patrol-la-dino-pelicula
CABA,Cinemark Hoyts,Cinemark Puerto Madero,Av. Alicia Moreau de Justo 1920,Spider-Man: Un nuevo día,2D Doblada,13:00,,,,https://www.cinemark.com.ar/peliculas/spider-man-un-nuevo-dia
CABA,Cinemark Hoyts,Cinemark Puerto Madero,Av. Alicia Moreau de Justo 1920,Spider-Man: Un nuevo día,2D Doblada,13:30,,,,https://www.cinemark.com.ar/peliculas/spider-man-un-nuevo-dia
CABA,Cinemark Hoyts,Cinemark Puerto Madero,Av. Alicia Moreau de Justo 1920,Spider-Man: Un nuevo día,3D Doblada,14:30,,,,https://www.cinemark.com.ar/peliculas/spider-man-un-nuevo-dia
CABA,Cinemark Hoyts,Cinemark Puerto Madero,Av. Alicia Moreau de Justo 1920,Spider-Man: Un nuevo día,2D Doblada,16:10,,,,https://www.cinemark.com.ar/peliculas/spider-man-un-nuevo-dia
CABA,Cinemark Hoyts,Cinemark Puerto Madero,Av. Alicia Moreau de Justo 1920,Spider-Man: Un nuevo día,2D Doblada,16:40,,,,https://www.cinemark.com.ar/peliculas/spider-man-un-nuevo-dia
CABA,Cinemark Hoyts,Cinemark Puerto Madero,Av. Alicia Moreau de Justo 1920,Spider-Man: Un nuevo día,3D Doblada,18:20,,,,https://www.cinemark.com.ar/peliculas/spider-man-un-nuevo-dia
CABA,Cinemark Hoyts,Cinemark Puerto Madero,Av. Alicia Moreau de Justo 1920,Spider-Man: Un nuevo día,2D Doblada,19:20,,,,https://www.cinemark.com.ar/peliculas/spider-man-un-nuevo-dia
CABA,Cinemark Hoyts,Cinemark Puerto Madero,Av. Alicia Moreau de Justo 1920,Spider-Man: Un nuevo día,2D Subtitulada,19:50,,,,https://www.cinemark.com.ar/peliculas/spider-man-un-nuevo-dia
CABA,Cinemark Hoyts,Cinemark Puerto Madero,Av. Alicia Moreau de Justo 1920,Spider-Man: Un nuevo día,2D Subtitulada,22:30,,,,https://www.cinemark.com.ar/peliculas/spider-man-un-nuevo-dia
CABA,Cinemark Hoyts,Cinemark Puerto Madero,Av. Alicia Moreau de Justo 1920,Spider-Man: Un nuevo día,2D Doblada,23:00,,,,https://www.cinemark.com.ar/peliculas/spider-man-un-nuevo-dia
CABA,Cinemark Hoyts,Cinemark Puerto Madero,Av. Alicia Moreau de Justo 1920,Yo Narciso,2D Doblada,13:00,,,,https://www.cinemark.com.ar/peliculas/yo-narciso
CABA,Cinemark Hoyts,Cinemark Puerto Madero,Av. Alicia Moreau de Justo 1920,Yo Narciso,2D Doblada,14:00,,,,https://www.cinemark.com.ar/peliculas/yo-narciso
CABA,Cinemark Hoyts,Cinemark Puerto Madero,Av. Alicia Moreau de Justo 1920,Yo Narciso,2D Doblada,15:15,,,,https://www.cinemark.com.ar/peliculas/yo-narciso
CABA,Cinemark Hoyts,Cinemark Puerto Madero,Av. Alicia Moreau de Justo 1920,Yo Narciso,2D Doblada,17:30,,,,https://www.cinemark.com.ar/peliculas/yo-narciso
CABA,Cinemark Hoyts,Cinemark Puerto Madero,Av. Alicia Moreau de Justo 1920,Yo Narciso,2D Doblada,19:45,,,,https://www.cinemark.com.ar/peliculas/yo-narciso
CABA,Cinemark Hoyts,Cinemark Puerto Madero,Av. Alicia Moreau de Justo 1920,Yo Narciso,2D Doblada,20:15,,,,https://www.cinemark.com.ar/peliculas/yo-narciso
CABA,Cinemark Hoyts,Cinemark Puerto Madero,Av. Alicia Moreau de Justo 1920,Yo Narciso,2D Doblada,22:00,,,,https://www.cinemark.com.ar/peliculas/yo-narciso
CABA,Cinemark Hoyts,Cinemark Puerto Madero,Av. Alicia Moreau de Justo 1920,Yo Narciso,2D Doblada,22:40,,,,https://www.cinemark.com.ar/peliculas/yo-narciso
CABA,Multiplex,Multiplex Lavalle,"Lavalle 780, CABA",El Final de la Calle Oak,2D Doblada,13:30,,,,https://multiplex.com.ar/peliculas/el-final-de-la-calle-oak/
CABA,Multiplex,Multiplex Lavalle,"Lavalle 780, CABA",El Final de la Calle Oak,2D Doblada,14:40,,,,https://multiplex.com.ar/peliculas/el-final-de-la-calle-oak/
CABA,Multiplex,Multiplex Lavalle,"Lavalle 780, CABA",El Final de la Calle Oak,2D Doblada,18:15,,,,https://multiplex.com.ar/peliculas/el-final-de-la-calle-oak/
CABA,Multiplex,Multiplex Lavalle,"Lavalle 780, CABA",La noche del demonio: Están entre nosotros,2D Doblada,13:15,,,,https://multiplex.com.ar/peliculas/la-noche-del-demonio-estan-entre-nosotros/
CABA,Multiplex,Multiplex Lavalle,"Lavalle 780, CABA",La noche del demonio: Están entre nosotros,2D Doblada,16:30,,,,https://multiplex.com.ar/peliculas/la-noche-del-demonio-estan-entre-nosotros/
CABA,Multiplex,Multiplex Lavalle,"Lavalle 780, CABA",La noche del demonio: Están entre nosotros,2D Doblada,18:30,,,,https://multiplex.com.ar/peliculas/la-noche-del-demonio-estan-entre-nosotros/
CABA,Multiplex,Multiplex Lavalle,"Lavalle 780, CABA",La noche del demonio: Están entre nosotros,2D Doblada,20:10,,,,https://multiplex.com.ar/peliculas/la-noche-del-demonio-estan-entre-nosotros/
CABA,Multiplex,Multiplex Lavalle,"Lavalle 780, CABA",La noche del demonio: Están entre nosotros,XTREMO 2D Doblada,22:45,,,,https://multiplex.com.ar/peliculas/la-noche-del-demonio-estan-entre-nosotros/
CABA,Multiplex,Multiplex Lavalle,"Lavalle 780, CABA",La noche del demonio: Están entre nosotros,2D Doblada,23:30,,,,https://multiplex.com.ar/peliculas/la-noche-del-demonio-estan-entre-nosotros/
CABA,Multiplex,Multiplex Lavalle,"Lavalle 780, CABA",La Odisea,2D Doblada,19:30,,,,https://multiplex.com.ar/peliculas/la-odisea/
CABA,Multiplex,Multiplex Lavalle,"Lavalle 780, CABA",La Odisea,2D Doblada,22:10,,,,https://multiplex.com.ar/peliculas/la-odisea/
CABA,Multiplex,Multiplex Lavalle,"Lavalle 780, CABA",Minions & monstruos,2D Doblada,13:00,,,,https://multiplex.com.ar/peliculas/minions-monstruos/
CABA,Multiplex,Multiplex Lavalle,"Lavalle 780, CABA",Minions & monstruos,2D Doblada,14:45,,,,https://multiplex.com.ar/peliculas/minions-monstruos/
CABA,Multiplex,Multiplex Lavalle,"Lavalle 780, CABA",Obsesión,2D Doblada,23:10,,,,https://multiplex.com.ar/peliculas/obsesion/
CABA,Multiplex,Multiplex Lavalle,"Lavalle 780, CABA",PAW Patrol: La Dino Película,2D Doblada,13:00,,,,https://multiplex.com.ar/peliculas/paw-patrol-la-dino-pelicula/
CABA,Multiplex,Multiplex Lavalle,"Lavalle 780, CABA",PAW Patrol: La Dino Película,2D Doblada,16:30,,,,https://multiplex.com.ar/peliculas/paw-patrol-la-dino-pelicula/
CABA,Multiplex,Multiplex Lavalle,"Lavalle 780, CABA",Spider-Man: Un nuevo día,3D Doblada,13:00,,,,https://multiplex.com.ar/peliculas/spider-man-un-dia-nuevo/
CABA,Multiplex,Multiplex Lavalle,"Lavalle 780, CABA",Spider-Man: Un nuevo día,4D (3D) Doblada,13:45,,,,https://multiplex.com.ar/peliculas/spider-man-un-dia-nuevo/
CABA,Multiplex,Multiplex Lavalle,"Lavalle 780, CABA",Spider-Man: Un nuevo día,XTREMO 2D Doblada,14:15,,,,https://multiplex.com.ar/peliculas/spider-man-un-dia-nuevo/
CABA,Multiplex,Multiplex Lavalle,"Lavalle 780, CABA",Spider-Man: Un nuevo día,3D Doblada,15:30,,,,https://multiplex.com.ar/peliculas/spider-man-un-dia-nuevo/
CABA,Multiplex,Multiplex Lavalle,"Lavalle 780, CABA",Spider-Man: Un nuevo día,4D (3D) Doblada,16:30,,,,https://multiplex.com.ar/peliculas/spider-man-un-dia-nuevo/
CABA,Multiplex,Multiplex Lavalle,"Lavalle 780, CABA",Spider-Man: Un nuevo día,XTREMO 2D Doblada,17:00,,,,https://multiplex.com.ar/peliculas/spider-man-un-dia-nuevo/
CABA,Multiplex,Multiplex Lavalle,"Lavalle 780, CABA",Spider-Man: Un nuevo día,3D Doblada,18:10,,,,https://multiplex.com.ar/peliculas/spider-man-un-dia-nuevo/
CABA,Multiplex,Multiplex Lavalle,"Lavalle 780, CABA",Spider-Man: Un nuevo día,4D (3D) Doblada,19:15,,,,https://multiplex.com.ar/peliculas/spider-man-un-dia-nuevo/
CABA,Multiplex,Multiplex Lavalle,"Lavalle 780, CABA",Spider-Man: Un nuevo día,XTREMO 2D Doblada,19:45,,,,https://multiplex.com.ar/peliculas/spider-man-un-dia-nuevo/
CABA,Multiplex,Multiplex Lavalle,"Lavalle 780, CABA",Spider-Man: Un nuevo día,2D Doblada,20:30,,,,https://multiplex.com.ar/peliculas/spider-man-un-dia-nuevo/
CABA,Multiplex,Multiplex Lavalle,"Lavalle 780, CABA",Spider-Man: Un nuevo día,3D Doblada,20:50,,,,https://multiplex.com.ar/peliculas/spider-man-un-dia-nuevo/
CABA,Multiplex,Multiplex Lavalle,"Lavalle 780, CABA",Spider-Man: Un nuevo día,4D (3D) Doblada,22:00,,,,https://multiplex.com.ar/peliculas/spider-man-un-dia-nuevo/
CABA,Multiplex,Multiplex Lavalle,"Lavalle 780, CABA",Spider-Man: Un nuevo día,2D Doblada,22:45,,,,https://multiplex.com.ar/peliculas/spider-man-un-dia-nuevo/
CABA,Multiplex,Multiplex Lavalle,"Lavalle 780, CABA",Toy Story 5,2D Doblada,15:20,,,,https://multiplex.com.ar/peliculas/toy-story-5/
CABA,Multiplex,Multiplex Lavalle,"Lavalle 780, CABA",Toy Story 5,2D Doblada,17:25,,,,https://multiplex.com.ar/peliculas/toy-story-5/
CABA,Multiplex,Multiplex Lavalle,"Lavalle 780, CABA",Yo Narciso,2D Doblada,15:30,,,,https://multiplex.com.ar/peliculas/yo-narciso/
CABA,Multiplex,Multiplex Lavalle,"Lavalle 780, CABA",Yo Narciso,2D Doblada,17:25,,,,https://multiplex.com.ar/peliculas/yo-narciso/
CABA,Multiplex,Multiplex Lavalle,"Lavalle 780, CABA",Yo Narciso,2D Doblada,19:20,,,,https://multiplex.com.ar/peliculas/yo-narciso/
CABA,Multiplex,Multiplex Lavalle,"Lavalle 780, CABA",Yo Narciso,2D Doblada,21:15,,,,https://multiplex.com.ar/peliculas/yo-narciso/
CABA,Multiplex,Multiplex Lavalle,"Lavalle 780, CABA",Yo Narciso,2D Doblada,23:10,,,,https://multiplex.com.ar/peliculas/yo-narciso/
GBA Norte,Showcase,IMAX Showcase Norte,"Av. Ricardo Balbín 2550, Shopping Norcenter",La Odisea,IMAX Subtitulada,13:05,,,,https://cartelera.ar/pelicula/la-odisea
GBA Norte,Showcase,IMAX Showcase Norte,"Av. Ricardo Balbín 2550, Shopping Norcenter",La Odisea,IMAX Subtitulada,19:00,,,,https://cartelera.ar/pelicula/la-odisea
GBA Norte,Showcase,IMAX Showcase Norte,"Av. Ricardo Balbín 2550, Shopping Norcenter",El Final de la Calle Oak,IMAX Subtitulada,16:40,,,,https://cartelera.ar/pelicula/el-final-de-la-calle-oak
GBA Norte,Showcase,IMAX Showcase Norte,"Av. Ricardo Balbín 2550, Shopping Norcenter",Ghost: 2 Big To Rig,IMAX Subtitulada,22:30,,,,
GBA Norte,Showcase,Showcase Norte (Norcenter),"Colectora Panamericana 3750, Norcenter",Obsesión,2D Subtitulada,22:25,,,,https://cartelera.ar/pelicula/obsesion
GBA Norte,Showcase,Showcase Norte (Norcenter),"Colectora Panamericana 3750, Norcenter",La invitación,2D Subtitulada,14:10,,,,https://cartelera.ar/pelicula/la-invitacion
GBA Norte,Showcase,Showcase Norte (Norcenter),"Colectora Panamericana 3750, Norcenter",La invitación,2D Subtitulada,19:20,,,,https://cartelera.ar/pelicula/la-invitacion
GBA Norte,Showcase,Showcase Norte (Norcenter),"Colectora Panamericana 3750, Norcenter",La invitación,2D Subtitulada,21:45,,,,https://cartelera.ar/pelicula/la-invitacion
GBA Norte,Showcase,Showcase Norte (Norcenter),"Colectora Panamericana 3750, Norcenter",La Odisea,2D Subtitulada,15:10,,,,https://cartelera.ar/pelicula/la-odisea
GBA Norte,Showcase,Showcase Norte (Norcenter),"Colectora Panamericana 3750, Norcenter",La Odisea,2D Subtitulada,15:40,,,,https://cartelera.ar/pelicula/la-odisea
GBA Norte,Showcase,Showcase Norte (Norcenter),"Colectora Panamericana 3750, Norcenter",La Odisea,2D Doblada,18:20,,,,https://cartelera.ar/pelicula/la-odisea
GBA Norte,Showcase,Showcase Norte (Norcenter),"Colectora Panamericana 3750, Norcenter",La Odisea,2D Subtitulada,18:40,,,,https://cartelera.ar/pelicula/la-odisea
GBA Norte,Showcase,Showcase Norte (Norcenter),"Colectora Panamericana 3750, Norcenter",La Odisea,2D Subtitulada,19:10,,,,https://cartelera.ar/pelicula/la-odisea
GBA Norte,Showcase,Showcase Norte (Norcenter),"Colectora Panamericana 3750, Norcenter",La Odisea,2D Subtitulada,21:30,,,,https://cartelera.ar/pelicula/la-odisea
GBA Norte,Showcase,Showcase Norte (Norcenter),"Colectora Panamericana 3750, Norcenter",La Odisea,2D Subtitulada,22:10,,,,https://cartelera.ar/pelicula/la-odisea
GBA Norte,Showcase,Showcase Norte (Norcenter),"Colectora Panamericana 3750, Norcenter",La Odisea,2D Subtitulada,22:40,,,,https://cartelera.ar/pelicula/la-odisea
GBA Norte,Showcase,Showcase Norte (Norcenter),"Colectora Panamericana 3750, Norcenter",Spider-Man: Un nuevo día,2D Doblada,13:15,,,,https://cartelera.ar/pelicula/spider-man-un-nuevo-dia
GBA Norte,Showcase,Showcase Norte (Norcenter),"Colectora Panamericana 3750, Norcenter",Spider-Man: Un nuevo día,3D Doblada,13:30,,,,https://cartelera.ar/pelicula/spider-man-un-nuevo-dia
GBA Norte,Showcase,Showcase Norte (Norcenter),"Colectora Panamericana 3750, Norcenter",Spider-Man: Un nuevo día,2D Subtitulada,13:45,,,,https://cartelera.ar/pelicula/spider-man-un-nuevo-dia
GBA Norte,Showcase,Showcase Norte (Norcenter),"Colectora Panamericana 3750, Norcenter",Spider-Man: Un nuevo día,2D Doblada,15:20,,,,https://cartelera.ar/pelicula/spider-man-un-nuevo-dia
GBA Norte,Showcase,Showcase Norte (Norcenter),"Colectora Panamericana 3750, Norcenter",Spider-Man: Un nuevo día,2D Subtitulada,16:00,,,,https://cartelera.ar/pelicula/spider-man-un-nuevo-dia
GBA Norte,Showcase,Showcase Norte (Norcenter),"Colectora Panamericana 3750, Norcenter",Spider-Man: Un nuevo día,2D Doblada,16:15,,,,https://cartelera.ar/pelicula/spider-man-un-nuevo-dia
GBA Norte,Showcase,Showcase Norte (Norcenter),"Colectora Panamericana 3750, Norcenter",Spider-Man: Un nuevo día,3D Doblada,16:30,,,,https://cartelera.ar/pelicula/spider-man-un-nuevo-dia
GBA Norte,Showcase,Showcase Norte (Norcenter),"Colectora Panamericana 3750, Norcenter",Spider-Man: Un nuevo día,2D Subtitulada,16:45,,,,https://cartelera.ar/pelicula/spider-man-un-nuevo-dia
GBA Norte,Showcase,Showcase Norte (Norcenter),"Colectora Panamericana 3750, Norcenter",Spider-Man: Un nuevo día,2D Doblada,18:25,,,,https://cartelera.ar/pelicula/spider-man-un-nuevo-dia
GBA Norte,Showcase,Showcase Norte (Norcenter),"Colectora Panamericana 3750, Norcenter",Spider-Man: Un nuevo día,2D Subtitulada,19:00,,,,https://cartelera.ar/pelicula/spider-man-un-nuevo-dia
GBA Norte,Showcase,Showcase Norte (Norcenter),"Colectora Panamericana 3750, Norcenter",Spider-Man: Un nuevo día,2D Doblada,19:15,,,,https://cartelera.ar/pelicula/spider-man-un-nuevo-dia
GBA Norte,Showcase,Showcase Norte (Norcenter),"Colectora Panamericana 3750, Norcenter",Spider-Man: Un nuevo día,3D Doblada,19:30,,,,https://cartelera.ar/pelicula/spider-man-un-nuevo-dia
GBA Norte,Showcase,Showcase Norte (Norcenter),"Colectora Panamericana 3750, Norcenter",Spider-Man: Un nuevo día,2D Subtitulada,19:45,,,,https://cartelera.ar/pelicula/spider-man-un-nuevo-dia
GBA Norte,Showcase,Showcase Norte (Norcenter),"Colectora Panamericana 3750, Norcenter",Spider-Man: Un nuevo día,2D Subtitulada,22:00,,,,https://cartelera.ar/pelicula/spider-man-un-nuevo-dia
GBA Norte,Showcase,Showcase Norte (Norcenter),"Colectora Panamericana 3750, Norcenter",Spider-Man: Un nuevo día,2D Doblada,22:15,,,,https://cartelera.ar/pelicula/spider-man-un-nuevo-dia
GBA Norte,Showcase,Showcase Norte (Norcenter),"Colectora Panamericana 3750, Norcenter",Spider-Man: Un nuevo día,3D Doblada,22:30,,,,https://cartelera.ar/pelicula/spider-man-un-nuevo-dia
GBA Norte,Showcase,Showcase Norte (Norcenter),"Colectora Panamericana 3750, Norcenter",Spider-Man: Un nuevo día,2D Subtitulada,22:45,,,,https://cartelera.ar/pelicula/spider-man-un-nuevo-dia
GBA Norte,Showcase,Showcase Norte (Norcenter),"Colectora Panamericana 3750, Norcenter",Toy Story 5,2D Doblada,14:55,,,,https://cartelera.ar/pelicula/toy-story-5
GBA Norte,Showcase,Showcase Norte (Norcenter),"Colectora Panamericana 3750, Norcenter",Toy Story 5,2D Doblada,17:25,,,,https://cartelera.ar/pelicula/toy-story-5
GBA Norte,Showcase,Showcase Norte (Norcenter),"Colectora Panamericana 3750, Norcenter",Toy Story 5,2D Doblada,19:50,,,,https://cartelera.ar/pelicula/toy-story-5
GBA Norte,Showcase,Showcase Norte (Norcenter),"Colectora Panamericana 3750, Norcenter",Minions & monstruos,2D Doblada,14:00,,,,https://cartelera.ar/pelicula/minions-monstruos
GBA Norte,Showcase,Showcase Norte (Norcenter),"Colectora Panamericana 3750, Norcenter",Minions & monstruos,2D Doblada,16:10,,,,https://cartelera.ar/pelicula/minions-monstruos
GBA Norte,Showcase,Showcase Norte (Norcenter),"Colectora Panamericana 3750, Norcenter",El Final de la Calle Oak,2D Doblada,14:30,,,,https://cartelera.ar/pelicula/el-final-de-la-calle-oak
GBA Norte,Showcase,Showcase Norte (Norcenter),"Colectora Panamericana 3750, Norcenter",El Final de la Calle Oak,2D Doblada,17:10,,,,https://cartelera.ar/pelicula/el-final-de-la-calle-oak
GBA Norte,Showcase,Showcase Norte (Norcenter),"Colectora Panamericana 3750, Norcenter",El Final de la Calle Oak,2D Subtitulada,20:05,,,,https://cartelera.ar/pelicula/el-final-de-la-calle-oak
GBA Norte,Showcase,Showcase Norte (Norcenter),"Colectora Panamericana 3750, Norcenter",El Final de la Calle Oak,2D Subtitulada,22:25,,,,https://cartelera.ar/pelicula/el-final-de-la-calle-oak
GBA Norte,Showcase,Showcase Norte (Norcenter),"Colectora Panamericana 3750, Norcenter",PAW Patrol: La Dino Película,2D Doblada,13:40,,,,https://cartelera.ar/pelicula/paw-patrol-la-dino-pelicula
GBA Norte,Showcase,Showcase Norte (Norcenter),"Colectora Panamericana 3750, Norcenter",PAW Patrol: La Dino Película,2D Doblada,15:55,,,,https://cartelera.ar/pelicula/paw-patrol-la-dino-pelicula
GBA Norte,Showcase,Showcase Norte (Norcenter),"Colectora Panamericana 3750, Norcenter",La Muerte De Robin Hood,2D Subtitulada,15:00,,,,https://cartelera.ar/pelicula/la-muerte-de-robin-hood
GBA Norte,Showcase,Showcase Norte (Norcenter),"Colectora Panamericana 3750, Norcenter",La Muerte De Robin Hood,2D Subtitulada,21:55,,,,https://cartelera.ar/pelicula/la-muerte-de-robin-hood
GBA Norte,Showcase,Showcase Norte (Norcenter),"Colectora Panamericana 3750, Norcenter",La noche del demonio: Están entre nosotros,2D Doblada,14:35,,,,https://cartelera.ar/pelicula/la-noche-del-demonio-estan-entre-nosotros
GBA Norte,Showcase,Showcase Norte (Norcenter),"Colectora Panamericana 3750, Norcenter",La noche del demonio: Están entre nosotros,2D Doblada,17:00,,,,https://cartelera.ar/pelicula/la-noche-del-demonio-estan-entre-nosotros
GBA Norte,Showcase,Showcase Norte (Norcenter),"Colectora Panamericana 3750, Norcenter",La noche del demonio: Están entre nosotros,2D Subtitulada,17:40,,,,https://cartelera.ar/pelicula/la-noche-del-demonio-estan-entre-nosotros
GBA Norte,Showcase,Showcase Norte (Norcenter),"Colectora Panamericana 3750, Norcenter",La noche del demonio: Están entre nosotros,2D Doblada,19:25,,,,https://cartelera.ar/pelicula/la-noche-del-demonio-estan-entre-nosotros
GBA Norte,Showcase,Showcase Norte (Norcenter),"Colectora Panamericana 3750, Norcenter",La noche del demonio: Están entre nosotros,2D Subtitulada,20:10,,,,https://cartelera.ar/pelicula/la-noche-del-demonio-estan-entre-nosotros
GBA Norte,Showcase,Showcase Norte (Norcenter),"Colectora Panamericana 3750, Norcenter",La noche del demonio: Están entre nosotros,2D Doblada,22:05,,,,https://cartelera.ar/pelicula/la-noche-del-demonio-estan-entre-nosotros
GBA Norte,Showcase,Showcase Norte (Norcenter),"Colectora Panamericana 3750, Norcenter",La noche del demonio: Están entre nosotros,2D Subtitulada,22:35,,,,https://cartelera.ar/pelicula/la-noche-del-demonio-estan-entre-nosotros
GBA Norte,Showcase,Showcase Norte (Norcenter),"Colectora Panamericana 3750, Norcenter",Mi vecino Totoro,2D Doblada,13:55,,,,https://cartelera.ar/pelicula/mi-vecino-totoro
GBA Norte,Showcase,Showcase Norte (Norcenter),"Colectora Panamericana 3750, Norcenter",Mi vecino Totoro,2D Subtitulada,18:00,,,,https://cartelera.ar/pelicula/mi-vecino-totoro
GBA Norte,Showcase,Showcase Norte (Norcenter),"Colectora Panamericana 3750, Norcenter",Moana,2D Doblada,16:35,,,,https://cartelera.ar/pelicula/moana
GBA Norte,Showcase,Showcase Norte (Norcenter),"Colectora Panamericana 3750, Norcenter",Yo Narciso,2D Doblada,15:05,,,,
GBA Norte,Showcase,Showcase Norte (Norcenter),"Colectora Panamericana 3750, Norcenter",Yo Narciso,2D Doblada,15:25,,,,
GBA Norte,Showcase,Showcase Norte (Norcenter),"Colectora Panamericana 3750, Norcenter",Yo Narciso,2D Doblada,17:20,,,,
GBA Norte,Showcase,Showcase Norte (Norcenter),"Colectora Panamericana 3750, Norcenter",Yo Narciso,2D Doblada,17:45,,,,
GBA Norte,Showcase,Showcase Norte (Norcenter),"Colectora Panamericana 3750, Norcenter",Yo Narciso,2D Doblada,19:35,,,,
GBA Norte,Showcase,Showcase Norte (Norcenter),"Colectora Panamericana 3750, Norcenter",Yo Narciso,2D Doblada,20:00,,,,
GBA Norte,Showcase,Showcase Norte (Norcenter),"Colectora Panamericana 3750, Norcenter",Yo Narciso,2D Doblada,21:50,,,,
GBA Norte,Showcase,Showcase Norte (Norcenter),"Colectora Panamericana 3750, Norcenter",Yo Narciso,2D Doblada,22:20,,,,
GBA Norte,Showcase,Showcase Norte (Norcenter),"Colectora Panamericana 3750, Norcenter",El Gran Falsificador,2D Subtitulada,19:40,,,,
GBA Norte,Showcase,Showcase Norte (Norcenter),"Colectora Panamericana 3750, Norcenter",Tu Corazón Será Destrozado,2D Subtitulada,22:10,,,,
GBA Oeste,Showcase,Showcase Haedo,"Av. Rivadavia 16.200, Shopping Haedo",Obsesión,2D Subtitulada,21:45,,,,https://cartelera.ar/pelicula/obsesion
GBA Oeste,Showcase,Showcase Haedo,"Av. Rivadavia 16.200, Shopping Haedo",La Odisea,2D Doblada,15:05,,,,https://cartelera.ar/pelicula/la-odisea
GBA Oeste,Showcase,Showcase Haedo,"Av. Rivadavia 16.200, Shopping Haedo",La Odisea,2D Subtitulada,15:35,,,,https://cartelera.ar/pelicula/la-odisea
GBA Oeste,Showcase,Showcase Haedo,"Av. Rivadavia 16.200, Shopping Haedo",La Odisea,2D Doblada,18:35,,,,https://cartelera.ar/pelicula/la-odisea
GBA Oeste,Showcase,Showcase Haedo,"Av. Rivadavia 16.200, Shopping Haedo",La Odisea,2D Subtitulada,19:05,,,,https://cartelera.ar/pelicula/la-odisea
GBA Oeste,Showcase,Showcase Haedo,"Av. Rivadavia 16.200, Shopping Haedo",La Odisea,2D Doblada,22:05,,,,https://cartelera.ar/pelicula/la-odisea
GBA Oeste,Showcase,Showcase Haedo,"Av. Rivadavia 16.200, Shopping Haedo",La Odisea,2D Subtitulada,22:35,,,,https://cartelera.ar/pelicula/la-odisea
GBA Oeste,Showcase,Showcase Haedo,"Av. Rivadavia 16.200, Shopping Haedo",Spider-Man: Un nuevo día,3D Doblada,13:20,,,,https://cartelera.ar/pelicula/spider-man-un-nuevo-dia
GBA Oeste,Showcase,Showcase Haedo,"Av. Rivadavia 16.200, Shopping Haedo",Spider-Man: Un nuevo día,2D Doblada,13:40,,,,https://cartelera.ar/pelicula/spider-man-un-nuevo-dia
GBA Oeste,Showcase,Showcase Haedo,"Av. Rivadavia 16.200, Shopping Haedo",Spider-Man: Un nuevo día,2D Doblada,15:40,,,,https://cartelera.ar/pelicula/spider-man-un-nuevo-dia
GBA Oeste,Showcase,Showcase Haedo,"Av. Rivadavia 16.200, Shopping Haedo",Spider-Man: Un nuevo día,2D Subtitulada,16:00,,,,https://cartelera.ar/pelicula/spider-man-un-nuevo-dia
GBA Oeste,Showcase,Showcase Haedo,"Av. Rivadavia 16.200, Shopping Haedo",Spider-Man: Un nuevo día,3D Doblada,16:20,,,,https://cartelera.ar/pelicula/spider-man-un-nuevo-dia
GBA Oeste,Showcase,Showcase Haedo,"Av. Rivadavia 16.200, Shopping Haedo",Spider-Man: Un nuevo día,2D Doblada,16:40,,,,https://cartelera.ar/pelicula/spider-man-un-nuevo-dia
GBA Oeste,Showcase,Showcase Haedo,"Av. Rivadavia 16.200, Shopping Haedo",Spider-Man: Un nuevo día,2D Doblada,18:40,,,,https://cartelera.ar/pelicula/spider-man-un-nuevo-dia
GBA Oeste,Showcase,Showcase Haedo,"Av. Rivadavia 16.200, Shopping Haedo",Spider-Man: Un nuevo día,2D Subtitulada,19:00,,,,https://cartelera.ar/pelicula/spider-man-un-nuevo-dia
GBA Oeste,Showcase,Showcase Haedo,"Av. Rivadavia 16.200, Shopping Haedo",Spider-Man: Un nuevo día,3D Doblada,19:20,,,,https://cartelera.ar/pelicula/spider-man-un-nuevo-dia
GBA Oeste,Showcase,Showcase Haedo,"Av. Rivadavia 16.200, Shopping Haedo",Spider-Man: Un nuevo día,2D Doblada,19:40,,,,https://cartelera.ar/pelicula/spider-man-un-nuevo-dia
GBA Oeste,Showcase,Showcase Haedo,"Av. Rivadavia 16.200, Shopping Haedo",Spider-Man: Un nuevo día,2D Doblada,21:40,,,,https://cartelera.ar/pelicula/spider-man-un-nuevo-dia
GBA Oeste,Showcase,Showcase Haedo,"Av. Rivadavia 16.200, Shopping Haedo",Spider-Man: Un nuevo día,2D Subtitulada,22:00,,,,https://cartelera.ar/pelicula/spider-man-un-nuevo-dia
GBA Oeste,Showcase,Showcase Haedo,"Av. Rivadavia 16.200, Shopping Haedo",Spider-Man: Un nuevo día,3D Doblada,22:20,,,,https://cartelera.ar/pelicula/spider-man-un-nuevo-dia
GBA Oeste,Showcase,Showcase Haedo,"Av. Rivadavia 16.200, Shopping Haedo",Spider-Man: Un nuevo día,2D Doblada,22:40,,,,https://cartelera.ar/pelicula/spider-man-un-nuevo-dia
GBA Oeste,Showcase,Showcase Haedo,"Av. Rivadavia 16.200, Shopping Haedo",Toy Story 5,2D Doblada,14:40,,,,https://cartelera.ar/pelicula/toy-story-5
GBA Oeste,Showcase,Showcase Haedo,"Av. Rivadavia 16.200, Shopping Haedo",Toy Story 5,2D Doblada,17:00,,,,https://cartelera.ar/pelicula/toy-story-5
GBA Oeste,Showcase,Showcase Haedo,"Av. Rivadavia 16.200, Shopping Haedo",Toy Story 5,2D Doblada,19:25,,,,https://cartelera.ar/pelicula/toy-story-5
GBA Oeste,Showcase,Showcase Haedo,"Av. Rivadavia 16.200, Shopping Haedo",Minions & monstruos,2D Doblada,14:25,,,,https://cartelera.ar/pelicula/minions-monstruos
GBA Oeste,Showcase,Showcase Haedo,"Av. Rivadavia 16.200, Shopping Haedo",Minions & monstruos,2D Doblada,17:40,,,,https://cartelera.ar/pelicula/minions-monstruos
GBA Oeste,Showcase,Showcase Haedo,"Av. Rivadavia 16.200, Shopping Haedo",El Final de la Calle Oak,2D Doblada,14:20,,,,https://cartelera.ar/pelicula/el-final-de-la-calle-oak
GBA Oeste,Showcase,Showcase Haedo,"Av. Rivadavia 16.200, Shopping Haedo",El Final de la Calle Oak,2D Doblada,16:50,,,,https://cartelera.ar/pelicula/el-final-de-la-calle-oak
GBA Oeste,Showcase,Showcase Haedo,"Av. Rivadavia 16.200, Shopping Haedo",El Final de la Calle Oak,2D Doblada,20:15,,,,https://cartelera.ar/pelicula/el-final-de-la-calle-oak
GBA Oeste,Showcase,Showcase Haedo,"Av. Rivadavia 16.200, Shopping Haedo",El Final de la Calle Oak,2D Doblada,22:30,,,,https://cartelera.ar/pelicula/el-final-de-la-calle-oak
GBA Oeste,Showcase,Showcase Haedo,"Av. Rivadavia 16.200, Shopping Haedo",PAW Patrol: La Dino Película,2D Doblada,14:00,,,,https://cartelera.ar/pelicula/paw-patrol-la-dino-pelicula
GBA Oeste,Showcase,Showcase Haedo,"Av. Rivadavia 16.200, Shopping Haedo",PAW Patrol: La Dino Película,2D Doblada,16:05,,,,https://cartelera.ar/pelicula/paw-patrol-la-dino-pelicula
GBA Oeste,Showcase,Showcase Haedo,"Av. Rivadavia 16.200, Shopping Haedo",La Muerte De Robin Hood,2D Subtitulada,19:10,,,,https://cartelera.ar/pelicula/la-muerte-de-robin-hood
GBA Oeste,Showcase,Showcase Haedo,"Av. Rivadavia 16.200, Shopping Haedo",La Muerte De Robin Hood,2D Subtitulada,21:50,,,,https://cartelera.ar/pelicula/la-muerte-de-robin-hood
GBA Oeste,Showcase,Showcase Haedo,"Av. Rivadavia 16.200, Shopping Haedo",La noche del demonio: Están entre nosotros,2D Doblada,14:45,,,,https://cartelera.ar/pelicula/la-noche-del-demonio-estan-entre-nosotros
GBA Oeste,Showcase,Showcase Haedo,"Av. Rivadavia 16.200, Shopping Haedo",La noche del demonio: Están entre nosotros,2D Subtitulada,15:15,,,,https://cartelera.ar/pelicula/la-noche-del-demonio-estan-entre-nosotros
GBA Oeste,Showcase,Showcase Haedo,"Av. Rivadavia 16.200, Shopping Haedo",La noche del demonio: Están entre nosotros,2D Doblada,17:10,,,,https://cartelera.ar/pelicula/la-noche-del-demonio-estan-entre-nosotros
GBA Oeste,Showcase,Showcase Haedo,"Av. Rivadavia 16.200, Shopping Haedo",La noche del demonio: Están entre nosotros,2D Doblada,19:45,,,,https://cartelera.ar/pelicula/la-noche-del-demonio-estan-entre-nosotros
GBA Oeste,Showcase,Showcase Haedo,"Av. Rivadavia 16.200, Shopping Haedo",La noche del demonio: Están entre nosotros,2D Subtitulada,20:05,,,,https://cartelera.ar/pelicula/la-noche-del-demonio-estan-entre-nosotros
GBA Oeste,Showcase,Showcase Haedo,"Av. Rivadavia 16.200, Shopping Haedo",La noche del demonio: Están entre nosotros,2D Doblada,22:10,,,,https://cartelera.ar/pelicula/la-noche-del-demonio-estan-entre-nosotros
GBA Oeste,Showcase,Showcase Haedo,"Av. Rivadavia 16.200, Shopping Haedo",La noche del demonio: Están entre nosotros,2D Subtitulada,22:30,,,,https://cartelera.ar/pelicula/la-noche-del-demonio-estan-entre-nosotros
GBA Oeste,Showcase,Showcase Haedo,"Av. Rivadavia 16.200, Shopping Haedo",Mi vecino Totoro,2D Doblada,13:55,,,,https://cartelera.ar/pelicula/mi-vecino-totoro
GBA Oeste,Showcase,Showcase Haedo,"Av. Rivadavia 16.200, Shopping Haedo",Mi vecino Totoro,2D Subtitulada,18:10,,,,https://cartelera.ar/pelicula/mi-vecino-totoro
GBA Oeste,Showcase,Showcase Haedo,"Av. Rivadavia 16.200, Shopping Haedo",Ghost: 2 Big To Rig,2D Subtitulada,22:00,,,,
GBA Oeste,Showcase,Showcase Haedo,"Av. Rivadavia 16.200, Shopping Haedo",Yo Narciso,2D Doblada,15:00,,,,
GBA Oeste,Showcase,Showcase Haedo,"Av. Rivadavia 16.200, Shopping Haedo",Yo Narciso,2D Doblada,15:25,,,,
GBA Oeste,Showcase,Showcase Haedo,"Av. Rivadavia 16.200, Shopping Haedo",Yo Narciso,2D Doblada,17:20,,,,
GBA Oeste,Showcase,Showcase Haedo,"Av. Rivadavia 16.200, Shopping Haedo",Yo Narciso,2D Doblada,17:45,,,,
GBA Oeste,Showcase,Showcase Haedo,"Av. Rivadavia 16.200, Shopping Haedo",Yo Narciso,2D Doblada,19:35,,,,
GBA Oeste,Showcase,Showcase Haedo,"Av. Rivadavia 16.200, Shopping Haedo",Yo Narciso,2D Doblada,20:00,,,,
GBA Oeste,Showcase,Showcase Haedo,"Av. Rivadavia 16.200, Shopping Haedo",Yo Narciso,2D Doblada,22:15,,,,
GBA Oeste,Showcase,Showcase Haedo,"Av. Rivadavia 16.200, Shopping Haedo",Insaciable,2D Subtitulada,22:25,,,,
GBA Oeste,Showcase,Showcase Haedo,"Av. Rivadavia 16.200, Shopping Haedo",Tu Corazón Será Destrozado,2D Doblada,16:35,,,,
GBA Oeste,Showcase,Showcase Haedo,"Av. Rivadavia 16.200, Shopping Haedo",Tu Corazón Será Destrozado,2D Subtitulada,19:30,,,,
GBA Sur,Showcase,Showcase Quilmes,"Av. Calchaquí 3950, Quilmes Factory",La Odisea,2D Doblada,15:30,,,,https://cartelera.ar/pelicula/la-odisea
GBA Sur,Showcase,Showcase Quilmes,"Av. Calchaquí 3950, Quilmes Factory",La Odisea,2D Subtitulada,19:05,,,,https://cartelera.ar/pelicula/la-odisea
GBA Sur,Showcase,Showcase Quilmes,"Av. Calchaquí 3950, Quilmes Factory",La Odisea,2D Doblada,22:30,,,,https://cartelera.ar/pelicula/la-odisea
GBA Sur,Showcase,Showcase Quilmes,"Av. Calchaquí 3950, Quilmes Factory",Spider-Man: Un nuevo día,2D Doblada,13:20,,,,https://cartelera.ar/pelicula/spider-man-un-nuevo-dia
GBA Sur,Showcase,Showcase Quilmes,"Av. Calchaquí 3950, Quilmes Factory",Spider-Man: Un nuevo día,3D Doblada,16:00,,,,https://cartelera.ar/pelicula/spider-man-un-nuevo-dia
GBA Sur,Showcase,Showcase Quilmes,"Av. Calchaquí 3950, Quilmes Factory",Spider-Man: Un nuevo día,2D Doblada,16:20,,,,https://cartelera.ar/pelicula/spider-man-un-nuevo-dia
GBA Sur,Showcase,Showcase Quilmes,"Av. Calchaquí 3950, Quilmes Factory",Spider-Man: Un nuevo día,2D Doblada,18:40,,,,https://cartelera.ar/pelicula/spider-man-un-nuevo-dia
GBA Sur,Showcase,Showcase Quilmes,"Av. Calchaquí 3950, Quilmes Factory",Spider-Man: Un nuevo día,3D Doblada,19:00,,,,https://cartelera.ar/pelicula/spider-man-un-nuevo-dia
GBA Sur,Showcase,Showcase Quilmes,"Av. Calchaquí 3950, Quilmes Factory",Spider-Man: Un nuevo día,2D Doblada,19:20,,,,https://cartelera.ar/pelicula/spider-man-un-nuevo-dia
GBA Sur,Showcase,Showcase Quilmes,"Av. Calchaquí 3950, Quilmes Factory",Spider-Man: Un nuevo día,2D Subtitulada,19:40,,,,https://cartelera.ar/pelicula/spider-man-un-nuevo-dia
GBA Sur,Showcase,Showcase Quilmes,"Av. Calchaquí 3950, Quilmes Factory",Spider-Man: Un nuevo día,2D Doblada,21:40,,,,https://cartelera.ar/pelicula/spider-man-un-nuevo-dia
GBA Sur,Showcase,Showcase Quilmes,"Av. Calchaquí 3950, Quilmes Factory",Spider-Man: Un nuevo día,2D Subtitulada,22:00,,,,https://cartelera.ar/pelicula/spider-man-un-nuevo-dia
GBA Sur,Showcase,Showcase Quilmes,"Av. Calchaquí 3950, Quilmes Factory",Spider-Man: Un nuevo día,2D Doblada,22:20,,,,https://cartelera.ar/pelicula/spider-man-un-nuevo-dia
GBA Sur,Showcase,Showcase Quilmes,"Av. Calchaquí 3950, Quilmes Factory",Toy Story 5,2D Doblada,14:30,,,,https://cartelera.ar/pelicula/toy-story-5
GBA Sur,Showcase,Showcase Quilmes,"Av. Calchaquí 3950, Quilmes Factory",Toy Story 5,2D Doblada,17:20,,,,https://cartelera.ar/pelicula/toy-story-5
GBA Sur,Showcase,Showcase Quilmes,"Av. Calchaquí 3950, Quilmes Factory",Minions & monstruos,2D Doblada,13:50,,,,https://cartelera.ar/pelicula/minions-monstruos
GBA Sur,Showcase,Showcase Quilmes,"Av. Calchaquí 3950, Quilmes Factory",El Final de la Calle Oak,2D Doblada,13:30,,,,https://cartelera.ar/pelicula/el-final-de-la-calle-oak
GBA Sur,Showcase,Showcase Quilmes,"Av. Calchaquí 3950, Quilmes Factory",El Final de la Calle Oak,2D Doblada,15:45,,,,https://cartelera.ar/pelicula/el-final-de-la-calle-oak
GBA Sur,Showcase,Showcase Quilmes,"Av. Calchaquí 3950, Quilmes Factory",El Final de la Calle Oak,2D Doblada,18:00,,,,https://cartelera.ar/pelicula/el-final-de-la-calle-oak
GBA Sur,Showcase,Showcase Quilmes,"Av. Calchaquí 3950, Quilmes Factory",El Final de la Calle Oak,2D Doblada,20:10,,,,https://cartelera.ar/pelicula/el-final-de-la-calle-oak
GBA Sur,Showcase,Showcase Quilmes,"Av. Calchaquí 3950, Quilmes Factory",El Final de la Calle Oak,2D Doblada,22:25,,,,https://cartelera.ar/pelicula/el-final-de-la-calle-oak
GBA Sur,Showcase,Showcase Quilmes,"Av. Calchaquí 3950, Quilmes Factory",PAW Patrol: La Dino Película,2D Doblada,14:00,,,,https://cartelera.ar/pelicula/paw-patrol-la-dino-pelicula
GBA Sur,Showcase,Showcase Quilmes,"Av. Calchaquí 3950, Quilmes Factory",PAW Patrol: La Dino Película,2D Doblada,16:05,,,,https://cartelera.ar/pelicula/paw-patrol-la-dino-pelicula
GBA Sur,Showcase,Showcase Quilmes,"Av. Calchaquí 3950, Quilmes Factory",La noche del demonio: Están entre nosotros,2D Doblada,15:00,,,,https://cartelera.ar/pelicula/la-noche-del-demonio-estan-entre-nosotros
GBA Sur,Showcase,Showcase Quilmes,"Av. Calchaquí 3950, Quilmes Factory",La noche del demonio: Están entre nosotros,2D Doblada,17:30,,,,https://cartelera.ar/pelicula/la-noche-del-demonio-estan-entre-nosotros
GBA Sur,Showcase,Showcase Quilmes,"Av. Calchaquí 3950, Quilmes Factory",La noche del demonio: Están entre nosotros,2D Doblada,19:50,,,,https://cartelera.ar/pelicula/la-noche-del-demonio-estan-entre-nosotros
GBA Sur,Showcase,Showcase Quilmes,"Av. Calchaquí 3950, Quilmes Factory",La noche del demonio: Están entre nosotros,2D Doblada,22:15,,,,https://cartelera.ar/pelicula/la-noche-del-demonio-estan-entre-nosotros
GBA Sur,Showcase,Showcase Quilmes,"Av. Calchaquí 3950, Quilmes Factory",La noche del demonio: Están entre nosotros,2D Subtitulada,22:40,,,,https://cartelera.ar/pelicula/la-noche-del-demonio-estan-entre-nosotros
GBA Sur,Showcase,Showcase Quilmes,"Av. Calchaquí 3950, Quilmes Factory",Yo Narciso,2D Doblada,15:25,,,,
GBA Sur,Showcase,Showcase Quilmes,"Av. Calchaquí 3950, Quilmes Factory",Yo Narciso,2D Doblada,17:45,,,,
GBA Sur,Showcase,Showcase Quilmes,"Av. Calchaquí 3950, Quilmes Factory",Yo Narciso,2D Doblada,20:00,,,,
GBA Sur,Showcase,Showcase Quilmes,"Av. Calchaquí 3950, Quilmes Factory",Yo Narciso,2D Doblada,22:10,,,,
CABA,Showcase,Showcase Belgrano,"Monroe 1655, Belgrano",La invitación,2D Subtitulada,14:30,,,,https://cartelera.ar/pelicula/la-invitacion
CABA,Showcase,Showcase Belgrano,"Monroe 1655, Belgrano",La invitación,2D Subtitulada,19:45,,,,https://cartelera.ar/pelicula/la-invitacion
CABA,Showcase,Showcase Belgrano,"Monroe 1655, Belgrano",La invitación,2D Subtitulada,22:15,,,,https://cartelera.ar/pelicula/la-invitacion
CABA,Showcase,Showcase Belgrano,"Monroe 1655, Belgrano",La Odisea,2D Subtitulada,15:00,,,,https://cartelera.ar/pelicula/la-odisea
CABA,Showcase,Showcase Belgrano,"Monroe 1655, Belgrano",La Odisea,2D Subtitulada,15:25,,,,https://cartelera.ar/pelicula/la-odisea
CABA,Showcase,Showcase Belgrano,"Monroe 1655, Belgrano",La Odisea,2D Subtitulada,18:35,,,,https://cartelera.ar/pelicula/la-odisea
CABA,Showcase,Showcase Belgrano,"Monroe 1655, Belgrano",La Odisea,2D Subtitulada,19:00,,,,https://cartelera.ar/pelicula/la-odisea
CABA,Showcase,Showcase Belgrano,"Monroe 1655, Belgrano",La Odisea,2D Subtitulada,22:05,,,,https://cartelera.ar/pelicula/la-odisea
CABA,Showcase,Showcase Belgrano,"Monroe 1655, Belgrano",La Odisea,2D Subtitulada,22:30,,,,https://cartelera.ar/pelicula/la-odisea
CABA,Showcase,Showcase Belgrano,"Monroe 1655, Belgrano",Spider-Man: Un nuevo día,2D Doblada,13:40,,,,https://cartelera.ar/pelicula/spider-man-un-nuevo-dia
CABA,Showcase,Showcase Belgrano,"Monroe 1655, Belgrano",Spider-Man: Un nuevo día,2D Subtitulada,16:10,,,,https://cartelera.ar/pelicula/spider-man-un-nuevo-dia
CABA,Showcase,Showcase Belgrano,"Monroe 1655, Belgrano",Spider-Man: Un nuevo día,3D Doblada,16:20,,,,https://cartelera.ar/pelicula/spider-man-un-nuevo-dia
CABA,Showcase,Showcase Belgrano,"Monroe 1655, Belgrano",Spider-Man: Un nuevo día,2D Doblada,16:40,,,,https://cartelera.ar/pelicula/spider-man-un-nuevo-dia
CABA,Showcase,Showcase Belgrano,"Monroe 1655, Belgrano",Spider-Man: Un nuevo día,2D Doblada,18:50,,,,https://cartelera.ar/pelicula/spider-man-un-nuevo-dia
CABA,Showcase,Showcase Belgrano,"Monroe 1655, Belgrano",Spider-Man: Un nuevo día,2D Subtitulada,19:10,,,,https://cartelera.ar/pelicula/spider-man-un-nuevo-dia
CABA,Showcase,Showcase Belgrano,"Monroe 1655, Belgrano",Spider-Man: Un nuevo día,3D Doblada,19:25,,,,https://cartelera.ar/pelicula/spider-man-un-nuevo-dia
CABA,Showcase,Showcase Belgrano,"Monroe 1655, Belgrano",Spider-Man: Un nuevo día,2D Subtitulada,19:40,,,,https://cartelera.ar/pelicula/spider-man-un-nuevo-dia
CABA,Showcase,Showcase Belgrano,"Monroe 1655, Belgrano",Spider-Man: Un nuevo día,2D Subtitulada,22:10,,,,https://cartelera.ar/pelicula/spider-man-un-nuevo-dia
CABA,Showcase,Showcase Belgrano,"Monroe 1655, Belgrano",Spider-Man: Un nuevo día,2D Subtitulada,22:40,,,,https://cartelera.ar/pelicula/spider-man-un-nuevo-dia
CABA,Showcase,Showcase Belgrano,"Monroe 1655, Belgrano",Toy Story 5,2D Doblada,14:35,,,,https://cartelera.ar/pelicula/toy-story-5
CABA,Showcase,Showcase Belgrano,"Monroe 1655, Belgrano",El Final de la Calle Oak,2D Doblada,13:50,,,,https://cartelera.ar/pelicula/el-final-de-la-calle-oak
CABA,Showcase,Showcase Belgrano,"Monroe 1655, Belgrano",El Final de la Calle Oak,2D Subtitulada,16:55,,,,https://cartelera.ar/pelicula/el-final-de-la-calle-oak
CABA,Showcase,Showcase Belgrano,"Monroe 1655, Belgrano",El Final de la Calle Oak,2D Subtitulada,22:00,,,,https://cartelera.ar/pelicula/el-final-de-la-calle-oak
CABA,Showcase,Showcase Belgrano,"Monroe 1655, Belgrano",PAW Patrol: La Dino Película,2D Doblada,14:25,,,,https://cartelera.ar/pelicula/paw-patrol-la-dino-pelicula
CABA,Showcase,Showcase Belgrano,"Monroe 1655, Belgrano",PAW Patrol: La Dino Película,2D Doblada,16:35,,,,https://cartelera.ar/pelicula/paw-patrol-la-dino-pelicula
CABA,Showcase,Showcase Belgrano,"Monroe 1655, Belgrano",La Muerte De Robin Hood,2D Subtitulada,17:00,,,,https://cartelera.ar/pelicula/la-muerte-de-robin-hood
CABA,Showcase,Showcase Belgrano,"Monroe 1655, Belgrano",La Muerte De Robin Hood,2D Subtitulada,22:35,,,,https://cartelera.ar/pelicula/la-muerte-de-robin-hood
CABA,Showcase,Showcase Belgrano,"Monroe 1655, Belgrano",La noche del demonio: Están entre nosotros,2D Subtitulada,14:45,,,,https://cartelera.ar/pelicula/la-noche-del-demonio-estan-entre-nosotros
CABA,Showcase,Showcase Belgrano,"Monroe 1655, Belgrano",La noche del demonio: Están entre nosotros,2D Subtitulada,17:20,,,,https://cartelera.ar/pelicula/la-noche-del-demonio-estan-entre-nosotros
CABA,Showcase,Showcase Belgrano,"Monroe 1655, Belgrano",La noche del demonio: Están entre nosotros,2D Subtitulada,19:50,,,,https://cartelera.ar/pelicula/la-noche-del-demonio-estan-entre-nosotros
CABA,Showcase,Showcase Belgrano,"Monroe 1655, Belgrano",La noche del demonio: Están entre nosotros,2D Subtitulada,22:25,,,,https://cartelera.ar/pelicula/la-noche-del-demonio-estan-entre-nosotros
CABA,Showcase,Showcase Belgrano,"Monroe 1655, Belgrano",Mi vecino Totoro,2D Subtitulada,14:15,,,,https://cartelera.ar/pelicula/mi-vecino-totoro
CABA,Showcase,Showcase Belgrano,"Monroe 1655, Belgrano",Ghost: 2 Big To Rig,2D Subtitulada,22:00,,,,
CABA,Showcase,Showcase Belgrano,"Monroe 1655, Belgrano",Yo Narciso,2D Doblada,15:25,,,,
CABA,Showcase,Showcase Belgrano,"Monroe 1655, Belgrano",Yo Narciso,2D Doblada,17:45,,,,
CABA,Showcase,Showcase Belgrano,"Monroe 1655, Belgrano",Yo Narciso,2D Doblada,20:00,,,,
CABA,Showcase,Showcase Belgrano,"Monroe 1655, Belgrano",Yo Narciso,2D Doblada,22:20,,,,
CABA,Showcase,Showcase Belgrano,"Monroe 1655, Belgrano",El Gran Falsificador,2D Subtitulada,19:15,,,,
CABA,Atlas Cines,Atlas Flores,"Rivera Indarte 44, Flores",La Odisea,2D Doblada,16:40,,,,https://cartelera.ar/pelicula/la-odisea
CABA,Atlas Cines,Atlas Flores,"Rivera Indarte 44, Flores",La Odisea,2D Doblada,19:10,,,,https://cartelera.ar/pelicula/la-odisea
CABA,Atlas Cines,Atlas Flores,"Rivera Indarte 44, Flores",Spider-Man: Un nuevo día,2D Doblada,14:00,,,,https://cartelera.ar/pelicula/spider-man-un-nuevo-dia
CABA,Atlas Cines,Atlas Flores,"Rivera Indarte 44, Flores",Spider-Man: Un nuevo día,2D Doblada,16:00,,,,https://cartelera.ar/pelicula/spider-man-un-nuevo-dia
CABA,Atlas Cines,Atlas Flores,"Rivera Indarte 44, Flores",Spider-Man: Un nuevo día,3D Doblada,17:00,,,,https://cartelera.ar/pelicula/spider-man-un-nuevo-dia
CABA,Atlas Cines,Atlas Flores,"Rivera Indarte 44, Flores",Spider-Man: Un nuevo día,2D Doblada,19:00,,,,https://cartelera.ar/pelicula/spider-man-un-nuevo-dia
CABA,Atlas Cines,Atlas Flores,"Rivera Indarte 44, Flores",Spider-Man: Un nuevo día,2D Doblada,22:10,,,,https://cartelera.ar/pelicula/spider-man-un-nuevo-dia
CABA,Atlas Cines,Atlas Flores,"Rivera Indarte 44, Flores",Toy Story 5,2D Doblada,14:20,,,,https://cartelera.ar/pelicula/toy-story-5
CABA,Atlas Cines,Atlas Flores,"Rivera Indarte 44, Flores",El Final de la Calle Oak,2D Doblada,19:50,,,,https://cartelera.ar/pelicula/el-final-de-la-calle-oak
CABA,Atlas Cines,Atlas Flores,"Rivera Indarte 44, Flores",El Final de la Calle Oak,2D Doblada,22:40,,,,https://cartelera.ar/pelicula/el-final-de-la-calle-oak
CABA,Atlas Cines,Atlas Flores,"Rivera Indarte 44, Flores",PAW Patrol: La Dino Película,2D Doblada,15:10,,,,https://cartelera.ar/pelicula/paw-patrol-la-dino-pelicula
CABA,Atlas Cines,Atlas Flores,"Rivera Indarte 44, Flores",PAW Patrol: La Dino Película,2D Doblada,17:10,,,,https://cartelera.ar/pelicula/paw-patrol-la-dino-pelicula
CABA,Atlas Cines,Atlas Flores,"Rivera Indarte 44, Flores",Insidious: Fuera del más allá,2D Doblada,20:10,,,,https://cartelera.ar/pelicula/insidious-fuera-del-mas-alla
CABA,Atlas Cines,Atlas Flores,"Rivera Indarte 44, Flores",Insidious: Fuera del más allá,2D Doblada,22:20,,,,https://cartelera.ar/pelicula/insidious-fuera-del-mas-alla
CABA,Atlas Cines,Atlas Flores,"Rivera Indarte 44, Flores",Canelones,2D Doblada,22:00,,,,
CABA,Atlas Cines,Atlas Flores,"Rivera Indarte 44, Flores",Yo Narciso,2D Doblada,14:00,,,,
CABA,Atlas Cines,Atlas Flores,"Rivera Indarte 44, Flores",Yo Narciso,2D Doblada,15:10,,,,
CABA,Atlas Cines,Atlas Flores,"Rivera Indarte 44, Flores",Yo Narciso,2D Doblada,17:20,,,,
CABA,Atlas Cines,Atlas Flores,"Rivera Indarte 44, Flores",Yo Narciso,2D Doblada,19:30,,,,
CABA,Atlas Cines,Atlas Flores,"Rivera Indarte 44, Flores",Yo Narciso,2D Doblada,21:40,,,,
GBA Norte,Atlas Cines,Atlas Nordelta,"Av. de los Lagos 7008, Nordelta Centro Comercial",La invitación,2D Subtitulada,19:20,,,,https://cartelera.ar/pelicula/la-invitacion
GBA Norte,Atlas Cines,Atlas Nordelta,"Av. de los Lagos 7008, Nordelta Centro Comercial",La Odisea,2D Subtitulada,20:30,,,,https://cartelera.ar/pelicula/la-odisea
GBA Norte,Atlas Cines,Atlas Nordelta,"Av. de los Lagos 7008, Nordelta Centro Comercial",La Odisea,2D Subtitulada,21:40,,,,https://cartelera.ar/pelicula/la-odisea
GBA Norte,Atlas Cines,Atlas Nordelta,"Av. de los Lagos 7008, Nordelta Centro Comercial",Spider-Man: Un nuevo día,3D Doblada,14:30,,,,https://cartelera.ar/pelicula/spider-man-un-nuevo-dia
GBA Norte,Atlas Cines,Atlas Nordelta,"Av. de los Lagos 7008, Nordelta Centro Comercial",Spider-Man: Un nuevo día,2D Doblada,16:10,,,,https://cartelera.ar/pelicula/spider-man-un-nuevo-dia
GBA Norte,Atlas Cines,Atlas Nordelta,"Av. de los Lagos 7008, Nordelta Centro Comercial",Spider-Man: Un nuevo día,2D Doblada,17:30,,,,https://cartelera.ar/pelicula/spider-man-un-nuevo-dia
GBA Norte,Atlas Cines,Atlas Nordelta,"Av. de los Lagos 7008, Nordelta Centro Comercial",Spider-Man: Un nuevo día,2D Doblada,19:10,,,,https://cartelera.ar/pelicula/spider-man-un-nuevo-dia
GBA Norte,Atlas Cines,Atlas Nordelta,"Av. de los Lagos 7008, Nordelta Centro Comercial",Spider-Man: Un nuevo día,2D Subtitulada,22:20,,,,https://cartelera.ar/pelicula/spider-man-un-nuevo-dia
GBA Norte,Atlas Cines,Atlas Nordelta,"Av. de los Lagos 7008, Nordelta Centro Comercial",Toy Story 5,2D Doblada,14:40,,,,https://cartelera.ar/pelicula/toy-story-5
GBA Norte,Atlas Cines,Atlas Nordelta,"Av. de los Lagos 7008, Nordelta Centro Comercial",Minions & monstruos,2D Doblada,14:00,,,,https://cartelera.ar/pelicula/minions-monstruos
GBA Norte,Atlas Cines,Atlas Nordelta,"Av. de los Lagos 7008, Nordelta Centro Comercial",El Final de la Calle Oak,2D Doblada,14:00,,,,https://cartelera.ar/pelicula/el-final-de-la-calle-oak
GBA Norte,Atlas Cines,Atlas Nordelta,"Av. de los Lagos 7008, Nordelta Centro Comercial",PAW Patrol: La Dino Película,2D Doblada,15:10,,,,https://cartelera.ar/pelicula/paw-patrol-la-dino-pelicula
GBA Norte,Atlas Cines,Atlas Nordelta,"Av. de los Lagos 7008, Nordelta Centro Comercial",PAW Patrol: La Dino Película,2D Doblada,17:10,,,,https://cartelera.ar/pelicula/paw-patrol-la-dino-pelicula
GBA Norte,Atlas Cines,Atlas Nordelta,"Av. de los Lagos 7008, Nordelta Centro Comercial",La Muerte De Robin Hood,2D Subtitulada,22:30,,,,https://cartelera.ar/pelicula/la-muerte-de-robin-hood
GBA Norte,Atlas Cines,Atlas Nordelta,"Av. de los Lagos 7008, Nordelta Centro Comercial",Yo Narciso,2D Doblada,16:00,,,,
GBA Norte,Atlas Cines,Atlas Nordelta,"Av. de los Lagos 7008, Nordelta Centro Comercial",Yo Narciso,2D Doblada,18:10,,,,
GBA Norte,Atlas Cines,Atlas Nordelta,"Av. de los Lagos 7008, Nordelta Centro Comercial",Yo Narciso,2D Doblada,20:20,,,,
GBA Norte,Atlas Cines,Atlas Nordelta,"Av. de los Lagos 7008, Nordelta Centro Comercial",Yo Narciso,2D Doblada,22:30,,,,
GBA Norte,Atlas Cines,Atlas Nordelta,"Av. de los Lagos 7008, Nordelta Centro Comercial",El Gran Falsificador,2D Subtitulada,19:50,,,,
GBA Norte,Atlas Cines,Atlas Nordelta,"Av. de los Lagos 7008, Nordelta Centro Comercial",Tu Corazón Será Destrozado,2D Doblada,17:00,,,,
GBA Sur,Atlas Cines,Atlas Catan,"Camino de Cintura 2727, Shopping Catan",La Odisea,2D Doblada,21:10,,,,https://cartelera.ar/pelicula/la-odisea
GBA Sur,Atlas Cines,Atlas Catan,"Camino de Cintura 2727, Shopping Catan",Spider-Man: Un nuevo día,3D Doblada,14:20,,,,https://cartelera.ar/pelicula/spider-man-un-nuevo-dia
GBA Sur,Atlas Cines,Atlas Catan,"Camino de Cintura 2727, Shopping Catan",Spider-Man: Un nuevo día,4DX Doblada,15:20,,,,https://cartelera.ar/pelicula/spider-man-un-nuevo-dia
GBA Sur,Atlas Cines,Atlas Catan,"Camino de Cintura 2727, Shopping Catan",Spider-Man: Un nuevo día,2D Doblada,15:50,,,,https://cartelera.ar/pelicula/spider-man-un-nuevo-dia
GBA Sur,Atlas Cines,Atlas Catan,"Camino de Cintura 2727, Shopping Catan",Spider-Man: Un nuevo día,2D Doblada,17:20,,,,https://cartelera.ar/pelicula/spider-man-un-nuevo-dia
GBA Sur,Atlas Cines,Atlas Catan,"Camino de Cintura 2727, Shopping Catan",Spider-Man: Un nuevo día,4DX Doblada,18:20,,,,https://cartelera.ar/pelicula/spider-man-un-nuevo-dia
GBA Sur,Atlas Cines,Atlas Catan,"Camino de Cintura 2727, Shopping Catan",Spider-Man: Un nuevo día,2D Doblada,18:50,,,,https://cartelera.ar/pelicula/spider-man-un-nuevo-dia
GBA Sur,Atlas Cines,Atlas Catan,"Camino de Cintura 2727, Shopping Catan",Spider-Man: Un nuevo día,3D Doblada,20:20,,,,https://cartelera.ar/pelicula/spider-man-un-nuevo-dia
GBA Sur,Atlas Cines,Atlas Catan,"Camino de Cintura 2727, Shopping Catan",Spider-Man: Un nuevo día,4DX Doblada,21:20,,,,https://cartelera.ar/pelicula/spider-man-un-nuevo-dia
GBA Sur,Atlas Cines,Atlas Catan,"Camino de Cintura 2727, Shopping Catan",Spider-Man: Un nuevo día,2D Doblada,21:50,,,,https://cartelera.ar/pelicula/spider-man-un-nuevo-dia
GBA Sur,Atlas Cines,Atlas Catan,"Camino de Cintura 2727, Shopping Catan",Toy Story 5,2D Doblada,16:40,,,,https://cartelera.ar/pelicula/toy-story-5
GBA Sur,Atlas Cines,Atlas Catan,"Camino de Cintura 2727, Shopping Catan",Minions & monstruos,2D Doblada,14:40,,,,https://cartelera.ar/pelicula/minions-monstruos
GBA Sur,Atlas Cines,Atlas Catan,"Camino de Cintura 2727, Shopping Catan",El Final de la Calle Oak,2D Doblada,20:10,,,,https://cartelera.ar/pelicula/el-final-de-la-calle-oak
GBA Sur,Atlas Cines,Atlas Catan,"Camino de Cintura 2727, Shopping Catan",El Final de la Calle Oak,2D Doblada,22:20,,,,https://cartelera.ar/pelicula/el-final-de-la-calle-oak
GBA Sur,Atlas Cines,Atlas Catan,"Camino de Cintura 2727, Shopping Catan",PAW Patrol: La Dino Película,2D Doblada,14:10,,,,https://cartelera.ar/pelicula/paw-patrol-la-dino-pelicula
GBA Sur,Atlas Cines,Atlas Catan,"Camino de Cintura 2727, Shopping Catan",PAW Patrol: La Dino Película,2D Doblada,16:10,,,,https://cartelera.ar/pelicula/paw-patrol-la-dino-pelicula
GBA Sur,Atlas Cines,Atlas Catan,"Camino de Cintura 2727, Shopping Catan",PAW Patrol: La Dino Película,2D Doblada,18:10,,,,https://cartelera.ar/pelicula/paw-patrol-la-dino-pelicula
GBA Sur,Atlas Cines,Atlas Catan,"Camino de Cintura 2727, Shopping Catan",Insidious: Fuera del más allá,2D Doblada,14:50,,,,https://cartelera.ar/pelicula/insidious-fuera-del-mas-alla
GBA Sur,Atlas Cines,Atlas Catan,"Camino de Cintura 2727, Shopping Catan",Insidious: Fuera del más allá,2D Doblada,17:10,,,,https://cartelera.ar/pelicula/insidious-fuera-del-mas-alla
GBA Sur,Atlas Cines,Atlas Catan,"Camino de Cintura 2727, Shopping Catan",Insidious: Fuera del más allá,2D Doblada,19:30,,,,https://cartelera.ar/pelicula/insidious-fuera-del-mas-alla
GBA Sur,Atlas Cines,Atlas Catan,"Camino de Cintura 2727, Shopping Catan",Insidious: Fuera del más allá,2D Doblada,21:50,,,,https://cartelera.ar/pelicula/insidious-fuera-del-mas-alla
GBA Sur,Atlas Cines,Atlas Catan,"Camino de Cintura 2727, Shopping Catan",Yo Narciso,2D Doblada,19:00,,,,
CABA,Atlas Cines,Atlas Liniers,"Av. Rivadavia 11177, Liniers",Spider-Man: Un nuevo día,3D Doblada,14:30,,,,https://cartelera.ar/pelicula/spider-man-un-nuevo-dia
CABA,Atlas Cines,Atlas Liniers,"Av. Rivadavia 11177, Liniers",Spider-Man: Un nuevo día,2D Doblada,15:50,,,,https://cartelera.ar/pelicula/spider-man-un-nuevo-dia
CABA,Atlas Cines,Atlas Liniers,"Av. Rivadavia 11177, Liniers",Spider-Man: Un nuevo día,3D Doblada,17:30,,,,https://cartelera.ar/pelicula/spider-man-un-nuevo-dia
CABA,Atlas Cines,Atlas Liniers,"Av. Rivadavia 11177, Liniers",Spider-Man: Un nuevo día,2D Doblada,18:50,,,,https://cartelera.ar/pelicula/spider-man-un-nuevo-dia
CABA,Atlas Cines,Atlas Liniers,"Av. Rivadavia 11177, Liniers",Spider-Man: Un nuevo día,2D Doblada,20:40,,,,https://cartelera.ar/pelicula/spider-man-un-nuevo-dia
CABA,Atlas Cines,Atlas Liniers,"Av. Rivadavia 11177, Liniers",Spider-Man: Un nuevo día,2D Doblada,21:50,,,,https://cartelera.ar/pelicula/spider-man-un-nuevo-dia
CABA,Atlas Cines,Atlas Liniers,"Av. Rivadavia 11177, Liniers",El Final de la Calle Oak,2D Doblada,15:20,,,,https://cartelera.ar/pelicula/el-final-de-la-calle-oak
CABA,Atlas Cines,Atlas Liniers,"Av. Rivadavia 11177, Liniers",El Final de la Calle Oak,2D Doblada,19:10,,,,https://cartelera.ar/pelicula/el-final-de-la-calle-oak
CABA,Atlas Cines,Atlas Liniers,"Av. Rivadavia 11177, Liniers",PAW Patrol: La Dino Película,2D Doblada,15:00,,,,https://cartelera.ar/pelicula/paw-patrol-la-dino-pelicula
CABA,Atlas Cines,Atlas Liniers,"Av. Rivadavia 11177, Liniers",PAW Patrol: La Dino Película,2D Doblada,17:10,,,,https://cartelera.ar/pelicula/paw-patrol-la-dino-pelicula
CABA,Atlas Cines,Atlas Liniers,"Av. Rivadavia 11177, Liniers",Insidious: Fuera del más allá,2D Doblada,17:30,,,,https://cartelera.ar/pelicula/insidious-fuera-del-mas-alla
CABA,Atlas Cines,Atlas Liniers,"Av. Rivadavia 11177, Liniers",Insidious: Fuera del más allá,2D Doblada,19:50,,,,https://cartelera.ar/pelicula/insidious-fuera-del-mas-alla
CABA,Atlas Cines,Atlas Liniers,"Av. Rivadavia 11177, Liniers",Insidious: Fuera del más allá,2D Doblada,22:10,,,,https://cartelera.ar/pelicula/insidious-fuera-del-mas-alla
CABA,Atlas Cines,Atlas Liniers,"Av. Rivadavia 11177, Liniers",Yo Narciso,2D Doblada,21:20,,,,
CABA,Cine Independiente,Cine Gaumont,"Av. Rivadavia 1635, Congreso",Los Colores Del Tiempo,2D Subtitulada,16:30,,,,https://cartelera.ar/pelicula/los-colores-del-tiempo
CABA,Cine Independiente,Cine Gaumont,"Av. Rivadavia 1635, Congreso",Sin Ley (Lawless),2D Doblada,23:00,,,,https://cartelera.ar/pelicula/sin-ley-lawless
CABA,Cine Independiente,Cine Gaumont,"Av. Rivadavia 1635, Congreso",Amarga Navidad,2D Doblada,17:00,,,,https://cartelera.ar/pelicula/amarga-navidad
CABA,Cine Independiente,Cine Gaumont,"Av. Rivadavia 1635, Congreso",Una directora extraordinaria,2D Doblada,15:00,,,,https://cartelera.ar/pelicula/una-directora-extraordinaria
CABA,Cine Independiente,Cine Gaumont,"Av. Rivadavia 1635, Congreso",Canelones,2D Doblada,14:45,,,,
CABA,Cine Independiente,Cine Gaumont,"Av. Rivadavia 1635, Congreso",Canelones,2D Doblada,19:30,,,,
CABA,Cine Independiente,Cine Gaumont,"Av. Rivadavia 1635, Congreso",Yo Narciso,2D Doblada,14:30,,,,
CABA,Cine Independiente,Cine Gaumont,"Av. Rivadavia 1635, Congreso",Yo Narciso,2D Doblada,17:15,,,,
CABA,Cine Independiente,Cine Gaumont,"Av. Rivadavia 1635, Congreso",Yo Narciso,2D Doblada,22:00,,,,
CABA,Cine Independiente,Cine Gaumont,"Av. Rivadavia 1635, Congreso",Ahí donde no estás,2D Doblada,19:15,,,,
CABA,Cine Independiente,Cine Gaumont,"Av. Rivadavia 1635, Congreso",Guerra de Verano,2D Doblada,21:00,,,,
CABA,Cine Independiente,Cine Gaumont,"Av. Rivadavia 1635, Congreso",P3nd3jo5,2D Doblada,19:00,,,,
CABA,Cine Independiente,Cine Gaumont,"Av. Rivadavia 1635, Congreso",Un trago de infierno,2D Doblada,21:30,,,,
CABA,Atlas Cines,Atlas Alcorta,"Jerónimo Salguero 3172, Alcorta Shopping",La Odisea,2D Subtitulada,21:30,,,,https://cartelera.ar/pelicula/la-odisea
CABA,Atlas Cines,Atlas Alcorta,"Jerónimo Salguero 3172, Alcorta Shopping",Spider-Man: Un nuevo día,2D Doblada,15:00,,,,https://cartelera.ar/pelicula/spider-man-un-nuevo-dia
CABA,Atlas Cines,Atlas Alcorta,"Jerónimo Salguero 3172, Alcorta Shopping",PAW Patrol: La Dino Película,2D Doblada,15:30,,,,https://cartelera.ar/pelicula/paw-patrol-la-dino-pelicula
CABA,Atlas Cines,Atlas Alcorta,"Jerónimo Salguero 3172, Alcorta Shopping",PAW Patrol: La Dino Película,2D Doblada,17:30,,,,https://cartelera.ar/pelicula/paw-patrol-la-dino-pelicula
CABA,Atlas Cines,Atlas Alcorta,"Jerónimo Salguero 3172, Alcorta Shopping",Yo Narciso,2D Doblada,18:00,,,,
CABA,Atlas Cines,Atlas Alcorta,"Jerónimo Salguero 3172, Alcorta Shopping",Yo Narciso,2D Doblada,19:30,,,,
CABA,Atlas Cines,Atlas Alcorta,"Jerónimo Salguero 3172, Alcorta Shopping",Yo Narciso,2D Doblada,20:10,,,,
CABA,Atlas Cines,Atlas Alcorta,"Jerónimo Salguero 3172, Alcorta Shopping",Yo Narciso,2D Doblada,22:20,,,,
CABA,Cine Independiente,CineArte Cacodelphia,"Roque Sáenz Peña 1150, Buenos Aires",La invitación,2D Subtitulada,18:50,,,,https://cartelera.ar/pelicula/la-invitacion
CABA,Cine Independiente,CineArte Cacodelphia,"Roque Sáenz Peña 1150, Buenos Aires",Los domingos,2D Doblada,16:50,,,,https://cartelera.ar/pelicula/los-domingos
CABA,Cine Independiente,CineArte Cacodelphia,"Roque Sáenz Peña 1150, Buenos Aires",La Odisea,2D Subtitulada,15:40,,,,https://cartelera.ar/pelicula/la-odisea
CABA,Cine Independiente,CineArte Cacodelphia,"Roque Sáenz Peña 1150, Buenos Aires",Franz,2D Subtitulada,16:00,,,,https://cartelera.ar/pelicula/franz
CABA,Cine Independiente,CineArte Cacodelphia,"Roque Sáenz Peña 1150, Buenos Aires",La Muerte De Robin Hood,2D Subtitulada,20:40,,,,https://cartelera.ar/pelicula/la-muerte-de-robin-hood
CABA,Cine Independiente,CineArte Cacodelphia,"Roque Sáenz Peña 1150, Buenos Aires","Adolescencia, sexo y muerte en campamento Miasma",2D Subtitulada,20:50,,,,https://cartelera.ar/pelicula/adolescencia-sexo-y-muerte-en-campamento-miasma
CABA,Cine Independiente,CineArte Cacodelphia,"Roque Sáenz Peña 1150, Buenos Aires",El Gran Falsificador,2D Subtitulada,18:20,,,,
CABA,Cine Independiente,CineArte Cacodelphia,"Roque Sáenz Peña 1150, Buenos Aires",El Amante - Ciclo Cine y Libros,2D Subtitulada,19:00,,,,
CABA,Atlas Cines,Atlas Patio Bullrich,"Av. del Libertador 750, Patio Bullrich",Los Colores Del Tiempo,2D Subtitulada,18:40,,,,https://cartelera.ar/pelicula/los-colores-del-tiempo
CABA,Atlas Cines,Atlas Patio Bullrich,"Av. del Libertador 750, Patio Bullrich",La invitación,2D Subtitulada,16:40,,,,https://cartelera.ar/pelicula/la-invitacion
CABA,Atlas Cines,Atlas Patio Bullrich,"Av. del Libertador 750, Patio Bullrich",La invitación,2D Subtitulada,21:40,,,,https://cartelera.ar/pelicula/la-invitacion
CABA,Atlas Cines,Atlas Patio Bullrich,"Av. del Libertador 750, Patio Bullrich",La Odisea,2D Subtitulada,17:20,,,,https://cartelera.ar/pelicula/la-odisea
CABA,Atlas Cines,Atlas Patio Bullrich,"Av. del Libertador 750, Patio Bullrich",La Odisea,2D Subtitulada,20:40,,,,https://cartelera.ar/pelicula/la-odisea
CABA,Atlas Cines,Atlas Patio Bullrich,"Av. del Libertador 750, Patio Bullrich",La Muerte De Robin Hood,2D Subtitulada,16:00,,,,https://cartelera.ar/pelicula/la-muerte-de-robin-hood
CABA,Atlas Cines,Atlas Patio Bullrich,"Av. del Libertador 750, Patio Bullrich",La Muerte De Robin Hood,2D Subtitulada,21:20,,,,https://cartelera.ar/pelicula/la-muerte-de-robin-hood
CABA,Atlas Cines,Atlas Patio Bullrich,"Av. del Libertador 750, Patio Bullrich",Yo Narciso,2D Doblada,17:40,,,,
CABA,Atlas Cines,Atlas Patio Bullrich,"Av. del Libertador 750, Patio Bullrich",Yo Narciso,2D Doblada,19:50,,,,
CABA,Atlas Cines,Atlas Patio Bullrich,"Av. del Libertador 750, Patio Bullrich",Yo Narciso,2D Doblada,22:00,,,,
CABA,Atlas Cines,Atlas Patio Bullrich,"Av. del Libertador 750, Patio Bullrich",El Gran Falsificador,2D Subtitulada,19:00,,,,
