zona,cadena,cine,direccion,pelicula,formato,horario,precio_general,precio_jubilado,precio_menor,url_pelicula
CABA,Cinépolis,Cinépolis Recoleta,"Vicente López 2050, Recoleta",La invitación,2D Subtitulada,21:00,,,,https://cartelera.ar/pelicula/la-invitacion
CABA,Cinépolis,Cinépolis Recoleta,"Vicente López 2050, Recoleta",La invitación,2D Subtitulada,23:00,,,,https://cartelera.ar/pelicula/la-invitacion
CABA,Cinépolis,Cinépolis Recoleta,"Vicente López 2050, Recoleta",La Odisea,2D Subtitulada,18:00,,,,https://cartelera.ar/pelicula/la-odisea
CABA,Cinépolis,Cinépolis Recoleta,"Vicente López 2050, Recoleta",La Odisea,2D Subtitulada,19:00,,,,https://cartelera.ar/pelicula/la-odisea
CABA,Cinépolis,Cinépolis Recoleta,"Vicente López 2050, Recoleta",La Odisea,2D Subtitulada,21:40,,,,https://cartelera.ar/pelicula/la-odisea
CABA,Cinépolis,Cinépolis Recoleta,"Vicente López 2050, Recoleta",La Odisea,2D Subtitulada,22:40,,,,https://cartelera.ar/pelicula/la-odisea
CABA,Cinépolis,Cinépolis Recoleta,"Vicente López 2050, Recoleta",Spider-Man: Un nuevo día,2D Subtitulada,19:20,,,,https://cartelera.ar/pelicula/spider-man-un-nuevo-dia
CABA,Cinépolis,Cinépolis Recoleta,"Vicente López 2050, Recoleta",Spider-Man: Un nuevo día,2D Subtitulada,22:30,,,,https://cartelera.ar/pelicula/spider-man-un-nuevo-dia
CABA,Cinépolis,Cinépolis Recoleta,"Vicente López 2050, Recoleta",El Final de la Calle Oak,2D Subtitulada,22:45,,,,https://cartelera.ar/pelicula/el-final-de-la-calle-oak
CABA,Cinépolis,Cinépolis Recoleta,"Vicente López 2050, Recoleta",La noche del demonio: Están entre nosotros,2D Subtitulada,20:30,,,,https://cartelera.ar/pelicula/la-noche-del-demonio-estan-entre-nosotros
CABA,Cinépolis,Cinépolis Recoleta,"Vicente López 2050, Recoleta",La noche del demonio: Están entre nosotros,2D Subtitulada,23:30,,,,https://cartelera.ar/pelicula/la-noche-del-demonio-estan-entre-nosotros
CABA,Cinépolis,Cinépolis Recoleta,"Vicente López 2050, Recoleta",Harry Potter y la piedra filosofal,2D Subtitulada,22:15,,,,https://cartelera.ar/pelicula/harry-potter-y-la-piedra-filosofal
CABA,Cinépolis,Cinépolis Recoleta,"Vicente López 2050, Recoleta",Yo Narciso,2D Doblada,17:40,,,,
CABA,Cinépolis,Cinépolis Recoleta,"Vicente López 2050, Recoleta",Yo Narciso,2D Doblada,18:45,,,,
CABA,Cinépolis,Cinépolis Recoleta,"Vicente López 2050, Recoleta",Yo Narciso,2D Doblada,20:00,,,,
CABA,Cinépolis,Cinépolis Recoleta,"Vicente López 2050, Recoleta",Yo Narciso,2D Doblada,22:20,,,,
CABA,Cinépolis,Cinépolis Recoleta,"Vicente López 2050, Recoleta","Adolescencia, sexo y muerte en campamento Miasma",2D Subtitulada,23:00,,,,https://cartelera.ar/pelicula/adolescencia-sexo-y-muerte-en-campamento-miasma
CABA,Cinépolis,Cinépolis Recoleta,"Vicente López 2050, Recoleta",El Gran Falsificador,2D Subtitulada,17:40,,,,
CABA,Atlas Cines,Atlas Caballito,"Rivadavia 5071, Caballito",La invitación,2D Subtitulada,22:00,,,,https://cartelera.ar/pelicula/la-invitacion
CABA,Atlas Cines,Atlas Caballito,"Rivadavia 5071, Caballito",La Odisea,2D Subtitulada,19:00,,,,https://cartelera.ar/pelicula/la-odisea
CABA,Atlas Cines,Atlas Caballito,"Rivadavia 5071, Caballito",La Odisea,2D Subtitulada,22:30,,,,https://cartelera.ar/pelicula/la-odisea
CABA,Atlas Cines,Atlas Caballito,"Rivadavia 5071, Caballito",Spider-Man: Un nuevo día,4DX Doblada,18:40,,,,https://cartelera.ar/pelicula/spider-man-un-nuevo-dia
CABA,Atlas Cines,Atlas Caballito,"Rivadavia 5071, Caballito",Spider-Man: Un nuevo día,2D Subtitulada,19:30,,,,https://cartelera.ar/pelicula/spider-man-un-nuevo-dia
CABA,Atlas Cines,Atlas Caballito,"Rivadavia 5071, Caballito",Spider-Man: Un nuevo día,4DX Doblada,21:40,,,,https://cartelera.ar/pelicula/spider-man-un-nuevo-dia
CABA,Atlas Cines,Atlas Caballito,"Rivadavia 5071, Caballito",Spider-Man: Un nuevo día,2D Subtitulada,22:30,,,,https://cartelera.ar/pelicula/spider-man-un-nuevo-dia
CABA,Atlas Cines,Atlas Caballito,"Rivadavia 5071, Caballito",Impacto mortal,2D Doblada,18:40,,,,https://cartelera.ar/pelicula/impacto-mortal
CABA,Atlas Cines,Atlas Caballito,"Rivadavia 5071, Caballito",Impacto mortal,2D Doblada,23:10,,,,https://cartelera.ar/pelicula/impacto-mortal
CABA,Atlas Cines,Atlas Caballito,"Rivadavia 5071, Caballito",Solo por una noche,2D Subtitulada,21:00,,,,https://cartelera.ar/pelicula/solo-por-una-noche
CABA,Atlas Cines,Atlas Caballito,"Rivadavia 5071, Caballito",Harry Potter y la piedra filosofal,2D Doblada,19:20,,,,https://cartelera.ar/pelicula/harry-potter-y-la-piedra-filosofal
CABA,Atlas Cines,Atlas Caballito,"Rivadavia 5071, Caballito",La constelación del perro,2D Doblada,18:00,,,,https://cartelera.ar/pelicula/la-constelacion-del-perro
CABA,Atlas Cines,Atlas Caballito,"Rivadavia 5071, Caballito",La constelación del perro,2D Subtitulada,20:30,,,,https://cartelera.ar/pelicula/la-constelacion-del-perro
CABA,Atlas Cines,Atlas Caballito,"Rivadavia 5071, Caballito",La constelación del perro,2D Subtitulada,23:00,,,,https://cartelera.ar/pelicula/la-constelacion-del-perro
CABA,Atlas Cines,Atlas Caballito,"Rivadavia 5071, Caballito",Coyote vs. Acme,2D Doblada,19:40,,,,https://cartelera.ar/pelicula/coyote-vs-acme
CABA,Atlas Cines,Atlas Caballito,"Rivadavia 5071, Caballito",Insidious: Fuera del más allá,2D Doblada,18:10,,,,https://cartelera.ar/pelicula/insidious-fuera-del-mas-alla
CABA,Atlas Cines,Atlas Caballito,"Rivadavia 5071, Caballito",Insidious: Fuera del más allá,2D Doblada,20:30,,,,https://cartelera.ar/pelicula/insidious-fuera-del-mas-alla
CABA,Atlas Cines,Atlas Caballito,"Rivadavia 5071, Caballito",Insidious: Fuera del más allá,2D Subtitulada,22:50,,,,https://cartelera.ar/pelicula/insidious-fuera-del-mas-alla
CABA,Atlas Cines,Atlas Caballito,"Rivadavia 5071, Caballito",Yo Narciso,2D Doblada,18:20,,,,
CABA,Atlas Cines,Atlas Caballito,"Rivadavia 5071, Caballito",Yo Narciso,2D Doblada,20:40,,,,
CABA,Atlas Cines,Atlas Caballito,"Rivadavia 5071, Caballito",Yo Narciso,2D Doblada,22:50,,,,
CABA,Atlas Cines,Atlas Caballito,"Rivadavia 5071, Caballito",Lu & Pau,2D Doblada,22:40,,,,
GBA Norte,Cinépolis,Cinépolis Pilar,"Panamericana Km. 50, Pilar",La Odisea,2D Subtitulada,18:20,,,,https://cartelera.ar/pelicula/la-odisea
GBA Norte,Cinépolis,Cinépolis Pilar,"Panamericana Km. 50, Pilar",La Odisea,2D Subtitulada,22:00,,,,https://cartelera.ar/pelicula/la-odisea
GBA Norte,Cinépolis,Cinépolis Pilar,"Panamericana Km. 50, Pilar",Spider-Man: Un nuevo día,2D Subtitulada,19:10,,,,https://cartelera.ar/pelicula/spider-man-un-nuevo-dia
GBA Norte,Cinépolis,Cinépolis Pilar,"Panamericana Km. 50, Pilar",Spider-Man: Un nuevo día,3D Doblada,22:15,,,,https://cartelera.ar/pelicula/spider-man-un-nuevo-dia
GBA Norte,Cinépolis,Cinépolis Pilar,"Panamericana Km. 50, Pilar",El Final de la Calle Oak,2D Subtitulada,22:40,,,,https://cartelera.ar/pelicula/el-final-de-la-calle-oak
GBA Norte,Cinépolis,Cinépolis Pilar,"Panamericana Km. 50, Pilar",La noche del demonio: Están entre nosotros,2D Doblada,18:05,,,,https://cartelera.ar/pelicula/la-noche-del-demonio-estan-entre-nosotros
GBA Norte,Cinépolis,Cinépolis Pilar,"Panamericana Km. 50, Pilar",La noche del demonio: Están entre nosotros,2D Doblada,20:25,,,,https://cartelera.ar/pelicula/la-noche-del-demonio-estan-entre-nosotros
GBA Norte,Cinépolis,Cinépolis Pilar,"Panamericana Km. 50, Pilar",La noche del demonio: Están entre nosotros,2D Subtitulada,22:50,,,,https://cartelera.ar/pelicula/la-noche-del-demonio-estan-entre-nosotros
GBA Norte,Cinépolis,Cinépolis Pilar,"Panamericana Km. 50, Pilar",Harry Potter y la piedra filosofal,2D Doblada,19:30,,,,https://cartelera.ar/pelicula/harry-potter-y-la-piedra-filosofal
GBA Norte,Cinépolis,Cinépolis Pilar,"Panamericana Km. 50, Pilar",Yo Narciso,2D Doblada,18:00,,,,
GBA Norte,Cinépolis,Cinépolis Pilar,"Panamericana Km. 50, Pilar",Yo Narciso,2D Doblada,20:15,,,,
GBA Norte,Cinépolis,Cinépolis Pilar,"Panamericana Km. 50, Pilar",Yo Narciso,2D Doblada,22:30,,,,
GBA Norte,Multiplex,Multiplex Pilar,"Las Magnolias 754, Palmas del Pilar",Coyote vs. Acme,2D Doblada,19:10,,,,https://multiplex.com.ar/peliculas/coyote-vs-acme/
GBA Norte,Multiplex,Multiplex Pilar,"Las Magnolias 754, Palmas del Pilar",Harry Potter y la piedra filosofal,2D Doblada,18:00,,,,https://multiplex.com.ar/peliculas/harry-potter-y-la-piedra-filosofal/
GBA Norte,Multiplex,Multiplex Pilar,"Las Magnolias 754, Palmas del Pilar",Harry Potter y la piedra filosofal,2D Subtitulada,20:00,,,,https://multiplex.com.ar/peliculas/harry-potter-y-la-piedra-filosofal/
GBA Norte,Multiplex,Multiplex Pilar,"Las Magnolias 754, Palmas del Pilar",Impacto mortal,2D Doblada,23:10,,,,https://multiplex.com.ar/peliculas/impacto-mortal/
GBA Norte,Multiplex,Multiplex Pilar,"Las Magnolias 754, Palmas del Pilar",La constelación del perro,2D Doblada,18:10,,,,https://cartelera.ar/pelicula/la-constelacion-del-perro
GBA Norte,Multiplex,Multiplex Pilar,"Las Magnolias 754, Palmas del Pilar",La constelación del perro,2D Subtitulada,20:30,,,,https://cartelera.ar/pelicula/la-constelacion-del-perro
GBA Norte,Multiplex,Multiplex Pilar,"Las Magnolias 754, Palmas del Pilar",La constelación del perro,2D Doblada,22:50,,,,https://cartelera.ar/pelicula/la-constelacion-del-perro
GBA Norte,Multiplex,Multiplex Pilar,"Las Magnolias 754, Palmas del Pilar",La Guerra De Los Ultimos,2D Subtitulada,20:30,,,,https://multiplex.com.ar/peliculas/la-guerra-de-los-ultimos/
GBA Norte,Multiplex,Multiplex Pilar,"Las Magnolias 754, Palmas del Pilar",La Guerra De Los Ultimos,2D Doblada,18:10,,,,https://multiplex.com.ar/peliculas/la-guerra-de-los-ultimos/
GBA Norte,Multiplex,Multiplex Pilar,"Las Magnolias 754, Palmas del Pilar",La Guerra De Los Ultimos,2D Doblada,22:50,,,,https://multiplex.com.ar/peliculas/la-guerra-de-los-ultimos/
GBA Norte,Multiplex,Multiplex Pilar,"Las Magnolias 754, Palmas del Pilar",La invitación,2D Subtitulada,23:10,,,,https://multiplex.com.ar/peliculas/la-invitacion/
GBA Norte,Multiplex,Multiplex Pilar,"Las Magnolias 754, Palmas del Pilar",La noche del demonio: Están entre nosotros,2D Doblada,17:40,,,,https://multiplex.com.ar/peliculas/la-noche-del-demonio-estan-entre-nosotros/
GBA Norte,Multiplex,Multiplex Pilar,"Las Magnolias 754, Palmas del Pilar",La noche del demonio: Están entre nosotros,2D Doblada,20:40,,,,https://multiplex.com.ar/peliculas/la-noche-del-demonio-estan-entre-nosotros/
GBA Norte,Multiplex,Multiplex Pilar,"Las Magnolias 754, Palmas del Pilar",La noche del demonio: Están entre nosotros,2D Doblada,23:00,,,,https://multiplex.com.ar/peliculas/la-noche-del-demonio-estan-entre-nosotros/
GBA Norte,Multiplex,Multiplex Pilar,"Las Magnolias 754, Palmas del Pilar",La Odisea,PLATINUM 2D Subtitulada,18:40,,,,https://multiplex.com.ar/peliculas/la-odisea/
GBA Norte,Multiplex,Multiplex Pilar,"Las Magnolias 754, Palmas del Pilar",La Odisea,2D Subtitulada,21:20,,,,https://multiplex.com.ar/peliculas/la-odisea/
GBA Norte,Multiplex,Multiplex Pilar,"Las Magnolias 754, Palmas del Pilar",La Odisea,PLATINUM 2D Subtitulada,22:10,,,,https://multiplex.com.ar/peliculas/la-odisea/
GBA Norte,Multiplex,Multiplex Pilar,"Las Magnolias 754, Palmas del Pilar",Solo por una noche,2D Doblada,21:10,,,,https://multiplex.com.ar/peliculas/solo-por-una-noche/
GBA Norte,Multiplex,Multiplex Pilar,"Las Magnolias 754, Palmas del Pilar",Spider-Man: Un nuevo día,2D Doblada,17:50,,,,https://multiplex.com.ar/peliculas/spider-man-un-dia-nuevo/
GBA Norte,Multiplex,Multiplex Pilar,"Las Magnolias 754, Palmas del Pilar",Spider-Man: Un nuevo día,4D (3D) Doblada,19:10,,,,https://multiplex.com.ar/peliculas/spider-man-un-dia-nuevo/
GBA Norte,Multiplex,Multiplex Pilar,"Las Magnolias 754, Palmas del Pilar",Spider-Man: Un nuevo día,2D Doblada,19:50,,,,https://multiplex.com.ar/peliculas/spider-man-un-dia-nuevo/
GBA Norte,Multiplex,Multiplex Pilar,"Las Magnolias 754, Palmas del Pilar",Spider-Man: Un nuevo día,4D (3D) Doblada,22:00,,,,https://multiplex.com.ar/peliculas/spider-man-un-dia-nuevo/
GBA Norte,Multiplex,Multiplex Pilar,"Las Magnolias 754, Palmas del Pilar",Spider-Man: Un nuevo día,2D Doblada,22:40,,,,https://multiplex.com.ar/peliculas/spider-man-un-dia-nuevo/
GBA Norte,Multiplex,Multiplex Pilar,"Las Magnolias 754, Palmas del Pilar",Yo Narciso,2D Doblada,18:30,,,,https://multiplex.com.ar/peliculas/yo-narciso/
GBA Norte,Multiplex,Multiplex Pilar,"Las Magnolias 754, Palmas del Pilar",Yo Narciso,2D Doblada,20:30,,,,https://multiplex.com.ar/peliculas/yo-narciso/
GBA Norte,Multiplex,Multiplex Pilar,"Las Magnolias 754, Palmas del Pilar",Yo Narciso,2D Doblada,22:30,,,,https://multiplex.com.ar/peliculas/yo-narciso/
GBA Sur,Multiplex,Multiplex Canning,"Formosa 653, Canning (Shopping Las Toscas)",Coyote vs. Acme,2D Doblada,18:00,,,,https://multiplex.com.ar/peliculas/coyote-vs-acme/
GBA Sur,Multiplex,Multiplex Canning,"Formosa 653, Canning (Shopping Las Toscas)",La constelación del perro,2D Doblada,20:20,,,,https://cartelera.ar/pelicula/la-constelacion-del-perro
GBA Sur,Multiplex,Multiplex Canning,"Formosa 653, Canning (Shopping Las Toscas)",La constelación del perro,2D Subtitulada,22:50,,,,https://cartelera.ar/pelicula/la-constelacion-del-perro
GBA Sur,Multiplex,Multiplex Canning,"Formosa 653, Canning (Shopping Las Toscas)",La Guerra De Los Ultimos,2D Subtitulada,22:50,,,,https://multiplex.com.ar/peliculas/la-guerra-de-los-ultimos/
GBA Sur,Multiplex,Multiplex Canning,"Formosa 653, Canning (Shopping Las Toscas)",La Guerra De Los Ultimos,2D Doblada,20:20,,,,https://multiplex.com.ar/peliculas/la-guerra-de-los-ultimos/
GBA Sur,Multiplex,Multiplex Canning,"Formosa 653, Canning (Shopping Las Toscas)",La noche del demonio: Están entre nosotros,2D Doblada,20:40,,,,https://multiplex.com.ar/peliculas/la-noche-del-demonio-estan-entre-nosotros/
GBA Sur,Multiplex,Multiplex Canning,"Formosa 653, Canning (Shopping Las Toscas)",La noche del demonio: Están entre nosotros,2D Doblada,22:50,,,,https://multiplex.com.ar/peliculas/la-noche-del-demonio-estan-entre-nosotros/
GBA Sur,Multiplex,Multiplex Canning,"Formosa 653, Canning (Shopping Las Toscas)",La Odisea,2D Doblada,19:30,,,,https://multiplex.com.ar/peliculas/la-odisea/
GBA Sur,Multiplex,Multiplex Canning,"Formosa 653, Canning (Shopping Las Toscas)",La Odisea,4D (2D) Doblada,22:00,,,,https://multiplex.com.ar/peliculas/la-odisea/
GBA Sur,Multiplex,Multiplex Canning,"Formosa 653, Canning (Shopping Las Toscas)",Obsesión,2D Doblada,22:55,,,,https://multiplex.com.ar/peliculas/obsesion/
GBA Sur,Multiplex,Multiplex Canning,"Formosa 653, Canning (Shopping Las Toscas)",Solo por una noche,2D Doblada,18:10,,,,https://multiplex.com.ar/peliculas/solo-por-una-noche/
GBA Sur,Multiplex,Multiplex Canning,"Formosa 653, Canning (Shopping Las Toscas)",Spider-Man: Un nuevo día,2D Doblada,17:50,,,,https://multiplex.com.ar/peliculas/spider-man-un-dia-nuevo/
GBA Sur,Multiplex,Multiplex Canning,"Formosa 653, Canning (Shopping Las Toscas)",Spider-Man: Un nuevo día,4D (3D) Doblada,19:20,,,,https://multiplex.com.ar/peliculas/spider-man-un-dia-nuevo/
GBA Sur,Multiplex,Multiplex Canning,"Formosa 653, Canning (Shopping Las Toscas)",Spider-Man: Un nuevo día,2D Doblada,20:10,,,,https://multiplex.com.ar/peliculas/spider-man-un-dia-nuevo/
GBA Sur,Multiplex,Multiplex Canning,"Formosa 653, Canning (Shopping Las Toscas)",Spider-Man: Un nuevo día,2D Doblada,22:45,,,,https://multiplex.com.ar/peliculas/spider-man-un-dia-nuevo/
GBA Sur,Multiplex,Multiplex Canning,"Formosa 653, Canning (Shopping Las Toscas)",Yo Narciso,2D Doblada,20:40,,,,https://multiplex.com.ar/peliculas/yo-narciso/
GBA Sur,Multiplex,Multiplex Canning,"Formosa 653, Canning (Shopping Las Toscas)",Yo Narciso,2D Doblada,22:40,,,,https://multiplex.com.ar/peliculas/yo-narciso/
GBA Sur,Cinépolis,Cinépolis Avellaneda,"Av. Mitre 2702, Avellaneda",La Odisea,2D Doblada,18:30,,,,https://cartelera.ar/pelicula/la-odisea
GBA Sur,Cinépolis,Cinépolis Avellaneda,"Av. Mitre 2702, Avellaneda",La Odisea,2D Subtitulada,22:15,,,,https://cartelera.ar/pelicula/la-odisea
GBA Sur,Cinépolis,Cinépolis Avellaneda,"Av. Mitre 2702, Avellaneda",Spider-Man: Un nuevo día,2D Doblada,18:45,,,,https://cartelera.ar/pelicula/spider-man-un-nuevo-dia
GBA Sur,Cinépolis,Cinépolis Avellaneda,"Av. Mitre 2702, Avellaneda",Spider-Man: Un nuevo día,3D Doblada,19:00,,,,https://cartelera.ar/pelicula/spider-man-un-nuevo-dia
GBA Sur,Cinépolis,Cinépolis Avellaneda,"Av. Mitre 2702, Avellaneda",Spider-Man: Un nuevo día,3D Doblada,19:40,,,,https://cartelera.ar/pelicula/spider-man-un-nuevo-dia
GBA Sur,Cinépolis,Cinépolis Avellaneda,"Av. Mitre 2702, Avellaneda",Spider-Man: Un nuevo día,2D Subtitulada,22:00,,,,https://cartelera.ar/pelicula/spider-man-un-nuevo-dia
GBA Sur,Cinépolis,Cinépolis Avellaneda,"Av. Mitre 2702, Avellaneda",Spider-Man: Un nuevo día,2D Doblada,23:00,,,,https://cartelera.ar/pelicula/spider-man-un-nuevo-dia
GBA Sur,Cinépolis,Cinépolis Avellaneda,"Av. Mitre 2702, Avellaneda",El Final de la Calle Oak,2D Doblada,21:00,,,,https://cartelera.ar/pelicula/el-final-de-la-calle-oak
GBA Sur,Cinépolis,Cinépolis Avellaneda,"Av. Mitre 2702, Avellaneda",El Final de la Calle Oak,2D Doblada,23:30,,,,https://cartelera.ar/pelicula/el-final-de-la-calle-oak
GBA Sur,Cinépolis,Cinépolis Avellaneda,"Av. Mitre 2702, Avellaneda",La noche del demonio: Están entre nosotros,2D Doblada,18:10,,,,https://cartelera.ar/pelicula/la-noche-del-demonio-estan-entre-nosotros
GBA Sur,Cinépolis,Cinépolis Avellaneda,"Av. Mitre 2702, Avellaneda",La noche del demonio: Están entre nosotros,2D Doblada,20:50,,,,https://cartelera.ar/pelicula/la-noche-del-demonio-estan-entre-nosotros
GBA Sur,Cinépolis,Cinépolis Avellaneda,"Av. Mitre 2702, Avellaneda",La noche del demonio: Están entre nosotros,2D Subtitulada,23:05,,,,https://cartelera.ar/pelicula/la-noche-del-demonio-estan-entre-nosotros
GBA Sur,Cinépolis,Cinépolis Avellaneda,"Av. Mitre 2702, Avellaneda",La noche del demonio: Están entre nosotros,2D Doblada,23:30,,,,https://cartelera.ar/pelicula/la-noche-del-demonio-estan-entre-nosotros
GBA Sur,Cinépolis,Cinépolis Avellaneda,"Av. Mitre 2702, Avellaneda",Harry Potter y la piedra filosofal,2D Doblada,19:30,,,,https://cartelera.ar/pelicula/harry-potter-y-la-piedra-filosofal
GBA Sur,Cinépolis,Cinépolis Avellaneda,"Av. Mitre 2702, Avellaneda",Harry Potter y la piedra filosofal,2D Subtitulada,22:15,,,,https://cartelera.ar/pelicula/harry-potter-y-la-piedra-filosofal
GBA Sur,Cinépolis,Cinépolis Avellaneda,"Av. Mitre 2702, Avellaneda",Yo Narciso,2D Doblada,17:45,,,,
GBA Sur,Cinépolis,Cinépolis Avellaneda,"Av. Mitre 2702, Avellaneda",Yo Narciso,2D Doblada,18:10,,,,
GBA Sur,Cinépolis,Cinépolis Avellaneda,"Av. Mitre 2702, Avellaneda",Yo Narciso,2D Doblada,20:10,,,,
GBA Sur,Cinépolis,Cinépolis Avellaneda,"Av. Mitre 2702, Avellaneda",Yo Narciso,2D Doblada,20:35,,,,
GBA Sur,Cinépolis,Cinépolis Avellaneda,"Av. Mitre 2702, Avellaneda",Yo Narciso,2D Doblada,22:30,,,,
GBA Sur,Cinépolis,Cinépolis Avellaneda,"Av. Mitre 2702, Avellaneda",Yo Narciso,2D Doblada,23:00,,,,
CABA,Multiplex,Multiplex Belgrano,"Vuelta de Obligado 2199, Belgrano",Coyote vs. Acme,2D Subtitulada,18:35,,,,https://multiplex.com.ar/peliculas/coyote-vs-acme/
CABA,Multiplex,Multiplex Belgrano,"Vuelta de Obligado 2199, Belgrano",Coyote vs. Acme,2D Subtitulada,20:40,,,,https://multiplex.com.ar/peliculas/coyote-vs-acme/
CABA,Multiplex,Multiplex Belgrano,"Vuelta de Obligado 2199, Belgrano",Coyote vs. Acme,2D Subtitulada,22:45,,,,https://multiplex.com.ar/peliculas/coyote-vs-acme/
CABA,Multiplex,Multiplex Belgrano,"Vuelta de Obligado 2199, Belgrano",Harry Potter y la piedra filosofal,COMFORT PLUS 2D Subtitulada,19:50,,,,https://multiplex.com.ar/peliculas/harry-potter-y-la-piedra-filosofal/
CABA,Multiplex,Multiplex Belgrano,"Vuelta de Obligado 2199, Belgrano",La constelación del perro,2D Subtitulada,18:10,,,,https://cartelera.ar/pelicula/la-constelacion-del-perro
CABA,Multiplex,Multiplex Belgrano,"Vuelta de Obligado 2199, Belgrano",La constelación del perro,2D Subtitulada,20:25,,,,https://cartelera.ar/pelicula/la-constelacion-del-perro
CABA,Multiplex,Multiplex Belgrano,"Vuelta de Obligado 2199, Belgrano",La constelación del perro,2D Subtitulada,22:40,,,,https://cartelera.ar/pelicula/la-constelacion-del-perro
CABA,Multiplex,Multiplex Belgrano,"Vuelta de Obligado 2199, Belgrano",La Guerra De Los Ultimos,2D Subtitulada,18:10,,,,https://multiplex.com.ar/peliculas/la-guerra-de-los-ultimos/
CABA,Multiplex,Multiplex Belgrano,"Vuelta de Obligado 2199, Belgrano",La Guerra De Los Ultimos,2D Subtitulada,20:25,,,,https://multiplex.com.ar/peliculas/la-guerra-de-los-ultimos/
CABA,Multiplex,Multiplex Belgrano,"Vuelta de Obligado 2199, Belgrano",La Guerra De Los Ultimos,2D Subtitulada,22:40,,,,https://multiplex.com.ar/peliculas/la-guerra-de-los-ultimos/
CABA,Multiplex,Multiplex Belgrano,"Vuelta de Obligado 2199, Belgrano",La invitación,COMFORT PLUS 2D Subtitulada,18:10,,,,https://multiplex.com.ar/peliculas/la-invitacion/
CABA,Multiplex,Multiplex Belgrano,"Vuelta de Obligado 2199, Belgrano",La invitación,COMFORT PLUS 2D Subtitulada,22:10,,,,https://multiplex.com.ar/peliculas/la-invitacion/
CABA,Multiplex,Multiplex Belgrano,"Vuelta de Obligado 2199, Belgrano",La noche del demonio: Están entre nosotros,COMFORT PLUS 2D Subtitulada,22:50,,,,https://multiplex.com.ar/peliculas/la-noche-del-demonio-estan-entre-nosotros/
CABA,Multiplex,Multiplex Belgrano,"Vuelta de Obligado 2199, Belgrano",La Odisea,4D + 2D Subtitulada,22:00,,,,https://multiplex.com.ar/peliculas/la-odisea/
CABA,Multiplex,Multiplex Belgrano,"Vuelta de Obligado 2199, Belgrano",La Odisea,COMFORT PLUS 2D Subtitulada,22:00,,,,https://multiplex.com.ar/peliculas/la-odisea/
CABA,Multiplex,Multiplex Belgrano,"Vuelta de Obligado 2199, Belgrano",Los Colores Del Tiempo,COMFORT PLUS 2D Subtitulada,17:40,,,,https://multiplex.com.ar/peliculas/los-colores-del-tiempo/
CABA,Multiplex,Multiplex Belgrano,"Vuelta de Obligado 2199, Belgrano",Los Colores Del Tiempo,COMFORT PLUS 2D Subtitulada,20:10,,,,https://multiplex.com.ar/peliculas/los-colores-del-tiempo/
CABA,Multiplex,Multiplex Belgrano,"Vuelta de Obligado 2199, Belgrano",Obsesión,2D Subtitulada,22:50,,,,https://multiplex.com.ar/peliculas/obsesion/
CABA,Multiplex,Multiplex Belgrano,"Vuelta de Obligado 2199, Belgrano",Solo por una noche,2D Subtitulada,18:50,,,,https://multiplex.com.ar/peliculas/solo-por-una-noche/
CABA,Multiplex,Multiplex Belgrano,"Vuelta de Obligado 2199, Belgrano",Spider-Man: Un nuevo día,4D + 3D Doblada,19:20,,,,https://multiplex.com.ar/peliculas/spider-man-un-dia-nuevo/
CABA,Multiplex,Multiplex Belgrano,"Vuelta de Obligado 2199, Belgrano",Spider-Man: Un nuevo día,COMFORT PLUS 2D Subtitulada,22:40,,,,https://multiplex.com.ar/peliculas/spider-man-un-dia-nuevo/
CABA,Multiplex,Multiplex Belgrano,"Vuelta de Obligado 2199, Belgrano",Tierra De Crimen,COMFORT PLUS 2D Subtitulada,19:45,,,,https://multiplex.com.ar/peliculas/tierra-de-crimen/
CABA,Multiplex,Multiplex Belgrano,"Vuelta de Obligado 2199, Belgrano",Toy Story 5,2D Doblada,20:50,,,,https://multiplex.com.ar/peliculas/toy-story-5/
CABA,Multiplex,Multiplex Belgrano,"Vuelta de Obligado 2199, Belgrano",Yo Narciso,COMFORT PLUS 2D Doblada,17:45,,,,https://multiplex.com.ar/peliculas/yo-narciso/
CABA,Multiplex,Multiplex Belgrano,"Vuelta de Obligado 2199, Belgrano",Yo Narciso,2D + COMFORT PLUS Doblada,19:30,,,,https://multiplex.com.ar/peliculas/yo-narciso/
CABA,Multiplex,Multiplex Belgrano,"Vuelta de Obligado 2199, Belgrano",Yo Narciso,COMFORT PLUS 2D Doblada,20:15,,,,https://multiplex.com.ar/peliculas/yo-narciso/
CABA,Multiplex,Multiplex Belgrano,"Vuelta de Obligado 2199, Belgrano",Yo Narciso,COMFORT PLUS 2D Doblada,20:45,,,,https://multiplex.com.ar/peliculas/yo-narciso/
CABA,Multiplex,Multiplex Belgrano,"Vuelta de Obligado 2199, Belgrano",Yo Narciso,2D + COMFORT PLUS Doblada,21:30,,,,https://multiplex.com.ar/peliculas/yo-narciso/
CABA,Multiplex,Multiplex Belgrano,"Vuelta de Obligado 2199, Belgrano",Yo Narciso,COMFORT PLUS 2D Doblada,22:40,,,,https://multiplex.com.ar/peliculas/yo-narciso/
CABA,Multiplex,Multiplex Lavalle,"Lavalle 780, CABA",Coyote vs. Acme,2D Doblada,19:55,,,,https://multiplex.com.ar/peliculas/coyote-vs-acme/
CABA,Multiplex,Multiplex Lavalle,"Lavalle 780, CABA",Harry Potter y la piedra filosofal,2D Subtitulada,20:05,,,,https://multiplex.com.ar/peliculas/harry-potter-y-la-piedra-filosofal/
CABA,Multiplex,Multiplex Lavalle,"Lavalle 780, CABA",Impacto mortal,2D Doblada,23:15,,,,https://multiplex.com.ar/peliculas/impacto-mortal/
CABA,Multiplex,Multiplex Lavalle,"Lavalle 780, CABA",La constelación del perro,2D Doblada,23:10,,,,https://cartelera.ar/pelicula/la-constelacion-del-perro
CABA,Multiplex,Multiplex Lavalle,"Lavalle 780, CABA",La Guerra De Los Ultimos,2D Doblada,23:10,,,,https://multiplex.com.ar/peliculas/la-guerra-de-los-ultimos/
CABA,Multiplex,Multiplex Lavalle,"Lavalle 780, CABA",La noche del demonio: Están entre nosotros,2D Doblada,19:00,,,,https://multiplex.com.ar/peliculas/la-noche-del-demonio-estan-entre-nosotros/
CABA,Multiplex,Multiplex Lavalle,"Lavalle 780, CABA",La noche del demonio: Están entre nosotros,2D Doblada,21:05,,,,https://multiplex.com.ar/peliculas/la-noche-del-demonio-estan-entre-nosotros/
CABA,Multiplex,Multiplex Lavalle,"Lavalle 780, CABA",La noche del demonio: Están entre nosotros,2D Doblada,23:10,,,,https://multiplex.com.ar/peliculas/la-noche-del-demonio-estan-entre-nosotros/
CABA,Multiplex,Multiplex Lavalle,"Lavalle 780, CABA",La Odisea,2D Doblada,22:05,,,,https://multiplex.com.ar/peliculas/la-odisea/
CABA,Multiplex,Multiplex Lavalle,"Lavalle 780, CABA",Solo por una noche,2D Doblada,22:45,,,,https://multiplex.com.ar/peliculas/solo-por-una-noche/
CABA,Multiplex,Multiplex Lavalle,"Lavalle 780, CABA",Spider-Man: Un nuevo día,2D Doblada,17:55,,,,https://multiplex.com.ar/peliculas/spider-man-un-dia-nuevo/
CABA,Multiplex,Multiplex Lavalle,"Lavalle 780, CABA",Spider-Man: Un nuevo día,4D (3D) Doblada,19:15,,,,https://multiplex.com.ar/peliculas/spider-man-un-dia-nuevo/
CABA,Multiplex,Multiplex Lavalle,"Lavalle 780, CABA",Spider-Man: Un nuevo día,3D Doblada,19:50,,,,https://multiplex.com.ar/peliculas/spider-man-un-dia-nuevo/
CABA,Multiplex,Multiplex Lavalle,"Lavalle 780, CABA",Spider-Man: Un nuevo día,2D Doblada,20:35,,,,https://multiplex.com.ar/peliculas/spider-man-un-dia-nuevo/
CABA,Multiplex,Multiplex Lavalle,"Lavalle 780, CABA",Spider-Man: Un nuevo día,4D (3D) Doblada,22:00,,,,https://multiplex.com.ar/peliculas/spider-man-un-dia-nuevo/
CABA,Multiplex,Multiplex Lavalle,"Lavalle 780, CABA",Spider-Man: Un nuevo día,3D Doblada,22:35,,,,https://multiplex.com.ar/peliculas/spider-man-un-dia-nuevo/
CABA,Multiplex,Multiplex Lavalle,"Lavalle 780, CABA",Toy Story 5,3D Doblada,17:45,,,,https://multiplex.com.ar/peliculas/toy-story-5/
CABA,Multiplex,Multiplex Lavalle,"Lavalle 780, CABA",Yo Narciso,2D Doblada,18:55,,,,https://multiplex.com.ar/peliculas/yo-narciso/
CABA,Multiplex,Multiplex Lavalle,"Lavalle 780, CABA",Yo Narciso,2D Doblada,20:50,,,,https://multiplex.com.ar/peliculas/yo-narciso/
GBA Oeste,Cinépolis,Cinépolis Luján,"Av. Constitución 1000, Luján",Spider-Man: Un nuevo día,2D Doblada,19:20,,,,https://cartelera.ar/pelicula/spider-man-un-nuevo-dia
GBA Oeste,Cinépolis,Cinépolis Luján,"Av. Constitución 1000, Luján",Spider-Man: Un nuevo día,2D Doblada,22:30,,,,https://cartelera.ar/pelicula/spider-man-un-nuevo-dia
GBA Oeste,Cinépolis,Cinépolis Luján,"Av. Constitución 1000, Luján",La noche del demonio: Están entre nosotros,2D Doblada,19:40,,,,https://cartelera.ar/pelicula/la-noche-del-demonio-estan-entre-nosotros
GBA Oeste,Cinépolis,Cinépolis Luján,"Av. Constitución 1000, Luján",La noche del demonio: Están entre nosotros,2D Doblada,23:00,,,,https://cartelera.ar/pelicula/la-noche-del-demonio-estan-entre-nosotros
GBA Oeste,Cinépolis,Cinépolis Luján,"Av. Constitución 1000, Luján",Harry Potter y la piedra filosofal,2D Doblada,19:30,,,,https://cartelera.ar/pelicula/harry-potter-y-la-piedra-filosofal
GBA Oeste,Cinépolis,Cinépolis Luján,"Av. Constitución 1000, Luján",Yo Narciso,2D Doblada,18:10,,,,
GBA Oeste,Cinépolis,Cinépolis Luján,"Av. Constitución 1000, Luján",Yo Narciso,2D Doblada,20:20,,,,
GBA Oeste,Cinépolis,Cinépolis Luján,"Av. Constitución 1000, Luján",Yo Narciso,2D Doblada,22:40,,,,
GBA Oeste,Cinépolis,Cinépolis Merlo,Av. Juan Domingo Perón 24098,Spider-Man: Un nuevo día,3D Doblada,19:00,,,,https://cartelera.ar/pelicula/spider-man-un-nuevo-dia
GBA Oeste,Cinépolis,Cinépolis Merlo,Av. Juan Domingo Perón 24098,Spider-Man: Un nuevo día,2D Subtitulada,22:10,,,,https://cartelera.ar/pelicula/spider-man-un-nuevo-dia
GBA Oeste,Cinépolis,Cinépolis Merlo,Av. Juan Domingo Perón 24098,La noche del demonio: Están entre nosotros,2D Doblada,19:30,,,,https://cartelera.ar/pelicula/la-noche-del-demonio-estan-entre-nosotros
GBA Oeste,Cinépolis,Cinépolis Merlo,Av. Juan Domingo Perón 24098,La noche del demonio: Están entre nosotros,2D Doblada,22:00,,,,https://cartelera.ar/pelicula/la-noche-del-demonio-estan-entre-nosotros
GBA Oeste,Cinépolis,Cinépolis Merlo,Av. Juan Domingo Perón 24098,Harry Potter y la piedra filosofal,2D Doblada,22:15,,,,https://cartelera.ar/pelicula/harry-potter-y-la-piedra-filosofal
GBA Oeste,Cinépolis,Cinépolis Merlo,Av. Juan Domingo Perón 24098,Yo Narciso,2D Doblada,17:40,,,,
GBA Oeste,Cinépolis,Cinépolis Merlo,Av. Juan Domingo Perón 24098,Yo Narciso,2D Doblada,20:00,,,,
GBA Oeste,Cinépolis,Cinépolis Merlo,Av. Juan Domingo Perón 24098,Yo Narciso,2D Doblada,22:20,,,,
CABA,Cinépolis,Cinépolis Houssay,"Av. Corrientes 917, Buenos Aires",La Odisea,2D Subtitulada,19:00,,,,https://cartelera.ar/pelicula/la-odisea
CABA,Cinépolis,Cinépolis Houssay,"Av. Corrientes 917, Buenos Aires",La Odisea,2D Subtitulada,22:15,,,,https://cartelera.ar/pelicula/la-odisea
CABA,Cinépolis,Cinépolis Houssay,"Av. Corrientes 917, Buenos Aires",Spider-Man: Un nuevo día,2D Subtitulada,19:45,,,,https://cartelera.ar/pelicula/spider-man-un-nuevo-dia
CABA,Cinépolis,Cinépolis Houssay,"Av. Corrientes 917, Buenos Aires",La noche del demonio: Están entre nosotros,2D Doblada,23:00,,,,https://cartelera.ar/pelicula/la-noche-del-demonio-estan-entre-nosotros
CABA,Cinépolis,Cinépolis Houssay,"Av. Corrientes 917, Buenos Aires",Yo Narciso,2D Doblada,20:45,,,,
CABA,Cinemark Hoyts,Hoyts Abasto,"Av. Corrientes 3247, Abasto Shopping",Coyote vs. Acme,2D Doblada,20:05,,,,https://www.cinemark.com.ar/peliculas/coyote-vs-acme
CABA,Cinemark Hoyts,Hoyts Abasto,"Av. Corrientes 3247, Abasto Shopping",Coyote vs. Acme,2D Doblada,22:40,,,,https://www.cinemark.com.ar/peliculas/coyote-vs-acme
CABA,Cinemark Hoyts,Hoyts Abasto,"Av. Corrientes 3247, Abasto Shopping",El Final de la Calle Oak,2D Doblada,20:30,,,,https://www.cinemark.com.ar/peliculas/el-final-de-la-calle-oak
CABA,Cinemark Hoyts,Hoyts Abasto,"Av. Corrientes 3247, Abasto Shopping",Harry Potter 25° Aniversario,2D Doblada,19:00,,,,https://www.cinemark.com.ar/peliculas/harry-potter-y-la-piedra-filosofal-25-aniversario
CABA,Cinemark Hoyts,Hoyts Abasto,"Av. Corrientes 3247, Abasto Shopping",Harry Potter 25° Aniversario,DBOX 2D Doblada,19:00,,,,https://www.cinemark.com.ar/peliculas/harry-potter-y-la-piedra-filosofal-25-aniversario
CABA,Cinemark Hoyts,Hoyts Abasto,"Av. Corrientes 3247, Abasto Shopping",Harry Potter 25° Aniversario,2D Doblada,22:10,,,,https://www.cinemark.com.ar/peliculas/harry-potter-y-la-piedra-filosofal-25-aniversario
CABA,Cinemark Hoyts,Hoyts Abasto,"Av. Corrientes 3247, Abasto Shopping",Impacto mortal,2D Doblada,18:00,,,,https://www.cinemark.com.ar/peliculas/impacto-mortal
CABA,Cinemark Hoyts,Hoyts Abasto,"Av. Corrientes 3247, Abasto Shopping",Impacto mortal,2D Doblada,22:50,,,,https://www.cinemark.com.ar/peliculas/impacto-mortal
CABA,Cinemark Hoyts,Hoyts Abasto,"Av. Corrientes 3247, Abasto Shopping",Insidious: Fuera del más allá,2D Doblada,17:50,,,,https://www.cinemark.com.ar/peliculas/la-noche-del-demonio-estan-entre-nosotros
CABA,Cinemark Hoyts,Hoyts Abasto,"Av. Corrientes 3247, Abasto Shopping",Insidious: Fuera del más allá,2D Doblada,20:00,,,,https://www.cinemark.com.ar/peliculas/la-noche-del-demonio-estan-entre-nosotros
CABA,Cinemark Hoyts,Hoyts Abasto,"Av. Corrientes 3247, Abasto Shopping",Insidious: Fuera del más allá,DBOX 2D Doblada,20:00,,,,https://www.cinemark.com.ar/peliculas/la-noche-del-demonio-estan-entre-nosotros
CABA,Cinemark Hoyts,Hoyts Abasto,"Av. Corrientes 3247, Abasto Shopping",Insidious: Fuera del más allá,2D Doblada,20:20,,,,https://www.cinemark.com.ar/peliculas/la-noche-del-demonio-estan-entre-nosotros
CABA,Cinemark Hoyts,Hoyts Abasto,"Av. Corrientes 3247, Abasto Shopping",Insidious: Fuera del más allá,2D Doblada,22:50,,,,https://www.cinemark.com.ar/peliculas/la-noche-del-demonio-estan-entre-nosotros
CABA,Cinemark Hoyts,Hoyts Abasto,"Av. Corrientes 3247, Abasto Shopping",La constelación del perro,2D Subtitulada,19:20,,,,https://cartelera.ar/pelicula/la-constelacion-del-perro
CABA,Cinemark Hoyts,Hoyts Abasto,"Av. Corrientes 3247, Abasto Shopping",La constelación del perro,2D Subtitulada,22:20,,,,https://cartelera.ar/pelicula/la-constelacion-del-perro
CABA,Cinemark Hoyts,Hoyts Abasto,"Av. Corrientes 3247, Abasto Shopping",LA GUERRA DE LOS ÚLTIMOS,2D Subtitulada,19:20,,,,https://www.cinemark.com.ar/peliculas/la-guerra-de-los-ultimos
CABA,Cinemark Hoyts,Hoyts Abasto,"Av. Corrientes 3247, Abasto Shopping",LA GUERRA DE LOS ÚLTIMOS,2D Subtitulada,22:20,,,,https://www.cinemark.com.ar/peliculas/la-guerra-de-los-ultimos
CABA,Cinemark Hoyts,Hoyts Abasto,"Av. Corrientes 3247, Abasto Shopping",La Odisea,2D Subtitulada,21:10,,,,https://www.cinemark.com.ar/peliculas/la-odisea
CABA,Cinemark Hoyts,Hoyts Abasto,"Av. Corrientes 3247, Abasto Shopping",La Odisea,2D Subtitulada,22:40,,,,https://www.cinemark.com.ar/peliculas/la-odisea
CABA,Cinemark Hoyts,Hoyts Abasto,"Av. Corrientes 3247, Abasto Shopping",La Odisea,DBOX 2D Subtitulada,22:40,,,,https://www.cinemark.com.ar/peliculas/la-odisea
CABA,Cinemark Hoyts,Hoyts Abasto,"Av. Corrientes 3247, Abasto Shopping",Solo por una noche,2D Doblada,19:50,,,,https://www.cinemark.com.ar/peliculas/solo-por-una-noche
CABA,Cinemark Hoyts,Hoyts Abasto,"Av. Corrientes 3247, Abasto Shopping",Solo por una noche,2D Doblada,22:20,,,,https://www.cinemark.com.ar/peliculas/solo-por-una-noche
CABA,Cinemark Hoyts,Hoyts Abasto,"Av. Corrientes 3247, Abasto Shopping",Spider-Man: Un nuevo día,3D Doblada,18:50,,,,https://www.cinemark.com.ar/peliculas/spider-man-un-nuevo-dia
CABA,Cinemark Hoyts,Hoyts Abasto,"Av. Corrientes 3247, Abasto Shopping",Spider-Man: Un nuevo día,DBOX 3D Doblada,18:50,,,,https://www.cinemark.com.ar/peliculas/spider-man-un-nuevo-dia
CABA,Cinemark Hoyts,Hoyts Abasto,"Av. Corrientes 3247, Abasto Shopping",Spider-Man: Un nuevo día,2D Doblada,19:40,,,,https://www.cinemark.com.ar/peliculas/spider-man-un-nuevo-dia
CABA,Cinemark Hoyts,Hoyts Abasto,"Av. Corrientes 3247, Abasto Shopping",Spider-Man: Un nuevo día,2D Doblada,22:00,,,,https://www.cinemark.com.ar/peliculas/spider-man-un-nuevo-dia
CABA,Cinemark Hoyts,Hoyts Abasto,"Av. Corrientes 3247, Abasto Shopping",Spider-Man: Un nuevo día,DBOX 2D Doblada,22:00,,,,https://www.cinemark.com.ar/peliculas/spider-man-un-nuevo-dia
CABA,Cinemark Hoyts,Hoyts Abasto,"Av. Corrientes 3247, Abasto Shopping",Spider-Man: Un nuevo día,2D Doblada,22:30,,,,https://www.cinemark.com.ar/peliculas/spider-man-un-nuevo-dia
CABA,Cinemark Hoyts,Hoyts Abasto,"Av. Corrientes 3247, Abasto Shopping",Spider-Man: Un nuevo día,DBOX 2D Doblada,22:30,,,,https://www.cinemark.com.ar/peliculas/spider-man-un-nuevo-dia
CABA,Cinemark Hoyts,Hoyts Abasto,"Av. Corrientes 3247, Abasto Shopping",Spider-Man: Un nuevo día,2D Subtitulada,23:00,,,,https://www.cinemark.com.ar/peliculas/spider-man-un-nuevo-dia
CABA,Cinemark Hoyts,Hoyts Abasto,"Av. Corrientes 3247, Abasto Shopping",Yo Narciso,2D Doblada,18:10,,,,https://www.cinemark.com.ar/peliculas/yo-narciso
CABA,Cinemark Hoyts,Hoyts Abasto,"Av. Corrientes 3247, Abasto Shopping",Yo Narciso,2D Doblada,19:40,,,,https://www.cinemark.com.ar/peliculas/yo-narciso
CABA,Cinemark Hoyts,Hoyts Abasto,"Av. Corrientes 3247, Abasto Shopping",Yo Narciso,2D Doblada,20:30,,,,https://www.cinemark.com.ar/peliculas/yo-narciso
CABA,Cinemark Hoyts,Hoyts Abasto,"Av. Corrientes 3247, Abasto Shopping",Yo Narciso,2D Doblada,22:45,,,,https://www.cinemark.com.ar/peliculas/yo-narciso
CABA,Cinemark Hoyts,Hoyts Dot Baires,"Vedia 3626, Dot Baires Mall, Saavedra",Coyote vs. Acme,2D Doblada,19:20,,,,https://www.cinemark.com.ar/peliculas/coyote-vs-acme
CABA,Cinemark Hoyts,Hoyts Dot Baires,"Vedia 3626, Dot Baires Mall, Saavedra",Harry Potter 25° Aniversario,XD 2D Subtitulada,19:00,,,,https://www.cinemark.com.ar/peliculas/harry-potter-y-la-piedra-filosofal-25-aniversario
CABA,Cinemark Hoyts,Hoyts Dot Baires,"Vedia 3626, Dot Baires Mall, Saavedra",Harry Potter 25° Aniversario,4D 2D Doblada,22:00,,,,https://www.cinemark.com.ar/peliculas/harry-potter-y-la-piedra-filosofal-25-aniversario
CABA,Cinemark Hoyts,Hoyts Dot Baires,"Vedia 3626, Dot Baires Mall, Saavedra",Insidious: Fuera del más allá,2D Subtitulada,18:00,,,,https://www.cinemark.com.ar/peliculas/la-noche-del-demonio-estan-entre-nosotros
CABA,Cinemark Hoyts,Hoyts Dot Baires,"Vedia 3626, Dot Baires Mall, Saavedra",Insidious: Fuera del más allá,2D Subtitulada,20:20,,,,https://www.cinemark.com.ar/peliculas/la-noche-del-demonio-estan-entre-nosotros
CABA,Cinemark Hoyts,Hoyts Dot Baires,"Vedia 3626, Dot Baires Mall, Saavedra",Insidious: Fuera del más allá,2D Subtitulada,23:10,,,,https://www.cinemark.com.ar/peliculas/la-noche-del-demonio-estan-entre-nosotros
CABA,Cinemark Hoyts,Hoyts Dot Baires,"Vedia 3626, Dot Baires Mall, Saavedra",La constelación del perro,2D Subtitulada,20:00,,,,https://cartelera.ar/pelicula/la-constelacion-del-perro
CABA,Cinemark Hoyts,Hoyts Dot Baires,"Vedia 3626, Dot Baires Mall, Saavedra",La constelación del perro,2D Subtitulada,22:40,,,,https://cartelera.ar/pelicula/la-constelacion-del-perro
CABA,Cinemark Hoyts,Hoyts Dot Baires,"Vedia 3626, Dot Baires Mall, Saavedra",LA GUERRA DE LOS ÚLTIMOS,2D Subtitulada,20:00,,,,https://www.cinemark.com.ar/peliculas/la-guerra-de-los-ultimos
CABA,Cinemark Hoyts,Hoyts Dot Baires,"Vedia 3626, Dot Baires Mall, Saavedra",LA GUERRA DE LOS ÚLTIMOS,2D Subtitulada,22:40,,,,https://www.cinemark.com.ar/peliculas/la-guerra-de-los-ultimos
CABA,Cinemark Hoyts,Hoyts Dot Baires,"Vedia 3626, Dot Baires Mall, Saavedra",La Odisea,PREMIER 2D Subtitulada,21:00,,,,https://www.cinemark.com.ar/peliculas/la-odisea
CABA,Cinemark Hoyts,Hoyts Dot Baires,"Vedia 3626, Dot Baires Mall, Saavedra",La Odisea,2D Subtitulada,22:10,,,,https://www.cinemark.com.ar/peliculas/la-odisea
CABA,Cinemark Hoyts,Hoyts Dot Baires,"Vedia 3626, Dot Baires Mall, Saavedra",Solo por una noche,2D Subtitulada,18:10,,,,https://www.cinemark.com.ar/peliculas/solo-por-una-noche
CABA,Cinemark Hoyts,Hoyts Dot Baires,"Vedia 3626, Dot Baires Mall, Saavedra",Solo por una noche,2D Subtitulada,20:30,,,,https://www.cinemark.com.ar/peliculas/solo-por-una-noche
CABA,Cinemark Hoyts,Hoyts Dot Baires,"Vedia 3626, Dot Baires Mall, Saavedra",Solo por una noche,2D Subtitulada,22:50,,,,https://www.cinemark.com.ar/peliculas/solo-por-una-noche
CABA,Cinemark Hoyts,Hoyts Dot Baires,"Vedia 3626, Dot Baires Mall, Saavedra",Spider-Man: Un nuevo día,4D 3D Subtitulada,18:20,,,,https://www.cinemark.com.ar/peliculas/spider-man-un-nuevo-dia
CABA,Cinemark Hoyts,Hoyts Dot Baires,"Vedia 3626, Dot Baires Mall, Saavedra",Spider-Man: Un nuevo día,3D Subtitulada,19:50,,,,https://www.cinemark.com.ar/peliculas/spider-man-un-nuevo-dia
CABA,Cinemark Hoyts,Hoyts Dot Baires,"Vedia 3626, Dot Baires Mall, Saavedra",Spider-Man: Un nuevo día,XD 2D Subtitulada,22:30,,,,https://www.cinemark.com.ar/peliculas/spider-man-un-nuevo-dia
CABA,Cinemark Hoyts,Hoyts Dot Baires,"Vedia 3626, Dot Baires Mall, Saavedra",Spider-Man: Un nuevo día,2D Subtitulada,23:00,,,,https://www.cinemark.com.ar/peliculas/spider-man-un-nuevo-dia
CABA,Cinemark Hoyts,Hoyts Dot Baires,"Vedia 3626, Dot Baires Mall, Saavedra",Yo Narciso,PREMIER 2D Doblada,19:30,,,,https://www.cinemark.com.ar/peliculas/yo-narciso
CABA,Cinemark Hoyts,Hoyts Dot Baires,"Vedia 3626, Dot Baires Mall, Saavedra",Yo Narciso,2D Doblada,20:10,,,,https://www.cinemark.com.ar/peliculas/yo-narciso
CABA,Cinemark Hoyts,Hoyts Dot Baires,"Vedia 3626, Dot Baires Mall, Saavedra",Yo Narciso,PREMIER 2D Doblada,22:00,,,,https://www.cinemark.com.ar/peliculas/yo-narciso
CABA,Cinemark Hoyts,Hoyts Dot Baires,"Vedia 3626, Dot Baires Mall, Saavedra",Yo Narciso,2D Doblada,22:20,,,,https://www.cinemark.com.ar/peliculas/yo-narciso
CABA,Showcase,Showcase Belgrano,"Monroe 1655, Belgrano",La invitación,2D Subtitulada,19:50,,,,https://cartelera.ar/pelicula/la-invitacion
CABA,Showcase,Showcase Belgrano,"Monroe 1655, Belgrano",La invitación,2D Subtitulada,22:20,,,,https://cartelera.ar/pelicula/la-invitacion
CABA,Showcase,Showcase Belgrano,"Monroe 1655, Belgrano",La Odisea,2D Subtitulada,18:30,,,,https://cartelera.ar/pelicula/la-odisea
CABA,Showcase,Showcase Belgrano,"Monroe 1655, Belgrano",La Odisea,2D Subtitulada,19:00,,,,https://cartelera.ar/pelicula/la-odisea
CABA,Showcase,Showcase Belgrano,"Monroe 1655, Belgrano",La Odisea,2D Subtitulada,22:00,,,,https://cartelera.ar/pelicula/la-odisea
CABA,Showcase,Showcase Belgrano,"Monroe 1655, Belgrano",La Odisea,2D Subtitulada,22:30,,,,https://cartelera.ar/pelicula/la-odisea
CABA,Showcase,Showcase Belgrano,"Monroe 1655, Belgrano",Spider-Man: Un nuevo día,2D Doblada,19:10,,,,https://cartelera.ar/pelicula/spider-man-un-nuevo-dia
CABA,Showcase,Showcase Belgrano,"Monroe 1655, Belgrano",Spider-Man: Un nuevo día,2D Subtitulada,19:35,,,,https://cartelera.ar/pelicula/spider-man-un-nuevo-dia
CABA,Showcase,Showcase Belgrano,"Monroe 1655, Belgrano",Spider-Man: Un nuevo día,2D Subtitulada,22:10,,,,https://cartelera.ar/pelicula/spider-man-un-nuevo-dia
CABA,Showcase,Showcase Belgrano,"Monroe 1655, Belgrano",Spider-Man: Un nuevo día,2D Subtitulada,22:40,,,,https://cartelera.ar/pelicula/spider-man-un-nuevo-dia
CABA,Showcase,Showcase Belgrano,"Monroe 1655, Belgrano",El Final de la Calle Oak,2D Subtitulada,22:05,,,,https://cartelera.ar/pelicula/el-final-de-la-calle-oak
CABA,Showcase,Showcase Belgrano,"Monroe 1655, Belgrano",La noche del demonio: Están entre nosotros,2D Subtitulada,22:25,,,,https://cartelera.ar/pelicula/la-noche-del-demonio-estan-entre-nosotros
CABA,Showcase,Showcase Belgrano,"Monroe 1655, Belgrano",Solo por una noche,2D Subtitulada,19:30,,,,https://cartelera.ar/pelicula/solo-por-una-noche
CABA,Showcase,Showcase Belgrano,"Monroe 1655, Belgrano",Solo por una noche,2D Subtitulada,21:55,,,,https://cartelera.ar/pelicula/solo-por-una-noche
CABA,Showcase,Showcase Belgrano,"Monroe 1655, Belgrano",La constelación del perro,2D Subtitulada,19:55,,,,https://cartelera.ar/pelicula/la-constelacion-del-perro
CABA,Showcase,Showcase Belgrano,"Monroe 1655, Belgrano",La constelación del perro,2D Subtitulada,22:35,,,,https://cartelera.ar/pelicula/la-constelacion-del-perro
CABA,Showcase,Showcase Belgrano,"Monroe 1655, Belgrano",Coyote vs. Acme,2D Doblada,19:45,,,,https://cartelera.ar/pelicula/coyote-vs-acme
CABA,Showcase,Showcase Belgrano,"Monroe 1655, Belgrano",Yo Narciso,2D Doblada,17:45,,,,
CABA,Showcase,Showcase Belgrano,"Monroe 1655, Belgrano",Yo Narciso,2D Doblada,20:00,,,,
CABA,Showcase,Showcase Belgrano,"Monroe 1655, Belgrano",Yo Narciso,2D Doblada,22:15,,,,
CABA,Showcase,Showcase Belgrano,"Monroe 1655, Belgrano",Harry Potter y la piedra filosofal: 25 años de magia,2D Subtitulada,19:05,,,,
GBA Oeste,Showcase,Showcase Haedo,"Av. Rivadavia 16.200, Shopping Haedo",Obsesión,2D Subtitulada,22:40,,,,https://cartelera.ar/pelicula/obsesion
GBA Oeste,Showcase,Showcase Haedo,"Av. Rivadavia 16.200, Shopping Haedo",La Odisea,2D Doblada,18:35,,,,https://cartelera.ar/pelicula/la-odisea
GBA Oeste,Showcase,Showcase Haedo,"Av. Rivadavia 16.200, Shopping Haedo",La Odisea,2D Subtitulada,19:05,,,,https://cartelera.ar/pelicula/la-odisea
GBA Oeste,Showcase,Showcase Haedo,"Av. Rivadavia 16.200, Shopping Haedo",La Odisea,2D Doblada,22:05,,,,https://cartelera.ar/pelicula/la-odisea
GBA Oeste,Showcase,Showcase Haedo,"Av. Rivadavia 16.200, Shopping Haedo",La Odisea,2D Subtitulada,22:35,,,,https://cartelera.ar/pelicula/la-odisea
GBA Oeste,Showcase,Showcase Haedo,"Av. Rivadavia 16.200, Shopping Haedo",Spider-Man: Un nuevo día,2D Doblada,19:00,,,,https://cartelera.ar/pelicula/spider-man-un-nuevo-dia
GBA Oeste,Showcase,Showcase Haedo,"Av. Rivadavia 16.200, Shopping Haedo",Spider-Man: Un nuevo día,2D Subtitulada,19:20,,,,https://cartelera.ar/pelicula/spider-man-un-nuevo-dia
GBA Oeste,Showcase,Showcase Haedo,"Av. Rivadavia 16.200, Shopping Haedo",Spider-Man: Un nuevo día,3D Doblada,19:40,,,,https://cartelera.ar/pelicula/spider-man-un-nuevo-dia
GBA Oeste,Showcase,Showcase Haedo,"Av. Rivadavia 16.200, Shopping Haedo",Spider-Man: Un nuevo día,2D Doblada,21:40,,,,https://cartelera.ar/pelicula/spider-man-un-nuevo-dia
GBA Oeste,Showcase,Showcase Haedo,"Av. Rivadavia 16.200, Shopping Haedo",Spider-Man: Un nuevo día,3D Doblada,22:00,,,,https://cartelera.ar/pelicula/spider-man-un-nuevo-dia
GBA Oeste,Showcase,Showcase Haedo,"Av. Rivadavia 16.200, Shopping Haedo",Spider-Man: Un nuevo día,2D Subtitulada,22:20,,,,https://cartelera.ar/pelicula/spider-man-un-nuevo-dia
GBA Oeste,Showcase,Showcase Haedo,"Av. Rivadavia 16.200, Shopping Haedo",Impacto mortal,2D Doblada,19:50,,,,https://cartelera.ar/pelicula/impacto-mortal
GBA Oeste,Showcase,Showcase Haedo,"Av. Rivadavia 16.200, Shopping Haedo",Impacto mortal,2D Doblada,22:35,,,,https://cartelera.ar/pelicula/impacto-mortal
GBA Oeste,Showcase,Showcase Haedo,"Av. Rivadavia 16.200, Shopping Haedo",El Final de la Calle Oak,2D Doblada,22:30,,,,https://cartelera.ar/pelicula/el-final-de-la-calle-oak
GBA Oeste,Showcase,Showcase Haedo,"Av. Rivadavia 16.200, Shopping Haedo",La noche del demonio: Están entre nosotros,2D Doblada,19:45,,,,https://cartelera.ar/pelicula/la-noche-del-demonio-estan-entre-nosotros
GBA Oeste,Showcase,Showcase Haedo,"Av. Rivadavia 16.200, Shopping Haedo",La noche del demonio: Están entre nosotros,2D Doblada,22:10,,,,https://cartelera.ar/pelicula/la-noche-del-demonio-estan-entre-nosotros
GBA Oeste,Showcase,Showcase Haedo,"Av. Rivadavia 16.200, Shopping Haedo",Solo por una noche,2D Doblada,19:10,,,,https://cartelera.ar/pelicula/solo-por-una-noche
GBA Oeste,Showcase,Showcase Haedo,"Av. Rivadavia 16.200, Shopping Haedo",Solo por una noche,2D Subtitulada,21:50,,,,https://cartelera.ar/pelicula/solo-por-una-noche
GBA Oeste,Showcase,Showcase Haedo,"Av. Rivadavia 16.200, Shopping Haedo",La constelación del perro,2D Subtitulada,19:25,,,,https://cartelera.ar/pelicula/la-constelacion-del-perro
GBA Oeste,Showcase,Showcase Haedo,"Av. Rivadavia 16.200, Shopping Haedo",La constelación del perro,2D Doblada,22:05,,,,https://cartelera.ar/pelicula/la-constelacion-del-perro
GBA Oeste,Showcase,Showcase Haedo,"Av. Rivadavia 16.200, Shopping Haedo",Coyote vs. Acme,2D Doblada,19:15,,,,https://cartelera.ar/pelicula/coyote-vs-acme
GBA Oeste,Showcase,Showcase Haedo,"Av. Rivadavia 16.200, Shopping Haedo",Coyote vs. Acme,2D Doblada,21:55,,,,https://cartelera.ar/pelicula/coyote-vs-acme
GBA Oeste,Showcase,Showcase Haedo,"Av. Rivadavia 16.200, Shopping Haedo",Yo Narciso,2D Doblada,17:45,,,,
GBA Oeste,Showcase,Showcase Haedo,"Av. Rivadavia 16.200, Shopping Haedo",Yo Narciso,2D Doblada,19:35,,,,
GBA Oeste,Showcase,Showcase Haedo,"Av. Rivadavia 16.200, Shopping Haedo",Yo Narciso,2D Doblada,20:00,,,,
GBA Oeste,Showcase,Showcase Haedo,"Av. Rivadavia 16.200, Shopping Haedo",Yo Narciso,2D Doblada,21:55,,,,
GBA Oeste,Showcase,Showcase Haedo,"Av. Rivadavia 16.200, Shopping Haedo",Yo Narciso,2D Doblada,22:15,,,,
GBA Oeste,Showcase,Showcase Haedo,"Av. Rivadavia 16.200, Shopping Haedo",Harry Potter y la piedra filosofal: 25 años de magia,2D Doblada,19:05,,,,
GBA Oeste,Showcase,Showcase Haedo,"Av. Rivadavia 16.200, Shopping Haedo",Lu & Pau,2D Doblada,18:10,,,,
GBA Oeste,Showcase,Showcase Haedo,"Av. Rivadavia 16.200, Shopping Haedo",Lu & Pau,2D Doblada,20:05,,,,
CABA,Cinemark Hoyts,Cinemark Puerto Madero,Av. Alicia Moreau de Justo 1920,Coyote vs. Acme,2D Doblada,19:10,,,,https://www.cinemark.com.ar/peliculas/coyote-vs-acme
CABA,Cinemark Hoyts,Cinemark Puerto Madero,Av. Alicia Moreau de Justo 1920,Coyote vs. Acme,2D Doblada,21:50,,,,https://www.cinemark.com.ar/peliculas/coyote-vs-acme
CABA,Cinemark Hoyts,Cinemark Puerto Madero,Av. Alicia Moreau de Justo 1920,Harry Potter 25° Aniversario,2D Doblada,19:00,,,,https://www.cinemark.com.ar/peliculas/harry-potter-y-la-piedra-filosofal-25-aniversario
CABA,Cinemark Hoyts,Cinemark Puerto Madero,Av. Alicia Moreau de Justo 1920,Impacto mortal,2D Doblada,22:40,,,,https://www.cinemark.com.ar/peliculas/impacto-mortal
CABA,Cinemark Hoyts,Cinemark Puerto Madero,Av. Alicia Moreau de Justo 1920,Insidious: Fuera del más allá,2D Doblada,18:00,,,,https://www.cinemark.com.ar/peliculas/la-noche-del-demonio-estan-entre-nosotros
CABA,Cinemark Hoyts,Cinemark Puerto Madero,Av. Alicia Moreau de Justo 1920,Insidious: Fuera del más allá,2D Doblada,20:20,,,,https://www.cinemark.com.ar/peliculas/la-noche-del-demonio-estan-entre-nosotros
CABA,Cinemark Hoyts,Cinemark Puerto Madero,Av. Alicia Moreau de Justo 1920,Insidious: Fuera del más allá,2D Doblada,23:00,,,,https://www.cinemark.com.ar/peliculas/la-noche-del-demonio-estan-entre-nosotros
CABA,Cinemark Hoyts,Cinemark Puerto Madero,Av. Alicia Moreau de Justo 1920,La constelación del perro,2D Doblada,19:30,,,,https://cartelera.ar/pelicula/la-constelacion-del-perro
CABA,Cinemark Hoyts,Cinemark Puerto Madero,Av. Alicia Moreau de Justo 1920,La constelación del perro,2D Doblada,22:10,,,,https://cartelera.ar/pelicula/la-constelacion-del-perro
CABA,Cinemark Hoyts,Cinemark Puerto Madero,Av. Alicia Moreau de Justo 1920,LA GUERRA DE LOS ÚLTIMOS,2D Doblada,19:30,,,,https://www.cinemark.com.ar/peliculas/la-guerra-de-los-ultimos
CABA,Cinemark Hoyts,Cinemark Puerto Madero,Av. Alicia Moreau de Justo 1920,LA GUERRA DE LOS ÚLTIMOS,2D Doblada,22:10,,,,https://www.cinemark.com.ar/peliculas/la-guerra-de-los-ultimos
CABA,Cinemark Hoyts,Cinemark Puerto Madero,Av. Alicia Moreau de Justo 1920,La Odisea,2D Subtitulada,18:20,,,,https://www.cinemark.com.ar/peliculas/la-odisea
CABA,Cinemark Hoyts,Cinemark Puerto Madero,Av. Alicia Moreau de Justo 1920,La Odisea,2D Subtitulada,22:00,,,,https://www.cinemark.com.ar/peliculas/la-odisea
CABA,Cinemark Hoyts,Cinemark Puerto Madero,Av. Alicia Moreau de Justo 1920,Solo por una noche,2D Subtitulada,20:00,,,,https://www.cinemark.com.ar/peliculas/solo-por-una-noche
CABA,Cinemark Hoyts,Cinemark Puerto Madero,Av. Alicia Moreau de Justo 1920,Solo por una noche,2D Subtitulada,22:20,,,,https://www.cinemark.com.ar/peliculas/solo-por-una-noche
CABA,Cinemark Hoyts,Cinemark Puerto Madero,Av. Alicia Moreau de Justo 1920,Spider-Man: Un nuevo día,2D Subtitulada,19:20,,,,https://www.cinemark.com.ar/peliculas/spider-man-un-nuevo-dia
CABA,Cinemark Hoyts,Cinemark Puerto Madero,Av. Alicia Moreau de Justo 1920,Spider-Man: Un nuevo día,2D Doblada,22:30,,,,https://www.cinemark.com.ar/peliculas/spider-man-un-nuevo-dia
CABA,Cinemark Hoyts,Cinemark Puerto Madero,Av. Alicia Moreau de Justo 1920,Yo Narciso,2D Doblada,18:10,,,,https://www.cinemark.com.ar/peliculas/yo-narciso
CABA,Cinemark Hoyts,Cinemark Puerto Madero,Av. Alicia Moreau de Justo 1920,Yo Narciso,2D Doblada,20:30,,,,https://www.cinemark.com.ar/peliculas/yo-narciso
CABA,Cinemark Hoyts,Cinemark Puerto Madero,Av. Alicia Moreau de Justo 1920,Yo Narciso,2D Doblada,22:50,,,,https://www.cinemark.com.ar/peliculas/yo-narciso
GBA Norte,Cinemark Hoyts,Cinemark Tortugas,"Ramal Pilar km 36,5, Tortuguitas TOM",Coyote vs. Acme,2D Doblada,19:10,,,,https://www.cinemark.com.ar/peliculas/coyote-vs-acme
GBA Norte,Cinemark Hoyts,Cinemark Tortugas,"Ramal Pilar km 36,5, Tortuguitas TOM",Coyote vs. Acme,2D Doblada,21:40,,,,https://www.cinemark.com.ar/peliculas/coyote-vs-acme
GBA Norte,Cinemark Hoyts,Cinemark Tortugas,"Ramal Pilar km 36,5, Tortuguitas TOM",Harry Potter 25° Aniversario,DBOX XD 2D Doblada,19:00,,,,https://www.cinemark.com.ar/peliculas/harry-potter-y-la-piedra-filosofal-25-aniversario
GBA Norte,Cinemark Hoyts,Cinemark Tortugas,"Ramal Pilar km 36,5, Tortuguitas TOM",Harry Potter 25° Aniversario,XD 2D Doblada,19:00,,,,https://www.cinemark.com.ar/peliculas/harry-potter-y-la-piedra-filosofal-25-aniversario
GBA Norte,Cinemark Hoyts,Cinemark Tortugas,"Ramal Pilar km 36,5, Tortuguitas TOM",Impacto mortal,2D Doblada,18:00,,,,https://www.cinemark.com.ar/peliculas/impacto-mortal
GBA Norte,Cinemark Hoyts,Cinemark Tortugas,"Ramal Pilar km 36,5, Tortuguitas TOM",Impacto mortal,2D Doblada,22:50,,,,https://www.cinemark.com.ar/peliculas/impacto-mortal
GBA Norte,Cinemark Hoyts,Cinemark Tortugas,"Ramal Pilar km 36,5, Tortuguitas TOM",Insidious: Fuera del más allá,2D Doblada,19:20,,,,https://www.cinemark.com.ar/peliculas/la-noche-del-demonio-estan-entre-nosotros
GBA Norte,Cinemark Hoyts,Cinemark Tortugas,"Ramal Pilar km 36,5, Tortuguitas TOM",Insidious: Fuera del más allá,2D Doblada,21:50,,,,https://www.cinemark.com.ar/peliculas/la-noche-del-demonio-estan-entre-nosotros
GBA Norte,Cinemark Hoyts,Cinemark Tortugas,"Ramal Pilar km 36,5, Tortuguitas TOM",Insidious: Fuera del más allá,2D Doblada,23:00,,,,https://www.cinemark.com.ar/peliculas/la-noche-del-demonio-estan-entre-nosotros
GBA Norte,Cinemark Hoyts,Cinemark Tortugas,"Ramal Pilar km 36,5, Tortuguitas TOM",La constelación del perro,2D Doblada,19:40,,,,https://cartelera.ar/pelicula/la-constelacion-del-perro
GBA Norte,Cinemark Hoyts,Cinemark Tortugas,"Ramal Pilar km 36,5, Tortuguitas TOM",La constelación del perro,2D Doblada,22:40,,,,https://cartelera.ar/pelicula/la-constelacion-del-perro
GBA Norte,Cinemark Hoyts,Cinemark Tortugas,"Ramal Pilar km 36,5, Tortuguitas TOM",LA GUERRA DE LOS ÚLTIMOS,2D Doblada,19:40,,,,https://www.cinemark.com.ar/peliculas/la-guerra-de-los-ultimos
GBA Norte,Cinemark Hoyts,Cinemark Tortugas,"Ramal Pilar km 36,5, Tortuguitas TOM",LA GUERRA DE LOS ÚLTIMOS,2D Doblada,22:40,,,,https://www.cinemark.com.ar/peliculas/la-guerra-de-los-ultimos
GBA Norte,Cinemark Hoyts,Cinemark Tortugas,"Ramal Pilar km 36,5, Tortuguitas TOM",La Odisea,2D Doblada,18:50,,,,https://www.cinemark.com.ar/peliculas/la-odisea
GBA Norte,Cinemark Hoyts,Cinemark Tortugas,"Ramal Pilar km 36,5, Tortuguitas TOM",La Odisea,2D Doblada,22:20,,,,https://www.cinemark.com.ar/peliculas/la-odisea
GBA Norte,Cinemark Hoyts,Cinemark Tortugas,"Ramal Pilar km 36,5, Tortuguitas TOM",Solo por una noche,2D Doblada,20:30,,,,https://www.cinemark.com.ar/peliculas/solo-por-una-noche
GBA Norte,Cinemark Hoyts,Cinemark Tortugas,"Ramal Pilar km 36,5, Tortuguitas TOM",Spider-Man: Un nuevo día,3D Doblada,19:35,,,,https://www.cinemark.com.ar/peliculas/spider-man-un-nuevo-dia
GBA Norte,Cinemark Hoyts,Cinemark Tortugas,"Ramal Pilar km 36,5, Tortuguitas TOM",Spider-Man: Un nuevo día,DBOX 3D Doblada,19:35,,,,https://www.cinemark.com.ar/peliculas/spider-man-un-nuevo-dia
GBA Norte,Cinemark Hoyts,Cinemark Tortugas,"Ramal Pilar km 36,5, Tortuguitas TOM",Spider-Man: Un nuevo día,2D Doblada,19:50,,,,https://www.cinemark.com.ar/peliculas/spider-man-un-nuevo-dia
GBA Norte,Cinemark Hoyts,Cinemark Tortugas,"Ramal Pilar km 36,5, Tortuguitas TOM",Spider-Man: Un nuevo día,DBOX XD 2D Doblada,22:30,,,,https://www.cinemark.com.ar/peliculas/spider-man-un-nuevo-dia
GBA Norte,Cinemark Hoyts,Cinemark Tortugas,"Ramal Pilar km 36,5, Tortuguitas TOM",Spider-Man: Un nuevo día,XD 2D Doblada,22:30,,,,https://www.cinemark.com.ar/peliculas/spider-man-un-nuevo-dia
GBA Norte,Cinemark Hoyts,Cinemark Tortugas,"Ramal Pilar km 36,5, Tortuguitas TOM",Spider-Man: Un nuevo día,2D Doblada,22:45,,,,https://www.cinemark.com.ar/peliculas/spider-man-un-nuevo-dia
GBA Norte,Cinemark Hoyts,Cinemark Tortugas,"Ramal Pilar km 36,5, Tortuguitas TOM",Spider-Man: Un nuevo día,DBOX 2D Doblada,22:45,,,,https://www.cinemark.com.ar/peliculas/spider-man-un-nuevo-dia
GBA Norte,Cinemark Hoyts,Cinemark Tortugas,"Ramal Pilar km 36,5, Tortuguitas TOM",Yo Narciso,2D Doblada,17:50,,,,https://www.cinemark.com.ar/peliculas/yo-narciso
GBA Norte,Cinemark Hoyts,Cinemark Tortugas,"Ramal Pilar km 36,5, Tortuguitas TOM",Yo Narciso,2D Doblada,20:00,,,,https://www.cinemark.com.ar/peliculas/yo-narciso
GBA Norte,Cinemark Hoyts,Cinemark Tortugas,"Ramal Pilar km 36,5, Tortuguitas TOM",Yo Narciso,2D Doblada,22:10,,,,https://www.cinemark.com.ar/peliculas/yo-narciso
GBA Oeste,Cinemark Hoyts,Hoyts Morón,"J.M. de Rosas 658, Plaza Oeste Shopping",Coyote vs. Acme,2D Doblada,20:00,,,,https://www.cinemark.com.ar/peliculas/coyote-vs-acme
GBA Oeste,Cinemark Hoyts,Hoyts Morón,"J.M. de Rosas 658, Plaza Oeste Shopping",Harry Potter 25° Aniversario,2D Doblada,19:00,,,,https://www.cinemark.com.ar/peliculas/harry-potter-y-la-piedra-filosofal-25-aniversario
GBA Oeste,Cinemark Hoyts,Hoyts Morón,"J.M. de Rosas 658, Plaza Oeste Shopping",Harry Potter 25° Aniversario,DBOX 2D Doblada,19:00,,,,https://www.cinemark.com.ar/peliculas/harry-potter-y-la-piedra-filosofal-25-aniversario
GBA Oeste,Cinemark Hoyts,Hoyts Morón,"J.M. de Rosas 658, Plaza Oeste Shopping",Insidious: Fuera del más allá,2D Doblada,19:10,,,,https://www.cinemark.com.ar/peliculas/la-noche-del-demonio-estan-entre-nosotros
GBA Oeste,Cinemark Hoyts,Hoyts Morón,"J.M. de Rosas 658, Plaza Oeste Shopping",Insidious: Fuera del más allá,DBOX 2D Doblada,19:10,,,,https://www.cinemark.com.ar/peliculas/la-noche-del-demonio-estan-entre-nosotros
GBA Oeste,Cinemark Hoyts,Hoyts Morón,"J.M. de Rosas 658, Plaza Oeste Shopping",Insidious: Fuera del más allá,2D Doblada,22:00,,,,https://www.cinemark.com.ar/peliculas/la-noche-del-demonio-estan-entre-nosotros
GBA Oeste,Cinemark Hoyts,Hoyts Morón,"J.M. de Rosas 658, Plaza Oeste Shopping",Insidious: Fuera del más allá,DBOX 2D Doblada,22:00,,,,https://www.cinemark.com.ar/peliculas/la-noche-del-demonio-estan-entre-nosotros
GBA Oeste,Cinemark Hoyts,Hoyts Morón,"J.M. de Rosas 658, Plaza Oeste Shopping",Insidious: Fuera del más allá,2D Doblada,22:50,,,,https://www.cinemark.com.ar/peliculas/la-noche-del-demonio-estan-entre-nosotros
GBA Oeste,Cinemark Hoyts,Hoyts Morón,"J.M. de Rosas 658, Plaza Oeste Shopping",La constelación del perro,2D Doblada,19:40,,,,https://cartelera.ar/pelicula/la-constelacion-del-perro
GBA Oeste,Cinemark Hoyts,Hoyts Morón,"J.M. de Rosas 658, Plaza Oeste Shopping",La constelación del perro,2D Doblada,22:20,,,,https://cartelera.ar/pelicula/la-constelacion-del-perro
GBA Oeste,Cinemark Hoyts,Hoyts Morón,"J.M. de Rosas 658, Plaza Oeste Shopping",LA GUERRA DE LOS ÚLTIMOS,2D Doblada,19:40,,,,https://www.cinemark.com.ar/peliculas/la-guerra-de-los-ultimos
GBA Oeste,Cinemark Hoyts,Hoyts Morón,"J.M. de Rosas 658, Plaza Oeste Shopping",LA GUERRA DE LOS ÚLTIMOS,2D Doblada,22:20,,,,https://www.cinemark.com.ar/peliculas/la-guerra-de-los-ultimos
GBA Oeste,Cinemark Hoyts,Hoyts Morón,"J.M. de Rosas 658, Plaza Oeste Shopping",La Odisea,2D Doblada,18:30,,,,https://www.cinemark.com.ar/peliculas/la-odisea
GBA Oeste,Cinemark Hoyts,Hoyts Morón,"J.M. de Rosas 658, Plaza Oeste Shopping",La Odisea,2D Doblada,22:10,,,,https://www.cinemark.com.ar/peliculas/la-odisea
GBA Oeste,Cinemark Hoyts,Hoyts Morón,"J.M. de Rosas 658, Plaza Oeste Shopping",Spider-Man: Un nuevo día,2D Doblada,19:30,,,,https://www.cinemark.com.ar/peliculas/spider-man-un-nuevo-dia
GBA Oeste,Cinemark Hoyts,Hoyts Morón,"J.M. de Rosas 658, Plaza Oeste Shopping",Spider-Man: Un nuevo día,2D Doblada,19:50,,,,https://www.cinemark.com.ar/peliculas/spider-man-un-nuevo-dia
GBA Oeste,Cinemark Hoyts,Hoyts Morón,"J.M. de Rosas 658, Plaza Oeste Shopping",Spider-Man: Un nuevo día,2D Doblada,22:30,,,,https://www.cinemark.com.ar/peliculas/spider-man-un-nuevo-dia
GBA Oeste,Cinemark Hoyts,Hoyts Morón,"J.M. de Rosas 658, Plaza Oeste Shopping",Spider-Man: Un nuevo día,DBOX 2D Doblada,22:30,,,,https://www.cinemark.com.ar/peliculas/spider-man-un-nuevo-dia
GBA Oeste,Cinemark Hoyts,Hoyts Morón,"J.M. de Rosas 658, Plaza Oeste Shopping",Spider-Man: Un nuevo día,2D Doblada,23:00,,,,https://www.cinemark.com.ar/peliculas/spider-man-un-nuevo-dia
GBA Oeste,Cinemark Hoyts,Hoyts Morón,"J.M. de Rosas 658, Plaza Oeste Shopping",Yo Narciso,2D Doblada,19:20,,,,https://www.cinemark.com.ar/peliculas/yo-narciso
GBA Oeste,Cinemark Hoyts,Hoyts Morón,"J.M. de Rosas 658, Plaza Oeste Shopping",Yo Narciso,2D Doblada,21:50,,,,https://www.cinemark.com.ar/peliculas/yo-narciso
GBA Oeste,Cinemark Hoyts,Hoyts Morón,"J.M. de Rosas 658, Plaza Oeste Shopping",Yo Narciso,2D Doblada,22:40,,,,https://www.cinemark.com.ar/peliculas/yo-narciso
GBA Sur,Showcase,Showcase Quilmes,"Av. Calchaquí 3950, Quilmes Factory",La Odisea,2D Subtitulada,19:00,,,,https://cartelera.ar/pelicula/la-odisea
GBA Sur,Showcase,Showcase Quilmes,"Av. Calchaquí 3950, Quilmes Factory",La Odisea,2D Doblada,22:25,,,,https://cartelera.ar/pelicula/la-odisea
GBA Sur,Showcase,Showcase Quilmes,"Av. Calchaquí 3950, Quilmes Factory",Spider-Man: Un nuevo día,2D Doblada,19:05,,,,https://cartelera.ar/pelicula/spider-man-un-nuevo-dia
GBA Sur,Showcase,Showcase Quilmes,"Av. Calchaquí 3950, Quilmes Factory",Spider-Man: Un nuevo día,3D Doblada,19:25,,,,https://cartelera.ar/pelicula/spider-man-un-nuevo-dia
GBA Sur,Showcase,Showcase Quilmes,"Av. Calchaquí 3950, Quilmes Factory",Spider-Man: Un nuevo día,2D Doblada,22:00,,,,https://cartelera.ar/pelicula/spider-man-un-nuevo-dia
GBA Sur,Showcase,Showcase Quilmes,"Av. Calchaquí 3950, Quilmes Factory",Spider-Man: Un nuevo día,2D Subtitulada,22:20,,,,https://cartelera.ar/pelicula/spider-man-un-nuevo-dia
GBA Sur,Showcase,Showcase Quilmes,"Av. Calchaquí 3950, Quilmes Factory",Impacto mortal,2D Doblada,22:35,,,,https://cartelera.ar/pelicula/impacto-mortal
GBA Sur,Showcase,Showcase Quilmes,"Av. Calchaquí 3950, Quilmes Factory",La noche del demonio: Están entre nosotros,2D Doblada,19:05,,,,https://cartelera.ar/pelicula/la-noche-del-demonio-estan-entre-nosotros
GBA Sur,Showcase,Showcase Quilmes,"Av. Calchaquí 3950, Quilmes Factory",La noche del demonio: Están entre nosotros,2D Doblada,22:40,,,,https://cartelera.ar/pelicula/la-noche-del-demonio-estan-entre-nosotros
GBA Sur,Showcase,Showcase Quilmes,"Av. Calchaquí 3950, Quilmes Factory",Solo por una noche,2D Doblada,22:30,,,,https://cartelera.ar/pelicula/solo-por-una-noche
GBA Sur,Showcase,Showcase Quilmes,"Av. Calchaquí 3950, Quilmes Factory",La constelación del perro,2D Subtitulada,19:30,,,,https://cartelera.ar/pelicula/la-constelacion-del-perro
GBA Sur,Showcase,Showcase Quilmes,"Av. Calchaquí 3950, Quilmes Factory",La constelación del perro,2D Doblada,22:05,,,,https://cartelera.ar/pelicula/la-constelacion-del-perro
GBA Sur,Showcase,Showcase Quilmes,"Av. Calchaquí 3950, Quilmes Factory",Coyote vs. Acme,2D Doblada,19:50,,,,https://cartelera.ar/pelicula/coyote-vs-acme
GBA Sur,Showcase,Showcase Quilmes,"Av. Calchaquí 3950, Quilmes Factory",Yo Narciso,2D Doblada,17:45,,,,
GBA Sur,Showcase,Showcase Quilmes,"Av. Calchaquí 3950, Quilmes Factory",Yo Narciso,2D Doblada,20:00,,,,
GBA Sur,Showcase,Showcase Quilmes,"Av. Calchaquí 3950, Quilmes Factory",Yo Narciso,2D Doblada,22:15,,,,
GBA Sur,Showcase,Showcase Quilmes,"Av. Calchaquí 3950, Quilmes Factory",Harry Potter y la piedra filosofal: 25 años de magia,2D Doblada,19:05,,,,
GBA Oeste,Cinemark Hoyts,Cinemark Malvinas Argentinas,"Av. Pte. Illia 3770, Shopping Terrazas de Mayo",Coyote vs. Acme,2D Doblada,17:50,,,,https://www.cinemark.com.ar/peliculas/coyote-vs-acme
GBA Oeste,Cinemark Hoyts,Cinemark Malvinas Argentinas,"Av. Pte. Illia 3770, Shopping Terrazas de Mayo",Coyote vs. Acme,2D Doblada,20:15,,,,https://www.cinemark.com.ar/peliculas/coyote-vs-acme
GBA Oeste,Cinemark Hoyts,Cinemark Malvinas Argentinas,"Av. Pte. Illia 3770, Shopping Terrazas de Mayo",Coyote vs. Acme,2D Doblada,22:40,,,,https://www.cinemark.com.ar/peliculas/coyote-vs-acme
GBA Oeste,Cinemark Hoyts,Cinemark Malvinas Argentinas,"Av. Pte. Illia 3770, Shopping Terrazas de Mayo",El Final de la Calle Oak,2D Doblada,20:30,,,,https://www.cinemark.com.ar/peliculas/el-final-de-la-calle-oak
GBA Oeste,Cinemark Hoyts,Cinemark Malvinas Argentinas,"Av. Pte. Illia 3770, Shopping Terrazas de Mayo",Harry Potter 25° Aniversario,XD 2D Doblada,19:00,,,,https://www.cinemark.com.ar/peliculas/harry-potter-y-la-piedra-filosofal-25-aniversario
GBA Oeste,Cinemark Hoyts,Cinemark Malvinas Argentinas,"Av. Pte. Illia 3770, Shopping Terrazas de Mayo",Impacto mortal,2D Doblada,18:00,,,,https://www.cinemark.com.ar/peliculas/impacto-mortal
GBA Oeste,Cinemark Hoyts,Cinemark Malvinas Argentinas,"Av. Pte. Illia 3770, Shopping Terrazas de Mayo",Impacto mortal,2D Doblada,22:45,,,,https://www.cinemark.com.ar/peliculas/impacto-mortal
GBA Oeste,Cinemark Hoyts,Cinemark Malvinas Argentinas,"Av. Pte. Illia 3770, Shopping Terrazas de Mayo",Insidious: Fuera del más allá,2D Doblada,19:40,,,,https://www.cinemark.com.ar/peliculas/la-noche-del-demonio-estan-entre-nosotros
GBA Oeste,Cinemark Hoyts,Cinemark Malvinas Argentinas,"Av. Pte. Illia 3770, Shopping Terrazas de Mayo",Insidious: Fuera del más allá,2D Doblada,22:00,,,,https://www.cinemark.com.ar/peliculas/la-noche-del-demonio-estan-entre-nosotros
GBA Oeste,Cinemark Hoyts,Cinemark Malvinas Argentinas,"Av. Pte. Illia 3770, Shopping Terrazas de Mayo",Insidious: Fuera del más allá,2D Doblada,23:00,,,,https://www.cinemark.com.ar/peliculas/la-noche-del-demonio-estan-entre-nosotros
GBA Oeste,Cinemark Hoyts,Cinemark Malvinas Argentinas,"Av. Pte. Illia 3770, Shopping Terrazas de Mayo",La constelación del perro,2D Doblada,19:30,,,,https://cartelera.ar/pelicula/la-constelacion-del-perro
GBA Oeste,Cinemark Hoyts,Cinemark Malvinas Argentinas,"Av. Pte. Illia 3770, Shopping Terrazas de Mayo",La constelación del perro,2D Doblada,22:30,,,,https://cartelera.ar/pelicula/la-constelacion-del-perro
GBA Oeste,Cinemark Hoyts,Cinemark Malvinas Argentinas,"Av. Pte. Illia 3770, Shopping Terrazas de Mayo",LA GUERRA DE LOS ÚLTIMOS,2D Doblada,19:30,,,,https://www.cinemark.com.ar/peliculas/la-guerra-de-los-ultimos
GBA Oeste,Cinemark Hoyts,Cinemark Malvinas Argentinas,"Av. Pte. Illia 3770, Shopping Terrazas de Mayo",LA GUERRA DE LOS ÚLTIMOS,2D Doblada,22:30,,,,https://www.cinemark.com.ar/peliculas/la-guerra-de-los-ultimos
GBA Oeste,Cinemark Hoyts,Cinemark Malvinas Argentinas,"Av. Pte. Illia 3770, Shopping Terrazas de Mayo",La Odisea,2D Doblada,18:20,,,,https://www.cinemark.com.ar/peliculas/la-odisea
GBA Oeste,Cinemark Hoyts,Cinemark Malvinas Argentinas,"Av. Pte. Illia 3770, Shopping Terrazas de Mayo",La Odisea,2D Doblada,21:50,,,,https://www.cinemark.com.ar/peliculas/la-odisea
GBA Oeste,Cinemark Hoyts,Cinemark Malvinas Argentinas,"Av. Pte. Illia 3770, Shopping Terrazas de Mayo",Solo por una noche,2D Doblada,20:00,,,,https://www.cinemark.com.ar/peliculas/solo-por-una-noche
GBA Oeste,Cinemark Hoyts,Cinemark Malvinas Argentinas,"Av. Pte. Illia 3770, Shopping Terrazas de Mayo",Spider-Man: Un nuevo día,3D Doblada,18:10,,,,https://www.cinemark.com.ar/peliculas/spider-man-un-nuevo-dia
GBA Oeste,Cinemark Hoyts,Cinemark Malvinas Argentinas,"Av. Pte. Illia 3770, Shopping Terrazas de Mayo",Spider-Man: Un nuevo día,DBOX 3D Doblada,18:10,,,,https://www.cinemark.com.ar/peliculas/spider-man-un-nuevo-dia
GBA Oeste,Cinemark Hoyts,Cinemark Malvinas Argentinas,"Av. Pte. Illia 3770, Shopping Terrazas de Mayo",Spider-Man: Un nuevo día,2D Doblada,19:50,,,,https://www.cinemark.com.ar/peliculas/spider-man-un-nuevo-dia
GBA Oeste,Cinemark Hoyts,Cinemark Malvinas Argentinas,"Av. Pte. Illia 3770, Shopping Terrazas de Mayo",Spider-Man: Un nuevo día,2D Doblada,21:20,,,,https://www.cinemark.com.ar/peliculas/spider-man-un-nuevo-dia
GBA Oeste,Cinemark Hoyts,Cinemark Malvinas Argentinas,"Av. Pte. Illia 3770, Shopping Terrazas de Mayo",Spider-Man: Un nuevo día,DBOX 2D Doblada,21:20,,,,https://www.cinemark.com.ar/peliculas/spider-man-un-nuevo-dia
GBA Oeste,Cinemark Hoyts,Cinemark Malvinas Argentinas,"Av. Pte. Illia 3770, Shopping Terrazas de Mayo",Spider-Man: Un nuevo día,2D Doblada,22:20,,,,https://www.cinemark.com.ar/peliculas/spider-man-un-nuevo-dia
GBA Oeste,Cinemark Hoyts,Cinemark Malvinas Argentinas,"Av. Pte. Illia 3770, Shopping Terrazas de Mayo",Spider-Man: Un nuevo día,DBOX XD 2D Doblada,22:50,,,,https://www.cinemark.com.ar/peliculas/spider-man-un-nuevo-dia
GBA Oeste,Cinemark Hoyts,Cinemark Malvinas Argentinas,"Av. Pte. Illia 3770, Shopping Terrazas de Mayo",Spider-Man: Un nuevo día,XD 2D Doblada,22:50,,,,https://www.cinemark.com.ar/peliculas/spider-man-un-nuevo-dia
GBA Oeste,Cinemark Hoyts,Cinemark Malvinas Argentinas,"Av. Pte. Illia 3770, Shopping Terrazas de Mayo",Toy Story 5,2D Doblada,17:40,,,,https://www.cinemark.com.ar/peliculas/toy-story-5
GBA Oeste,Cinemark Hoyts,Cinemark Malvinas Argentinas,"Av. Pte. Illia 3770, Shopping Terrazas de Mayo",Yo Narciso,2D Doblada,19:45,,,,https://www.cinemark.com.ar/peliculas/yo-narciso
GBA Oeste,Cinemark Hoyts,Cinemark Malvinas Argentinas,"Av. Pte. Illia 3770, Shopping Terrazas de Mayo",Yo Narciso,2D Doblada,22:10,,,,https://www.cinemark.com.ar/peliculas/yo-narciso
CABA,Atlas Cines,Atlas Alcorta,"Jerónimo Salguero 3172, Alcorta Shopping",La invitación,2D Subtitulada,20:10,,,,https://cartelera.ar/pelicula/la-invitacion
CABA,Atlas Cines,Atlas Alcorta,"Jerónimo Salguero 3172, Alcorta Shopping",Solo por una noche,2D Subtitulada,22:40,,,,https://cartelera.ar/pelicula/solo-por-una-noche
CABA,Atlas Cines,Atlas Alcorta,"Jerónimo Salguero 3172, Alcorta Shopping",Yo Narciso,2D Doblada,18:20,,,,
CABA,Atlas Cines,Atlas Alcorta,"Jerónimo Salguero 3172, Alcorta Shopping",Yo Narciso,2D Doblada,22:30,,,,
GBA Norte,Showcase,Showcase Norte (Norcenter),"Colectora Panamericana 3750, Norcenter",La invitación,2D Subtitulada,19:25,,,,https://cartelera.ar/pelicula/la-invitacion
GBA Norte,Showcase,Showcase Norte (Norcenter),"Colectora Panamericana 3750, Norcenter",La invitación,2D Subtitulada,22:15,,,,https://cartelera.ar/pelicula/la-invitacion
GBA Norte,Showcase,Showcase Norte (Norcenter),"Colectora Panamericana 3750, Norcenter",La Odisea,2D Subtitulada,18:40,,,,https://cartelera.ar/pelicula/la-odisea
GBA Norte,Showcase,Showcase Norte (Norcenter),"Colectora Panamericana 3750, Norcenter",La Odisea,2D Subtitulada,19:10,,,,https://cartelera.ar/pelicula/la-odisea
GBA Norte,Showcase,Showcase Norte (Norcenter),"Colectora Panamericana 3750, Norcenter",La Odisea,2D Subtitulada,21:35,,,,https://cartelera.ar/pelicula/la-odisea
GBA Norte,Showcase,Showcase Norte (Norcenter),"Colectora Panamericana 3750, Norcenter",La Odisea,2D Subtitulada,22:10,,,,https://cartelera.ar/pelicula/la-odisea
GBA Norte,Showcase,Showcase Norte (Norcenter),"Colectora Panamericana 3750, Norcenter",La Odisea,2D Subtitulada,22:40,,,,https://cartelera.ar/pelicula/la-odisea
GBA Norte,Showcase,Showcase Norte (Norcenter),"Colectora Panamericana 3750, Norcenter",Spider-Man: Un nuevo día,2D Doblada,18:30,,,,https://cartelera.ar/pelicula/spider-man-un-nuevo-dia
GBA Norte,Showcase,Showcase Norte (Norcenter),"Colectora Panamericana 3750, Norcenter",Spider-Man: Un nuevo día,2D Doblada,19:00,,,,https://cartelera.ar/pelicula/spider-man-un-nuevo-dia
GBA Norte,Showcase,Showcase Norte (Norcenter),"Colectora Panamericana 3750, Norcenter",Spider-Man: Un nuevo día,3D Doblada,19:20,,,,https://cartelera.ar/pelicula/spider-man-un-nuevo-dia
GBA Norte,Showcase,Showcase Norte (Norcenter),"Colectora Panamericana 3750, Norcenter",Spider-Man: Un nuevo día,2D Subtitulada,19:40,,,,https://cartelera.ar/pelicula/spider-man-un-nuevo-dia
GBA Norte,Showcase,Showcase Norte (Norcenter),"Colectora Panamericana 3750, Norcenter",Spider-Man: Un nuevo día,2D Subtitulada,21:30,,,,https://cartelera.ar/pelicula/spider-man-un-nuevo-dia
GBA Norte,Showcase,Showcase Norte (Norcenter),"Colectora Panamericana 3750, Norcenter",Spider-Man: Un nuevo día,2D Doblada,22:00,,,,https://cartelera.ar/pelicula/spider-man-un-nuevo-dia
GBA Norte,Showcase,Showcase Norte (Norcenter),"Colectora Panamericana 3750, Norcenter",Spider-Man: Un nuevo día,3D Doblada,22:20,,,,https://cartelera.ar/pelicula/spider-man-un-nuevo-dia
GBA Norte,Showcase,Showcase Norte (Norcenter),"Colectora Panamericana 3750, Norcenter",Spider-Man: Un nuevo día,2D Subtitulada,22:40,,,,https://cartelera.ar/pelicula/spider-man-un-nuevo-dia
GBA Norte,Showcase,Showcase Norte (Norcenter),"Colectora Panamericana 3750, Norcenter",Toy Story 5,2D Doblada,19:05,,,,https://cartelera.ar/pelicula/toy-story-5
GBA Norte,Showcase,Showcase Norte (Norcenter),"Colectora Panamericana 3750, Norcenter",Minions & monstruos,2D Doblada,17:40,,,,https://cartelera.ar/pelicula/minions-monstruos
GBA Norte,Showcase,Showcase Norte (Norcenter),"Colectora Panamericana 3750, Norcenter",Impacto mortal,2D Subtitulada,22:05,,,,https://cartelera.ar/pelicula/impacto-mortal
GBA Norte,Showcase,Showcase Norte (Norcenter),"Colectora Panamericana 3750, Norcenter",El Final de la Calle Oak,2D Doblada,20:10,,,,https://cartelera.ar/pelicula/el-final-de-la-calle-oak
GBA Norte,Showcase,Showcase Norte (Norcenter),"Colectora Panamericana 3750, Norcenter",El Final de la Calle Oak,2D Subtitulada,22:30,,,,https://cartelera.ar/pelicula/el-final-de-la-calle-oak
GBA Norte,Showcase,Showcase Norte (Norcenter),"Colectora Panamericana 3750, Norcenter",La noche del demonio: Están entre nosotros,2D Doblada,19:30,,,,https://cartelera.ar/pelicula/la-noche-del-demonio-estan-entre-nosotros
GBA Norte,Showcase,Showcase Norte (Norcenter),"Colectora Panamericana 3750, Norcenter",La noche del demonio: Están entre nosotros,2D Subtitulada,22:35,,,,https://cartelera.ar/pelicula/la-noche-del-demonio-estan-entre-nosotros
GBA Norte,Showcase,Showcase Norte (Norcenter),"Colectora Panamericana 3750, Norcenter",Solo por una noche,2D Subtitulada,20:05,,,,https://cartelera.ar/pelicula/solo-por-una-noche
GBA Norte,Showcase,Showcase Norte (Norcenter),"Colectora Panamericana 3750, Norcenter",Solo por una noche,2D Subtitulada,22:30,,,,https://cartelera.ar/pelicula/solo-por-una-noche
GBA Norte,Showcase,Showcase Norte (Norcenter),"Colectora Panamericana 3750, Norcenter",La constelación del perro,2D Subtitulada,19:45,,,,https://cartelera.ar/pelicula/la-constelacion-del-perro
GBA Norte,Showcase,Showcase Norte (Norcenter),"Colectora Panamericana 3750, Norcenter",La constelación del perro,2D Subtitulada,22:25,,,,https://cartelera.ar/pelicula/la-constelacion-del-perro
GBA Norte,Showcase,Showcase Norte (Norcenter),"Colectora Panamericana 3750, Norcenter",Coyote vs. Acme,2D Doblada,19:50,,,,https://cartelera.ar/pelicula/coyote-vs-acme
GBA Norte,Showcase,Showcase Norte (Norcenter),"Colectora Panamericana 3750, Norcenter",Yo Narciso,2D Doblada,17:45,,,,
GBA Norte,Showcase,Showcase Norte (Norcenter),"Colectora Panamericana 3750, Norcenter",Yo Narciso,2D Doblada,19:35,,,,
GBA Norte,Showcase,Showcase Norte (Norcenter),"Colectora Panamericana 3750, Norcenter",Yo Narciso,2D Doblada,20:00,,,,
GBA Norte,Showcase,Showcase Norte (Norcenter),"Colectora Panamericana 3750, Norcenter",Yo Narciso,2D Doblada,21:50,,,,
GBA Norte,Showcase,Showcase Norte (Norcenter),"Colectora Panamericana 3750, Norcenter",Yo Narciso,2D Doblada,22:20,,,,
GBA Norte,Showcase,Showcase Norte (Norcenter),"Colectora Panamericana 3750, Norcenter",Harry Potter y la piedra filosofal: 25 años de magia,2D Subtitulada,19:05,,,,
GBA Norte,Showcase,Showcase Norte (Norcenter),"Colectora Panamericana 3750, Norcenter",Tierra De Crimen,2D Subtitulada,21:55,,,,
GBA Norte,Showcase,Showcase Norte (Norcenter),"Colectora Panamericana 3750, Norcenter",Lu & Pau,2D Doblada,18:20,,,,
GBA Sur,Cinemark Hoyts,Cinemark Avellaneda,"Güemes 897, Alto Avellaneda Shopping",Coyote vs. Acme,2D Doblada,19:50,,,,https://www.cinemark.com.ar/peliculas/coyote-vs-acme
GBA Sur,Cinemark Hoyts,Cinemark Avellaneda,"Güemes 897, Alto Avellaneda Shopping",Coyote vs. Acme,DBOX 2D Doblada,19:50,,,,https://www.cinemark.com.ar/peliculas/coyote-vs-acme
GBA Sur,Cinemark Hoyts,Cinemark Avellaneda,"Güemes 897, Alto Avellaneda Shopping",Harry Potter 25° Aniversario,DBOX XD 2D Doblada,19:00,,,,https://www.cinemark.com.ar/peliculas/harry-potter-y-la-piedra-filosofal-25-aniversario
GBA Sur,Cinemark Hoyts,Cinemark Avellaneda,"Güemes 897, Alto Avellaneda Shopping",Harry Potter 25° Aniversario,XD 2D Doblada,19:00,,,,https://www.cinemark.com.ar/peliculas/harry-potter-y-la-piedra-filosofal-25-aniversario
GBA Sur,Cinemark Hoyts,Cinemark Avellaneda,"Güemes 897, Alto Avellaneda Shopping",Harry Potter 25° Aniversario,4D 2D Subtitulada,22:00,,,,https://www.cinemark.com.ar/peliculas/harry-potter-y-la-piedra-filosofal-25-aniversario
GBA Sur,Cinemark Hoyts,Cinemark Avellaneda,"Güemes 897, Alto Avellaneda Shopping",Insidious: Fuera del más allá,2D Doblada,18:00,,,,https://www.cinemark.com.ar/peliculas/la-noche-del-demonio-estan-entre-nosotros
GBA Sur,Cinemark Hoyts,Cinemark Avellaneda,"Güemes 897, Alto Avellaneda Shopping",Insidious: Fuera del más allá,2D Doblada,20:30,,,,https://www.cinemark.com.ar/peliculas/la-noche-del-demonio-estan-entre-nosotros
GBA Sur,Cinemark Hoyts,Cinemark Avellaneda,"Güemes 897, Alto Avellaneda Shopping",Insidious: Fuera del más allá,2D Doblada,22:50,,,,https://www.cinemark.com.ar/peliculas/la-noche-del-demonio-estan-entre-nosotros
GBA Sur,Cinemark Hoyts,Cinemark Avellaneda,"Güemes 897, Alto Avellaneda Shopping",La constelación del perro,2D Doblada,19:30,,,,https://cartelera.ar/pelicula/la-constelacion-del-perro
GBA Sur,Cinemark Hoyts,Cinemark Avellaneda,"Güemes 897, Alto Avellaneda Shopping",La constelación del perro,2D Doblada,22:20,,,,https://cartelera.ar/pelicula/la-constelacion-del-perro
GBA Sur,Cinemark Hoyts,Cinemark Avellaneda,"Güemes 897, Alto Avellaneda Shopping",LA GUERRA DE LOS ÚLTIMOS,2D Doblada,19:30,,,,https://www.cinemark.com.ar/peliculas/la-guerra-de-los-ultimos
GBA Sur,Cinemark Hoyts,Cinemark Avellaneda,"Güemes 897, Alto Avellaneda Shopping",LA GUERRA DE LOS ÚLTIMOS,2D Doblada,22:20,,,,https://www.cinemark.com.ar/peliculas/la-guerra-de-los-ultimos
GBA Sur,Cinemark Hoyts,Cinemark Avellaneda,"Güemes 897, Alto Avellaneda Shopping",La Odisea,2D Doblada,19:20,,,,https://www.cinemark.com.ar/peliculas/la-odisea
GBA Sur,Cinemark Hoyts,Cinemark Avellaneda,"Güemes 897, Alto Avellaneda Shopping",La Odisea,2D Doblada,22:10,,,,https://www.cinemark.com.ar/peliculas/la-odisea
GBA Sur,Cinemark Hoyts,Cinemark Avellaneda,"Güemes 897, Alto Avellaneda Shopping",La Odisea,DBOX 2D Doblada,22:10,,,,https://www.cinemark.com.ar/peliculas/la-odisea
GBA Sur,Cinemark Hoyts,Cinemark Avellaneda,"Güemes 897, Alto Avellaneda Shopping",Solo por una noche,2D Doblada,23:00,,,,https://www.cinemark.com.ar/peliculas/solo-por-una-noche
GBA Sur,Cinemark Hoyts,Cinemark Avellaneda,"Güemes 897, Alto Avellaneda Shopping",Spider-Man: Un nuevo día,2D Doblada,18:30,,,,https://www.cinemark.com.ar/peliculas/spider-man-un-nuevo-dia
GBA Sur,Cinemark Hoyts,Cinemark Avellaneda,"Güemes 897, Alto Avellaneda Shopping",Spider-Man: Un nuevo día,4D 3D Doblada,18:40,,,,https://www.cinemark.com.ar/peliculas/spider-man-un-nuevo-dia
GBA Sur,Cinemark Hoyts,Cinemark Avellaneda,"Güemes 897, Alto Avellaneda Shopping",Spider-Man: Un nuevo día,2D Doblada,21:40,,,,https://www.cinemark.com.ar/peliculas/spider-man-un-nuevo-dia
GBA Sur,Cinemark Hoyts,Cinemark Avellaneda,"Güemes 897, Alto Avellaneda Shopping",Spider-Man: Un nuevo día,DBOX XD 2D Doblada,22:30,,,,https://www.cinemark.com.ar/peliculas/spider-man-un-nuevo-dia
GBA Sur,Cinemark Hoyts,Cinemark Avellaneda,"Güemes 897, Alto Avellaneda Shopping",Spider-Man: Un nuevo día,XD 2D Doblada,22:30,,,,https://www.cinemark.com.ar/peliculas/spider-man-un-nuevo-dia
GBA Sur,Cinemark Hoyts,Cinemark Avellaneda,"Güemes 897, Alto Avellaneda Shopping",Yo Narciso,2D Doblada,19:40,,,,https://www.cinemark.com.ar/peliculas/yo-narciso
GBA Sur,Cinemark Hoyts,Cinemark Avellaneda,"Güemes 897, Alto Avellaneda Shopping",Yo Narciso,2D Doblada,21:50,,,,https://www.cinemark.com.ar/peliculas/yo-narciso
GBA Sur,Cinemark Hoyts,Hoyts Quilmes,Av. Calchaquí 3950,Coyote vs. Acme,2D Doblada,19:45,,,,https://www.cinemark.com.ar/peliculas/coyote-vs-acme
GBA Sur,Cinemark Hoyts,Hoyts Quilmes,Av. Calchaquí 3950,Coyote vs. Acme,2D Doblada,22:20,,,,https://www.cinemark.com.ar/peliculas/coyote-vs-acme
GBA Sur,Cinemark Hoyts,Hoyts Quilmes,Av. Calchaquí 3950,Harry Potter 25° Aniversario,2D Doblada,19:00,,,,https://www.cinemark.com.ar/peliculas/harry-potter-y-la-piedra-filosofal-25-aniversario
GBA Sur,Cinemark Hoyts,Hoyts Quilmes,Av. Calchaquí 3950,Harry Potter 25° Aniversario,4D 2D Doblada,22:00,,,,https://www.cinemark.com.ar/peliculas/harry-potter-y-la-piedra-filosofal-25-aniversario
GBA Sur,Cinemark Hoyts,Hoyts Quilmes,Av. Calchaquí 3950,Impacto mortal,2D Doblada,17:50,,,,https://www.cinemark.com.ar/peliculas/impacto-mortal
GBA Sur,Cinemark Hoyts,Hoyts Quilmes,Av. Calchaquí 3950,Impacto mortal,2D Doblada,22:45,,,,https://www.cinemark.com.ar/peliculas/impacto-mortal
GBA Sur,Cinemark Hoyts,Hoyts Quilmes,Av. Calchaquí 3950,Insidious: Fuera del más allá,2D Doblada,19:25,,,,https://www.cinemark.com.ar/peliculas/la-noche-del-demonio-estan-entre-nosotros
GBA Sur,Cinemark Hoyts,Hoyts Quilmes,Av. Calchaquí 3950,Insidious: Fuera del más allá,2D Doblada,20:30,,,,https://www.cinemark.com.ar/peliculas/la-noche-del-demonio-estan-entre-nosotros
GBA Sur,Cinemark Hoyts,Hoyts Quilmes,Av. Calchaquí 3950,Insidious: Fuera del más allá,2D Doblada,21:45,,,,https://www.cinemark.com.ar/peliculas/la-noche-del-demonio-estan-entre-nosotros
GBA Sur,Cinemark Hoyts,Hoyts Quilmes,Av. Calchaquí 3950,Insidious: Fuera del más allá,2D Doblada,22:50,,,,https://www.cinemark.com.ar/peliculas/la-noche-del-demonio-estan-entre-nosotros
GBA Sur,Cinemark Hoyts,Hoyts Quilmes,Av. Calchaquí 3950,La constelación del perro,2D Doblada,19:10,,,,https://cartelera.ar/pelicula/la-constelacion-del-perro
GBA Sur,Cinemark Hoyts,Hoyts Quilmes,Av. Calchaquí 3950,La constelación del perro,2D Doblada,22:15,,,,https://cartelera.ar/pelicula/la-constelacion-del-perro
GBA Sur,Cinemark Hoyts,Hoyts Quilmes,Av. Calchaquí 3950,LA GUERRA DE LOS ÚLTIMOS,2D Doblada,19:10,,,,https://www.cinemark.com.ar/peliculas/la-guerra-de-los-ultimos
GBA Sur,Cinemark Hoyts,Hoyts Quilmes,Av. Calchaquí 3950,LA GUERRA DE LOS ÚLTIMOS,2D Doblada,22:15,,,,https://www.cinemark.com.ar/peliculas/la-guerra-de-los-ultimos
GBA Sur,Cinemark Hoyts,Hoyts Quilmes,Av. Calchaquí 3950,La Odisea,2D Doblada,18:30,,,,https://www.cinemark.com.ar/peliculas/la-odisea
GBA Sur,Cinemark Hoyts,Hoyts Quilmes,Av. Calchaquí 3950,La Odisea,2D Doblada,22:10,,,,https://www.cinemark.com.ar/peliculas/la-odisea
GBA Sur,Cinemark Hoyts,Hoyts Quilmes,Av. Calchaquí 3950,Lu & Pau,2D Doblada,20:50,,,,https://www.cinemark.com.ar/peliculas/lu-pau
GBA Sur,Cinemark Hoyts,Hoyts Quilmes,Av. Calchaquí 3950,Solo por una noche,2D Doblada,18:20,,,,https://www.cinemark.com.ar/peliculas/solo-por-una-noche
GBA Sur,Cinemark Hoyts,Hoyts Quilmes,Av. Calchaquí 3950,Solo por una noche,2D Subtitulada,20:40,,,,https://www.cinemark.com.ar/peliculas/solo-por-una-noche
GBA Sur,Cinemark Hoyts,Hoyts Quilmes,Av. Calchaquí 3950,Solo por una noche,2D Doblada,23:10,,,,https://www.cinemark.com.ar/peliculas/solo-por-una-noche
GBA Sur,Cinemark Hoyts,Hoyts Quilmes,Av. Calchaquí 3950,Spider-Man: Un nuevo día,4D 3D Doblada,18:50,,,,https://www.cinemark.com.ar/peliculas/spider-man-un-nuevo-dia
GBA Sur,Cinemark Hoyts,Hoyts Quilmes,Av. Calchaquí 3950,Spider-Man: Un nuevo día,2D Doblada,19:20,,,,https://www.cinemark.com.ar/peliculas/spider-man-un-nuevo-dia
GBA Sur,Cinemark Hoyts,Hoyts Quilmes,Av. Calchaquí 3950,Spider-Man: Un nuevo día,3D Doblada,19:50,,,,https://www.cinemark.com.ar/peliculas/spider-man-un-nuevo-dia
GBA Sur,Cinemark Hoyts,Hoyts Quilmes,Av. Calchaquí 3950,Spider-Man: Un nuevo día,2D Doblada,21:50,,,,https://www.cinemark.com.ar/peliculas/spider-man-un-nuevo-dia
GBA Sur,Cinemark Hoyts,Hoyts Quilmes,Av. Calchaquí 3950,Spider-Man: Un nuevo día,2D Doblada,22:30,,,,https://www.cinemark.com.ar/peliculas/spider-man-un-nuevo-dia
GBA Sur,Cinemark Hoyts,Hoyts Quilmes,Av. Calchaquí 3950,Spider-Man: Un nuevo día,2D Doblada,23:00,,,,https://www.cinemark.com.ar/peliculas/spider-man-un-nuevo-dia
GBA Sur,Cinemark Hoyts,Hoyts Quilmes,Av. Calchaquí 3950,Toy Story 5,2D Doblada,18:00,,,,https://www.cinemark.com.ar/peliculas/toy-story-5
GBA Sur,Cinemark Hoyts,Hoyts Quilmes,Av. Calchaquí 3950,Yo Narciso,2D Doblada,19:35,,,,https://www.cinemark.com.ar/peliculas/yo-narciso
GBA Sur,Cinemark Hoyts,Hoyts Quilmes,Av. Calchaquí 3950,Yo Narciso,2D Doblada,22:40,,,,https://www.cinemark.com.ar/peliculas/yo-narciso
CABA,Cinemark Hoyts,Cinemark Caballito,"Av. La Plata 96, Caballito",Coyote vs. Acme,2D Doblada,18:00,,,,https://www.cinemark.com.ar/peliculas/coyote-vs-acme
CABA,Cinemark Hoyts,Cinemark Caballito,"Av. La Plata 96, Caballito",Coyote vs. Acme,2D Doblada,20:30,,,,https://www.cinemark.com.ar/peliculas/coyote-vs-acme
CABA,Cinemark Hoyts,Cinemark Caballito,"Av. La Plata 96, Caballito",Harry Potter 25° Aniversario,2D Subtitulada,19:00,,,,https://www.cinemark.com.ar/peliculas/harry-potter-y-la-piedra-filosofal-25-aniversario
CABA,Cinemark Hoyts,Cinemark Caballito,"Av. La Plata 96, Caballito",Insidious: Fuera del más allá,2D Subtitulada,18:15,,,,https://www.cinemark.com.ar/peliculas/la-noche-del-demonio-estan-entre-nosotros
CABA,Cinemark Hoyts,Cinemark Caballito,"Av. La Plata 96, Caballito",Insidious: Fuera del más allá,2D Subtitulada,20:20,,,,https://www.cinemark.com.ar/peliculas/la-noche-del-demonio-estan-entre-nosotros
CABA,Cinemark Hoyts,Cinemark Caballito,"Av. La Plata 96, Caballito",Insidious: Fuera del más allá,2D Subtitulada,23:10,,,,https://www.cinemark.com.ar/peliculas/la-noche-del-demonio-estan-entre-nosotros
CABA,Cinemark Hoyts,Cinemark Caballito,"Av. La Plata 96, Caballito",La constelación del perro,2D Subtitulada,17:40,,,,https://cartelera.ar/pelicula/la-constelacion-del-perro
CABA,Cinemark Hoyts,Cinemark Caballito,"Av. La Plata 96, Caballito",La constelación del perro,2D Subtitulada,22:50,,,,https://cartelera.ar/pelicula/la-constelacion-del-perro
CABA,Cinemark Hoyts,Cinemark Caballito,"Av. La Plata 96, Caballito",LA GUERRA DE LOS ÚLTIMOS,2D Subtitulada,17:40,,,,https://www.cinemark.com.ar/peliculas/la-guerra-de-los-ultimos
CABA,Cinemark Hoyts,Cinemark Caballito,"Av. La Plata 96, Caballito",LA GUERRA DE LOS ÚLTIMOS,2D Subtitulada,22:50,,,,https://www.cinemark.com.ar/peliculas/la-guerra-de-los-ultimos
CABA,Cinemark Hoyts,Cinemark Caballito,"Av. La Plata 96, Caballito",La Odisea,2D Subtitulada,18:30,,,,https://www.cinemark.com.ar/peliculas/la-odisea
CABA,Cinemark Hoyts,Cinemark Caballito,"Av. La Plata 96, Caballito",La Odisea,2D Subtitulada,22:10,,,,https://www.cinemark.com.ar/peliculas/la-odisea
CABA,Cinemark Hoyts,Cinemark Caballito,"Av. La Plata 96, Caballito",Spider-Man: Un nuevo día,3D Doblada,19:30,,,,https://www.cinemark.com.ar/peliculas/spider-man-un-nuevo-dia
CABA,Cinemark Hoyts,Cinemark Caballito,"Av. La Plata 96, Caballito",Spider-Man: Un nuevo día,2D Subtitulada,22:40,,,,https://www.cinemark.com.ar/peliculas/spider-man-un-nuevo-dia
CABA,Cinemark Hoyts,Cinemark Caballito,"Av. La Plata 96, Caballito",Yo Narciso,2D Doblada,20:40,,,,https://www.cinemark.com.ar/peliculas/yo-narciso
CABA,Cinemark Hoyts,Cinemark Caballito,"Av. La Plata 96, Caballito",Yo Narciso,2D Doblada,22:30,,,,https://www.cinemark.com.ar/peliculas/yo-narciso
CABA,Cinemark Hoyts,Cinemark Caballito,"Av. La Plata 96, Caballito",Yo Narciso,2D Doblada,23:00,,,,https://www.cinemark.com.ar/peliculas/yo-narciso
CABA,Cinemark Hoyts,Cinemark Palermo,"Beruti 3399, Palermo",Coyote vs. Acme,2D Subtitulada,19:50,,,,https://www.cinemark.com.ar/peliculas/coyote-vs-acme
CABA,Cinemark Hoyts,Cinemark Palermo,"Beruti 3399, Palermo",Harry Potter 25° Aniversario,2D Subtitulada,19:00,,,,https://www.cinemark.com.ar/peliculas/harry-potter-y-la-piedra-filosofal-25-aniversario
CABA,Cinemark Hoyts,Cinemark Palermo,"Beruti 3399, Palermo",Insidious: Fuera del más allá,2D Subtitulada,22:40,,,,https://www.cinemark.com.ar/peliculas/la-noche-del-demonio-estan-entre-nosotros
CABA,Cinemark Hoyts,Cinemark Palermo,"Beruti 3399, Palermo",La constelación del perro,2D Subtitulada,19:30,,,,https://cartelera.ar/pelicula/la-constelacion-del-perro
CABA,Cinemark Hoyts,Cinemark Palermo,"Beruti 3399, Palermo",La constelación del perro,2D Subtitulada,22:20,,,,https://cartelera.ar/pelicula/la-constelacion-del-perro
CABA,Cinemark Hoyts,Cinemark Palermo,"Beruti 3399, Palermo",LA GUERRA DE LOS ÚLTIMOS,2D Subtitulada,19:30,,,,https://www.cinemark.com.ar/peliculas/la-guerra-de-los-ultimos
CABA,Cinemark Hoyts,Cinemark Palermo,"Beruti 3399, Palermo",LA GUERRA DE LOS ÚLTIMOS,2D Subtitulada,22:20,,,,https://www.cinemark.com.ar/peliculas/la-guerra-de-los-ultimos
CABA,Cinemark Hoyts,Cinemark Palermo,"Beruti 3399, Palermo",La invitación,2D Subtitulada,22:50,,,,https://www.cinemark.com.ar/peliculas/la-invitacion
CABA,Cinemark Hoyts,Cinemark Palermo,"Beruti 3399, Palermo",La Odisea,2D Subtitulada,22:30,,,,https://www.cinemark.com.ar/peliculas/la-odisea
CABA,Cinemark Hoyts,Cinemark Palermo,"Beruti 3399, Palermo",Solo por una noche,2D Subtitulada,18:00,,,,https://www.cinemark.com.ar/peliculas/solo-por-una-noche
CABA,Cinemark Hoyts,Cinemark Palermo,"Beruti 3399, Palermo",Solo por una noche,2D Subtitulada,20:30,,,,https://www.cinemark.com.ar/peliculas/solo-por-una-noche
CABA,Cinemark Hoyts,Cinemark Palermo,"Beruti 3399, Palermo",Solo por una noche,2D Subtitulada,23:00,,,,https://www.cinemark.com.ar/peliculas/solo-por-una-noche
CABA,Cinemark Hoyts,Cinemark Palermo,"Beruti 3399, Palermo",Spider-Man: Un nuevo día,2D Subtitulada,22:20,,,,https://www.cinemark.com.ar/peliculas/spider-man-un-nuevo-dia
CABA,Cinemark Hoyts,Cinemark Palermo,"Beruti 3399, Palermo",Spider-Man: Un nuevo día,2D Subtitulada,22:50,,,,https://www.cinemark.com.ar/peliculas/spider-man-un-nuevo-dia
CABA,Cinemark Hoyts,Cinemark Palermo,"Beruti 3399, Palermo",Yo Narciso,2D Doblada,22:30,,,,https://www.cinemark.com.ar/peliculas/yo-narciso
CABA,Atlas Cines,Atlas Flores,"Rivera Indarte 44, Flores",La Odisea,2D Doblada,18:50,,,,https://cartelera.ar/pelicula/la-odisea
CABA,Atlas Cines,Atlas Flores,"Rivera Indarte 44, Flores",Spider-Man: Un nuevo día,2D Doblada,19:00,,,,https://cartelera.ar/pelicula/spider-man-un-nuevo-dia
CABA,Atlas Cines,Atlas Flores,"Rivera Indarte 44, Flores",Impacto mortal,2D Doblada,22:50,,,,https://cartelera.ar/pelicula/impacto-mortal
CABA,Atlas Cines,Atlas Flores,"Rivera Indarte 44, Flores",Solo por una noche,2D Doblada,22:20,,,,https://cartelera.ar/pelicula/solo-por-una-noche
CABA,Atlas Cines,Atlas Flores,"Rivera Indarte 44, Flores",La constelación del perro,2D Doblada,19:50,,,,https://cartelera.ar/pelicula/la-constelacion-del-perro
CABA,Atlas Cines,Atlas Flores,"Rivera Indarte 44, Flores",La constelación del perro,2D Doblada,22:10,,,,https://cartelera.ar/pelicula/la-constelacion-del-perro
CABA,Atlas Cines,Atlas Flores,"Rivera Indarte 44, Flores",Coyote vs. Acme,2D Doblada,18:20,,,,https://cartelera.ar/pelicula/coyote-vs-acme
CABA,Atlas Cines,Atlas Flores,"Rivera Indarte 44, Flores",Coyote vs. Acme,2D Doblada,20:30,,,,https://cartelera.ar/pelicula/coyote-vs-acme
CABA,Atlas Cines,Atlas Flores,"Rivera Indarte 44, Flores",Insidious: Fuera del más allá,2D Doblada,22:30,,,,https://cartelera.ar/pelicula/insidious-fuera-del-mas-alla
CABA,Atlas Cines,Atlas Flores,"Rivera Indarte 44, Flores",Canelones,2D Doblada,22:00,,,,
CABA,Atlas Cines,Atlas Flores,"Rivera Indarte 44, Flores",Yo Narciso,2D Doblada,17:50,,,,
CABA,Atlas Cines,Atlas Flores,"Rivera Indarte 44, Flores",Yo Narciso,2D Doblada,20:00,,,,
GBA Norte,Cinemark Hoyts,Hoyts Unicenter,"Paraná 3745, Unicenter Shopping",Coyote vs. Acme,2D Doblada,19:50,,,,https://www.cinemark.com.ar/peliculas/coyote-vs-acme
GBA Norte,Cinemark Hoyts,Hoyts Unicenter,"Paraná 3745, Unicenter Shopping",Coyote vs. Acme,2D Subtitulada,22:15,,,,https://www.cinemark.com.ar/peliculas/coyote-vs-acme
GBA Norte,Cinemark Hoyts,Hoyts Unicenter,"Paraná 3745, Unicenter Shopping",El Final de la Calle Oak,2D Subtitulada,20:10,,,,https://www.cinemark.com.ar/peliculas/el-final-de-la-calle-oak
GBA Norte,Cinemark Hoyts,Hoyts Unicenter,"Paraná 3745, Unicenter Shopping",Harry Potter 25° Aniversario,4D 2D Subtitulada,18:30,,,,https://www.cinemark.com.ar/peliculas/harry-potter-y-la-piedra-filosofal-25-aniversario
GBA Norte,Cinemark Hoyts,Hoyts Unicenter,"Paraná 3745, Unicenter Shopping",Harry Potter 25° Aniversario,2D Doblada,19:00,,,,https://www.cinemark.com.ar/peliculas/harry-potter-y-la-piedra-filosofal-25-aniversario
GBA Norte,Cinemark Hoyts,Hoyts Unicenter,"Paraná 3745, Unicenter Shopping",Harry Potter 25° Aniversario,DBOX 2D Doblada,19:00,,,,https://www.cinemark.com.ar/peliculas/harry-potter-y-la-piedra-filosofal-25-aniversario
GBA Norte,Cinemark Hoyts,Hoyts Unicenter,"Paraná 3745, Unicenter Shopping",Harry Potter 25° Aniversario,4D 2D Doblada,22:00,,,,https://www.cinemark.com.ar/peliculas/harry-potter-y-la-piedra-filosofal-25-aniversario
GBA Norte,Cinemark Hoyts,Hoyts Unicenter,"Paraná 3745, Unicenter Shopping",Harry Potter 25° Aniversario,2D Subtitulada,22:30,,,,https://www.cinemark.com.ar/peliculas/harry-potter-y-la-piedra-filosofal-25-aniversario
GBA Norte,Cinemark Hoyts,Hoyts Unicenter,"Paraná 3745, Unicenter Shopping",Impacto mortal,2D Subtitulada,22:10,,,,https://www.cinemark.com.ar/peliculas/impacto-mortal
GBA Norte,Cinemark Hoyts,Hoyts Unicenter,"Paraná 3745, Unicenter Shopping",Insidious: Fuera del más allá,2D Subtitulada,18:00,,,,https://www.cinemark.com.ar/peliculas/la-noche-del-demonio-estan-entre-nosotros
GBA Norte,Cinemark Hoyts,Hoyts Unicenter,"Paraná 3745, Unicenter Shopping",Insidious: Fuera del más allá,2D Subtitulada,20:30,,,,https://www.cinemark.com.ar/peliculas/la-noche-del-demonio-estan-entre-nosotros
GBA Norte,Cinemark Hoyts,Hoyts Unicenter,"Paraná 3745, Unicenter Shopping",Insidious: Fuera del más allá,2D Subtitulada,22:20,,,,https://www.cinemark.com.ar/peliculas/la-noche-del-demonio-estan-entre-nosotros
GBA Norte,Cinemark Hoyts,Hoyts Unicenter,"Paraná 3745, Unicenter Shopping",Insidious: Fuera del más allá,DBOX 2D Subtitulada,22:20,,,,https://www.cinemark.com.ar/peliculas/la-noche-del-demonio-estan-entre-nosotros
GBA Norte,Cinemark Hoyts,Hoyts Unicenter,"Paraná 3745, Unicenter Shopping",Insidious: Fuera del más allá,2D Subtitulada,23:00,,,,https://www.cinemark.com.ar/peliculas/la-noche-del-demonio-estan-entre-nosotros
GBA Norte,Cinemark Hoyts,Hoyts Unicenter,"Paraná 3745, Unicenter Shopping",La constelación del perro,2D Subtitulada,19:20,,,,https://cartelera.ar/pelicula/la-constelacion-del-perro
GBA Norte,Cinemark Hoyts,Hoyts Unicenter,"Paraná 3745, Unicenter Shopping",La constelación del perro,2D Subtitulada,22:20,,,,https://cartelera.ar/pelicula/la-constelacion-del-perro
GBA Norte,Cinemark Hoyts,Hoyts Unicenter,"Paraná 3745, Unicenter Shopping",LA GUERRA DE LOS ÚLTIMOS,2D Subtitulada,19:20,,,,https://www.cinemark.com.ar/peliculas/la-guerra-de-los-ultimos
GBA Norte,Cinemark Hoyts,Hoyts Unicenter,"Paraná 3745, Unicenter Shopping",LA GUERRA DE LOS ÚLTIMOS,2D Subtitulada,22:20,,,,https://www.cinemark.com.ar/peliculas/la-guerra-de-los-ultimos
GBA Norte,Cinemark Hoyts,Hoyts Unicenter,"Paraná 3745, Unicenter Shopping",La Odisea,PREMIER 2D Subtitulada,17:50,,,,https://www.cinemark.com.ar/peliculas/la-odisea
GBA Norte,Cinemark Hoyts,Hoyts Unicenter,"Paraná 3745, Unicenter Shopping",La Odisea,2D Doblada,18:40,,,,https://www.cinemark.com.ar/peliculas/la-odisea
GBA Norte,Cinemark Hoyts,Hoyts Unicenter,"Paraná 3745, Unicenter Shopping",La Odisea,PREMIER 2D Subtitulada,21:30,,,,https://www.cinemark.com.ar/peliculas/la-odisea
GBA Norte,Cinemark Hoyts,Hoyts Unicenter,"Paraná 3745, Unicenter Shopping",La Odisea,2D Subtitulada,22:15,,,,https://www.cinemark.com.ar/peliculas/la-odisea
GBA Norte,Cinemark Hoyts,Hoyts Unicenter,"Paraná 3745, Unicenter Shopping",Lu & Pau,2D Doblada,20:15,,,,https://www.cinemark.com.ar/peliculas/lu-pau
GBA Norte,Cinemark Hoyts,Hoyts Unicenter,"Paraná 3745, Unicenter Shopping",Solo por una noche,2D Subtitulada,18:00,,,,https://www.cinemark.com.ar/peliculas/solo-por-una-noche
GBA Norte,Cinemark Hoyts,Hoyts Unicenter,"Paraná 3745, Unicenter Shopping",Solo por una noche,2D Subtitulada,20:20,,,,https://www.cinemark.com.ar/peliculas/solo-por-una-noche
GBA Norte,Cinemark Hoyts,Hoyts Unicenter,"Paraná 3745, Unicenter Shopping",Solo por una noche,2D Subtitulada,22:40,,,,https://www.cinemark.com.ar/peliculas/solo-por-una-noche
GBA Norte,Cinemark Hoyts,Hoyts Unicenter,"Paraná 3745, Unicenter Shopping",Spider-Man: Un nuevo día,2D Doblada,18:20,,,,https://www.cinemark.com.ar/peliculas/spider-man-un-nuevo-dia
GBA Norte,Cinemark Hoyts,Hoyts Unicenter,"Paraná 3745, Unicenter Shopping",Spider-Man: Un nuevo día,2D Subtitulada,18:50,,,,https://www.cinemark.com.ar/peliculas/spider-man-un-nuevo-dia
GBA Norte,Cinemark Hoyts,Hoyts Unicenter,"Paraná 3745, Unicenter Shopping",Spider-Man: Un nuevo día,DBOX 2D Subtitulada,18:50,,,,https://www.cinemark.com.ar/peliculas/spider-man-un-nuevo-dia
GBA Norte,Cinemark Hoyts,Hoyts Unicenter,"Paraná 3745, Unicenter Shopping",Spider-Man: Un nuevo día,2D Doblada,19:40,,,,https://www.cinemark.com.ar/peliculas/spider-man-un-nuevo-dia
GBA Norte,Cinemark Hoyts,Hoyts Unicenter,"Paraná 3745, Unicenter Shopping",Spider-Man: Un nuevo día,3D Doblada,20:00,,,,https://www.cinemark.com.ar/peliculas/spider-man-un-nuevo-dia
GBA Norte,Cinemark Hoyts,Hoyts Unicenter,"Paraná 3745, Unicenter Shopping",Spider-Man: Un nuevo día,DBOX 3D Doblada,20:00,,,,https://www.cinemark.com.ar/peliculas/spider-man-un-nuevo-dia
GBA Norte,Cinemark Hoyts,Hoyts Unicenter,"Paraná 3745, Unicenter Shopping",Spider-Man: Un nuevo día,2D Subtitulada,21:30,,,,https://www.cinemark.com.ar/peliculas/spider-man-un-nuevo-dia
GBA Norte,Cinemark Hoyts,Hoyts Unicenter,"Paraná 3745, Unicenter Shopping",Spider-Man: Un nuevo día,2D Subtitulada,21:50,,,,https://www.cinemark.com.ar/peliculas/spider-man-un-nuevo-dia
GBA Norte,Cinemark Hoyts,Hoyts Unicenter,"Paraná 3745, Unicenter Shopping",Spider-Man: Un nuevo día,DBOX 2D Subtitulada,21:50,,,,https://www.cinemark.com.ar/peliculas/spider-man-un-nuevo-dia
GBA Norte,Cinemark Hoyts,Hoyts Unicenter,"Paraná 3745, Unicenter Shopping",Spider-Man: Un nuevo día,2D Doblada,22:50,,,,https://www.cinemark.com.ar/peliculas/spider-man-un-nuevo-dia
GBA Norte,Cinemark Hoyts,Hoyts Unicenter,"Paraná 3745, Unicenter Shopping",Spider-Man: Un nuevo día,2D Doblada,23:10,,,,https://www.cinemark.com.ar/peliculas/spider-man-un-nuevo-dia
GBA Norte,Cinemark Hoyts,Hoyts Unicenter,"Paraná 3745, Unicenter Shopping",Spider-Man: Un nuevo día,DBOX 2D Doblada,23:10,,,,https://www.cinemark.com.ar/peliculas/spider-man-un-nuevo-dia
GBA Norte,Cinemark Hoyts,Hoyts Unicenter,"Paraná 3745, Unicenter Shopping",Toy Story 5,2D Doblada,17:50,,,,https://www.cinemark.com.ar/peliculas/toy-story-5
GBA Norte,Cinemark Hoyts,Hoyts Unicenter,"Paraná 3745, Unicenter Shopping",Yo Narciso,2D Doblada,18:15,,,,https://www.cinemark.com.ar/peliculas/yo-narciso
GBA Norte,Cinemark Hoyts,Hoyts Unicenter,"Paraná 3745, Unicenter Shopping",Yo Narciso,PREMIER 2D Doblada,20:00,,,,https://www.cinemark.com.ar/peliculas/yo-narciso
GBA Norte,Cinemark Hoyts,Hoyts Unicenter,"Paraná 3745, Unicenter Shopping",Yo Narciso,2D Doblada,20:25,,,,https://www.cinemark.com.ar/peliculas/yo-narciso
GBA Norte,Cinemark Hoyts,Hoyts Unicenter,"Paraná 3745, Unicenter Shopping",Yo Narciso,PREMIER 2D Doblada,22:30,,,,https://www.cinemark.com.ar/peliculas/yo-narciso
GBA Norte,Cinemark Hoyts,Hoyts Unicenter,"Paraná 3745, Unicenter Shopping",Yo Narciso,2D Doblada,22:45,,,,https://www.cinemark.com.ar/peliculas/yo-narciso
GBA Oeste,Cinemark Hoyts,Hoyts Moreno,"Av. Victorica 1128, Nine Shopping",Coyote vs. Acme,2D Doblada,17:45,,,,https://www.cinemark.com.ar/peliculas/coyote-vs-acme
GBA Oeste,Cinemark Hoyts,Hoyts Moreno,"Av. Victorica 1128, Nine Shopping",Coyote vs. Acme,2D Doblada,20:15,,,,https://www.cinemark.com.ar/peliculas/coyote-vs-acme
GBA Oeste,Cinemark Hoyts,Hoyts Moreno,"Av. Victorica 1128, Nine Shopping",Coyote vs. Acme,2D Doblada,22:45,,,,https://www.cinemark.com.ar/peliculas/coyote-vs-acme
GBA Oeste,Cinemark Hoyts,Hoyts Moreno,"Av. Victorica 1128, Nine Shopping",El Final de la Calle Oak,2D Doblada,23:00,,,,https://www.cinemark.com.ar/peliculas/el-final-de-la-calle-oak
GBA Oeste,Cinemark Hoyts,Hoyts Moreno,"Av. Victorica 1128, Nine Shopping",Harry Potter 25° Aniversario,2D Doblada,19:00,,,,https://www.cinemark.com.ar/peliculas/harry-potter-y-la-piedra-filosofal-25-aniversario
GBA Oeste,Cinemark Hoyts,Hoyts Moreno,"Av. Victorica 1128, Nine Shopping",Harry Potter 25° Aniversario,DBOX 2D Doblada,19:00,,,,https://www.cinemark.com.ar/peliculas/harry-potter-y-la-piedra-filosofal-25-aniversario
GBA Oeste,Cinemark Hoyts,Hoyts Moreno,"Av. Victorica 1128, Nine Shopping",Impacto mortal,2D Doblada,17:50,,,,https://www.cinemark.com.ar/peliculas/impacto-mortal
GBA Oeste,Cinemark Hoyts,Hoyts Moreno,"Av. Victorica 1128, Nine Shopping",Impacto mortal,2D Doblada,22:50,,,,https://www.cinemark.com.ar/peliculas/impacto-mortal
GBA Oeste,Cinemark Hoyts,Hoyts Moreno,"Av. Victorica 1128, Nine Shopping",Insidious: Fuera del más allá,2D Doblada,18:50,,,,https://www.cinemark.com.ar/peliculas/la-noche-del-demonio-estan-entre-nosotros
GBA Oeste,Cinemark Hoyts,Hoyts Moreno,"Av. Victorica 1128, Nine Shopping",Insidious: Fuera del más allá,2D Doblada,20:10,,,,https://www.cinemark.com.ar/peliculas/la-noche-del-demonio-estan-entre-nosotros
GBA Oeste,Cinemark Hoyts,Hoyts Moreno,"Av. Victorica 1128, Nine Shopping",Insidious: Fuera del más allá,DBOX 2D Doblada,20:10,,,,https://www.cinemark.com.ar/peliculas/la-noche-del-demonio-estan-entre-nosotros
GBA Oeste,Cinemark Hoyts,Hoyts Moreno,"Av. Victorica 1128, Nine Shopping",Insidious: Fuera del más allá,2D Doblada,21:40,,,,https://www.cinemark.com.ar/peliculas/la-noche-del-demonio-estan-entre-nosotros
GBA Oeste,Cinemark Hoyts,Hoyts Moreno,"Av. Victorica 1128, Nine Shopping",Insidious: Fuera del más allá,2D Doblada,22:40,,,,https://www.cinemark.com.ar/peliculas/la-noche-del-demonio-estan-entre-nosotros
GBA Oeste,Cinemark Hoyts,Hoyts Moreno,"Av. Victorica 1128, Nine Shopping",Insidious: Fuera del más allá,DBOX 2D Doblada,22:40,,,,https://www.cinemark.com.ar/peliculas/la-noche-del-demonio-estan-entre-nosotros
GBA Oeste,Cinemark Hoyts,Hoyts Moreno,"Av. Victorica 1128, Nine Shopping",La constelación del perro,2D Doblada,19:20,,,,https://cartelera.ar/pelicula/la-constelacion-del-perro
GBA Oeste,Cinemark Hoyts,Hoyts Moreno,"Av. Victorica 1128, Nine Shopping",La constelación del perro,2D Doblada,22:00,,,,https://cartelera.ar/pelicula/la-constelacion-del-perro
GBA Oeste,Cinemark Hoyts,Hoyts Moreno,"Av. Victorica 1128, Nine Shopping",LA GUERRA DE LOS ÚLTIMOS,2D Doblada,19:20,,,,https://www.cinemark.com.ar/peliculas/la-guerra-de-los-ultimos
GBA Oeste,Cinemark Hoyts,Hoyts Moreno,"Av. Victorica 1128, Nine Shopping",LA GUERRA DE LOS ÚLTIMOS,2D Doblada,22:00,,,,https://www.cinemark.com.ar/peliculas/la-guerra-de-los-ultimos
GBA Oeste,Cinemark Hoyts,Hoyts Moreno,"Av. Victorica 1128, Nine Shopping",La Odisea,2D Doblada,18:20,,,,https://www.cinemark.com.ar/peliculas/la-odisea
GBA Oeste,Cinemark Hoyts,Hoyts Moreno,"Av. Victorica 1128, Nine Shopping",La Odisea,2D Doblada,22:10,,,,https://www.cinemark.com.ar/peliculas/la-odisea
GBA Oeste,Cinemark Hoyts,Hoyts Moreno,"Av. Victorica 1128, Nine Shopping",Solo por una noche,2D Doblada,20:20,,,,https://www.cinemark.com.ar/peliculas/solo-por-una-noche
GBA Oeste,Cinemark Hoyts,Hoyts Moreno,"Av. Victorica 1128, Nine Shopping",Spider-Man: Un nuevo día,3D Doblada,18:10,,,,https://www.cinemark.com.ar/peliculas/spider-man-un-nuevo-dia
GBA Oeste,Cinemark Hoyts,Hoyts Moreno,"Av. Victorica 1128, Nine Shopping",Spider-Man: Un nuevo día,2D Doblada,19:50,,,,https://www.cinemark.com.ar/peliculas/spider-man-un-nuevo-dia
GBA Oeste,Cinemark Hoyts,Hoyts Moreno,"Av. Victorica 1128, Nine Shopping",Spider-Man: Un nuevo día,2D Doblada,21:30,,,,https://www.cinemark.com.ar/peliculas/spider-man-un-nuevo-dia
GBA Oeste,Cinemark Hoyts,Hoyts Moreno,"Av. Victorica 1128, Nine Shopping",Spider-Man: Un nuevo día,2D Doblada,22:30,,,,https://www.cinemark.com.ar/peliculas/spider-man-un-nuevo-dia
GBA Oeste,Cinemark Hoyts,Hoyts Moreno,"Av. Victorica 1128, Nine Shopping",Spider-Man: Un nuevo día,DBOX 2D Doblada,22:30,,,,https://www.cinemark.com.ar/peliculas/spider-man-un-nuevo-dia
GBA Oeste,Cinemark Hoyts,Hoyts Moreno,"Av. Victorica 1128, Nine Shopping",Yo Narciso,2D Doblada,17:40,,,,https://www.cinemark.com.ar/peliculas/yo-narciso
GBA Oeste,Cinemark Hoyts,Hoyts Moreno,"Av. Victorica 1128, Nine Shopping",Yo Narciso,2D Doblada,20:00,,,,https://www.cinemark.com.ar/peliculas/yo-narciso
GBA Oeste,Cinemark Hoyts,Hoyts Moreno,"Av. Victorica 1128, Nine Shopping",Yo Narciso,2D Doblada,22:20,,,,https://www.cinemark.com.ar/peliculas/yo-narciso
CABA,Cine Independiente,Cine Gaumont,"Av. Rivadavia 1635, Congreso",Canelones,2D Doblada,18:30,,,,
CABA,Cine Independiente,Cine Gaumont,"Av. Rivadavia 1635, Congreso",Canelones,2D Doblada,22:15,,,,
CABA,Cine Independiente,Cine Gaumont,"Av. Rivadavia 1635, Congreso",Yo Narciso,2D Doblada,21:30,,,,
CABA,Cine Independiente,Cine Gaumont,"Av. Rivadavia 1635, Congreso",Un trago de infierno,2D Doblada,22:30,,,,
CABA,Cine Independiente,Cine Gaumont,"Av. Rivadavia 1635, Congreso",Lu & Pau,2D Doblada,20:30,,,,
CABA,Cine Independiente,Cine Gaumont,"Av. Rivadavia 1635, Congreso",CIN3 FILI4,2D Doblada,19:30,,,,
CABA,Cine Independiente,Cine Gaumont,"Av. Rivadavia 1635, Congreso",El Temblor,2D Doblada,19:15,,,,
CABA,Cine Independiente,Cine Gaumont,"Av. Rivadavia 1635, Congreso",La niña del azúcar,2D Doblada,20:45,,,,
CABA,Atlas Cines,Atlas Liniers,"Av. Rivadavia 11177, Liniers",Spider-Man: Un nuevo día,2D Doblada,18:00,,,,https://cartelera.ar/pelicula/spider-man-un-nuevo-dia
CABA,Atlas Cines,Atlas Liniers,"Av. Rivadavia 11177, Liniers",Spider-Man: Un nuevo día,2D Doblada,21:10,,,,https://cartelera.ar/pelicula/spider-man-un-nuevo-dia
CABA,Atlas Cines,Atlas Liniers,"Av. Rivadavia 11177, Liniers",Impacto mortal,2D Doblada,21:50,,,,https://cartelera.ar/pelicula/impacto-mortal
CABA,Atlas Cines,Atlas Liniers,"Av. Rivadavia 11177, Liniers",La constelación del perro,2D Doblada,19:00,,,,https://cartelera.ar/pelicula/la-constelacion-del-perro
CABA,Atlas Cines,Atlas Liniers,"Av. Rivadavia 11177, Liniers",La constelación del perro,2D Doblada,21:30,,,,https://cartelera.ar/pelicula/la-constelacion-del-perro
CABA,Atlas Cines,Atlas Liniers,"Av. Rivadavia 11177, Liniers",Coyote vs. Acme,2D Doblada,19:30,,,,https://cartelera.ar/pelicula/coyote-vs-acme
CABA,Atlas Cines,Atlas Liniers,"Av. Rivadavia 11177, Liniers",Insidious: Fuera del más allá,2D Doblada,19:50,,,,https://cartelera.ar/pelicula/insidious-fuera-del-mas-alla
CABA,Atlas Cines,Atlas Liniers,"Av. Rivadavia 11177, Liniers",Insidious: Fuera del más allá,2D Doblada,22:10,,,,https://cartelera.ar/pelicula/insidious-fuera-del-mas-alla
GBA Norte,Atlas Cines,Atlas Nordelta,"Av. de los Lagos 7008, Nordelta Centro Comercial",La invitación,2D Subtitulada,19:20,,,,https://cartelera.ar/pelicula/la-invitacion
GBA Norte,Atlas Cines,Atlas Nordelta,"Av. de los Lagos 7008, Nordelta Centro Comercial",La Odisea,2D Subtitulada,21:40,,,,https://cartelera.ar/pelicula/la-odisea
GBA Norte,Atlas Cines,Atlas Nordelta,"Av. de los Lagos 7008, Nordelta Centro Comercial",Spider-Man: Un nuevo día,2D Subtitulada,21:50,,,,https://cartelera.ar/pelicula/spider-man-un-nuevo-dia
GBA Norte,Atlas Cines,Atlas Nordelta,"Av. de los Lagos 7008, Nordelta Centro Comercial",Solo por una noche,2D Doblada,17:50,,,,https://cartelera.ar/pelicula/solo-por-una-noche
GBA Norte,Atlas Cines,Atlas Nordelta,"Av. de los Lagos 7008, Nordelta Centro Comercial",Solo por una noche,2D Subtitulada,22:30,,,,https://cartelera.ar/pelicula/solo-por-una-noche
GBA Norte,Atlas Cines,Atlas Nordelta,"Av. de los Lagos 7008, Nordelta Centro Comercial",La constelación del perro,2D Subtitulada,20:20,,,,https://cartelera.ar/pelicula/la-constelacion-del-perro
GBA Norte,Atlas Cines,Atlas Nordelta,"Av. de los Lagos 7008, Nordelta Centro Comercial",La constelación del perro,2D Subtitulada,22:50,,,,https://cartelera.ar/pelicula/la-constelacion-del-perro
GBA Norte,Atlas Cines,Atlas Nordelta,"Av. de los Lagos 7008, Nordelta Centro Comercial",Coyote vs. Acme,2D Doblada,20:10,,,,https://cartelera.ar/pelicula/coyote-vs-acme
GBA Norte,Atlas Cines,Atlas Nordelta,"Av. de los Lagos 7008, Nordelta Centro Comercial",Yo Narciso,2D Doblada,18:00,,,,
GBA Norte,Atlas Cines,Atlas Nordelta,"Av. de los Lagos 7008, Nordelta Centro Comercial",Yo Narciso,2D Doblada,20:10,,,,
GBA Norte,Atlas Cines,Atlas Nordelta,"Av. de los Lagos 7008, Nordelta Centro Comercial",Yo Narciso,2D Doblada,22:20,,,,
GBA Norte,Atlas Cines,Atlas Nordelta,"Av. de los Lagos 7008, Nordelta Centro Comercial",El Gran Falsificador,2D Subtitulada,19:10,,,,
GBA Norte,Cinemark Hoyts,Cinemark Soleil,"Av. Brig. Juan M. de Rosas 658, Soleil Premium",Coyote vs. Acme,2D Doblada,19:50,,,,https://www.cinemark.com.ar/peliculas/coyote-vs-acme
GBA Norte,Cinemark Hoyts,Cinemark Soleil,"Av. Brig. Juan M. de Rosas 658, Soleil Premium",Coyote vs. Acme,2D Doblada,22:50,,,,https://www.cinemark.com.ar/peliculas/coyote-vs-acme
GBA Norte,Cinemark Hoyts,Cinemark Soleil,"Av. Brig. Juan M. de Rosas 658, Soleil Premium",Harry Potter 25° Aniversario,2D Doblada,19:00,,,,https://www.cinemark.com.ar/peliculas/harry-potter-y-la-piedra-filosofal-25-aniversario
GBA Norte,Cinemark Hoyts,Cinemark Soleil,"Av. Brig. Juan M. de Rosas 658, Soleil Premium",Insidious: Fuera del más allá,2D Doblada,20:30,,,,https://www.cinemark.com.ar/peliculas/la-noche-del-demonio-estan-entre-nosotros
GBA Norte,Cinemark Hoyts,Cinemark Soleil,"Av. Brig. Juan M. de Rosas 658, Soleil Premium",Insidious: Fuera del más allá,2D Doblada,22:30,,,,https://www.cinemark.com.ar/peliculas/la-noche-del-demonio-estan-entre-nosotros
GBA Norte,Cinemark Hoyts,Cinemark Soleil,"Av. Brig. Juan M. de Rosas 658, Soleil Premium",Insidious: Fuera del más allá,2D Doblada,23:00,,,,https://www.cinemark.com.ar/peliculas/la-noche-del-demonio-estan-entre-nosotros
GBA Norte,Cinemark Hoyts,Cinemark Soleil,"Av. Brig. Juan M. de Rosas 658, Soleil Premium",La constelación del perro,2D Doblada,20:00,,,,https://cartelera.ar/pelicula/la-constelacion-del-perro
GBA Norte,Cinemark Hoyts,Cinemark Soleil,"Av. Brig. Juan M. de Rosas 658, Soleil Premium",LA GUERRA DE LOS ÚLTIMOS,2D Doblada,20:00,,,,https://www.cinemark.com.ar/peliculas/la-guerra-de-los-ultimos
GBA Norte,Cinemark Hoyts,Cinemark Soleil,"Av. Brig. Juan M. de Rosas 658, Soleil Premium",La Odisea,2D Doblada,22:25,,,,https://www.cinemark.com.ar/peliculas/la-odisea
GBA Norte,Cinemark Hoyts,Cinemark Soleil,"Av. Brig. Juan M. de Rosas 658, Soleil Premium",Spider-Man: Un nuevo día,3D Doblada,19:20,,,,https://www.cinemark.com.ar/peliculas/spider-man-un-nuevo-dia
GBA Norte,Cinemark Hoyts,Cinemark Soleil,"Av. Brig. Juan M. de Rosas 658, Soleil Premium",Spider-Man: Un nuevo día,2D Doblada,22:40,,,,https://www.cinemark.com.ar/peliculas/spider-man-un-nuevo-dia
GBA Norte,Cinemark Hoyts,Cinemark Soleil,"Av. Brig. Juan M. de Rosas 658, Soleil Premium",Toy Story 5,2D Doblada,17:40,,,,https://www.cinemark.com.ar/peliculas/toy-story-5
GBA Norte,Cinemark Hoyts,Cinemark Soleil,"Av. Brig. Juan M. de Rosas 658, Soleil Premium",Yo Narciso,2D Doblada,18:00,,,,https://www.cinemark.com.ar/peliculas/yo-narciso
GBA Norte,Cinemark Hoyts,Cinemark Soleil,"Av. Brig. Juan M. de Rosas 658, Soleil Premium",Yo Narciso,2D Doblada,20:10,,,,https://www.cinemark.com.ar/peliculas/yo-narciso
GBA Norte,Cinemark Hoyts,Cinemark Soleil,"Av. Brig. Juan M. de Rosas 658, Soleil Premium",Yo Narciso,2D Doblada,22:20,,,,https://www.cinemark.com.ar/peliculas/yo-narciso
GBA Sur,Cinemark Hoyts,Hoyts Temperley,Av. Hipólito Yrigoyen 10.700,Coyote vs. Acme,2D Doblada,19:50,,,,https://www.cinemark.com.ar/peliculas/coyote-vs-acme
GBA Sur,Cinemark Hoyts,Hoyts Temperley,Av. Hipólito Yrigoyen 10.700,Coyote vs. Acme,2D Doblada,22:25,,,,https://www.cinemark.com.ar/peliculas/coyote-vs-acme
GBA Sur,Cinemark Hoyts,Hoyts Temperley,Av. Hipólito Yrigoyen 10.700,Harry Potter 25° Aniversario,DBOX XD 2D Doblada,19:00,,,,https://www.cinemark.com.ar/peliculas/harry-potter-y-la-piedra-filosofal-25-aniversario
GBA Sur,Cinemark Hoyts,Hoyts Temperley,Av. Hipólito Yrigoyen 10.700,Harry Potter 25° Aniversario,XD 2D Doblada,19:00,,,,https://www.cinemark.com.ar/peliculas/harry-potter-y-la-piedra-filosofal-25-aniversario
GBA Sur,Cinemark Hoyts,Hoyts Temperley,Av. Hipólito Yrigoyen 10.700,Harry Potter 25° Aniversario,4D 2D Doblada,22:00,,,,https://www.cinemark.com.ar/peliculas/harry-potter-y-la-piedra-filosofal-25-aniversario
GBA Sur,Cinemark Hoyts,Hoyts Temperley,Av. Hipólito Yrigoyen 10.700,Impacto mortal,2D Doblada,17:40,,,,https://www.cinemark.com.ar/peliculas/impacto-mortal
GBA Sur,Cinemark Hoyts,Hoyts Temperley,Av. Hipólito Yrigoyen 10.700,Impacto mortal,2D Doblada,22:40,,,,https://www.cinemark.com.ar/peliculas/impacto-mortal
GBA Sur,Cinemark Hoyts,Hoyts Temperley,Av. Hipólito Yrigoyen 10.700,Insidious: Fuera del más allá,2D Doblada,19:45,,,,https://www.cinemark.com.ar/peliculas/la-noche-del-demonio-estan-entre-nosotros
GBA Sur,Cinemark Hoyts,Hoyts Temperley,Av. Hipólito Yrigoyen 10.700,Insidious: Fuera del más allá,DBOX 2D Doblada,19:45,,,,https://www.cinemark.com.ar/peliculas/la-noche-del-demonio-estan-entre-nosotros
GBA Sur,Cinemark Hoyts,Hoyts Temperley,Av. Hipólito Yrigoyen 10.700,Insidious: Fuera del más allá,2D Doblada,22:20,,,,https://www.cinemark.com.ar/peliculas/la-noche-del-demonio-estan-entre-nosotros
GBA Sur,Cinemark Hoyts,Hoyts Temperley,Av. Hipólito Yrigoyen 10.700,Insidious: Fuera del más allá,DBOX 2D Doblada,22:20,,,,https://www.cinemark.com.ar/peliculas/la-noche-del-demonio-estan-entre-nosotros
GBA Sur,Cinemark Hoyts,Hoyts Temperley,Av. Hipólito Yrigoyen 10.700,La constelación del perro,2D Doblada,20:00,,,,https://cartelera.ar/pelicula/la-constelacion-del-perro
GBA Sur,Cinemark Hoyts,Hoyts Temperley,Av. Hipólito Yrigoyen 10.700,La constelación del perro,2D Doblada,22:45,,,,https://cartelera.ar/pelicula/la-constelacion-del-perro
GBA Sur,Cinemark Hoyts,Hoyts Temperley,Av. Hipólito Yrigoyen 10.700,LA GUERRA DE LOS ÚLTIMOS,2D Doblada,20:00,,,,https://www.cinemark.com.ar/peliculas/la-guerra-de-los-ultimos
GBA Sur,Cinemark Hoyts,Hoyts Temperley,Av. Hipólito Yrigoyen 10.700,LA GUERRA DE LOS ÚLTIMOS,2D Doblada,22:45,,,,https://www.cinemark.com.ar/peliculas/la-guerra-de-los-ultimos
GBA Sur,Cinemark Hoyts,Hoyts Temperley,Av. Hipólito Yrigoyen 10.700,La Odisea,2D Doblada,18:40,,,,https://www.cinemark.com.ar/peliculas/la-odisea
GBA Sur,Cinemark Hoyts,Hoyts Temperley,Av. Hipólito Yrigoyen 10.700,La Odisea,DBOX 2D Doblada,18:40,,,,https://www.cinemark.com.ar/peliculas/la-odisea
GBA Sur,Cinemark Hoyts,Hoyts Temperley,Av. Hipólito Yrigoyen 10.700,La Odisea,2D Doblada,22:15,,,,https://www.cinemark.com.ar/peliculas/la-odisea
GBA Sur,Cinemark Hoyts,Hoyts Temperley,Av. Hipólito Yrigoyen 10.700,La Odisea,DBOX 2D Doblada,22:15,,,,https://www.cinemark.com.ar/peliculas/la-odisea
GBA Sur,Cinemark Hoyts,Hoyts Temperley,Av. Hipólito Yrigoyen 10.700,Solo por una noche,2D Doblada,20:15,,,,https://www.cinemark.com.ar/peliculas/solo-por-una-noche
GBA Sur,Cinemark Hoyts,Hoyts Temperley,Av. Hipólito Yrigoyen 10.700,Spider-Man: Un nuevo día,4D 3D Doblada,18:30,,,,https://www.cinemark.com.ar/peliculas/spider-man-un-nuevo-dia
GBA Sur,Cinemark Hoyts,Hoyts Temperley,Av. Hipólito Yrigoyen 10.700,Spider-Man: Un nuevo día,2D Doblada,19:30,,,,https://www.cinemark.com.ar/peliculas/spider-man-un-nuevo-dia
GBA Sur,Cinemark Hoyts,Hoyts Temperley,Av. Hipólito Yrigoyen 10.700,Spider-Man: Un nuevo día,DBOX XD 2D Doblada,22:30,,,,https://www.cinemark.com.ar/peliculas/spider-man-un-nuevo-dia
GBA Sur,Cinemark Hoyts,Hoyts Temperley,Av. Hipólito Yrigoyen 10.700,Spider-Man: Un nuevo día,XD 2D Doblada,22:30,,,,https://www.cinemark.com.ar/peliculas/spider-man-un-nuevo-dia
GBA Sur,Cinemark Hoyts,Hoyts Temperley,Av. Hipólito Yrigoyen 10.700,Spider-Man: Un nuevo día,2D Doblada,23:00,,,,https://www.cinemark.com.ar/peliculas/spider-man-un-nuevo-dia
GBA Sur,Cinemark Hoyts,Hoyts Temperley,Av. Hipólito Yrigoyen 10.700,Yo Narciso,2D Doblada,19:50,,,,https://www.cinemark.com.ar/peliculas/yo-narciso
GBA Sur,Cinemark Hoyts,Hoyts Temperley,Av. Hipólito Yrigoyen 10.700,Yo Narciso,2D Doblada,22:10,,,,https://www.cinemark.com.ar/peliculas/yo-narciso
GBA Oeste,Cinemark Hoyts,Cinemark San Justo,Av. Brigadier Juan M. de Rosas 3910,Coyote vs. Acme,2D Doblada,18:00,,,,https://www.cinemark.com.ar/peliculas/coyote-vs-acme
GBA Oeste,Cinemark Hoyts,Cinemark San Justo,Av. Brigadier Juan M. de Rosas 3910,Coyote vs. Acme,2D Doblada,20:30,,,,https://www.cinemark.com.ar/peliculas/coyote-vs-acme
GBA Oeste,Cinemark Hoyts,Cinemark San Justo,Av. Brigadier Juan M. de Rosas 3910,Harry Potter 25° Aniversario,DBOX XD 2D Subtitulada,19:00,,,,https://www.cinemark.com.ar/peliculas/harry-potter-y-la-piedra-filosofal-25-aniversario
GBA Oeste,Cinemark Hoyts,Cinemark San Justo,Av. Brigadier Juan M. de Rosas 3910,Harry Potter 25° Aniversario,XD 2D Subtitulada,19:00,,,,https://www.cinemark.com.ar/peliculas/harry-potter-y-la-piedra-filosofal-25-aniversario
GBA Oeste,Cinemark Hoyts,Cinemark San Justo,Av. Brigadier Juan M. de Rosas 3910,Insidious: Fuera del más allá,2D Doblada,19:20,,,,https://www.cinemark.com.ar/peliculas/la-noche-del-demonio-estan-entre-nosotros
GBA Oeste,Cinemark Hoyts,Cinemark San Justo,Av. Brigadier Juan M. de Rosas 3910,Insidious: Fuera del más allá,DBOX 2D Doblada,19:20,,,,https://www.cinemark.com.ar/peliculas/la-noche-del-demonio-estan-entre-nosotros
GBA Oeste,Cinemark Hoyts,Cinemark San Justo,Av. Brigadier Juan M. de Rosas 3910,Insidious: Fuera del más allá,2D Doblada,22:00,,,,https://www.cinemark.com.ar/peliculas/la-noche-del-demonio-estan-entre-nosotros
GBA Oeste,Cinemark Hoyts,Cinemark San Justo,Av. Brigadier Juan M. de Rosas 3910,Insidious: Fuera del más allá,DBOX 2D Doblada,22:00,,,,https://www.cinemark.com.ar/peliculas/la-noche-del-demonio-estan-entre-nosotros
GBA Oeste,Cinemark Hoyts,Cinemark San Justo,Av. Brigadier Juan M. de Rosas 3910,Insidious: Fuera del más allá,2D Doblada,23:00,,,,https://www.cinemark.com.ar/peliculas/la-noche-del-demonio-estan-entre-nosotros
GBA Oeste,Cinemark Hoyts,Cinemark San Justo,Av. Brigadier Juan M. de Rosas 3910,La constelación del perro,2D Doblada,20:00,,,,https://cartelera.ar/pelicula/la-constelacion-del-perro
GBA Oeste,Cinemark Hoyts,Cinemark San Justo,Av. Brigadier Juan M. de Rosas 3910,LA GUERRA DE LOS ÚLTIMOS,2D Doblada,20:00,,,,https://www.cinemark.com.ar/peliculas/la-guerra-de-los-ultimos
GBA Oeste,Cinemark Hoyts,Cinemark San Justo,Av. Brigadier Juan M. de Rosas 3910,La Odisea,2D Doblada,22:30,,,,https://www.cinemark.com.ar/peliculas/la-odisea
GBA Oeste,Cinemark Hoyts,Cinemark San Justo,Av. Brigadier Juan M. de Rosas 3910,Spider-Man: Un nuevo día,3D Doblada,18:50,,,,https://www.cinemark.com.ar/peliculas/spider-man-un-nuevo-dia
GBA Oeste,Cinemark Hoyts,Cinemark San Justo,Av. Brigadier Juan M. de Rosas 3910,Spider-Man: Un nuevo día,2D Doblada,22:10,,,,https://www.cinemark.com.ar/peliculas/spider-man-un-nuevo-dia
GBA Oeste,Cinemark Hoyts,Cinemark San Justo,Av. Brigadier Juan M. de Rosas 3910,Spider-Man: Un nuevo día,DBOX XD 2D Doblada,22:50,,,,https://www.cinemark.com.ar/peliculas/spider-man-un-nuevo-dia
GBA Oeste,Cinemark Hoyts,Cinemark San Justo,Av. Brigadier Juan M. de Rosas 3910,Spider-Man: Un nuevo día,XD 2D Doblada,22:50,,,,https://www.cinemark.com.ar/peliculas/spider-man-un-nuevo-dia
GBA Oeste,Cinemark Hoyts,Cinemark San Justo,Av. Brigadier Juan M. de Rosas 3910,Yo Narciso,2D Doblada,17:40,,,,https://www.cinemark.com.ar/peliculas/yo-narciso
GBA Oeste,Cinemark Hoyts,Cinemark San Justo,Av. Brigadier Juan M. de Rosas 3910,Yo Narciso,2D Doblada,19:50,,,,https://www.cinemark.com.ar/peliculas/yo-narciso
GBA Oeste,Cinemark Hoyts,Cinemark San Justo,Av. Brigadier Juan M. de Rosas 3910,Yo Narciso,2D Doblada,22:20,,,,https://www.cinemark.com.ar/peliculas/yo-narciso
GBA Sur,Atlas Cines,Atlas Catan,"Camino de Cintura 2727, Shopping Catan",Spider-Man: Un nuevo día,4DX Doblada,18:10,,,,https://cartelera.ar/pelicula/spider-man-un-nuevo-dia
GBA Sur,Atlas Cines,Atlas Catan,"Camino de Cintura 2727, Shopping Catan",Spider-Man: Un nuevo día,2D Doblada,18:50,,,,https://cartelera.ar/pelicula/spider-man-un-nuevo-dia
GBA Sur,Atlas Cines,Atlas Catan,"Camino de Cintura 2727, Shopping Catan",Spider-Man: Un nuevo día,4DX Doblada,21:10,,,,https://cartelera.ar/pelicula/spider-man-un-nuevo-dia
GBA Sur,Atlas Cines,Atlas Catan,"Camino de Cintura 2727, Shopping Catan",Spider-Man: Un nuevo día,2D Doblada,21:50,,,,https://cartelera.ar/pelicula/spider-man-un-nuevo-dia
GBA Sur,Atlas Cines,Atlas Catan,"Camino de Cintura 2727, Shopping Catan",Impacto mortal,2D Doblada,18:00,,,,https://cartelera.ar/pelicula/impacto-mortal
GBA Sur,Atlas Cines,Atlas Catan,"Camino de Cintura 2727, Shopping Catan",Impacto mortal,2D Doblada,22:30,,,,https://cartelera.ar/pelicula/impacto-mortal
GBA Sur,Atlas Cines,Atlas Catan,"Camino de Cintura 2727, Shopping Catan",Solo por una noche,2D Doblada,21:40,,,,https://cartelera.ar/pelicula/solo-por-una-noche
GBA Sur,Atlas Cines,Atlas Catan,"Camino de Cintura 2727, Shopping Catan",La constelación del perro,2D Doblada,19:40,,,,https://cartelera.ar/pelicula/la-constelacion-del-perro
GBA Sur,Atlas Cines,Atlas Catan,"Camino de Cintura 2727, Shopping Catan",La constelación del perro,2D Doblada,22:10,,,,https://cartelera.ar/pelicula/la-constelacion-del-perro
GBA Sur,Atlas Cines,Atlas Catan,"Camino de Cintura 2727, Shopping Catan",Coyote vs. Acme,2D Doblada,19:20,,,,https://cartelera.ar/pelicula/coyote-vs-acme
GBA Sur,Atlas Cines,Atlas Catan,"Camino de Cintura 2727, Shopping Catan",Insidious: Fuera del más allá,2D Doblada,17:40,,,,https://cartelera.ar/pelicula/insidious-fuera-del-mas-alla
GBA Sur,Atlas Cines,Atlas Catan,"Camino de Cintura 2727, Shopping Catan",Insidious: Fuera del más allá,2D Doblada,20:00,,,,https://cartelera.ar/pelicula/insidious-fuera-del-mas-alla
GBA Sur,Atlas Cines,Atlas Catan,"Camino de Cintura 2727, Shopping Catan",Insidious: Fuera del más allá,2D Doblada,22:20,,,,https://cartelera.ar/pelicula/insidious-fuera-del-mas-alla
GBA Sur,Atlas Cines,Atlas Catan,"Camino de Cintura 2727, Shopping Catan",Yo Narciso,2D Doblada,20:20,,,,
CABA,Atlas Cines,Atlas Patio Bullrich,"Av. del Libertador 750, Patio Bullrich",Los Colores Del Tiempo,2D Subtitulada,17:40,,,,https://cartelera.ar/pelicula/los-colores-del-tiempo
CABA,Atlas Cines,Atlas Patio Bullrich,"Av. del Libertador 750, Patio Bullrich",La invitación,2D Subtitulada,21:00,,,,https://cartelera.ar/pelicula/la-invitacion
CABA,Atlas Cines,Atlas Patio Bullrich,"Av. del Libertador 750, Patio Bullrich",La Odisea,2D Subtitulada,20:20,,,,https://cartelera.ar/pelicula/la-odisea
CABA,Atlas Cines,Atlas Patio Bullrich,"Av. del Libertador 750, Patio Bullrich",Yo Narciso,2D Doblada,21:20,,,,
CABA,Atlas Cines,Atlas Patio Bullrich,"Av. del Libertador 750, Patio Bullrich",El Gran Falsificador,2D Subtitulada,18:20,,,,
CABA,Atlas Cines,Atlas Patio Bullrich,"Av. del Libertador 750, Patio Bullrich",Tierra De Crimen,2D Subtitulada,18:50,,,,
CABA,Atlas Cines,Atlas Patio Bullrich,"Av. del Libertador 750, Patio Bullrich",Tierra De Crimen,2D Subtitulada,20:40,,,,
GBA Norte,Showcase,IMAX Showcase Norte,"Av. Ricardo Balbín 2550, Shopping Norcenter",La Odisea,IMAX Subtitulada,22:30,,,,https://cartelera.ar/pelicula/la-odisea
GBA Norte,Showcase,IMAX Showcase Norte,"Av. Ricardo Balbín 2550, Shopping Norcenter",La constelación del perro,IMAX Subtitulada,19:50,,,,https://cartelera.ar/pelicula/la-constelacion-del-perro
