zona,cadena,cine,direccion,pelicula,formato,horario,precio_general,precio_jubilado,precio_menor,url_pelicula
GBA Norte,Multiplex,Multiplex Pilar,"Las Magnolias 754, Palmas del Pilar",Afterburn (Zona cero),2D Doblada,22:40,,,,https://multiplex.com.ar/peliculas/zona-cero/
GBA Norte,Multiplex,Multiplex Pilar,"Las Magnolias 754, Palmas del Pilar",Backrooms,2D Doblada,23:00,,,,https://multiplex.com.ar/peliculas/backrooms-sin-salida/
GBA Norte,Multiplex,Multiplex Pilar,"Las Magnolias 754, Palmas del Pilar",Código: Venganza,2D Doblada,21:00,,,,https://multiplex.com.ar/peliculas/codigo-venganza/
GBA Norte,Multiplex,Multiplex Pilar,"Las Magnolias 754, Palmas del Pilar",Coyote vs. Acme,2D Doblada,12:00,,,,https://multiplex.com.ar/peliculas/coyote-vs-acme/
GBA Norte,Multiplex,Multiplex Pilar,"Las Magnolias 754, Palmas del Pilar",Coyote vs. Acme,2D Doblada,14:10,,,,https://multiplex.com.ar/peliculas/coyote-vs-acme/
GBA Norte,Multiplex,Multiplex Pilar,"Las Magnolias 754, Palmas del Pilar",Coyote vs. Acme,2D Doblada,16:20,,,,https://multiplex.com.ar/peliculas/coyote-vs-acme/
GBA Norte,Multiplex,Multiplex Pilar,"Las Magnolias 754, Palmas del Pilar",Coyote vs. Acme,2D Doblada,18:40,,,,https://multiplex.com.ar/peliculas/coyote-vs-acme/
GBA Norte,Multiplex,Multiplex Pilar,"Las Magnolias 754, Palmas del Pilar",El Heladero: Dulce Sabor A Muerte,2D Doblada,18:30,,,,https://multiplex.com.ar/peliculas/el-heladero-dulce-sabor-a-muerte/
GBA Norte,Multiplex,Multiplex Pilar,"Las Magnolias 754, Palmas del Pilar",El Heladero: Dulce Sabor A Muerte,2D Doblada,23:00,,,,https://multiplex.com.ar/peliculas/el-heladero-dulce-sabor-a-muerte/
GBA Norte,Multiplex,Multiplex Pilar,"Las Magnolias 754, Palmas del Pilar",Hechizo de amor: La magia continúa,2D Doblada,14:30,,,,https://multiplex.com.ar/peliculas/hechizo-de-amor-la-magia-continua/
GBA Norte,Multiplex,Multiplex Pilar,"Las Magnolias 754, Palmas del Pilar",Hechizo de amor: La magia continúa,PLATINUM 2D Subtitulada,16:15,,,,https://multiplex.com.ar/peliculas/hechizo-de-amor-la-magia-continua/
GBA Norte,Multiplex,Multiplex Pilar,"Las Magnolias 754, Palmas del Pilar",Hechizo de amor: La magia continúa,2D Subtitulada,20:10,,,,https://multiplex.com.ar/peliculas/hechizo-de-amor-la-magia-continua/
GBA Norte,Multiplex,Multiplex Pilar,"Las Magnolias 754, Palmas del Pilar",Ice Cream Man,2D Doblada,18:30,,,,https://cartelera.ar/pelicula/ice-cream-man
GBA Norte,Multiplex,Multiplex Pilar,"Las Magnolias 754, Palmas del Pilar",Ice Cream Man,2D Doblada,23:00,,,,https://cartelera.ar/pelicula/ice-cream-man
GBA Norte,Multiplex,Multiplex Pilar,"Las Magnolias 754, Palmas del Pilar",La noche del demonio: Están entre nosotros,2D Doblada,20:50,,,,https://multiplex.com.ar/peliculas/la-noche-del-demonio-estan-entre-nosotros/
GBA Norte,Multiplex,Multiplex Pilar,"Las Magnolias 754, Palmas del Pilar",La noche del demonio: Están entre nosotros,2D Doblada,23:10,,,,https://multiplex.com.ar/peliculas/la-noche-del-demonio-estan-entre-nosotros/
GBA Norte,Multiplex,Multiplex Pilar,"Las Magnolias 754, Palmas del Pilar",La Odisea,PLATINUM 2D Subtitulada,13:00,,,,https://multiplex.com.ar/peliculas/la-odisea/
GBA Norte,Multiplex,Multiplex Pilar,"Las Magnolias 754, Palmas del Pilar",La Odisea,2D Subtitulada,15:20,,,,https://multiplex.com.ar/peliculas/la-odisea/
GBA Norte,Multiplex,Multiplex Pilar,"Las Magnolias 754, Palmas del Pilar",La Odisea,PLATINUM 2D Subtitulada,18:50,,,,https://multiplex.com.ar/peliculas/la-odisea/
GBA Norte,Multiplex,Multiplex Pilar,"Las Magnolias 754, Palmas del Pilar",La Odisea,2D Subtitulada,19:30,,,,https://multiplex.com.ar/peliculas/la-odisea/
GBA Norte,Multiplex,Multiplex Pilar,"Las Magnolias 754, Palmas del Pilar",La Odisea,PLATINUM 2D Subtitulada,22:10,,,,https://multiplex.com.ar/peliculas/la-odisea/
GBA Norte,Multiplex,Multiplex Pilar,"Las Magnolias 754, Palmas del Pilar",Michael,2D Doblada,22:00,,,,https://multiplex.com.ar/peliculas/michael-la-historia-de-michael-jackson/
GBA Norte,Multiplex,Multiplex Pilar,"Las Magnolias 754, Palmas del Pilar",Minions & monstruos,2D Doblada,12:20,,,,https://multiplex.com.ar/peliculas/minions-monstruos/
GBA Norte,Multiplex,Multiplex Pilar,"Las Magnolias 754, Palmas del Pilar",Minions & monstruos,2D Doblada,14:10,,,,https://multiplex.com.ar/peliculas/minions-monstruos/
GBA Norte,Multiplex,Multiplex Pilar,"Las Magnolias 754, Palmas del Pilar",Moana,4D (3D) Doblada,12:50,,,,https://multiplex.com.ar/peliculas/moana/
GBA Norte,Multiplex,Multiplex Pilar,"Las Magnolias 754, Palmas del Pilar",Oasis: Dont Look Back In Anger,2D Subtitulada,20:30,,,,https://multiplex.com.ar/peliculas/oasis-dont-look-back-in-anger/
GBA Norte,Multiplex,Multiplex Pilar,"Las Magnolias 754, Palmas del Pilar",Oasis: Dont Look Back In Anger,2D Subtitulada,22:30,,,,https://multiplex.com.ar/peliculas/oasis-dont-look-back-in-anger/
GBA Norte,Multiplex,Multiplex Pilar,"Las Magnolias 754, Palmas del Pilar",Obsesión,2D Subtitulada,18:10,,,,https://multiplex.com.ar/peliculas/obsesion/
GBA Norte,Multiplex,Multiplex Pilar,"Las Magnolias 754, Palmas del Pilar",PAW Patrol: La Dino Película,2D Doblada,13:00,,,,https://multiplex.com.ar/peliculas/paw-patrol-la-dino-pelicula/
GBA Norte,Multiplex,Multiplex Pilar,"Las Magnolias 754, Palmas del Pilar",PAW Patrol: La Dino Película,2D Doblada,14:50,,,,https://multiplex.com.ar/peliculas/paw-patrol-la-dino-pelicula/
GBA Norte,Multiplex,Multiplex Pilar,"Las Magnolias 754, Palmas del Pilar",Pepita la Pistolera,2D Doblada,13:40,,,,https://multiplex.com.ar/peliculas/pepita-la-pistolera/
GBA Norte,Multiplex,Multiplex Pilar,"Las Magnolias 754, Palmas del Pilar",Pepita la Pistolera,2D Doblada,18:20,,,,https://multiplex.com.ar/peliculas/pepita-la-pistolera/
GBA Norte,Multiplex,Multiplex Pilar,"Las Magnolias 754, Palmas del Pilar",Pepita la Pistolera,2D Doblada,20:30,,,,https://multiplex.com.ar/peliculas/pepita-la-pistolera/
GBA Norte,Multiplex,Multiplex Pilar,"Las Magnolias 754, Palmas del Pilar",Scary Movie,2D Doblada,22:50,,,,https://multiplex.com.ar/peliculas/scary-movie-terrorificamente-incorrecta/
GBA Norte,Multiplex,Multiplex Pilar,"Las Magnolias 754, Palmas del Pilar",Spider-Man: Un nuevo día,2D Doblada,12:10,,,,https://multiplex.com.ar/peliculas/spider-man-un-dia-nuevo/
GBA Norte,Multiplex,Multiplex Pilar,"Las Magnolias 754, Palmas del Pilar",Spider-Man: Un nuevo día,2D Doblada,15:00,,,,https://multiplex.com.ar/peliculas/spider-man-un-dia-nuevo/
GBA Norte,Multiplex,Multiplex Pilar,"Las Magnolias 754, Palmas del Pilar",Spider-Man: Un nuevo día,2D Doblada,16:40,,,,https://multiplex.com.ar/peliculas/spider-man-un-dia-nuevo/
GBA Norte,Multiplex,Multiplex Pilar,"Las Magnolias 754, Palmas del Pilar",Spider-Man: Un nuevo día,2D Doblada,17:50,,,,https://multiplex.com.ar/peliculas/spider-man-un-dia-nuevo/
GBA Norte,Multiplex,Multiplex Pilar,"Las Magnolias 754, Palmas del Pilar",Spider-Man: Un nuevo día,4D (3D) Doblada,19:30,,,,https://multiplex.com.ar/peliculas/spider-man-un-dia-nuevo/
GBA Norte,Multiplex,Multiplex Pilar,"Las Magnolias 754, Palmas del Pilar",Spider-Man: Un nuevo día,4D (3D) Doblada,22:20,,,,https://multiplex.com.ar/peliculas/spider-man-un-dia-nuevo/
GBA Norte,Multiplex,Multiplex Pilar,"Las Magnolias 754, Palmas del Pilar",Super Mario Galaxy: La Película,4D (3D) Doblada,15:10,,,,https://multiplex.com.ar/peliculas/super-mario-galaxy-la-pelicula/
GBA Norte,Multiplex,Multiplex Pilar,"Las Magnolias 754, Palmas del Pilar",Tadeo : El Explorador Y La Lampara Maravillosa,2D Doblada,12:30,,,,https://multiplex.com.ar/peliculas/tadeo-el-explorador-y-la-lampara-maravillosa/
GBA Norte,Multiplex,Multiplex Pilar,"Las Magnolias 754, Palmas del Pilar",Toy Story 5,2D Doblada,13:10,,,,https://multiplex.com.ar/peliculas/toy-story-5/
GBA Norte,Multiplex,Multiplex Pilar,"Las Magnolias 754, Palmas del Pilar",Toy Story 5,4D (3D) Doblada,17:20,,,,https://multiplex.com.ar/peliculas/toy-story-5/
GBA Norte,Multiplex,Multiplex Pilar,"Las Magnolias 754, Palmas del Pilar",Una quinta en Portugal,2D Subtitulada,15:50,,,,https://multiplex.com.ar/peliculas/una-quinta-en-portugal/
GBA Norte,Multiplex,Multiplex Pilar,"Las Magnolias 754, Palmas del Pilar",Yo Narciso,2D Doblada,16:00,,,,https://multiplex.com.ar/peliculas/yo-narciso/
GBA Norte,Multiplex,Multiplex Pilar,"Las Magnolias 754, Palmas del Pilar",Yo Narciso,2D Doblada,18:00,,,,https://multiplex.com.ar/peliculas/yo-narciso/
GBA Norte,Multiplex,Multiplex Pilar,"Las Magnolias 754, Palmas del Pilar",Yo Narciso,2D Doblada,20:00,,,,https://multiplex.com.ar/peliculas/yo-narciso/
CABA,Atlas Cines,Atlas Caballito,"Rivadavia 5071, Caballito",Proyecto Fin del Mundo,2D Subtitulada,14:20,,,,https://cartelera.ar/pelicula/proyecto-fin-del-mundo
CABA,Atlas Cines,Atlas Caballito,"Rivadavia 5071, Caballito",Michael,2D Subtitulada,16:30,,,,https://cartelera.ar/pelicula/michael
CABA,Atlas Cines,Atlas Caballito,"Rivadavia 5071, Caballito",El Diablo Viste A La Moda 2,2D Subtitulada,14:00,,,,https://cartelera.ar/pelicula/el-diablo-viste-a-la-moda-2
CABA,Atlas Cines,Atlas Caballito,"Rivadavia 5071, Caballito",Obsesión,2D Subtitulada,23:10,,,,https://cartelera.ar/pelicula/obsesion
CABA,Atlas Cines,Atlas Caballito,"Rivadavia 5071, Caballito",Afterburn (Zona cero),2D Doblada,18:00,,,,https://cartelera.ar/pelicula/afterburn-zona-cero
CABA,Atlas Cines,Atlas Caballito,"Rivadavia 5071, Caballito",La invitación,2D Subtitulada,19:40,,,,https://cartelera.ar/pelicula/la-invitacion
CABA,Atlas Cines,Atlas Caballito,"Rivadavia 5071, Caballito",La Odisea,2D Subtitulada,15:30,,,,https://cartelera.ar/pelicula/la-odisea
CABA,Atlas Cines,Atlas Caballito,"Rivadavia 5071, Caballito",La Odisea,2D Subtitulada,19:00,,,,https://cartelera.ar/pelicula/la-odisea
CABA,Atlas Cines,Atlas Caballito,"Rivadavia 5071, Caballito",La Odisea,4DX Doblada,21:30,,,,https://cartelera.ar/pelicula/la-odisea
CABA,Atlas Cines,Atlas Caballito,"Rivadavia 5071, Caballito",La Odisea,2D Subtitulada,22:30,,,,https://cartelera.ar/pelicula/la-odisea
CABA,Atlas Cines,Atlas Caballito,"Rivadavia 5071, Caballito",Spider-Man: Un nuevo día,4DX Doblada,15:30,,,,https://cartelera.ar/pelicula/spider-man-un-nuevo-dia
CABA,Atlas Cines,Atlas Caballito,"Rivadavia 5071, Caballito",Spider-Man: Un nuevo día,2D Doblada,17:30,,,,https://cartelera.ar/pelicula/spider-man-un-nuevo-dia
CABA,Atlas Cines,Atlas Caballito,"Rivadavia 5071, Caballito",Spider-Man: Un nuevo día,4DX Doblada,18:30,,,,https://cartelera.ar/pelicula/spider-man-un-nuevo-dia
CABA,Atlas Cines,Atlas Caballito,"Rivadavia 5071, Caballito",Spider-Man: Un nuevo día,2D Subtitulada,22:00,,,,https://cartelera.ar/pelicula/spider-man-un-nuevo-dia
CABA,Atlas Cines,Atlas Caballito,"Rivadavia 5071, Caballito",Toy Story 5,4DX Doblada,13:10,,,,https://cartelera.ar/pelicula/toy-story-5
CABA,Atlas Cines,Atlas Caballito,"Rivadavia 5071, Caballito",Backrooms,2D Subtitulada,22:40,,,,https://cartelera.ar/pelicula/backrooms
CABA,Atlas Cines,Atlas Caballito,"Rivadavia 5071, Caballito",El día de la revelación,2D Subtitulada,12:30,,,,https://cartelera.ar/pelicula/el-dia-de-la-revelacion
CABA,Atlas Cines,Atlas Caballito,"Rivadavia 5071, Caballito",Minions & monstruos,2D Doblada,15:20,,,,https://cartelera.ar/pelicula/minions-monstruos
CABA,Atlas Cines,Atlas Caballito,"Rivadavia 5071, Caballito",El Final de la Calle Oak,2D Doblada,17:30,,,,https://cartelera.ar/pelicula/el-final-de-la-calle-oak
CABA,Atlas Cines,Atlas Caballito,"Rivadavia 5071, Caballito",PAW Patrol: La Dino Película,2D Doblada,13:10,,,,https://cartelera.ar/pelicula/paw-patrol-la-dino-pelicula
CABA,Atlas Cines,Atlas Caballito,"Rivadavia 5071, Caballito",Código: Venganza,2D Doblada,19:10,,,,https://cartelera.ar/pelicula/codigo-venganza
CABA,Atlas Cines,Atlas Caballito,"Rivadavia 5071, Caballito",Código: Venganza,2D Subtitulada,22:50,,,,https://cartelera.ar/pelicula/codigo-venganza
CABA,Atlas Cines,Atlas Caballito,"Rivadavia 5071, Caballito",Pepita la Pistolera,2D Doblada,12:00,,,,https://cartelera.ar/pelicula/pepita-la-pistolera
CABA,Atlas Cines,Atlas Caballito,"Rivadavia 5071, Caballito",Pepita la Pistolera,2D Doblada,20:30,,,,https://cartelera.ar/pelicula/pepita-la-pistolera
CABA,Atlas Cines,Atlas Caballito,"Rivadavia 5071, Caballito",Ice Cream Man,2D Doblada,12:00,,,,https://cartelera.ar/pelicula/ice-cream-man
CABA,Atlas Cines,Atlas Caballito,"Rivadavia 5071, Caballito",Ice Cream Man,2D Subtitulada,21:10,,,,https://cartelera.ar/pelicula/ice-cream-man
CABA,Atlas Cines,Atlas Caballito,"Rivadavia 5071, Caballito",Ice Cream Man,2D Subtitulada,23:10,,,,https://cartelera.ar/pelicula/ice-cream-man
CABA,Atlas Cines,Atlas Caballito,"Rivadavia 5071, Caballito",Moana,2D Doblada,13:20,,,,https://cartelera.ar/pelicula/moana
CABA,Atlas Cines,Atlas Caballito,"Rivadavia 5071, Caballito",Coyote vs. Acme,2D Doblada,13:00,,,,https://cartelera.ar/pelicula/coyote-vs-acme
CABA,Atlas Cines,Atlas Caballito,"Rivadavia 5071, Caballito",Coyote vs. Acme,2D Doblada,15:20,,,,https://cartelera.ar/pelicula/coyote-vs-acme
CABA,Atlas Cines,Atlas Caballito,"Rivadavia 5071, Caballito",Coyote vs. Acme,2D Doblada,17:40,,,,https://cartelera.ar/pelicula/coyote-vs-acme
CABA,Atlas Cines,Atlas Caballito,"Rivadavia 5071, Caballito",Coyote vs. Acme,2D Doblada,20:30,,,,https://cartelera.ar/pelicula/coyote-vs-acme
CABA,Atlas Cines,Atlas Caballito,"Rivadavia 5071, Caballito",Insidious: Fuera del más allá,2D Doblada,22:50,,,,https://cartelera.ar/pelicula/insidious-fuera-del-mas-alla
CABA,Atlas Cines,Atlas Caballito,"Rivadavia 5071, Caballito",Yo Narciso,2D Doblada,16:30,,,,https://cartelera.ar/pelicula/yo-narciso
CABA,Atlas Cines,Atlas Caballito,"Rivadavia 5071, Caballito",Yo Narciso,2D Doblada,20:50,,,,https://cartelera.ar/pelicula/yo-narciso
CABA,Atlas Cines,Atlas Caballito,"Rivadavia 5071, Caballito",Prácticamente magia 2,2D Doblada,13:20,,,,https://cartelera.ar/pelicula/practicamente-magia-2
CABA,Atlas Cines,Atlas Caballito,"Rivadavia 5071, Caballito",Prácticamente magia 2,2D Doblada,16:10,,,,https://cartelera.ar/pelicula/practicamente-magia-2
CABA,Atlas Cines,Atlas Caballito,"Rivadavia 5071, Caballito",Prácticamente magia 2,2D Subtitulada,19:00,,,,https://cartelera.ar/pelicula/practicamente-magia-2
CABA,Atlas Cines,Atlas Caballito,"Rivadavia 5071, Caballito",Prácticamente magia 2,2D Subtitulada,21:50,,,,https://cartelera.ar/pelicula/practicamente-magia-2
CABA,Atlas Cines,Atlas Caballito,"Rivadavia 5071, Caballito",Oasis: Dont Look Back In Anger,2D Subtitulada,20:00,,,,https://cartelera.ar/pelicula/oasis-dont-look-back-in-anger
CABA,Atlas Cines,Atlas Caballito,"Rivadavia 5071, Caballito",Tadeo el Explorador y la Lampa,2D Doblada,12:20,,,,https://cartelera.ar/pelicula/tadeo-el-explorador-y-la-lampa
CABA,Atlas Cines,Atlas Caballito,"Rivadavia 5071, Caballito",Tadeo el Explorador y la Lampa,2D Doblada,14:20,,,,https://cartelera.ar/pelicula/tadeo-el-explorador-y-la-lampa
CABA,Atlas Cines,Atlas Caballito,"Rivadavia 5071, Caballito",Tadeo el Explorador y la Lampa,2D Doblada,15:50,,,,https://cartelera.ar/pelicula/tadeo-el-explorador-y-la-lampa
CABA,Atlas Cines,Atlas Caballito,"Rivadavia 5071, Caballito",Tadeo el Explorador y la Lampa,2D Doblada,18:40,,,,https://cartelera.ar/pelicula/tadeo-el-explorador-y-la-lampa
CABA,Cinépolis,Cinépolis Recoleta,"Vicente López 2050, Recoleta",Los Colores Del Tiempo,2D Subtitulada,16:30,,,,https://cartelera.ar/pelicula/los-colores-del-tiempo
CABA,Cinépolis,Cinépolis Recoleta,"Vicente López 2050, Recoleta",Michael,2D Subtitulada,20:15,,,,https://cartelera.ar/pelicula/michael
CABA,Cinépolis,Cinépolis Recoleta,"Vicente López 2050, Recoleta",El Diablo Viste A La Moda 2,2D Subtitulada,16:30,,,,https://cartelera.ar/pelicula/el-diablo-viste-a-la-moda-2
CABA,Cinépolis,Cinépolis Recoleta,"Vicente López 2050, Recoleta",Obsesión,2D Subtitulada,23:00,,,,https://cartelera.ar/pelicula/obsesion
CABA,Cinépolis,Cinépolis Recoleta,"Vicente López 2050, Recoleta",La invitación,2D Subtitulada,17:00,,,,https://cartelera.ar/pelicula/la-invitacion
CABA,Cinépolis,Cinépolis Recoleta,"Vicente López 2050, Recoleta",La invitación,2D Subtitulada,22:10,,,,https://cartelera.ar/pelicula/la-invitacion
CABA,Cinépolis,Cinépolis Recoleta,"Vicente López 2050, Recoleta",La Odisea,2D Subtitulada,15:00,,,,https://cartelera.ar/pelicula/la-odisea
CABA,Cinépolis,Cinépolis Recoleta,"Vicente López 2050, Recoleta",La Odisea,2D Subtitulada,18:40,,,,https://cartelera.ar/pelicula/la-odisea
CABA,Cinépolis,Cinépolis Recoleta,"Vicente López 2050, Recoleta",La Odisea,2D Subtitulada,19:20,,,,https://cartelera.ar/pelicula/la-odisea
CABA,Cinépolis,Cinépolis Recoleta,"Vicente López 2050, Recoleta",La Odisea,2D Subtitulada,21:45,,,,https://cartelera.ar/pelicula/la-odisea
CABA,Cinépolis,Cinépolis Recoleta,"Vicente López 2050, Recoleta",La Odisea,2D Subtitulada,22:20,,,,https://cartelera.ar/pelicula/la-odisea
CABA,Cinépolis,Cinépolis Recoleta,"Vicente López 2050, Recoleta",Spider-Man: Un nuevo día,3D Subtitulada,12:50,,,,https://cartelera.ar/pelicula/spider-man-un-nuevo-dia
CABA,Cinépolis,Cinépolis Recoleta,"Vicente López 2050, Recoleta",Spider-Man: Un nuevo día,2D Subtitulada,16:50,,,,https://cartelera.ar/pelicula/spider-man-un-nuevo-dia
CABA,Cinépolis,Cinépolis Recoleta,"Vicente López 2050, Recoleta",Spider-Man: Un nuevo día,3D Subtitulada,18:40,,,,https://cartelera.ar/pelicula/spider-man-un-nuevo-dia
CABA,Cinépolis,Cinépolis Recoleta,"Vicente López 2050, Recoleta",Backrooms,2D Subtitulada,23:00,,,,https://cartelera.ar/pelicula/backrooms
CABA,Cinépolis,Cinépolis Recoleta,"Vicente López 2050, Recoleta",Una quinta en Portugal,2D Doblada,16:50,,,,https://cartelera.ar/pelicula/una-quinta-en-portugal
CABA,Cinépolis,Cinépolis Recoleta,"Vicente López 2050, Recoleta",Hechizo de amor: La magia continúa,2D Subtitulada,13:20,,,,https://cartelera.ar/pelicula/hechizo-de-amor-la-magia-continua
CABA,Cinépolis,Cinépolis Recoleta,"Vicente López 2050, Recoleta",Hechizo de amor: La magia continúa,2D Subtitulada,16:15,,,,https://cartelera.ar/pelicula/hechizo-de-amor-la-magia-continua
CABA,Cinépolis,Cinépolis Recoleta,"Vicente López 2050, Recoleta",Hechizo de amor: La magia continúa,2D Subtitulada,19:10,,,,https://cartelera.ar/pelicula/hechizo-de-amor-la-magia-continua
CABA,Cinépolis,Cinépolis Recoleta,"Vicente López 2050, Recoleta",Hechizo de amor: La magia continúa,2D Subtitulada,22:00,,,,https://cartelera.ar/pelicula/hechizo-de-amor-la-magia-continua
CABA,Cinépolis,Cinépolis Recoleta,"Vicente López 2050, Recoleta",Pepita la Pistolera,2D Doblada,19:30,,,,https://cartelera.ar/pelicula/pepita-la-pistolera
CABA,Cinépolis,Cinépolis Recoleta,"Vicente López 2050, Recoleta",Pepita la Pistolera,2D Doblada,22:00,,,,https://cartelera.ar/pelicula/pepita-la-pistolera
CABA,Cinépolis,Cinépolis Recoleta,"Vicente López 2050, Recoleta",Terminator 2: El juicio final,2D Subtitulada,19:15,,,,https://cartelera.ar/pelicula/terminator-2-el-juicio-final
CABA,Cinépolis,Cinépolis Recoleta,"Vicente López 2050, Recoleta",Terminator 2: El juicio final,2D Subtitulada,22:15,,,,https://cartelera.ar/pelicula/terminator-2-el-juicio-final
CABA,Cinépolis,Cinépolis Recoleta,"Vicente López 2050, Recoleta",Ice Cream Man,2D Subtitulada,23:00,,,,https://cartelera.ar/pelicula/ice-cream-man
CABA,Cinépolis,Cinépolis Recoleta,"Vicente López 2050, Recoleta",La constelación del perro,2D Subtitulada,16:00,,,,https://cartelera.ar/pelicula/la-constelacion-del-perro
CABA,Cinépolis,Cinépolis Recoleta,"Vicente López 2050, Recoleta",La constelación del perro,2D Subtitulada,19:30,,,,https://cartelera.ar/pelicula/la-constelacion-del-perro
CABA,Cinépolis,Cinépolis Recoleta,"Vicente López 2050, Recoleta",Coyote vs. Acme,2D Doblada,12:50,,,,https://cartelera.ar/pelicula/coyote-vs-acme
CABA,Cinépolis,Cinépolis Recoleta,"Vicente López 2050, Recoleta",Coyote vs. Acme,2D Doblada,14:00,,,,https://cartelera.ar/pelicula/coyote-vs-acme
CABA,Cinépolis,Cinépolis Recoleta,"Vicente López 2050, Recoleta",Coyote vs. Acme,2D Subtitulada,15:20,,,,https://cartelera.ar/pelicula/coyote-vs-acme
CABA,Cinépolis,Cinépolis Recoleta,"Vicente López 2050, Recoleta",Coyote vs. Acme,2D Subtitulada,17:50,,,,https://cartelera.ar/pelicula/coyote-vs-acme
CABA,Cinépolis,Cinépolis Recoleta,"Vicente López 2050, Recoleta",Yo Narciso,2D Doblada,12:15,,,,https://cartelera.ar/pelicula/yo-narciso
CABA,Cinépolis,Cinépolis Recoleta,"Vicente López 2050, Recoleta",Yo Narciso,2D Doblada,14:30,,,,https://cartelera.ar/pelicula/yo-narciso
CABA,Cinépolis,Cinépolis Recoleta,"Vicente López 2050, Recoleta",Yo Narciso,2D Doblada,20:00,,,,https://cartelera.ar/pelicula/yo-narciso
CABA,Cinépolis,Cinépolis Recoleta,"Vicente López 2050, Recoleta",Yo Narciso,2D Doblada,22:15,,,,https://cartelera.ar/pelicula/yo-narciso
CABA,Cinépolis,Cinépolis Recoleta,"Vicente López 2050, Recoleta",El Gran Falsificador,2D Subtitulada,14:00,,,,https://cartelera.ar/pelicula/el-gran-falsificador
CABA,Cinépolis,Cinépolis Recoleta,"Vicente López 2050, Recoleta",Tierra De Crimen,2D Subtitulada,14:00,,,,https://cartelera.ar/pelicula/tierra-de-crimen
CABA,Cinépolis,Cinépolis Recoleta,"Vicente López 2050, Recoleta",Oasis: Dont Look Back In Anger,2D Subtitulada,14:15,,,,https://cartelera.ar/pelicula/oasis-dont-look-back-in-anger
CABA,Cinépolis,Cinépolis Recoleta,"Vicente López 2050, Recoleta",Oasis: Dont Look Back In Anger,2D Subtitulada,20:15,,,,https://cartelera.ar/pelicula/oasis-dont-look-back-in-anger
CABA,Cinépolis,Cinépolis Recoleta,"Vicente López 2050, Recoleta",Tadeo : El Explorador Y La Lampara Maravillosa,2D Doblada,13:30,,,,https://cartelera.ar/pelicula/tadeo-el-explorador-y-la-lampara-maravillosa
CABA,Cinépolis,Cinépolis Recoleta,"Vicente López 2050, Recoleta",Tadeo : El Explorador Y La Lampara Maravillosa,2D Doblada,15:45,,,,https://cartelera.ar/pelicula/tadeo-el-explorador-y-la-lampara-maravillosa
CABA,Cinépolis,Cinépolis Recoleta,"Vicente López 2050, Recoleta",Tadeo : El Explorador Y La Lampara Maravillosa,2D Doblada,18:00,,,,https://cartelera.ar/pelicula/tadeo-el-explorador-y-la-lampara-maravillosa
GBA Sur,Multiplex,Multiplex Canning,"Formosa 653, Canning (Shopping Las Toscas)",Código: Venganza,2D Doblada,22:40,,,,https://multiplex.com.ar/peliculas/codigo-venganza/
GBA Sur,Multiplex,Multiplex Canning,"Formosa 653, Canning (Shopping Las Toscas)",Coyote vs. Acme,2D Doblada,13:30,,,,https://multiplex.com.ar/peliculas/coyote-vs-acme/
GBA Sur,Multiplex,Multiplex Canning,"Formosa 653, Canning (Shopping Las Toscas)",Coyote vs. Acme,2D Doblada,15:50,,,,https://multiplex.com.ar/peliculas/coyote-vs-acme/
GBA Sur,Multiplex,Multiplex Canning,"Formosa 653, Canning (Shopping Las Toscas)",Coyote vs. Acme,2D Doblada,18:00,,,,https://multiplex.com.ar/peliculas/coyote-vs-acme/
GBA Sur,Multiplex,Multiplex Canning,"Formosa 653, Canning (Shopping Las Toscas)",El Heladero: Dulce Sabor A Muerte,2D Doblada,22:45,,,,https://multiplex.com.ar/peliculas/el-heladero-dulce-sabor-a-muerte/
GBA Sur,Multiplex,Multiplex Canning,"Formosa 653, Canning (Shopping Las Toscas)",Hechizo de amor: La magia continúa,2D Doblada,20:10,,,,https://multiplex.com.ar/peliculas/hechizo-de-amor-la-magia-continua/
GBA Sur,Multiplex,Multiplex Canning,"Formosa 653, Canning (Shopping Las Toscas)",Hechizo de amor: La magia continúa,2D Subtitulada,22:40,,,,https://multiplex.com.ar/peliculas/hechizo-de-amor-la-magia-continua/
GBA Sur,Multiplex,Multiplex Canning,"Formosa 653, Canning (Shopping Las Toscas)",Ice Cream Man,2D Doblada,22:45,,,,https://cartelera.ar/pelicula/ice-cream-man
GBA Sur,Multiplex,Multiplex Canning,"Formosa 653, Canning (Shopping Las Toscas)",La noche del demonio: Están entre nosotros,2D Doblada,17:20,,,,https://multiplex.com.ar/peliculas/la-noche-del-demonio-estan-entre-nosotros/
GBA Sur,Multiplex,Multiplex Canning,"Formosa 653, Canning (Shopping Las Toscas)",La noche del demonio: Están entre nosotros,2D Doblada,23:00,,,,https://multiplex.com.ar/peliculas/la-noche-del-demonio-estan-entre-nosotros/
GBA Sur,Multiplex,Multiplex Canning,"Formosa 653, Canning (Shopping Las Toscas)",La Odisea,2D Doblada,19:30,,,,https://multiplex.com.ar/peliculas/la-odisea/
GBA Sur,Multiplex,Multiplex Canning,"Formosa 653, Canning (Shopping Las Toscas)",Michael,2D Doblada,18:10,,,,https://multiplex.com.ar/peliculas/michael-la-historia-de-michael-jackson/
GBA Sur,Multiplex,Multiplex Canning,"Formosa 653, Canning (Shopping Las Toscas)",Minions & monstruos,2D Doblada,14:00,,,,https://multiplex.com.ar/peliculas/minions-monstruos/
GBA Sur,Multiplex,Multiplex Canning,"Formosa 653, Canning (Shopping Las Toscas)",Minions & monstruos,2D Doblada,15:30,,,,https://multiplex.com.ar/peliculas/minions-monstruos/
GBA Sur,Multiplex,Multiplex Canning,"Formosa 653, Canning (Shopping Las Toscas)",Oasis: Dont Look Back In Anger,2D Subtitulada,20:30,,,,https://multiplex.com.ar/peliculas/oasis-dont-look-back-in-anger/
GBA Sur,Multiplex,Multiplex Canning,"Formosa 653, Canning (Shopping Las Toscas)",Obsesión,2D Doblada,22:55,,,,https://multiplex.com.ar/peliculas/obsesion/
GBA Sur,Multiplex,Multiplex Canning,"Formosa 653, Canning (Shopping Las Toscas)",Scary Movie,4D (2D) Doblada,22:50,,,,https://multiplex.com.ar/peliculas/scary-movie-terrorificamente-incorrecta/
GBA Sur,Multiplex,Multiplex Canning,"Formosa 653, Canning (Shopping Las Toscas)",Spider-Man: Un nuevo día,2D Doblada,12:15,,,,https://multiplex.com.ar/peliculas/spider-man-un-dia-nuevo/
GBA Sur,Multiplex,Multiplex Canning,"Formosa 653, Canning (Shopping Las Toscas)",Spider-Man: Un nuevo día,4D (3D) Doblada,14:45,,,,https://multiplex.com.ar/peliculas/spider-man-un-dia-nuevo/
GBA Sur,Multiplex,Multiplex Canning,"Formosa 653, Canning (Shopping Las Toscas)",Spider-Man: Un nuevo día,2D Doblada,15:00,,,,https://multiplex.com.ar/peliculas/spider-man-un-dia-nuevo/
GBA Sur,Multiplex,Multiplex Canning,"Formosa 653, Canning (Shopping Las Toscas)",Spider-Man: Un nuevo día,4D (3D) Doblada,17:30,,,,https://multiplex.com.ar/peliculas/spider-man-un-dia-nuevo/
GBA Sur,Multiplex,Multiplex Canning,"Formosa 653, Canning (Shopping Las Toscas)",Spider-Man: Un nuevo día,2D Doblada,17:50,,,,https://multiplex.com.ar/peliculas/spider-man-un-dia-nuevo/
GBA Sur,Multiplex,Multiplex Canning,"Formosa 653, Canning (Shopping Las Toscas)",Spider-Man: Un nuevo día,2D Doblada,20:10,,,,https://multiplex.com.ar/peliculas/spider-man-un-dia-nuevo/
GBA Sur,Multiplex,Multiplex Canning,"Formosa 653, Canning (Shopping Las Toscas)",Spider-Man: Un nuevo día,4D (3D) Doblada,20:10,,,,https://multiplex.com.ar/peliculas/spider-man-un-dia-nuevo/
GBA Sur,Multiplex,Multiplex Canning,"Formosa 653, Canning (Shopping Las Toscas)",Super Mario Galaxy: La Película,4D (3D) Doblada,12:40,,,,https://multiplex.com.ar/peliculas/super-mario-galaxy-la-pelicula/
GBA Sur,Multiplex,Multiplex Canning,"Formosa 653, Canning (Shopping Las Toscas)",Tadeo : El Explorador Y La Lampara Maravillosa,2D Doblada,14:00,,,,https://multiplex.com.ar/peliculas/tadeo-el-explorador-y-la-lampara-maravillosa/
GBA Sur,Multiplex,Multiplex Canning,"Formosa 653, Canning (Shopping Las Toscas)",Tadeo : El Explorador Y La Lampara Maravillosa,2D Doblada,16:10,,,,https://multiplex.com.ar/peliculas/tadeo-el-explorador-y-la-lampara-maravillosa/
GBA Sur,Multiplex,Multiplex Canning,"Formosa 653, Canning (Shopping Las Toscas)",Toy Story 5,2D Doblada,13:20,,,,https://multiplex.com.ar/peliculas/toy-story-5/
GBA Sur,Multiplex,Multiplex Canning,"Formosa 653, Canning (Shopping Las Toscas)",Yo Narciso,2D Doblada,16:10,,,,https://multiplex.com.ar/peliculas/yo-narciso/
GBA Sur,Multiplex,Multiplex Canning,"Formosa 653, Canning (Shopping Las Toscas)",Yo Narciso,2D Doblada,18:10,,,,https://multiplex.com.ar/peliculas/yo-narciso/
GBA Sur,Multiplex,Multiplex Canning,"Formosa 653, Canning (Shopping Las Toscas)",Yo Narciso,2D Doblada,20:40,,,,https://multiplex.com.ar/peliculas/yo-narciso/
GBA Sur,Cinépolis,Cinépolis Avellaneda,"Av. Mitre 2702, Avellaneda",Michael,2D Subtitulada,15:00,,,,https://cartelera.ar/pelicula/michael
GBA Sur,Cinépolis,Cinépolis Avellaneda,"Av. Mitre 2702, Avellaneda",Michael,2D Subtitulada,17:50,,,,https://cartelera.ar/pelicula/michael
GBA Sur,Cinépolis,Cinépolis Avellaneda,"Av. Mitre 2702, Avellaneda",El Diablo Viste A La Moda 2,2D Doblada,13:30,,,,https://cartelera.ar/pelicula/el-diablo-viste-a-la-moda-2
GBA Sur,Cinépolis,Cinépolis Avellaneda,"Av. Mitre 2702, Avellaneda",El Diablo Viste A La Moda 2,2D Doblada,16:30,,,,https://cartelera.ar/pelicula/el-diablo-viste-a-la-moda-2
GBA Sur,Cinépolis,Cinépolis Avellaneda,"Av. Mitre 2702, Avellaneda",Afterburn (Zona cero),2D Doblada,22:30,,,,https://cartelera.ar/pelicula/afterburn-zona-cero
GBA Sur,Cinépolis,Cinépolis Avellaneda,"Av. Mitre 2702, Avellaneda",La Odisea,2D Doblada,19:50,,,,https://cartelera.ar/pelicula/la-odisea
GBA Sur,Cinépolis,Cinépolis Avellaneda,"Av. Mitre 2702, Avellaneda",Spider-Man: Un nuevo día,2D Doblada,13:00,,,,https://cartelera.ar/pelicula/spider-man-un-nuevo-dia
GBA Sur,Cinépolis,Cinépolis Avellaneda,"Av. Mitre 2702, Avellaneda",Spider-Man: Un nuevo día,2D Doblada,16:20,,,,https://cartelera.ar/pelicula/spider-man-un-nuevo-dia
GBA Sur,Cinépolis,Cinépolis Avellaneda,"Av. Mitre 2702, Avellaneda",Spider-Man: Un nuevo día,3D Doblada,19:10,,,,https://cartelera.ar/pelicula/spider-man-un-nuevo-dia
GBA Sur,Cinépolis,Cinépolis Avellaneda,"Av. Mitre 2702, Avellaneda",Spider-Man: Un nuevo día,2D Doblada,19:45,,,,https://cartelera.ar/pelicula/spider-man-un-nuevo-dia
GBA Sur,Cinépolis,Cinépolis Avellaneda,"Av. Mitre 2702, Avellaneda",Spider-Man: Un nuevo día,3D Doblada,22:30,,,,https://cartelera.ar/pelicula/spider-man-un-nuevo-dia
GBA Sur,Cinépolis,Cinépolis Avellaneda,"Av. Mitre 2702, Avellaneda",Spider-Man: Un nuevo día,2D Doblada,23:00,,,,https://cartelera.ar/pelicula/spider-man-un-nuevo-dia
GBA Sur,Cinépolis,Cinépolis Avellaneda,"Av. Mitre 2702, Avellaneda",Toy Story 5,2D Doblada,12:40,,,,https://cartelera.ar/pelicula/toy-story-5
GBA Sur,Cinépolis,Cinépolis Avellaneda,"Av. Mitre 2702, Avellaneda",Toy Story 5,3D Doblada,13:45,,,,https://cartelera.ar/pelicula/toy-story-5
GBA Sur,Cinépolis,Cinépolis Avellaneda,"Av. Mitre 2702, Avellaneda",Toy Story 5,2D Doblada,15:10,,,,https://cartelera.ar/pelicula/toy-story-5
GBA Sur,Cinépolis,Cinépolis Avellaneda,"Av. Mitre 2702, Avellaneda",Toy Story 5,2D Doblada,17:45,,,,https://cartelera.ar/pelicula/toy-story-5
GBA Sur,Cinépolis,Cinépolis Avellaneda,"Av. Mitre 2702, Avellaneda",Scary Movie,2D Doblada,23:30,,,,https://cartelera.ar/pelicula/scary-movie
GBA Sur,Cinépolis,Cinépolis Avellaneda,"Av. Mitre 2702, Avellaneda",Backrooms,2D Doblada,19:30,,,,https://cartelera.ar/pelicula/backrooms
GBA Sur,Cinépolis,Cinépolis Avellaneda,"Av. Mitre 2702, Avellaneda",Minions & monstruos,2D Doblada,12:30,,,,https://cartelera.ar/pelicula/minions-monstruos
GBA Sur,Cinépolis,Cinépolis Avellaneda,"Av. Mitre 2702, Avellaneda",Minions & monstruos,2D Doblada,13:30,,,,https://cartelera.ar/pelicula/minions-monstruos
GBA Sur,Cinépolis,Cinépolis Avellaneda,"Av. Mitre 2702, Avellaneda",Minions & monstruos,2D Doblada,14:50,,,,https://cartelera.ar/pelicula/minions-monstruos
GBA Sur,Cinépolis,Cinépolis Avellaneda,"Av. Mitre 2702, Avellaneda",Minions & monstruos,2D Doblada,18:15,,,,https://cartelera.ar/pelicula/minions-monstruos
GBA Sur,Cinépolis,Cinépolis Avellaneda,"Av. Mitre 2702, Avellaneda",PAW Patrol: La Dino Película,2D Doblada,12:30,,,,https://cartelera.ar/pelicula/paw-patrol-la-dino-pelicula
GBA Sur,Cinépolis,Cinépolis Avellaneda,"Av. Mitre 2702, Avellaneda",PAW Patrol: La Dino Película,2D Doblada,14:45,,,,https://cartelera.ar/pelicula/paw-patrol-la-dino-pelicula
GBA Sur,Cinépolis,Cinépolis Avellaneda,"Av. Mitre 2702, Avellaneda",La noche del demonio: Están entre nosotros,2D Doblada,17:10,,,,https://cartelera.ar/pelicula/la-noche-del-demonio-estan-entre-nosotros
GBA Sur,Cinépolis,Cinépolis Avellaneda,"Av. Mitre 2702, Avellaneda",La noche del demonio: Están entre nosotros,2D Doblada,19:50,,,,https://cartelera.ar/pelicula/la-noche-del-demonio-estan-entre-nosotros
GBA Sur,Cinépolis,Cinépolis Avellaneda,"Av. Mitre 2702, Avellaneda",La noche del demonio: Están entre nosotros,2D Doblada,22:30,,,,https://cartelera.ar/pelicula/la-noche-del-demonio-estan-entre-nosotros
GBA Sur,Cinépolis,Cinépolis Avellaneda,"Av. Mitre 2702, Avellaneda",La noche del demonio: Están entre nosotros,2D Doblada,23:30,,,,https://cartelera.ar/pelicula/la-noche-del-demonio-estan-entre-nosotros
GBA Sur,Cinépolis,Cinépolis Avellaneda,"Av. Mitre 2702, Avellaneda",Hechizo de amor: La magia continúa,2D Doblada,13:30,,,,https://cartelera.ar/pelicula/hechizo-de-amor-la-magia-continua
GBA Sur,Cinépolis,Cinépolis Avellaneda,"Av. Mitre 2702, Avellaneda",Hechizo de amor: La magia continúa,2D Doblada,16:30,,,,https://cartelera.ar/pelicula/hechizo-de-amor-la-magia-continua
GBA Sur,Cinépolis,Cinépolis Avellaneda,"Av. Mitre 2702, Avellaneda",Hechizo de amor: La magia continúa,2D Doblada,19:30,,,,https://cartelera.ar/pelicula/hechizo-de-amor-la-magia-continua
GBA Sur,Cinépolis,Cinépolis Avellaneda,"Av. Mitre 2702, Avellaneda",Código: Venganza,2D Doblada,15:50,,,,https://cartelera.ar/pelicula/codigo-venganza
GBA Sur,Cinépolis,Cinépolis Avellaneda,"Av. Mitre 2702, Avellaneda",Código: Venganza,2D Doblada,20:30,,,,https://cartelera.ar/pelicula/codigo-venganza
GBA Sur,Cinépolis,Cinépolis Avellaneda,"Av. Mitre 2702, Avellaneda",Código: Venganza,2D Doblada,22:50,,,,https://cartelera.ar/pelicula/codigo-venganza
GBA Sur,Cinépolis,Cinépolis Avellaneda,"Av. Mitre 2702, Avellaneda",Pepita la Pistolera,2D Doblada,20:45,,,,https://cartelera.ar/pelicula/pepita-la-pistolera
GBA Sur,Cinépolis,Cinépolis Avellaneda,"Av. Mitre 2702, Avellaneda",Pepita la Pistolera,2D Doblada,23:20,,,,https://cartelera.ar/pelicula/pepita-la-pistolera
GBA Sur,Cinépolis,Cinépolis Avellaneda,"Av. Mitre 2702, Avellaneda",Terminator 2: El juicio final,3D Doblada,20:20,,,,https://cartelera.ar/pelicula/terminator-2-el-juicio-final
GBA Sur,Cinépolis,Cinépolis Avellaneda,"Av. Mitre 2702, Avellaneda",Terminator 2: El juicio final,2D Doblada,22:30,,,,https://cartelera.ar/pelicula/terminator-2-el-juicio-final
GBA Sur,Cinépolis,Cinépolis Avellaneda,"Av. Mitre 2702, Avellaneda",Ice Cream Man,2D Doblada,18:00,,,,https://cartelera.ar/pelicula/ice-cream-man
GBA Sur,Cinépolis,Cinépolis Avellaneda,"Av. Mitre 2702, Avellaneda",Ice Cream Man,2D Doblada,20:15,,,,https://cartelera.ar/pelicula/ice-cream-man
GBA Sur,Cinépolis,Cinépolis Avellaneda,"Av. Mitre 2702, Avellaneda",Ice Cream Man,2D Doblada,22:30,,,,https://cartelera.ar/pelicula/ice-cream-man
GBA Sur,Cinépolis,Cinépolis Avellaneda,"Av. Mitre 2702, Avellaneda",La constelación del perro,2D Doblada,17:00,,,,https://cartelera.ar/pelicula/la-constelacion-del-perro
GBA Sur,Cinépolis,Cinépolis Avellaneda,"Av. Mitre 2702, Avellaneda",Coyote vs. Acme,2D Doblada,12:30,,,,https://cartelera.ar/pelicula/coyote-vs-acme
GBA Sur,Cinépolis,Cinépolis Avellaneda,"Av. Mitre 2702, Avellaneda",Coyote vs. Acme,2D Doblada,13:00,,,,https://cartelera.ar/pelicula/coyote-vs-acme
GBA Sur,Cinépolis,Cinépolis Avellaneda,"Av. Mitre 2702, Avellaneda",Coyote vs. Acme,2D Doblada,14:45,,,,https://cartelera.ar/pelicula/coyote-vs-acme
GBA Sur,Cinépolis,Cinépolis Avellaneda,"Av. Mitre 2702, Avellaneda",Coyote vs. Acme,2D Doblada,15:30,,,,https://cartelera.ar/pelicula/coyote-vs-acme
GBA Sur,Cinépolis,Cinépolis Avellaneda,"Av. Mitre 2702, Avellaneda",Coyote vs. Acme,2D Doblada,17:15,,,,https://cartelera.ar/pelicula/coyote-vs-acme
GBA Sur,Cinépolis,Cinépolis Avellaneda,"Av. Mitre 2702, Avellaneda",Coyote vs. Acme,2D Doblada,19:45,,,,https://cartelera.ar/pelicula/coyote-vs-acme
GBA Sur,Cinépolis,Cinépolis Avellaneda,"Av. Mitre 2702, Avellaneda",Coyote vs. Acme,2D Doblada,22:15,,,,https://cartelera.ar/pelicula/coyote-vs-acme
GBA Sur,Cinépolis,Cinépolis Avellaneda,"Av. Mitre 2702, Avellaneda",Yo Narciso,2D Doblada,13:00,,,,https://cartelera.ar/pelicula/yo-narciso
GBA Sur,Cinépolis,Cinépolis Avellaneda,"Av. Mitre 2702, Avellaneda",Yo Narciso,2D Doblada,15:30,,,,https://cartelera.ar/pelicula/yo-narciso
GBA Sur,Cinépolis,Cinépolis Avellaneda,"Av. Mitre 2702, Avellaneda",Yo Narciso,2D Doblada,18:00,,,,https://cartelera.ar/pelicula/yo-narciso
GBA Sur,Cinépolis,Cinépolis Avellaneda,"Av. Mitre 2702, Avellaneda",Yo Narciso,2D Doblada,20:30,,,,https://cartelera.ar/pelicula/yo-narciso
GBA Sur,Cinépolis,Cinépolis Avellaneda,"Av. Mitre 2702, Avellaneda",Yo Narciso,2D Doblada,23:00,,,,https://cartelera.ar/pelicula/yo-narciso
GBA Sur,Cinépolis,Cinépolis Avellaneda,"Av. Mitre 2702, Avellaneda",Oasis: Dont Look Back In Anger,2D Subtitulada,21:45,,,,https://cartelera.ar/pelicula/oasis-dont-look-back-in-anger
GBA Sur,Cinépolis,Cinépolis Avellaneda,"Av. Mitre 2702, Avellaneda",Tadeo : El Explorador Y La Lampara Maravillosa,2D Doblada,14:40,,,,https://cartelera.ar/pelicula/tadeo-el-explorador-y-la-lampara-maravillosa
GBA Sur,Cinépolis,Cinépolis Avellaneda,"Av. Mitre 2702, Avellaneda",Tadeo : El Explorador Y La Lampara Maravillosa,2D Doblada,17:00,,,,https://cartelera.ar/pelicula/tadeo-el-explorador-y-la-lampara-maravillosa
GBA Sur,Cinépolis,Cinépolis Avellaneda,"Av. Mitre 2702, Avellaneda",Tadeo : El Explorador Y La Lampara Maravillosa,2D Doblada,19:20,,,,https://cartelera.ar/pelicula/tadeo-el-explorador-y-la-lampara-maravillosa
GBA Oeste,Cinépolis,Cinépolis Luján,"Av. Constitución 1000, Luján",Obsesión,2D Doblada,19:50,,,,https://cartelera.ar/pelicula/obsesion
GBA Oeste,Cinépolis,Cinépolis Luján,"Av. Constitución 1000, Luján",Spider-Man: Un nuevo día,2D Doblada,19:30,,,,https://cartelera.ar/pelicula/spider-man-un-nuevo-dia
GBA Oeste,Cinépolis,Cinépolis Luján,"Av. Constitución 1000, Luján",Spider-Man: Un nuevo día,2D Doblada,22:40,,,,https://cartelera.ar/pelicula/spider-man-un-nuevo-dia
GBA Oeste,Cinépolis,Cinépolis Luján,"Av. Constitución 1000, Luján",Toy Story 5,2D Doblada,13:10,,,,https://cartelera.ar/pelicula/toy-story-5
GBA Oeste,Cinépolis,Cinépolis Luján,"Av. Constitución 1000, Luján",Toy Story 5,2D Doblada,15:30,,,,https://cartelera.ar/pelicula/toy-story-5
GBA Oeste,Cinépolis,Cinépolis Luján,"Av. Constitución 1000, Luján",Toy Story 5,2D Doblada,17:50,,,,https://cartelera.ar/pelicula/toy-story-5
GBA Oeste,Cinépolis,Cinépolis Luján,"Av. Constitución 1000, Luján",Backrooms,2D Doblada,22:10,,,,https://cartelera.ar/pelicula/backrooms
GBA Oeste,Cinépolis,Cinépolis Luján,"Av. Constitución 1000, Luján",Minions & monstruos,2D Doblada,12:50,,,,https://cartelera.ar/pelicula/minions-monstruos
GBA Oeste,Cinépolis,Cinépolis Luján,"Av. Constitución 1000, Luján",Minions & monstruos,2D Doblada,15:00,,,,https://cartelera.ar/pelicula/minions-monstruos
GBA Oeste,Cinépolis,Cinépolis Luján,"Av. Constitución 1000, Luján",PAW Patrol: La Dino Película,2D Doblada,12:40,,,,https://cartelera.ar/pelicula/paw-patrol-la-dino-pelicula
GBA Oeste,Cinépolis,Cinépolis Luján,"Av. Constitución 1000, Luján",La noche del demonio: Están entre nosotros,2D Doblada,20:20,,,,https://cartelera.ar/pelicula/la-noche-del-demonio-estan-entre-nosotros
GBA Oeste,Cinépolis,Cinépolis Luján,"Av. Constitución 1000, Luján",La noche del demonio: Están entre nosotros,2D Doblada,22:50,,,,https://cartelera.ar/pelicula/la-noche-del-demonio-estan-entre-nosotros
GBA Oeste,Cinépolis,Cinépolis Luján,"Av. Constitución 1000, Luján",Hechizo de amor: La magia continúa,2D Doblada,13:40,,,,https://cartelera.ar/pelicula/hechizo-de-amor-la-magia-continua
GBA Oeste,Cinépolis,Cinépolis Luján,"Av. Constitución 1000, Luján",Hechizo de amor: La magia continúa,2D Doblada,16:30,,,,https://cartelera.ar/pelicula/hechizo-de-amor-la-magia-continua
GBA Oeste,Cinépolis,Cinépolis Luján,"Av. Constitución 1000, Luján",Hechizo de amor: La magia continúa,2D Doblada,19:20,,,,https://cartelera.ar/pelicula/hechizo-de-amor-la-magia-continua
GBA Oeste,Cinépolis,Cinépolis Luján,"Av. Constitución 1000, Luján",Código: Venganza,2D Doblada,20:10,,,,https://cartelera.ar/pelicula/codigo-venganza
GBA Oeste,Cinépolis,Cinépolis Luján,"Av. Constitución 1000, Luján",Código: Venganza,2D Doblada,22:30,,,,https://cartelera.ar/pelicula/codigo-venganza
GBA Oeste,Cinépolis,Cinépolis Luján,"Av. Constitución 1000, Luján",Pepita la Pistolera,2D Doblada,17:10,,,,https://cartelera.ar/pelicula/pepita-la-pistolera
GBA Oeste,Cinépolis,Cinépolis Luján,"Av. Constitución 1000, Luján",Terminator 2: El juicio final,2D Doblada,22:20,,,,https://cartelera.ar/pelicula/terminator-2-el-juicio-final
GBA Oeste,Cinépolis,Cinépolis Luján,"Av. Constitución 1000, Luján",Ice Cream Man,2D Doblada,19:00,,,,https://cartelera.ar/pelicula/ice-cream-man
GBA Oeste,Cinépolis,Cinépolis Luján,"Av. Constitución 1000, Luján",Ice Cream Man,2D Doblada,23:10,,,,https://cartelera.ar/pelicula/ice-cream-man
GBA Oeste,Cinépolis,Cinépolis Luján,"Av. Constitución 1000, Luján",Coyote vs. Acme,2D Doblada,12:50,,,,https://cartelera.ar/pelicula/coyote-vs-acme
GBA Oeste,Cinépolis,Cinépolis Luján,"Av. Constitución 1000, Luján",Coyote vs. Acme,2D Doblada,15:10,,,,https://cartelera.ar/pelicula/coyote-vs-acme
GBA Oeste,Cinépolis,Cinépolis Luján,"Av. Constitución 1000, Luján",Coyote vs. Acme,2D Doblada,17:30,,,,https://cartelera.ar/pelicula/coyote-vs-acme
GBA Oeste,Cinépolis,Cinépolis Luján,"Av. Constitución 1000, Luján",Yo Narciso,2D Doblada,14:40,,,,https://cartelera.ar/pelicula/yo-narciso
GBA Oeste,Cinépolis,Cinépolis Luján,"Av. Constitución 1000, Luján",Yo Narciso,2D Doblada,16:50,,,,https://cartelera.ar/pelicula/yo-narciso
GBA Oeste,Cinépolis,Cinépolis Luján,"Av. Constitución 1000, Luján",Yo Narciso,2D Doblada,21:00,,,,https://cartelera.ar/pelicula/yo-narciso
GBA Oeste,Cinépolis,Cinépolis Luján,"Av. Constitución 1000, Luján",Tadeo : El Explorador Y La Lampara Maravillosa,2D Doblada,13:20,,,,https://cartelera.ar/pelicula/tadeo-el-explorador-y-la-lampara-maravillosa
GBA Oeste,Cinépolis,Cinépolis Luján,"Av. Constitución 1000, Luján",Tadeo : El Explorador Y La Lampara Maravillosa,2D Doblada,15:40,,,,https://cartelera.ar/pelicula/tadeo-el-explorador-y-la-lampara-maravillosa
GBA Oeste,Cinépolis,Cinépolis Luján,"Av. Constitución 1000, Luján",Tadeo : El Explorador Y La Lampara Maravillosa,2D Doblada,18:00,,,,https://cartelera.ar/pelicula/tadeo-el-explorador-y-la-lampara-maravillosa
CABA,Cinépolis,Cinépolis Houssay,"Av. Corrientes 917, Buenos Aires",Los Colores Del Tiempo,2D Subtitulada,16:00,,,,https://cartelera.ar/pelicula/los-colores-del-tiempo
CABA,Cinépolis,Cinépolis Houssay,"Av. Corrientes 917, Buenos Aires",Afterburn (Zona cero),2D Subtitulada,22:00,,,,https://cartelera.ar/pelicula/afterburn-zona-cero
CABA,Cinépolis,Cinépolis Houssay,"Av. Corrientes 917, Buenos Aires",La Odisea,2D Subtitulada,19:45,,,,https://cartelera.ar/pelicula/la-odisea
CABA,Cinépolis,Cinépolis Houssay,"Av. Corrientes 917, Buenos Aires",Spider-Man: Un nuevo día,2D Subtitulada,19:00,,,,https://cartelera.ar/pelicula/spider-man-un-nuevo-dia
CABA,Cinépolis,Cinépolis Houssay,"Av. Corrientes 917, Buenos Aires",Scary Movie,2D Doblada,22:30,,,,https://cartelera.ar/pelicula/scary-movie
CABA,Cinépolis,Cinépolis Houssay,"Av. Corrientes 917, Buenos Aires",Hechizo de amor: La magia continúa,2D Subtitulada,13:45,,,,https://cartelera.ar/pelicula/hechizo-de-amor-la-magia-continua
CABA,Cinépolis,Cinépolis Houssay,"Av. Corrientes 917, Buenos Aires",Hechizo de amor: La magia continúa,2D Subtitulada,16:30,,,,https://cartelera.ar/pelicula/hechizo-de-amor-la-magia-continua
CABA,Cinépolis,Cinépolis Houssay,"Av. Corrientes 917, Buenos Aires",Hechizo de amor: La magia continúa,2D Subtitulada,19:15,,,,https://cartelera.ar/pelicula/hechizo-de-amor-la-magia-continua
CABA,Cinépolis,Cinépolis Houssay,"Av. Corrientes 917, Buenos Aires",Hechizo de amor: La magia continúa,2D Subtitulada,22:15,,,,https://cartelera.ar/pelicula/hechizo-de-amor-la-magia-continua
CABA,Cinépolis,Cinépolis Houssay,"Av. Corrientes 917, Buenos Aires",Pepita la Pistolera,2D Doblada,13:30,,,,https://cartelera.ar/pelicula/pepita-la-pistolera
CABA,Cinépolis,Cinépolis Houssay,"Av. Corrientes 917, Buenos Aires",Terminator 2: El juicio final,2D Subtitulada,19:30,,,,https://cartelera.ar/pelicula/terminator-2-el-juicio-final
CABA,Cinépolis,Cinépolis Houssay,"Av. Corrientes 917, Buenos Aires",Ice Cream Man,2D Subtitulada,23:10,,,,https://cartelera.ar/pelicula/ice-cream-man
CABA,Cinépolis,Cinépolis Houssay,"Av. Corrientes 917, Buenos Aires",Coyote vs. Acme,2D Doblada,12:45,,,,https://cartelera.ar/pelicula/coyote-vs-acme
CABA,Cinépolis,Cinépolis Houssay,"Av. Corrientes 917, Buenos Aires",Coyote vs. Acme,2D Subtitulada,15:00,,,,https://cartelera.ar/pelicula/coyote-vs-acme
CABA,Cinépolis,Cinépolis Houssay,"Av. Corrientes 917, Buenos Aires",Coyote vs. Acme,2D Subtitulada,17:15,,,,https://cartelera.ar/pelicula/coyote-vs-acme
CABA,Cinépolis,Cinépolis Houssay,"Av. Corrientes 917, Buenos Aires",Tadeo : El Explorador Y La Lampara Maravillosa,2D Doblada,13:00,,,,https://cartelera.ar/pelicula/tadeo-el-explorador-y-la-lampara-maravillosa
CABA,Cinépolis,Cinépolis Houssay,"Av. Corrientes 917, Buenos Aires",Tadeo : El Explorador Y La Lampara Maravillosa,2D Doblada,15:15,,,,https://cartelera.ar/pelicula/tadeo-el-explorador-y-la-lampara-maravillosa
CABA,Cinépolis,Cinépolis Houssay,"Av. Corrientes 917, Buenos Aires",Tadeo : El Explorador Y La Lampara Maravillosa,2D Doblada,17:30,,,,https://cartelera.ar/pelicula/tadeo-el-explorador-y-la-lampara-maravillosa
GBA Norte,Cinépolis,Cinépolis Pilar,"Panamericana Km. 50, Pilar",Michael,2D Subtitulada,15:50,,,,https://cartelera.ar/pelicula/michael
GBA Norte,Cinépolis,Cinépolis Pilar,"Panamericana Km. 50, Pilar",El Diablo Viste A La Moda 2,2D Doblada,18:10,,,,https://cartelera.ar/pelicula/el-diablo-viste-a-la-moda-2
GBA Norte,Cinépolis,Cinépolis Pilar,"Panamericana Km. 50, Pilar",La Odisea,2D Subtitulada,18:30,,,,https://cartelera.ar/pelicula/la-odisea
GBA Norte,Cinépolis,Cinépolis Pilar,"Panamericana Km. 50, Pilar",La Odisea,2D Subtitulada,22:10,,,,https://cartelera.ar/pelicula/la-odisea
GBA Norte,Cinépolis,Cinépolis Pilar,"Panamericana Km. 50, Pilar",Spider-Man: Un nuevo día,3D Doblada,12:50,,,,https://cartelera.ar/pelicula/spider-man-un-nuevo-dia
GBA Norte,Cinépolis,Cinépolis Pilar,"Panamericana Km. 50, Pilar",Spider-Man: Un nuevo día,2D Doblada,16:40,,,,https://cartelera.ar/pelicula/spider-man-un-nuevo-dia
GBA Norte,Cinépolis,Cinépolis Pilar,"Panamericana Km. 50, Pilar",Spider-Man: Un nuevo día,2D Subtitulada,19:50,,,,https://cartelera.ar/pelicula/spider-man-un-nuevo-dia
GBA Norte,Cinépolis,Cinépolis Pilar,"Panamericana Km. 50, Pilar",Toy Story 5,2D Doblada,15:50,,,,https://cartelera.ar/pelicula/toy-story-5
GBA Norte,Cinépolis,Cinépolis Pilar,"Panamericana Km. 50, Pilar",Backrooms,2D Subtitulada,22:40,,,,https://cartelera.ar/pelicula/backrooms
GBA Norte,Cinépolis,Cinépolis Pilar,"Panamericana Km. 50, Pilar",Minions & monstruos,2D Doblada,14:30,,,,https://cartelera.ar/pelicula/minions-monstruos
GBA Norte,Cinépolis,Cinépolis Pilar,"Panamericana Km. 50, Pilar",PAW Patrol: La Dino Película,2D Doblada,12:50,,,,https://cartelera.ar/pelicula/paw-patrol-la-dino-pelicula
GBA Norte,Cinépolis,Cinépolis Pilar,"Panamericana Km. 50, Pilar",La noche del demonio: Están entre nosotros,2D Doblada,20:10,,,,https://cartelera.ar/pelicula/la-noche-del-demonio-estan-entre-nosotros
GBA Norte,Cinépolis,Cinépolis Pilar,"Panamericana Km. 50, Pilar",La noche del demonio: Están entre nosotros,2D Doblada,23:00,,,,https://cartelera.ar/pelicula/la-noche-del-demonio-estan-entre-nosotros
GBA Norte,Cinépolis,Cinépolis Pilar,"Panamericana Km. 50, Pilar",Hechizo de amor: La magia continúa,2D Doblada,13:30,,,,https://cartelera.ar/pelicula/hechizo-de-amor-la-magia-continua
GBA Norte,Cinépolis,Cinépolis Pilar,"Panamericana Km. 50, Pilar",Hechizo de amor: La magia continúa,2D Doblada,16:20,,,,https://cartelera.ar/pelicula/hechizo-de-amor-la-magia-continua
GBA Norte,Cinépolis,Cinépolis Pilar,"Panamericana Km. 50, Pilar",Hechizo de amor: La magia continúa,2D Subtitulada,19:10,,,,https://cartelera.ar/pelicula/hechizo-de-amor-la-magia-continua
GBA Norte,Cinépolis,Cinépolis Pilar,"Panamericana Km. 50, Pilar",Hechizo de amor: La magia continúa,2D Subtitulada,22:00,,,,https://cartelera.ar/pelicula/hechizo-de-amor-la-magia-continua
GBA Norte,Cinépolis,Cinépolis Pilar,"Panamericana Km. 50, Pilar",Código: Venganza,2D Doblada,15:20,,,,https://cartelera.ar/pelicula/codigo-venganza
GBA Norte,Cinépolis,Cinépolis Pilar,"Panamericana Km. 50, Pilar",Código: Venganza,2D Doblada,17:30,,,,https://cartelera.ar/pelicula/codigo-venganza
GBA Norte,Cinépolis,Cinépolis Pilar,"Panamericana Km. 50, Pilar",Código: Venganza,2D Doblada,22:50,,,,https://cartelera.ar/pelicula/codigo-venganza
GBA Norte,Cinépolis,Cinépolis Pilar,"Panamericana Km. 50, Pilar",Pepita la Pistolera,2D Doblada,13:00,,,,https://cartelera.ar/pelicula/pepita-la-pistolera
GBA Norte,Cinépolis,Cinépolis Pilar,"Panamericana Km. 50, Pilar",Terminator 2: El juicio final,2D Subtitulada,19:50,,,,https://cartelera.ar/pelicula/terminator-2-el-juicio-final
GBA Norte,Cinépolis,Cinépolis Pilar,"Panamericana Km. 50, Pilar",Terminator 2: El juicio final,2D Doblada,22:30,,,,https://cartelera.ar/pelicula/terminator-2-el-juicio-final
GBA Norte,Cinépolis,Cinépolis Pilar,"Panamericana Km. 50, Pilar",Ice Cream Man,2D Doblada,20:50,,,,https://cartelera.ar/pelicula/ice-cream-man
GBA Norte,Cinépolis,Cinépolis Pilar,"Panamericana Km. 50, Pilar",Ice Cream Man,2D Doblada,23:00,,,,https://cartelera.ar/pelicula/ice-cream-man
GBA Norte,Cinépolis,Cinépolis Pilar,"Panamericana Km. 50, Pilar",La constelación del perro,2D Subtitulada,15:00,,,,https://cartelera.ar/pelicula/la-constelacion-del-perro
GBA Norte,Cinépolis,Cinépolis Pilar,"Panamericana Km. 50, Pilar",La constelación del perro,2D Doblada,17:30,,,,https://cartelera.ar/pelicula/la-constelacion-del-perro
GBA Norte,Cinépolis,Cinépolis Pilar,"Panamericana Km. 50, Pilar",Coyote vs. Acme,2D Doblada,12:50,,,,https://cartelera.ar/pelicula/coyote-vs-acme
GBA Norte,Cinépolis,Cinépolis Pilar,"Panamericana Km. 50, Pilar",Coyote vs. Acme,2D Doblada,15:20,,,,https://cartelera.ar/pelicula/coyote-vs-acme
GBA Norte,Cinépolis,Cinépolis Pilar,"Panamericana Km. 50, Pilar",Coyote vs. Acme,2D Doblada,17:40,,,,https://cartelera.ar/pelicula/coyote-vs-acme
GBA Norte,Cinépolis,Cinépolis Pilar,"Panamericana Km. 50, Pilar",Coyote vs. Acme,2D Doblada,20:00,,,,https://cartelera.ar/pelicula/coyote-vs-acme
GBA Norte,Cinépolis,Cinépolis Pilar,"Panamericana Km. 50, Pilar",Yo Narciso,2D Doblada,22:20,,,,https://cartelera.ar/pelicula/yo-narciso
GBA Norte,Cinépolis,Cinépolis Pilar,"Panamericana Km. 50, Pilar",Oasis: Dont Look Back In Anger,2D Subtitulada,19:50,,,,https://cartelera.ar/pelicula/oasis-dont-look-back-in-anger
GBA Norte,Cinépolis,Cinépolis Pilar,"Panamericana Km. 50, Pilar",Tadeo : El Explorador Y La Lampara Maravillosa,2D Doblada,12:50,,,,https://cartelera.ar/pelicula/tadeo-el-explorador-y-la-lampara-maravillosa
GBA Norte,Cinépolis,Cinépolis Pilar,"Panamericana Km. 50, Pilar",Tadeo : El Explorador Y La Lampara Maravillosa,2D Doblada,15:10,,,,https://cartelera.ar/pelicula/tadeo-el-explorador-y-la-lampara-maravillosa
GBA Norte,Cinépolis,Cinépolis Pilar,"Panamericana Km. 50, Pilar",Tadeo : El Explorador Y La Lampara Maravillosa,2D Doblada,17:30,,,,https://cartelera.ar/pelicula/tadeo-el-explorador-y-la-lampara-maravillosa
CABA,Multiplex,Multiplex Belgrano,"Vuelta de Obligado 2199, Belgrano",Código: Venganza,COMFORT PLUS 2D Subtitulada,22:15,,,,https://multiplex.com.ar/peliculas/codigo-venganza/
CABA,Multiplex,Multiplex Belgrano,"Vuelta de Obligado 2199, Belgrano",Coyote vs. Acme,COMFORT PLUS 2D Doblada,13:00,,,,https://multiplex.com.ar/peliculas/coyote-vs-acme/
CABA,Multiplex,Multiplex Belgrano,"Vuelta de Obligado 2199, Belgrano",Coyote vs. Acme,COMFORT PLUS 2D Doblada,15:05,,,,https://multiplex.com.ar/peliculas/coyote-vs-acme/
CABA,Multiplex,Multiplex Belgrano,"Vuelta de Obligado 2199, Belgrano",Coyote vs. Acme,2D Doblada,16:30,,,,https://multiplex.com.ar/peliculas/coyote-vs-acme/
CABA,Multiplex,Multiplex Belgrano,"Vuelta de Obligado 2199, Belgrano",Coyote vs. Acme,2D Subtitulada,18:35,,,,https://multiplex.com.ar/peliculas/coyote-vs-acme/
CABA,Multiplex,Multiplex Belgrano,"Vuelta de Obligado 2199, Belgrano",Coyote vs. Acme,2D Subtitulada,20:40,,,,https://multiplex.com.ar/peliculas/coyote-vs-acme/
CABA,Multiplex,Multiplex Belgrano,"Vuelta de Obligado 2199, Belgrano",Coyote vs. Acme,2D Subtitulada,22:45,,,,https://multiplex.com.ar/peliculas/coyote-vs-acme/
CABA,Multiplex,Multiplex Belgrano,"Vuelta de Obligado 2199, Belgrano",El día de la revelación,2D Subtitulada,17:20,,,,https://multiplex.com.ar/peliculas/el-dia-de-la-revelacion/
CABA,Multiplex,Multiplex Belgrano,"Vuelta de Obligado 2199, Belgrano",El Diablo Viste A La Moda 2,COMFORT PLUS 2D Subtitulada,15:35,,,,https://multiplex.com.ar/peliculas/el-diablo-viste-a-la-moda-2/
CABA,Multiplex,Multiplex Belgrano,"Vuelta de Obligado 2199, Belgrano",El Heladero: Dulce Sabor A Muerte,2D Subtitulada,22:40,,,,https://multiplex.com.ar/peliculas/el-heladero-dulce-sabor-a-muerte/
CABA,Multiplex,Multiplex Belgrano,"Vuelta de Obligado 2199, Belgrano",Hechizo de amor: La magia continúa,COMFORT PLUS 2D Subtitulada,15:35,,,,https://multiplex.com.ar/peliculas/hechizo-de-amor-la-magia-continua/
CABA,Multiplex,Multiplex Belgrano,"Vuelta de Obligado 2199, Belgrano",Hechizo de amor: La magia continúa,2D + COMFORT PLUS Subtitulada,18:00,,,,https://multiplex.com.ar/peliculas/hechizo-de-amor-la-magia-continua/
CABA,Multiplex,Multiplex Belgrano,"Vuelta de Obligado 2199, Belgrano",Hechizo de amor: La magia continúa,2D + COMFORT PLUS Subtitulada,20:20,,,,https://multiplex.com.ar/peliculas/hechizo-de-amor-la-magia-continua/
CABA,Multiplex,Multiplex Belgrano,"Vuelta de Obligado 2199, Belgrano",Hechizo de amor: La magia continúa,COMFORT PLUS 2D Subtitulada,22:30,,,,https://multiplex.com.ar/peliculas/hechizo-de-amor-la-magia-continua/
CABA,Multiplex,Multiplex Belgrano,"Vuelta de Obligado 2199, Belgrano",Ice Cream Man,2D Subtitulada,22:40,,,,https://cartelera.ar/pelicula/ice-cream-man
CABA,Multiplex,Multiplex Belgrano,"Vuelta de Obligado 2199, Belgrano",La invitación,2D Subtitulada,15:15,,,,https://multiplex.com.ar/peliculas/la-invitacion/
CABA,Multiplex,Multiplex Belgrano,"Vuelta de Obligado 2199, Belgrano",La invitación,COMFORT PLUS 2D Subtitulada,17:55,,,,https://multiplex.com.ar/peliculas/la-invitacion/
CABA,Multiplex,Multiplex Belgrano,"Vuelta de Obligado 2199, Belgrano",La invitación,COMFORT PLUS 2D Subtitulada,20:05,,,,https://multiplex.com.ar/peliculas/la-invitacion/
CABA,Multiplex,Multiplex Belgrano,"Vuelta de Obligado 2199, Belgrano",La Negociación (The Negotiation),COMFORT PLUS 2D Subtitulada,16:00,,,,https://multiplex.com.ar/peliculas/la-negociacion/
CABA,Multiplex,Multiplex Belgrano,"Vuelta de Obligado 2199, Belgrano",La Odisea,COMFORT PLUS 2D Subtitulada,17:10,,,,https://multiplex.com.ar/peliculas/la-odisea/
CABA,Multiplex,Multiplex Belgrano,"Vuelta de Obligado 2199, Belgrano",La Odisea,4D + 2D Subtitulada,18:20,,,,https://multiplex.com.ar/peliculas/la-odisea/
CABA,Multiplex,Multiplex Belgrano,"Vuelta de Obligado 2199, Belgrano",La Odisea,COMFORT PLUS 2D Subtitulada,20:30,,,,https://multiplex.com.ar/peliculas/la-odisea/
CABA,Multiplex,Multiplex Belgrano,"Vuelta de Obligado 2199, Belgrano",La Odisea,4D + 2D Subtitulada,21:35,,,,https://multiplex.com.ar/peliculas/la-odisea/
CABA,Multiplex,Multiplex Belgrano,"Vuelta de Obligado 2199, Belgrano",La Odisea,2D + COMFORT PLUS Subtitulada,22:40,,,,https://multiplex.com.ar/peliculas/la-odisea/
CABA,Multiplex,Multiplex Belgrano,"Vuelta de Obligado 2199, Belgrano",Los Colores Del Tiempo,2D + COMFORT PLUS Subtitulada,13:10,,,,https://multiplex.com.ar/peliculas/los-colores-del-tiempo/
CABA,Multiplex,Multiplex Belgrano,"Vuelta de Obligado 2199, Belgrano",Los Colores Del Tiempo,2D + COMFORT PLUS Subtitulada,15:35,,,,https://multiplex.com.ar/peliculas/los-colores-del-tiempo/
CABA,Multiplex,Multiplex Belgrano,"Vuelta de Obligado 2199, Belgrano",Los Colores Del Tiempo,COMFORT PLUS 2D Subtitulada,17:50,,,,https://multiplex.com.ar/peliculas/los-colores-del-tiempo/
CABA,Multiplex,Multiplex Belgrano,"Vuelta de Obligado 2199, Belgrano",Los Colores Del Tiempo,COMFORT PLUS 2D Subtitulada,20:10,,,,https://multiplex.com.ar/peliculas/los-colores-del-tiempo/
CABA,Multiplex,Multiplex Belgrano,"Vuelta de Obligado 2199, Belgrano",Minions & monstruos,COMFORT PLUS 2D Doblada,13:40,,,,https://multiplex.com.ar/peliculas/minions-monstruos/
CABA,Multiplex,Multiplex Belgrano,"Vuelta de Obligado 2199, Belgrano",Oasis: Dont Look Back In Anger,COMFORT PLUS 2D Subtitulada,20:20,,,,https://multiplex.com.ar/peliculas/oasis-dont-look-back-in-anger/
CABA,Multiplex,Multiplex Belgrano,"Vuelta de Obligado 2199, Belgrano",Oasis: Dont Look Back In Anger,COMFORT PLUS 2D Subtitulada,22:40,,,,https://multiplex.com.ar/peliculas/oasis-dont-look-back-in-anger/
CABA,Multiplex,Multiplex Belgrano,"Vuelta de Obligado 2199, Belgrano",Obsesión,2D Subtitulada,22:45,,,,https://multiplex.com.ar/peliculas/obsesion/
CABA,Multiplex,Multiplex Belgrano,"Vuelta de Obligado 2199, Belgrano",Pepita la Pistolera,2D Doblada,13:10,,,,https://multiplex.com.ar/peliculas/pepita-la-pistolera/
CABA,Multiplex,Multiplex Belgrano,"Vuelta de Obligado 2199, Belgrano",Pepita la Pistolera,COMFORT PLUS 2D Doblada,18:00,,,,https://multiplex.com.ar/peliculas/pepita-la-pistolera/
CABA,Multiplex,Multiplex Belgrano,"Vuelta de Obligado 2199, Belgrano",Pepita la Pistolera,2D Doblada,20:45,,,,https://multiplex.com.ar/peliculas/pepita-la-pistolera/
CABA,Multiplex,Multiplex Belgrano,"Vuelta de Obligado 2199, Belgrano",Pepita la Pistolera,COMFORT PLUS 2D Doblada,22:25,,,,https://multiplex.com.ar/peliculas/pepita-la-pistolera/
CABA,Multiplex,Multiplex Belgrano,"Vuelta de Obligado 2199, Belgrano",Spider-Man: Un nuevo día,4D + 3D Doblada,13:00,,,,https://multiplex.com.ar/peliculas/spider-man-un-dia-nuevo/
CABA,Multiplex,Multiplex Belgrano,"Vuelta de Obligado 2199, Belgrano",Spider-Man: Un nuevo día,4D + 3D Doblada,15:40,,,,https://multiplex.com.ar/peliculas/spider-man-un-dia-nuevo/
CABA,Multiplex,Multiplex Belgrano,"Vuelta de Obligado 2199, Belgrano",Super Mario Galaxy: La Película,COMFORT PLUS 2D Doblada,14:00,,,,https://multiplex.com.ar/peliculas/super-mario-galaxy-la-pelicula/
CABA,Multiplex,Multiplex Belgrano,"Vuelta de Obligado 2199, Belgrano",Tadeo : El Explorador Y La Lampara Maravillosa,2D Doblada,12:50,,,,https://multiplex.com.ar/peliculas/tadeo-el-explorador-y-la-lampara-maravillosa/
CABA,Multiplex,Multiplex Belgrano,"Vuelta de Obligado 2199, Belgrano",Tadeo : El Explorador Y La Lampara Maravillosa,2D Doblada,14:40,,,,https://multiplex.com.ar/peliculas/tadeo-el-explorador-y-la-lampara-maravillosa/
CABA,Multiplex,Multiplex Belgrano,"Vuelta de Obligado 2199, Belgrano",Tadeo : El Explorador Y La Lampara Maravillosa,2D Doblada,17:05,,,,https://multiplex.com.ar/peliculas/tadeo-el-explorador-y-la-lampara-maravillosa/
CABA,Multiplex,Multiplex Belgrano,"Vuelta de Obligado 2199, Belgrano",Terminator 2: El juicio final,2D Subtitulada,20:05,,,,https://multiplex.com.ar/peliculas/terminator-2-el-juicio-final/
CABA,Multiplex,Multiplex Belgrano,"Vuelta de Obligado 2199, Belgrano",Toy Story 5,2D Doblada,13:00,,,,https://multiplex.com.ar/peliculas/toy-story-5/
CABA,Multiplex,Multiplex Belgrano,"Vuelta de Obligado 2199, Belgrano",Toy Story 5,2D Doblada,15:00,,,,https://multiplex.com.ar/peliculas/toy-story-5/
CABA,Multiplex,Multiplex Belgrano,"Vuelta de Obligado 2199, Belgrano",Una quinta en Portugal,COMFORT PLUS 2D Subtitulada,13:45,,,,https://multiplex.com.ar/peliculas/una-quinta-en-portugal/
CABA,Multiplex,Multiplex Belgrano,"Vuelta de Obligado 2199, Belgrano",Una quinta en Portugal,COMFORT PLUS 2D Subtitulada,18:05,,,,https://multiplex.com.ar/peliculas/una-quinta-en-portugal/
CABA,Multiplex,Multiplex Belgrano,"Vuelta de Obligado 2199, Belgrano",Una quinta en Portugal,COMFORT PLUS 2D Subtitulada,20:10,,,,https://multiplex.com.ar/peliculas/una-quinta-en-portugal/
CABA,Multiplex,Multiplex Belgrano,"Vuelta de Obligado 2199, Belgrano",Yo Narciso,COMFORT PLUS 2D Doblada,13:40,,,,https://multiplex.com.ar/peliculas/yo-narciso/
CABA,Multiplex,Multiplex Belgrano,"Vuelta de Obligado 2199, Belgrano",Yo Narciso,COMFORT PLUS 2D Doblada,16:00,,,,https://multiplex.com.ar/peliculas/yo-narciso/
CABA,Multiplex,Multiplex Belgrano,"Vuelta de Obligado 2199, Belgrano",Yo Narciso,2D Doblada,18:55,,,,https://multiplex.com.ar/peliculas/yo-narciso/
CABA,Multiplex,Multiplex Lavalle,"Lavalle 780, CABA",Afterburn (Zona cero),2D Doblada,22:50,,,,https://multiplex.com.ar/peliculas/zona-cero/
CABA,Multiplex,Multiplex Lavalle,"Lavalle 780, CABA",Código: Venganza,2D Doblada,23:20,,,,https://multiplex.com.ar/peliculas/codigo-venganza/
CABA,Multiplex,Multiplex Lavalle,"Lavalle 780, CABA",Coyote vs. Acme,2D Doblada,15:40,,,,https://multiplex.com.ar/peliculas/coyote-vs-acme/
CABA,Multiplex,Multiplex Lavalle,"Lavalle 780, CABA",Coyote vs. Acme,2D Doblada,17:50,,,,https://multiplex.com.ar/peliculas/coyote-vs-acme/
CABA,Multiplex,Multiplex Lavalle,"Lavalle 780, CABA",Coyote vs. Acme,2D Doblada,20:45,,,,https://multiplex.com.ar/peliculas/coyote-vs-acme/
CABA,Multiplex,Multiplex Lavalle,"Lavalle 780, CABA",El Heladero: Dulce Sabor A Muerte,2D Doblada,13:00,,,,https://multiplex.com.ar/peliculas/el-heladero-dulce-sabor-a-muerte/
CABA,Multiplex,Multiplex Lavalle,"Lavalle 780, CABA",El Heladero: Dulce Sabor A Muerte,2D Doblada,14:45,,,,https://multiplex.com.ar/peliculas/el-heladero-dulce-sabor-a-muerte/
CABA,Multiplex,Multiplex Lavalle,"Lavalle 780, CABA",El Heladero: Dulce Sabor A Muerte,2D Doblada,19:15,,,,https://multiplex.com.ar/peliculas/el-heladero-dulce-sabor-a-muerte/
CABA,Multiplex,Multiplex Lavalle,"Lavalle 780, CABA",El Heladero: Dulce Sabor A Muerte,2D Doblada,21:40,,,,https://multiplex.com.ar/peliculas/el-heladero-dulce-sabor-a-muerte/
CABA,Multiplex,Multiplex Lavalle,"Lavalle 780, CABA",El Heladero: Dulce Sabor A Muerte,2D Doblada,23:10,,,,https://multiplex.com.ar/peliculas/el-heladero-dulce-sabor-a-muerte/
CABA,Multiplex,Multiplex Lavalle,"Lavalle 780, CABA",Hechizo de amor: La magia continúa,2D Doblada,13:00,,,,https://multiplex.com.ar/peliculas/hechizo-de-amor-la-magia-continua/
CABA,Multiplex,Multiplex Lavalle,"Lavalle 780, CABA",Hechizo de amor: La magia continúa,2D Doblada,15:15,,,,https://multiplex.com.ar/peliculas/hechizo-de-amor-la-magia-continua/
CABA,Multiplex,Multiplex Lavalle,"Lavalle 780, CABA",Hechizo de amor: La magia continúa,2D Doblada,17:30,,,,https://multiplex.com.ar/peliculas/hechizo-de-amor-la-magia-continua/
CABA,Multiplex,Multiplex Lavalle,"Lavalle 780, CABA",Ice Cream Man,2D Doblada,13:00,,,,https://cartelera.ar/pelicula/ice-cream-man
CABA,Multiplex,Multiplex Lavalle,"Lavalle 780, CABA",Ice Cream Man,2D Doblada,14:45,,,,https://cartelera.ar/pelicula/ice-cream-man
CABA,Multiplex,Multiplex Lavalle,"Lavalle 780, CABA",Ice Cream Man,2D Doblada,19:15,,,,https://cartelera.ar/pelicula/ice-cream-man
CABA,Multiplex,Multiplex Lavalle,"Lavalle 780, CABA",Ice Cream Man,2D Doblada,21:40,,,,https://cartelera.ar/pelicula/ice-cream-man
CABA,Multiplex,Multiplex Lavalle,"Lavalle 780, CABA",Ice Cream Man,2D Doblada,23:10,,,,https://cartelera.ar/pelicula/ice-cream-man
CABA,Multiplex,Multiplex Lavalle,"Lavalle 780, CABA",La noche del demonio: Están entre nosotros,2D Doblada,13:00,,,,https://multiplex.com.ar/peliculas/la-noche-del-demonio-estan-entre-nosotros/
CABA,Multiplex,Multiplex Lavalle,"Lavalle 780, CABA",La noche del demonio: Están entre nosotros,2D Doblada,14:55,,,,https://multiplex.com.ar/peliculas/la-noche-del-demonio-estan-entre-nosotros/
CABA,Multiplex,Multiplex Lavalle,"Lavalle 780, CABA",La noche del demonio: Están entre nosotros,2D Doblada,18:45,,,,https://multiplex.com.ar/peliculas/la-noche-del-demonio-estan-entre-nosotros/
CABA,Multiplex,Multiplex Lavalle,"Lavalle 780, CABA",La noche del demonio: Están entre nosotros,2D Doblada,21:00,,,,https://multiplex.com.ar/peliculas/la-noche-del-demonio-estan-entre-nosotros/
CABA,Multiplex,Multiplex Lavalle,"Lavalle 780, CABA",La noche del demonio: Están entre nosotros,2D Doblada,23:00,,,,https://multiplex.com.ar/peliculas/la-noche-del-demonio-estan-entre-nosotros/
CABA,Multiplex,Multiplex Lavalle,"Lavalle 780, CABA",La Odisea,2D Doblada,20:05,,,,https://multiplex.com.ar/peliculas/la-odisea/
CABA,Multiplex,Multiplex Lavalle,"Lavalle 780, CABA",Michael,4D (2D) Doblada,20:05,,,,https://multiplex.com.ar/peliculas/michael-la-historia-de-michael-jackson/
CABA,Multiplex,Multiplex Lavalle,"Lavalle 780, CABA",Minions & monstruos,3D Doblada,13:45,,,,https://multiplex.com.ar/peliculas/minions-monstruos/
CABA,Multiplex,Multiplex Lavalle,"Lavalle 780, CABA",Minions & monstruos,2D Doblada,14:45,,,,https://multiplex.com.ar/peliculas/minions-monstruos/
CABA,Multiplex,Multiplex Lavalle,"Lavalle 780, CABA",Oasis: Dont Look Back In Anger,2D Subtitulada,20:00,,,,https://multiplex.com.ar/peliculas/oasis-dont-look-back-in-anger/
CABA,Multiplex,Multiplex Lavalle,"Lavalle 780, CABA",Oasis: Dont Look Back In Anger,2D Subtitulada,22:25,,,,https://multiplex.com.ar/peliculas/oasis-dont-look-back-in-anger/
CABA,Multiplex,Multiplex Lavalle,"Lavalle 780, CABA",Obsesión,2D Doblada,23:15,,,,https://multiplex.com.ar/peliculas/obsesion/
CABA,Multiplex,Multiplex Lavalle,"Lavalle 780, CABA",Pepita la Pistolera,2D Doblada,19:50,,,,https://multiplex.com.ar/peliculas/pepita-la-pistolera/
CABA,Multiplex,Multiplex Lavalle,"Lavalle 780, CABA",Scary Movie,2D Doblada,18:20,,,,https://multiplex.com.ar/peliculas/scary-movie-terrorificamente-incorrecta/
CABA,Multiplex,Multiplex Lavalle,"Lavalle 780, CABA",Spider-Man: Un nuevo día,3D Doblada,15:30,,,,https://multiplex.com.ar/peliculas/spider-man-un-dia-nuevo/
CABA,Multiplex,Multiplex Lavalle,"Lavalle 780, CABA",Spider-Man: Un nuevo día,2D Doblada,16:30,,,,https://multiplex.com.ar/peliculas/spider-man-un-dia-nuevo/
CABA,Multiplex,Multiplex Lavalle,"Lavalle 780, CABA",Spider-Man: Un nuevo día,4D (3D) Doblada,17:20,,,,https://multiplex.com.ar/peliculas/spider-man-un-dia-nuevo/
CABA,Multiplex,Multiplex Lavalle,"Lavalle 780, CABA",Spider-Man: Un nuevo día,3D Doblada,20:15,,,,https://multiplex.com.ar/peliculas/spider-man-un-dia-nuevo/
CABA,Multiplex,Multiplex Lavalle,"Lavalle 780, CABA",Spider-Man: Un nuevo día,4D (3D) Doblada,22:30,,,,https://multiplex.com.ar/peliculas/spider-man-un-dia-nuevo/
CABA,Multiplex,Multiplex Lavalle,"Lavalle 780, CABA",Super Mario Galaxy: La Película,2D Doblada,13:40,,,,https://multiplex.com.ar/peliculas/super-mario-galaxy-la-pelicula/
CABA,Multiplex,Multiplex Lavalle,"Lavalle 780, CABA",Tadeo : El Explorador Y La Lampara Maravillosa,2D Doblada,13:00,,,,https://multiplex.com.ar/peliculas/tadeo-el-explorador-y-la-lampara-maravillosa/
CABA,Multiplex,Multiplex Lavalle,"Lavalle 780, CABA",Tadeo : El Explorador Y La Lampara Maravillosa,2D Doblada,16:55,,,,https://multiplex.com.ar/peliculas/tadeo-el-explorador-y-la-lampara-maravillosa/
CABA,Multiplex,Multiplex Lavalle,"Lavalle 780, CABA",Toy Story 5,4D (3D) Doblada,13:20,,,,https://multiplex.com.ar/peliculas/toy-story-5/
CABA,Multiplex,Multiplex Lavalle,"Lavalle 780, CABA",Toy Story 5,4D (3D) Doblada,15:20,,,,https://multiplex.com.ar/peliculas/toy-story-5/
CABA,Multiplex,Multiplex Lavalle,"Lavalle 780, CABA",Yo Narciso,2D Doblada,16:30,,,,https://multiplex.com.ar/peliculas/yo-narciso/
CABA,Multiplex,Multiplex Lavalle,"Lavalle 780, CABA",Yo Narciso,2D Doblada,18:15,,,,https://multiplex.com.ar/peliculas/yo-narciso/
GBA Oeste,Cinépolis,Cinépolis Merlo,Av. Juan Domingo Perón 24098,Spider-Man: Un nuevo día,2D Doblada,13:40,,,,https://cartelera.ar/pelicula/spider-man-un-nuevo-dia
GBA Oeste,Cinépolis,Cinépolis Merlo,Av. Juan Domingo Perón 24098,Spider-Man: Un nuevo día,3D Doblada,16:50,,,,https://cartelera.ar/pelicula/spider-man-un-nuevo-dia
GBA Oeste,Cinépolis,Cinépolis Merlo,Av. Juan Domingo Perón 24098,Spider-Man: Un nuevo día,3D Doblada,18:10,,,,https://cartelera.ar/pelicula/spider-man-un-nuevo-dia
GBA Oeste,Cinépolis,Cinépolis Merlo,Av. Juan Domingo Perón 24098,Spider-Man: Un nuevo día,2D Doblada,18:50,,,,https://cartelera.ar/pelicula/spider-man-un-nuevo-dia
GBA Oeste,Cinépolis,Cinépolis Merlo,Av. Juan Domingo Perón 24098,Toy Story 5,3D Doblada,15:40,,,,https://cartelera.ar/pelicula/toy-story-5
GBA Oeste,Cinépolis,Cinépolis Merlo,Av. Juan Domingo Perón 24098,Scary Movie,2D Doblada,23:00,,,,https://cartelera.ar/pelicula/scary-movie
GBA Oeste,Cinépolis,Cinépolis Merlo,Av. Juan Domingo Perón 24098,Backrooms,2D Doblada,22:00,,,,https://cartelera.ar/pelicula/backrooms
GBA Oeste,Cinépolis,Cinépolis Merlo,Av. Juan Domingo Perón 24098,PAW Patrol: La Dino Película,2D Doblada,16:40,,,,https://cartelera.ar/pelicula/paw-patrol-la-dino-pelicula
GBA Oeste,Cinépolis,Cinépolis Merlo,Av. Juan Domingo Perón 24098,La noche del demonio: Están entre nosotros,2D Doblada,20:00,,,,https://cartelera.ar/pelicula/la-noche-del-demonio-estan-entre-nosotros
GBA Oeste,Cinépolis,Cinépolis Merlo,Av. Juan Domingo Perón 24098,La noche del demonio: Están entre nosotros,2D Doblada,21:30,,,,https://cartelera.ar/pelicula/la-noche-del-demonio-estan-entre-nosotros
GBA Oeste,Cinépolis,Cinépolis Merlo,Av. Juan Domingo Perón 24098,La noche del demonio: Están entre nosotros,2D Doblada,22:30,,,,https://cartelera.ar/pelicula/la-noche-del-demonio-estan-entre-nosotros
GBA Oeste,Cinépolis,Cinépolis Merlo,Av. Juan Domingo Perón 24098,Hechizo de amor: La magia continúa,2D Doblada,14:20,,,,https://cartelera.ar/pelicula/hechizo-de-amor-la-magia-continua
GBA Oeste,Cinépolis,Cinépolis Merlo,Av. Juan Domingo Perón 24098,Hechizo de amor: La magia continúa,2D Doblada,17:10,,,,https://cartelera.ar/pelicula/hechizo-de-amor-la-magia-continua
GBA Oeste,Cinépolis,Cinépolis Merlo,Av. Juan Domingo Perón 24098,Hechizo de amor: La magia continúa,2D Doblada,20:10,,,,https://cartelera.ar/pelicula/hechizo-de-amor-la-magia-continua
GBA Oeste,Cinépolis,Cinépolis Merlo,Av. Juan Domingo Perón 24098,Código: Venganza,2D Doblada,22:50,,,,https://cartelera.ar/pelicula/codigo-venganza
GBA Oeste,Cinépolis,Cinépolis Merlo,Av. Juan Domingo Perón 24098,Pepita la Pistolera,2D Doblada,14:10,,,,https://cartelera.ar/pelicula/pepita-la-pistolera
GBA Oeste,Cinépolis,Cinépolis Merlo,Av. Juan Domingo Perón 24098,Terminator 2: El juicio final,2D Doblada,19:50,,,,https://cartelera.ar/pelicula/terminator-2-el-juicio-final
GBA Oeste,Cinépolis,Cinépolis Merlo,Av. Juan Domingo Perón 24098,Ice Cream Man,2D Doblada,22:45,,,,https://cartelera.ar/pelicula/ice-cream-man
GBA Oeste,Cinépolis,Cinépolis Merlo,Av. Juan Domingo Perón 24098,Coyote vs. Acme,2D Doblada,13:10,,,,https://cartelera.ar/pelicula/coyote-vs-acme
GBA Oeste,Cinépolis,Cinépolis Merlo,Av. Juan Domingo Perón 24098,Coyote vs. Acme,2D Doblada,15:30,,,,https://cartelera.ar/pelicula/coyote-vs-acme
GBA Oeste,Cinépolis,Cinépolis Merlo,Av. Juan Domingo Perón 24098,Coyote vs. Acme,2D Doblada,18:00,,,,https://cartelera.ar/pelicula/coyote-vs-acme
GBA Oeste,Cinépolis,Cinépolis Merlo,Av. Juan Domingo Perón 24098,Yo Narciso,2D Doblada,20:30,,,,https://cartelera.ar/pelicula/yo-narciso
GBA Oeste,Cinépolis,Cinépolis Merlo,Av. Juan Domingo Perón 24098,Tadeo : El Explorador Y La Lampara Maravillosa,2D Doblada,13:00,,,,https://cartelera.ar/pelicula/tadeo-el-explorador-y-la-lampara-maravillosa
GBA Oeste,Cinépolis,Cinépolis Merlo,Av. Juan Domingo Perón 24098,Tadeo : El Explorador Y La Lampara Maravillosa,2D Doblada,15:15,,,,https://cartelera.ar/pelicula/tadeo-el-explorador-y-la-lampara-maravillosa
GBA Oeste,Cinépolis,Cinépolis Merlo,Av. Juan Domingo Perón 24098,Tadeo : El Explorador Y La Lampara Maravillosa,2D Doblada,17:30,,,,https://cartelera.ar/pelicula/tadeo-el-explorador-y-la-lampara-maravillosa
GBA Norte,Showcase,IMAX Showcase Norte,"Av. Ricardo Balbín 2550, Shopping Norcenter",Proyecto Fin del Mundo,IMAX Subtitulada,19:15,,,,https://cartelera.ar/pelicula/proyecto-fin-del-mundo
GBA Norte,Showcase,IMAX Showcase Norte,"Av. Ricardo Balbín 2550, Shopping Norcenter",La Odisea,IMAX Subtitulada,13:20,,,,https://cartelera.ar/pelicula/la-odisea
GBA Norte,Showcase,IMAX Showcase Norte,"Av. Ricardo Balbín 2550, Shopping Norcenter",La Odisea,IMAX Subtitulada,22:30,,,,https://cartelera.ar/pelicula/la-odisea
GBA Norte,Showcase,IMAX Showcase Norte,"Av. Ricardo Balbín 2550, Shopping Norcenter",El Final de la Calle Oak,IMAX Subtitulada,16:55,,,,https://cartelera.ar/pelicula/el-final-de-la-calle-oak
GBA Sur,Showcase,Showcase Quilmes,"Av. Calchaquí 3950, Quilmes Factory",Michael,2D Doblada,16:15,,,,https://cartelera.ar/pelicula/michael
GBA Sur,Showcase,Showcase Quilmes,"Av. Calchaquí 3950, Quilmes Factory",El Diablo Viste A La Moda 2,2D Doblada,13:50,,,,https://cartelera.ar/pelicula/el-diablo-viste-a-la-moda-2
GBA Sur,Showcase,Showcase Quilmes,"Av. Calchaquí 3950, Quilmes Factory",Afterburn (Zona cero),2D Doblada,22:40,,,,https://cartelera.ar/pelicula/afterburn-zona-cero
GBA Sur,Showcase,Showcase Quilmes,"Av. Calchaquí 3950, Quilmes Factory",La Odisea,2D Subtitulada,19:00,,,,https://cartelera.ar/pelicula/la-odisea
GBA Sur,Showcase,Showcase Quilmes,"Av. Calchaquí 3950, Quilmes Factory",Spider-Man: Un nuevo día,2D Doblada,13:25,,,,https://cartelera.ar/pelicula/spider-man-un-nuevo-dia
GBA Sur,Showcase,Showcase Quilmes,"Av. Calchaquí 3950, Quilmes Factory",Spider-Man: Un nuevo día,3D Doblada,16:25,,,,https://cartelera.ar/pelicula/spider-man-un-nuevo-dia
GBA Sur,Showcase,Showcase Quilmes,"Av. Calchaquí 3950, Quilmes Factory",Spider-Man: Un nuevo día,2D Doblada,19:25,,,,https://cartelera.ar/pelicula/spider-man-un-nuevo-dia
GBA Sur,Showcase,Showcase Quilmes,"Av. Calchaquí 3950, Quilmes Factory",Spider-Man: Un nuevo día,2D Doblada,22:20,,,,https://cartelera.ar/pelicula/spider-man-un-nuevo-dia
GBA Sur,Showcase,Showcase Quilmes,"Av. Calchaquí 3950, Quilmes Factory",Toy Story 5,3D Doblada,14:25,,,,https://cartelera.ar/pelicula/toy-story-5
GBA Sur,Showcase,Showcase Quilmes,"Av. Calchaquí 3950, Quilmes Factory",Scary Movie,2D Doblada,22:25,,,,https://cartelera.ar/pelicula/scary-movie
GBA Sur,Showcase,Showcase Quilmes,"Av. Calchaquí 3950, Quilmes Factory",PAW Patrol: La Dino Película,2D Doblada,14:10,,,,https://cartelera.ar/pelicula/paw-patrol-la-dino-pelicula
GBA Sur,Showcase,Showcase Quilmes,"Av. Calchaquí 3950, Quilmes Factory",La noche del demonio: Están entre nosotros,2D Doblada,19:40,,,,https://cartelera.ar/pelicula/la-noche-del-demonio-estan-entre-nosotros
GBA Sur,Showcase,Showcase Quilmes,"Av. Calchaquí 3950, Quilmes Factory",La noche del demonio: Están entre nosotros,2D Doblada,22:30,,,,https://cartelera.ar/pelicula/la-noche-del-demonio-estan-entre-nosotros
GBA Sur,Showcase,Showcase Quilmes,"Av. Calchaquí 3950, Quilmes Factory",Hechizo de amor: La magia continúa,2D Doblada,14:35,,,,https://cartelera.ar/pelicula/hechizo-de-amor-la-magia-continua
GBA Sur,Showcase,Showcase Quilmes,"Av. Calchaquí 3950, Quilmes Factory",Hechizo de amor: La magia continúa,2D Doblada,16:45,,,,https://cartelera.ar/pelicula/hechizo-de-amor-la-magia-continua
GBA Sur,Showcase,Showcase Quilmes,"Av. Calchaquí 3950, Quilmes Factory",Hechizo de amor: La magia continúa,2D Doblada,19:30,,,,https://cartelera.ar/pelicula/hechizo-de-amor-la-magia-continua
GBA Sur,Showcase,Showcase Quilmes,"Av. Calchaquí 3950, Quilmes Factory",Hechizo de amor: La magia continúa,2D Subtitulada,22:15,,,,https://cartelera.ar/pelicula/hechizo-de-amor-la-magia-continua
GBA Sur,Showcase,Showcase Quilmes,"Av. Calchaquí 3950, Quilmes Factory",Código: Venganza,2D Doblada,16:00,,,,https://cartelera.ar/pelicula/codigo-venganza
GBA Sur,Showcase,Showcase Quilmes,"Av. Calchaquí 3950, Quilmes Factory",Código: Venganza,2D Subtitulada,22:05,,,,https://cartelera.ar/pelicula/codigo-venganza
GBA Sur,Showcase,Showcase Quilmes,"Av. Calchaquí 3950, Quilmes Factory",Pepita la Pistolera,2D Doblada,17:20,,,,https://cartelera.ar/pelicula/pepita-la-pistolera
GBA Sur,Showcase,Showcase Quilmes,"Av. Calchaquí 3950, Quilmes Factory",Pepita la Pistolera,2D Doblada,22:00,,,,https://cartelera.ar/pelicula/pepita-la-pistolera
GBA Sur,Showcase,Showcase Quilmes,"Av. Calchaquí 3950, Quilmes Factory",Terminator 2: El juicio final,2D Subtitulada,19:45,,,,https://cartelera.ar/pelicula/terminator-2-el-juicio-final
GBA Sur,Showcase,Showcase Quilmes,"Av. Calchaquí 3950, Quilmes Factory",Ice Cream Man,2D Doblada,14:00,,,,https://cartelera.ar/pelicula/ice-cream-man
GBA Sur,Showcase,Showcase Quilmes,"Av. Calchaquí 3950, Quilmes Factory",Ice Cream Man,2D Doblada,18:20,,,,https://cartelera.ar/pelicula/ice-cream-man
GBA Sur,Showcase,Showcase Quilmes,"Av. Calchaquí 3950, Quilmes Factory",Ice Cream Man,2D Doblada,20:30,,,,https://cartelera.ar/pelicula/ice-cream-man
GBA Sur,Showcase,Showcase Quilmes,"Av. Calchaquí 3950, Quilmes Factory",Ice Cream Man,2D Subtitulada,22:35,,,,https://cartelera.ar/pelicula/ice-cream-man
GBA Sur,Showcase,Showcase Quilmes,"Av. Calchaquí 3950, Quilmes Factory",Coyote vs. Acme,2D Doblada,15:00,,,,https://cartelera.ar/pelicula/coyote-vs-acme
GBA Sur,Showcase,Showcase Quilmes,"Av. Calchaquí 3950, Quilmes Factory",Coyote vs. Acme,2D Doblada,17:25,,,,https://cartelera.ar/pelicula/coyote-vs-acme
GBA Sur,Showcase,Showcase Quilmes,"Av. Calchaquí 3950, Quilmes Factory",Coyote vs. Acme,2D Doblada,19:50,,,,https://cartelera.ar/pelicula/coyote-vs-acme
GBA Sur,Showcase,Showcase Quilmes,"Av. Calchaquí 3950, Quilmes Factory",Yo Narciso,2D Doblada,16:20,,,,https://cartelera.ar/pelicula/yo-narciso
GBA Sur,Showcase,Showcase Quilmes,"Av. Calchaquí 3950, Quilmes Factory",Yo Narciso,2D Doblada,20:20,,,,https://cartelera.ar/pelicula/yo-narciso
GBA Sur,Showcase,Showcase Quilmes,"Av. Calchaquí 3950, Quilmes Factory",Tadeo : El Explorador Y La Lampara Maravillosa,2D Doblada,15:20,,,,https://cartelera.ar/pelicula/tadeo-el-explorador-y-la-lampara-maravillosa
GBA Sur,Showcase,Showcase Quilmes,"Av. Calchaquí 3950, Quilmes Factory",Tadeo : El Explorador Y La Lampara Maravillosa,2D Doblada,17:30,,,,https://cartelera.ar/pelicula/tadeo-el-explorador-y-la-lampara-maravillosa
GBA Sur,Showcase,Showcase Quilmes,"Av. Calchaquí 3950, Quilmes Factory",Tadeo : El Explorador Y La Lampara Maravillosa,2D Doblada,18:25,,,,https://cartelera.ar/pelicula/tadeo-el-explorador-y-la-lampara-maravillosa
CABA,Showcase,Showcase Belgrano,"Monroe 1655, Belgrano",Los Colores Del Tiempo,2D Subtitulada,17:05,,,,https://cartelera.ar/pelicula/los-colores-del-tiempo
CABA,Showcase,Showcase Belgrano,"Monroe 1655, Belgrano",Michael,2D Subtitulada,19:10,,,,https://cartelera.ar/pelicula/michael
CABA,Showcase,Showcase Belgrano,"Monroe 1655, Belgrano",El Diablo Viste A La Moda 2,2D Subtitulada,22:00,,,,https://cartelera.ar/pelicula/el-diablo-viste-a-la-moda-2
CABA,Showcase,Showcase Belgrano,"Monroe 1655, Belgrano",Mandalorian & Grogu,2D Subtitulada,16:10,,,,https://cartelera.ar/pelicula/mandalorian-grogu
CABA,Showcase,Showcase Belgrano,"Monroe 1655, Belgrano",Obsesión,2D Subtitulada,16:40,,,,https://cartelera.ar/pelicula/obsesion
CABA,Showcase,Showcase Belgrano,"Monroe 1655, Belgrano",La invitación,2D Subtitulada,19:55,,,,https://cartelera.ar/pelicula/la-invitacion
CABA,Showcase,Showcase Belgrano,"Monroe 1655, Belgrano",La invitación,2D Subtitulada,22:20,,,,https://cartelera.ar/pelicula/la-invitacion
CABA,Showcase,Showcase Belgrano,"Monroe 1655, Belgrano",La Odisea,2D Subtitulada,15:25,,,,https://cartelera.ar/pelicula/la-odisea
CABA,Showcase,Showcase Belgrano,"Monroe 1655, Belgrano",La Odisea,2D Subtitulada,19:00,,,,https://cartelera.ar/pelicula/la-odisea
CABA,Showcase,Showcase Belgrano,"Monroe 1655, Belgrano",La Odisea,2D Subtitulada,22:15,,,,https://cartelera.ar/pelicula/la-odisea
CABA,Showcase,Showcase Belgrano,"Monroe 1655, Belgrano",Spider-Man: Un nuevo día,2D Doblada,13:30,,,,https://cartelera.ar/pelicula/spider-man-un-nuevo-dia
CABA,Showcase,Showcase Belgrano,"Monroe 1655, Belgrano",Spider-Man: Un nuevo día,3D Doblada,16:30,,,,https://cartelera.ar/pelicula/spider-man-un-nuevo-dia
CABA,Showcase,Showcase Belgrano,"Monroe 1655, Belgrano",Spider-Man: Un nuevo día,2D Doblada,19:05,,,,https://cartelera.ar/pelicula/spider-man-un-nuevo-dia
CABA,Showcase,Showcase Belgrano,"Monroe 1655, Belgrano",Spider-Man: Un nuevo día,2D Subtitulada,19:35,,,,https://cartelera.ar/pelicula/spider-man-un-nuevo-dia
CABA,Showcase,Showcase Belgrano,"Monroe 1655, Belgrano",Spider-Man: Un nuevo día,2D Subtitulada,22:10,,,,https://cartelera.ar/pelicula/spider-man-un-nuevo-dia
CABA,Showcase,Showcase Belgrano,"Monroe 1655, Belgrano",Toy Story 5,2D Doblada,17:00,,,,https://cartelera.ar/pelicula/toy-story-5
CABA,Showcase,Showcase Belgrano,"Monroe 1655, Belgrano",El día de la revelación,2D Subtitulada,19:25,,,,https://cartelera.ar/pelicula/el-dia-de-la-revelacion
CABA,Showcase,Showcase Belgrano,"Monroe 1655, Belgrano",El partido,2D Doblada,14:00,,,,https://cartelera.ar/pelicula/el-partido
CABA,Showcase,Showcase Belgrano,"Monroe 1655, Belgrano",Una quinta en Portugal,2D Doblada,14:25,,,,https://cartelera.ar/pelicula/una-quinta-en-portugal
CABA,Showcase,Showcase Belgrano,"Monroe 1655, Belgrano",Hechizo de amor: La magia continúa,2D Doblada,14:05,,,,https://cartelera.ar/pelicula/hechizo-de-amor-la-magia-continua
CABA,Showcase,Showcase Belgrano,"Monroe 1655, Belgrano",Hechizo de amor: La magia continúa,2D Subtitulada,16:55,,,,https://cartelera.ar/pelicula/hechizo-de-amor-la-magia-continua
CABA,Showcase,Showcase Belgrano,"Monroe 1655, Belgrano",Hechizo de amor: La magia continúa,2D Subtitulada,19:30,,,,https://cartelera.ar/pelicula/hechizo-de-amor-la-magia-continua
CABA,Showcase,Showcase Belgrano,"Monroe 1655, Belgrano",Hechizo de amor: La magia continúa,2D Subtitulada,22:30,,,,https://cartelera.ar/pelicula/hechizo-de-amor-la-magia-continua
CABA,Showcase,Showcase Belgrano,"Monroe 1655, Belgrano",Código: Venganza,2D Subtitulada,22:40,,,,https://cartelera.ar/pelicula/codigo-venganza
CABA,Showcase,Showcase Belgrano,"Monroe 1655, Belgrano",Pepita la Pistolera,2D Doblada,17:15,,,,https://cartelera.ar/pelicula/pepita-la-pistolera
CABA,Showcase,Showcase Belgrano,"Monroe 1655, Belgrano",Pepita la Pistolera,2D Doblada,22:05,,,,https://cartelera.ar/pelicula/pepita-la-pistolera
CABA,Showcase,Showcase Belgrano,"Monroe 1655, Belgrano",Terminator 2: El juicio final,2D Subtitulada,22:35,,,,https://cartelera.ar/pelicula/terminator-2-el-juicio-final
CABA,Showcase,Showcase Belgrano,"Monroe 1655, Belgrano",Ice Cream Man,2D Subtitulada,22:30,,,,https://cartelera.ar/pelicula/ice-cream-man
CABA,Showcase,Showcase Belgrano,"Monroe 1655, Belgrano",La constelación del perro,2D Subtitulada,22:25,,,,https://cartelera.ar/pelicula/la-constelacion-del-perro
CABA,Showcase,Showcase Belgrano,"Monroe 1655, Belgrano",Moana,2D Doblada,14:15,,,,https://cartelera.ar/pelicula/moana
CABA,Showcase,Showcase Belgrano,"Monroe 1655, Belgrano",Coyote vs. Acme,2D Doblada,14:50,,,,https://cartelera.ar/pelicula/coyote-vs-acme
CABA,Showcase,Showcase Belgrano,"Monroe 1655, Belgrano",Coyote vs. Acme,2D Doblada,17:25,,,,https://cartelera.ar/pelicula/coyote-vs-acme
CABA,Showcase,Showcase Belgrano,"Monroe 1655, Belgrano",Coyote vs. Acme,2D Doblada,19:50,,,,https://cartelera.ar/pelicula/coyote-vs-acme
CABA,Showcase,Showcase Belgrano,"Monroe 1655, Belgrano",Yo Narciso,2D Doblada,15:00,,,,https://cartelera.ar/pelicula/yo-narciso
CABA,Showcase,Showcase Belgrano,"Monroe 1655, Belgrano",Yo Narciso,2D Doblada,19:40,,,,https://cartelera.ar/pelicula/yo-narciso
CABA,Showcase,Showcase Belgrano,"Monroe 1655, Belgrano",Oasis: Dont Look Back In Anger,2D Subtitulada,19:45,,,,https://cartelera.ar/pelicula/oasis-dont-look-back-in-anger
CABA,Showcase,Showcase Belgrano,"Monroe 1655, Belgrano",Tadeo : El Explorador Y La Lampara Maravillosa,2D Doblada,14:00,,,,https://cartelera.ar/pelicula/tadeo-el-explorador-y-la-lampara-maravillosa
CABA,Showcase,Showcase Belgrano,"Monroe 1655, Belgrano",Tadeo : El Explorador Y La Lampara Maravillosa,2D Doblada,15:00,,,,https://cartelera.ar/pelicula/tadeo-el-explorador-y-la-lampara-maravillosa
CABA,Showcase,Showcase Belgrano,"Monroe 1655, Belgrano",Tadeo : El Explorador Y La Lampara Maravillosa,2D Doblada,17:10,,,,https://cartelera.ar/pelicula/tadeo-el-explorador-y-la-lampara-maravillosa
GBA Norte,Showcase,Showcase Norte (Norcenter),"Colectora Panamericana 3750, Norcenter",Proyecto Fin del Mundo,2D Subtitulada,19:10,,,,https://cartelera.ar/pelicula/proyecto-fin-del-mundo
GBA Norte,Showcase,Showcase Norte (Norcenter),"Colectora Panamericana 3750, Norcenter",Super Mario Galaxy: La Película,3D Doblada,14:15,,,,https://cartelera.ar/pelicula/super-mario-galaxy-la-pelicula
GBA Norte,Showcase,Showcase Norte (Norcenter),"Colectora Panamericana 3750, Norcenter",Los Colores Del Tiempo,2D Subtitulada,16:25,,,,https://cartelera.ar/pelicula/los-colores-del-tiempo
GBA Norte,Showcase,Showcase Norte (Norcenter),"Colectora Panamericana 3750, Norcenter",El Drama,2D Subtitulada,14:00,,,,https://cartelera.ar/pelicula/el-drama
GBA Norte,Showcase,Showcase Norte (Norcenter),"Colectora Panamericana 3750, Norcenter",Michael,2D Subtitulada,21:45,,,,https://cartelera.ar/pelicula/michael
GBA Norte,Showcase,Showcase Norte (Norcenter),"Colectora Panamericana 3750, Norcenter",El Diablo Viste A La Moda 2,2D Subtitulada,19:25,,,,https://cartelera.ar/pelicula/el-diablo-viste-a-la-moda-2
GBA Norte,Showcase,Showcase Norte (Norcenter),"Colectora Panamericana 3750, Norcenter",Mortal Kombat 2,2D Doblada,14:25,,,,https://cartelera.ar/pelicula/mortal-kombat-2
GBA Norte,Showcase,Showcase Norte (Norcenter),"Colectora Panamericana 3750, Norcenter",Mandalorian & Grogu,3D Subtitulada,22:35,,,,https://cartelera.ar/pelicula/mandalorian-grogu
GBA Norte,Showcase,Showcase Norte (Norcenter),"Colectora Panamericana 3750, Norcenter",Obsesión,2D Subtitulada,22:25,,,,https://cartelera.ar/pelicula/obsesion
GBA Norte,Showcase,Showcase Norte (Norcenter),"Colectora Panamericana 3750, Norcenter",Afterburn (Zona cero),2D Doblada,14:05,,,,https://cartelera.ar/pelicula/afterburn-zona-cero
GBA Norte,Showcase,Showcase Norte (Norcenter),"Colectora Panamericana 3750, Norcenter",La invitación,2D Subtitulada,16:50,,,,https://cartelera.ar/pelicula/la-invitacion
GBA Norte,Showcase,Showcase Norte (Norcenter),"Colectora Panamericana 3750, Norcenter",La invitación,2D Subtitulada,19:15,,,,https://cartelera.ar/pelicula/la-invitacion
GBA Norte,Showcase,Showcase Norte (Norcenter),"Colectora Panamericana 3750, Norcenter",La invitación,2D Subtitulada,21:50,,,,https://cartelera.ar/pelicula/la-invitacion
GBA Norte,Showcase,Showcase Norte (Norcenter),"Colectora Panamericana 3750, Norcenter",La Odisea,2D Subtitulada,15:35,,,,https://cartelera.ar/pelicula/la-odisea
GBA Norte,Showcase,Showcase Norte (Norcenter),"Colectora Panamericana 3750, Norcenter",La Odisea,2D Subtitulada,18:25,,,,https://cartelera.ar/pelicula/la-odisea
GBA Norte,Showcase,Showcase Norte (Norcenter),"Colectora Panamericana 3750, Norcenter",La Odisea,2D Subtitulada,19:05,,,,https://cartelera.ar/pelicula/la-odisea
GBA Norte,Showcase,Showcase Norte (Norcenter),"Colectora Panamericana 3750, Norcenter",La Odisea,2D Subtitulada,21:35,,,,https://cartelera.ar/pelicula/la-odisea
GBA Norte,Showcase,Showcase Norte (Norcenter),"Colectora Panamericana 3750, Norcenter",Spider-Man: Un nuevo día,2D Doblada,14:10,,,,https://cartelera.ar/pelicula/spider-man-un-nuevo-dia
GBA Norte,Showcase,Showcase Norte (Norcenter),"Colectora Panamericana 3750, Norcenter",Spider-Man: Un nuevo día,2D Doblada,15:55,,,,https://cartelera.ar/pelicula/spider-man-un-nuevo-dia
GBA Norte,Showcase,Showcase Norte (Norcenter),"Colectora Panamericana 3750, Norcenter",Spider-Man: Un nuevo día,3D Doblada,16:20,,,,https://cartelera.ar/pelicula/spider-man-un-nuevo-dia
GBA Norte,Showcase,Showcase Norte (Norcenter),"Colectora Panamericana 3750, Norcenter",Spider-Man: Un nuevo día,2D Doblada,19:00,,,,https://cartelera.ar/pelicula/spider-man-un-nuevo-dia
GBA Norte,Showcase,Showcase Norte (Norcenter),"Colectora Panamericana 3750, Norcenter",Spider-Man: Un nuevo día,3D Doblada,19:20,,,,https://cartelera.ar/pelicula/spider-man-un-nuevo-dia
GBA Norte,Showcase,Showcase Norte (Norcenter),"Colectora Panamericana 3750, Norcenter",Spider-Man: Un nuevo día,2D Subtitulada,19:40,,,,https://cartelera.ar/pelicula/spider-man-un-nuevo-dia
GBA Norte,Showcase,Showcase Norte (Norcenter),"Colectora Panamericana 3750, Norcenter",Spider-Man: Un nuevo día,2D Doblada,22:00,,,,https://cartelera.ar/pelicula/spider-man-un-nuevo-dia
GBA Norte,Showcase,Showcase Norte (Norcenter),"Colectora Panamericana 3750, Norcenter",Spider-Man: Un nuevo día,2D Subtitulada,22:20,,,,https://cartelera.ar/pelicula/spider-man-un-nuevo-dia
GBA Norte,Showcase,Showcase Norte (Norcenter),"Colectora Panamericana 3750, Norcenter",Toy Story 5,3D Doblada,13:55,,,,https://cartelera.ar/pelicula/toy-story-5
GBA Norte,Showcase,Showcase Norte (Norcenter),"Colectora Panamericana 3750, Norcenter",Toy Story 5,2D Doblada,16:55,,,,https://cartelera.ar/pelicula/toy-story-5
GBA Norte,Showcase,Showcase Norte (Norcenter),"Colectora Panamericana 3750, Norcenter",Scary Movie,2D Doblada,16:10,,,,https://cartelera.ar/pelicula/scary-movie
GBA Norte,Showcase,Showcase Norte (Norcenter),"Colectora Panamericana 3750, Norcenter",Backrooms,2D Subtitulada,22:10,,,,https://cartelera.ar/pelicula/backrooms
GBA Norte,Showcase,Showcase Norte (Norcenter),"Colectora Panamericana 3750, Norcenter",Minions & monstruos,2D Doblada,14:35,,,,https://cartelera.ar/pelicula/minions-monstruos
GBA Norte,Showcase,Showcase Norte (Norcenter),"Colectora Panamericana 3750, Norcenter",El partido,2D Doblada,14:05,,,,https://cartelera.ar/pelicula/el-partido
GBA Norte,Showcase,Showcase Norte (Norcenter),"Colectora Panamericana 3750, Norcenter",El Final de la Calle Oak,2D Subtitulada,22:35,,,,https://cartelera.ar/pelicula/el-final-de-la-calle-oak
GBA Norte,Showcase,Showcase Norte (Norcenter),"Colectora Panamericana 3750, Norcenter",PAW Patrol: La Dino Película,2D Doblada,13:50,,,,https://cartelera.ar/pelicula/paw-patrol-la-dino-pelicula
GBA Norte,Showcase,Showcase Norte (Norcenter),"Colectora Panamericana 3750, Norcenter",La noche del demonio: Están entre nosotros,2D Doblada,17:15,,,,https://cartelera.ar/pelicula/la-noche-del-demonio-estan-entre-nosotros
GBA Norte,Showcase,Showcase Norte (Norcenter),"Colectora Panamericana 3750, Norcenter",La noche del demonio: Están entre nosotros,2D Subtitulada,22:40,,,,https://cartelera.ar/pelicula/la-noche-del-demonio-estan-entre-nosotros
GBA Norte,Showcase,Showcase Norte (Norcenter),"Colectora Panamericana 3750, Norcenter",Solo por una noche,2D Subtitulada,17:00,,,,https://cartelera.ar/pelicula/solo-por-una-noche
GBA Norte,Showcase,Showcase Norte (Norcenter),"Colectora Panamericana 3750, Norcenter",Hechizo de amor: La magia continúa,2D Doblada,14:00,,,,https://cartelera.ar/pelicula/hechizo-de-amor-la-magia-continua
GBA Norte,Showcase,Showcase Norte (Norcenter),"Colectora Panamericana 3750, Norcenter",Hechizo de amor: La magia continúa,2D Doblada,16:45,,,,https://cartelera.ar/pelicula/hechizo-de-amor-la-magia-continua
GBA Norte,Showcase,Showcase Norte (Norcenter),"Colectora Panamericana 3750, Norcenter",Hechizo de amor: La magia continúa,2D Subtitulada,19:35,,,,https://cartelera.ar/pelicula/hechizo-de-amor-la-magia-continua
GBA Norte,Showcase,Showcase Norte (Norcenter),"Colectora Panamericana 3750, Norcenter",Hechizo de amor: La magia continúa,2D Subtitulada,22:25,,,,https://cartelera.ar/pelicula/hechizo-de-amor-la-magia-continua
GBA Norte,Showcase,Showcase Norte (Norcenter),"Colectora Panamericana 3750, Norcenter",Código: Venganza,2D Doblada,18:00,,,,https://cartelera.ar/pelicula/codigo-venganza
GBA Norte,Showcase,Showcase Norte (Norcenter),"Colectora Panamericana 3750, Norcenter",Código: Venganza,2D Subtitulada,22:15,,,,https://cartelera.ar/pelicula/codigo-venganza
GBA Norte,Showcase,Showcase Norte (Norcenter),"Colectora Panamericana 3750, Norcenter",Pepita la Pistolera,2D Doblada,17:05,,,,https://cartelera.ar/pelicula/pepita-la-pistolera
GBA Norte,Showcase,Showcase Norte (Norcenter),"Colectora Panamericana 3750, Norcenter",Pepita la Pistolera,2D Doblada,19:45,,,,https://cartelera.ar/pelicula/pepita-la-pistolera
GBA Norte,Showcase,Showcase Norte (Norcenter),"Colectora Panamericana 3750, Norcenter",Pepita la Pistolera,2D Doblada,22:05,,,,https://cartelera.ar/pelicula/pepita-la-pistolera
GBA Norte,Showcase,Showcase Norte (Norcenter),"Colectora Panamericana 3750, Norcenter",Terminator 2: El juicio final,2D Subtitulada,19:25,,,,https://cartelera.ar/pelicula/terminator-2-el-juicio-final
GBA Norte,Showcase,Showcase Norte (Norcenter),"Colectora Panamericana 3750, Norcenter",Supergirl,2D Doblada,14:20,,,,https://cartelera.ar/pelicula/supergirl
GBA Norte,Showcase,Showcase Norte (Norcenter),"Colectora Panamericana 3750, Norcenter",Ice Cream Man,2D Doblada,13:45,,,,https://cartelera.ar/pelicula/ice-cream-man
GBA Norte,Showcase,Showcase Norte (Norcenter),"Colectora Panamericana 3750, Norcenter",Ice Cream Man,2D Doblada,15:50,,,,https://cartelera.ar/pelicula/ice-cream-man
GBA Norte,Showcase,Showcase Norte (Norcenter),"Colectora Panamericana 3750, Norcenter",Ice Cream Man,2D Subtitulada,20:15,,,,https://cartelera.ar/pelicula/ice-cream-man
GBA Norte,Showcase,Showcase Norte (Norcenter),"Colectora Panamericana 3750, Norcenter",Ice Cream Man,2D Subtitulada,22:40,,,,https://cartelera.ar/pelicula/ice-cream-man
GBA Norte,Showcase,Showcase Norte (Norcenter),"Colectora Panamericana 3750, Norcenter",La constelación del perro,2D Subtitulada,21:55,,,,https://cartelera.ar/pelicula/la-constelacion-del-perro
GBA Norte,Showcase,Showcase Norte (Norcenter),"Colectora Panamericana 3750, Norcenter",Moana,2D Doblada,16:45,,,,https://cartelera.ar/pelicula/moana
GBA Norte,Showcase,Showcase Norte (Norcenter),"Colectora Panamericana 3750, Norcenter",Coyote vs. Acme,2D Doblada,14:30,,,,https://cartelera.ar/pelicula/coyote-vs-acme
GBA Norte,Showcase,Showcase Norte (Norcenter),"Colectora Panamericana 3750, Norcenter",Coyote vs. Acme,2D Doblada,16:40,,,,https://cartelera.ar/pelicula/coyote-vs-acme
GBA Norte,Showcase,Showcase Norte (Norcenter),"Colectora Panamericana 3750, Norcenter",Coyote vs. Acme,2D Doblada,19:15,,,,https://cartelera.ar/pelicula/coyote-vs-acme
GBA Norte,Showcase,Showcase Norte (Norcenter),"Colectora Panamericana 3750, Norcenter",Yo Narciso,2D Doblada,15:15,,,,https://cartelera.ar/pelicula/yo-narciso
GBA Norte,Showcase,Showcase Norte (Norcenter),"Colectora Panamericana 3750, Norcenter",Yo Narciso,2D Doblada,17:35,,,,https://cartelera.ar/pelicula/yo-narciso
GBA Norte,Showcase,Showcase Norte (Norcenter),"Colectora Panamericana 3750, Norcenter",Yo Narciso,2D Doblada,20:00,,,,https://cartelera.ar/pelicula/yo-narciso
GBA Norte,Showcase,Showcase Norte (Norcenter),"Colectora Panamericana 3750, Norcenter",Yo Narciso,2D Doblada,22:15,,,,https://cartelera.ar/pelicula/yo-narciso
GBA Norte,Showcase,Showcase Norte (Norcenter),"Colectora Panamericana 3750, Norcenter",Oasis: Dont Look Back In Anger,2D Subtitulada,19:50,,,,https://cartelera.ar/pelicula/oasis-dont-look-back-in-anger
GBA Norte,Showcase,Showcase Norte (Norcenter),"Colectora Panamericana 3750, Norcenter",Tadeo : El Explorador Y La Lampara Maravillosa,2D Doblada,15:05,,,,https://cartelera.ar/pelicula/tadeo-el-explorador-y-la-lampara-maravillosa
GBA Norte,Showcase,Showcase Norte (Norcenter),"Colectora Panamericana 3750, Norcenter",Tadeo : El Explorador Y La Lampara Maravillosa,2D Doblada,17:20,,,,https://cartelera.ar/pelicula/tadeo-el-explorador-y-la-lampara-maravillosa
GBA Norte,Showcase,Showcase Norte (Norcenter),"Colectora Panamericana 3750, Norcenter",Tadeo : El Explorador Y La Lampara Maravillosa,2D Doblada,19:30,,,,https://cartelera.ar/pelicula/tadeo-el-explorador-y-la-lampara-maravillosa
GBA Oeste,Showcase,Showcase Haedo,"Av. Rivadavia 16.200, Shopping Haedo",Super Mario Galaxy: La Película,3D Doblada,15:00,,,,https://cartelera.ar/pelicula/super-mario-galaxy-la-pelicula
GBA Oeste,Showcase,Showcase Haedo,"Av. Rivadavia 16.200, Shopping Haedo",Michael,2D Doblada,19:25,,,,https://cartelera.ar/pelicula/michael
GBA Oeste,Showcase,Showcase Haedo,"Av. Rivadavia 16.200, Shopping Haedo",El Diablo Viste A La Moda 2,2D Doblada,20:00,,,,https://cartelera.ar/pelicula/el-diablo-viste-a-la-moda-2
GBA Oeste,Showcase,Showcase Haedo,"Av. Rivadavia 16.200, Shopping Haedo",Mandalorian & Grogu,3D Doblada,22:15,,,,https://cartelera.ar/pelicula/mandalorian-grogu
GBA Oeste,Showcase,Showcase Haedo,"Av. Rivadavia 16.200, Shopping Haedo",Obsesión,2D Subtitulada,22:10,,,,https://cartelera.ar/pelicula/obsesion
GBA Oeste,Showcase,Showcase Haedo,"Av. Rivadavia 16.200, Shopping Haedo",Afterburn (Zona cero),2D Doblada,16:40,,,,https://cartelera.ar/pelicula/afterburn-zona-cero
GBA Oeste,Showcase,Showcase Haedo,"Av. Rivadavia 16.200, Shopping Haedo",Afterburn (Zona cero),2D Subtitulada,22:40,,,,https://cartelera.ar/pelicula/afterburn-zona-cero
GBA Oeste,Showcase,Showcase Haedo,"Av. Rivadavia 16.200, Shopping Haedo",La Odisea,2D Doblada,15:25,,,,https://cartelera.ar/pelicula/la-odisea
GBA Oeste,Showcase,Showcase Haedo,"Av. Rivadavia 16.200, Shopping Haedo",La Odisea,2D Subtitulada,19:05,,,,https://cartelera.ar/pelicula/la-odisea
GBA Oeste,Showcase,Showcase Haedo,"Av. Rivadavia 16.200, Shopping Haedo",La Odisea,2D Doblada,22:05,,,,https://cartelera.ar/pelicula/la-odisea
GBA Oeste,Showcase,Showcase Haedo,"Av. Rivadavia 16.200, Shopping Haedo",Spider-Man: Un nuevo día,2D Doblada,15:30,,,,https://cartelera.ar/pelicula/spider-man-un-nuevo-dia
GBA Oeste,Showcase,Showcase Haedo,"Av. Rivadavia 16.200, Shopping Haedo",Spider-Man: Un nuevo día,3D Doblada,16:15,,,,https://cartelera.ar/pelicula/spider-man-un-nuevo-dia
GBA Oeste,Showcase,Showcase Haedo,"Av. Rivadavia 16.200, Shopping Haedo",Spider-Man: Un nuevo día,2D Doblada,19:00,,,,https://cartelera.ar/pelicula/spider-man-un-nuevo-dia
GBA Oeste,Showcase,Showcase Haedo,"Av. Rivadavia 16.200, Shopping Haedo",Spider-Man: Un nuevo día,3D Doblada,19:20,,,,https://cartelera.ar/pelicula/spider-man-un-nuevo-dia
GBA Oeste,Showcase,Showcase Haedo,"Av. Rivadavia 16.200, Shopping Haedo",Spider-Man: Un nuevo día,2D Subtitulada,22:00,,,,https://cartelera.ar/pelicula/spider-man-un-nuevo-dia
GBA Oeste,Showcase,Showcase Haedo,"Av. Rivadavia 16.200, Shopping Haedo",Spider-Man: Un nuevo día,2D Doblada,22:20,,,,https://cartelera.ar/pelicula/spider-man-un-nuevo-dia
GBA Oeste,Showcase,Showcase Haedo,"Av. Rivadavia 16.200, Shopping Haedo",Toy Story 5,3D Doblada,14:00,,,,https://cartelera.ar/pelicula/toy-story-5
GBA Oeste,Showcase,Showcase Haedo,"Av. Rivadavia 16.200, Shopping Haedo",Toy Story 5,2D Doblada,16:35,,,,https://cartelera.ar/pelicula/toy-story-5
GBA Oeste,Showcase,Showcase Haedo,"Av. Rivadavia 16.200, Shopping Haedo",Scary Movie,2D Doblada,19:15,,,,https://cartelera.ar/pelicula/scary-movie
GBA Oeste,Showcase,Showcase Haedo,"Av. Rivadavia 16.200, Shopping Haedo",El día de la revelación,2D Doblada,16:55,,,,https://cartelera.ar/pelicula/el-dia-de-la-revelacion
GBA Oeste,Showcase,Showcase Haedo,"Av. Rivadavia 16.200, Shopping Haedo",Minions & monstruos,2D Doblada,14:25,,,,https://cartelera.ar/pelicula/minions-monstruos
GBA Oeste,Showcase,Showcase Haedo,"Av. Rivadavia 16.200, Shopping Haedo",Amos del Universo,2D Doblada,14:05,,,,https://cartelera.ar/pelicula/amos-del-universo
GBA Oeste,Showcase,Showcase Haedo,"Av. Rivadavia 16.200, Shopping Haedo",El partido,2D Doblada,14:45,,,,https://cartelera.ar/pelicula/el-partido
GBA Oeste,Showcase,Showcase Haedo,"Av. Rivadavia 16.200, Shopping Haedo",El Final de la Calle Oak,2D Doblada,22:35,,,,https://cartelera.ar/pelicula/el-final-de-la-calle-oak
GBA Oeste,Showcase,Showcase Haedo,"Av. Rivadavia 16.200, Shopping Haedo",PAW Patrol: La Dino Película,2D Doblada,14:20,,,,https://cartelera.ar/pelicula/paw-patrol-la-dino-pelicula
GBA Oeste,Showcase,Showcase Haedo,"Av. Rivadavia 16.200, Shopping Haedo",La noche del demonio: Están entre nosotros,2D Doblada,14:15,,,,https://cartelera.ar/pelicula/la-noche-del-demonio-estan-entre-nosotros
GBA Oeste,Showcase,Showcase Haedo,"Av. Rivadavia 16.200, Shopping Haedo",La noche del demonio: Están entre nosotros,2D Doblada,17:20,,,,https://cartelera.ar/pelicula/la-noche-del-demonio-estan-entre-nosotros
GBA Oeste,Showcase,Showcase Haedo,"Av. Rivadavia 16.200, Shopping Haedo",La noche del demonio: Están entre nosotros,2D Doblada,22:25,,,,https://cartelera.ar/pelicula/la-noche-del-demonio-estan-entre-nosotros
GBA Oeste,Showcase,Showcase Haedo,"Av. Rivadavia 16.200, Shopping Haedo",Hechizo de amor: La magia continúa,2D Doblada,14:00,,,,https://cartelera.ar/pelicula/hechizo-de-amor-la-magia-continua
GBA Oeste,Showcase,Showcase Haedo,"Av. Rivadavia 16.200, Shopping Haedo",Hechizo de amor: La magia continúa,2D Doblada,16:50,,,,https://cartelera.ar/pelicula/hechizo-de-amor-la-magia-continua
GBA Oeste,Showcase,Showcase Haedo,"Av. Rivadavia 16.200, Shopping Haedo",Hechizo de amor: La magia continúa,2D Doblada,19:40,,,,https://cartelera.ar/pelicula/hechizo-de-amor-la-magia-continua
GBA Oeste,Showcase,Showcase Haedo,"Av. Rivadavia 16.200, Shopping Haedo",Hechizo de amor: La magia continúa,2D Subtitulada,22:30,,,,https://cartelera.ar/pelicula/hechizo-de-amor-la-magia-continua
GBA Oeste,Showcase,Showcase Haedo,"Av. Rivadavia 16.200, Shopping Haedo",Código: Venganza,2D Doblada,18:10,,,,https://cartelera.ar/pelicula/codigo-venganza
GBA Oeste,Showcase,Showcase Haedo,"Av. Rivadavia 16.200, Shopping Haedo",Código: Venganza,2D Doblada,21:45,,,,https://cartelera.ar/pelicula/codigo-venganza
GBA Oeste,Showcase,Showcase Haedo,"Av. Rivadavia 16.200, Shopping Haedo",Pepita la Pistolera,2D Doblada,17:05,,,,https://cartelera.ar/pelicula/pepita-la-pistolera
GBA Oeste,Showcase,Showcase Haedo,"Av. Rivadavia 16.200, Shopping Haedo",Pepita la Pistolera,2D Doblada,19:30,,,,https://cartelera.ar/pelicula/pepita-la-pistolera
GBA Oeste,Showcase,Showcase Haedo,"Av. Rivadavia 16.200, Shopping Haedo",Pepita la Pistolera,2D Doblada,21:55,,,,https://cartelera.ar/pelicula/pepita-la-pistolera
GBA Oeste,Showcase,Showcase Haedo,"Av. Rivadavia 16.200, Shopping Haedo",Terminator 2: El juicio final,2D Subtitulada,19:10,,,,https://cartelera.ar/pelicula/terminator-2-el-juicio-final
GBA Oeste,Showcase,Showcase Haedo,"Av. Rivadavia 16.200, Shopping Haedo",Supergirl,2D Doblada,14:35,,,,https://cartelera.ar/pelicula/supergirl
GBA Oeste,Showcase,Showcase Haedo,"Av. Rivadavia 16.200, Shopping Haedo",Ice Cream Man,2D Doblada,13:55,,,,https://cartelera.ar/pelicula/ice-cream-man
GBA Oeste,Showcase,Showcase Haedo,"Av. Rivadavia 16.200, Shopping Haedo",Ice Cream Man,2D Doblada,16:05,,,,https://cartelera.ar/pelicula/ice-cream-man
GBA Oeste,Showcase,Showcase Haedo,"Av. Rivadavia 16.200, Shopping Haedo",Ice Cream Man,2D Doblada,20:20,,,,https://cartelera.ar/pelicula/ice-cream-man
GBA Oeste,Showcase,Showcase Haedo,"Av. Rivadavia 16.200, Shopping Haedo",Ice Cream Man,2D Subtitulada,22:25,,,,https://cartelera.ar/pelicula/ice-cream-man
GBA Oeste,Showcase,Showcase Haedo,"Av. Rivadavia 16.200, Shopping Haedo",La constelación del perro,2D Subtitulada,22:05,,,,https://cartelera.ar/pelicula/la-constelacion-del-perro
GBA Oeste,Showcase,Showcase Haedo,"Av. Rivadavia 16.200, Shopping Haedo",Moana,2D Doblada,16:30,,,,https://cartelera.ar/pelicula/moana
GBA Oeste,Showcase,Showcase Haedo,"Av. Rivadavia 16.200, Shopping Haedo",Coyote vs. Acme,2D Doblada,14:10,,,,https://cartelera.ar/pelicula/coyote-vs-acme
GBA Oeste,Showcase,Showcase Haedo,"Av. Rivadavia 16.200, Shopping Haedo",Coyote vs. Acme,2D Doblada,16:45,,,,https://cartelera.ar/pelicula/coyote-vs-acme
GBA Oeste,Showcase,Showcase Haedo,"Av. Rivadavia 16.200, Shopping Haedo",Coyote vs. Acme,2D Doblada,19:10,,,,https://cartelera.ar/pelicula/coyote-vs-acme
GBA Oeste,Showcase,Showcase Haedo,"Av. Rivadavia 16.200, Shopping Haedo",Yo Narciso,2D Doblada,17:15,,,,https://cartelera.ar/pelicula/yo-narciso
GBA Oeste,Showcase,Showcase Haedo,"Av. Rivadavia 16.200, Shopping Haedo",Yo Narciso,2D Doblada,19:35,,,,https://cartelera.ar/pelicula/yo-narciso
GBA Oeste,Showcase,Showcase Haedo,"Av. Rivadavia 16.200, Shopping Haedo",Yo Narciso,2D Doblada,21:50,,,,https://cartelera.ar/pelicula/yo-narciso
GBA Oeste,Showcase,Showcase Haedo,"Av. Rivadavia 16.200, Shopping Haedo",Oasis: Dont Look Back In Anger,2D Subtitulada,19:45,,,,https://cartelera.ar/pelicula/oasis-dont-look-back-in-anger
GBA Oeste,Showcase,Showcase Haedo,"Av. Rivadavia 16.200, Shopping Haedo",Tadeo : El Explorador Y La Lampara Maravillosa,2D Doblada,15:20,,,,https://cartelera.ar/pelicula/tadeo-el-explorador-y-la-lampara-maravillosa
GBA Oeste,Showcase,Showcase Haedo,"Av. Rivadavia 16.200, Shopping Haedo",Tadeo : El Explorador Y La Lampara Maravillosa,2D Doblada,17:35,,,,https://cartelera.ar/pelicula/tadeo-el-explorador-y-la-lampara-maravillosa
GBA Oeste,Showcase,Showcase Haedo,"Av. Rivadavia 16.200, Shopping Haedo",Tadeo : El Explorador Y La Lampara Maravillosa,2D Doblada,19:55,,,,https://cartelera.ar/pelicula/tadeo-el-explorador-y-la-lampara-maravillosa
GBA Norte,Atlas Cines,Atlas Nordelta,"Av. de los Lagos 7008, Nordelta Centro Comercial",Michael,2D Subtitulada,22:30,,,,https://cartelera.ar/pelicula/michael
GBA Norte,Atlas Cines,Atlas Nordelta,"Av. de los Lagos 7008, Nordelta Centro Comercial",El Diablo Viste A La Moda 2,2D Subtitulada,16:40,,,,https://cartelera.ar/pelicula/el-diablo-viste-a-la-moda-2
GBA Norte,Atlas Cines,Atlas Nordelta,"Av. de los Lagos 7008, Nordelta Centro Comercial",La invitación,2D Subtitulada,19:00,,,,https://cartelera.ar/pelicula/la-invitacion
GBA Norte,Atlas Cines,Atlas Nordelta,"Av. de los Lagos 7008, Nordelta Centro Comercial",La Odisea,2D Subtitulada,21:30,,,,https://cartelera.ar/pelicula/la-odisea
GBA Norte,Atlas Cines,Atlas Nordelta,"Av. de los Lagos 7008, Nordelta Centro Comercial",Spider-Man: Un nuevo día,2D Doblada,16:30,,,,https://cartelera.ar/pelicula/spider-man-un-nuevo-dia
GBA Norte,Atlas Cines,Atlas Nordelta,"Av. de los Lagos 7008, Nordelta Centro Comercial",Spider-Man: Un nuevo día,2D Subtitulada,21:50,,,,https://cartelera.ar/pelicula/spider-man-un-nuevo-dia
GBA Norte,Atlas Cines,Atlas Nordelta,"Av. de los Lagos 7008, Nordelta Centro Comercial",Minions & monstruos,2D Doblada,16:50,,,,https://cartelera.ar/pelicula/minions-monstruos
GBA Norte,Atlas Cines,Atlas Nordelta,"Av. de los Lagos 7008, Nordelta Centro Comercial",PAW Patrol: La Dino Película,2D Doblada,15:40,,,,https://cartelera.ar/pelicula/paw-patrol-la-dino-pelicula
GBA Norte,Atlas Cines,Atlas Nordelta,"Av. de los Lagos 7008, Nordelta Centro Comercial",Código: Venganza,2D Doblada,22:40,,,,https://cartelera.ar/pelicula/codigo-venganza
GBA Norte,Atlas Cines,Atlas Nordelta,"Av. de los Lagos 7008, Nordelta Centro Comercial",Pepita la Pistolera,2D Doblada,19:30,,,,https://cartelera.ar/pelicula/pepita-la-pistolera
GBA Norte,Atlas Cines,Atlas Nordelta,"Av. de los Lagos 7008, Nordelta Centro Comercial",Coyote vs. Acme,2D Doblada,14:20,,,,https://cartelera.ar/pelicula/coyote-vs-acme
GBA Norte,Atlas Cines,Atlas Nordelta,"Av. de los Lagos 7008, Nordelta Centro Comercial",Coyote vs. Acme,2D Doblada,17:50,,,,https://cartelera.ar/pelicula/coyote-vs-acme
GBA Norte,Atlas Cines,Atlas Nordelta,"Av. de los Lagos 7008, Nordelta Centro Comercial",Yo Narciso,2D Doblada,20:20,,,,https://cartelera.ar/pelicula/yo-narciso
GBA Norte,Atlas Cines,Atlas Nordelta,"Av. de los Lagos 7008, Nordelta Centro Comercial",Prácticamente magia 2,2D Subtitulada,19:10,,,,https://cartelera.ar/pelicula/practicamente-magia-2
GBA Norte,Atlas Cines,Atlas Nordelta,"Av. de los Lagos 7008, Nordelta Centro Comercial",Prácticamente magia 2,2D Subtitulada,22:00,,,,https://cartelera.ar/pelicula/practicamente-magia-2
GBA Norte,Atlas Cines,Atlas Nordelta,"Av. de los Lagos 7008, Nordelta Centro Comercial",Oasis: Dont Look Back In Anger,2D Subtitulada,20:00,,,,https://cartelera.ar/pelicula/oasis-dont-look-back-in-anger
GBA Norte,Atlas Cines,Atlas Nordelta,"Av. de los Lagos 7008, Nordelta Centro Comercial",Tadeo el Explorador y la Lampa,2D Doblada,14:00,,,,https://cartelera.ar/pelicula/tadeo-el-explorador-y-la-lampa
GBA Norte,Atlas Cines,Atlas Nordelta,"Av. de los Lagos 7008, Nordelta Centro Comercial",Tadeo el Explorador y la Lampa,2D Doblada,16:00,,,,https://cartelera.ar/pelicula/tadeo-el-explorador-y-la-lampa
GBA Norte,Atlas Cines,Atlas Nordelta,"Av. de los Lagos 7008, Nordelta Centro Comercial",Tadeo el Explorador y la Lampa,2D Doblada,18:10,,,,https://cartelera.ar/pelicula/tadeo-el-explorador-y-la-lampa
CABA,Atlas Cines,Atlas Liniers,"Av. Rivadavia 11177, Liniers",Afterburn (Zona cero),2D Doblada,21:30,,,,https://cartelera.ar/pelicula/afterburn-zona-cero
CABA,Atlas Cines,Atlas Liniers,"Av. Rivadavia 11177, Liniers",Spider-Man: Un nuevo día,2D Doblada,18:20,,,,https://cartelera.ar/pelicula/spider-man-un-nuevo-dia
CABA,Atlas Cines,Atlas Liniers,"Av. Rivadavia 11177, Liniers",Toy Story 5,2D Doblada,14:00,,,,https://cartelera.ar/pelicula/toy-story-5
CABA,Atlas Cines,Atlas Liniers,"Av. Rivadavia 11177, Liniers",Minions & monstruos,2D Doblada,16:20,,,,https://cartelera.ar/pelicula/minions-monstruos
CABA,Atlas Cines,Atlas Liniers,"Av. Rivadavia 11177, Liniers",Código: Venganza,2D Doblada,19:40,,,,https://cartelera.ar/pelicula/codigo-venganza
CABA,Atlas Cines,Atlas Liniers,"Av. Rivadavia 11177, Liniers",Código: Venganza,2D Doblada,21:50,,,,https://cartelera.ar/pelicula/codigo-venganza
CABA,Atlas Cines,Atlas Liniers,"Av. Rivadavia 11177, Liniers",Ice Cream Man,2D Doblada,20:10,,,,https://cartelera.ar/pelicula/ice-cream-man
CABA,Atlas Cines,Atlas Liniers,"Av. Rivadavia 11177, Liniers",Ice Cream Man,2D Doblada,22:10,,,,https://cartelera.ar/pelicula/ice-cream-man
CABA,Atlas Cines,Atlas Liniers,"Av. Rivadavia 11177, Liniers",Coyote vs. Acme,2D Doblada,14:20,,,,https://cartelera.ar/pelicula/coyote-vs-acme
CABA,Atlas Cines,Atlas Liniers,"Av. Rivadavia 11177, Liniers",Coyote vs. Acme,2D Doblada,16:50,,,,https://cartelera.ar/pelicula/coyote-vs-acme
CABA,Atlas Cines,Atlas Liniers,"Av. Rivadavia 11177, Liniers",Coyote vs. Acme,2D Doblada,19:10,,,,https://cartelera.ar/pelicula/coyote-vs-acme
CABA,Atlas Cines,Atlas Liniers,"Av. Rivadavia 11177, Liniers",Prácticamente magia 2,2D Doblada,17:00,,,,https://cartelera.ar/pelicula/practicamente-magia-2
CABA,Atlas Cines,Atlas Liniers,"Av. Rivadavia 11177, Liniers",Prácticamente magia 2,2D Doblada,21:20,,,,https://cartelera.ar/pelicula/practicamente-magia-2
CABA,Atlas Cines,Atlas Liniers,"Av. Rivadavia 11177, Liniers",Tadeo el Explorador y la Lampa,2D Doblada,14:50,,,,https://cartelera.ar/pelicula/tadeo-el-explorador-y-la-lampa
CABA,Atlas Cines,Atlas Liniers,"Av. Rivadavia 11177, Liniers",Tadeo el Explorador y la Lampa,2D Doblada,16:00,,,,https://cartelera.ar/pelicula/tadeo-el-explorador-y-la-lampa
CABA,Atlas Cines,Atlas Liniers,"Av. Rivadavia 11177, Liniers",Tadeo el Explorador y la Lampa,2D Doblada,18:00,,,,https://cartelera.ar/pelicula/tadeo-el-explorador-y-la-lampa
CABA,Atlas Cines,Atlas Flores,"Rivera Indarte 44, Flores",La Odisea,2D Doblada,18:30,,,,https://cartelera.ar/pelicula/la-odisea
CABA,Atlas Cines,Atlas Flores,"Rivera Indarte 44, Flores",Spider-Man: Un nuevo día,2D Doblada,15:30,,,,https://cartelera.ar/pelicula/spider-man-un-nuevo-dia
CABA,Atlas Cines,Atlas Flores,"Rivera Indarte 44, Flores",Spider-Man: Un nuevo día,2D Doblada,17:20,,,,https://cartelera.ar/pelicula/spider-man-un-nuevo-dia
CABA,Atlas Cines,Atlas Flores,"Rivera Indarte 44, Flores",Toy Story 5,2D Doblada,14:00,,,,https://cartelera.ar/pelicula/toy-story-5
CABA,Atlas Cines,Atlas Flores,"Rivera Indarte 44, Flores",Backrooms,2D Doblada,16:10,,,,https://cartelera.ar/pelicula/backrooms
CABA,Atlas Cines,Atlas Flores,"Rivera Indarte 44, Flores",Código: Venganza,2D Doblada,20:20,,,,https://cartelera.ar/pelicula/codigo-venganza
CABA,Atlas Cines,Atlas Flores,"Rivera Indarte 44, Flores",Código: Venganza,2D Doblada,22:30,,,,https://cartelera.ar/pelicula/codigo-venganza
CABA,Atlas Cines,Atlas Flores,"Rivera Indarte 44, Flores",Pepita la Pistolera,2D Doblada,15:00,,,,https://cartelera.ar/pelicula/pepita-la-pistolera
CABA,Atlas Cines,Atlas Flores,"Rivera Indarte 44, Flores",Ice Cream Man,2D Doblada,20:50,,,,https://cartelera.ar/pelicula/ice-cream-man
CABA,Atlas Cines,Atlas Flores,"Rivera Indarte 44, Flores",Ice Cream Man,2D Doblada,22:50,,,,https://cartelera.ar/pelicula/ice-cream-man
CABA,Atlas Cines,Atlas Flores,"Rivera Indarte 44, Flores",Coyote vs. Acme,2D Doblada,15:10,,,,https://cartelera.ar/pelicula/coyote-vs-acme
CABA,Atlas Cines,Atlas Flores,"Rivera Indarte 44, Flores",Coyote vs. Acme,2D Doblada,17:40,,,,https://cartelera.ar/pelicula/coyote-vs-acme
CABA,Atlas Cines,Atlas Flores,"Rivera Indarte 44, Flores",Coyote vs. Acme,2D Doblada,20:00,,,,https://cartelera.ar/pelicula/coyote-vs-acme
CABA,Atlas Cines,Atlas Flores,"Rivera Indarte 44, Flores",Insidious: Fuera del más allá,2D Doblada,22:20,,,,https://cartelera.ar/pelicula/insidious-fuera-del-mas-alla
CABA,Atlas Cines,Atlas Flores,"Rivera Indarte 44, Flores",Prácticamente magia 2,2D Doblada,19:30,,,,https://cartelera.ar/pelicula/practicamente-magia-2
CABA,Atlas Cines,Atlas Flores,"Rivera Indarte 44, Flores",Prácticamente magia 2,2D Doblada,22:20,,,,https://cartelera.ar/pelicula/practicamente-magia-2
CABA,Atlas Cines,Atlas Flores,"Rivera Indarte 44, Flores",Lu & Pau,2D Doblada,22:00,,,,https://cartelera.ar/pelicula/lu-pau
CABA,Atlas Cines,Atlas Flores,"Rivera Indarte 44, Flores",Tadeo el Explorador y la Lampa,2D Doblada,15:10,,,,https://cartelera.ar/pelicula/tadeo-el-explorador-y-la-lampa
CABA,Atlas Cines,Atlas Flores,"Rivera Indarte 44, Flores",Tadeo el Explorador y la Lampa,2D Doblada,17:20,,,,https://cartelera.ar/pelicula/tadeo-el-explorador-y-la-lampa
CABA,Atlas Cines,Atlas Flores,"Rivera Indarte 44, Flores",Tadeo el Explorador y la Lampa,2D Doblada,18:50,,,,https://cartelera.ar/pelicula/tadeo-el-explorador-y-la-lampa
GBA Sur,Atlas Cines,Atlas Catan,"Camino de Cintura 2727, Shopping Catan",Super Mario Galaxy: La Película,2D Doblada,15:00,,,,https://cartelera.ar/pelicula/super-mario-galaxy-la-pelicula
GBA Sur,Atlas Cines,Atlas Catan,"Camino de Cintura 2727, Shopping Catan",Mortal Kombat 2,2D Doblada,17:20,,,,https://cartelera.ar/pelicula/mortal-kombat-2
GBA Sur,Atlas Cines,Atlas Catan,"Camino de Cintura 2727, Shopping Catan",Afterburn (Zona cero),2D Doblada,21:50,,,,https://cartelera.ar/pelicula/afterburn-zona-cero
GBA Sur,Atlas Cines,Atlas Catan,"Camino de Cintura 2727, Shopping Catan",Spider-Man: Un nuevo día,4DX Doblada,18:10,,,,https://cartelera.ar/pelicula/spider-man-un-nuevo-dia
GBA Sur,Atlas Cines,Atlas Catan,"Camino de Cintura 2727, Shopping Catan",Spider-Man: Un nuevo día,2D Doblada,19:10,,,,https://cartelera.ar/pelicula/spider-man-un-nuevo-dia
GBA Sur,Atlas Cines,Atlas Catan,"Camino de Cintura 2727, Shopping Catan",Spider-Man: Un nuevo día,4DX Doblada,21:10,,,,https://cartelera.ar/pelicula/spider-man-un-nuevo-dia
GBA Sur,Atlas Cines,Atlas Catan,"Camino de Cintura 2727, Shopping Catan",Toy Story 5,4DX Doblada,15:50,,,,https://cartelera.ar/pelicula/toy-story-5
GBA Sur,Atlas Cines,Atlas Catan,"Camino de Cintura 2727, Shopping Catan",Toy Story 5,2D Doblada,15:50,,,,https://cartelera.ar/pelicula/toy-story-5
GBA Sur,Atlas Cines,Atlas Catan,"Camino de Cintura 2727, Shopping Catan",Scary Movie,2D Doblada,19:50,,,,https://cartelera.ar/pelicula/scary-movie
GBA Sur,Atlas Cines,Atlas Catan,"Camino de Cintura 2727, Shopping Catan",Minions & monstruos,2D Doblada,14:50,,,,https://cartelera.ar/pelicula/minions-monstruos
GBA Sur,Atlas Cines,Atlas Catan,"Camino de Cintura 2727, Shopping Catan",Código: Venganza,2D Doblada,20:10,,,,https://cartelera.ar/pelicula/codigo-venganza
GBA Sur,Atlas Cines,Atlas Catan,"Camino de Cintura 2727, Shopping Catan",Código: Venganza,2D Doblada,22:20,,,,https://cartelera.ar/pelicula/codigo-venganza
GBA Sur,Atlas Cines,Atlas Catan,"Camino de Cintura 2727, Shopping Catan",Ice Cream Man,2D Doblada,18:10,,,,https://cartelera.ar/pelicula/ice-cream-man
GBA Sur,Atlas Cines,Atlas Catan,"Camino de Cintura 2727, Shopping Catan",Ice Cream Man,2D Doblada,20:40,,,,https://cartelera.ar/pelicula/ice-cream-man
GBA Sur,Atlas Cines,Atlas Catan,"Camino de Cintura 2727, Shopping Catan",Ice Cream Man,2D Doblada,22:40,,,,https://cartelera.ar/pelicula/ice-cream-man
GBA Sur,Atlas Cines,Atlas Catan,"Camino de Cintura 2727, Shopping Catan",Coyote vs. Acme,2D Doblada,14:40,,,,https://cartelera.ar/pelicula/coyote-vs-acme
GBA Sur,Atlas Cines,Atlas Catan,"Camino de Cintura 2727, Shopping Catan",Coyote vs. Acme,2D Doblada,17:00,,,,https://cartelera.ar/pelicula/coyote-vs-acme
GBA Sur,Atlas Cines,Atlas Catan,"Camino de Cintura 2727, Shopping Catan",Insidious: Fuera del más allá,2D Doblada,16:50,,,,https://cartelera.ar/pelicula/insidious-fuera-del-mas-alla
GBA Sur,Atlas Cines,Atlas Catan,"Camino de Cintura 2727, Shopping Catan",Insidious: Fuera del más allá,2D Doblada,22:10,,,,https://cartelera.ar/pelicula/insidious-fuera-del-mas-alla
GBA Sur,Atlas Cines,Atlas Catan,"Camino de Cintura 2727, Shopping Catan",Prácticamente magia 2,2D Doblada,19:20,,,,https://cartelera.ar/pelicula/practicamente-magia-2
GBA Sur,Atlas Cines,Atlas Catan,"Camino de Cintura 2727, Shopping Catan",Prácticamente magia 2,2D Doblada,22:00,,,,https://cartelera.ar/pelicula/practicamente-magia-2
GBA Sur,Atlas Cines,Atlas Catan,"Camino de Cintura 2727, Shopping Catan",Tadeo el Explorador y la Lampa,2D Doblada,14:10,,,,https://cartelera.ar/pelicula/tadeo-el-explorador-y-la-lampa
GBA Sur,Atlas Cines,Atlas Catan,"Camino de Cintura 2727, Shopping Catan",Tadeo el Explorador y la Lampa,2D Doblada,16:20,,,,https://cartelera.ar/pelicula/tadeo-el-explorador-y-la-lampa
GBA Sur,Atlas Cines,Atlas Catan,"Camino de Cintura 2727, Shopping Catan",Tadeo el Explorador y la Lampa,2D Doblada,18:30,,,,https://cartelera.ar/pelicula/tadeo-el-explorador-y-la-lampa
CABA,Cine Independiente,Cine Gaumont,"Av. Rivadavia 1635, Congreso",La invitación,2D Subtitulada,22:00,,,,https://cartelera.ar/pelicula/la-invitacion
CABA,Cine Independiente,Cine Gaumont,"Av. Rivadavia 1635, Congreso",Los domingos,2D Doblada,14:15,,,,https://cartelera.ar/pelicula/los-domingos
CABA,Cine Independiente,Cine Gaumont,"Av. Rivadavia 1635, Congreso",Los domingos,2D Doblada,19:00,,,,https://cartelera.ar/pelicula/los-domingos
CABA,Cine Independiente,Cine Gaumont,"Av. Rivadavia 1635, Congreso",Pepita la Pistolera,2D Doblada,21:45,,,,https://cartelera.ar/pelicula/pepita-la-pistolera
CABA,Cine Independiente,Cine Gaumont,"Av. Rivadavia 1635, Congreso",Canelones,2D Doblada,17:00,,,,https://cartelera.ar/pelicula/canelones
CABA,Cine Independiente,Cine Gaumont,"Av. Rivadavia 1635, Congreso",Yo Narciso,2D Doblada,14:45,,,,https://cartelera.ar/pelicula/yo-narciso
CABA,Cine Independiente,Cine Gaumont,"Av. Rivadavia 1635, Congreso",Lu & Pau,2D Doblada,16:45,,,,https://cartelera.ar/pelicula/lu-pau
CABA,Cine Independiente,Cine Gaumont,"Av. Rivadavia 1635, Congreso",La imagen Santa,2D Doblada,14:30,,,,https://cartelera.ar/pelicula/la-imagen-santa
CABA,Cine Independiente,Cine Gaumont,"Av. Rivadavia 1635, Congreso",La imagen Santa,2D Doblada,19:15,,,,https://cartelera.ar/pelicula/la-imagen-santa
CABA,Cine Independiente,Cine Gaumont,"Av. Rivadavia 1635, Congreso",Romeo & Ofelia,2D Doblada,21:30,,,,https://cartelera.ar/pelicula/romeo-ofelia
CABA,Cine Independiente,Cine Gaumont,"Av. Rivadavia 1635, Congreso",Maratón Audiovisual de Fundación SAGAI 2,2D Doblada,16:30,,,,https://cartelera.ar/pelicula/maraton-audiovisual-de-fundacion-sagai-2
CABA,Cine Independiente,Cine Gaumont,"Av. Rivadavia 1635, Congreso",Cemetery of Splendour,2D Subtitulada,19:30,,,,https://cartelera.ar/pelicula/cemetery-of-splendour
CABA,Atlas Cines,Atlas Alcorta,"Jerónimo Salguero 3172, Alcorta Shopping",La invitación,2D Subtitulada,19:40,,,,https://cartelera.ar/pelicula/la-invitacion
CABA,Atlas Cines,Atlas Alcorta,"Jerónimo Salguero 3172, Alcorta Shopping",PAW Patrol: La Dino Película,2D Doblada,15:10,,,,https://cartelera.ar/pelicula/paw-patrol-la-dino-pelicula
CABA,Atlas Cines,Atlas Alcorta,"Jerónimo Salguero 3172, Alcorta Shopping",Coyote vs. Acme,2D Doblada,17:20,,,,https://cartelera.ar/pelicula/coyote-vs-acme
CABA,Atlas Cines,Atlas Alcorta,"Jerónimo Salguero 3172, Alcorta Shopping",Prácticamente magia 2,2D Subtitulada,18:50,,,,https://cartelera.ar/pelicula/practicamente-magia-2
CABA,Atlas Cines,Atlas Alcorta,"Jerónimo Salguero 3172, Alcorta Shopping",Prácticamente magia 2,2D Subtitulada,21:40,,,,https://cartelera.ar/pelicula/practicamente-magia-2
CABA,Atlas Cines,Atlas Alcorta,"Jerónimo Salguero 3172, Alcorta Shopping",Oasis: Dont Look Back In Anger,2D Subtitulada,22:00,,,,https://cartelera.ar/pelicula/oasis-dont-look-back-in-anger
CABA,Atlas Cines,Atlas Alcorta,"Jerónimo Salguero 3172, Alcorta Shopping",Tadeo el Explorador y la Lampa,2D Doblada,14:30,,,,https://cartelera.ar/pelicula/tadeo-el-explorador-y-la-lampa
CABA,Atlas Cines,Atlas Alcorta,"Jerónimo Salguero 3172, Alcorta Shopping",Tadeo el Explorador y la Lampa,2D Doblada,16:40,,,,https://cartelera.ar/pelicula/tadeo-el-explorador-y-la-lampa
CABA,Atlas Cines,Atlas Patio Bullrich,"Av. del Libertador 750, Patio Bullrich",Los Colores Del Tiempo,2D Subtitulada,16:20,,,,https://cartelera.ar/pelicula/los-colores-del-tiempo
CABA,Atlas Cines,Atlas Patio Bullrich,"Av. del Libertador 750, Patio Bullrich",Los Colores Del Tiempo,2D Subtitulada,18:50,,,,https://cartelera.ar/pelicula/los-colores-del-tiempo
CABA,Atlas Cines,Atlas Patio Bullrich,"Av. del Libertador 750, Patio Bullrich",La invitación,2D Subtitulada,17:10,,,,https://cartelera.ar/pelicula/la-invitacion
CABA,Atlas Cines,Atlas Patio Bullrich,"Av. del Libertador 750, Patio Bullrich",La invitación,2D Subtitulada,21:40,,,,https://cartelera.ar/pelicula/la-invitacion
CABA,Atlas Cines,Atlas Patio Bullrich,"Av. del Libertador 750, Patio Bullrich",Una quinta en Portugal,2D Doblada,16:40,,,,https://cartelera.ar/pelicula/una-quinta-en-portugal
CABA,Atlas Cines,Atlas Patio Bullrich,"Av. del Libertador 750, Patio Bullrich",Una quinta en Portugal,2D Doblada,21:50,,,,https://cartelera.ar/pelicula/una-quinta-en-portugal
CABA,Atlas Cines,Atlas Patio Bullrich,"Av. del Libertador 750, Patio Bullrich",Pepita la Pistolera,2D Doblada,19:30,,,,https://cartelera.ar/pelicula/pepita-la-pistolera
CABA,Atlas Cines,Atlas Patio Bullrich,"Av. del Libertador 750, Patio Bullrich",Canelones,2D Doblada,21:30,,,,https://cartelera.ar/pelicula/canelones
CABA,Atlas Cines,Atlas Patio Bullrich,"Av. del Libertador 750, Patio Bullrich",El Gran Falsificador,2D Subtitulada,19:10,,,,https://cartelera.ar/pelicula/el-gran-falsificador
CABA,Atlas Cines,Atlas Patio Bullrich,"Av. del Libertador 750, Patio Bullrich",Prácticamente magia 2,2D Subtitulada,16:00,,,,https://cartelera.ar/pelicula/practicamente-magia-2
CABA,Atlas Cines,Atlas Patio Bullrich,"Av. del Libertador 750, Patio Bullrich",Prácticamente magia 2,2D Subtitulada,18:30,,,,https://cartelera.ar/pelicula/practicamente-magia-2
CABA,Atlas Cines,Atlas Patio Bullrich,"Av. del Libertador 750, Patio Bullrich",Prácticamente magia 2,2D Subtitulada,21:10,,,,https://cartelera.ar/pelicula/practicamente-magia-2
CABA,Cine Independiente,CineArte Cacodelphia,"Roque Sáenz Peña 1150, Buenos Aires",Los Colores Del Tiempo,2D Subtitulada,18:20,,,,https://cartelera.ar/pelicula/los-colores-del-tiempo
CABA,Cine Independiente,CineArte Cacodelphia,"Roque Sáenz Peña 1150, Buenos Aires",Afterburn (Zona cero),2D Subtitulada,20:50,,,,https://cartelera.ar/pelicula/afterburn-zona-cero
CABA,Cine Independiente,CineArte Cacodelphia,"Roque Sáenz Peña 1150, Buenos Aires",La invitación,2D Subtitulada,16:50,,,,https://cartelera.ar/pelicula/la-invitacion
CABA,Cine Independiente,CineArte Cacodelphia,"Roque Sáenz Peña 1150, Buenos Aires",Una quinta en Portugal,2D Doblada,16:30,,,,https://cartelera.ar/pelicula/una-quinta-en-portugal
CABA,Cine Independiente,CineArte Cacodelphia,"Roque Sáenz Peña 1150, Buenos Aires","Adolescencia, Sexo y Muerte en Campamento Miasma",2D Subtitulada,20:40,,,,https://cartelera.ar/pelicula/adolescencia-sexo-y-muerte-en-campamento-miasma
CABA,Cine Independiente,CineArte Cacodelphia,"Roque Sáenz Peña 1150, Buenos Aires",Esa cosa con alas,2D Subtitulada,16:20,,,,https://cartelera.ar/pelicula/esa-cosa-con-alas
CABA,Cine Independiente,CineArte Cacodelphia,"Roque Sáenz Peña 1150, Buenos Aires",Nazareno Cruz y el Lobo,2D Doblada,19:00,,,,https://cartelera.ar/pelicula/nazareno-cruz-y-el-lobo
CABA,Cine Independiente,CineArte Cacodelphia,"Roque Sáenz Peña 1150, Buenos Aires",Nazareno Cruz y el Lobo,2D Doblada,19:10,,,,https://cartelera.ar/pelicula/nazareno-cruz-y-el-lobo
CABA,Cine Independiente,CineArte Cacodelphia,"Roque Sáenz Peña 1150, Buenos Aires",Nazareno Cruz y el Lobo,2D Doblada,21:00,,,,https://cartelera.ar/pelicula/nazareno-cruz-y-el-lobo
,Cinemark Hoyts,DOT,,SPIDER-MAN: UN NUEVO DÍA,4D 3D Subtitulada,12:00,,,,https://www.cinemark.com.ar/peliculas/spider-man-un-nuevo-dia
,Cinemark Hoyts,DOT,,SPIDER-MAN: UN NUEVO DÍA,XD 2D Doblada,12:20,,,,https://www.cinemark.com.ar/peliculas/spider-man-un-nuevo-dia
,Cinemark Hoyts,DOT,,SPIDER-MAN: UN NUEVO DÍA,4D 3D Subtitulada,15:10,,,,https://www.cinemark.com.ar/peliculas/spider-man-un-nuevo-dia
,Cinemark Hoyts,DOT,,SPIDER-MAN: UN NUEVO DÍA,XD 2D Subtitulada,15:40,,,,https://www.cinemark.com.ar/peliculas/spider-man-un-nuevo-dia
,Cinemark Hoyts,DOT,,SPIDER-MAN: UN NUEVO DÍA,4D 3D Subtitulada,18:20,,,,https://www.cinemark.com.ar/peliculas/spider-man-un-nuevo-dia
,Cinemark Hoyts,DOT,,SPIDER-MAN: UN NUEVO DÍA,XD 2D Subtitulada,18:50,,,,https://www.cinemark.com.ar/peliculas/spider-man-un-nuevo-dia
,Cinemark Hoyts,DOT,,SPIDER-MAN: UN NUEVO DÍA,4D 3D Subtitulada,21:40,,,,https://www.cinemark.com.ar/peliculas/spider-man-un-nuevo-dia
,Cinemark Hoyts,DOT,,SPIDER-MAN: UN NUEVO DÍA,2D Subtitulada,22:50,,,,https://www.cinemark.com.ar/peliculas/spider-man-un-nuevo-dia
,Cinemark Hoyts,DOT,,TOY STORY 5,2D Doblada,12:10,,,,https://www.cinemark.com.ar/peliculas/toy-story-5
,Cinemark Hoyts,DOT,,"YO, NARCISO",PREMIER 2D Doblada,12:20,,,,https://www.cinemark.com.ar/peliculas/yo-narciso
,Cinemark Hoyts,DOT,,"YO, NARCISO",2D Doblada,14:40,,,,https://www.cinemark.com.ar/peliculas/yo-narciso
,Cinemark Hoyts,DOT,,"YO, NARCISO",PREMIER 2D Doblada,17:40,,,,https://www.cinemark.com.ar/peliculas/yo-narciso
,Cinemark Hoyts,DOT,,"YO, NARCISO",2D Doblada,19:30,,,,https://www.cinemark.com.ar/peliculas/yo-narciso
,Cinemark Hoyts,DOT,,"YO, NARCISO",PREMIER 2D Doblada,22:30,,,,https://www.cinemark.com.ar/peliculas/yo-narciso
,Cinemark Hoyts,DOT,,TADEO EL EXPLORADOR Y LA LAMPARA,2D Doblada,12:30,,,,https://www.cinemark.com.ar/peliculas/tadeo-el-explorador-y-la-lampara-maravillosa
,Cinemark Hoyts,DOT,,TADEO EL EXPLORADOR Y LA LAMPARA,2D Doblada,14:50,,,,https://www.cinemark.com.ar/peliculas/tadeo-el-explorador-y-la-lampara-maravillosa
,Cinemark Hoyts,DOT,,TADEO EL EXPLORADOR Y LA LAMPARA,2D Doblada,17:30,,,,https://www.cinemark.com.ar/peliculas/tadeo-el-explorador-y-la-lampara-maravillosa
,Cinemark Hoyts,DOT,,PAW PATROL: LA DINO PELÍCULA,2D Doblada,12:40,,,,https://www.cinemark.com.ar/peliculas/paw-patrol-la-dino-pelicula
,Cinemark Hoyts,DOT,,COYOTE VS ACME,2D Doblada,13:00,,,,https://www.cinemark.com.ar/peliculas/coyote-vs-acme
,Cinemark Hoyts,DOT,,COYOTE VS ACME,2D Doblada,15:30,,,,https://www.cinemark.com.ar/peliculas/coyote-vs-acme
,Cinemark Hoyts,DOT,,COYOTE VS ACME,2D Doblada,17:20,,,,https://www.cinemark.com.ar/peliculas/coyote-vs-acme
,Cinemark Hoyts,DOT,,COYOTE VS ACME,2D Doblada,20:20,,,,https://www.cinemark.com.ar/peliculas/coyote-vs-acme
,Cinemark Hoyts,DOT,,LA ODISEA,PREMIER 2D Subtitulada,13:20,,,,https://www.cinemark.com.ar/peliculas/la-odisea
,Cinemark Hoyts,DOT,,LA ODISEA,PREMIER 2D Subtitulada,17:00,,,,https://www.cinemark.com.ar/peliculas/la-odisea
,Cinemark Hoyts,DOT,,LA ODISEA,2D Subtitulada,19:10,,,,https://www.cinemark.com.ar/peliculas/la-odisea
,Cinemark Hoyts,DOT,,LA ODISEA,PREMIER 2D Subtitulada,21:30,,,,https://www.cinemark.com.ar/peliculas/la-odisea
,Cinemark Hoyts,DOT,,LA ODISEA,XD 2D Subtitulada,22:10,,,,https://www.cinemark.com.ar/peliculas/la-odisea
,Cinemark Hoyts,DOT,,RÁPIDO Y FURIOSO: 25 ANIVERSARIO,2D Doblada,13:20,,,,https://www.cinemark.com.ar/peliculas/rapido-y-furioso-25-aniversario
,Cinemark Hoyts,DOT,,SHREK: 25 ANIVERSARIO,2D Doblada,13:50,,,,https://www.cinemark.com.ar/peliculas/shrek-25-aniversario
,Cinemark Hoyts,DOT,,EL HELADERO,2D Subtitulada,15:00,,,,https://www.cinemark.com.ar/peliculas/el-heladero-dulce-sabor-a-muerte
,Cinemark Hoyts,DOT,,EL HELADERO,2D Subtitulada,23:10,,,,https://www.cinemark.com.ar/peliculas/el-heladero-dulce-sabor-a-muerte
,Cinemark Hoyts,DOT,,PEPITA LA PISTOLERA,PREMIER 2D Doblada,15:00,,,,https://www.cinemark.com.ar/peliculas/pepita-la-pistolera
,Cinemark Hoyts,DOT,,PEPITA LA PISTOLERA,PREMIER 2D Doblada,20:00,,,,https://www.cinemark.com.ar/peliculas/pepita-la-pistolera
,Cinemark Hoyts,DOT,,HECHIZO DE AMOR: LA MAGIA CONTINUA,2D Subtitulada,16:00,,,,https://www.cinemark.com.ar/peliculas/hechizo-de-amor-la-magia-continua
,Cinemark Hoyts,DOT,,HECHIZO DE AMOR: LA MAGIA CONTINUA,2D Subtitulada,19:00,,,,https://www.cinemark.com.ar/peliculas/hechizo-de-amor-la-magia-continua
,Cinemark Hoyts,DOT,,HECHIZO DE AMOR: LA MAGIA CONTINUA,2D Subtitulada,22:00,,,,https://www.cinemark.com.ar/peliculas/hechizo-de-amor-la-magia-continua
,Cinemark Hoyts,DOT,,OASIS: DON´T LOOK BACK IN ANGER,2D Subtitulada,16:20,,,,https://www.cinemark.com.ar/peliculas/oasis-don-t-look-back-in-anger
,Cinemark Hoyts,DOT,,OASIS: DON´T LOOK BACK IN ANGER,2D Subtitulada,20:00,,,,https://www.cinemark.com.ar/peliculas/oasis-don-t-look-back-in-anger
,Cinemark Hoyts,DOT,,CÓDIGO: VENGANZA,2D Subtitulada,17:00,,,,https://www.cinemark.com.ar/peliculas/codigo-venganza
,Cinemark Hoyts,DOT,,CÓDIGO: VENGANZA,2D Subtitulada,22:20,,,,https://www.cinemark.com.ar/peliculas/codigo-venganza
,Cinemark Hoyts,DOT,,CORALINE,3D Doblada,18:00,,,,https://www.cinemark.com.ar/peliculas/coraline-y-la-puerta-secreta
,Cinemark Hoyts,DOT,,VOLVER AL FUTURO,2D Subtitulada,20:00,,,,https://www.cinemark.com.ar/peliculas/volver-al-futuro
,Cinemark Hoyts,DOT,,TERMINATOR 2: EL JUICIO FINAL,2D Subtitulada,22:40,,,,https://www.cinemark.com.ar/peliculas/terminator-2-el-juicio-final-35-aniversario
,Cinemark Hoyts,DOT,,LA NOCHE DEL DEMONIO 6,2D Subtitulada,23:00,,,,https://www.cinemark.com.ar/peliculas/la-noche-del-demonio-estan-entre-nosotros
,Cinemark Hoyts,Temperley,,COYOTE VS ACME,DBOX 2D Doblada,12:00,,,,https://www.cinemark.com.ar/peliculas/coyote-vs-acme
,Cinemark Hoyts,Temperley,,COYOTE VS ACME,2D Doblada,12:00,,,,https://www.cinemark.com.ar/peliculas/coyote-vs-acme
,Cinemark Hoyts,Temperley,,COYOTE VS ACME,DBOX 2D Doblada,14:30,,,,https://www.cinemark.com.ar/peliculas/coyote-vs-acme
,Cinemark Hoyts,Temperley,,COYOTE VS ACME,2D Doblada,14:30,,,,https://www.cinemark.com.ar/peliculas/coyote-vs-acme
,Cinemark Hoyts,Temperley,,COYOTE VS ACME,DBOX 2D Doblada,17:10,,,,https://www.cinemark.com.ar/peliculas/coyote-vs-acme
,Cinemark Hoyts,Temperley,,COYOTE VS ACME,2D Doblada,17:10,,,,https://www.cinemark.com.ar/peliculas/coyote-vs-acme
,Cinemark Hoyts,Temperley,,COYOTE VS ACME,DBOX 2D Doblada,19:45,,,,https://www.cinemark.com.ar/peliculas/coyote-vs-acme
,Cinemark Hoyts,Temperley,,COYOTE VS ACME,2D Doblada,19:45,,,,https://www.cinemark.com.ar/peliculas/coyote-vs-acme
,Cinemark Hoyts,Temperley,,LA NOCHE DEL DEMONIO 6,DBOX XD 2D Doblada,12:00,,,,https://www.cinemark.com.ar/peliculas/la-noche-del-demonio-estan-entre-nosotros
,Cinemark Hoyts,Temperley,,LA NOCHE DEL DEMONIO 6,XD 2D Doblada,12:00,,,,https://www.cinemark.com.ar/peliculas/la-noche-del-demonio-estan-entre-nosotros
,Cinemark Hoyts,Temperley,,LA NOCHE DEL DEMONIO 6,DBOX XD 2D Doblada,14:25,,,,https://www.cinemark.com.ar/peliculas/la-noche-del-demonio-estan-entre-nosotros
,Cinemark Hoyts,Temperley,,LA NOCHE DEL DEMONIO 6,XD 2D Doblada,14:25,,,,https://www.cinemark.com.ar/peliculas/la-noche-del-demonio-estan-entre-nosotros
,Cinemark Hoyts,Temperley,,LA NOCHE DEL DEMONIO 6,DBOX XD 2D Doblada,17:00,,,,https://www.cinemark.com.ar/peliculas/la-noche-del-demonio-estan-entre-nosotros
,Cinemark Hoyts,Temperley,,LA NOCHE DEL DEMONIO 6,XD 2D Doblada,17:00,,,,https://www.cinemark.com.ar/peliculas/la-noche-del-demonio-estan-entre-nosotros
,Cinemark Hoyts,Temperley,,LA NOCHE DEL DEMONIO 6,DBOX XD 2D Doblada,19:30,,,,https://www.cinemark.com.ar/peliculas/la-noche-del-demonio-estan-entre-nosotros
,Cinemark Hoyts,Temperley,,LA NOCHE DEL DEMONIO 6,XD 2D Doblada,19:30,,,,https://www.cinemark.com.ar/peliculas/la-noche-del-demonio-estan-entre-nosotros
,Cinemark Hoyts,Temperley,,LA NOCHE DEL DEMONIO 6,DBOX XD 2D Doblada,22:00,,,,https://www.cinemark.com.ar/peliculas/la-noche-del-demonio-estan-entre-nosotros
,Cinemark Hoyts,Temperley,,LA NOCHE DEL DEMONIO 6,XD 2D Doblada,22:00,,,,https://www.cinemark.com.ar/peliculas/la-noche-del-demonio-estan-entre-nosotros
,Cinemark Hoyts,Temperley,,LA NOCHE DEL DEMONIO 6,4D 2D Doblada,23:00,,,,https://www.cinemark.com.ar/peliculas/la-noche-del-demonio-estan-entre-nosotros
,Cinemark Hoyts,Temperley,,TOY STORY 5,2D Doblada,12:00,,,,https://www.cinemark.com.ar/peliculas/toy-story-5
,Cinemark Hoyts,Temperley,,TOY STORY 5,2D Doblada,14:20,,,,https://www.cinemark.com.ar/peliculas/toy-story-5
,Cinemark Hoyts,Temperley,,PAW PATROL: LA DINO PELÍCULA,2D Doblada,12:30,,,,https://www.cinemark.com.ar/peliculas/paw-patrol-la-dino-pelicula
,Cinemark Hoyts,Temperley,,PAW PATROL: LA DINO PELÍCULA,2D Doblada,14:45,,,,https://www.cinemark.com.ar/peliculas/paw-patrol-la-dino-pelicula
,Cinemark Hoyts,Temperley,,LOS BOXTROLLS,2D Doblada,12:45,,,,https://www.cinemark.com.ar/peliculas/los-boxtrolls
,Cinemark Hoyts,Temperley,,TADEO EL EXPLORADOR Y LA LAMPARA,2D Doblada,12:50,,,,https://www.cinemark.com.ar/peliculas/tadeo-el-explorador-y-la-lampara-maravillosa
,Cinemark Hoyts,Temperley,,TADEO EL EXPLORADOR Y LA LAMPARA,2D Doblada,15:15,,,,https://www.cinemark.com.ar/peliculas/tadeo-el-explorador-y-la-lampara-maravillosa
,Cinemark Hoyts,Temperley,,TADEO EL EXPLORADOR Y LA LAMPARA,2D Doblada,17:40,,,,https://www.cinemark.com.ar/peliculas/tadeo-el-explorador-y-la-lampara-maravillosa
,Cinemark Hoyts,Temperley,,SPIDER-MAN: UN NUEVO DÍA,4D 3D Doblada,13:00,,,,https://www.cinemark.com.ar/peliculas/spider-man-un-nuevo-dia
,Cinemark Hoyts,Temperley,,SPIDER-MAN: UN NUEVO DÍA,4D 3D Doblada,16:20,,,,https://www.cinemark.com.ar/peliculas/spider-man-un-nuevo-dia
,Cinemark Hoyts,Temperley,,SPIDER-MAN: UN NUEVO DÍA,4D 3D Doblada,19:40,,,,https://www.cinemark.com.ar/peliculas/spider-man-un-nuevo-dia
,Cinemark Hoyts,Temperley,,SPIDER-MAN: UN NUEVO DÍA,2D Doblada,22:45,,,,https://www.cinemark.com.ar/peliculas/spider-man-un-nuevo-dia
,Cinemark Hoyts,Temperley,,CÓDIGO: VENGANZA,2D Doblada,13:10,,,,https://www.cinemark.com.ar/peliculas/codigo-venganza
,Cinemark Hoyts,Temperley,,CÓDIGO: VENGANZA,2D Doblada,17:50,,,,https://www.cinemark.com.ar/peliculas/codigo-venganza
,Cinemark Hoyts,Temperley,,CÓDIGO: VENGANZA,2D Doblada,22:40,,,,https://www.cinemark.com.ar/peliculas/codigo-venganza
,Cinemark Hoyts,Temperley,,LA ODISEA,2D Doblada,14:10,,,,https://www.cinemark.com.ar/peliculas/la-odisea
,Cinemark Hoyts,Temperley,,LA ODISEA,DBOX 2D Doblada,22:20,,,,https://www.cinemark.com.ar/peliculas/la-odisea
,Cinemark Hoyts,Temperley,,LA ODISEA,2D Doblada,22:20,,,,https://www.cinemark.com.ar/peliculas/la-odisea
,Cinemark Hoyts,Temperley,,PARANORMAN,2D Doblada,15:10,,,,https://www.cinemark.com.ar/peliculas/paranorman
,Cinemark Hoyts,Temperley,,SHREK: 25 ANIVERSARIO,2D Doblada,15:30,,,,https://www.cinemark.com.ar/peliculas/shrek-25-aniversario
,Cinemark Hoyts,Temperley,,MICHAEL,2D Doblada,16:50,,,,https://www.cinemark.com.ar/peliculas/michael
,Cinemark Hoyts,Temperley,,TERMINATOR 2: EL JUICIO FINAL,2D Doblada,17:00,,,,https://www.cinemark.com.ar/peliculas/terminator-2-el-juicio-final-35-aniversario
,Cinemark Hoyts,Temperley,,EL HELADERO,2D Doblada,17:30,,,,https://www.cinemark.com.ar/peliculas/el-heladero-dulce-sabor-a-muerte
,Cinemark Hoyts,Temperley,,EL HELADERO,2D Doblada,22:30,,,,https://www.cinemark.com.ar/peliculas/el-heladero-dulce-sabor-a-muerte
,Cinemark Hoyts,Temperley,,CORALINE,3D Doblada,18:00,,,,https://www.cinemark.com.ar/peliculas/coraline-y-la-puerta-secreta
,Cinemark Hoyts,Temperley,,EL DIABLO VISTE A LA MODA 2,DBOX 2D Doblada,19:45,,,,https://www.cinemark.com.ar/peliculas/el-diablo-viste-a-la-moda-2
,Cinemark Hoyts,Temperley,,EL DIABLO VISTE A LA MODA 2,2D Doblada,19:45,,,,https://www.cinemark.com.ar/peliculas/el-diablo-viste-a-la-moda-2
,Cinemark Hoyts,Temperley,,HECHIZO DE AMOR: LA MAGIA CONTINUA,2D Doblada,19:50,,,,https://www.cinemark.com.ar/peliculas/hechizo-de-amor-la-magia-continua
,Cinemark Hoyts,Temperley,,HECHIZO DE AMOR: LA MAGIA CONTINUA,2D Doblada,22:40,,,,https://www.cinemark.com.ar/peliculas/hechizo-de-amor-la-magia-continua
,Cinemark Hoyts,Temperley,,OASIS: DON´T LOOK BACK IN ANGER,2D Subtitulada,20:00,,,,https://www.cinemark.com.ar/peliculas/oasis-don-t-look-back-in-anger
,Cinemark Hoyts,Temperley,,VOLVER AL FUTURO,2D Subtitulada,20:00,,,,https://www.cinemark.com.ar/peliculas/volver-al-futuro
,Cinemark Hoyts,Temperley,,RÁPIDO Y FURIOSO: 25 ANIVERSARIO,2D Doblada,20:10,,,,https://www.cinemark.com.ar/peliculas/rapido-y-furioso-25-aniversario
,Cinemark Hoyts,Temperley,,"YO, NARCISO",2D Doblada,20:25,,,,https://www.cinemark.com.ar/peliculas/yo-narciso
,Cinemark Hoyts,Temperley,,"YO, NARCISO",2D Doblada,22:50,,,,https://www.cinemark.com.ar/peliculas/yo-narciso
,Cinemark Hoyts,Temperley,,PEPITA LA PISTOLERA,2D Doblada,22:50,,,,https://www.cinemark.com.ar/peliculas/pepita-la-pistolera
,Cinemark Hoyts,Unicenter,,SPIDER-MAN: UN NUEVO DÍA,PREMIER 2D Subtitulada,12:00,,,,https://www.cinemark.com.ar/peliculas/spider-man-un-nuevo-dia
,Cinemark Hoyts,Unicenter,,SPIDER-MAN: UN NUEVO DÍA,4D 3D Doblada,12:25,,,,https://www.cinemark.com.ar/peliculas/spider-man-un-nuevo-dia
,Cinemark Hoyts,Unicenter,,SPIDER-MAN: UN NUEVO DÍA,DBOX 2D Subtitulada,12:30,,,,https://www.cinemark.com.ar/peliculas/spider-man-un-nuevo-dia
,Cinemark Hoyts,Unicenter,,SPIDER-MAN: UN NUEVO DÍA,2D Subtitulada,12:30,,,,https://www.cinemark.com.ar/peliculas/spider-man-un-nuevo-dia
,Cinemark Hoyts,Unicenter,,SPIDER-MAN: UN NUEVO DÍA,PREMIER 2D Subtitulada,15:10,,,,https://www.cinemark.com.ar/peliculas/spider-man-un-nuevo-dia
,Cinemark Hoyts,Unicenter,,SPIDER-MAN: UN NUEVO DÍA,4D 3D Doblada,15:40,,,,https://www.cinemark.com.ar/peliculas/spider-man-un-nuevo-dia
,Cinemark Hoyts,Unicenter,,SPIDER-MAN: UN NUEVO DÍA,DBOX 2D Subtitulada,15:45,,,,https://www.cinemark.com.ar/peliculas/spider-man-un-nuevo-dia
,Cinemark Hoyts,Unicenter,,SPIDER-MAN: UN NUEVO DÍA,2D Subtitulada,15:45,,,,https://www.cinemark.com.ar/peliculas/spider-man-un-nuevo-dia
,Cinemark Hoyts,Unicenter,,SPIDER-MAN: UN NUEVO DÍA,PREMIER 2D Subtitulada,18:30,,,,https://www.cinemark.com.ar/peliculas/spider-man-un-nuevo-dia
,Cinemark Hoyts,Unicenter,,SPIDER-MAN: UN NUEVO DÍA,4D 3D Doblada,18:45,,,,https://www.cinemark.com.ar/peliculas/spider-man-un-nuevo-dia
,Cinemark Hoyts,Unicenter,,SPIDER-MAN: UN NUEVO DÍA,DBOX 3D Subtitulada,18:50,,,,https://www.cinemark.com.ar/peliculas/spider-man-un-nuevo-dia
,Cinemark Hoyts,Unicenter,,SPIDER-MAN: UN NUEVO DÍA,3D Subtitulada,18:50,,,,https://www.cinemark.com.ar/peliculas/spider-man-un-nuevo-dia
,Cinemark Hoyts,Unicenter,,SPIDER-MAN: UN NUEVO DÍA,4D 3D Doblada,21:50,,,,https://www.cinemark.com.ar/peliculas/spider-man-un-nuevo-dia
,Cinemark Hoyts,Unicenter,,SPIDER-MAN: UN NUEVO DÍA,PREMIER 2D Subtitulada,22:00,,,,https://www.cinemark.com.ar/peliculas/spider-man-un-nuevo-dia
,Cinemark Hoyts,Unicenter,,SPIDER-MAN: UN NUEVO DÍA,DBOX 2D Subtitulada,22:05,,,,https://www.cinemark.com.ar/peliculas/spider-man-un-nuevo-dia
,Cinemark Hoyts,Unicenter,,SPIDER-MAN: UN NUEVO DÍA,2D Subtitulada,22:05,,,,https://www.cinemark.com.ar/peliculas/spider-man-un-nuevo-dia
,Cinemark Hoyts,Unicenter,,HECHIZO DE AMOR: LA MAGIA CONTINUA,2D Doblada,12:00,,,,https://www.cinemark.com.ar/peliculas/hechizo-de-amor-la-magia-continua
,Cinemark Hoyts,Unicenter,,HECHIZO DE AMOR: LA MAGIA CONTINUA,2D Doblada,14:50,,,,https://www.cinemark.com.ar/peliculas/hechizo-de-amor-la-magia-continua
,Cinemark Hoyts,Unicenter,,HECHIZO DE AMOR: LA MAGIA CONTINUA,2D Subtitulada,17:40,,,,https://www.cinemark.com.ar/peliculas/hechizo-de-amor-la-magia-continua
,Cinemark Hoyts,Unicenter,,HECHIZO DE AMOR: LA MAGIA CONTINUA,2D Doblada,20:10,,,,https://www.cinemark.com.ar/peliculas/hechizo-de-amor-la-magia-continua
,Cinemark Hoyts,Unicenter,,HECHIZO DE AMOR: LA MAGIA CONTINUA,2D Subtitulada,22:00,,,,https://www.cinemark.com.ar/peliculas/hechizo-de-amor-la-magia-continua
,Cinemark Hoyts,Unicenter,,PAW PATROL: LA DINO PELÍCULA,2D Doblada,12:10,,,,https://www.cinemark.com.ar/peliculas/paw-patrol-la-dino-pelicula
,Cinemark Hoyts,Unicenter,,PAW PATROL: LA DINO PELÍCULA,2D Doblada,14:20,,,,https://www.cinemark.com.ar/peliculas/paw-patrol-la-dino-pelicula
,Cinemark Hoyts,Unicenter,,LA NOCHE DEL DEMONIO 6,2D Subtitulada,12:15,,,,https://www.cinemark.com.ar/peliculas/la-noche-del-demonio-estan-entre-nosotros
,Cinemark Hoyts,Unicenter,,LA NOCHE DEL DEMONIO 6,2D Subtitulada,14:35,,,,https://www.cinemark.com.ar/peliculas/la-noche-del-demonio-estan-entre-nosotros
,Cinemark Hoyts,Unicenter,,LA NOCHE DEL DEMONIO 6,2D Subtitulada,17:10,,,,https://www.cinemark.com.ar/peliculas/la-noche-del-demonio-estan-entre-nosotros
,Cinemark Hoyts,Unicenter,,LA NOCHE DEL DEMONIO 6,2D Subtitulada,19:30,,,,https://www.cinemark.com.ar/peliculas/la-noche-del-demonio-estan-entre-nosotros
,Cinemark Hoyts,Unicenter,,LA NOCHE DEL DEMONIO 6,2D Subtitulada,22:50,,,,https://www.cinemark.com.ar/peliculas/la-noche-del-demonio-estan-entre-nosotros
,Cinemark Hoyts,Unicenter,,COYOTE VS ACME,DBOX 2D Doblada,12:20,,,,https://www.cinemark.com.ar/peliculas/coyote-vs-acme
,Cinemark Hoyts,Unicenter,,COYOTE VS ACME,2D Doblada,12:20,,,,https://www.cinemark.com.ar/peliculas/coyote-vs-acme
,Cinemark Hoyts,Unicenter,,COYOTE VS ACME,DBOX 2D Doblada,14:00,,,,https://www.cinemark.com.ar/peliculas/coyote-vs-acme
,Cinemark Hoyts,Unicenter,,COYOTE VS ACME,2D Doblada,14:00,,,,https://www.cinemark.com.ar/peliculas/coyote-vs-acme
,Cinemark Hoyts,Unicenter,,COYOTE VS ACME,DBOX 2D Doblada,16:30,,,,https://www.cinemark.com.ar/peliculas/coyote-vs-acme
,Cinemark Hoyts,Unicenter,,COYOTE VS ACME,2D Doblada,16:30,,,,https://www.cinemark.com.ar/peliculas/coyote-vs-acme
,Cinemark Hoyts,Unicenter,,COYOTE VS ACME,DBOX 2D Doblada,19:00,,,,https://www.cinemark.com.ar/peliculas/coyote-vs-acme
,Cinemark Hoyts,Unicenter,,COYOTE VS ACME,2D Doblada,19:00,,,,https://www.cinemark.com.ar/peliculas/coyote-vs-acme
,Cinemark Hoyts,Unicenter,,COYOTE VS ACME,DBOX 2D Subtitulada,21:45,,,,https://www.cinemark.com.ar/peliculas/coyote-vs-acme
,Cinemark Hoyts,Unicenter,,COYOTE VS ACME,2D Subtitulada,21:45,,,,https://www.cinemark.com.ar/peliculas/coyote-vs-acme
,Cinemark Hoyts,Unicenter,,EL HELADERO,2D Subtitulada,12:35,,,,https://www.cinemark.com.ar/peliculas/el-heladero-dulce-sabor-a-muerte
,Cinemark Hoyts,Unicenter,,EL HELADERO,2D Subtitulada,20:10,,,,https://www.cinemark.com.ar/peliculas/el-heladero-dulce-sabor-a-muerte
,Cinemark Hoyts,Unicenter,,EL HELADERO,2D Subtitulada,22:30,,,,https://www.cinemark.com.ar/peliculas/el-heladero-dulce-sabor-a-muerte
,Cinemark Hoyts,Unicenter,,TADEO EL EXPLORADOR Y LA LAMPARA,2D Doblada,12:45,,,,https://www.cinemark.com.ar/peliculas/tadeo-el-explorador-y-la-lampara-maravillosa
,Cinemark Hoyts,Unicenter,,TADEO EL EXPLORADOR Y LA LAMPARA,2D Doblada,15:15,,,,https://www.cinemark.com.ar/peliculas/tadeo-el-explorador-y-la-lampara-maravillosa
,Cinemark Hoyts,Unicenter,,TADEO EL EXPLORADOR Y LA LAMPARA,2D Doblada,17:35,,,,https://www.cinemark.com.ar/peliculas/tadeo-el-explorador-y-la-lampara-maravillosa
,Cinemark Hoyts,Unicenter,,"YO, NARCISO",2D Doblada,12:50,,,,https://www.cinemark.com.ar/peliculas/yo-narciso
,Cinemark Hoyts,Unicenter,,"YO, NARCISO",2D Doblada,15:30,,,,https://www.cinemark.com.ar/peliculas/yo-narciso
,Cinemark Hoyts,Unicenter,,"YO, NARCISO",2D Doblada,17:45,,,,https://www.cinemark.com.ar/peliculas/yo-narciso
,Cinemark Hoyts,Unicenter,,"YO, NARCISO",2D Doblada,19:50,,,,https://www.cinemark.com.ar/peliculas/yo-narciso
,Cinemark Hoyts,Unicenter,,"YO, NARCISO",2D Doblada,21:55,,,,https://www.cinemark.com.ar/peliculas/yo-narciso
,Cinemark Hoyts,Unicenter,,CÓDIGO: VENGANZA,2D Subtitulada,13:00,,,,https://www.cinemark.com.ar/peliculas/codigo-venganza
,Cinemark Hoyts,Unicenter,,CÓDIGO: VENGANZA,2D Subtitulada,15:10,,,,https://www.cinemark.com.ar/peliculas/codigo-venganza
,Cinemark Hoyts,Unicenter,,CÓDIGO: VENGANZA,2D Subtitulada,17:20,,,,https://www.cinemark.com.ar/peliculas/codigo-venganza
,Cinemark Hoyts,Unicenter,,CÓDIGO: VENGANZA,2D Subtitulada,19:40,,,,https://www.cinemark.com.ar/peliculas/codigo-venganza
,Cinemark Hoyts,Unicenter,,CÓDIGO: VENGANZA,2D Subtitulada,22:15,,,,https://www.cinemark.com.ar/peliculas/codigo-venganza
,Cinemark Hoyts,Unicenter,,LOS BOXTROLLS,2D Doblada,13:00,,,,https://www.cinemark.com.ar/peliculas/los-boxtrolls
,Cinemark Hoyts,Unicenter,,MINIONS & MONSTRUOS,2D Doblada,13:10,,,,https://www.cinemark.com.ar/peliculas/minions-monstruos
,Cinemark Hoyts,Unicenter,,MINIONS & MONSTRUOS,2D Doblada,15:25,,,,https://www.cinemark.com.ar/peliculas/minions-monstruos
,Cinemark Hoyts,Unicenter,,TOY STORY 5,2D Doblada,13:15,,,,https://www.cinemark.com.ar/peliculas/toy-story-5
,Cinemark Hoyts,Unicenter,,TOY STORY 5,2D Doblada,15:35,,,,https://www.cinemark.com.ar/peliculas/toy-story-5
,Cinemark Hoyts,Unicenter,,TOY STORY 5,2D Doblada,17:50,,,,https://www.cinemark.com.ar/peliculas/toy-story-5
,Cinemark Hoyts,Unicenter,,LA ODISEA,PREMIER 2D Subtitulada,13:20,,,,https://www.cinemark.com.ar/peliculas/la-odisea
,Cinemark Hoyts,Unicenter,,LA ODISEA,DBOX 2D Doblada,14:40,,,,https://www.cinemark.com.ar/peliculas/la-odisea
,Cinemark Hoyts,Unicenter,,LA ODISEA,2D Doblada,14:40,,,,https://www.cinemark.com.ar/peliculas/la-odisea
,Cinemark Hoyts,Unicenter,,LA ODISEA,PREMIER 2D Subtitulada,17:00,,,,https://www.cinemark.com.ar/peliculas/la-odisea
,Cinemark Hoyts,Unicenter,,LA ODISEA,DBOX 2D Doblada,18:40,,,,https://www.cinemark.com.ar/peliculas/la-odisea
,Cinemark Hoyts,Unicenter,,LA ODISEA,2D Doblada,18:40,,,,https://www.cinemark.com.ar/peliculas/la-odisea
,Cinemark Hoyts,Unicenter,,LA ODISEA,PREMIER 2D Subtitulada,21:00,,,,https://www.cinemark.com.ar/peliculas/la-odisea
,Cinemark Hoyts,Unicenter,,LA ODISEA,DBOX 2D Subtitulada,22:10,,,,https://www.cinemark.com.ar/peliculas/la-odisea
,Cinemark Hoyts,Unicenter,,LA ODISEA,2D Subtitulada,22:10,,,,https://www.cinemark.com.ar/peliculas/la-odisea
,Cinemark Hoyts,Unicenter,,COLONY: ZONA CERO,2D Subtitulada,14:45,,,,https://www.cinemark.com.ar/peliculas/colony-zona-cero
,Cinemark Hoyts,Unicenter,,PARANORMAN,2D Doblada,15:20,,,,https://www.cinemark.com.ar/peliculas/paranorman
,Cinemark Hoyts,Unicenter,,PMMM LA PELICULA PARTE 2,2D Subtitulada,17:00,,,,https://www.cinemark.com.ar/peliculas/puella-magi-madoka-magica-la-pelicula-parte-2
,Cinemark Hoyts,Unicenter,,SHREK: 25 ANIVERSARIO,2D Doblada,17:25,,,,https://www.cinemark.com.ar/peliculas/shrek-25-aniversario
,Cinemark Hoyts,Unicenter,,LA GUERRA DE LOS ÚLTIMOS,2D Subtitulada,17:30,,,,https://www.cinemark.com.ar/peliculas/la-guerra-de-los-ultimos
,Cinemark Hoyts,Unicenter,,CORALINE,3D Doblada,18:00,,,,https://www.cinemark.com.ar/peliculas/coraline-y-la-puerta-secreta
,Cinemark Hoyts,Unicenter,,AKIRA (1988),2D Subtitulada,19:45,,,,https://www.cinemark.com.ar/peliculas/akira-1988
,Cinemark Hoyts,Unicenter,,OASIS: DON´T LOOK BACK IN ANGER,2D Subtitulada,20:00,,,,https://www.cinemark.com.ar/peliculas/oasis-don-t-look-back-in-anger
,Cinemark Hoyts,Unicenter,,OASIS: DON´T LOOK BACK IN ANGER,2D Subtitulada,22:20,,,,https://www.cinemark.com.ar/peliculas/oasis-don-t-look-back-in-anger
,Cinemark Hoyts,Unicenter,,VOLVER AL FUTURO,2D Subtitulada,20:00,,,,https://www.cinemark.com.ar/peliculas/volver-al-futuro
,Cinemark Hoyts,Unicenter,,RÁPIDO Y FURIOSO: 25 ANIVERSARIO,2D Doblada,20:15,,,,https://www.cinemark.com.ar/peliculas/rapido-y-furioso-25-aniversario
,Cinemark Hoyts,Unicenter,,PEPITA LA PISTOLERA,2D Doblada,20:20,,,,https://www.cinemark.com.ar/peliculas/pepita-la-pistolera
,Cinemark Hoyts,Unicenter,,PEPITA LA PISTOLERA,2D Doblada,22:45,,,,https://www.cinemark.com.ar/peliculas/pepita-la-pistolera
,Cinemark Hoyts,Unicenter,,SCARY MOVIE TERRORÍFICAMENTE INC,2D Doblada,22:15,,,,https://www.cinemark.com.ar/peliculas/scary-movie-terrorificamente-incorrecta
,Cinemark Hoyts,Unicenter,,TERMINATOR 2: EL JUICIO FINAL,2D Subtitulada,22:40,,,,https://www.cinemark.com.ar/peliculas/terminator-2-el-juicio-final-35-aniversario
,Cinemark Hoyts,Unicenter,,BACKROOMS: VERSIÓN EXTENDIDA,2D Subtitulada,23:00,,,,https://www.cinemark.com.ar/peliculas/backrooms-version-extendida
,Cinemark Hoyts,Abasto,,LA ODISEA,2D Subtitulada,12:00,,,,https://www.cinemark.com.ar/peliculas/la-odisea
,Cinemark Hoyts,Abasto,,LA ODISEA,2D Subtitulada,15:35,,,,https://www.cinemark.com.ar/peliculas/la-odisea
,Cinemark Hoyts,Abasto,,LA ODISEA,2D Subtitulada,19:10,,,,https://www.cinemark.com.ar/peliculas/la-odisea
,Cinemark Hoyts,Abasto,,LA ODISEA,2D Subtitulada,22:45,,,,https://www.cinemark.com.ar/peliculas/la-odisea
,Cinemark Hoyts,Abasto,,PAW PATROL: LA DINO PELÍCULA,2D Doblada,12:00,,,,https://www.cinemark.com.ar/peliculas/paw-patrol-la-dino-pelicula
,Cinemark Hoyts,Abasto,,LA NOCHE DEL DEMONIO 6,DBOX 2D Doblada,12:30,,,,https://www.cinemark.com.ar/peliculas/la-noche-del-demonio-estan-entre-nosotros
,Cinemark Hoyts,Abasto,,LA NOCHE DEL DEMONIO 6,2D Doblada,12:30,,,,https://www.cinemark.com.ar/peliculas/la-noche-del-demonio-estan-entre-nosotros
,Cinemark Hoyts,Abasto,,LA NOCHE DEL DEMONIO 6,DBOX 2D Doblada,15:00,,,,https://www.cinemark.com.ar/peliculas/la-noche-del-demonio-estan-entre-nosotros
,Cinemark Hoyts,Abasto,,LA NOCHE DEL DEMONIO 6,2D Doblada,15:00,,,,https://www.cinemark.com.ar/peliculas/la-noche-del-demonio-estan-entre-nosotros
,Cinemark Hoyts,Abasto,,LA NOCHE DEL DEMONIO 6,DBOX 2D Doblada,17:30,,,,https://www.cinemark.com.ar/peliculas/la-noche-del-demonio-estan-entre-nosotros
,Cinemark Hoyts,Abasto,,LA NOCHE DEL DEMONIO 6,2D Doblada,17:30,,,,https://www.cinemark.com.ar/peliculas/la-noche-del-demonio-estan-entre-nosotros
,Cinemark Hoyts,Abasto,,LA NOCHE DEL DEMONIO 6,DBOX 2D Doblada,20:00,,,,https://www.cinemark.com.ar/peliculas/la-noche-del-demonio-estan-entre-nosotros
,Cinemark Hoyts,Abasto,,LA NOCHE DEL DEMONIO 6,2D Doblada,20:00,,,,https://www.cinemark.com.ar/peliculas/la-noche-del-demonio-estan-entre-nosotros
,Cinemark Hoyts,Abasto,,LA NOCHE DEL DEMONIO 6,DBOX 2D Doblada,22:30,,,,https://www.cinemark.com.ar/peliculas/la-noche-del-demonio-estan-entre-nosotros
,Cinemark Hoyts,Abasto,,LA NOCHE DEL DEMONIO 6,2D Doblada,22:30,,,,https://www.cinemark.com.ar/peliculas/la-noche-del-demonio-estan-entre-nosotros
,Cinemark Hoyts,Abasto,,LA NOCHE DEL DEMONIO 6,2D Doblada,23:00,,,,https://www.cinemark.com.ar/peliculas/la-noche-del-demonio-estan-entre-nosotros
,Cinemark Hoyts,Abasto,,COYOTE VS ACME,DBOX 2D Doblada,12:30,,,,https://www.cinemark.com.ar/peliculas/coyote-vs-acme
,Cinemark Hoyts,Abasto,,COYOTE VS ACME,2D Doblada,12:30,,,,https://www.cinemark.com.ar/peliculas/coyote-vs-acme
,Cinemark Hoyts,Abasto,,COYOTE VS ACME,DBOX 2D Doblada,15:00,,,,https://www.cinemark.com.ar/peliculas/coyote-vs-acme
,Cinemark Hoyts,Abasto,,COYOTE VS ACME,2D Doblada,15:00,,,,https://www.cinemark.com.ar/peliculas/coyote-vs-acme
,Cinemark Hoyts,Abasto,,COYOTE VS ACME,DBOX 2D Doblada,17:30,,,,https://www.cinemark.com.ar/peliculas/coyote-vs-acme
,Cinemark Hoyts,Abasto,,COYOTE VS ACME,2D Doblada,17:30,,,,https://www.cinemark.com.ar/peliculas/coyote-vs-acme
,Cinemark Hoyts,Abasto,,COYOTE VS ACME,DBOX 2D Doblada,20:00,,,,https://www.cinemark.com.ar/peliculas/coyote-vs-acme
,Cinemark Hoyts,Abasto,,COYOTE VS ACME,2D Doblada,20:00,,,,https://www.cinemark.com.ar/peliculas/coyote-vs-acme
,Cinemark Hoyts,Abasto,,COYOTE VS ACME,DBOX 2D Doblada,22:30,,,,https://www.cinemark.com.ar/peliculas/coyote-vs-acme
,Cinemark Hoyts,Abasto,,COYOTE VS ACME,2D Doblada,22:30,,,,https://www.cinemark.com.ar/peliculas/coyote-vs-acme
,Cinemark Hoyts,Abasto,,SPIDER-MAN: UN NUEVO DÍA,DBOX 2D Doblada,12:40,,,,https://www.cinemark.com.ar/peliculas/spider-man-un-nuevo-dia
,Cinemark Hoyts,Abasto,,SPIDER-MAN: UN NUEVO DÍA,2D Doblada,12:40,,,,https://www.cinemark.com.ar/peliculas/spider-man-un-nuevo-dia
,Cinemark Hoyts,Abasto,,SPIDER-MAN: UN NUEVO DÍA,DBOX 2D Doblada,15:50,,,,https://www.cinemark.com.ar/peliculas/spider-man-un-nuevo-dia
,Cinemark Hoyts,Abasto,,SPIDER-MAN: UN NUEVO DÍA,2D Doblada,15:50,,,,https://www.cinemark.com.ar/peliculas/spider-man-un-nuevo-dia
,Cinemark Hoyts,Abasto,,SPIDER-MAN: UN NUEVO DÍA,DBOX 2D Doblada,19:00,,,,https://www.cinemark.com.ar/peliculas/spider-man-un-nuevo-dia
,Cinemark Hoyts,Abasto,,SPIDER-MAN: UN NUEVO DÍA,2D Doblada,19:00,,,,https://www.cinemark.com.ar/peliculas/spider-man-un-nuevo-dia
,Cinemark Hoyts,Abasto,,SPIDER-MAN: UN NUEVO DÍA,DBOX 2D Doblada,22:10,,,,https://www.cinemark.com.ar/peliculas/spider-man-un-nuevo-dia
,Cinemark Hoyts,Abasto,,SPIDER-MAN: UN NUEVO DÍA,2D Doblada,22:10,,,,https://www.cinemark.com.ar/peliculas/spider-man-un-nuevo-dia
,Cinemark Hoyts,Abasto,,SPIDER-MAN: UN NUEVO DÍA,2D Doblada,23:00,,,,https://www.cinemark.com.ar/peliculas/spider-man-un-nuevo-dia
,Cinemark Hoyts,Abasto,,"YO, NARCISO",2D Doblada,12:40,,,,https://www.cinemark.com.ar/peliculas/yo-narciso
,Cinemark Hoyts,Abasto,,"YO, NARCISO",2D Doblada,17:30,,,,https://www.cinemark.com.ar/peliculas/yo-narciso
,Cinemark Hoyts,Abasto,,"YO, NARCISO",2D Doblada,22:10,,,,https://www.cinemark.com.ar/peliculas/yo-narciso
,Cinemark Hoyts,Abasto,,CÓDIGO: VENGANZA,2D Doblada,12:50,,,,https://www.cinemark.com.ar/peliculas/codigo-venganza
,Cinemark Hoyts,Abasto,,CÓDIGO: VENGANZA,2D Doblada,17:40,,,,https://www.cinemark.com.ar/peliculas/codigo-venganza
,Cinemark Hoyts,Abasto,,CÓDIGO: VENGANZA,2D Doblada,22:40,,,,https://www.cinemark.com.ar/peliculas/codigo-venganza
,Cinemark Hoyts,Abasto,,TADEO EL EXPLORADOR Y LA LAMPARA,2D Doblada,12:50,,,,https://www.cinemark.com.ar/peliculas/tadeo-el-explorador-y-la-lampara-maravillosa
,Cinemark Hoyts,Abasto,,TADEO EL EXPLORADOR Y LA LAMPARA,2D Doblada,15:10,,,,https://www.cinemark.com.ar/peliculas/tadeo-el-explorador-y-la-lampara-maravillosa
,Cinemark Hoyts,Abasto,,TADEO EL EXPLORADOR Y LA LAMPARA,2D Doblada,17:30,,,,https://www.cinemark.com.ar/peliculas/tadeo-el-explorador-y-la-lampara-maravillosa
,Cinemark Hoyts,Abasto,,LOS BOXTROLLS,2D Doblada,13:00,,,,https://www.cinemark.com.ar/peliculas/los-boxtrolls
,Cinemark Hoyts,Abasto,,HECHIZO DE AMOR: LA MAGIA CONTINUA,2D Doblada,13:10,,,,https://www.cinemark.com.ar/peliculas/hechizo-de-amor-la-magia-continua
,Cinemark Hoyts,Abasto,,HECHIZO DE AMOR: LA MAGIA CONTINUA,2D Doblada,16:00,,,,https://www.cinemark.com.ar/peliculas/hechizo-de-amor-la-magia-continua
,Cinemark Hoyts,Abasto,,HECHIZO DE AMOR: LA MAGIA CONTINUA,2D Doblada,19:00,,,,https://www.cinemark.com.ar/peliculas/hechizo-de-amor-la-magia-continua
,Cinemark Hoyts,Abasto,,HECHIZO DE AMOR: LA MAGIA CONTINUA,2D Doblada,22:00,,,,https://www.cinemark.com.ar/peliculas/hechizo-de-amor-la-magia-continua
,Cinemark Hoyts,Abasto,,TOY STORY 5,2D Doblada,13:10,,,,https://www.cinemark.com.ar/peliculas/toy-story-5
,Cinemark Hoyts,Abasto,,TOY STORY 5,2D Doblada,15:30,,,,https://www.cinemark.com.ar/peliculas/toy-story-5
,Cinemark Hoyts,Abasto,,EL HELADERO,2D Doblada,13:30,,,,https://www.cinemark.com.ar/peliculas/el-heladero-dulce-sabor-a-muerte
,Cinemark Hoyts,Abasto,,EL HELADERO,2D Doblada,18:20,,,,https://www.cinemark.com.ar/peliculas/el-heladero-dulce-sabor-a-muerte
,Cinemark Hoyts,Abasto,,EL HELADERO,2D Doblada,23:10,,,,https://www.cinemark.com.ar/peliculas/el-heladero-dulce-sabor-a-muerte
,Cinemark Hoyts,Abasto,,RÁPIDO Y FURIOSO: 25 ANIVERSARIO,2D Doblada,14:30,,,,https://www.cinemark.com.ar/peliculas/rapido-y-furioso-25-aniversario
,Cinemark Hoyts,Abasto,,PEPITA LA PISTOLERA,2D Doblada,15:00,,,,https://www.cinemark.com.ar/peliculas/pepita-la-pistolera
,Cinemark Hoyts,Abasto,,PEPITA LA PISTOLERA,2D Doblada,19:45,,,,https://www.cinemark.com.ar/peliculas/pepita-la-pistolera
,Cinemark Hoyts,Abasto,,EL FINAL DE LA CALLE OAK,2D Doblada,15:20,,,,https://www.cinemark.com.ar/peliculas/el-final-de-la-calle-oak
,Cinemark Hoyts,Abasto,,PARANORMAN,2D Doblada,15:20,,,,https://www.cinemark.com.ar/peliculas/paranorman
,Cinemark Hoyts,Abasto,,COLONY: ZONA CERO,2D Doblada,15:40,,,,https://www.cinemark.com.ar/peliculas/colony-zona-cero
,Cinemark Hoyts,Abasto,,COLONY: ZONA CERO,2D Doblada,20:30,,,,https://www.cinemark.com.ar/peliculas/colony-zona-cero
,Cinemark Hoyts,Abasto,,PMMM LA PELICULA PARTE 2,2D Subtitulada,17:00,,,,https://www.cinemark.com.ar/peliculas/puella-magi-madoka-magica-la-pelicula-parte-2
,Cinemark Hoyts,Abasto,,SHREK: 25 ANIVERSARIO,2D Doblada,17:50,,,,https://www.cinemark.com.ar/peliculas/shrek-25-aniversario
,Cinemark Hoyts,Abasto,,CORALINE,3D Doblada,18:00,,,,https://www.cinemark.com.ar/peliculas/coraline-y-la-puerta-secreta
,Cinemark Hoyts,Abasto,,AKIRA (1988),2D Subtitulada,19:30,,,,https://www.cinemark.com.ar/peliculas/akira-1988
,Cinemark Hoyts,Abasto,,MICHAEL,2D Subtitulada,19:50,,,,https://www.cinemark.com.ar/peliculas/michael
,Cinemark Hoyts,Abasto,,OASIS: DON´T LOOK BACK IN ANGER,2D Subtitulada,20:00,,,,https://www.cinemark.com.ar/peliculas/oasis-don-t-look-back-in-anger
,Cinemark Hoyts,Abasto,,OASIS: DON´T LOOK BACK IN ANGER,2D Subtitulada,22:30,,,,https://www.cinemark.com.ar/peliculas/oasis-don-t-look-back-in-anger
,Cinemark Hoyts,Abasto,,VOLVER AL FUTURO,2D Subtitulada,20:00,,,,https://www.cinemark.com.ar/peliculas/volver-al-futuro
,Cinemark Hoyts,Abasto,,EL DIABLO VISTE A LA MODA 2,2D Doblada,20:20,,,,https://www.cinemark.com.ar/peliculas/el-diablo-viste-a-la-moda-2
,Cinemark Hoyts,Abasto,,TERMINATOR 2: EL JUICIO FINAL,2D Doblada,22:50,,,,https://www.cinemark.com.ar/peliculas/terminator-2-el-juicio-final-35-aniversario
,Cinemark Hoyts,Caballito,,COYOTE VS ACME,2D Doblada,12:00,,,,https://www.cinemark.com.ar/peliculas/coyote-vs-acme
,Cinemark Hoyts,Caballito,,COYOTE VS ACME,2D Doblada,14:30,,,,https://www.cinemark.com.ar/peliculas/coyote-vs-acme
,Cinemark Hoyts,Caballito,,COYOTE VS ACME,2D Doblada,17:00,,,,https://www.cinemark.com.ar/peliculas/coyote-vs-acme
,Cinemark Hoyts,Caballito,,COYOTE VS ACME,2D Doblada,19:40,,,,https://www.cinemark.com.ar/peliculas/coyote-vs-acme
,Cinemark Hoyts,Caballito,,"YO, NARCISO",2D Doblada,12:50,,,,https://www.cinemark.com.ar/peliculas/yo-narciso
,Cinemark Hoyts,Caballito,,"YO, NARCISO",2D Doblada,17:30,,,,https://www.cinemark.com.ar/peliculas/yo-narciso
,Cinemark Hoyts,Caballito,,"YO, NARCISO",2D Doblada,23:10,,,,https://www.cinemark.com.ar/peliculas/yo-narciso
,Cinemark Hoyts,Caballito,,SPIDER-MAN: UN NUEVO DÍA,2D Subtitulada,13:00,,,,https://www.cinemark.com.ar/peliculas/spider-man-un-nuevo-dia
,Cinemark Hoyts,Caballito,,SPIDER-MAN: UN NUEVO DÍA,2D Subtitulada,16:10,,,,https://www.cinemark.com.ar/peliculas/spider-man-un-nuevo-dia
,Cinemark Hoyts,Caballito,,SPIDER-MAN: UN NUEVO DÍA,3D Doblada,19:20,,,,https://www.cinemark.com.ar/peliculas/spider-man-un-nuevo-dia
,Cinemark Hoyts,Caballito,,SPIDER-MAN: UN NUEVO DÍA,2D Subtitulada,22:30,,,,https://www.cinemark.com.ar/peliculas/spider-man-un-nuevo-dia
,Cinemark Hoyts,Caballito,,TADEO EL EXPLORADOR Y LA LAMPARA,2D Doblada,13:10,,,,https://www.cinemark.com.ar/peliculas/tadeo-el-explorador-y-la-lampara-maravillosa
,Cinemark Hoyts,Caballito,,TADEO EL EXPLORADOR Y LA LAMPARA,2D Doblada,15:40,,,,https://www.cinemark.com.ar/peliculas/tadeo-el-explorador-y-la-lampara-maravillosa
,Cinemark Hoyts,Caballito,,TADEO EL EXPLORADOR Y LA LAMPARA,2D Doblada,18:00,,,,https://www.cinemark.com.ar/peliculas/tadeo-el-explorador-y-la-lampara-maravillosa
,Cinemark Hoyts,Caballito,,SHREK: 25 ANIVERSARIO,2D Doblada,13:20,,,,https://www.cinemark.com.ar/peliculas/shrek-25-aniversario
,Cinemark Hoyts,Caballito,,PEPITA LA PISTOLERA,2D Doblada,14:00,,,,https://www.cinemark.com.ar/peliculas/pepita-la-pistolera
,Cinemark Hoyts,Caballito,,PEPITA LA PISTOLERA,2D Doblada,22:50,,,,https://www.cinemark.com.ar/peliculas/pepita-la-pistolera
,Cinemark Hoyts,Caballito,,TOY STORY 5,2D Doblada,15:10,,,,https://www.cinemark.com.ar/peliculas/toy-story-5
,Cinemark Hoyts,Caballito,,CORALINE,3D Doblada,15:30,,,,https://www.cinemark.com.ar/peliculas/coraline-y-la-puerta-secreta
,Cinemark Hoyts,Caballito,,RÁPIDO Y FURIOSO: 25 ANIVERSARIO,2D Doblada,16:30,,,,https://www.cinemark.com.ar/peliculas/rapido-y-furioso-25-aniversario
,Cinemark Hoyts,Caballito,,LA NOCHE DEL DEMONIO 6,2D Subtitulada,17:45,,,,https://www.cinemark.com.ar/peliculas/la-noche-del-demonio-estan-entre-nosotros
,Cinemark Hoyts,Caballito,,LA NOCHE DEL DEMONIO 6,2D Subtitulada,23:00,,,,https://www.cinemark.com.ar/peliculas/la-noche-del-demonio-estan-entre-nosotros
,Cinemark Hoyts,Caballito,,LA ODISEA,2D Subtitulada,19:00,,,,https://www.cinemark.com.ar/peliculas/la-odisea
,Cinemark Hoyts,Caballito,,LA ODISEA,2D Subtitulada,22:10,,,,https://www.cinemark.com.ar/peliculas/la-odisea
,Cinemark Hoyts,Caballito,,VOLVER AL FUTURO,2D Subtitulada,20:00,,,,https://www.cinemark.com.ar/peliculas/volver-al-futuro
,Cinemark Hoyts,Caballito,,OASIS: DON´T LOOK BACK IN ANGER,2D Subtitulada,20:10,,,,https://www.cinemark.com.ar/peliculas/oasis-don-t-look-back-in-anger
,Cinemark Hoyts,Caballito,,HECHIZO DE AMOR: LA MAGIA CONTINUA,2D Subtitulada,20:20,,,,https://www.cinemark.com.ar/peliculas/hechizo-de-amor-la-magia-continua
,Cinemark Hoyts,Caballito,,HECHIZO DE AMOR: LA MAGIA CONTINUA,2D Subtitulada,22:40,,,,https://www.cinemark.com.ar/peliculas/hechizo-de-amor-la-magia-continua
,Cinemark Hoyts,Palermo,,SPIDER-MAN: UN NUEVO DÍA,2D Doblada,12:00,,,,https://www.cinemark.com.ar/peliculas/spider-man-un-nuevo-dia
,Cinemark Hoyts,Palermo,,SPIDER-MAN: UN NUEVO DÍA,2D Doblada,15:40,,,,https://www.cinemark.com.ar/peliculas/spider-man-un-nuevo-dia
,Cinemark Hoyts,Palermo,,SPIDER-MAN: UN NUEVO DÍA,3D Subtitulada,18:50,,,,https://www.cinemark.com.ar/peliculas/spider-man-un-nuevo-dia
,Cinemark Hoyts,Palermo,,SPIDER-MAN: UN NUEVO DÍA,2D Subtitulada,22:00,,,,https://www.cinemark.com.ar/peliculas/spider-man-un-nuevo-dia
,Cinemark Hoyts,Palermo,,COYOTE VS ACME,2D Doblada,12:10,,,,https://www.cinemark.com.ar/peliculas/coyote-vs-acme
,Cinemark Hoyts,Palermo,,COYOTE VS ACME,2D Doblada,15:10,,,,https://www.cinemark.com.ar/peliculas/coyote-vs-acme
,Cinemark Hoyts,Palermo,,COYOTE VS ACME,2D Doblada,17:50,,,,https://www.cinemark.com.ar/peliculas/coyote-vs-acme
,Cinemark Hoyts,Palermo,,COYOTE VS ACME,2D Subtitulada,20:20,,,,https://www.cinemark.com.ar/peliculas/coyote-vs-acme
,Cinemark Hoyts,Palermo,,CÓDIGO: VENGANZA,2D Subtitulada,12:20,,,,https://www.cinemark.com.ar/peliculas/codigo-venganza
,Cinemark Hoyts,Palermo,,CÓDIGO: VENGANZA,2D Subtitulada,17:10,,,,https://www.cinemark.com.ar/peliculas/codigo-venganza
,Cinemark Hoyts,Palermo,,CÓDIGO: VENGANZA,2D Subtitulada,22:30,,,,https://www.cinemark.com.ar/peliculas/codigo-venganza
,Cinemark Hoyts,Palermo,,PEPITA LA PISTOLERA,2D Doblada,12:20,,,,https://www.cinemark.com.ar/peliculas/pepita-la-pistolera
,Cinemark Hoyts,Palermo,,PEPITA LA PISTOLERA,2D Doblada,14:40,,,,https://www.cinemark.com.ar/peliculas/pepita-la-pistolera
,Cinemark Hoyts,Palermo,,PEPITA LA PISTOLERA,2D Doblada,19:40,,,,https://www.cinemark.com.ar/peliculas/pepita-la-pistolera
,Cinemark Hoyts,Palermo,,LOS BOXTROLLS,2D Doblada,12:30,,,,https://www.cinemark.com.ar/peliculas/los-boxtrolls
,Cinemark Hoyts,Palermo,,EL HELADERO,2D Subtitulada,12:40,,,,https://www.cinemark.com.ar/peliculas/el-heladero-dulce-sabor-a-muerte
,Cinemark Hoyts,Palermo,,EL HELADERO,2D Subtitulada,17:30,,,,https://www.cinemark.com.ar/peliculas/el-heladero-dulce-sabor-a-muerte
,Cinemark Hoyts,Palermo,,EL HELADERO,2D Subtitulada,22:50,,,,https://www.cinemark.com.ar/peliculas/el-heladero-dulce-sabor-a-muerte
,Cinemark Hoyts,Palermo,,TADEO EL EXPLORADOR Y LA LAMPARA,2D Doblada,12:40,,,,https://www.cinemark.com.ar/peliculas/tadeo-el-explorador-y-la-lampara-maravillosa
,Cinemark Hoyts,Palermo,,TADEO EL EXPLORADOR Y LA LAMPARA,2D Doblada,15:20,,,,https://www.cinemark.com.ar/peliculas/tadeo-el-explorador-y-la-lampara-maravillosa
,Cinemark Hoyts,Palermo,,TADEO EL EXPLORADOR Y LA LAMPARA,2D Doblada,17:40,,,,https://www.cinemark.com.ar/peliculas/tadeo-el-explorador-y-la-lampara-maravillosa
,Cinemark Hoyts,Palermo,,"YO, NARCISO",2D Doblada,13:00,,,,https://www.cinemark.com.ar/peliculas/yo-narciso
,Cinemark Hoyts,Palermo,,"YO, NARCISO",2D Doblada,20:40,,,,https://www.cinemark.com.ar/peliculas/yo-narciso
,Cinemark Hoyts,Palermo,,"YO, NARCISO",2D Doblada,23:10,,,,https://www.cinemark.com.ar/peliculas/yo-narciso
,Cinemark Hoyts,Palermo,,HECHIZO DE AMOR: LA MAGIA CONTINUA,2D Subtitulada,13:20,,,,https://www.cinemark.com.ar/peliculas/hechizo-de-amor-la-magia-continua
,Cinemark Hoyts,Palermo,,HECHIZO DE AMOR: LA MAGIA CONTINUA,2D Subtitulada,16:20,,,,https://www.cinemark.com.ar/peliculas/hechizo-de-amor-la-magia-continua
,Cinemark Hoyts,Palermo,,HECHIZO DE AMOR: LA MAGIA CONTINUA,2D Subtitulada,19:20,,,,https://www.cinemark.com.ar/peliculas/hechizo-de-amor-la-magia-continua
,Cinemark Hoyts,Palermo,,HECHIZO DE AMOR: LA MAGIA CONTINUA,2D Subtitulada,22:10,,,,https://www.cinemark.com.ar/peliculas/hechizo-de-amor-la-magia-continua
,Cinemark Hoyts,Palermo,,LA ODISEA,2D Subtitulada,14:00,,,,https://www.cinemark.com.ar/peliculas/la-odisea
,Cinemark Hoyts,Palermo,,LA ODISEA,2D Subtitulada,18:10,,,,https://www.cinemark.com.ar/peliculas/la-odisea
,Cinemark Hoyts,Palermo,,LA ODISEA,2D Subtitulada,21:50,,,,https://www.cinemark.com.ar/peliculas/la-odisea
,Cinemark Hoyts,Palermo,,LA ODISEA,2D Subtitulada,22:20,,,,https://www.cinemark.com.ar/peliculas/la-odisea
,Cinemark Hoyts,Palermo,,LA GUERRA DE LOS ÚLTIMOS,2D Subtitulada,14:50,,,,https://www.cinemark.com.ar/peliculas/la-guerra-de-los-ultimos
,Cinemark Hoyts,Palermo,,SCARY MOVIE TERRORÍFICAMENTE INC,2D Subtitulada,15:00,,,,https://www.cinemark.com.ar/peliculas/scary-movie-terrorificamente-incorrecta
,Cinemark Hoyts,Palermo,,PARANORMAN,2D Doblada,15:00,,,,https://www.cinemark.com.ar/peliculas/paranorman
,Cinemark Hoyts,Palermo,,LA NOCHE DEL DEMONIO 6,2D Subtitulada,15:25,,,,https://www.cinemark.com.ar/peliculas/la-noche-del-demonio-estan-entre-nosotros
,Cinemark Hoyts,Palermo,,LA NOCHE DEL DEMONIO 6,2D Subtitulada,23:00,,,,https://www.cinemark.com.ar/peliculas/la-noche-del-demonio-estan-entre-nosotros
,Cinemark Hoyts,Palermo,,OASIS: DON´T LOOK BACK IN ANGER,2D Subtitulada,17:15,,,,https://www.cinemark.com.ar/peliculas/oasis-don-t-look-back-in-anger
,Cinemark Hoyts,Palermo,,OASIS: DON´T LOOK BACK IN ANGER,2D Subtitulada,20:00,,,,https://www.cinemark.com.ar/peliculas/oasis-don-t-look-back-in-anger
,Cinemark Hoyts,Palermo,,OASIS: DON´T LOOK BACK IN ANGER,2D Subtitulada,22:50,,,,https://www.cinemark.com.ar/peliculas/oasis-don-t-look-back-in-anger
,Cinemark Hoyts,Palermo,,SHREK: 25 ANIVERSARIO,2D Doblada,17:20,,,,https://www.cinemark.com.ar/peliculas/shrek-25-aniversario
,Cinemark Hoyts,Palermo,,CORALINE,3D Doblada,18:00,,,,https://www.cinemark.com.ar/peliculas/coraline-y-la-puerta-secreta
,Cinemark Hoyts,Palermo,,LA INVITACIÓN,2D Subtitulada,19:30,,,,https://www.cinemark.com.ar/peliculas/la-invitacion
,Cinemark Hoyts,Palermo,,TERMINATOR 2: EL JUICIO FINAL,2D Subtitulada,20:00,,,,https://www.cinemark.com.ar/peliculas/terminator-2-el-juicio-final-35-aniversario
,Cinemark Hoyts,Palermo,,VOLVER AL FUTURO,2D Subtitulada,20:05,,,,https://www.cinemark.com.ar/peliculas/volver-al-futuro
,Cinemark Hoyts,Palermo,,RÁPIDO Y FURIOSO: 25 ANIVERSARIO,2D Doblada,22:50,,,,https://www.cinemark.com.ar/peliculas/rapido-y-furioso-25-aniversario
,Cinemark Hoyts,Alto Avellaneda,,COYOTE VS ACME,DBOX 2D Doblada,12:10,,,,https://www.cinemark.com.ar/peliculas/coyote-vs-acme
,Cinemark Hoyts,Alto Avellaneda,,COYOTE VS ACME,2D Doblada,12:10,,,,https://www.cinemark.com.ar/peliculas/coyote-vs-acme
,Cinemark Hoyts,Alto Avellaneda,,COYOTE VS ACME,DBOX 2D Doblada,14:35,,,,https://www.cinemark.com.ar/peliculas/coyote-vs-acme
,Cinemark Hoyts,Alto Avellaneda,,COYOTE VS ACME,2D Doblada,14:35,,,,https://www.cinemark.com.ar/peliculas/coyote-vs-acme
,Cinemark Hoyts,Alto Avellaneda,,COYOTE VS ACME,DBOX 2D Doblada,17:00,,,,https://www.cinemark.com.ar/peliculas/coyote-vs-acme
,Cinemark Hoyts,Alto Avellaneda,,COYOTE VS ACME,2D Doblada,17:00,,,,https://www.cinemark.com.ar/peliculas/coyote-vs-acme
,Cinemark Hoyts,Alto Avellaneda,,COYOTE VS ACME,DBOX 2D Doblada,19:40,,,,https://www.cinemark.com.ar/peliculas/coyote-vs-acme
,Cinemark Hoyts,Alto Avellaneda,,COYOTE VS ACME,2D Doblada,19:40,,,,https://www.cinemark.com.ar/peliculas/coyote-vs-acme
,Cinemark Hoyts,Alto Avellaneda,,PAW PATROL: LA DINO PELÍCULA,2D Doblada,12:20,,,,https://www.cinemark.com.ar/peliculas/paw-patrol-la-dino-pelicula
,Cinemark Hoyts,Alto Avellaneda,,TOY STORY 5,2D Doblada,12:40,,,,https://www.cinemark.com.ar/peliculas/toy-story-5
,Cinemark Hoyts,Alto Avellaneda,,CÓDIGO: VENGANZA,2D Doblada,12:45,,,,https://www.cinemark.com.ar/peliculas/codigo-venganza
,Cinemark Hoyts,Alto Avellaneda,,CÓDIGO: VENGANZA,2D Doblada,17:20,,,,https://www.cinemark.com.ar/peliculas/codigo-venganza
,Cinemark Hoyts,Alto Avellaneda,,CÓDIGO: VENGANZA,2D Doblada,22:00,,,,https://www.cinemark.com.ar/peliculas/codigo-venganza
,Cinemark Hoyts,Alto Avellaneda,,TADEO EL EXPLORADOR Y LA LAMPARA,2D Doblada,12:50,,,,https://www.cinemark.com.ar/peliculas/tadeo-el-explorador-y-la-lampara-maravillosa
,Cinemark Hoyts,Alto Avellaneda,,TADEO EL EXPLORADOR Y LA LAMPARA,2D Doblada,15:20,,,,https://www.cinemark.com.ar/peliculas/tadeo-el-explorador-y-la-lampara-maravillosa
,Cinemark Hoyts,Alto Avellaneda,,TADEO EL EXPLORADOR Y LA LAMPARA,2D Doblada,17:30,,,,https://www.cinemark.com.ar/peliculas/tadeo-el-explorador-y-la-lampara-maravillosa
,Cinemark Hoyts,Alto Avellaneda,,SPIDER-MAN: UN NUEVO DÍA,DBOX XD 2D Doblada,13:10,,,,https://www.cinemark.com.ar/peliculas/spider-man-un-nuevo-dia
,Cinemark Hoyts,Alto Avellaneda,,SPIDER-MAN: UN NUEVO DÍA,XD 2D Doblada,13:10,,,,https://www.cinemark.com.ar/peliculas/spider-man-un-nuevo-dia
,Cinemark Hoyts,Alto Avellaneda,,SPIDER-MAN: UN NUEVO DÍA,4D 3D Doblada,13:30,,,,https://www.cinemark.com.ar/peliculas/spider-man-un-nuevo-dia
,Cinemark Hoyts,Alto Avellaneda,,SPIDER-MAN: UN NUEVO DÍA,4D 3D Doblada,16:40,,,,https://www.cinemark.com.ar/peliculas/spider-man-un-nuevo-dia
,Cinemark Hoyts,Alto Avellaneda,,SPIDER-MAN: UN NUEVO DÍA,DBOX XD 2D Doblada,19:10,,,,https://www.cinemark.com.ar/peliculas/spider-man-un-nuevo-dia
,Cinemark Hoyts,Alto Avellaneda,,SPIDER-MAN: UN NUEVO DÍA,XD 2D Doblada,19:10,,,,https://www.cinemark.com.ar/peliculas/spider-man-un-nuevo-dia
,Cinemark Hoyts,Alto Avellaneda,,SPIDER-MAN: UN NUEVO DÍA,4D 3D Doblada,19:50,,,,https://www.cinemark.com.ar/peliculas/spider-man-un-nuevo-dia
,Cinemark Hoyts,Alto Avellaneda,,LA ODISEA,2D Doblada,14:00,,,,https://www.cinemark.com.ar/peliculas/la-odisea
,Cinemark Hoyts,Alto Avellaneda,,LA ODISEA,DBOX 2D Doblada,22:10,,,,https://www.cinemark.com.ar/peliculas/la-odisea
,Cinemark Hoyts,Alto Avellaneda,,LA ODISEA,2D Doblada,22:10,,,,https://www.cinemark.com.ar/peliculas/la-odisea
,Cinemark Hoyts,Alto Avellaneda,,PEPITA LA PISTOLERA,2D Doblada,14:40,,,,https://www.cinemark.com.ar/peliculas/pepita-la-pistolera
,Cinemark Hoyts,Alto Avellaneda,,PEPITA LA PISTOLERA,2D Doblada,22:45,,,,https://www.cinemark.com.ar/peliculas/pepita-la-pistolera
,Cinemark Hoyts,Alto Avellaneda,,MICHAEL,2D Doblada,15:00,,,,https://www.cinemark.com.ar/peliculas/michael
,Cinemark Hoyts,Alto Avellaneda,,SHREK: 25 ANIVERSARIO,2D Doblada,15:10,,,,https://www.cinemark.com.ar/peliculas/shrek-25-aniversario
,Cinemark Hoyts,Alto Avellaneda,,LA NOCHE DEL DEMONIO 6,DBOX XD 2D Doblada,16:30,,,,https://www.cinemark.com.ar/peliculas/la-noche-del-demonio-estan-entre-nosotros
,Cinemark Hoyts,Alto Avellaneda,,LA NOCHE DEL DEMONIO 6,XD 2D Doblada,16:30,,,,https://www.cinemark.com.ar/peliculas/la-noche-del-demonio-estan-entre-nosotros
,Cinemark Hoyts,Alto Avellaneda,,LA NOCHE DEL DEMONIO 6,DBOX XD 2D Doblada,22:30,,,,https://www.cinemark.com.ar/peliculas/la-noche-del-demonio-estan-entre-nosotros
,Cinemark Hoyts,Alto Avellaneda,,LA NOCHE DEL DEMONIO 6,XD 2D Doblada,22:30,,,,https://www.cinemark.com.ar/peliculas/la-noche-del-demonio-estan-entre-nosotros
,Cinemark Hoyts,Alto Avellaneda,,LA NOCHE DEL DEMONIO 6,4D 2D Doblada,23:00,,,,https://www.cinemark.com.ar/peliculas/la-noche-del-demonio-estan-entre-nosotros
,Cinemark Hoyts,Alto Avellaneda,,COLONY: ZONA CERO,2D Doblada,17:10,,,,https://www.cinemark.com.ar/peliculas/colony-zona-cero
,Cinemark Hoyts,Alto Avellaneda,,EL HELADERO,2D Doblada,17:50,,,,https://www.cinemark.com.ar/peliculas/el-heladero-dulce-sabor-a-muerte
,Cinemark Hoyts,Alto Avellaneda,,EL HELADERO,2D Doblada,22:50,,,,https://www.cinemark.com.ar/peliculas/el-heladero-dulce-sabor-a-muerte
,Cinemark Hoyts,Alto Avellaneda,,CORALINE,3D Doblada,18:00,,,,https://www.cinemark.com.ar/peliculas/coraline-y-la-puerta-secreta
,Cinemark Hoyts,Alto Avellaneda,,RÁPIDO Y FURIOSO: 25 ANIVERSARIO,2D Doblada,19:30,,,,https://www.cinemark.com.ar/peliculas/rapido-y-furioso-25-aniversario
,Cinemark Hoyts,Alto Avellaneda,,HECHIZO DE AMOR: LA MAGIA CONTINUA,2D Doblada,19:50,,,,https://www.cinemark.com.ar/peliculas/hechizo-de-amor-la-magia-continua
,Cinemark Hoyts,Alto Avellaneda,,HECHIZO DE AMOR: LA MAGIA CONTINUA,2D Doblada,22:40,,,,https://www.cinemark.com.ar/peliculas/hechizo-de-amor-la-magia-continua
,Cinemark Hoyts,Alto Avellaneda,,OASIS: DON´T LOOK BACK IN ANGER,2D Subtitulada,20:00,,,,https://www.cinemark.com.ar/peliculas/oasis-don-t-look-back-in-anger
,Cinemark Hoyts,Alto Avellaneda,,VOLVER AL FUTURO,2D Subtitulada,20:00,,,,https://www.cinemark.com.ar/peliculas/volver-al-futuro
,Cinemark Hoyts,Alto Avellaneda,,"YO, NARCISO",2D Doblada,20:15,,,,https://www.cinemark.com.ar/peliculas/yo-narciso
,Cinemark Hoyts,Alto Avellaneda,,"YO, NARCISO",2D Doblada,22:20,,,,https://www.cinemark.com.ar/peliculas/yo-narciso
,Cinemark Hoyts,San Justo,,SPIDER-MAN: UN NUEVO DÍA,DBOX XD 2D Doblada,12:20,,,,https://www.cinemark.com.ar/peliculas/spider-man-un-nuevo-dia
,Cinemark Hoyts,San Justo,,SPIDER-MAN: UN NUEVO DÍA,XD 2D Doblada,12:20,,,,https://www.cinemark.com.ar/peliculas/spider-man-un-nuevo-dia
,Cinemark Hoyts,San Justo,,SPIDER-MAN: UN NUEVO DÍA,DBOX XD 2D Doblada,15:30,,,,https://www.cinemark.com.ar/peliculas/spider-man-un-nuevo-dia
,Cinemark Hoyts,San Justo,,SPIDER-MAN: UN NUEVO DÍA,XD 2D Doblada,15:30,,,,https://www.cinemark.com.ar/peliculas/spider-man-un-nuevo-dia
,Cinemark Hoyts,San Justo,,SPIDER-MAN: UN NUEVO DÍA,DBOX XD 3D Doblada,18:50,,,,https://www.cinemark.com.ar/peliculas/spider-man-un-nuevo-dia
,Cinemark Hoyts,San Justo,,SPIDER-MAN: UN NUEVO DÍA,XD 3D Doblada,18:50,,,,https://www.cinemark.com.ar/peliculas/spider-man-un-nuevo-dia
,Cinemark Hoyts,San Justo,,SPIDER-MAN: UN NUEVO DÍA,DBOX XD 2D Doblada,22:00,,,,https://www.cinemark.com.ar/peliculas/spider-man-un-nuevo-dia
,Cinemark Hoyts,San Justo,,SPIDER-MAN: UN NUEVO DÍA,XD 2D Doblada,22:00,,,,https://www.cinemark.com.ar/peliculas/spider-man-un-nuevo-dia
,Cinemark Hoyts,San Justo,,COYOTE VS ACME,2D Doblada,12:30,,,,https://www.cinemark.com.ar/peliculas/coyote-vs-acme
,Cinemark Hoyts,San Justo,,COYOTE VS ACME,2D Doblada,15:00,,,,https://www.cinemark.com.ar/peliculas/coyote-vs-acme
,Cinemark Hoyts,San Justo,,COYOTE VS ACME,2D Doblada,17:40,,,,https://www.cinemark.com.ar/peliculas/coyote-vs-acme
,Cinemark Hoyts,San Justo,,COYOTE VS ACME,2D Doblada,20:20,,,,https://www.cinemark.com.ar/peliculas/coyote-vs-acme
,Cinemark Hoyts,San Justo,,TADEO EL EXPLORADOR Y LA LAMPARA,2D Doblada,13:00,,,,https://www.cinemark.com.ar/peliculas/tadeo-el-explorador-y-la-lampara-maravillosa
,Cinemark Hoyts,San Justo,,TADEO EL EXPLORADOR Y LA LAMPARA,2D Doblada,15:20,,,,https://www.cinemark.com.ar/peliculas/tadeo-el-explorador-y-la-lampara-maravillosa
,Cinemark Hoyts,San Justo,,TADEO EL EXPLORADOR Y LA LAMPARA,2D Doblada,17:50,,,,https://www.cinemark.com.ar/peliculas/tadeo-el-explorador-y-la-lampara-maravillosa
,Cinemark Hoyts,San Justo,,LA NOCHE DEL DEMONIO 6,DBOX 2D Doblada,13:20,,,,https://www.cinemark.com.ar/peliculas/la-noche-del-demonio-estan-entre-nosotros
,Cinemark Hoyts,San Justo,,LA NOCHE DEL DEMONIO 6,2D Doblada,13:20,,,,https://www.cinemark.com.ar/peliculas/la-noche-del-demonio-estan-entre-nosotros
,Cinemark Hoyts,San Justo,,LA NOCHE DEL DEMONIO 6,DBOX 2D Doblada,15:50,,,,https://www.cinemark.com.ar/peliculas/la-noche-del-demonio-estan-entre-nosotros
,Cinemark Hoyts,San Justo,,LA NOCHE DEL DEMONIO 6,2D Doblada,15:50,,,,https://www.cinemark.com.ar/peliculas/la-noche-del-demonio-estan-entre-nosotros
,Cinemark Hoyts,San Justo,,LA NOCHE DEL DEMONIO 6,DBOX 2D Doblada,18:10,,,,https://www.cinemark.com.ar/peliculas/la-noche-del-demonio-estan-entre-nosotros
,Cinemark Hoyts,San Justo,,LA NOCHE DEL DEMONIO 6,2D Doblada,18:10,,,,https://www.cinemark.com.ar/peliculas/la-noche-del-demonio-estan-entre-nosotros
,Cinemark Hoyts,San Justo,,LA NOCHE DEL DEMONIO 6,DBOX 2D Doblada,20:30,,,,https://www.cinemark.com.ar/peliculas/la-noche-del-demonio-estan-entre-nosotros
,Cinemark Hoyts,San Justo,,LA NOCHE DEL DEMONIO 6,2D Doblada,20:30,,,,https://www.cinemark.com.ar/peliculas/la-noche-del-demonio-estan-entre-nosotros
,Cinemark Hoyts,San Justo,,LA NOCHE DEL DEMONIO 6,DBOX 2D Doblada,22:50,,,,https://www.cinemark.com.ar/peliculas/la-noche-del-demonio-estan-entre-nosotros
,Cinemark Hoyts,San Justo,,LA NOCHE DEL DEMONIO 6,2D Doblada,22:50,,,,https://www.cinemark.com.ar/peliculas/la-noche-del-demonio-estan-entre-nosotros
,Cinemark Hoyts,San Justo,,SHREK: 25 ANIVERSARIO,2D Doblada,13:40,,,,https://www.cinemark.com.ar/peliculas/shrek-25-aniversario
,Cinemark Hoyts,San Justo,,MICHAEL,2D Doblada,14:00,,,,https://www.cinemark.com.ar/peliculas/michael
,Cinemark Hoyts,San Justo,,CORALINE,3D Doblada,16:00,,,,https://www.cinemark.com.ar/peliculas/coraline-y-la-puerta-secreta
,Cinemark Hoyts,San Justo,,RÁPIDO Y FURIOSO: 25 ANIVERSARIO,2D Doblada,17:00,,,,https://www.cinemark.com.ar/peliculas/rapido-y-furioso-25-aniversario
,Cinemark Hoyts,San Justo,,SCARY MOVIE TERRORÍFICAMENTE INC,2D Doblada,18:30,,,,https://www.cinemark.com.ar/peliculas/scary-movie-terrorificamente-incorrecta
,Cinemark Hoyts,San Justo,,VOLVER AL FUTURO,2D Subtitulada,20:00,,,,https://www.cinemark.com.ar/peliculas/volver-al-futuro
,Cinemark Hoyts,San Justo,,HECHIZO DE AMOR: LA MAGIA CONTINUA,2D Doblada,20:10,,,,https://www.cinemark.com.ar/peliculas/hechizo-de-amor-la-magia-continua
,Cinemark Hoyts,San Justo,,HECHIZO DE AMOR: LA MAGIA CONTINUA,2D Doblada,23:00,,,,https://www.cinemark.com.ar/peliculas/hechizo-de-amor-la-magia-continua
,Cinemark Hoyts,San Justo,,EL HELADERO,2D Doblada,20:40,,,,https://www.cinemark.com.ar/peliculas/el-heladero-dulce-sabor-a-muerte
,Cinemark Hoyts,San Justo,,EL HELADERO,2D Doblada,22:40,,,,https://www.cinemark.com.ar/peliculas/el-heladero-dulce-sabor-a-muerte
,Cinemark Hoyts,San Justo,,"YO, NARCISO",2D Doblada,22:30,,,,https://www.cinemark.com.ar/peliculas/yo-narciso
,Cinemark Hoyts,San Justo,,PEPITA LA PISTOLERA,2D Doblada,22:55,,,,https://www.cinemark.com.ar/peliculas/pepita-la-pistolera
,Cinemark Hoyts,Moron,,COYOTE VS ACME,DBOX 2D Doblada,12:20,,,,https://www.cinemark.com.ar/peliculas/coyote-vs-acme
,Cinemark Hoyts,Moron,,COYOTE VS ACME,2D Doblada,12:20,,,,https://www.cinemark.com.ar/peliculas/coyote-vs-acme
,Cinemark Hoyts,Moron,,COYOTE VS ACME,DBOX 2D Doblada,14:50,,,,https://www.cinemark.com.ar/peliculas/coyote-vs-acme
,Cinemark Hoyts,Moron,,COYOTE VS ACME,2D Doblada,14:50,,,,https://www.cinemark.com.ar/peliculas/coyote-vs-acme
,Cinemark Hoyts,Moron,,COYOTE VS ACME,DBOX 2D Doblada,17:15,,,,https://www.cinemark.com.ar/peliculas/coyote-vs-acme
,Cinemark Hoyts,Moron,,COYOTE VS ACME,2D Doblada,17:15,,,,https://www.cinemark.com.ar/peliculas/coyote-vs-acme
,Cinemark Hoyts,Moron,,COYOTE VS ACME,DBOX 2D Doblada,19:45,,,,https://www.cinemark.com.ar/peliculas/coyote-vs-acme
,Cinemark Hoyts,Moron,,COYOTE VS ACME,2D Doblada,19:45,,,,https://www.cinemark.com.ar/peliculas/coyote-vs-acme
,Cinemark Hoyts,Moron,,SPIDER-MAN: UN NUEVO DÍA,DBOX 2D Doblada,12:30,,,,https://www.cinemark.com.ar/peliculas/spider-man-un-nuevo-dia
,Cinemark Hoyts,Moron,,SPIDER-MAN: UN NUEVO DÍA,2D Doblada,12:30,,,,https://www.cinemark.com.ar/peliculas/spider-man-un-nuevo-dia
,Cinemark Hoyts,Moron,,SPIDER-MAN: UN NUEVO DÍA,DBOX 3D Doblada,15:50,,,,https://www.cinemark.com.ar/peliculas/spider-man-un-nuevo-dia
,Cinemark Hoyts,Moron,,SPIDER-MAN: UN NUEVO DÍA,3D Doblada,15:50,,,,https://www.cinemark.com.ar/peliculas/spider-man-un-nuevo-dia
,Cinemark Hoyts,Moron,,SPIDER-MAN: UN NUEVO DÍA,DBOX 2D Doblada,19:00,,,,https://www.cinemark.com.ar/peliculas/spider-man-un-nuevo-dia
,Cinemark Hoyts,Moron,,SPIDER-MAN: UN NUEVO DÍA,2D Doblada,19:00,,,,https://www.cinemark.com.ar/peliculas/spider-man-un-nuevo-dia
,Cinemark Hoyts,Moron,,SPIDER-MAN: UN NUEVO DÍA,DBOX 2D Doblada,22:15,,,,https://www.cinemark.com.ar/peliculas/spider-man-un-nuevo-dia
,Cinemark Hoyts,Moron,,SPIDER-MAN: UN NUEVO DÍA,2D Doblada,22:15,,,,https://www.cinemark.com.ar/peliculas/spider-man-un-nuevo-dia
,Cinemark Hoyts,Moron,,LA NOCHE DEL DEMONIO 6,2D Doblada,12:40,,,,https://www.cinemark.com.ar/peliculas/la-noche-del-demonio-estan-entre-nosotros
,Cinemark Hoyts,Moron,,LA NOCHE DEL DEMONIO 6,2D Doblada,15:00,,,,https://www.cinemark.com.ar/peliculas/la-noche-del-demonio-estan-entre-nosotros
,Cinemark Hoyts,Moron,,LA NOCHE DEL DEMONIO 6,2D Doblada,17:20,,,,https://www.cinemark.com.ar/peliculas/la-noche-del-demonio-estan-entre-nosotros
,Cinemark Hoyts,Moron,,LA NOCHE DEL DEMONIO 6,2D Doblada,19:50,,,,https://www.cinemark.com.ar/peliculas/la-noche-del-demonio-estan-entre-nosotros
,Cinemark Hoyts,Moron,,LA NOCHE DEL DEMONIO 6,2D Doblada,22:20,,,,https://www.cinemark.com.ar/peliculas/la-noche-del-demonio-estan-entre-nosotros
,Cinemark Hoyts,Moron,,TOY STORY 5,2D Doblada,12:50,,,,https://www.cinemark.com.ar/peliculas/toy-story-5
,Cinemark Hoyts,Moron,,TADEO EL EXPLORADOR Y LA LAMPARA,2D Doblada,13:00,,,,https://www.cinemark.com.ar/peliculas/tadeo-el-explorador-y-la-lampara-maravillosa
,Cinemark Hoyts,Moron,,TADEO EL EXPLORADOR Y LA LAMPARA,2D Doblada,15:10,,,,https://www.cinemark.com.ar/peliculas/tadeo-el-explorador-y-la-lampara-maravillosa
,Cinemark Hoyts,Moron,,TADEO EL EXPLORADOR Y LA LAMPARA,2D Doblada,17:30,,,,https://www.cinemark.com.ar/peliculas/tadeo-el-explorador-y-la-lampara-maravillosa
,Cinemark Hoyts,Moron,,CÓDIGO: VENGANZA,2D Doblada,13:20,,,,https://www.cinemark.com.ar/peliculas/codigo-venganza
,Cinemark Hoyts,Moron,,CÓDIGO: VENGANZA,2D Doblada,17:50,,,,https://www.cinemark.com.ar/peliculas/codigo-venganza
,Cinemark Hoyts,Moron,,CÓDIGO: VENGANZA,2D Doblada,23:00,,,,https://www.cinemark.com.ar/peliculas/codigo-venganza
,Cinemark Hoyts,Moron,,LA ODISEA,2D Doblada,14:10,,,,https://www.cinemark.com.ar/peliculas/la-odisea
,Cinemark Hoyts,Moron,,LA ODISEA,DBOX 2D Doblada,22:10,,,,https://www.cinemark.com.ar/peliculas/la-odisea
,Cinemark Hoyts,Moron,,LA ODISEA,2D Doblada,22:10,,,,https://www.cinemark.com.ar/peliculas/la-odisea
,Cinemark Hoyts,Moron,,"YO, NARCISO",2D Doblada,14:30,,,,https://www.cinemark.com.ar/peliculas/yo-narciso
,Cinemark Hoyts,Moron,,"YO, NARCISO",2D Doblada,20:20,,,,https://www.cinemark.com.ar/peliculas/yo-narciso
,Cinemark Hoyts,Moron,,"YO, NARCISO",2D Doblada,22:35,,,,https://www.cinemark.com.ar/peliculas/yo-narciso
,Cinemark Hoyts,Moron,,MICHAEL,2D Doblada,15:20,,,,https://www.cinemark.com.ar/peliculas/michael
,Cinemark Hoyts,Moron,,SHREK: 25 ANIVERSARIO,2D Doblada,15:40,,,,https://www.cinemark.com.ar/peliculas/shrek-25-aniversario
,Cinemark Hoyts,Moron,,COLONY: ZONA CERO,2D Doblada,17:00,,,,https://www.cinemark.com.ar/peliculas/colony-zona-cero
,Cinemark Hoyts,Moron,,CORALINE,3D Doblada,18:00,,,,https://www.cinemark.com.ar/peliculas/coraline-y-la-puerta-secreta
,Cinemark Hoyts,Moron,,EL HELADERO,2D Doblada,18:10,,,,https://www.cinemark.com.ar/peliculas/el-heladero-dulce-sabor-a-muerte
,Cinemark Hoyts,Moron,,EL HELADERO,2D Doblada,22:50,,,,https://www.cinemark.com.ar/peliculas/el-heladero-dulce-sabor-a-muerte
,Cinemark Hoyts,Moron,,HECHIZO DE AMOR: LA MAGIA CONTINUA,2D Doblada,19:40,,,,https://www.cinemark.com.ar/peliculas/hechizo-de-amor-la-magia-continua
,Cinemark Hoyts,Moron,,HECHIZO DE AMOR: LA MAGIA CONTINUA,2D Doblada,22:30,,,,https://www.cinemark.com.ar/peliculas/hechizo-de-amor-la-magia-continua
,Cinemark Hoyts,Moron,,VOLVER AL FUTURO,2D Subtitulada,20:00,,,,https://www.cinemark.com.ar/peliculas/volver-al-futuro
,Cinemark Hoyts,Moron,,OASIS: DON´T LOOK BACK IN ANGER,2D Subtitulada,20:10,,,,https://www.cinemark.com.ar/peliculas/oasis-don-t-look-back-in-anger
,Cinemark Hoyts,Moron,,RÁPIDO Y FURIOSO: 25 ANIVERSARIO,2D Doblada,20:30,,,,https://www.cinemark.com.ar/peliculas/rapido-y-furioso-25-aniversario
,Cinemark Hoyts,Moron,,PEPITA LA PISTOLERA,2D Doblada,22:40,,,,https://www.cinemark.com.ar/peliculas/pepita-la-pistolera
,Cinemark Hoyts,Malvinas Argentinas,,LA NOCHE DEL DEMONIO 6,DBOX 2D Doblada,12:20,,,,https://www.cinemark.com.ar/peliculas/la-noche-del-demonio-estan-entre-nosotros
,Cinemark Hoyts,Malvinas Argentinas,,LA NOCHE DEL DEMONIO 6,2D Doblada,12:20,,,,https://www.cinemark.com.ar/peliculas/la-noche-del-demonio-estan-entre-nosotros
,Cinemark Hoyts,Malvinas Argentinas,,LA NOCHE DEL DEMONIO 6,DBOX 2D Doblada,14:40,,,,https://www.cinemark.com.ar/peliculas/la-noche-del-demonio-estan-entre-nosotros
,Cinemark Hoyts,Malvinas Argentinas,,LA NOCHE DEL DEMONIO 6,2D Doblada,14:40,,,,https://www.cinemark.com.ar/peliculas/la-noche-del-demonio-estan-entre-nosotros
,Cinemark Hoyts,Malvinas Argentinas,,LA NOCHE DEL DEMONIO 6,DBOX 2D Doblada,17:00,,,,https://www.cinemark.com.ar/peliculas/la-noche-del-demonio-estan-entre-nosotros
,Cinemark Hoyts,Malvinas Argentinas,,LA NOCHE DEL DEMONIO 6,2D Doblada,17:00,,,,https://www.cinemark.com.ar/peliculas/la-noche-del-demonio-estan-entre-nosotros
,Cinemark Hoyts,Malvinas Argentinas,,LA NOCHE DEL DEMONIO 6,DBOX 2D Doblada,19:20,,,,https://www.cinemark.com.ar/peliculas/la-noche-del-demonio-estan-entre-nosotros
,Cinemark Hoyts,Malvinas Argentinas,,LA NOCHE DEL DEMONIO 6,2D Doblada,19:20,,,,https://www.cinemark.com.ar/peliculas/la-noche-del-demonio-estan-entre-nosotros
,Cinemark Hoyts,Malvinas Argentinas,,LA NOCHE DEL DEMONIO 6,DBOX 2D Doblada,21:50,,,,https://www.cinemark.com.ar/peliculas/la-noche-del-demonio-estan-entre-nosotros
,Cinemark Hoyts,Malvinas Argentinas,,LA NOCHE DEL DEMONIO 6,2D Doblada,21:50,,,,https://www.cinemark.com.ar/peliculas/la-noche-del-demonio-estan-entre-nosotros
,Cinemark Hoyts,Malvinas Argentinas,,LA NOCHE DEL DEMONIO 6,2D Doblada,22:55,,,,https://www.cinemark.com.ar/peliculas/la-noche-del-demonio-estan-entre-nosotros
,Cinemark Hoyts,Malvinas Argentinas,,COYOTE VS ACME,2D Doblada,12:25,,,,https://www.cinemark.com.ar/peliculas/coyote-vs-acme
,Cinemark Hoyts,Malvinas Argentinas,,COYOTE VS ACME,2D Doblada,14:50,,,,https://www.cinemark.com.ar/peliculas/coyote-vs-acme
,Cinemark Hoyts,Malvinas Argentinas,,COYOTE VS ACME,2D Doblada,17:15,,,,https://www.cinemark.com.ar/peliculas/coyote-vs-acme
,Cinemark Hoyts,Malvinas Argentinas,,COYOTE VS ACME,2D Doblada,19:40,,,,https://www.cinemark.com.ar/peliculas/coyote-vs-acme
,Cinemark Hoyts,Malvinas Argentinas,,PAW PATROL: LA DINO PELÍCULA,2D Doblada,12:30,,,,https://www.cinemark.com.ar/peliculas/paw-patrol-la-dino-pelicula
,Cinemark Hoyts,Malvinas Argentinas,,SPIDER-MAN: UN NUEVO DÍA,DBOX XD 3D Doblada,12:40,,,,https://www.cinemark.com.ar/peliculas/spider-man-un-nuevo-dia
,Cinemark Hoyts,Malvinas Argentinas,,SPIDER-MAN: UN NUEVO DÍA,XD 3D Doblada,12:40,,,,https://www.cinemark.com.ar/peliculas/spider-man-un-nuevo-dia
,Cinemark Hoyts,Malvinas Argentinas,,SPIDER-MAN: UN NUEVO DÍA,DBOX XD 2D Doblada,15:50,,,,https://www.cinemark.com.ar/peliculas/spider-man-un-nuevo-dia
,Cinemark Hoyts,Malvinas Argentinas,,SPIDER-MAN: UN NUEVO DÍA,XD 2D Doblada,15:50,,,,https://www.cinemark.com.ar/peliculas/spider-man-un-nuevo-dia
,Cinemark Hoyts,Malvinas Argentinas,,SPIDER-MAN: UN NUEVO DÍA,DBOX XD 3D Doblada,19:00,,,,https://www.cinemark.com.ar/peliculas/spider-man-un-nuevo-dia
,Cinemark Hoyts,Malvinas Argentinas,,SPIDER-MAN: UN NUEVO DÍA,XD 3D Doblada,19:00,,,,https://www.cinemark.com.ar/peliculas/spider-man-un-nuevo-dia
,Cinemark Hoyts,Malvinas Argentinas,,SPIDER-MAN: UN NUEVO DÍA,DBOX XD 2D Doblada,22:30,,,,https://www.cinemark.com.ar/peliculas/spider-man-un-nuevo-dia
,Cinemark Hoyts,Malvinas Argentinas,,SPIDER-MAN: UN NUEVO DÍA,XD 2D Doblada,22:30,,,,https://www.cinemark.com.ar/peliculas/spider-man-un-nuevo-dia
,Cinemark Hoyts,Malvinas Argentinas,,EL HELADERO,2D Doblada,12:45,,,,https://www.cinemark.com.ar/peliculas/el-heladero-dulce-sabor-a-muerte
,Cinemark Hoyts,Malvinas Argentinas,,EL HELADERO,2D Doblada,17:40,,,,https://www.cinemark.com.ar/peliculas/el-heladero-dulce-sabor-a-muerte
,Cinemark Hoyts,Malvinas Argentinas,,EL HELADERO,2D Doblada,23:10,,,,https://www.cinemark.com.ar/peliculas/el-heladero-dulce-sabor-a-muerte
,Cinemark Hoyts,Malvinas Argentinas,,TADEO EL EXPLORADOR Y LA LAMPARA,2D Doblada,12:50,,,,https://www.cinemark.com.ar/peliculas/tadeo-el-explorador-y-la-lampara-maravillosa
,Cinemark Hoyts,Malvinas Argentinas,,TADEO EL EXPLORADOR Y LA LAMPARA,2D Doblada,15:00,,,,https://www.cinemark.com.ar/peliculas/tadeo-el-explorador-y-la-lampara-maravillosa
,Cinemark Hoyts,Malvinas Argentinas,,TADEO EL EXPLORADOR Y LA LAMPARA,2D Doblada,17:25,,,,https://www.cinemark.com.ar/peliculas/tadeo-el-explorador-y-la-lampara-maravillosa
,Cinemark Hoyts,Malvinas Argentinas,,LOS BOXTROLLS,2D Doblada,13:05,,,,https://www.cinemark.com.ar/peliculas/los-boxtrolls
,Cinemark Hoyts,Malvinas Argentinas,,SCARY MOVIE TERRORÍFICAMENTE INC,2D Doblada,13:15,,,,https://www.cinemark.com.ar/peliculas/scary-movie-terrorificamente-incorrecta
,Cinemark Hoyts,Malvinas Argentinas,,SCARY MOVIE TERRORÍFICAMENTE INC,2D Doblada,17:50,,,,https://www.cinemark.com.ar/peliculas/scary-movie-terrorificamente-incorrecta
,Cinemark Hoyts,Malvinas Argentinas,,EL FINAL DE LA CALLE OAK,2D Doblada,14:00,,,,https://www.cinemark.com.ar/peliculas/el-final-de-la-calle-oak
,Cinemark Hoyts,Malvinas Argentinas,,LA ODISEA,2D Doblada,14:10,,,,https://www.cinemark.com.ar/peliculas/la-odisea
,Cinemark Hoyts,Malvinas Argentinas,,LA ODISEA,2D Doblada,22:10,,,,https://www.cinemark.com.ar/peliculas/la-odisea
,Cinemark Hoyts,Malvinas Argentinas,,SHREK: 25 ANIVERSARIO,2D Doblada,14:45,,,,https://www.cinemark.com.ar/peliculas/shrek-25-aniversario
,Cinemark Hoyts,Malvinas Argentinas,,COLONY: ZONA CERO,2D Doblada,14:50,,,,https://www.cinemark.com.ar/peliculas/colony-zona-cero
,Cinemark Hoyts,Malvinas Argentinas,,PARANORMAN,2D Doblada,15:20,,,,https://www.cinemark.com.ar/peliculas/paranorman
,Cinemark Hoyts,Malvinas Argentinas,,TOY STORY 5,2D Doblada,15:30,,,,https://www.cinemark.com.ar/peliculas/toy-story-5
,Cinemark Hoyts,Malvinas Argentinas,,HECHIZO DE AMOR: LA MAGIA CONTINUA,2D Doblada,16:20,,,,https://www.cinemark.com.ar/peliculas/hechizo-de-amor-la-magia-continua
,Cinemark Hoyts,Malvinas Argentinas,,HECHIZO DE AMOR: LA MAGIA CONTINUA,2D Doblada,19:10,,,,https://www.cinemark.com.ar/peliculas/hechizo-de-amor-la-magia-continua
,Cinemark Hoyts,Malvinas Argentinas,,HECHIZO DE AMOR: LA MAGIA CONTINUA,2D Doblada,22:00,,,,https://www.cinemark.com.ar/peliculas/hechizo-de-amor-la-magia-continua
,Cinemark Hoyts,Malvinas Argentinas,,TERMINATOR 2: EL JUICIO FINAL,2D Doblada,16:50,,,,https://www.cinemark.com.ar/peliculas/terminator-2-el-juicio-final-35-aniversario
,Cinemark Hoyts,Malvinas Argentinas,,AKIRA (1988),2D Subtitulada,17:30,,,,https://www.cinemark.com.ar/peliculas/akira-1988
,Cinemark Hoyts,Malvinas Argentinas,,CORALINE,3D Doblada,18:00,,,,https://www.cinemark.com.ar/peliculas/coraline-y-la-puerta-secreta
,Cinemark Hoyts,Malvinas Argentinas,,CÓDIGO: VENGANZA,2D Doblada,19:50,,,,https://www.cinemark.com.ar/peliculas/codigo-venganza
,Cinemark Hoyts,Malvinas Argentinas,,CÓDIGO: VENGANZA,2D Doblada,22:20,,,,https://www.cinemark.com.ar/peliculas/codigo-venganza
,Cinemark Hoyts,Malvinas Argentinas,,OASIS: DON´T LOOK BACK IN ANGER,2D Subtitulada,20:00,,,,https://www.cinemark.com.ar/peliculas/oasis-don-t-look-back-in-anger
,Cinemark Hoyts,Malvinas Argentinas,,VOLVER AL FUTURO,2D Subtitulada,20:10,,,,https://www.cinemark.com.ar/peliculas/volver-al-futuro
,Cinemark Hoyts,Malvinas Argentinas,,EL DIABLO VISTE A LA MODA 2,2D Doblada,20:15,,,,https://www.cinemark.com.ar/peliculas/el-diablo-viste-a-la-moda-2
,Cinemark Hoyts,Malvinas Argentinas,,MICHAEL,2D Doblada,20:20,,,,https://www.cinemark.com.ar/peliculas/michael
,Cinemark Hoyts,Malvinas Argentinas,,"YO, NARCISO",2D Doblada,20:30,,,,https://www.cinemark.com.ar/peliculas/yo-narciso
,Cinemark Hoyts,Malvinas Argentinas,,"YO, NARCISO",2D Doblada,22:40,,,,https://www.cinemark.com.ar/peliculas/yo-narciso
,Cinemark Hoyts,Malvinas Argentinas,,PEPITA LA PISTOLERA,2D Doblada,22:50,,,,https://www.cinemark.com.ar/peliculas/pepita-la-pistolera
,Cinemark Hoyts,Malvinas Argentinas,,RÁPIDO Y FURIOSO: 25 ANIVERSARIO,2D Doblada,23:05,,,,https://www.cinemark.com.ar/peliculas/rapido-y-furioso-25-aniversario
,Cinemark Hoyts,Tortugas,,COYOTE VS ACME,2D Doblada,12:20,,,,https://www.cinemark.com.ar/peliculas/coyote-vs-acme
,Cinemark Hoyts,Tortugas,,COYOTE VS ACME,2D Doblada,14:50,,,,https://www.cinemark.com.ar/peliculas/coyote-vs-acme
,Cinemark Hoyts,Tortugas,,COYOTE VS ACME,2D Doblada,17:20,,,,https://www.cinemark.com.ar/peliculas/coyote-vs-acme
,Cinemark Hoyts,Tortugas,,COYOTE VS ACME,2D Doblada,19:50,,,,https://www.cinemark.com.ar/peliculas/coyote-vs-acme
,Cinemark Hoyts,Tortugas,,SPIDER-MAN: UN NUEVO DÍA,DBOX XD 2D Doblada,12:30,,,,https://www.cinemark.com.ar/peliculas/spider-man-un-nuevo-dia
,Cinemark Hoyts,Tortugas,,SPIDER-MAN: UN NUEVO DÍA,XD 2D Doblada,12:30,,,,https://www.cinemark.com.ar/peliculas/spider-man-un-nuevo-dia
,Cinemark Hoyts,Tortugas,,SPIDER-MAN: UN NUEVO DÍA,DBOX XD 2D Doblada,15:40,,,,https://www.cinemark.com.ar/peliculas/spider-man-un-nuevo-dia
,Cinemark Hoyts,Tortugas,,SPIDER-MAN: UN NUEVO DÍA,XD 2D Doblada,15:40,,,,https://www.cinemark.com.ar/peliculas/spider-man-un-nuevo-dia
,Cinemark Hoyts,Tortugas,,SPIDER-MAN: UN NUEVO DÍA,DBOX XD 3D Doblada,18:50,,,,https://www.cinemark.com.ar/peliculas/spider-man-un-nuevo-dia
,Cinemark Hoyts,Tortugas,,SPIDER-MAN: UN NUEVO DÍA,XD 3D Doblada,18:50,,,,https://www.cinemark.com.ar/peliculas/spider-man-un-nuevo-dia
,Cinemark Hoyts,Tortugas,,SPIDER-MAN: UN NUEVO DÍA,DBOX XD 2D Doblada,22:00,,,,https://www.cinemark.com.ar/peliculas/spider-man-un-nuevo-dia
,Cinemark Hoyts,Tortugas,,SPIDER-MAN: UN NUEVO DÍA,XD 2D Doblada,22:00,,,,https://www.cinemark.com.ar/peliculas/spider-man-un-nuevo-dia
,Cinemark Hoyts,Tortugas,,LOS BOXTROLLS,2D Doblada,12:40,,,,https://www.cinemark.com.ar/peliculas/los-boxtrolls
,Cinemark Hoyts,Tortugas,,HOPPERS: OPERACIÓN CASTOR,2D Doblada,12:50,,,,https://www.cinemark.com.ar/peliculas/hoppers
,Cinemark Hoyts,Tortugas,,CÓDIGO: VENGANZA,2D Doblada,13:00,,,,https://www.cinemark.com.ar/peliculas/codigo-venganza
,Cinemark Hoyts,Tortugas,,CÓDIGO: VENGANZA,2D Doblada,17:30,,,,https://www.cinemark.com.ar/peliculas/codigo-venganza
,Cinemark Hoyts,Tortugas,,CÓDIGO: VENGANZA,2D Doblada,22:10,,,,https://www.cinemark.com.ar/peliculas/codigo-venganza
,Cinemark Hoyts,Tortugas,,TADEO EL EXPLORADOR Y LA LAMPARA,2D Doblada,13:20,,,,https://www.cinemark.com.ar/peliculas/tadeo-el-explorador-y-la-lampara-maravillosa
,Cinemark Hoyts,Tortugas,,TADEO EL EXPLORADOR Y LA LAMPARA,2D Doblada,15:30,,,,https://www.cinemark.com.ar/peliculas/tadeo-el-explorador-y-la-lampara-maravillosa
,Cinemark Hoyts,Tortugas,,TADEO EL EXPLORADOR Y LA LAMPARA,2D Doblada,17:40,,,,https://www.cinemark.com.ar/peliculas/tadeo-el-explorador-y-la-lampara-maravillosa
,Cinemark Hoyts,Tortugas,,TOY STORY 5,2D Doblada,14:00,,,,https://www.cinemark.com.ar/peliculas/toy-story-5
,Cinemark Hoyts,Tortugas,,LA NOCHE DEL DEMONIO 6,DBOX 2D Doblada,14:10,,,,https://www.cinemark.com.ar/peliculas/la-noche-del-demonio-estan-entre-nosotros
,Cinemark Hoyts,Tortugas,,LA NOCHE DEL DEMONIO 6,2D Doblada,14:10,,,,https://www.cinemark.com.ar/peliculas/la-noche-del-demonio-estan-entre-nosotros
,Cinemark Hoyts,Tortugas,,LA NOCHE DEL DEMONIO 6,DBOX 2D Doblada,16:40,,,,https://www.cinemark.com.ar/peliculas/la-noche-del-demonio-estan-entre-nosotros
,Cinemark Hoyts,Tortugas,,LA NOCHE DEL DEMONIO 6,2D Doblada,16:40,,,,https://www.cinemark.com.ar/peliculas/la-noche-del-demonio-estan-entre-nosotros
,Cinemark Hoyts,Tortugas,,LA NOCHE DEL DEMONIO 6,DBOX 2D Doblada,19:10,,,,https://www.cinemark.com.ar/peliculas/la-noche-del-demonio-estan-entre-nosotros
,Cinemark Hoyts,Tortugas,,LA NOCHE DEL DEMONIO 6,2D Doblada,19:10,,,,https://www.cinemark.com.ar/peliculas/la-noche-del-demonio-estan-entre-nosotros
,Cinemark Hoyts,Tortugas,,LA NOCHE DEL DEMONIO 6,DBOX 2D Doblada,21:40,,,,https://www.cinemark.com.ar/peliculas/la-noche-del-demonio-estan-entre-nosotros
,Cinemark Hoyts,Tortugas,,LA NOCHE DEL DEMONIO 6,2D Doblada,21:40,,,,https://www.cinemark.com.ar/peliculas/la-noche-del-demonio-estan-entre-nosotros
,Cinemark Hoyts,Tortugas,,LA NOCHE DEL DEMONIO 6,2D Doblada,22:40,,,,https://www.cinemark.com.ar/peliculas/la-noche-del-demonio-estan-entre-nosotros
,Cinemark Hoyts,Tortugas,,LA ODISEA,2D Doblada,14:20,,,,https://www.cinemark.com.ar/peliculas/la-odisea
,Cinemark Hoyts,Tortugas,,LA ODISEA,2D Doblada,22:20,,,,https://www.cinemark.com.ar/peliculas/la-odisea
,Cinemark Hoyts,Tortugas,,MICHAEL,2D Doblada,15:00,,,,https://www.cinemark.com.ar/peliculas/michael
,Cinemark Hoyts,Tortugas,,PEPITA LA PISTOLERA,2D Doblada,15:10,,,,https://www.cinemark.com.ar/peliculas/pepita-la-pistolera
,Cinemark Hoyts,Tortugas,,PEPITA LA PISTOLERA,2D Doblada,22:50,,,,https://www.cinemark.com.ar/peliculas/pepita-la-pistolera
,Cinemark Hoyts,Tortugas,,SHREK: 25 ANIVERSARIO,2D Doblada,15:20,,,,https://www.cinemark.com.ar/peliculas/shrek-25-aniversario
,Cinemark Hoyts,Tortugas,,LA GUERRA DE LOS ÚLTIMOS,2D Doblada,16:20,,,,https://www.cinemark.com.ar/peliculas/la-guerra-de-los-ultimos
,Cinemark Hoyts,Tortugas,,COLONY: ZONA CERO,2D Doblada,17:30,,,,https://www.cinemark.com.ar/peliculas/colony-zona-cero
,Cinemark Hoyts,Tortugas,,CORALINE,3D Doblada,18:00,,,,https://www.cinemark.com.ar/peliculas/coraline-y-la-puerta-secreta
,Cinemark Hoyts,Tortugas,,EL HELADERO,2D Doblada,18:10,,,,https://www.cinemark.com.ar/peliculas/el-heladero-dulce-sabor-a-muerte
,Cinemark Hoyts,Tortugas,,EL HELADERO,2D Doblada,23:00,,,,https://www.cinemark.com.ar/peliculas/el-heladero-dulce-sabor-a-muerte
,Cinemark Hoyts,Tortugas,,HECHIZO DE AMOR: LA MAGIA CONTINUA,2D Doblada,19:00,,,,https://www.cinemark.com.ar/peliculas/hechizo-de-amor-la-magia-continua
,Cinemark Hoyts,Tortugas,,HECHIZO DE AMOR: LA MAGIA CONTINUA,2D Doblada,21:50,,,,https://www.cinemark.com.ar/peliculas/hechizo-de-amor-la-magia-continua
,Cinemark Hoyts,Tortugas,,RÁPIDO Y FURIOSO: 25 ANIVERSARIO,2D Doblada,19:40,,,,https://www.cinemark.com.ar/peliculas/rapido-y-furioso-25-aniversario
,Cinemark Hoyts,Tortugas,,VOLVER AL FUTURO,2D Subtitulada,20:00,,,,https://www.cinemark.com.ar/peliculas/volver-al-futuro
,Cinemark Hoyts,Tortugas,,OASIS: DON´T LOOK BACK IN ANGER,2D Subtitulada,20:10,,,,https://www.cinemark.com.ar/peliculas/oasis-don-t-look-back-in-anger
,Cinemark Hoyts,Tortugas,,TERMINATOR 2: EL JUICIO FINAL,2D Doblada,20:15,,,,https://www.cinemark.com.ar/peliculas/terminator-2-el-juicio-final-35-aniversario
,Cinemark Hoyts,Tortugas,,"YO, NARCISO",2D Doblada,20:20,,,,https://www.cinemark.com.ar/peliculas/yo-narciso
,Cinemark Hoyts,Tortugas,,"YO, NARCISO",2D Doblada,22:30,,,,https://www.cinemark.com.ar/peliculas/yo-narciso
,Cinemark Hoyts,Moreno,,SPIDER-MAN: UN NUEVO DÍA,2D Doblada,12:30,,,,https://www.cinemark.com.ar/peliculas/spider-man-un-nuevo-dia
,Cinemark Hoyts,Moreno,,SPIDER-MAN: UN NUEVO DÍA,3D Doblada,15:50,,,,https://www.cinemark.com.ar/peliculas/spider-man-un-nuevo-dia
,Cinemark Hoyts,Moreno,,SPIDER-MAN: UN NUEVO DÍA,2D Doblada,19:10,,,,https://www.cinemark.com.ar/peliculas/spider-man-un-nuevo-dia
,Cinemark Hoyts,Moreno,,SPIDER-MAN: UN NUEVO DÍA,2D Doblada,22:30,,,,https://www.cinemark.com.ar/peliculas/spider-man-un-nuevo-dia
,Cinemark Hoyts,Moreno,,COYOTE VS ACME,DBOX 2D Doblada,12:35,,,,https://www.cinemark.com.ar/peliculas/coyote-vs-acme
,Cinemark Hoyts,Moreno,,COYOTE VS ACME,2D Doblada,12:35,,,,https://www.cinemark.com.ar/peliculas/coyote-vs-acme
,Cinemark Hoyts,Moreno,,COYOTE VS ACME,DBOX 2D Doblada,15:00,,,,https://www.cinemark.com.ar/peliculas/coyote-vs-acme
,Cinemark Hoyts,Moreno,,COYOTE VS ACME,2D Doblada,15:00,,,,https://www.cinemark.com.ar/peliculas/coyote-vs-acme
,Cinemark Hoyts,Moreno,,COYOTE VS ACME,DBOX 2D Doblada,17:25,,,,https://www.cinemark.com.ar/peliculas/coyote-vs-acme
,Cinemark Hoyts,Moreno,,COYOTE VS ACME,2D Doblada,17:25,,,,https://www.cinemark.com.ar/peliculas/coyote-vs-acme
,Cinemark Hoyts,Moreno,,COYOTE VS ACME,DBOX 2D Doblada,19:50,,,,https://www.cinemark.com.ar/peliculas/coyote-vs-acme
,Cinemark Hoyts,Moreno,,COYOTE VS ACME,2D Doblada,19:50,,,,https://www.cinemark.com.ar/peliculas/coyote-vs-acme
,Cinemark Hoyts,Moreno,,PAW PATROL: LA DINO PELÍCULA,2D Doblada,12:40,,,,https://www.cinemark.com.ar/peliculas/paw-patrol-la-dino-pelicula
,Cinemark Hoyts,Moreno,,PAW PATROL: LA DINO PELÍCULA,2D Doblada,14:50,,,,https://www.cinemark.com.ar/peliculas/paw-patrol-la-dino-pelicula
,Cinemark Hoyts,Moreno,,LOS BOXTROLLS,2D Doblada,12:50,,,,https://www.cinemark.com.ar/peliculas/los-boxtrolls
,Cinemark Hoyts,Moreno,,TADEO EL EXPLORADOR Y LA LAMPARA,2D Doblada,13:10,,,,https://www.cinemark.com.ar/peliculas/tadeo-el-explorador-y-la-lampara-maravillosa
,Cinemark Hoyts,Moreno,,TADEO EL EXPLORADOR Y LA LAMPARA,2D Doblada,15:40,,,,https://www.cinemark.com.ar/peliculas/tadeo-el-explorador-y-la-lampara-maravillosa
,Cinemark Hoyts,Moreno,,TADEO EL EXPLORADOR Y LA LAMPARA,2D Doblada,18:10,,,,https://www.cinemark.com.ar/peliculas/tadeo-el-explorador-y-la-lampara-maravillosa
,Cinemark Hoyts,Moreno,,EL HELADERO,2D Doblada,13:20,,,,https://www.cinemark.com.ar/peliculas/el-heladero-dulce-sabor-a-muerte
,Cinemark Hoyts,Moreno,,EL HELADERO,2D Doblada,17:50,,,,https://www.cinemark.com.ar/peliculas/el-heladero-dulce-sabor-a-muerte
,Cinemark Hoyts,Moreno,,EL HELADERO,2D Doblada,22:40,,,,https://www.cinemark.com.ar/peliculas/el-heladero-dulce-sabor-a-muerte
,Cinemark Hoyts,Moreno,,LA NOCHE DEL DEMONIO 6,DBOX 2D Doblada,13:50,,,,https://www.cinemark.com.ar/peliculas/la-noche-del-demonio-estan-entre-nosotros
,Cinemark Hoyts,Moreno,,LA NOCHE DEL DEMONIO 6,2D Doblada,13:50,,,,https://www.cinemark.com.ar/peliculas/la-noche-del-demonio-estan-entre-nosotros
,Cinemark Hoyts,Moreno,,LA NOCHE DEL DEMONIO 6,DBOX 2D Doblada,16:30,,,,https://www.cinemark.com.ar/peliculas/la-noche-del-demonio-estan-entre-nosotros
,Cinemark Hoyts,Moreno,,LA NOCHE DEL DEMONIO 6,2D Doblada,16:30,,,,https://www.cinemark.com.ar/peliculas/la-noche-del-demonio-estan-entre-nosotros
,Cinemark Hoyts,Moreno,,LA NOCHE DEL DEMONIO 6,DBOX 2D Doblada,19:00,,,,https://www.cinemark.com.ar/peliculas/la-noche-del-demonio-estan-entre-nosotros
,Cinemark Hoyts,Moreno,,LA NOCHE DEL DEMONIO 6,2D Doblada,19:00,,,,https://www.cinemark.com.ar/peliculas/la-noche-del-demonio-estan-entre-nosotros
,Cinemark Hoyts,Moreno,,LA NOCHE DEL DEMONIO 6,DBOX 2D Doblada,22:00,,,,https://www.cinemark.com.ar/peliculas/la-noche-del-demonio-estan-entre-nosotros
,Cinemark Hoyts,Moreno,,LA NOCHE DEL DEMONIO 6,2D Doblada,22:00,,,,https://www.cinemark.com.ar/peliculas/la-noche-del-demonio-estan-entre-nosotros
,Cinemark Hoyts,Moreno,,EL FINAL DE LA CALLE OAK,2D Doblada,14:00,,,,https://www.cinemark.com.ar/peliculas/el-final-de-la-calle-oak
,Cinemark Hoyts,Moreno,,LA ODISEA,2D Doblada,14:10,,,,https://www.cinemark.com.ar/peliculas/la-odisea
,Cinemark Hoyts,Moreno,,LA ODISEA,DBOX 2D Doblada,22:20,,,,https://www.cinemark.com.ar/peliculas/la-odisea
,Cinemark Hoyts,Moreno,,LA ODISEA,2D Doblada,22:20,,,,https://www.cinemark.com.ar/peliculas/la-odisea
,Cinemark Hoyts,Moreno,,"YO, NARCISO",2D Doblada,14:30,,,,https://www.cinemark.com.ar/peliculas/yo-narciso
,Cinemark Hoyts,Moreno,,"YO, NARCISO",2D Doblada,20:20,,,,https://www.cinemark.com.ar/peliculas/yo-narciso
,Cinemark Hoyts,Moreno,,"YO, NARCISO",2D Doblada,22:45,,,,https://www.cinemark.com.ar/peliculas/yo-narciso
,Cinemark Hoyts,Moreno,,PARANORMAN,2D Doblada,15:10,,,,https://www.cinemark.com.ar/peliculas/paranorman
,Cinemark Hoyts,Moreno,,TOY STORY 5,2D Doblada,15:30,,,,https://www.cinemark.com.ar/peliculas/toy-story-5
,Cinemark Hoyts,Moreno,,HECHIZO DE AMOR: LA MAGIA CONTINUA,2D Doblada,16:20,,,,https://www.cinemark.com.ar/peliculas/hechizo-de-amor-la-magia-continua
,Cinemark Hoyts,Moreno,,HECHIZO DE AMOR: LA MAGIA CONTINUA,2D Doblada,19:15,,,,https://www.cinemark.com.ar/peliculas/hechizo-de-amor-la-magia-continua
,Cinemark Hoyts,Moreno,,HECHIZO DE AMOR: LA MAGIA CONTINUA,2D Doblada,22:15,,,,https://www.cinemark.com.ar/peliculas/hechizo-de-amor-la-magia-continua
,Cinemark Hoyts,Moreno,,SHREK: 25 ANIVERSARIO,2D Doblada,16:50,,,,https://www.cinemark.com.ar/peliculas/shrek-25-aniversario
,Cinemark Hoyts,Moreno,,TERMINATOR 2: EL JUICIO FINAL,2D Doblada,17:00,,,,https://www.cinemark.com.ar/peliculas/terminator-2-el-juicio-final-35-aniversario
,Cinemark Hoyts,Moreno,,COLONY: ZONA CERO,2D Doblada,17:20,,,,https://www.cinemark.com.ar/peliculas/colony-zona-cero
,Cinemark Hoyts,Moreno,,CORALINE,3D Doblada,18:00,,,,https://www.cinemark.com.ar/peliculas/coraline-y-la-puerta-secreta
,Cinemark Hoyts,Moreno,,EL DIABLO VISTE A LA MODA 2,2D Doblada,19:20,,,,https://www.cinemark.com.ar/peliculas/el-diablo-viste-a-la-moda-2
,Cinemark Hoyts,Moreno,,OASIS: DON´T LOOK BACK IN ANGER,2D Subtitulada,20:00,,,,https://www.cinemark.com.ar/peliculas/oasis-don-t-look-back-in-anger
,Cinemark Hoyts,Moreno,,VOLVER AL FUTURO,2D Subtitulada,20:00,,,,https://www.cinemark.com.ar/peliculas/volver-al-futuro
,Cinemark Hoyts,Moreno,,MICHAEL,2D Doblada,20:10,,,,https://www.cinemark.com.ar/peliculas/michael
,Cinemark Hoyts,Moreno,,CÓDIGO: VENGANZA,2D Doblada,20:30,,,,https://www.cinemark.com.ar/peliculas/codigo-venganza
,Cinemark Hoyts,Moreno,,CÓDIGO: VENGANZA,2D Doblada,23:10,,,,https://www.cinemark.com.ar/peliculas/codigo-venganza
,Cinemark Hoyts,Moreno,,SCARY MOVIE TERRORÍFICAMENTE INC,2D Doblada,22:10,,,,https://www.cinemark.com.ar/peliculas/scary-movie-terrorificamente-incorrecta
,Cinemark Hoyts,Moreno,,PEPITA LA PISTOLERA,2D Doblada,22:50,,,,https://www.cinemark.com.ar/peliculas/pepita-la-pistolera
,Cinemark Hoyts,Moreno,,RÁPIDO Y FURIOSO: 25 ANIVERSARIO,2D Doblada,23:00,,,,https://www.cinemark.com.ar/peliculas/rapido-y-furioso-25-aniversario
,Cinemark Hoyts,Quilmes,,SPIDER-MAN: UN NUEVO DÍA,2D Doblada,12:40,,,,https://www.cinemark.com.ar/peliculas/spider-man-un-nuevo-dia
,Cinemark Hoyts,Quilmes,,SPIDER-MAN: UN NUEVO DÍA,4D 3D Doblada,13:20,,,,https://www.cinemark.com.ar/peliculas/spider-man-un-nuevo-dia
,Cinemark Hoyts,Quilmes,,SPIDER-MAN: UN NUEVO DÍA,2D Doblada,15:50,,,,https://www.cinemark.com.ar/peliculas/spider-man-un-nuevo-dia
,Cinemark Hoyts,Quilmes,,SPIDER-MAN: UN NUEVO DÍA,4D 3D Doblada,16:30,,,,https://www.cinemark.com.ar/peliculas/spider-man-un-nuevo-dia
,Cinemark Hoyts,Quilmes,,SPIDER-MAN: UN NUEVO DÍA,2D Doblada,19:00,,,,https://www.cinemark.com.ar/peliculas/spider-man-un-nuevo-dia
,Cinemark Hoyts,Quilmes,,SPIDER-MAN: UN NUEVO DÍA,4D 3D Doblada,19:50,,,,https://www.cinemark.com.ar/peliculas/spider-man-un-nuevo-dia
,Cinemark Hoyts,Quilmes,,SPIDER-MAN: UN NUEVO DÍA,2D Doblada,22:10,,,,https://www.cinemark.com.ar/peliculas/spider-man-un-nuevo-dia
,Cinemark Hoyts,Quilmes,,PAW PATROL: LA DINO PELÍCULA,2D Doblada,12:45,,,,https://www.cinemark.com.ar/peliculas/paw-patrol-la-dino-pelicula
,Cinemark Hoyts,Quilmes,,PAW PATROL: LA DINO PELÍCULA,2D Doblada,14:50,,,,https://www.cinemark.com.ar/peliculas/paw-patrol-la-dino-pelicula
,Cinemark Hoyts,Quilmes,,TOY STORY 5,2D Doblada,12:50,,,,https://www.cinemark.com.ar/peliculas/toy-story-5
,Cinemark Hoyts,Quilmes,,TOY STORY 5,2D Doblada,15:20,,,,https://www.cinemark.com.ar/peliculas/toy-story-5
,Cinemark Hoyts,Quilmes,,TOY STORY 5,2D Doblada,17:40,,,,https://www.cinemark.com.ar/peliculas/toy-story-5
,Cinemark Hoyts,Quilmes,,CÓDIGO: VENGANZA,2D Doblada,12:55,,,,https://www.cinemark.com.ar/peliculas/codigo-venganza
,Cinemark Hoyts,Quilmes,,CÓDIGO: VENGANZA,2D Doblada,15:10,,,,https://www.cinemark.com.ar/peliculas/codigo-venganza
,Cinemark Hoyts,Quilmes,,CÓDIGO: VENGANZA,2D Doblada,17:30,,,,https://www.cinemark.com.ar/peliculas/codigo-venganza
,Cinemark Hoyts,Quilmes,,CÓDIGO: VENGANZA,2D Doblada,19:45,,,,https://www.cinemark.com.ar/peliculas/codigo-venganza
,Cinemark Hoyts,Quilmes,,CÓDIGO: VENGANZA,2D Doblada,22:55,,,,https://www.cinemark.com.ar/peliculas/codigo-venganza
,Cinemark Hoyts,Quilmes,,SHREK: 25 ANIVERSARIO,2D Doblada,13:00,,,,https://www.cinemark.com.ar/peliculas/shrek-25-aniversario
,Cinemark Hoyts,Quilmes,,SHREK: 25 ANIVERSARIO,2D Doblada,15:05,,,,https://www.cinemark.com.ar/peliculas/shrek-25-aniversario
,Cinemark Hoyts,Quilmes,,EL HELADERO,2D Doblada,13:00,,,,https://www.cinemark.com.ar/peliculas/el-heladero-dulce-sabor-a-muerte
,Cinemark Hoyts,Quilmes,,EL HELADERO,2D Doblada,15:00,,,,https://www.cinemark.com.ar/peliculas/el-heladero-dulce-sabor-a-muerte
,Cinemark Hoyts,Quilmes,,EL HELADERO,2D Doblada,17:05,,,,https://www.cinemark.com.ar/peliculas/el-heladero-dulce-sabor-a-muerte
,Cinemark Hoyts,Quilmes,,EL HELADERO,2D Doblada,19:10,,,,https://www.cinemark.com.ar/peliculas/el-heladero-dulce-sabor-a-muerte
,Cinemark Hoyts,Quilmes,,EL HELADERO,2D Doblada,21:10,,,,https://www.cinemark.com.ar/peliculas/el-heladero-dulce-sabor-a-muerte
,Cinemark Hoyts,Quilmes,,EL HELADERO,2D Doblada,23:10,,,,https://www.cinemark.com.ar/peliculas/el-heladero-dulce-sabor-a-muerte
,Cinemark Hoyts,Quilmes,,TADEO EL EXPLORADOR Y LA LAMPARA,2D Doblada,13:10,,,,https://www.cinemark.com.ar/peliculas/tadeo-el-explorador-y-la-lampara-maravillosa
,Cinemark Hoyts,Quilmes,,TADEO EL EXPLORADOR Y LA LAMPARA,2D Doblada,15:30,,,,https://www.cinemark.com.ar/peliculas/tadeo-el-explorador-y-la-lampara-maravillosa
,Cinemark Hoyts,Quilmes,,TADEO EL EXPLORADOR Y LA LAMPARA,2D Doblada,17:45,,,,https://www.cinemark.com.ar/peliculas/tadeo-el-explorador-y-la-lampara-maravillosa
,Cinemark Hoyts,Quilmes,,LOS BOXTROLLS,2D Doblada,13:30,,,,https://www.cinemark.com.ar/peliculas/los-boxtrolls
,Cinemark Hoyts,Quilmes,,COYOTE VS ACME,2D Doblada,14:05,,,,https://www.cinemark.com.ar/peliculas/coyote-vs-acme
,Cinemark Hoyts,Quilmes,,COYOTE VS ACME,2D Doblada,16:45,,,,https://www.cinemark.com.ar/peliculas/coyote-vs-acme
,Cinemark Hoyts,Quilmes,,COYOTE VS ACME,2D Doblada,19:35,,,,https://www.cinemark.com.ar/peliculas/coyote-vs-acme
,Cinemark Hoyts,Quilmes,,LA NOCHE DEL DEMONIO 6,2D Doblada,14:20,,,,https://www.cinemark.com.ar/peliculas/la-noche-del-demonio-estan-entre-nosotros
,Cinemark Hoyts,Quilmes,,LA NOCHE DEL DEMONIO 6,2D Doblada,16:50,,,,https://www.cinemark.com.ar/peliculas/la-noche-del-demonio-estan-entre-nosotros
,Cinemark Hoyts,Quilmes,,LA NOCHE DEL DEMONIO 6,2D Doblada,19:20,,,,https://www.cinemark.com.ar/peliculas/la-noche-del-demonio-estan-entre-nosotros
,Cinemark Hoyts,Quilmes,,LA NOCHE DEL DEMONIO 6,2D Doblada,22:00,,,,https://www.cinemark.com.ar/peliculas/la-noche-del-demonio-estan-entre-nosotros
,Cinemark Hoyts,Quilmes,,LA NOCHE DEL DEMONIO 6,4D 2D Doblada,23:00,,,,https://www.cinemark.com.ar/peliculas/la-noche-del-demonio-estan-entre-nosotros
,Cinemark Hoyts,Quilmes,,EL DIABLO VISTE A LA MODA 2,2D Doblada,14:30,,,,https://www.cinemark.com.ar/peliculas/el-diablo-viste-a-la-moda-2
,Cinemark Hoyts,Quilmes,,PARANORMAN,2D Doblada,15:50,,,,https://www.cinemark.com.ar/peliculas/paranorman
,Cinemark Hoyts,Quilmes,,PMMM LA PELICULA PARTE 2,2D Subtitulada,17:00,,,,https://www.cinemark.com.ar/peliculas/puella-magi-madoka-magica-la-pelicula-parte-2
,Cinemark Hoyts,Quilmes,,MICHAEL,2D Doblada,17:10,,,,https://www.cinemark.com.ar/peliculas/michael
,Cinemark Hoyts,Quilmes,,HECHIZO DE AMOR: LA MAGIA CONTINUA,2D Doblada,17:15,,,,https://www.cinemark.com.ar/peliculas/hechizo-de-amor-la-magia-continua
,Cinemark Hoyts,Quilmes,,HECHIZO DE AMOR: LA MAGIA CONTINUA,2D Doblada,20:05,,,,https://www.cinemark.com.ar/peliculas/hechizo-de-amor-la-magia-continua
,Cinemark Hoyts,Quilmes,,HECHIZO DE AMOR: LA MAGIA CONTINUA,2D Doblada,22:05,,,,https://www.cinemark.com.ar/peliculas/hechizo-de-amor-la-magia-continua
,Cinemark Hoyts,Quilmes,,CORALINE,3D Doblada,18:00,,,,https://www.cinemark.com.ar/peliculas/coraline-y-la-puerta-secreta
,Cinemark Hoyts,Quilmes,,AKIRA (1988),2D Subtitulada,19:40,,,,https://www.cinemark.com.ar/peliculas/akira-1988
,Cinemark Hoyts,Quilmes,,OASIS: DON´T LOOK BACK IN ANGER,2D Subtitulada,20:00,,,,https://www.cinemark.com.ar/peliculas/oasis-don-t-look-back-in-anger
,Cinemark Hoyts,Quilmes,,VOLVER AL FUTURO,2D Subtitulada,20:00,,,,https://www.cinemark.com.ar/peliculas/volver-al-futuro
,Cinemark Hoyts,Quilmes,,RÁPIDO Y FURIOSO: 25 ANIVERSARIO,2D Doblada,20:10,,,,https://www.cinemark.com.ar/peliculas/rapido-y-furioso-25-aniversario
,Cinemark Hoyts,Quilmes,,RÁPIDO Y FURIOSO: 25 ANIVERSARIO,2D Doblada,22:30,,,,https://www.cinemark.com.ar/peliculas/rapido-y-furioso-25-aniversario
,Cinemark Hoyts,Quilmes,,"YO, NARCISO",2D Doblada,20:20,,,,https://www.cinemark.com.ar/peliculas/yo-narciso
,Cinemark Hoyts,Quilmes,,"YO, NARCISO",2D Doblada,22:40,,,,https://www.cinemark.com.ar/peliculas/yo-narciso
,Cinemark Hoyts,Quilmes,,LA ODISEA,2D Doblada,22:20,,,,https://www.cinemark.com.ar/peliculas/la-odisea
,Cinemark Hoyts,Quilmes,,COLONY: ZONA CERO,2D Doblada,22:45,,,,https://www.cinemark.com.ar/peliculas/colony-zona-cero
,Cinemark Hoyts,Quilmes,,TERMINATOR 2: EL JUICIO FINAL,2D Doblada,22:50,,,,https://www.cinemark.com.ar/peliculas/terminator-2-el-juicio-final-35-aniversario
,Cinemark Hoyts,Quilmes,,PEPITA LA PISTOLERA,2D Doblada,23:05,,,,https://www.cinemark.com.ar/peliculas/pepita-la-pistolera
,Cinemark Hoyts,Puerto Madero,,SPIDER-MAN: UN NUEVO DÍA,2D Doblada,13:00,,,,https://www.cinemark.com.ar/peliculas/spider-man-un-nuevo-dia
,Cinemark Hoyts,Puerto Madero,,SPIDER-MAN: UN NUEVO DÍA,3D Doblada,16:10,,,,https://www.cinemark.com.ar/peliculas/spider-man-un-nuevo-dia
,Cinemark Hoyts,Puerto Madero,,SPIDER-MAN: UN NUEVO DÍA,2D Doblada,19:20,,,,https://www.cinemark.com.ar/peliculas/spider-man-un-nuevo-dia
,Cinemark Hoyts,Puerto Madero,,SPIDER-MAN: UN NUEVO DÍA,2D Doblada,22:30,,,,https://www.cinemark.com.ar/peliculas/spider-man-un-nuevo-dia
,Cinemark Hoyts,Puerto Madero,,TOY STORY 5,2D Doblada,13:00,,,,https://www.cinemark.com.ar/peliculas/toy-story-5
,Cinemark Hoyts,Puerto Madero,,COYOTE VS ACME,2D Doblada,13:00,,,,https://www.cinemark.com.ar/peliculas/coyote-vs-acme
,Cinemark Hoyts,Puerto Madero,,COYOTE VS ACME,2D Doblada,15:30,,,,https://www.cinemark.com.ar/peliculas/coyote-vs-acme
,Cinemark Hoyts,Puerto Madero,,COYOTE VS ACME,2D Doblada,18:00,,,,https://www.cinemark.com.ar/peliculas/coyote-vs-acme
,Cinemark Hoyts,Puerto Madero,,COYOTE VS ACME,2D Doblada,20:30,,,,https://www.cinemark.com.ar/peliculas/coyote-vs-acme
,Cinemark Hoyts,Puerto Madero,,LA NOCHE DEL DEMONIO 6,2D Doblada,13:00,,,,https://www.cinemark.com.ar/peliculas/la-noche-del-demonio-estan-entre-nosotros
,Cinemark Hoyts,Puerto Madero,,LA NOCHE DEL DEMONIO 6,2D Doblada,15:20,,,,https://www.cinemark.com.ar/peliculas/la-noche-del-demonio-estan-entre-nosotros
,Cinemark Hoyts,Puerto Madero,,LA NOCHE DEL DEMONIO 6,2D Doblada,17:50,,,,https://www.cinemark.com.ar/peliculas/la-noche-del-demonio-estan-entre-nosotros
,Cinemark Hoyts,Puerto Madero,,LA NOCHE DEL DEMONIO 6,2D Doblada,20:20,,,,https://www.cinemark.com.ar/peliculas/la-noche-del-demonio-estan-entre-nosotros
,Cinemark Hoyts,Puerto Madero,,LA NOCHE DEL DEMONIO 6,2D Doblada,22:40,,,,https://www.cinemark.com.ar/peliculas/la-noche-del-demonio-estan-entre-nosotros
,Cinemark Hoyts,Puerto Madero,,TADEO EL EXPLORADOR Y LA LAMPARA,2D Doblada,13:10,,,,https://www.cinemark.com.ar/peliculas/tadeo-el-explorador-y-la-lampara-maravillosa
,Cinemark Hoyts,Puerto Madero,,TADEO EL EXPLORADOR Y LA LAMPARA,2D Doblada,15:30,,,,https://www.cinemark.com.ar/peliculas/tadeo-el-explorador-y-la-lampara-maravillosa
,Cinemark Hoyts,Puerto Madero,,TADEO EL EXPLORADOR Y LA LAMPARA,2D Doblada,17:50,,,,https://www.cinemark.com.ar/peliculas/tadeo-el-explorador-y-la-lampara-maravillosa
,Cinemark Hoyts,Puerto Madero,,"YO, NARCISO",2D Doblada,13:20,,,,https://www.cinemark.com.ar/peliculas/yo-narciso
,Cinemark Hoyts,Puerto Madero,,"YO, NARCISO",2D Doblada,20:15,,,,https://www.cinemark.com.ar/peliculas/yo-narciso
,Cinemark Hoyts,Puerto Madero,,"YO, NARCISO",2D Doblada,22:40,,,,https://www.cinemark.com.ar/peliculas/yo-narciso
,Cinemark Hoyts,Puerto Madero,,EL DIABLO VISTE A LA MODA 2,2D Doblada,15:00,,,,https://www.cinemark.com.ar/peliculas/el-diablo-viste-a-la-moda-2
,Cinemark Hoyts,Puerto Madero,,SHREK: 25 ANIVERSARIO,2D Doblada,15:15,,,,https://www.cinemark.com.ar/peliculas/shrek-25-aniversario
,Cinemark Hoyts,Puerto Madero,,SCARY MOVIE TERRORÍFICAMENTE INC,2D Doblada,15:20,,,,https://www.cinemark.com.ar/peliculas/scary-movie-terrorificamente-incorrecta
,Cinemark Hoyts,Puerto Madero,,RÁPIDO Y FURIOSO: 25 ANIVERSARIO,2D Doblada,15:40,,,,https://www.cinemark.com.ar/peliculas/rapido-y-furioso-25-aniversario
,Cinemark Hoyts,Puerto Madero,,COLONY: ZONA CERO,2D Doblada,17:20,,,,https://www.cinemark.com.ar/peliculas/colony-zona-cero
,Cinemark Hoyts,Puerto Madero,,CÓDIGO: VENGANZA,2D Doblada,17:40,,,,https://www.cinemark.com.ar/peliculas/codigo-venganza
,Cinemark Hoyts,Puerto Madero,,CÓDIGO: VENGANZA,2D Doblada,22:50,,,,https://www.cinemark.com.ar/peliculas/codigo-venganza
,Cinemark Hoyts,Puerto Madero,,CORALINE,3D Doblada,18:00,,,,https://www.cinemark.com.ar/peliculas/coraline-y-la-puerta-secreta
,Cinemark Hoyts,Puerto Madero,,LA ODISEA,2D Subtitulada,18:10,,,,https://www.cinemark.com.ar/peliculas/la-odisea
,Cinemark Hoyts,Puerto Madero,,LA ODISEA,2D Subtitulada,21:50,,,,https://www.cinemark.com.ar/peliculas/la-odisea
,Cinemark Hoyts,Puerto Madero,,OASIS: DON´T LOOK BACK IN ANGER,2D Subtitulada,20:00,,,,https://www.cinemark.com.ar/peliculas/oasis-don-t-look-back-in-anger
,Cinemark Hoyts,Puerto Madero,,VOLVER AL FUTURO,2D Subtitulada,20:00,,,,https://www.cinemark.com.ar/peliculas/volver-al-futuro
,Cinemark Hoyts,Puerto Madero,,HECHIZO DE AMOR: LA MAGIA CONTINUA,2D Subtitulada,20:10,,,,https://www.cinemark.com.ar/peliculas/hechizo-de-amor-la-magia-continua
,Cinemark Hoyts,Puerto Madero,,HECHIZO DE AMOR: LA MAGIA CONTINUA,2D Subtitulada,23:00,,,,https://www.cinemark.com.ar/peliculas/hechizo-de-amor-la-magia-continua
,Cinemark Hoyts,Puerto Madero,,PEPITA LA PISTOLERA,2D Doblada,22:30,,,,https://www.cinemark.com.ar/peliculas/pepita-la-pistolera
,Cinemark Hoyts,Puerto Madero,,EL HELADERO,2D Doblada,23:00,,,,https://www.cinemark.com.ar/peliculas/el-heladero-dulce-sabor-a-muerte
,Cinemark Hoyts,Soleil,,TOY STORY 5,2D Doblada,13:50,,,,https://www.cinemark.com.ar/peliculas/toy-story-5
,Cinemark Hoyts,Soleil,,LA NOCHE DEL DEMONIO 6,2D Doblada,14:30,,,,https://www.cinemark.com.ar/peliculas/la-noche-del-demonio-estan-entre-nosotros
,Cinemark Hoyts,Soleil,,LA NOCHE DEL DEMONIO 6,2D Doblada,17:10,,,,https://www.cinemark.com.ar/peliculas/la-noche-del-demonio-estan-entre-nosotros
,Cinemark Hoyts,Soleil,,LA NOCHE DEL DEMONIO 6,2D Doblada,19:40,,,,https://www.cinemark.com.ar/peliculas/la-noche-del-demonio-estan-entre-nosotros
,Cinemark Hoyts,Soleil,,LA NOCHE DEL DEMONIO 6,2D Doblada,22:10,,,,https://www.cinemark.com.ar/peliculas/la-noche-del-demonio-estan-entre-nosotros
,Cinemark Hoyts,Soleil,,SHREK: 25 ANIVERSARIO,2D Doblada,14:40,,,,https://www.cinemark.com.ar/peliculas/shrek-25-aniversario
,Cinemark Hoyts,Soleil,,COYOTE VS ACME,2D Doblada,15:00,,,,https://www.cinemark.com.ar/peliculas/coyote-vs-acme
,Cinemark Hoyts,Soleil,,COYOTE VS ACME,2D Doblada,17:40,,,,https://www.cinemark.com.ar/peliculas/coyote-vs-acme
,Cinemark Hoyts,Soleil,,SPIDER-MAN: UN NUEVO DÍA,2D Doblada,15:20,,,,https://www.cinemark.com.ar/peliculas/spider-man-un-nuevo-dia
,Cinemark Hoyts,Soleil,,SPIDER-MAN: UN NUEVO DÍA,3D Doblada,18:40,,,,https://www.cinemark.com.ar/peliculas/spider-man-un-nuevo-dia
,Cinemark Hoyts,Soleil,,SPIDER-MAN: UN NUEVO DÍA,2D Doblada,22:00,,,,https://www.cinemark.com.ar/peliculas/spider-man-un-nuevo-dia
,Cinemark Hoyts,Soleil,,TADEO EL EXPLORADOR Y LA LAMPARA,2D Doblada,15:40,,,,https://www.cinemark.com.ar/peliculas/tadeo-el-explorador-y-la-lampara-maravillosa
,Cinemark Hoyts,Soleil,,TADEO EL EXPLORADOR Y LA LAMPARA,2D Doblada,18:00,,,,https://www.cinemark.com.ar/peliculas/tadeo-el-explorador-y-la-lampara-maravillosa
,Cinemark Hoyts,Soleil,,CORALINE,3D Doblada,16:00,,,,https://www.cinemark.com.ar/peliculas/coraline-y-la-puerta-secreta
,Cinemark Hoyts,Soleil,,MICHAEL,2D Doblada,17:00,,,,https://www.cinemark.com.ar/peliculas/michael
,Cinemark Hoyts,Soleil,,SCARY MOVIE TERRORÍFICAMENTE INC,2D Doblada,18:20,,,,https://www.cinemark.com.ar/peliculas/scary-movie-terrorificamente-incorrecta
,Cinemark Hoyts,Soleil,,VOLVER AL FUTURO,2D Subtitulada,20:00,,,,https://www.cinemark.com.ar/peliculas/volver-al-futuro
,Cinemark Hoyts,Soleil,,HECHIZO DE AMOR: LA MAGIA CONTINUA,2D Doblada,20:05,,,,https://www.cinemark.com.ar/peliculas/hechizo-de-amor-la-magia-continua
,Cinemark Hoyts,Soleil,,HECHIZO DE AMOR: LA MAGIA CONTINUA,2D Doblada,22:45,,,,https://www.cinemark.com.ar/peliculas/hechizo-de-amor-la-magia-continua
,Cinemark Hoyts,Soleil,,"YO, NARCISO",2D Doblada,20:20,,,,https://www.cinemark.com.ar/peliculas/yo-narciso
,Cinemark Hoyts,Soleil,,EL HELADERO,2D Doblada,20:40,,,,https://www.cinemark.com.ar/peliculas/el-heladero-dulce-sabor-a-muerte
,Cinemark Hoyts,Soleil,,EL HELADERO,2D Doblada,23:00,,,,https://www.cinemark.com.ar/peliculas/el-heladero-dulce-sabor-a-muerte
,Cinemark Hoyts,Soleil,,RÁPIDO Y FURIOSO: 25 ANIVERSARIO,2D Doblada,22:40,,,,https://www.cinemark.com.ar/peliculas/rapido-y-furioso-25-aniversario
,Cinemark Hoyts,Soleil,,PEPITA LA PISTOLERA,2D Doblada,22:45,,,,https://www.cinemark.com.ar/peliculas/pepita-la-pistolera
