zona,cadena,cine,direccion,pelicula,formato,horario,precio_general,precio_jubilado,precio_menor,url_pelicula
CABA,Cinépolis,Cinépolis Recoleta,"Vicente López 2050, Recoleta",Los Colores Del Tiempo,2D Subtitulada,14:30,,,,https://cartelera.ar/pelicula/los-colores-del-tiempo
CABA,Cinépolis,Cinépolis Recoleta,"Vicente López 2050, Recoleta",Afterburn (Zona cero),2D Subtitulada,22:30,,,,https://cartelera.ar/pelicula/afterburn-zona-cero
CABA,Cinépolis,Cinépolis Recoleta,"Vicente López 2050, Recoleta",La invitación,2D Subtitulada,17:45,,,,https://cartelera.ar/pelicula/la-invitacion
CABA,Cinépolis,Cinépolis Recoleta,"Vicente López 2050, Recoleta",La invitación,2D Subtitulada,18:15,,,,https://cartelera.ar/pelicula/la-invitacion
CABA,Cinépolis,Cinépolis Recoleta,"Vicente López 2050, Recoleta",La invitación,2D Subtitulada,20:15,,,,https://cartelera.ar/pelicula/la-invitacion
CABA,Cinépolis,Cinépolis Recoleta,"Vicente López 2050, Recoleta",La invitación,2D Subtitulada,22:45,,,,https://cartelera.ar/pelicula/la-invitacion
CABA,Cinépolis,Cinépolis Recoleta,"Vicente López 2050, Recoleta",La Odisea,2D Subtitulada,11:45,,,,https://cartelera.ar/pelicula/la-odisea
CABA,Cinépolis,Cinépolis Recoleta,"Vicente López 2050, Recoleta",La Odisea,2D Subtitulada,14:30,,,,https://cartelera.ar/pelicula/la-odisea
CABA,Cinépolis,Cinépolis Recoleta,"Vicente López 2050, Recoleta",La Odisea,2D Subtitulada,15:20,,,,https://cartelera.ar/pelicula/la-odisea
CABA,Cinépolis,Cinépolis Recoleta,"Vicente López 2050, Recoleta",La Odisea,2D Subtitulada,19:00,,,,https://cartelera.ar/pelicula/la-odisea
CABA,Cinépolis,Cinépolis Recoleta,"Vicente López 2050, Recoleta",La Odisea,2D Subtitulada,21:30,,,,https://cartelera.ar/pelicula/la-odisea
CABA,Cinépolis,Cinépolis Recoleta,"Vicente López 2050, Recoleta",La Odisea,2D Subtitulada,22:40,,,,https://cartelera.ar/pelicula/la-odisea
CABA,Cinépolis,Cinépolis Recoleta,"Vicente López 2050, Recoleta",Spider-Man: Un nuevo día,3D Subtitulada,15:45,,,,https://cartelera.ar/pelicula/spider-man-un-nuevo-dia
CABA,Cinépolis,Cinépolis Recoleta,"Vicente López 2050, Recoleta",Spider-Man: Un nuevo día,2D Subtitulada,16:15,,,,https://cartelera.ar/pelicula/spider-man-un-nuevo-dia
CABA,Cinépolis,Cinépolis Recoleta,"Vicente López 2050, Recoleta",Spider-Man: Un nuevo día,3D Subtitulada,19:00,,,,https://cartelera.ar/pelicula/spider-man-un-nuevo-dia
CABA,Cinépolis,Cinépolis Recoleta,"Vicente López 2050, Recoleta",Una quinta en Portugal,2D Doblada,20:30,,,,https://cartelera.ar/pelicula/una-quinta-en-portugal
CABA,Cinépolis,Cinépolis Recoleta,"Vicente López 2050, Recoleta",La noche del demonio: Están entre nosotros,2D Subtitulada,23:10,,,,https://cartelera.ar/pelicula/la-noche-del-demonio-estan-entre-nosotros
CABA,Cinépolis,Cinépolis Recoleta,"Vicente López 2050, Recoleta",Pepita la Pistolera,2D Doblada,13:00,,,,https://cartelera.ar/pelicula/pepita-la-pistolera
CABA,Cinépolis,Cinépolis Recoleta,"Vicente López 2050, Recoleta",Pepita la Pistolera,2D Doblada,15:20,,,,https://cartelera.ar/pelicula/pepita-la-pistolera
CABA,Cinépolis,Cinépolis Recoleta,"Vicente López 2050, Recoleta",Pepita la Pistolera,2D Doblada,17:45,,,,https://cartelera.ar/pelicula/pepita-la-pistolera
CABA,Cinépolis,Cinépolis Recoleta,"Vicente López 2050, Recoleta",Pepita la Pistolera,2D Doblada,20:00,,,,https://cartelera.ar/pelicula/pepita-la-pistolera
CABA,Cinépolis,Cinépolis Recoleta,"Vicente López 2050, Recoleta",Pepita la Pistolera,2D Doblada,22:20,,,,https://cartelera.ar/pelicula/pepita-la-pistolera
CABA,Cinépolis,Cinépolis Recoleta,"Vicente López 2050, Recoleta",Terminator 2: El juicio final,2D Subtitulada,22:00,,,,https://cartelera.ar/pelicula/terminator-2-el-juicio-final
CABA,Cinépolis,Cinépolis Recoleta,"Vicente López 2050, Recoleta",La constelación del perro,2D Subtitulada,13:00,,,,https://cartelera.ar/pelicula/la-constelacion-del-perro
CABA,Cinépolis,Cinépolis Recoleta,"Vicente López 2050, Recoleta",La constelación del perro,2D Subtitulada,19:20,,,,https://cartelera.ar/pelicula/la-constelacion-del-perro
CABA,Cinépolis,Cinépolis Recoleta,"Vicente López 2050, Recoleta",La constelación del perro,2D Subtitulada,22:10,,,,https://cartelera.ar/pelicula/la-constelacion-del-perro
CABA,Cinépolis,Cinépolis Recoleta,"Vicente López 2050, Recoleta",Coyote vs. Acme,2D Doblada,13:00,,,,https://cartelera.ar/pelicula/coyote-vs-acme
CABA,Cinépolis,Cinépolis Recoleta,"Vicente López 2050, Recoleta",Coyote vs. Acme,2D Subtitulada,15:30,,,,https://cartelera.ar/pelicula/coyote-vs-acme
CABA,Cinépolis,Cinépolis Recoleta,"Vicente López 2050, Recoleta",Coyote vs. Acme,2D Subtitulada,18:00,,,,https://cartelera.ar/pelicula/coyote-vs-acme
CABA,Cinépolis,Cinépolis Recoleta,"Vicente López 2050, Recoleta",Yo Narciso,2D Doblada,12:20,,,,
CABA,Cinépolis,Cinépolis Recoleta,"Vicente López 2050, Recoleta",Yo Narciso,2D Doblada,17:15,,,,
CABA,Cinépolis,Cinépolis Recoleta,"Vicente López 2050, Recoleta",Yo Narciso,2D Doblada,19:30,,,,
CABA,Cinépolis,Cinépolis Recoleta,"Vicente López 2050, Recoleta",Yo Narciso,2D Doblada,21:50,,,,
CABA,Cinépolis,Cinépolis Recoleta,"Vicente López 2050, Recoleta","Adolescencia, sexo y muerte en campamento Miasma",2D Subtitulada,13:40,,,,https://cartelera.ar/pelicula/adolescencia-sexo-y-muerte-en-campamento-miasma
CABA,Cinépolis,Cinépolis Recoleta,"Vicente López 2050, Recoleta",El Gran Falsificador,2D Subtitulada,17:20,,,,
CABA,Cinépolis,Cinépolis Recoleta,"Vicente López 2050, Recoleta",Tierra De Crimen,2D Subtitulada,14:50,,,,
CABA,Cinépolis,Cinépolis Recoleta,"Vicente López 2050, Recoleta",La última copa,2D Subtitulada,19:00,,,,
CABA,Cinépolis,Cinépolis Recoleta,"Vicente López 2050, Recoleta",Un año de escuela,2D Subtitulada,21:30,,,,
CABA,Cinépolis,Cinépolis Recoleta,"Vicente López 2050, Recoleta",El secuestro de Arabella,2D Subtitulada,16:30,,,,
CABA,Cinépolis,Cinépolis Recoleta,"Vicente López 2050, Recoleta",Esa cosa con alas,2D Subtitulada,20:10,,,,
CABA,Cinemark Hoyts,Hoyts Dot Baires,"Vedia 3626, Dot Baires Mall, Saavedra",Coyote vs. Acme,2D Doblada,12:00,,,,https://www.cinemark.com.ar/peliculas/coyote-vs-acme
CABA,Cinemark Hoyts,Hoyts Dot Baires,"Vedia 3626, Dot Baires Mall, Saavedra",Coyote vs. Acme,2D Doblada,14:40,,,,https://www.cinemark.com.ar/peliculas/coyote-vs-acme
CABA,Cinemark Hoyts,Hoyts Dot Baires,"Vedia 3626, Dot Baires Mall, Saavedra",Coyote vs. Acme,2D Doblada,17:20,,,,https://www.cinemark.com.ar/peliculas/coyote-vs-acme
CABA,Cinemark Hoyts,Hoyts Dot Baires,"Vedia 3626, Dot Baires Mall, Saavedra",Coyote vs. Acme,2D Subtitulada,19:50,,,,https://www.cinemark.com.ar/peliculas/coyote-vs-acme
CABA,Cinemark Hoyts,Hoyts Dot Baires,"Vedia 3626, Dot Baires Mall, Saavedra",Insidious: Fuera del más allá,2D Subtitulada,20:15,,,,https://www.cinemark.com.ar/peliculas/la-noche-del-demonio-estan-entre-nosotros
CABA,Cinemark Hoyts,Hoyts Dot Baires,"Vedia 3626, Dot Baires Mall, Saavedra",Insidious: Fuera del más allá,2D Subtitulada,22:30,,,,https://www.cinemark.com.ar/peliculas/la-noche-del-demonio-estan-entre-nosotros
CABA,Cinemark Hoyts,Hoyts Dot Baires,"Vedia 3626, Dot Baires Mall, Saavedra",La constelación del perro,2D Subtitulada,20:00,,,,https://cartelera.ar/pelicula/la-constelacion-del-perro
CABA,Cinemark Hoyts,Hoyts Dot Baires,"Vedia 3626, Dot Baires Mall, Saavedra",LA GUERRA DE LOS ÚLTIMOS,2D Subtitulada,20:00,,,,https://www.cinemark.com.ar/peliculas/la-guerra-de-los-ultimos
CABA,Cinemark Hoyts,Hoyts Dot Baires,"Vedia 3626, Dot Baires Mall, Saavedra",La Odisea,XD 2D Subtitulada,12:00,,,,https://www.cinemark.com.ar/peliculas/la-odisea
CABA,Cinemark Hoyts,Hoyts Dot Baires,"Vedia 3626, Dot Baires Mall, Saavedra",La Odisea,PREMIER 2D Subtitulada,12:20,,,,https://www.cinemark.com.ar/peliculas/la-odisea
CABA,Cinemark Hoyts,Hoyts Dot Baires,"Vedia 3626, Dot Baires Mall, Saavedra",La Odisea,XD 2D Subtitulada,15:40,,,,https://www.cinemark.com.ar/peliculas/la-odisea
CABA,Cinemark Hoyts,Hoyts Dot Baires,"Vedia 3626, Dot Baires Mall, Saavedra",La Odisea,PREMIER 2D Subtitulada,16:30,,,,https://www.cinemark.com.ar/peliculas/la-odisea
CABA,Cinemark Hoyts,Hoyts Dot Baires,"Vedia 3626, Dot Baires Mall, Saavedra",La Odisea,PREMIER 2D Subtitulada,21:00,,,,https://www.cinemark.com.ar/peliculas/la-odisea
CABA,Cinemark Hoyts,Hoyts Dot Baires,"Vedia 3626, Dot Baires Mall, Saavedra",La Odisea,XD 2D Subtitulada,23:00,,,,https://www.cinemark.com.ar/peliculas/la-odisea
CABA,Cinemark Hoyts,Hoyts Dot Baires,"Vedia 3626, Dot Baires Mall, Saavedra",PAW Patrol: La Dino Película,2D Doblada,12:45,,,,https://www.cinemark.com.ar/peliculas/paw-patrol-la-dino-pelicula
CABA,Cinemark Hoyts,Hoyts Dot Baires,"Vedia 3626, Dot Baires Mall, Saavedra",PAW Patrol: La Dino Película,2D Doblada,15:10,,,,https://www.cinemark.com.ar/peliculas/paw-patrol-la-dino-pelicula
CABA,Cinemark Hoyts,Hoyts Dot Baires,"Vedia 3626, Dot Baires Mall, Saavedra",Pepita la Pistolera,2D Doblada,12:20,,,,https://www.cinemark.com.ar/peliculas/pepita-la-pistolera
CABA,Cinemark Hoyts,Hoyts Dot Baires,"Vedia 3626, Dot Baires Mall, Saavedra",Pepita la Pistolera,PREMIER 2D Doblada,12:50,,,,https://www.cinemark.com.ar/peliculas/pepita-la-pistolera
CABA,Cinemark Hoyts,Hoyts Dot Baires,"Vedia 3626, Dot Baires Mall, Saavedra",Pepita la Pistolera,2D Doblada,14:50,,,,https://www.cinemark.com.ar/peliculas/pepita-la-pistolera
CABA,Cinemark Hoyts,Hoyts Dot Baires,"Vedia 3626, Dot Baires Mall, Saavedra",Pepita la Pistolera,PREMIER 2D Doblada,17:30,,,,https://www.cinemark.com.ar/peliculas/pepita-la-pistolera
CABA,Cinemark Hoyts,Hoyts Dot Baires,"Vedia 3626, Dot Baires Mall, Saavedra",Pepita la Pistolera,2D Doblada,17:40,,,,https://www.cinemark.com.ar/peliculas/pepita-la-pistolera
CABA,Cinemark Hoyts,Hoyts Dot Baires,"Vedia 3626, Dot Baires Mall, Saavedra",Pepita la Pistolera,2D Doblada,20:10,,,,https://www.cinemark.com.ar/peliculas/pepita-la-pistolera
CABA,Cinemark Hoyts,Hoyts Dot Baires,"Vedia 3626, Dot Baires Mall, Saavedra",Pepita la Pistolera,PREMIER 2D Doblada,22:15,,,,https://www.cinemark.com.ar/peliculas/pepita-la-pistolera
CABA,Cinemark Hoyts,Hoyts Dot Baires,"Vedia 3626, Dot Baires Mall, Saavedra",Pepita la Pistolera,2D Doblada,22:20,,,,https://www.cinemark.com.ar/peliculas/pepita-la-pistolera
CABA,Cinemark Hoyts,Hoyts Dot Baires,"Vedia 3626, Dot Baires Mall, Saavedra",Pepita la Pistolera,2D Doblada,22:50,,,,https://www.cinemark.com.ar/peliculas/pepita-la-pistolera
CABA,Cinemark Hoyts,Hoyts Dot Baires,"Vedia 3626, Dot Baires Mall, Saavedra",Solo por una noche,2D Subtitulada,17:30,,,,https://www.cinemark.com.ar/peliculas/solo-por-una-noche
CABA,Cinemark Hoyts,Hoyts Dot Baires,"Vedia 3626, Dot Baires Mall, Saavedra",Spider-Man: Un nuevo día,4D 3D Subtitulada,11:50,,,,https://www.cinemark.com.ar/peliculas/spider-man-un-nuevo-dia
CABA,Cinemark Hoyts,Hoyts Dot Baires,"Vedia 3626, Dot Baires Mall, Saavedra",Spider-Man: Un nuevo día,2D Subtitulada,12:10,,,,https://www.cinemark.com.ar/peliculas/spider-man-un-nuevo-dia
CABA,Cinemark Hoyts,Hoyts Dot Baires,"Vedia 3626, Dot Baires Mall, Saavedra",Spider-Man: Un nuevo día,4D 3D Subtitulada,15:00,,,,https://www.cinemark.com.ar/peliculas/spider-man-un-nuevo-dia
CABA,Cinemark Hoyts,Hoyts Dot Baires,"Vedia 3626, Dot Baires Mall, Saavedra",Spider-Man: Un nuevo día,2D Subtitulada,15:20,,,,https://www.cinemark.com.ar/peliculas/spider-man-un-nuevo-dia
CABA,Cinemark Hoyts,Hoyts Dot Baires,"Vedia 3626, Dot Baires Mall, Saavedra",Spider-Man: Un nuevo día,4D 3D Subtitulada,18:20,,,,https://www.cinemark.com.ar/peliculas/spider-man-un-nuevo-dia
CABA,Cinemark Hoyts,Hoyts Dot Baires,"Vedia 3626, Dot Baires Mall, Saavedra",Spider-Man: Un nuevo día,2D Subtitulada,18:40,,,,https://www.cinemark.com.ar/peliculas/spider-man-un-nuevo-dia
CABA,Cinemark Hoyts,Hoyts Dot Baires,"Vedia 3626, Dot Baires Mall, Saavedra",Spider-Man: Un nuevo día,4D 3D Subtitulada,21:50,,,,https://www.cinemark.com.ar/peliculas/spider-man-un-nuevo-dia
CABA,Cinemark Hoyts,Hoyts Dot Baires,"Vedia 3626, Dot Baires Mall, Saavedra",Spider-Man: Un nuevo día,2D Subtitulada,22:40,,,,https://www.cinemark.com.ar/peliculas/spider-man-un-nuevo-dia
CABA,Cinemark Hoyts,Hoyts Dot Baires,"Vedia 3626, Dot Baires Mall, Saavedra",Terminator 2: El juicio final,3D Subtitulada,22:00,,,,https://www.cinemark.com.ar/peliculas/terminator-2-el-juicio-final-35-aniversario
CABA,Cinemark Hoyts,Hoyts Dot Baires,"Vedia 3626, Dot Baires Mall, Saavedra",Toy Story 5,2D Doblada,15:30,,,,https://www.cinemark.com.ar/peliculas/toy-story-5
CABA,Cinemark Hoyts,Hoyts Dot Baires,"Vedia 3626, Dot Baires Mall, Saavedra",Yo Narciso,2D Doblada,12:30,,,,https://www.cinemark.com.ar/peliculas/yo-narciso
CABA,Cinemark Hoyts,Hoyts Dot Baires,"Vedia 3626, Dot Baires Mall, Saavedra",Yo Narciso,2D Doblada,13:00,,,,https://www.cinemark.com.ar/peliculas/yo-narciso
CABA,Cinemark Hoyts,Hoyts Dot Baires,"Vedia 3626, Dot Baires Mall, Saavedra",Yo Narciso,2D Doblada,14:50,,,,https://www.cinemark.com.ar/peliculas/yo-narciso
CABA,Cinemark Hoyts,Hoyts Dot Baires,"Vedia 3626, Dot Baires Mall, Saavedra",Yo Narciso,PREMIER 2D Doblada,15:15,,,,https://www.cinemark.com.ar/peliculas/yo-narciso
CABA,Cinemark Hoyts,Hoyts Dot Baires,"Vedia 3626, Dot Baires Mall, Saavedra",Yo Narciso,2D Doblada,17:10,,,,https://www.cinemark.com.ar/peliculas/yo-narciso
CABA,Cinemark Hoyts,Hoyts Dot Baires,"Vedia 3626, Dot Baires Mall, Saavedra",Yo Narciso,2D Doblada,17:50,,,,https://www.cinemark.com.ar/peliculas/yo-narciso
CABA,Cinemark Hoyts,Hoyts Dot Baires,"Vedia 3626, Dot Baires Mall, Saavedra",Yo Narciso,2D Doblada,19:40,,,,https://www.cinemark.com.ar/peliculas/yo-narciso
CABA,Cinemark Hoyts,Hoyts Dot Baires,"Vedia 3626, Dot Baires Mall, Saavedra",Yo Narciso,PREMIER 2D Doblada,20:00,,,,https://www.cinemark.com.ar/peliculas/yo-narciso
CABA,Cinemark Hoyts,Hoyts Dot Baires,"Vedia 3626, Dot Baires Mall, Saavedra",Yo Narciso,2D Doblada,23:00,,,,https://www.cinemark.com.ar/peliculas/yo-narciso
GBA Norte,Cinemark Hoyts,Hoyts Unicenter,"Paraná 3745, Unicenter Shopping",Colony,2D Subtitulada,13:00,,,,https://www.cinemark.com.ar/peliculas/colony-zona-cero
GBA Norte,Cinemark Hoyts,Hoyts Unicenter,"Paraná 3745, Unicenter Shopping",Colony,2D Subtitulada,18:05,,,,https://www.cinemark.com.ar/peliculas/colony-zona-cero
GBA Norte,Cinemark Hoyts,Hoyts Unicenter,"Paraná 3745, Unicenter Shopping",Colony,2D Subtitulada,22:55,,,,https://www.cinemark.com.ar/peliculas/colony-zona-cero
GBA Norte,Cinemark Hoyts,Hoyts Unicenter,"Paraná 3745, Unicenter Shopping",Coyote vs. Acme,2D Doblada,12:15,,,,https://www.cinemark.com.ar/peliculas/coyote-vs-acme
GBA Norte,Cinemark Hoyts,Hoyts Unicenter,"Paraná 3745, Unicenter Shopping",Coyote vs. Acme,2D Doblada,14:40,,,,https://www.cinemark.com.ar/peliculas/coyote-vs-acme
GBA Norte,Cinemark Hoyts,Hoyts Unicenter,"Paraná 3745, Unicenter Shopping",Coyote vs. Acme,2D Doblada,17:20,,,,https://www.cinemark.com.ar/peliculas/coyote-vs-acme
GBA Norte,Cinemark Hoyts,Hoyts Unicenter,"Paraná 3745, Unicenter Shopping",Coyote vs. Acme,2D Doblada,20:00,,,,https://www.cinemark.com.ar/peliculas/coyote-vs-acme
GBA Norte,Cinemark Hoyts,Hoyts Unicenter,"Paraná 3745, Unicenter Shopping",Coyote vs. Acme,2D Subtitulada,22:45,,,,https://www.cinemark.com.ar/peliculas/coyote-vs-acme
GBA Norte,Cinemark Hoyts,Hoyts Unicenter,"Paraná 3745, Unicenter Shopping",Insidious: Fuera del más allá,2D Subtitulada,12:20,,,,https://www.cinemark.com.ar/peliculas/la-noche-del-demonio-estan-entre-nosotros
GBA Norte,Cinemark Hoyts,Hoyts Unicenter,"Paraná 3745, Unicenter Shopping",Insidious: Fuera del más allá,2D Subtitulada,14:45,,,,https://www.cinemark.com.ar/peliculas/la-noche-del-demonio-estan-entre-nosotros
GBA Norte,Cinemark Hoyts,Hoyts Unicenter,"Paraná 3745, Unicenter Shopping",Insidious: Fuera del más allá,2D Subtitulada,17:05,,,,https://www.cinemark.com.ar/peliculas/la-noche-del-demonio-estan-entre-nosotros
GBA Norte,Cinemark Hoyts,Hoyts Unicenter,"Paraná 3745, Unicenter Shopping",Insidious: Fuera del más allá,2D Subtitulada,19:30,,,,https://www.cinemark.com.ar/peliculas/la-noche-del-demonio-estan-entre-nosotros
GBA Norte,Cinemark Hoyts,Hoyts Unicenter,"Paraná 3745, Unicenter Shopping",Insidious: Fuera del más allá,2D Subtitulada,20:10,,,,https://www.cinemark.com.ar/peliculas/la-noche-del-demonio-estan-entre-nosotros
GBA Norte,Cinemark Hoyts,Hoyts Unicenter,"Paraná 3745, Unicenter Shopping",Insidious: Fuera del más allá,2D Subtitulada,21:50,,,,https://www.cinemark.com.ar/peliculas/la-noche-del-demonio-estan-entre-nosotros
GBA Norte,Cinemark Hoyts,Hoyts Unicenter,"Paraná 3745, Unicenter Shopping",Insidious: Fuera del más allá,2D Subtitulada,22:35,,,,https://www.cinemark.com.ar/peliculas/la-noche-del-demonio-estan-entre-nosotros
GBA Norte,Cinemark Hoyts,Hoyts Unicenter,"Paraná 3745, Unicenter Shopping",La constelación del perro,2D Subtitulada,19:25,,,,https://cartelera.ar/pelicula/la-constelacion-del-perro
GBA Norte,Cinemark Hoyts,Hoyts Unicenter,"Paraná 3745, Unicenter Shopping",La constelación del perro,2D Subtitulada,22:10,,,,https://cartelera.ar/pelicula/la-constelacion-del-perro
GBA Norte,Cinemark Hoyts,Hoyts Unicenter,"Paraná 3745, Unicenter Shopping",LA GUERRA DE LOS ÚLTIMOS,2D Subtitulada,19:25,,,,https://www.cinemark.com.ar/peliculas/la-guerra-de-los-ultimos
GBA Norte,Cinemark Hoyts,Hoyts Unicenter,"Paraná 3745, Unicenter Shopping",LA GUERRA DE LOS ÚLTIMOS,2D Subtitulada,22:10,,,,https://www.cinemark.com.ar/peliculas/la-guerra-de-los-ultimos
GBA Norte,Cinemark Hoyts,Hoyts Unicenter,"Paraná 3745, Unicenter Shopping",La Negociación (The Negotiation),2D Subtitulada,15:50,,,,https://www.cinemark.com.ar/peliculas/la-negociacion
GBA Norte,Cinemark Hoyts,Hoyts Unicenter,"Paraná 3745, Unicenter Shopping",La Negociación (The Negotiation),2D Subtitulada,20:40,,,,https://www.cinemark.com.ar/peliculas/la-negociacion
GBA Norte,Cinemark Hoyts,Hoyts Unicenter,"Paraná 3745, Unicenter Shopping",La Odisea,PREMIER 2D Subtitulada,14:10,,,,https://www.cinemark.com.ar/peliculas/la-odisea
GBA Norte,Cinemark Hoyts,Hoyts Unicenter,"Paraná 3745, Unicenter Shopping",La Odisea,2D Doblada,15:05,,,,https://www.cinemark.com.ar/peliculas/la-odisea
GBA Norte,Cinemark Hoyts,Hoyts Unicenter,"Paraná 3745, Unicenter Shopping",La Odisea,DBOX 2D Doblada,15:05,,,,https://www.cinemark.com.ar/peliculas/la-odisea
GBA Norte,Cinemark Hoyts,Hoyts Unicenter,"Paraná 3745, Unicenter Shopping",La Odisea,PREMIER 2D Subtitulada,18:30,,,,https://www.cinemark.com.ar/peliculas/la-odisea
GBA Norte,Cinemark Hoyts,Hoyts Unicenter,"Paraná 3745, Unicenter Shopping",La Odisea,2D Doblada,18:40,,,,https://www.cinemark.com.ar/peliculas/la-odisea
GBA Norte,Cinemark Hoyts,Hoyts Unicenter,"Paraná 3745, Unicenter Shopping",La Odisea,DBOX 2D Doblada,18:40,,,,https://www.cinemark.com.ar/peliculas/la-odisea
GBA Norte,Cinemark Hoyts,Hoyts Unicenter,"Paraná 3745, Unicenter Shopping",La Odisea,PREMIER 2D Subtitulada,22:00,,,,https://www.cinemark.com.ar/peliculas/la-odisea
GBA Norte,Cinemark Hoyts,Hoyts Unicenter,"Paraná 3745, Unicenter Shopping",La Odisea,2D Subtitulada,22:15,,,,https://www.cinemark.com.ar/peliculas/la-odisea
GBA Norte,Cinemark Hoyts,Hoyts Unicenter,"Paraná 3745, Unicenter Shopping",La Odisea,DBOX 2D Subtitulada,22:15,,,,https://www.cinemark.com.ar/peliculas/la-odisea
GBA Norte,Cinemark Hoyts,Hoyts Unicenter,"Paraná 3745, Unicenter Shopping",Masha Y Los Osos,2D Doblada,12:45,,,,https://www.cinemark.com.ar/peliculas/masha-y-los-osos
GBA Norte,Cinemark Hoyts,Hoyts Unicenter,"Paraná 3745, Unicenter Shopping",Masha Y Los Osos,2D Doblada,14:55,,,,https://www.cinemark.com.ar/peliculas/masha-y-los-osos
GBA Norte,Cinemark Hoyts,Hoyts Unicenter,"Paraná 3745, Unicenter Shopping",Minions & monstruos,2D Doblada,12:50,,,,https://www.cinemark.com.ar/peliculas/minions-monstruos
GBA Norte,Cinemark Hoyts,Hoyts Unicenter,"Paraná 3745, Unicenter Shopping",Minions & monstruos,2D Doblada,15:00,,,,https://www.cinemark.com.ar/peliculas/minions-monstruos
GBA Norte,Cinemark Hoyts,Hoyts Unicenter,"Paraná 3745, Unicenter Shopping",PAW Patrol: La Dino Película,2D Doblada,12:00,,,,https://www.cinemark.com.ar/peliculas/paw-patrol-la-dino-pelicula
GBA Norte,Cinemark Hoyts,Hoyts Unicenter,"Paraná 3745, Unicenter Shopping",PAW Patrol: La Dino Película,2D Doblada,14:15,,,,https://www.cinemark.com.ar/peliculas/paw-patrol-la-dino-pelicula
GBA Norte,Cinemark Hoyts,Hoyts Unicenter,"Paraná 3745, Unicenter Shopping",PAW Patrol: La Dino Película,2D Doblada,16:40,,,,https://www.cinemark.com.ar/peliculas/paw-patrol-la-dino-pelicula
GBA Norte,Cinemark Hoyts,Hoyts Unicenter,"Paraná 3745, Unicenter Shopping",Pepita la Pistolera,2D Doblada,12:10,,,,https://www.cinemark.com.ar/peliculas/pepita-la-pistolera
GBA Norte,Cinemark Hoyts,Hoyts Unicenter,"Paraná 3745, Unicenter Shopping",Pepita la Pistolera,PREMIER 2D Doblada,12:40,,,,https://www.cinemark.com.ar/peliculas/pepita-la-pistolera
GBA Norte,Cinemark Hoyts,Hoyts Unicenter,"Paraná 3745, Unicenter Shopping",Pepita la Pistolera,2D Doblada,13:20,,,,https://www.cinemark.com.ar/peliculas/pepita-la-pistolera
GBA Norte,Cinemark Hoyts,Hoyts Unicenter,"Paraná 3745, Unicenter Shopping",Pepita la Pistolera,2D Doblada,14:30,,,,https://www.cinemark.com.ar/peliculas/pepita-la-pistolera
GBA Norte,Cinemark Hoyts,Hoyts Unicenter,"Paraná 3745, Unicenter Shopping",Pepita la Pistolera,2D Doblada,15:40,,,,https://www.cinemark.com.ar/peliculas/pepita-la-pistolera
GBA Norte,Cinemark Hoyts,Hoyts Unicenter,"Paraná 3745, Unicenter Shopping",Pepita la Pistolera,2D Doblada,16:50,,,,https://www.cinemark.com.ar/peliculas/pepita-la-pistolera
GBA Norte,Cinemark Hoyts,Hoyts Unicenter,"Paraná 3745, Unicenter Shopping",Pepita la Pistolera,PREMIER 2D Doblada,17:30,,,,https://www.cinemark.com.ar/peliculas/pepita-la-pistolera
GBA Norte,Cinemark Hoyts,Hoyts Unicenter,"Paraná 3745, Unicenter Shopping",Pepita la Pistolera,2D Doblada,18:00,,,,https://www.cinemark.com.ar/peliculas/pepita-la-pistolera
GBA Norte,Cinemark Hoyts,Hoyts Unicenter,"Paraná 3745, Unicenter Shopping",Pepita la Pistolera,2D Doblada,19:10,,,,https://www.cinemark.com.ar/peliculas/pepita-la-pistolera
GBA Norte,Cinemark Hoyts,Hoyts Unicenter,"Paraná 3745, Unicenter Shopping",Pepita la Pistolera,2D Doblada,20:20,,,,https://www.cinemark.com.ar/peliculas/pepita-la-pistolera
GBA Norte,Cinemark Hoyts,Hoyts Unicenter,"Paraná 3745, Unicenter Shopping",Pepita la Pistolera,2D Doblada,21:30,,,,https://www.cinemark.com.ar/peliculas/pepita-la-pistolera
GBA Norte,Cinemark Hoyts,Hoyts Unicenter,"Paraná 3745, Unicenter Shopping",Pepita la Pistolera,PREMIER 2D Doblada,22:30,,,,https://www.cinemark.com.ar/peliculas/pepita-la-pistolera
GBA Norte,Cinemark Hoyts,Hoyts Unicenter,"Paraná 3745, Unicenter Shopping",Pepita la Pistolera,2D Doblada,22:40,,,,https://www.cinemark.com.ar/peliculas/pepita-la-pistolera
GBA Norte,Cinemark Hoyts,Hoyts Unicenter,"Paraná 3745, Unicenter Shopping",Pmmm la Pelicula Parte 1,2D Subtitulada,17:00,,,,https://www.cinemark.com.ar/peliculas/puella-magi-madoka-magica-la-pelicula-parte-1
GBA Norte,Cinemark Hoyts,Hoyts Unicenter,"Paraná 3745, Unicenter Shopping",Solo por una noche,2D Doblada,16:55,,,,https://www.cinemark.com.ar/peliculas/solo-por-una-noche
GBA Norte,Cinemark Hoyts,Hoyts Unicenter,"Paraná 3745, Unicenter Shopping",Spider-Man: Un nuevo día,4D 3D Doblada,12:25,,,,https://www.cinemark.com.ar/peliculas/spider-man-un-nuevo-dia
GBA Norte,Cinemark Hoyts,Hoyts Unicenter,"Paraná 3745, Unicenter Shopping",Spider-Man: Un nuevo día,2D Subtitulada,12:30,,,,https://www.cinemark.com.ar/peliculas/spider-man-un-nuevo-dia
GBA Norte,Cinemark Hoyts,Hoyts Unicenter,"Paraná 3745, Unicenter Shopping",Spider-Man: Un nuevo día,DBOX 2D Subtitulada,12:30,,,,https://www.cinemark.com.ar/peliculas/spider-man-un-nuevo-dia
GBA Norte,Cinemark Hoyts,Hoyts Unicenter,"Paraná 3745, Unicenter Shopping",Spider-Man: Un nuevo día,3D Doblada,13:10,,,,https://www.cinemark.com.ar/peliculas/spider-man-un-nuevo-dia
GBA Norte,Cinemark Hoyts,Hoyts Unicenter,"Paraná 3745, Unicenter Shopping",Spider-Man: Un nuevo día,DBOX 3D Doblada,13:10,,,,https://www.cinemark.com.ar/peliculas/spider-man-un-nuevo-dia
GBA Norte,Cinemark Hoyts,Hoyts Unicenter,"Paraná 3745, Unicenter Shopping",Spider-Man: Un nuevo día,4D 3D Doblada,15:30,,,,https://www.cinemark.com.ar/peliculas/spider-man-un-nuevo-dia
GBA Norte,Cinemark Hoyts,Hoyts Unicenter,"Paraná 3745, Unicenter Shopping",Spider-Man: Un nuevo día,2D Subtitulada,15:45,,,,https://www.cinemark.com.ar/peliculas/spider-man-un-nuevo-dia
GBA Norte,Cinemark Hoyts,Hoyts Unicenter,"Paraná 3745, Unicenter Shopping",Spider-Man: Un nuevo día,DBOX 2D Subtitulada,15:45,,,,https://www.cinemark.com.ar/peliculas/spider-man-un-nuevo-dia
GBA Norte,Cinemark Hoyts,Hoyts Unicenter,"Paraná 3745, Unicenter Shopping",Spider-Man: Un nuevo día,2D Doblada,16:30,,,,https://www.cinemark.com.ar/peliculas/spider-man-un-nuevo-dia
GBA Norte,Cinemark Hoyts,Hoyts Unicenter,"Paraná 3745, Unicenter Shopping",Spider-Man: Un nuevo día,DBOX 2D Doblada,16:30,,,,https://www.cinemark.com.ar/peliculas/spider-man-un-nuevo-dia
GBA Norte,Cinemark Hoyts,Hoyts Unicenter,"Paraná 3745, Unicenter Shopping",Spider-Man: Un nuevo día,4D 3D Doblada,18:30,,,,https://www.cinemark.com.ar/peliculas/spider-man-un-nuevo-dia
GBA Norte,Cinemark Hoyts,Hoyts Unicenter,"Paraná 3745, Unicenter Shopping",Spider-Man: Un nuevo día,2D Subtitulada,18:50,,,,https://www.cinemark.com.ar/peliculas/spider-man-un-nuevo-dia
GBA Norte,Cinemark Hoyts,Hoyts Unicenter,"Paraná 3745, Unicenter Shopping",Spider-Man: Un nuevo día,DBOX 2D Subtitulada,18:50,,,,https://www.cinemark.com.ar/peliculas/spider-man-un-nuevo-dia
GBA Norte,Cinemark Hoyts,Hoyts Unicenter,"Paraná 3745, Unicenter Shopping",Spider-Man: Un nuevo día,3D Doblada,19:40,,,,https://www.cinemark.com.ar/peliculas/spider-man-un-nuevo-dia
GBA Norte,Cinemark Hoyts,Hoyts Unicenter,"Paraná 3745, Unicenter Shopping",Spider-Man: Un nuevo día,DBOX 3D Doblada,19:40,,,,https://www.cinemark.com.ar/peliculas/spider-man-un-nuevo-dia
GBA Norte,Cinemark Hoyts,Hoyts Unicenter,"Paraná 3745, Unicenter Shopping",Spider-Man: Un nuevo día,4D 3D Doblada,21:40,,,,https://www.cinemark.com.ar/peliculas/spider-man-un-nuevo-dia
GBA Norte,Cinemark Hoyts,Hoyts Unicenter,"Paraná 3745, Unicenter Shopping",Spider-Man: Un nuevo día,2D Subtitulada,22:05,,,,https://www.cinemark.com.ar/peliculas/spider-man-un-nuevo-dia
GBA Norte,Cinemark Hoyts,Hoyts Unicenter,"Paraná 3745, Unicenter Shopping",Spider-Man: Un nuevo día,DBOX 2D Subtitulada,22:05,,,,https://www.cinemark.com.ar/peliculas/spider-man-un-nuevo-dia
GBA Norte,Cinemark Hoyts,Hoyts Unicenter,"Paraná 3745, Unicenter Shopping",Spider-Man: Un nuevo día,2D Subtitulada,22:50,,,,https://www.cinemark.com.ar/peliculas/spider-man-un-nuevo-dia
GBA Norte,Cinemark Hoyts,Hoyts Unicenter,"Paraná 3745, Unicenter Shopping",Spider-Man: Un nuevo día,DBOX 2D Subtitulada,22:50,,,,https://www.cinemark.com.ar/peliculas/spider-man-un-nuevo-dia
GBA Norte,Cinemark Hoyts,Hoyts Unicenter,"Paraná 3745, Unicenter Shopping",Terminator 2: El juicio final,2D Subtitulada,19:00,,,,https://www.cinemark.com.ar/peliculas/terminator-2-el-juicio-final-35-aniversario
GBA Norte,Cinemark Hoyts,Hoyts Unicenter,"Paraná 3745, Unicenter Shopping",Terminator 2: El juicio final,3D Subtitulada,22:00,,,,https://www.cinemark.com.ar/peliculas/terminator-2-el-juicio-final-35-aniversario
GBA Norte,Cinemark Hoyts,Hoyts Unicenter,"Paraná 3745, Unicenter Shopping",Toy Story 5,2D Doblada,13:15,,,,https://www.cinemark.com.ar/peliculas/toy-story-5
GBA Norte,Cinemark Hoyts,Hoyts Unicenter,"Paraná 3745, Unicenter Shopping",Toy Story 5,2D Doblada,15:35,,,,https://www.cinemark.com.ar/peliculas/toy-story-5
GBA Norte,Cinemark Hoyts,Hoyts Unicenter,"Paraná 3745, Unicenter Shopping",Toy Story 5,2D Doblada,17:50,,,,https://www.cinemark.com.ar/peliculas/toy-story-5
GBA Norte,Cinemark Hoyts,Hoyts Unicenter,"Paraná 3745, Unicenter Shopping",Yo Narciso,PREMIER 2D Doblada,12:00,,,,https://www.cinemark.com.ar/peliculas/yo-narciso
GBA Norte,Cinemark Hoyts,Hoyts Unicenter,"Paraná 3745, Unicenter Shopping",Yo Narciso,2D Doblada,12:40,,,,https://www.cinemark.com.ar/peliculas/yo-narciso
GBA Norte,Cinemark Hoyts,Hoyts Unicenter,"Paraná 3745, Unicenter Shopping",Yo Narciso,2D Doblada,14:50,,,,https://www.cinemark.com.ar/peliculas/yo-narciso
GBA Norte,Cinemark Hoyts,Hoyts Unicenter,"Paraná 3745, Unicenter Shopping",Yo Narciso,PREMIER 2D Doblada,15:10,,,,https://www.cinemark.com.ar/peliculas/yo-narciso
GBA Norte,Cinemark Hoyts,Hoyts Unicenter,"Paraná 3745, Unicenter Shopping",Yo Narciso,2D Doblada,17:10,,,,https://www.cinemark.com.ar/peliculas/yo-narciso
GBA Norte,Cinemark Hoyts,Hoyts Unicenter,"Paraná 3745, Unicenter Shopping",Yo Narciso,2D Doblada,19:20,,,,https://www.cinemark.com.ar/peliculas/yo-narciso
GBA Norte,Cinemark Hoyts,Hoyts Unicenter,"Paraná 3745, Unicenter Shopping",Yo Narciso,PREMIER 2D Doblada,20:00,,,,https://www.cinemark.com.ar/peliculas/yo-narciso
GBA Norte,Cinemark Hoyts,Hoyts Unicenter,"Paraná 3745, Unicenter Shopping",Yo Narciso,2D Doblada,21:45,,,,https://www.cinemark.com.ar/peliculas/yo-narciso
GBA Norte,Cinemark Hoyts,Hoyts Unicenter,"Paraná 3745, Unicenter Shopping",Yo Narciso,2D Doblada,23:00,,,,https://www.cinemark.com.ar/peliculas/yo-narciso
GBA Norte,Showcase,IMAX Showcase Norte,"Av. Ricardo Balbín 2550, Shopping Norcenter",Afterburn (Zona cero),IMAX Subtitulada,22:35,,,,https://cartelera.ar/pelicula/afterburn-zona-cero
GBA Norte,Showcase,IMAX Showcase Norte,"Av. Ricardo Balbín 2550, Shopping Norcenter",La Odisea,IMAX Subtitulada,12:00,,,,https://cartelera.ar/pelicula/la-odisea
GBA Norte,Showcase,IMAX Showcase Norte,"Av. Ricardo Balbín 2550, Shopping Norcenter",La Odisea,IMAX Subtitulada,15:25,,,,https://cartelera.ar/pelicula/la-odisea
GBA Norte,Showcase,IMAX Showcase Norte,"Av. Ricardo Balbín 2550, Shopping Norcenter",La Odisea,IMAX Subtitulada,19:00,,,,https://cartelera.ar/pelicula/la-odisea
CABA,Atlas Cines,Atlas Caballito,"Rivadavia 5071, Caballito",Afterburn (Zona cero),2D Doblada,15:10,,,,https://cartelera.ar/pelicula/afterburn-zona-cero
CABA,Atlas Cines,Atlas Caballito,"Rivadavia 5071, Caballito",Afterburn (Zona cero),2D Doblada,17:50,,,,https://cartelera.ar/pelicula/afterburn-zona-cero
CABA,Atlas Cines,Atlas Caballito,"Rivadavia 5071, Caballito",Afterburn (Zona cero),2D Subtitulada,23:10,,,,https://cartelera.ar/pelicula/afterburn-zona-cero
CABA,Atlas Cines,Atlas Caballito,"Rivadavia 5071, Caballito",La Negociación (The Negotiation),2D Subtitulada,20:10,,,,https://cartelera.ar/pelicula/la-negociacion-the-negotiation
CABA,Atlas Cines,Atlas Caballito,"Rivadavia 5071, Caballito",La invitación,2D Subtitulada,21:50,,,,https://cartelera.ar/pelicula/la-invitacion
CABA,Atlas Cines,Atlas Caballito,"Rivadavia 5071, Caballito",La Odisea,2D Subtitulada,12:00,,,,https://cartelera.ar/pelicula/la-odisea
CABA,Atlas Cines,Atlas Caballito,"Rivadavia 5071, Caballito",La Odisea,2D Subtitulada,15:30,,,,https://cartelera.ar/pelicula/la-odisea
CABA,Atlas Cines,Atlas Caballito,"Rivadavia 5071, Caballito",La Odisea,2D Subtitulada,19:00,,,,https://cartelera.ar/pelicula/la-odisea
CABA,Atlas Cines,Atlas Caballito,"Rivadavia 5071, Caballito",La Odisea,2D Subtitulada,22:30,,,,https://cartelera.ar/pelicula/la-odisea
CABA,Atlas Cines,Atlas Caballito,"Rivadavia 5071, Caballito",Spider-Man: Un nuevo día,4DX Doblada,12:20,,,,https://cartelera.ar/pelicula/spider-man-un-nuevo-dia
CABA,Atlas Cines,Atlas Caballito,"Rivadavia 5071, Caballito",Spider-Man: Un nuevo día,2D Doblada,13:00,,,,https://cartelera.ar/pelicula/spider-man-un-nuevo-dia
CABA,Atlas Cines,Atlas Caballito,"Rivadavia 5071, Caballito",Spider-Man: Un nuevo día,4DX Doblada,15:30,,,,https://cartelera.ar/pelicula/spider-man-un-nuevo-dia
CABA,Atlas Cines,Atlas Caballito,"Rivadavia 5071, Caballito",Spider-Man: Un nuevo día,2D Doblada,16:00,,,,https://cartelera.ar/pelicula/spider-man-un-nuevo-dia
CABA,Atlas Cines,Atlas Caballito,"Rivadavia 5071, Caballito",Spider-Man: Un nuevo día,4DX Doblada,18:30,,,,https://cartelera.ar/pelicula/spider-man-un-nuevo-dia
CABA,Atlas Cines,Atlas Caballito,"Rivadavia 5071, Caballito",Spider-Man: Un nuevo día,2D Doblada,19:00,,,,https://cartelera.ar/pelicula/spider-man-un-nuevo-dia
CABA,Atlas Cines,Atlas Caballito,"Rivadavia 5071, Caballito",Spider-Man: Un nuevo día,4DX Doblada,21:30,,,,https://cartelera.ar/pelicula/spider-man-un-nuevo-dia
CABA,Atlas Cines,Atlas Caballito,"Rivadavia 5071, Caballito",Spider-Man: Un nuevo día,2D Subtitulada,22:30,,,,https://cartelera.ar/pelicula/spider-man-un-nuevo-dia
CABA,Atlas Cines,Atlas Caballito,"Rivadavia 5071, Caballito",Toy Story 5,2D Doblada,12:50,,,,https://cartelera.ar/pelicula/toy-story-5
CABA,Atlas Cines,Atlas Caballito,"Rivadavia 5071, Caballito",Minions & monstruos,2D Doblada,13:20,,,,https://cartelera.ar/pelicula/minions-monstruos
CABA,Atlas Cines,Atlas Caballito,"Rivadavia 5071, Caballito",Minions & monstruos,2D Doblada,15:30,,,,https://cartelera.ar/pelicula/minions-monstruos
CABA,Atlas Cines,Atlas Caballito,"Rivadavia 5071, Caballito",El Final de la Calle Oak,2D Doblada,18:40,,,,https://cartelera.ar/pelicula/el-final-de-la-calle-oak
CABA,Atlas Cines,Atlas Caballito,"Rivadavia 5071, Caballito",PAW Patrol: La Dino Película,2D Doblada,12:20,,,,https://cartelera.ar/pelicula/paw-patrol-la-dino-pelicula
CABA,Atlas Cines,Atlas Caballito,"Rivadavia 5071, Caballito",PAW Patrol: La Dino Película,2D Doblada,14:30,,,,https://cartelera.ar/pelicula/paw-patrol-la-dino-pelicula
CABA,Atlas Cines,Atlas Caballito,"Rivadavia 5071, Caballito",Pepita la Pistolera,2D Doblada,13:00,,,,https://cartelera.ar/pelicula/pepita-la-pistolera
CABA,Atlas Cines,Atlas Caballito,"Rivadavia 5071, Caballito",Pepita la Pistolera,2D Doblada,15:20,,,,https://cartelera.ar/pelicula/pepita-la-pistolera
CABA,Atlas Cines,Atlas Caballito,"Rivadavia 5071, Caballito",Pepita la Pistolera,2D Doblada,17:40,,,,https://cartelera.ar/pelicula/pepita-la-pistolera
CABA,Atlas Cines,Atlas Caballito,"Rivadavia 5071, Caballito",Pepita la Pistolera,2D Doblada,20:00,,,,https://cartelera.ar/pelicula/pepita-la-pistolera
CABA,Atlas Cines,Atlas Caballito,"Rivadavia 5071, Caballito",Pepita la Pistolera,2D Doblada,22:20,,,,https://cartelera.ar/pelicula/pepita-la-pistolera
CABA,Atlas Cines,Atlas Caballito,"Rivadavia 5071, Caballito",Terminator 2: El juicio final,3D Doblada,22:00,,,,https://cartelera.ar/pelicula/terminator-2-el-juicio-final
CABA,Atlas Cines,Atlas Caballito,"Rivadavia 5071, Caballito",La constelación del perro,2D Doblada,17:40,,,,https://cartelera.ar/pelicula/la-constelacion-del-perro
CABA,Atlas Cines,Atlas Caballito,"Rivadavia 5071, Caballito",Coyote vs. Acme,2D Doblada,12:30,,,,https://cartelera.ar/pelicula/coyote-vs-acme
CABA,Atlas Cines,Atlas Caballito,"Rivadavia 5071, Caballito",Coyote vs. Acme,2D Doblada,14:50,,,,https://cartelera.ar/pelicula/coyote-vs-acme
CABA,Atlas Cines,Atlas Caballito,"Rivadavia 5071, Caballito",Coyote vs. Acme,2D Doblada,17:10,,,,https://cartelera.ar/pelicula/coyote-vs-acme
CABA,Atlas Cines,Atlas Caballito,"Rivadavia 5071, Caballito",Coyote vs. Acme,2D Doblada,19:30,,,,https://cartelera.ar/pelicula/coyote-vs-acme
CABA,Atlas Cines,Atlas Caballito,"Rivadavia 5071, Caballito",Insidious: Fuera del más allá,2D Doblada,20:30,,,,https://cartelera.ar/pelicula/insidious-fuera-del-mas-alla
CABA,Atlas Cines,Atlas Caballito,"Rivadavia 5071, Caballito",Insidious: Fuera del más allá,2D Subtitulada,22:50,,,,https://cartelera.ar/pelicula/insidious-fuera-del-mas-alla
CABA,Atlas Cines,Atlas Caballito,"Rivadavia 5071, Caballito",Yo Narciso,2D Doblada,12:10,,,,
CABA,Atlas Cines,Atlas Caballito,"Rivadavia 5071, Caballito",Yo Narciso,2D Doblada,14:10,,,,
CABA,Atlas Cines,Atlas Caballito,"Rivadavia 5071, Caballito",Yo Narciso,2D Doblada,16:20,,,,
CABA,Atlas Cines,Atlas Caballito,"Rivadavia 5071, Caballito",Yo Narciso,2D Doblada,18:15,,,,
CABA,Atlas Cines,Atlas Caballito,"Rivadavia 5071, Caballito",Yo Narciso,2D Doblada,20:30,,,,
CABA,Atlas Cines,Atlas Caballito,"Rivadavia 5071, Caballito",Yo Narciso,2D Doblada,22:40,,,,
CABA,Atlas Cines,Atlas Caballito,"Rivadavia 5071, Caballito",Esa cosa con alas,2D Subtitulada,16:30,,,,
CABA,Atlas Cines,Atlas Caballito,"Rivadavia 5071, Caballito",Esa cosa con alas,2D Subtitulada,20:50,,,,
CABA,Cinemark Hoyts,Cinemark Palermo,"Beruti 3399, Palermo",Coyote vs. Acme,2D Doblada,12:20,,,,https://www.cinemark.com.ar/peliculas/coyote-vs-acme
CABA,Cinemark Hoyts,Cinemark Palermo,"Beruti 3399, Palermo",Coyote vs. Acme,2D Doblada,15:10,,,,https://www.cinemark.com.ar/peliculas/coyote-vs-acme
CABA,Cinemark Hoyts,Cinemark Palermo,"Beruti 3399, Palermo",Coyote vs. Acme,2D Doblada,17:50,,,,https://www.cinemark.com.ar/peliculas/coyote-vs-acme
CABA,Cinemark Hoyts,Cinemark Palermo,"Beruti 3399, Palermo",Coyote vs. Acme,2D Subtitulada,20:30,,,,https://www.cinemark.com.ar/peliculas/coyote-vs-acme
CABA,Cinemark Hoyts,Cinemark Palermo,"Beruti 3399, Palermo",Esa cosa con alas,2D Subtitulada,20:50,,,,https://www.cinemark.com.ar/peliculas/esa-cosa-con-alas
CABA,Cinemark Hoyts,Cinemark Palermo,"Beruti 3399, Palermo",Insidious: Fuera del más allá,2D Subtitulada,15:00,,,,https://www.cinemark.com.ar/peliculas/la-noche-del-demonio-estan-entre-nosotros
CABA,Cinemark Hoyts,Cinemark Palermo,"Beruti 3399, Palermo",Insidious: Fuera del más allá,2D Subtitulada,20:10,,,,https://www.cinemark.com.ar/peliculas/la-noche-del-demonio-estan-entre-nosotros
CABA,Cinemark Hoyts,Cinemark Palermo,"Beruti 3399, Palermo",Insidious: Fuera del más allá,2D Subtitulada,22:40,,,,https://www.cinemark.com.ar/peliculas/la-noche-del-demonio-estan-entre-nosotros
CABA,Cinemark Hoyts,Cinemark Palermo,"Beruti 3399, Palermo",La constelación del perro,2D Subtitulada,15:20,,,,https://cartelera.ar/pelicula/la-constelacion-del-perro
CABA,Cinemark Hoyts,Cinemark Palermo,"Beruti 3399, Palermo",La constelación del perro,2D Subtitulada,23:10,,,,https://cartelera.ar/pelicula/la-constelacion-del-perro
CABA,Cinemark Hoyts,Cinemark Palermo,"Beruti 3399, Palermo",LA GUERRA DE LOS ÚLTIMOS,2D Subtitulada,15:20,,,,https://www.cinemark.com.ar/peliculas/la-guerra-de-los-ultimos
CABA,Cinemark Hoyts,Cinemark Palermo,"Beruti 3399, Palermo",LA GUERRA DE LOS ÚLTIMOS,2D Subtitulada,23:10,,,,https://www.cinemark.com.ar/peliculas/la-guerra-de-los-ultimos
CABA,Cinemark Hoyts,Cinemark Palermo,"Beruti 3399, Palermo",La invitación,2D Subtitulada,18:20,,,,https://www.cinemark.com.ar/peliculas/la-invitacion
CABA,Cinemark Hoyts,Cinemark Palermo,"Beruti 3399, Palermo",La invitación,2D Subtitulada,23:00,,,,https://www.cinemark.com.ar/peliculas/la-invitacion
CABA,Cinemark Hoyts,Cinemark Palermo,"Beruti 3399, Palermo",La Odisea,2D Subtitulada,13:10,,,,https://www.cinemark.com.ar/peliculas/la-odisea
CABA,Cinemark Hoyts,Cinemark Palermo,"Beruti 3399, Palermo",La Odisea,2D Subtitulada,13:30,,,,https://www.cinemark.com.ar/peliculas/la-odisea
CABA,Cinemark Hoyts,Cinemark Palermo,"Beruti 3399, Palermo",La Odisea,2D Subtitulada,17:10,,,,https://www.cinemark.com.ar/peliculas/la-odisea
CABA,Cinemark Hoyts,Cinemark Palermo,"Beruti 3399, Palermo",PAW Patrol: La Dino Película,2D Doblada,12:40,,,,https://www.cinemark.com.ar/peliculas/paw-patrol-la-dino-pelicula
CABA,Cinemark Hoyts,Cinemark Palermo,"Beruti 3399, Palermo",Pepita la Pistolera,2D Doblada,13:00,,,,https://www.cinemark.com.ar/peliculas/pepita-la-pistolera
CABA,Cinemark Hoyts,Cinemark Palermo,"Beruti 3399, Palermo",Pepita la Pistolera,2D Doblada,13:40,,,,https://www.cinemark.com.ar/peliculas/pepita-la-pistolera
CABA,Cinemark Hoyts,Cinemark Palermo,"Beruti 3399, Palermo",Pepita la Pistolera,2D Doblada,16:20,,,,https://www.cinemark.com.ar/peliculas/pepita-la-pistolera
CABA,Cinemark Hoyts,Cinemark Palermo,"Beruti 3399, Palermo",Pepita la Pistolera,2D Doblada,18:00,,,,https://www.cinemark.com.ar/peliculas/pepita-la-pistolera
CABA,Cinemark Hoyts,Cinemark Palermo,"Beruti 3399, Palermo",Pepita la Pistolera,2D Doblada,19:20,,,,https://www.cinemark.com.ar/peliculas/pepita-la-pistolera
CABA,Cinemark Hoyts,Cinemark Palermo,"Beruti 3399, Palermo",Pepita la Pistolera,2D Doblada,22:10,,,,https://www.cinemark.com.ar/peliculas/pepita-la-pistolera
CABA,Cinemark Hoyts,Cinemark Palermo,"Beruti 3399, Palermo",Pepita la Pistolera,2D Doblada,23:00,,,,https://www.cinemark.com.ar/peliculas/pepita-la-pistolera
CABA,Cinemark Hoyts,Cinemark Palermo,"Beruti 3399, Palermo",Solo por una noche,2D Subtitulada,17:40,,,,https://www.cinemark.com.ar/peliculas/solo-por-una-noche
CABA,Cinemark Hoyts,Cinemark Palermo,"Beruti 3399, Palermo",Spider-Man: Un nuevo día,2D Subtitulada,13:20,,,,https://www.cinemark.com.ar/peliculas/spider-man-un-nuevo-dia
CABA,Cinemark Hoyts,Cinemark Palermo,"Beruti 3399, Palermo",Spider-Man: Un nuevo día,2D Subtitulada,15:50,,,,https://www.cinemark.com.ar/peliculas/spider-man-un-nuevo-dia
CABA,Cinemark Hoyts,Cinemark Palermo,"Beruti 3399, Palermo",Spider-Man: Un nuevo día,2D Subtitulada,19:00,,,,https://www.cinemark.com.ar/peliculas/spider-man-un-nuevo-dia
CABA,Cinemark Hoyts,Cinemark Palermo,"Beruti 3399, Palermo",Spider-Man: Un nuevo día,3D Subtitulada,19:10,,,,https://www.cinemark.com.ar/peliculas/spider-man-un-nuevo-dia
CABA,Cinemark Hoyts,Cinemark Palermo,"Beruti 3399, Palermo",Spider-Man: Un nuevo día,2D Subtitulada,22:30,,,,https://www.cinemark.com.ar/peliculas/spider-man-un-nuevo-dia
CABA,Cinemark Hoyts,Cinemark Palermo,"Beruti 3399, Palermo",Terminator 2: El juicio final,3D Subtitulada,22:00,,,,https://www.cinemark.com.ar/peliculas/terminator-2-el-juicio-final-35-aniversario
CABA,Cinemark Hoyts,Cinemark Palermo,"Beruti 3399, Palermo",Toy Story 5,2D Doblada,12:50,,,,https://www.cinemark.com.ar/peliculas/toy-story-5
CABA,Cinemark Hoyts,Cinemark Palermo,"Beruti 3399, Palermo",Yo Narciso,2D Doblada,12:10,,,,https://www.cinemark.com.ar/peliculas/yo-narciso
CABA,Cinemark Hoyts,Cinemark Palermo,"Beruti 3399, Palermo",Yo Narciso,2D Doblada,14:30,,,,https://www.cinemark.com.ar/peliculas/yo-narciso
CABA,Cinemark Hoyts,Cinemark Palermo,"Beruti 3399, Palermo",Yo Narciso,2D Doblada,15:30,,,,https://www.cinemark.com.ar/peliculas/yo-narciso
CABA,Cinemark Hoyts,Cinemark Palermo,"Beruti 3399, Palermo",Yo Narciso,2D Doblada,16:30,,,,https://www.cinemark.com.ar/peliculas/yo-narciso
CABA,Cinemark Hoyts,Cinemark Palermo,"Beruti 3399, Palermo",Yo Narciso,2D Doblada,17:00,,,,https://www.cinemark.com.ar/peliculas/yo-narciso
CABA,Cinemark Hoyts,Cinemark Palermo,"Beruti 3399, Palermo",Yo Narciso,2D Doblada,19:30,,,,https://www.cinemark.com.ar/peliculas/yo-narciso
CABA,Cinemark Hoyts,Cinemark Palermo,"Beruti 3399, Palermo",Yo Narciso,2D Doblada,20:40,,,,https://www.cinemark.com.ar/peliculas/yo-narciso
CABA,Cinemark Hoyts,Cinemark Palermo,"Beruti 3399, Palermo",Yo Narciso,2D Doblada,22:20,,,,https://www.cinemark.com.ar/peliculas/yo-narciso
GBA Sur,Cinemark Hoyts,Hoyts Temperley,Av. Hipólito Yrigoyen 10.700,Coyote vs. Acme,2D Doblada,12:10,,,,https://www.cinemark.com.ar/peliculas/coyote-vs-acme
GBA Sur,Cinemark Hoyts,Hoyts Temperley,Av. Hipólito Yrigoyen 10.700,Coyote vs. Acme,2D Doblada,14:40,,,,https://www.cinemark.com.ar/peliculas/coyote-vs-acme
GBA Sur,Cinemark Hoyts,Hoyts Temperley,Av. Hipólito Yrigoyen 10.700,Coyote vs. Acme,2D Doblada,17:15,,,,https://www.cinemark.com.ar/peliculas/coyote-vs-acme
GBA Sur,Cinemark Hoyts,Hoyts Temperley,Av. Hipólito Yrigoyen 10.700,Coyote vs. Acme,2D Doblada,20:00,,,,https://www.cinemark.com.ar/peliculas/coyote-vs-acme
GBA Sur,Cinemark Hoyts,Hoyts Temperley,Av. Hipólito Yrigoyen 10.700,Insidious: Fuera del más allá,2D Doblada,13:00,,,,https://www.cinemark.com.ar/peliculas/la-noche-del-demonio-estan-entre-nosotros
GBA Sur,Cinemark Hoyts,Hoyts Temperley,Av. Hipólito Yrigoyen 10.700,Insidious: Fuera del más allá,DBOX 2D Doblada,13:00,,,,https://www.cinemark.com.ar/peliculas/la-noche-del-demonio-estan-entre-nosotros
GBA Sur,Cinemark Hoyts,Hoyts Temperley,Av. Hipólito Yrigoyen 10.700,Insidious: Fuera del más allá,2D Doblada,15:30,,,,https://www.cinemark.com.ar/peliculas/la-noche-del-demonio-estan-entre-nosotros
GBA Sur,Cinemark Hoyts,Hoyts Temperley,Av. Hipólito Yrigoyen 10.700,Insidious: Fuera del más allá,DBOX 2D Doblada,15:30,,,,https://www.cinemark.com.ar/peliculas/la-noche-del-demonio-estan-entre-nosotros
GBA Sur,Cinemark Hoyts,Hoyts Temperley,Av. Hipólito Yrigoyen 10.700,Insidious: Fuera del más allá,2D Doblada,18:00,,,,https://www.cinemark.com.ar/peliculas/la-noche-del-demonio-estan-entre-nosotros
GBA Sur,Cinemark Hoyts,Hoyts Temperley,Av. Hipólito Yrigoyen 10.700,Insidious: Fuera del más allá,DBOX 2D Doblada,18:00,,,,https://www.cinemark.com.ar/peliculas/la-noche-del-demonio-estan-entre-nosotros
GBA Sur,Cinemark Hoyts,Hoyts Temperley,Av. Hipólito Yrigoyen 10.700,Insidious: Fuera del más allá,2D Doblada,19:30,,,,https://www.cinemark.com.ar/peliculas/la-noche-del-demonio-estan-entre-nosotros
GBA Sur,Cinemark Hoyts,Hoyts Temperley,Av. Hipólito Yrigoyen 10.700,Insidious: Fuera del más allá,2D Doblada,20:30,,,,https://www.cinemark.com.ar/peliculas/la-noche-del-demonio-estan-entre-nosotros
GBA Sur,Cinemark Hoyts,Hoyts Temperley,Av. Hipólito Yrigoyen 10.700,Insidious: Fuera del más allá,DBOX 2D Doblada,20:30,,,,https://www.cinemark.com.ar/peliculas/la-noche-del-demonio-estan-entre-nosotros
GBA Sur,Cinemark Hoyts,Hoyts Temperley,Av. Hipólito Yrigoyen 10.700,Insidious: Fuera del más allá,2D Subtitulada,22:30,,,,https://www.cinemark.com.ar/peliculas/la-noche-del-demonio-estan-entre-nosotros
GBA Sur,Cinemark Hoyts,Hoyts Temperley,Av. Hipólito Yrigoyen 10.700,Insidious: Fuera del más allá,2D Doblada,23:00,,,,https://www.cinemark.com.ar/peliculas/la-noche-del-demonio-estan-entre-nosotros
GBA Sur,Cinemark Hoyts,Hoyts Temperley,Av. Hipólito Yrigoyen 10.700,Insidious: Fuera del más allá,DBOX 2D Doblada,23:00,,,,https://www.cinemark.com.ar/peliculas/la-noche-del-demonio-estan-entre-nosotros
GBA Sur,Cinemark Hoyts,Hoyts Temperley,Av. Hipólito Yrigoyen 10.700,La constelación del perro,2D Doblada,17:10,,,,https://cartelera.ar/pelicula/la-constelacion-del-perro
GBA Sur,Cinemark Hoyts,Hoyts Temperley,Av. Hipólito Yrigoyen 10.700,LA GUERRA DE LOS ÚLTIMOS,2D Doblada,17:10,,,,https://www.cinemark.com.ar/peliculas/la-guerra-de-los-ultimos
GBA Sur,Cinemark Hoyts,Hoyts Temperley,Av. Hipólito Yrigoyen 10.700,La Odisea,2D Doblada,15:00,,,,https://www.cinemark.com.ar/peliculas/la-odisea
GBA Sur,Cinemark Hoyts,Hoyts Temperley,Av. Hipólito Yrigoyen 10.700,La Odisea,DBOX 2D Doblada,15:00,,,,https://www.cinemark.com.ar/peliculas/la-odisea
GBA Sur,Cinemark Hoyts,Hoyts Temperley,Av. Hipólito Yrigoyen 10.700,La Odisea,2D Doblada,18:40,,,,https://www.cinemark.com.ar/peliculas/la-odisea
GBA Sur,Cinemark Hoyts,Hoyts Temperley,Av. Hipólito Yrigoyen 10.700,La Odisea,DBOX 2D Doblada,18:40,,,,https://www.cinemark.com.ar/peliculas/la-odisea
GBA Sur,Cinemark Hoyts,Hoyts Temperley,Av. Hipólito Yrigoyen 10.700,La Odisea,2D Doblada,22:15,,,,https://www.cinemark.com.ar/peliculas/la-odisea
GBA Sur,Cinemark Hoyts,Hoyts Temperley,Av. Hipólito Yrigoyen 10.700,La Odisea,DBOX 2D Doblada,22:15,,,,https://www.cinemark.com.ar/peliculas/la-odisea
GBA Sur,Cinemark Hoyts,Hoyts Temperley,Av. Hipólito Yrigoyen 10.700,Masha Y Los Osos,2D Doblada,13:00,,,,https://www.cinemark.com.ar/peliculas/masha-y-los-osos
GBA Sur,Cinemark Hoyts,Hoyts Temperley,Av. Hipólito Yrigoyen 10.700,Masha Y Los Osos,2D Doblada,15:00,,,,https://www.cinemark.com.ar/peliculas/masha-y-los-osos
GBA Sur,Cinemark Hoyts,Hoyts Temperley,Av. Hipólito Yrigoyen 10.700,PAW Patrol: La Dino Película,2D Doblada,12:50,,,,https://www.cinemark.com.ar/peliculas/paw-patrol-la-dino-pelicula
GBA Sur,Cinemark Hoyts,Hoyts Temperley,Av. Hipólito Yrigoyen 10.700,PAW Patrol: La Dino Película,DBOX 2D Doblada,12:50,,,,https://www.cinemark.com.ar/peliculas/paw-patrol-la-dino-pelicula
GBA Sur,Cinemark Hoyts,Hoyts Temperley,Av. Hipólito Yrigoyen 10.700,PAW Patrol: La Dino Película,2D Doblada,14:45,,,,https://www.cinemark.com.ar/peliculas/paw-patrol-la-dino-pelicula
GBA Sur,Cinemark Hoyts,Hoyts Temperley,Av. Hipólito Yrigoyen 10.700,Pepita la Pistolera,2D Doblada,14:15,,,,https://www.cinemark.com.ar/peliculas/pepita-la-pistolera
GBA Sur,Cinemark Hoyts,Hoyts Temperley,Av. Hipólito Yrigoyen 10.700,Pepita la Pistolera,2D Doblada,16:50,,,,https://www.cinemark.com.ar/peliculas/pepita-la-pistolera
GBA Sur,Cinemark Hoyts,Hoyts Temperley,Av. Hipólito Yrigoyen 10.700,Pepita la Pistolera,2D Doblada,19:20,,,,https://www.cinemark.com.ar/peliculas/pepita-la-pistolera
GBA Sur,Cinemark Hoyts,Hoyts Temperley,Av. Hipólito Yrigoyen 10.700,Pepita la Pistolera,2D Doblada,20:15,,,,https://www.cinemark.com.ar/peliculas/pepita-la-pistolera
GBA Sur,Cinemark Hoyts,Hoyts Temperley,Av. Hipólito Yrigoyen 10.700,Pepita la Pistolera,2D Doblada,21:50,,,,https://www.cinemark.com.ar/peliculas/pepita-la-pistolera
GBA Sur,Cinemark Hoyts,Hoyts Temperley,Av. Hipólito Yrigoyen 10.700,Pepita la Pistolera,2D Doblada,22:50,,,,https://www.cinemark.com.ar/peliculas/pepita-la-pistolera
GBA Sur,Cinemark Hoyts,Hoyts Temperley,Av. Hipólito Yrigoyen 10.700,Spider-Man: Un nuevo día,DBOX XD 2D Doblada,12:30,,,,https://www.cinemark.com.ar/peliculas/spider-man-un-nuevo-dia
GBA Sur,Cinemark Hoyts,Hoyts Temperley,Av. Hipólito Yrigoyen 10.700,Spider-Man: Un nuevo día,XD 2D Doblada,12:30,,,,https://www.cinemark.com.ar/peliculas/spider-man-un-nuevo-dia
GBA Sur,Cinemark Hoyts,Hoyts Temperley,Av. Hipólito Yrigoyen 10.700,Spider-Man: Un nuevo día,4D 3D Doblada,13:10,,,,https://www.cinemark.com.ar/peliculas/spider-man-un-nuevo-dia
GBA Sur,Cinemark Hoyts,Hoyts Temperley,Av. Hipólito Yrigoyen 10.700,Spider-Man: Un nuevo día,DBOX XD 2D Doblada,15:45,,,,https://www.cinemark.com.ar/peliculas/spider-man-un-nuevo-dia
GBA Sur,Cinemark Hoyts,Hoyts Temperley,Av. Hipólito Yrigoyen 10.700,Spider-Man: Un nuevo día,XD 2D Doblada,15:45,,,,https://www.cinemark.com.ar/peliculas/spider-man-un-nuevo-dia
GBA Sur,Cinemark Hoyts,Hoyts Temperley,Av. Hipólito Yrigoyen 10.700,Spider-Man: Un nuevo día,4D 3D Doblada,16:30,,,,https://www.cinemark.com.ar/peliculas/spider-man-un-nuevo-dia
GBA Sur,Cinemark Hoyts,Hoyts Temperley,Av. Hipólito Yrigoyen 10.700,Spider-Man: Un nuevo día,DBOX XD 2D Doblada,19:00,,,,https://www.cinemark.com.ar/peliculas/spider-man-un-nuevo-dia
GBA Sur,Cinemark Hoyts,Hoyts Temperley,Av. Hipólito Yrigoyen 10.700,Spider-Man: Un nuevo día,XD 2D Doblada,19:00,,,,https://www.cinemark.com.ar/peliculas/spider-man-un-nuevo-dia
GBA Sur,Cinemark Hoyts,Hoyts Temperley,Av. Hipólito Yrigoyen 10.700,Spider-Man: Un nuevo día,4D 3D Doblada,19:45,,,,https://www.cinemark.com.ar/peliculas/spider-man-un-nuevo-dia
GBA Sur,Cinemark Hoyts,Hoyts Temperley,Av. Hipólito Yrigoyen 10.700,Spider-Man: Un nuevo día,DBOX XD 2D Doblada,22:15,,,,https://www.cinemark.com.ar/peliculas/spider-man-un-nuevo-dia
GBA Sur,Cinemark Hoyts,Hoyts Temperley,Av. Hipólito Yrigoyen 10.700,Spider-Man: Un nuevo día,XD 2D Doblada,22:15,,,,https://www.cinemark.com.ar/peliculas/spider-man-un-nuevo-dia
GBA Sur,Cinemark Hoyts,Hoyts Temperley,Av. Hipólito Yrigoyen 10.700,Spider-Man: Un nuevo día,4D 3D Doblada,23:00,,,,https://www.cinemark.com.ar/peliculas/spider-man-un-nuevo-dia
GBA Sur,Cinemark Hoyts,Hoyts Temperley,Av. Hipólito Yrigoyen 10.700,Terminator 2: El juicio final,3D Doblada,22:00,,,,https://www.cinemark.com.ar/peliculas/terminator-2-el-juicio-final-35-aniversario
GBA Sur,Cinemark Hoyts,Hoyts Temperley,Av. Hipólito Yrigoyen 10.700,Toy Story 5,2D Doblada,12:15,,,,https://www.cinemark.com.ar/peliculas/toy-story-5
GBA Sur,Cinemark Hoyts,Hoyts Temperley,Av. Hipólito Yrigoyen 10.700,Toy Story 5,2D Doblada,17:00,,,,https://www.cinemark.com.ar/peliculas/toy-story-5
GBA Sur,Cinemark Hoyts,Hoyts Temperley,Av. Hipólito Yrigoyen 10.700,Yo Narciso,2D Doblada,12:20,,,,https://www.cinemark.com.ar/peliculas/yo-narciso
GBA Sur,Cinemark Hoyts,Hoyts Temperley,Av. Hipólito Yrigoyen 10.700,Yo Narciso,2D Doblada,14:50,,,,https://www.cinemark.com.ar/peliculas/yo-narciso
GBA Sur,Cinemark Hoyts,Hoyts Temperley,Av. Hipólito Yrigoyen 10.700,Yo Narciso,2D Doblada,17:10,,,,https://www.cinemark.com.ar/peliculas/yo-narciso
GBA Sur,Cinemark Hoyts,Hoyts Temperley,Av. Hipólito Yrigoyen 10.700,Yo Narciso,2D Doblada,19:40,,,,https://www.cinemark.com.ar/peliculas/yo-narciso
GBA Sur,Cinemark Hoyts,Hoyts Temperley,Av. Hipólito Yrigoyen 10.700,Yo Narciso,2D Doblada,22:10,,,,https://www.cinemark.com.ar/peliculas/yo-narciso
GBA Sur,Cinemark Hoyts,Hoyts Quilmes,Av. Calchaquí 3950,Colony,2D Doblada,17:50,,,,https://www.cinemark.com.ar/peliculas/colony-zona-cero
GBA Sur,Cinemark Hoyts,Hoyts Quilmes,Av. Calchaquí 3950,Colony,2D Doblada,20:35,,,,https://www.cinemark.com.ar/peliculas/colony-zona-cero
GBA Sur,Cinemark Hoyts,Hoyts Quilmes,Av. Calchaquí 3950,Colony,2D Doblada,23:15,,,,https://www.cinemark.com.ar/peliculas/colony-zona-cero
GBA Sur,Cinemark Hoyts,Hoyts Quilmes,Av. Calchaquí 3950,Coyote vs. Acme,2D Doblada,12:35,,,,https://www.cinemark.com.ar/peliculas/coyote-vs-acme
GBA Sur,Cinemark Hoyts,Hoyts Quilmes,Av. Calchaquí 3950,Coyote vs. Acme,2D Doblada,15:05,,,,https://www.cinemark.com.ar/peliculas/coyote-vs-acme
GBA Sur,Cinemark Hoyts,Hoyts Quilmes,Av. Calchaquí 3950,Coyote vs. Acme,2D Doblada,17:35,,,,https://www.cinemark.com.ar/peliculas/coyote-vs-acme
GBA Sur,Cinemark Hoyts,Hoyts Quilmes,Av. Calchaquí 3950,Coyote vs. Acme,2D Doblada,20:05,,,,https://www.cinemark.com.ar/peliculas/coyote-vs-acme
GBA Sur,Cinemark Hoyts,Hoyts Quilmes,Av. Calchaquí 3950,Coyote vs. Acme,2D Doblada,22:40,,,,https://www.cinemark.com.ar/peliculas/coyote-vs-acme
GBA Sur,Cinemark Hoyts,Hoyts Quilmes,Av. Calchaquí 3950,Insidious: Fuera del más allá,2D Doblada,14:15,,,,https://www.cinemark.com.ar/peliculas/la-noche-del-demonio-estan-entre-nosotros
GBA Sur,Cinemark Hoyts,Hoyts Quilmes,Av. Calchaquí 3950,Insidious: Fuera del más allá,2D Doblada,16:45,,,,https://www.cinemark.com.ar/peliculas/la-noche-del-demonio-estan-entre-nosotros
GBA Sur,Cinemark Hoyts,Hoyts Quilmes,Av. Calchaquí 3950,Insidious: Fuera del más allá,2D Doblada,18:00,,,,https://www.cinemark.com.ar/peliculas/la-noche-del-demonio-estan-entre-nosotros
GBA Sur,Cinemark Hoyts,Hoyts Quilmes,Av. Calchaquí 3950,Insidious: Fuera del más allá,2D Doblada,19:15,,,,https://www.cinemark.com.ar/peliculas/la-noche-del-demonio-estan-entre-nosotros
GBA Sur,Cinemark Hoyts,Hoyts Quilmes,Av. Calchaquí 3950,Insidious: Fuera del más allá,2D Doblada,20:30,,,,https://www.cinemark.com.ar/peliculas/la-noche-del-demonio-estan-entre-nosotros
GBA Sur,Cinemark Hoyts,Hoyts Quilmes,Av. Calchaquí 3950,Insidious: Fuera del más allá,2D Doblada,21:50,,,,https://www.cinemark.com.ar/peliculas/la-noche-del-demonio-estan-entre-nosotros
GBA Sur,Cinemark Hoyts,Hoyts Quilmes,Av. Calchaquí 3950,Insidious: Fuera del más allá,2D Doblada,22:50,,,,https://www.cinemark.com.ar/peliculas/la-noche-del-demonio-estan-entre-nosotros
GBA Sur,Cinemark Hoyts,Hoyts Quilmes,Av. Calchaquí 3950,La constelación del perro,2D Doblada,17:15,,,,https://cartelera.ar/pelicula/la-constelacion-del-perro
GBA Sur,Cinemark Hoyts,Hoyts Quilmes,Av. Calchaquí 3950,La constelación del perro,2D Doblada,22:45,,,,https://cartelera.ar/pelicula/la-constelacion-del-perro
GBA Sur,Cinemark Hoyts,Hoyts Quilmes,Av. Calchaquí 3950,LA GUERRA DE LOS ÚLTIMOS,2D Doblada,17:15,,,,https://www.cinemark.com.ar/peliculas/la-guerra-de-los-ultimos
GBA Sur,Cinemark Hoyts,Hoyts Quilmes,Av. Calchaquí 3950,LA GUERRA DE LOS ÚLTIMOS,2D Doblada,22:45,,,,https://www.cinemark.com.ar/peliculas/la-guerra-de-los-ultimos
GBA Sur,Cinemark Hoyts,Hoyts Quilmes,Av. Calchaquí 3950,La Negociación (The Negotiation),2D Subtitulada,14:00,,,,https://www.cinemark.com.ar/peliculas/la-negociacion
GBA Sur,Cinemark Hoyts,Hoyts Quilmes,Av. Calchaquí 3950,La Negociación (The Negotiation),2D Subtitulada,20:10,,,,https://www.cinemark.com.ar/peliculas/la-negociacion
GBA Sur,Cinemark Hoyts,Hoyts Quilmes,Av. Calchaquí 3950,La Odisea,2D Doblada,14:50,,,,https://www.cinemark.com.ar/peliculas/la-odisea
GBA Sur,Cinemark Hoyts,Hoyts Quilmes,Av. Calchaquí 3950,La Odisea,2D Doblada,18:30,,,,https://www.cinemark.com.ar/peliculas/la-odisea
GBA Sur,Cinemark Hoyts,Hoyts Quilmes,Av. Calchaquí 3950,La Odisea,2D Doblada,22:15,,,,https://www.cinemark.com.ar/peliculas/la-odisea
GBA Sur,Cinemark Hoyts,Hoyts Quilmes,Av. Calchaquí 3950,Masha Y Los Osos,2D Doblada,14:00,,,,https://www.cinemark.com.ar/peliculas/masha-y-los-osos
GBA Sur,Cinemark Hoyts,Hoyts Quilmes,Av. Calchaquí 3950,Masha Y Los Osos,2D Doblada,15:55,,,,https://www.cinemark.com.ar/peliculas/masha-y-los-osos
GBA Sur,Cinemark Hoyts,Hoyts Quilmes,Av. Calchaquí 3950,Minions & monstruos,2D Doblada,13:20,,,,https://www.cinemark.com.ar/peliculas/minions-monstruos
GBA Sur,Cinemark Hoyts,Hoyts Quilmes,Av. Calchaquí 3950,Minions & monstruos,2D Doblada,15:35,,,,https://www.cinemark.com.ar/peliculas/minions-monstruos
GBA Sur,Cinemark Hoyts,Hoyts Quilmes,Av. Calchaquí 3950,PAW Patrol: La Dino Película,2D Doblada,12:40,,,,https://www.cinemark.com.ar/peliculas/paw-patrol-la-dino-pelicula
GBA Sur,Cinemark Hoyts,Hoyts Quilmes,Av. Calchaquí 3950,PAW Patrol: La Dino Película,2D Doblada,14:50,,,,https://www.cinemark.com.ar/peliculas/paw-patrol-la-dino-pelicula
GBA Sur,Cinemark Hoyts,Hoyts Quilmes,Av. Calchaquí 3950,Pepita la Pistolera,2D Doblada,13:30,,,,https://www.cinemark.com.ar/peliculas/pepita-la-pistolera
GBA Sur,Cinemark Hoyts,Hoyts Quilmes,Av. Calchaquí 3950,Pepita la Pistolera,2D Doblada,16:00,,,,https://www.cinemark.com.ar/peliculas/pepita-la-pistolera
GBA Sur,Cinemark Hoyts,Hoyts Quilmes,Av. Calchaquí 3950,Pepita la Pistolera,2D Doblada,18:45,,,,https://www.cinemark.com.ar/peliculas/pepita-la-pistolera
GBA Sur,Cinemark Hoyts,Hoyts Quilmes,Av. Calchaquí 3950,Pepita la Pistolera,2D Doblada,20:00,,,,https://www.cinemark.com.ar/peliculas/pepita-la-pistolera
GBA Sur,Cinemark Hoyts,Hoyts Quilmes,Av. Calchaquí 3950,Pepita la Pistolera,2D Doblada,21:30,,,,https://www.cinemark.com.ar/peliculas/pepita-la-pistolera
GBA Sur,Cinemark Hoyts,Hoyts Quilmes,Av. Calchaquí 3950,Pepita la Pistolera,2D Doblada,22:40,,,,https://www.cinemark.com.ar/peliculas/pepita-la-pistolera
GBA Sur,Cinemark Hoyts,Hoyts Quilmes,Av. Calchaquí 3950,Pmmm la Pelicula Parte 1,2D Subtitulada,17:00,,,,https://www.cinemark.com.ar/peliculas/puella-magi-madoka-magica-la-pelicula-parte-1
GBA Sur,Cinemark Hoyts,Hoyts Quilmes,Av. Calchaquí 3950,Spider-Man: Un nuevo día,4D 3D Doblada,12:40,,,,https://www.cinemark.com.ar/peliculas/spider-man-un-nuevo-dia
GBA Sur,Cinemark Hoyts,Hoyts Quilmes,Av. Calchaquí 3950,Spider-Man: Un nuevo día,2D Doblada,13:00,,,,https://www.cinemark.com.ar/peliculas/spider-man-un-nuevo-dia
GBA Sur,Cinemark Hoyts,Hoyts Quilmes,Av. Calchaquí 3950,Spider-Man: Un nuevo día,4D 3D Doblada,15:50,,,,https://www.cinemark.com.ar/peliculas/spider-man-un-nuevo-dia
GBA Sur,Cinemark Hoyts,Hoyts Quilmes,Av. Calchaquí 3950,Spider-Man: Un nuevo día,2D Doblada,16:10,,,,https://www.cinemark.com.ar/peliculas/spider-man-un-nuevo-dia
GBA Sur,Cinemark Hoyts,Hoyts Quilmes,Av. Calchaquí 3950,Spider-Man: Un nuevo día,4D 3D Doblada,19:00,,,,https://www.cinemark.com.ar/peliculas/spider-man-un-nuevo-dia
GBA Sur,Cinemark Hoyts,Hoyts Quilmes,Av. Calchaquí 3950,Spider-Man: Un nuevo día,2D Doblada,19:20,,,,https://www.cinemark.com.ar/peliculas/spider-man-un-nuevo-dia
GBA Sur,Cinemark Hoyts,Hoyts Quilmes,Av. Calchaquí 3950,Spider-Man: Un nuevo día,4D 3D Doblada,22:10,,,,https://www.cinemark.com.ar/peliculas/spider-man-un-nuevo-dia
GBA Sur,Cinemark Hoyts,Hoyts Quilmes,Av. Calchaquí 3950,Spider-Man: Un nuevo día,2D Doblada,22:30,,,,https://www.cinemark.com.ar/peliculas/spider-man-un-nuevo-dia
GBA Sur,Cinemark Hoyts,Hoyts Quilmes,Av. Calchaquí 3950,Terminator 2: El juicio final,3D Doblada,22:00,,,,https://www.cinemark.com.ar/peliculas/terminator-2-el-juicio-final-35-aniversario
GBA Sur,Cinemark Hoyts,Hoyts Quilmes,Av. Calchaquí 3950,Toy Story 5,2D Doblada,13:15,,,,https://www.cinemark.com.ar/peliculas/toy-story-5
GBA Sur,Cinemark Hoyts,Hoyts Quilmes,Av. Calchaquí 3950,Toy Story 5,2D Doblada,15:40,,,,https://www.cinemark.com.ar/peliculas/toy-story-5
GBA Sur,Cinemark Hoyts,Hoyts Quilmes,Av. Calchaquí 3950,Toy Story 5,2D Doblada,18:05,,,,https://www.cinemark.com.ar/peliculas/toy-story-5
GBA Sur,Cinemark Hoyts,Hoyts Quilmes,Av. Calchaquí 3950,Yo Narciso,2D Doblada,12:20,,,,https://www.cinemark.com.ar/peliculas/yo-narciso
GBA Sur,Cinemark Hoyts,Hoyts Quilmes,Av. Calchaquí 3950,Yo Narciso,2D Doblada,14:40,,,,https://www.cinemark.com.ar/peliculas/yo-narciso
GBA Sur,Cinemark Hoyts,Hoyts Quilmes,Av. Calchaquí 3950,Yo Narciso,2D Doblada,17:05,,,,https://www.cinemark.com.ar/peliculas/yo-narciso
GBA Sur,Cinemark Hoyts,Hoyts Quilmes,Av. Calchaquí 3950,Yo Narciso,2D Doblada,19:30,,,,https://www.cinemark.com.ar/peliculas/yo-narciso
GBA Sur,Cinemark Hoyts,Hoyts Quilmes,Av. Calchaquí 3950,Yo Narciso,2D Doblada,20:35,,,,https://www.cinemark.com.ar/peliculas/yo-narciso
GBA Sur,Cinemark Hoyts,Hoyts Quilmes,Av. Calchaquí 3950,Yo Narciso,2D Doblada,23:00,,,,https://www.cinemark.com.ar/peliculas/yo-narciso
GBA Norte,Multiplex,Multiplex Pilar,"Las Magnolias 754, Palmas del Pilar",Afterburn (Zona cero),2D Doblada,18:00,,,,https://multiplex.com.ar/peliculas/zona-cero/
GBA Norte,Multiplex,Multiplex Pilar,"Las Magnolias 754, Palmas del Pilar",Afterburn (Zona cero),2D Doblada,20:30,,,,https://multiplex.com.ar/peliculas/zona-cero/
GBA Norte,Multiplex,Multiplex Pilar,"Las Magnolias 754, Palmas del Pilar",Afterburn (Zona cero),2D Doblada,23:00,,,,https://multiplex.com.ar/peliculas/zona-cero/
GBA Norte,Multiplex,Multiplex Pilar,"Las Magnolias 754, Palmas del Pilar",Coyote vs. Acme,2D Doblada,13:30,,,,https://multiplex.com.ar/peliculas/coyote-vs-acme/
GBA Norte,Multiplex,Multiplex Pilar,"Las Magnolias 754, Palmas del Pilar",Coyote vs. Acme,2D Doblada,15:40,,,,https://multiplex.com.ar/peliculas/coyote-vs-acme/
GBA Norte,Multiplex,Multiplex Pilar,"Las Magnolias 754, Palmas del Pilar",Coyote vs. Acme,2D Doblada,17:50,,,,https://multiplex.com.ar/peliculas/coyote-vs-acme/
GBA Norte,Multiplex,Multiplex Pilar,"Las Magnolias 754, Palmas del Pilar",El Final de la Calle Oak,2D Doblada,17:10,,,,https://multiplex.com.ar/peliculas/el-final-de-la-calle-oak/
GBA Norte,Multiplex,Multiplex Pilar,"Las Magnolias 754, Palmas del Pilar",Esa cosa con alas,2D Subtitulada,12:40,,,,https://multiplex.com.ar/peliculas/esa-cosa-con-alas/
GBA Norte,Multiplex,Multiplex Pilar,"Las Magnolias 754, Palmas del Pilar",Esa cosa con alas,2D Subtitulada,22:50,,,,https://multiplex.com.ar/peliculas/esa-cosa-con-alas/
GBA Norte,Multiplex,Multiplex Pilar,"Las Magnolias 754, Palmas del Pilar",La constelación del perro,2D Doblada,22:30,,,,https://cartelera.ar/pelicula/la-constelacion-del-perro
GBA Norte,Multiplex,Multiplex Pilar,"Las Magnolias 754, Palmas del Pilar",La Guerra De Los Ultimos,2D Doblada,22:30,,,,https://multiplex.com.ar/peliculas/la-guerra-de-los-ultimos/
GBA Norte,Multiplex,Multiplex Pilar,"Las Magnolias 754, Palmas del Pilar",La Negociación (The Negotiation),2D Subtitulada,14:00,,,,https://multiplex.com.ar/peliculas/la-negociacion/
GBA Norte,Multiplex,Multiplex Pilar,"Las Magnolias 754, Palmas del Pilar",La Negociación (The Negotiation),2D Subtitulada,17:40,,,,https://multiplex.com.ar/peliculas/la-negociacion/
GBA Norte,Multiplex,Multiplex Pilar,"Las Magnolias 754, Palmas del Pilar",La noche del demonio: Están entre nosotros,2D Doblada,15:10,,,,https://multiplex.com.ar/peliculas/la-noche-del-demonio-estan-entre-nosotros/
GBA Norte,Multiplex,Multiplex Pilar,"Las Magnolias 754, Palmas del Pilar",La noche del demonio: Están entre nosotros,2D Doblada,20:10,,,,https://multiplex.com.ar/peliculas/la-noche-del-demonio-estan-entre-nosotros/
GBA Norte,Multiplex,Multiplex Pilar,"Las Magnolias 754, Palmas del Pilar",La noche del demonio: Están entre nosotros,2D Doblada,23:10,,,,https://multiplex.com.ar/peliculas/la-noche-del-demonio-estan-entre-nosotros/
GBA Norte,Multiplex,Multiplex Pilar,"Las Magnolias 754, Palmas del Pilar",La Odisea,2D Subtitulada,15:00,,,,https://multiplex.com.ar/peliculas/la-odisea/
GBA Norte,Multiplex,Multiplex Pilar,"Las Magnolias 754, Palmas del Pilar",La Odisea,PLATINUM 2D Subtitulada,18:30,,,,https://multiplex.com.ar/peliculas/la-odisea/
GBA Norte,Multiplex,Multiplex Pilar,"Las Magnolias 754, Palmas del Pilar",La Odisea,2D Subtitulada,19:20,,,,https://multiplex.com.ar/peliculas/la-odisea/
GBA Norte,Multiplex,Multiplex Pilar,"Las Magnolias 754, Palmas del Pilar",La Odisea,PLATINUM 2D Subtitulada,21:50,,,,https://multiplex.com.ar/peliculas/la-odisea/
GBA Norte,Multiplex,Multiplex Pilar,"Las Magnolias 754, Palmas del Pilar",Masha Y Los Osos,2D Doblada,12:20,,,,https://multiplex.com.ar/peliculas/masha-y-los-osos/
GBA Norte,Multiplex,Multiplex Pilar,"Las Magnolias 754, Palmas del Pilar",Minions & monstruos,2D Doblada,12:30,,,,https://multiplex.com.ar/peliculas/minions-monstruos/
GBA Norte,Multiplex,Multiplex Pilar,"Las Magnolias 754, Palmas del Pilar",PAW Patrol: La Dino Película,2D Doblada,16:10,,,,https://multiplex.com.ar/peliculas/paw-patrol-la-dino-pelicula/
GBA Norte,Multiplex,Multiplex Pilar,"Las Magnolias 754, Palmas del Pilar",Pepita la Pistolera,2D Doblada,13:00,,,,https://multiplex.com.ar/peliculas/pepita-la-pistolera/
GBA Norte,Multiplex,Multiplex Pilar,"Las Magnolias 754, Palmas del Pilar",Pepita la Pistolera,2D Doblada,18:30,,,,https://multiplex.com.ar/peliculas/pepita-la-pistolera/
GBA Norte,Multiplex,Multiplex Pilar,"Las Magnolias 754, Palmas del Pilar",Pepita la Pistolera,2D Doblada,20:40,,,,https://multiplex.com.ar/peliculas/pepita-la-pistolera/
GBA Norte,Multiplex,Multiplex Pilar,"Las Magnolias 754, Palmas del Pilar",Pepita la Pistolera,2D Doblada,22:40,,,,https://multiplex.com.ar/peliculas/pepita-la-pistolera/
GBA Norte,Multiplex,Multiplex Pilar,"Las Magnolias 754, Palmas del Pilar",Spider-Man: Un nuevo día,2D Doblada,12:30,,,,https://multiplex.com.ar/peliculas/spider-man-un-dia-nuevo/
GBA Norte,Multiplex,Multiplex Pilar,"Las Magnolias 754, Palmas del Pilar",Spider-Man: Un nuevo día,PLATINUM 2D Subtitulada,12:50,,,,https://multiplex.com.ar/peliculas/spider-man-un-dia-nuevo/
GBA Norte,Multiplex,Multiplex Pilar,"Las Magnolias 754, Palmas del Pilar",Spider-Man: Un nuevo día,4D (3D) Doblada,13:30,,,,https://multiplex.com.ar/peliculas/spider-man-un-dia-nuevo/
GBA Norte,Multiplex,Multiplex Pilar,"Las Magnolias 754, Palmas del Pilar",Spider-Man: Un nuevo día,2D Doblada,14:30,,,,https://multiplex.com.ar/peliculas/spider-man-un-dia-nuevo/
GBA Norte,Multiplex,Multiplex Pilar,"Las Magnolias 754, Palmas del Pilar",Spider-Man: Un nuevo día,PLATINUM 2D Subtitulada,15:40,,,,https://multiplex.com.ar/peliculas/spider-man-un-dia-nuevo/
GBA Norte,Multiplex,Multiplex Pilar,"Las Magnolias 754, Palmas del Pilar",Spider-Man: Un nuevo día,4D (3D) Doblada,16:20,,,,https://multiplex.com.ar/peliculas/spider-man-un-dia-nuevo/
GBA Norte,Multiplex,Multiplex Pilar,"Las Magnolias 754, Palmas del Pilar",Spider-Man: Un nuevo día,2D Doblada,17:20,,,,https://multiplex.com.ar/peliculas/spider-man-un-dia-nuevo/
GBA Norte,Multiplex,Multiplex Pilar,"Las Magnolias 754, Palmas del Pilar",Spider-Man: Un nuevo día,4D (3D) Doblada,19:10,,,,https://multiplex.com.ar/peliculas/spider-man-un-dia-nuevo/
GBA Norte,Multiplex,Multiplex Pilar,"Las Magnolias 754, Palmas del Pilar",Spider-Man: Un nuevo día,2D Doblada,20:10,,,,https://multiplex.com.ar/peliculas/spider-man-un-dia-nuevo/
GBA Norte,Multiplex,Multiplex Pilar,"Las Magnolias 754, Palmas del Pilar",Spider-Man: Un nuevo día,4D (3D) Doblada,22:00,,,,https://multiplex.com.ar/peliculas/spider-man-un-dia-nuevo/
GBA Norte,Multiplex,Multiplex Pilar,"Las Magnolias 754, Palmas del Pilar",Terminator 2: El juicio final,2D Subtitulada,22:10,,,,https://multiplex.com.ar/peliculas/terminator-2-el-juicio-final/
GBA Norte,Multiplex,Multiplex Pilar,"Las Magnolias 754, Palmas del Pilar",Toy Story 5,2D Doblada,12:20,,,,https://multiplex.com.ar/peliculas/toy-story-5/
GBA Norte,Multiplex,Multiplex Pilar,"Las Magnolias 754, Palmas del Pilar",Una quinta en Portugal,2D Subtitulada,15:20,,,,https://multiplex.com.ar/peliculas/una-quinta-en-portugal/
GBA Norte,Multiplex,Multiplex Pilar,"Las Magnolias 754, Palmas del Pilar",Una quinta en Portugal,2D Subtitulada,19:50,,,,https://multiplex.com.ar/peliculas/una-quinta-en-portugal/
GBA Norte,Multiplex,Multiplex Pilar,"Las Magnolias 754, Palmas del Pilar",Yo Narciso,2D Doblada,14:20,,,,https://multiplex.com.ar/peliculas/yo-narciso/
GBA Norte,Multiplex,Multiplex Pilar,"Las Magnolias 754, Palmas del Pilar",Yo Narciso,2D Doblada,16:20,,,,https://multiplex.com.ar/peliculas/yo-narciso/
GBA Norte,Multiplex,Multiplex Pilar,"Las Magnolias 754, Palmas del Pilar",Yo Narciso,2D Doblada,18:20,,,,https://multiplex.com.ar/peliculas/yo-narciso/
GBA Norte,Multiplex,Multiplex Pilar,"Las Magnolias 754, Palmas del Pilar",Yo Narciso,2D Doblada,20:20,,,,https://multiplex.com.ar/peliculas/yo-narciso/
GBA Norte,Multiplex,Multiplex Pilar,"Las Magnolias 754, Palmas del Pilar",Yo Narciso,2D Doblada,22:20,,,,https://multiplex.com.ar/peliculas/yo-narciso/
GBA Oeste,Cinemark Hoyts,Cinemark San Justo,Av. Brigadier Juan M. de Rosas 3910,Coyote vs. Acme,2D Doblada,12:25,,,,https://www.cinemark.com.ar/peliculas/coyote-vs-acme
GBA Oeste,Cinemark Hoyts,Cinemark San Justo,Av. Brigadier Juan M. de Rosas 3910,Coyote vs. Acme,2D Doblada,14:50,,,,https://www.cinemark.com.ar/peliculas/coyote-vs-acme
GBA Oeste,Cinemark Hoyts,Cinemark San Justo,Av. Brigadier Juan M. de Rosas 3910,Coyote vs. Acme,2D Doblada,17:20,,,,https://www.cinemark.com.ar/peliculas/coyote-vs-acme
GBA Oeste,Cinemark Hoyts,Cinemark San Justo,Av. Brigadier Juan M. de Rosas 3910,Coyote vs. Acme,2D Doblada,20:00,,,,https://www.cinemark.com.ar/peliculas/coyote-vs-acme
GBA Oeste,Cinemark Hoyts,Cinemark San Justo,Av. Brigadier Juan M. de Rosas 3910,Insidious: Fuera del más allá,2D Doblada,12:50,,,,https://www.cinemark.com.ar/peliculas/la-noche-del-demonio-estan-entre-nosotros
GBA Oeste,Cinemark Hoyts,Cinemark San Justo,Av. Brigadier Juan M. de Rosas 3910,Insidious: Fuera del más allá,DBOX 2D Doblada,12:50,,,,https://www.cinemark.com.ar/peliculas/la-noche-del-demonio-estan-entre-nosotros
GBA Oeste,Cinemark Hoyts,Cinemark San Justo,Av. Brigadier Juan M. de Rosas 3910,Insidious: Fuera del más allá,2D Doblada,15:10,,,,https://www.cinemark.com.ar/peliculas/la-noche-del-demonio-estan-entre-nosotros
GBA Oeste,Cinemark Hoyts,Cinemark San Justo,Av. Brigadier Juan M. de Rosas 3910,Insidious: Fuera del más allá,DBOX 2D Doblada,15:10,,,,https://www.cinemark.com.ar/peliculas/la-noche-del-demonio-estan-entre-nosotros
GBA Oeste,Cinemark Hoyts,Cinemark San Justo,Av. Brigadier Juan M. de Rosas 3910,Insidious: Fuera del más allá,2D Doblada,16:50,,,,https://www.cinemark.com.ar/peliculas/la-noche-del-demonio-estan-entre-nosotros
GBA Oeste,Cinemark Hoyts,Cinemark San Justo,Av. Brigadier Juan M. de Rosas 3910,Insidious: Fuera del más allá,2D Doblada,17:30,,,,https://www.cinemark.com.ar/peliculas/la-noche-del-demonio-estan-entre-nosotros
GBA Oeste,Cinemark Hoyts,Cinemark San Justo,Av. Brigadier Juan M. de Rosas 3910,Insidious: Fuera del más allá,DBOX 2D Doblada,17:30,,,,https://www.cinemark.com.ar/peliculas/la-noche-del-demonio-estan-entre-nosotros
GBA Oeste,Cinemark Hoyts,Cinemark San Justo,Av. Brigadier Juan M. de Rosas 3910,Insidious: Fuera del más allá,2D Doblada,19:50,,,,https://www.cinemark.com.ar/peliculas/la-noche-del-demonio-estan-entre-nosotros
GBA Oeste,Cinemark Hoyts,Cinemark San Justo,Av. Brigadier Juan M. de Rosas 3910,Insidious: Fuera del más allá,DBOX 2D Doblada,19:50,,,,https://www.cinemark.com.ar/peliculas/la-noche-del-demonio-estan-entre-nosotros
GBA Oeste,Cinemark Hoyts,Cinemark San Justo,Av. Brigadier Juan M. de Rosas 3910,Insidious: Fuera del más allá,2D Doblada,22:15,,,,https://www.cinemark.com.ar/peliculas/la-noche-del-demonio-estan-entre-nosotros
GBA Oeste,Cinemark Hoyts,Cinemark San Justo,Av. Brigadier Juan M. de Rosas 3910,Insidious: Fuera del más allá,DBOX 2D Doblada,22:15,,,,https://www.cinemark.com.ar/peliculas/la-noche-del-demonio-estan-entre-nosotros
GBA Oeste,Cinemark Hoyts,Cinemark San Justo,Av. Brigadier Juan M. de Rosas 3910,Insidious: Fuera del más allá,2D Doblada,23:00,,,,https://www.cinemark.com.ar/peliculas/la-noche-del-demonio-estan-entre-nosotros
GBA Oeste,Cinemark Hoyts,Cinemark San Justo,Av. Brigadier Juan M. de Rosas 3910,La Odisea,2D Doblada,22:30,,,,https://www.cinemark.com.ar/peliculas/la-odisea
GBA Oeste,Cinemark Hoyts,Cinemark San Justo,Av. Brigadier Juan M. de Rosas 3910,Pepita la Pistolera,2D Doblada,12:20,,,,https://www.cinemark.com.ar/peliculas/pepita-la-pistolera
GBA Oeste,Cinemark Hoyts,Cinemark San Justo,Av. Brigadier Juan M. de Rosas 3910,Pepita la Pistolera,2D Doblada,14:40,,,,https://www.cinemark.com.ar/peliculas/pepita-la-pistolera
GBA Oeste,Cinemark Hoyts,Cinemark San Justo,Av. Brigadier Juan M. de Rosas 3910,Pepita la Pistolera,2D Doblada,17:00,,,,https://www.cinemark.com.ar/peliculas/pepita-la-pistolera
GBA Oeste,Cinemark Hoyts,Cinemark San Justo,Av. Brigadier Juan M. de Rosas 3910,Pepita la Pistolera,2D Doblada,19:20,,,,https://www.cinemark.com.ar/peliculas/pepita-la-pistolera
GBA Oeste,Cinemark Hoyts,Cinemark San Justo,Av. Brigadier Juan M. de Rosas 3910,Pepita la Pistolera,2D Doblada,21:45,,,,https://www.cinemark.com.ar/peliculas/pepita-la-pistolera
GBA Oeste,Cinemark Hoyts,Cinemark San Justo,Av. Brigadier Juan M. de Rosas 3910,Pepita la Pistolera,2D Doblada,22:45,,,,https://www.cinemark.com.ar/peliculas/pepita-la-pistolera
GBA Oeste,Cinemark Hoyts,Cinemark San Justo,Av. Brigadier Juan M. de Rosas 3910,Spider-Man: Un nuevo día,DBOX XD 2D Doblada,12:30,,,,https://www.cinemark.com.ar/peliculas/spider-man-un-nuevo-dia
GBA Oeste,Cinemark Hoyts,Cinemark San Justo,Av. Brigadier Juan M. de Rosas 3910,Spider-Man: Un nuevo día,XD 2D Doblada,12:30,,,,https://www.cinemark.com.ar/peliculas/spider-man-un-nuevo-dia
GBA Oeste,Cinemark Hoyts,Cinemark San Justo,Av. Brigadier Juan M. de Rosas 3910,Spider-Man: Un nuevo día,2D Doblada,13:40,,,,https://www.cinemark.com.ar/peliculas/spider-man-un-nuevo-dia
GBA Oeste,Cinemark Hoyts,Cinemark San Justo,Av. Brigadier Juan M. de Rosas 3910,Spider-Man: Un nuevo día,DBOX XD 2D Doblada,15:40,,,,https://www.cinemark.com.ar/peliculas/spider-man-un-nuevo-dia
GBA Oeste,Cinemark Hoyts,Cinemark San Justo,Av. Brigadier Juan M. de Rosas 3910,Spider-Man: Un nuevo día,XD 2D Doblada,15:40,,,,https://www.cinemark.com.ar/peliculas/spider-man-un-nuevo-dia
GBA Oeste,Cinemark Hoyts,Cinemark San Justo,Av. Brigadier Juan M. de Rosas 3910,Spider-Man: Un nuevo día,DBOX XD 3D Doblada,18:50,,,,https://www.cinemark.com.ar/peliculas/spider-man-un-nuevo-dia
GBA Oeste,Cinemark Hoyts,Cinemark San Justo,Av. Brigadier Juan M. de Rosas 3910,Spider-Man: Un nuevo día,XD 3D Doblada,18:50,,,,https://www.cinemark.com.ar/peliculas/spider-man-un-nuevo-dia
GBA Oeste,Cinemark Hoyts,Cinemark San Justo,Av. Brigadier Juan M. de Rosas 3910,Spider-Man: Un nuevo día,2D Doblada,19:30,,,,https://www.cinemark.com.ar/peliculas/spider-man-un-nuevo-dia
GBA Oeste,Cinemark Hoyts,Cinemark San Justo,Av. Brigadier Juan M. de Rosas 3910,Spider-Man: Un nuevo día,DBOX XD 2D Doblada,22:00,,,,https://www.cinemark.com.ar/peliculas/spider-man-un-nuevo-dia
GBA Oeste,Cinemark Hoyts,Cinemark San Justo,Av. Brigadier Juan M. de Rosas 3910,Spider-Man: Un nuevo día,XD 2D Doblada,22:00,,,,https://www.cinemark.com.ar/peliculas/spider-man-un-nuevo-dia
GBA Oeste,Cinemark Hoyts,Cinemark San Justo,Av. Brigadier Juan M. de Rosas 3910,Yo Narciso,2D Doblada,13:10,,,,https://www.cinemark.com.ar/peliculas/yo-narciso
GBA Oeste,Cinemark Hoyts,Cinemark San Justo,Av. Brigadier Juan M. de Rosas 3910,Yo Narciso,2D Doblada,15:30,,,,https://www.cinemark.com.ar/peliculas/yo-narciso
GBA Oeste,Cinemark Hoyts,Cinemark San Justo,Av. Brigadier Juan M. de Rosas 3910,Yo Narciso,2D Doblada,17:50,,,,https://www.cinemark.com.ar/peliculas/yo-narciso
GBA Oeste,Cinemark Hoyts,Cinemark San Justo,Av. Brigadier Juan M. de Rosas 3910,Yo Narciso,2D Doblada,20:10,,,,https://www.cinemark.com.ar/peliculas/yo-narciso
GBA Norte,Cinemark Hoyts,Cinemark Tortugas,"Ramal Pilar km 36,5, Tortuguitas TOM",Colony,2D Doblada,12:50,,,,https://www.cinemark.com.ar/peliculas/colony-zona-cero
GBA Norte,Cinemark Hoyts,Cinemark Tortugas,"Ramal Pilar km 36,5, Tortuguitas TOM",Colony,2D Doblada,18:00,,,,https://www.cinemark.com.ar/peliculas/colony-zona-cero
GBA Norte,Cinemark Hoyts,Cinemark Tortugas,"Ramal Pilar km 36,5, Tortuguitas TOM",Colony,2D Doblada,23:00,,,,https://www.cinemark.com.ar/peliculas/colony-zona-cero
GBA Norte,Cinemark Hoyts,Cinemark Tortugas,"Ramal Pilar km 36,5, Tortuguitas TOM",Coyote vs. Acme,2D Doblada,14:30,,,,https://www.cinemark.com.ar/peliculas/coyote-vs-acme
GBA Norte,Cinemark Hoyts,Cinemark Tortugas,"Ramal Pilar km 36,5, Tortuguitas TOM",Coyote vs. Acme,2D Doblada,17:00,,,,https://www.cinemark.com.ar/peliculas/coyote-vs-acme
GBA Norte,Cinemark Hoyts,Cinemark Tortugas,"Ramal Pilar km 36,5, Tortuguitas TOM",Coyote vs. Acme,2D Doblada,19:30,,,,https://www.cinemark.com.ar/peliculas/coyote-vs-acme
GBA Norte,Cinemark Hoyts,Cinemark Tortugas,"Ramal Pilar km 36,5, Tortuguitas TOM",Insidious: Fuera del más allá,2D Doblada,12:45,,,,https://www.cinemark.com.ar/peliculas/la-noche-del-demonio-estan-entre-nosotros
GBA Norte,Cinemark Hoyts,Cinemark Tortugas,"Ramal Pilar km 36,5, Tortuguitas TOM",Insidious: Fuera del más allá,DBOX 2D Doblada,12:45,,,,https://www.cinemark.com.ar/peliculas/la-noche-del-demonio-estan-entre-nosotros
GBA Norte,Cinemark Hoyts,Cinemark Tortugas,"Ramal Pilar km 36,5, Tortuguitas TOM",Insidious: Fuera del más allá,2D Doblada,15:10,,,,https://www.cinemark.com.ar/peliculas/la-noche-del-demonio-estan-entre-nosotros
GBA Norte,Cinemark Hoyts,Cinemark Tortugas,"Ramal Pilar km 36,5, Tortuguitas TOM",Insidious: Fuera del más allá,DBOX 2D Doblada,15:10,,,,https://www.cinemark.com.ar/peliculas/la-noche-del-demonio-estan-entre-nosotros
GBA Norte,Cinemark Hoyts,Cinemark Tortugas,"Ramal Pilar km 36,5, Tortuguitas TOM",Insidious: Fuera del más allá,2D Doblada,16:50,,,,https://www.cinemark.com.ar/peliculas/la-noche-del-demonio-estan-entre-nosotros
GBA Norte,Cinemark Hoyts,Cinemark Tortugas,"Ramal Pilar km 36,5, Tortuguitas TOM",Insidious: Fuera del más allá,2D Doblada,17:30,,,,https://www.cinemark.com.ar/peliculas/la-noche-del-demonio-estan-entre-nosotros
GBA Norte,Cinemark Hoyts,Cinemark Tortugas,"Ramal Pilar km 36,5, Tortuguitas TOM",Insidious: Fuera del más allá,DBOX 2D Doblada,17:30,,,,https://www.cinemark.com.ar/peliculas/la-noche-del-demonio-estan-entre-nosotros
GBA Norte,Cinemark Hoyts,Cinemark Tortugas,"Ramal Pilar km 36,5, Tortuguitas TOM",Insidious: Fuera del más allá,2D Doblada,20:00,,,,https://www.cinemark.com.ar/peliculas/la-noche-del-demonio-estan-entre-nosotros
GBA Norte,Cinemark Hoyts,Cinemark Tortugas,"Ramal Pilar km 36,5, Tortuguitas TOM",Insidious: Fuera del más allá,DBOX 2D Doblada,20:00,,,,https://www.cinemark.com.ar/peliculas/la-noche-del-demonio-estan-entre-nosotros
GBA Norte,Cinemark Hoyts,Cinemark Tortugas,"Ramal Pilar km 36,5, Tortuguitas TOM",Insidious: Fuera del más allá,2D Doblada,22:30,,,,https://www.cinemark.com.ar/peliculas/la-noche-del-demonio-estan-entre-nosotros
GBA Norte,Cinemark Hoyts,Cinemark Tortugas,"Ramal Pilar km 36,5, Tortuguitas TOM",Insidious: Fuera del más allá,DBOX 2D Doblada,22:30,,,,https://www.cinemark.com.ar/peliculas/la-noche-del-demonio-estan-entre-nosotros
GBA Norte,Cinemark Hoyts,Cinemark Tortugas,"Ramal Pilar km 36,5, Tortuguitas TOM",Insidious: Fuera del más allá,2D Doblada,22:50,,,,https://www.cinemark.com.ar/peliculas/la-noche-del-demonio-estan-entre-nosotros
GBA Norte,Cinemark Hoyts,Cinemark Tortugas,"Ramal Pilar km 36,5, Tortuguitas TOM",La constelación del perro,2D Doblada,19:40,,,,https://cartelera.ar/pelicula/la-constelacion-del-perro
GBA Norte,Cinemark Hoyts,Cinemark Tortugas,"Ramal Pilar km 36,5, Tortuguitas TOM",La constelación del perro,2D Doblada,22:20,,,,https://cartelera.ar/pelicula/la-constelacion-del-perro
GBA Norte,Cinemark Hoyts,Cinemark Tortugas,"Ramal Pilar km 36,5, Tortuguitas TOM",LA GUERRA DE LOS ÚLTIMOS,2D Doblada,19:40,,,,https://www.cinemark.com.ar/peliculas/la-guerra-de-los-ultimos
GBA Norte,Cinemark Hoyts,Cinemark Tortugas,"Ramal Pilar km 36,5, Tortuguitas TOM",LA GUERRA DE LOS ÚLTIMOS,2D Doblada,22:20,,,,https://www.cinemark.com.ar/peliculas/la-guerra-de-los-ultimos
GBA Norte,Cinemark Hoyts,Cinemark Tortugas,"Ramal Pilar km 36,5, Tortuguitas TOM",La Odisea,2D Doblada,14:10,,,,https://www.cinemark.com.ar/peliculas/la-odisea
GBA Norte,Cinemark Hoyts,Cinemark Tortugas,"Ramal Pilar km 36,5, Tortuguitas TOM",La Odisea,2D Doblada,17:50,,,,https://www.cinemark.com.ar/peliculas/la-odisea
GBA Norte,Cinemark Hoyts,Cinemark Tortugas,"Ramal Pilar km 36,5, Tortuguitas TOM",La Odisea,2D Doblada,21:30,,,,https://www.cinemark.com.ar/peliculas/la-odisea
GBA Norte,Cinemark Hoyts,Cinemark Tortugas,"Ramal Pilar km 36,5, Tortuguitas TOM",Masha Y Los Osos,2D Doblada,13:10,,,,https://www.cinemark.com.ar/peliculas/masha-y-los-osos
GBA Norte,Cinemark Hoyts,Cinemark Tortugas,"Ramal Pilar km 36,5, Tortuguitas TOM",Masha Y Los Osos,2D Doblada,15:15,,,,https://www.cinemark.com.ar/peliculas/masha-y-los-osos
GBA Norte,Cinemark Hoyts,Cinemark Tortugas,"Ramal Pilar km 36,5, Tortuguitas TOM",Pepita la Pistolera,2D Doblada,12:30,,,,https://www.cinemark.com.ar/peliculas/pepita-la-pistolera
GBA Norte,Cinemark Hoyts,Cinemark Tortugas,"Ramal Pilar km 36,5, Tortuguitas TOM",Pepita la Pistolera,2D Doblada,14:50,,,,https://www.cinemark.com.ar/peliculas/pepita-la-pistolera
GBA Norte,Cinemark Hoyts,Cinemark Tortugas,"Ramal Pilar km 36,5, Tortuguitas TOM",Pepita la Pistolera,2D Doblada,15:30,,,,https://www.cinemark.com.ar/peliculas/pepita-la-pistolera
GBA Norte,Cinemark Hoyts,Cinemark Tortugas,"Ramal Pilar km 36,5, Tortuguitas TOM",Pepita la Pistolera,2D Doblada,17:40,,,,https://www.cinemark.com.ar/peliculas/pepita-la-pistolera
GBA Norte,Cinemark Hoyts,Cinemark Tortugas,"Ramal Pilar km 36,5, Tortuguitas TOM",Pepita la Pistolera,2D Doblada,20:10,,,,https://www.cinemark.com.ar/peliculas/pepita-la-pistolera
GBA Norte,Cinemark Hoyts,Cinemark Tortugas,"Ramal Pilar km 36,5, Tortuguitas TOM",Pepita la Pistolera,2D Doblada,20:40,,,,https://www.cinemark.com.ar/peliculas/pepita-la-pistolera
GBA Norte,Cinemark Hoyts,Cinemark Tortugas,"Ramal Pilar km 36,5, Tortuguitas TOM",Pepita la Pistolera,2D Doblada,22:40,,,,https://www.cinemark.com.ar/peliculas/pepita-la-pistolera
GBA Norte,Cinemark Hoyts,Cinemark Tortugas,"Ramal Pilar km 36,5, Tortuguitas TOM",Spider-Man: Un nuevo día,DBOX XD 2D Doblada,12:30,,,,https://www.cinemark.com.ar/peliculas/spider-man-un-nuevo-dia
GBA Norte,Cinemark Hoyts,Cinemark Tortugas,"Ramal Pilar km 36,5, Tortuguitas TOM",Spider-Man: Un nuevo día,XD 2D Doblada,12:30,,,,https://www.cinemark.com.ar/peliculas/spider-man-un-nuevo-dia
GBA Norte,Cinemark Hoyts,Cinemark Tortugas,"Ramal Pilar km 36,5, Tortuguitas TOM",Spider-Man: Un nuevo día,2D Doblada,13:30,,,,https://www.cinemark.com.ar/peliculas/spider-man-un-nuevo-dia
GBA Norte,Cinemark Hoyts,Cinemark Tortugas,"Ramal Pilar km 36,5, Tortuguitas TOM",Spider-Man: Un nuevo día,DBOX XD 2D Doblada,15:40,,,,https://www.cinemark.com.ar/peliculas/spider-man-un-nuevo-dia
GBA Norte,Cinemark Hoyts,Cinemark Tortugas,"Ramal Pilar km 36,5, Tortuguitas TOM",Spider-Man: Un nuevo día,XD 2D Doblada,15:40,,,,https://www.cinemark.com.ar/peliculas/spider-man-un-nuevo-dia
GBA Norte,Cinemark Hoyts,Cinemark Tortugas,"Ramal Pilar km 36,5, Tortuguitas TOM",Spider-Man: Un nuevo día,DBOX XD 3D Doblada,18:50,,,,https://www.cinemark.com.ar/peliculas/spider-man-un-nuevo-dia
GBA Norte,Cinemark Hoyts,Cinemark Tortugas,"Ramal Pilar km 36,5, Tortuguitas TOM",Spider-Man: Un nuevo día,XD 3D Doblada,18:50,,,,https://www.cinemark.com.ar/peliculas/spider-man-un-nuevo-dia
GBA Norte,Cinemark Hoyts,Cinemark Tortugas,"Ramal Pilar km 36,5, Tortuguitas TOM",Spider-Man: Un nuevo día,2D Doblada,19:40,,,,https://www.cinemark.com.ar/peliculas/spider-man-un-nuevo-dia
GBA Norte,Cinemark Hoyts,Cinemark Tortugas,"Ramal Pilar km 36,5, Tortuguitas TOM",Spider-Man: Un nuevo día,DBOX XD 2D Doblada,22:10,,,,https://www.cinemark.com.ar/peliculas/spider-man-un-nuevo-dia
GBA Norte,Cinemark Hoyts,Cinemark Tortugas,"Ramal Pilar km 36,5, Tortuguitas TOM",Spider-Man: Un nuevo día,XD 2D Doblada,22:10,,,,https://www.cinemark.com.ar/peliculas/spider-man-un-nuevo-dia
GBA Norte,Cinemark Hoyts,Cinemark Tortugas,"Ramal Pilar km 36,5, Tortuguitas TOM",Terminator 2: El juicio final,3D Doblada,22:00,,,,https://www.cinemark.com.ar/peliculas/terminator-2-el-juicio-final-35-aniversario
GBA Norte,Cinemark Hoyts,Cinemark Tortugas,"Ramal Pilar km 36,5, Tortuguitas TOM",Toy Story 5,2D Doblada,17:20,,,,https://www.cinemark.com.ar/peliculas/toy-story-5
GBA Norte,Cinemark Hoyts,Cinemark Tortugas,"Ramal Pilar km 36,5, Tortuguitas TOM",Yo Narciso,2D Doblada,12:40,,,,https://www.cinemark.com.ar/peliculas/yo-narciso
GBA Norte,Cinemark Hoyts,Cinemark Tortugas,"Ramal Pilar km 36,5, Tortuguitas TOM",Yo Narciso,2D Doblada,15:00,,,,https://www.cinemark.com.ar/peliculas/yo-narciso
GBA Norte,Cinemark Hoyts,Cinemark Tortugas,"Ramal Pilar km 36,5, Tortuguitas TOM",Yo Narciso,2D Doblada,17:10,,,,https://www.cinemark.com.ar/peliculas/yo-narciso
GBA Norte,Cinemark Hoyts,Cinemark Tortugas,"Ramal Pilar km 36,5, Tortuguitas TOM",Yo Narciso,2D Doblada,19:20,,,,https://www.cinemark.com.ar/peliculas/yo-narciso
GBA Norte,Cinemark Hoyts,Cinemark Tortugas,"Ramal Pilar km 36,5, Tortuguitas TOM",Yo Narciso,2D Doblada,21:40,,,,https://www.cinemark.com.ar/peliculas/yo-narciso
GBA Sur,Cinépolis,Cinépolis Avellaneda,"Av. Mitre 2702, Avellaneda",Afterburn (Zona cero),2D Doblada,14:00,,,,https://cartelera.ar/pelicula/afterburn-zona-cero
GBA Sur,Cinépolis,Cinépolis Avellaneda,"Av. Mitre 2702, Avellaneda",Afterburn (Zona cero),2D Doblada,16:50,,,,https://cartelera.ar/pelicula/afterburn-zona-cero
GBA Sur,Cinépolis,Cinépolis Avellaneda,"Av. Mitre 2702, Avellaneda",Afterburn (Zona cero),2D Doblada,19:45,,,,https://cartelera.ar/pelicula/afterburn-zona-cero
GBA Sur,Cinépolis,Cinépolis Avellaneda,"Av. Mitre 2702, Avellaneda",Afterburn (Zona cero),2D Doblada,22:40,,,,https://cartelera.ar/pelicula/afterburn-zona-cero
GBA Sur,Cinépolis,Cinépolis Avellaneda,"Av. Mitre 2702, Avellaneda",La Negociación (The Negotiation),2D Subtitulada,19:45,,,,https://cartelera.ar/pelicula/la-negociacion-the-negotiation
GBA Sur,Cinépolis,Cinépolis Avellaneda,"Av. Mitre 2702, Avellaneda",La Odisea,2D Doblada,14:40,,,,https://cartelera.ar/pelicula/la-odisea
GBA Sur,Cinépolis,Cinépolis Avellaneda,"Av. Mitre 2702, Avellaneda",La Odisea,2D Doblada,18:20,,,,https://cartelera.ar/pelicula/la-odisea
GBA Sur,Cinépolis,Cinépolis Avellaneda,"Av. Mitre 2702, Avellaneda",La Odisea,2D Doblada,22:00,,,,https://cartelera.ar/pelicula/la-odisea
GBA Sur,Cinépolis,Cinépolis Avellaneda,"Av. Mitre 2702, Avellaneda",Spider-Man: Un nuevo día,2D Doblada,12:30,,,,https://cartelera.ar/pelicula/spider-man-un-nuevo-dia
GBA Sur,Cinépolis,Cinépolis Avellaneda,"Av. Mitre 2702, Avellaneda",Spider-Man: Un nuevo día,2D Doblada,13:30,,,,https://cartelera.ar/pelicula/spider-man-un-nuevo-dia
GBA Sur,Cinépolis,Cinépolis Avellaneda,"Av. Mitre 2702, Avellaneda",Spider-Man: Un nuevo día,2D Doblada,15:40,,,,https://cartelera.ar/pelicula/spider-man-un-nuevo-dia
GBA Sur,Cinépolis,Cinépolis Avellaneda,"Av. Mitre 2702, Avellaneda",Spider-Man: Un nuevo día,2D Doblada,16:40,,,,https://cartelera.ar/pelicula/spider-man-un-nuevo-dia
GBA Sur,Cinépolis,Cinépolis Avellaneda,"Av. Mitre 2702, Avellaneda",Spider-Man: Un nuevo día,2D Doblada,18:50,,,,https://cartelera.ar/pelicula/spider-man-un-nuevo-dia
GBA Sur,Cinépolis,Cinépolis Avellaneda,"Av. Mitre 2702, Avellaneda",Spider-Man: Un nuevo día,3D Doblada,19:50,,,,https://cartelera.ar/pelicula/spider-man-un-nuevo-dia
GBA Sur,Cinépolis,Cinépolis Avellaneda,"Av. Mitre 2702, Avellaneda",Spider-Man: Un nuevo día,2D Doblada,22:00,,,,https://cartelera.ar/pelicula/spider-man-un-nuevo-dia
GBA Sur,Cinépolis,Cinépolis Avellaneda,"Av. Mitre 2702, Avellaneda",Spider-Man: Un nuevo día,2D Doblada,23:00,,,,https://cartelera.ar/pelicula/spider-man-un-nuevo-dia
GBA Sur,Cinépolis,Cinépolis Avellaneda,"Av. Mitre 2702, Avellaneda",Impacto mortal,2D Doblada,22:15,,,,https://cartelera.ar/pelicula/impacto-mortal
GBA Sur,Cinépolis,Cinépolis Avellaneda,"Av. Mitre 2702, Avellaneda",El Final de la Calle Oak,2D Doblada,23:20,,,,https://cartelera.ar/pelicula/el-final-de-la-calle-oak
GBA Sur,Cinépolis,Cinépolis Avellaneda,"Av. Mitre 2702, Avellaneda",PAW Patrol: La Dino Película,2D Doblada,14:00,,,,https://cartelera.ar/pelicula/paw-patrol-la-dino-pelicula
GBA Sur,Cinépolis,Cinépolis Avellaneda,"Av. Mitre 2702, Avellaneda",PAW Patrol: La Dino Película,2D Doblada,16:10,,,,https://cartelera.ar/pelicula/paw-patrol-la-dino-pelicula
GBA Sur,Cinépolis,Cinépolis Avellaneda,"Av. Mitre 2702, Avellaneda",PAW Patrol: La Dino Película,2D Doblada,18:20,,,,https://cartelera.ar/pelicula/paw-patrol-la-dino-pelicula
GBA Sur,Cinépolis,Cinépolis Avellaneda,"Av. Mitre 2702, Avellaneda",La noche del demonio: Están entre nosotros,2D Doblada,13:10,,,,https://cartelera.ar/pelicula/la-noche-del-demonio-estan-entre-nosotros
GBA Sur,Cinépolis,Cinépolis Avellaneda,"Av. Mitre 2702, Avellaneda",La noche del demonio: Están entre nosotros,2D Doblada,15:40,,,,https://cartelera.ar/pelicula/la-noche-del-demonio-estan-entre-nosotros
GBA Sur,Cinépolis,Cinépolis Avellaneda,"Av. Mitre 2702, Avellaneda",La noche del demonio: Están entre nosotros,2D Doblada,18:10,,,,https://cartelera.ar/pelicula/la-noche-del-demonio-estan-entre-nosotros
GBA Sur,Cinépolis,Cinépolis Avellaneda,"Av. Mitre 2702, Avellaneda",La noche del demonio: Están entre nosotros,2D Doblada,20:40,,,,https://cartelera.ar/pelicula/la-noche-del-demonio-estan-entre-nosotros
GBA Sur,Cinépolis,Cinépolis Avellaneda,"Av. Mitre 2702, Avellaneda",La noche del demonio: Están entre nosotros,2D Doblada,23:15,,,,https://cartelera.ar/pelicula/la-noche-del-demonio-estan-entre-nosotros
GBA Sur,Cinépolis,Cinépolis Avellaneda,"Av. Mitre 2702, Avellaneda",Pepita la Pistolera,2D Doblada,12:45,,,,https://cartelera.ar/pelicula/pepita-la-pistolera
GBA Sur,Cinépolis,Cinépolis Avellaneda,"Av. Mitre 2702, Avellaneda",Pepita la Pistolera,2D Doblada,13:10,,,,https://cartelera.ar/pelicula/pepita-la-pistolera
GBA Sur,Cinépolis,Cinépolis Avellaneda,"Av. Mitre 2702, Avellaneda",Pepita la Pistolera,2D Doblada,15:00,,,,https://cartelera.ar/pelicula/pepita-la-pistolera
GBA Sur,Cinépolis,Cinépolis Avellaneda,"Av. Mitre 2702, Avellaneda",Pepita la Pistolera,2D Doblada,15:30,,,,https://cartelera.ar/pelicula/pepita-la-pistolera
GBA Sur,Cinépolis,Cinépolis Avellaneda,"Av. Mitre 2702, Avellaneda",Pepita la Pistolera,2D Doblada,17:20,,,,https://cartelera.ar/pelicula/pepita-la-pistolera
GBA Sur,Cinépolis,Cinépolis Avellaneda,"Av. Mitre 2702, Avellaneda",Pepita la Pistolera,2D Doblada,17:50,,,,https://cartelera.ar/pelicula/pepita-la-pistolera
GBA Sur,Cinépolis,Cinépolis Avellaneda,"Av. Mitre 2702, Avellaneda",Pepita la Pistolera,2D Doblada,19:40,,,,https://cartelera.ar/pelicula/pepita-la-pistolera
GBA Sur,Cinépolis,Cinépolis Avellaneda,"Av. Mitre 2702, Avellaneda",Pepita la Pistolera,2D Doblada,20:10,,,,https://cartelera.ar/pelicula/pepita-la-pistolera
GBA Sur,Cinépolis,Cinépolis Avellaneda,"Av. Mitre 2702, Avellaneda",Pepita la Pistolera,2D Doblada,22:30,,,,https://cartelera.ar/pelicula/pepita-la-pistolera
GBA Sur,Cinépolis,Cinépolis Avellaneda,"Av. Mitre 2702, Avellaneda",Pepita la Pistolera,2D Doblada,23:30,,,,https://cartelera.ar/pelicula/pepita-la-pistolera
GBA Sur,Cinépolis,Cinépolis Avellaneda,"Av. Mitre 2702, Avellaneda",Terminator 2: El juicio final,3D Doblada,20:30,,,,https://cartelera.ar/pelicula/terminator-2-el-juicio-final
GBA Sur,Cinépolis,Cinépolis Avellaneda,"Av. Mitre 2702, Avellaneda",Terminator 2: El juicio final,2D Doblada,22:00,,,,https://cartelera.ar/pelicula/terminator-2-el-juicio-final
GBA Sur,Cinépolis,Cinépolis Avellaneda,"Av. Mitre 2702, Avellaneda",La constelación del perro,2D Doblada,20:40,,,,https://cartelera.ar/pelicula/la-constelacion-del-perro
GBA Sur,Cinépolis,Cinépolis Avellaneda,"Av. Mitre 2702, Avellaneda",Coyote vs. Acme,2D Doblada,12:30,,,,https://cartelera.ar/pelicula/coyote-vs-acme
GBA Sur,Cinépolis,Cinépolis Avellaneda,"Av. Mitre 2702, Avellaneda",Coyote vs. Acme,2D Doblada,13:00,,,,https://cartelera.ar/pelicula/coyote-vs-acme
GBA Sur,Cinépolis,Cinépolis Avellaneda,"Av. Mitre 2702, Avellaneda",Coyote vs. Acme,2D Doblada,15:00,,,,https://cartelera.ar/pelicula/coyote-vs-acme
GBA Sur,Cinépolis,Cinépolis Avellaneda,"Av. Mitre 2702, Avellaneda",Coyote vs. Acme,2D Doblada,15:30,,,,https://cartelera.ar/pelicula/coyote-vs-acme
GBA Sur,Cinépolis,Cinépolis Avellaneda,"Av. Mitre 2702, Avellaneda",Coyote vs. Acme,2D Doblada,17:30,,,,https://cartelera.ar/pelicula/coyote-vs-acme
GBA Sur,Cinépolis,Cinépolis Avellaneda,"Av. Mitre 2702, Avellaneda",Coyote vs. Acme,2D Doblada,18:00,,,,https://cartelera.ar/pelicula/coyote-vs-acme
GBA Sur,Cinépolis,Cinépolis Avellaneda,"Av. Mitre 2702, Avellaneda",Coyote vs. Acme,2D Doblada,20:00,,,,https://cartelera.ar/pelicula/coyote-vs-acme
GBA Sur,Cinépolis,Cinépolis Avellaneda,"Av. Mitre 2702, Avellaneda",Coyote vs. Acme,2D Doblada,22:30,,,,https://cartelera.ar/pelicula/coyote-vs-acme
GBA Sur,Cinépolis,Cinépolis Avellaneda,"Av. Mitre 2702, Avellaneda",Yo Narciso,2D Doblada,13:20,,,,
GBA Sur,Cinépolis,Cinépolis Avellaneda,"Av. Mitre 2702, Avellaneda",Yo Narciso,2D Doblada,15:40,,,,
GBA Sur,Cinépolis,Cinépolis Avellaneda,"Av. Mitre 2702, Avellaneda",Yo Narciso,2D Doblada,18:00,,,,
GBA Sur,Cinépolis,Cinépolis Avellaneda,"Av. Mitre 2702, Avellaneda",Yo Narciso,2D Doblada,20:20,,,,
GBA Sur,Cinépolis,Cinépolis Avellaneda,"Av. Mitre 2702, Avellaneda",Yo Narciso,2D Doblada,22:45,,,,
GBA Sur,Cinépolis,Cinépolis Avellaneda,"Av. Mitre 2702, Avellaneda",Masha Y Los Osos,2D Doblada,13:15,,,,
GBA Sur,Cinépolis,Cinépolis Avellaneda,"Av. Mitre 2702, Avellaneda",Masha Y Los Osos,2D Doblada,15:20,,,,
GBA Sur,Cinépolis,Cinépolis Avellaneda,"Av. Mitre 2702, Avellaneda",Masha Y Los Osos,2D Doblada,17:30,,,,
GBA Oeste,Cinemark Hoyts,Hoyts Moreno,"Av. Victorica 1128, Nine Shopping",Colony,2D Doblada,17:10,,,,https://www.cinemark.com.ar/peliculas/colony-zona-cero
GBA Oeste,Cinemark Hoyts,Hoyts Moreno,"Av. Victorica 1128, Nine Shopping",Colony,2D Doblada,20:00,,,,https://www.cinemark.com.ar/peliculas/colony-zona-cero
GBA Oeste,Cinemark Hoyts,Hoyts Moreno,"Av. Victorica 1128, Nine Shopping",Colony,2D Doblada,22:40,,,,https://www.cinemark.com.ar/peliculas/colony-zona-cero
GBA Oeste,Cinemark Hoyts,Hoyts Moreno,"Av. Victorica 1128, Nine Shopping",Coyote vs. Acme,2D Doblada,14:20,,,,https://www.cinemark.com.ar/peliculas/coyote-vs-acme
GBA Oeste,Cinemark Hoyts,Hoyts Moreno,"Av. Victorica 1128, Nine Shopping",Coyote vs. Acme,2D Doblada,17:00,,,,https://www.cinemark.com.ar/peliculas/coyote-vs-acme
GBA Oeste,Cinemark Hoyts,Hoyts Moreno,"Av. Victorica 1128, Nine Shopping",Coyote vs. Acme,2D Doblada,19:30,,,,https://www.cinemark.com.ar/peliculas/coyote-vs-acme
GBA Oeste,Cinemark Hoyts,Hoyts Moreno,"Av. Victorica 1128, Nine Shopping",El Final de la Calle Oak,2D Doblada,16:20,,,,https://www.cinemark.com.ar/peliculas/el-final-de-la-calle-oak
GBA Oeste,Cinemark Hoyts,Hoyts Moreno,"Av. Victorica 1128, Nine Shopping",Insidious: Fuera del más allá,2D Doblada,14:00,,,,https://www.cinemark.com.ar/peliculas/la-noche-del-demonio-estan-entre-nosotros
GBA Oeste,Cinemark Hoyts,Hoyts Moreno,"Av. Victorica 1128, Nine Shopping",Insidious: Fuera del más allá,DBOX 2D Doblada,14:00,,,,https://www.cinemark.com.ar/peliculas/la-noche-del-demonio-estan-entre-nosotros
GBA Oeste,Cinemark Hoyts,Hoyts Moreno,"Av. Victorica 1128, Nine Shopping",Insidious: Fuera del más allá,2D Doblada,16:30,,,,https://www.cinemark.com.ar/peliculas/la-noche-del-demonio-estan-entre-nosotros
GBA Oeste,Cinemark Hoyts,Hoyts Moreno,"Av. Victorica 1128, Nine Shopping",Insidious: Fuera del más allá,DBOX 2D Doblada,16:30,,,,https://www.cinemark.com.ar/peliculas/la-noche-del-demonio-estan-entre-nosotros
GBA Oeste,Cinemark Hoyts,Hoyts Moreno,"Av. Victorica 1128, Nine Shopping",Insidious: Fuera del más allá,2D Doblada,19:00,,,,https://www.cinemark.com.ar/peliculas/la-noche-del-demonio-estan-entre-nosotros
GBA Oeste,Cinemark Hoyts,Hoyts Moreno,"Av. Victorica 1128, Nine Shopping",Insidious: Fuera del más allá,DBOX 2D Doblada,19:00,,,,https://www.cinemark.com.ar/peliculas/la-noche-del-demonio-estan-entre-nosotros
GBA Oeste,Cinemark Hoyts,Hoyts Moreno,"Av. Victorica 1128, Nine Shopping",Insidious: Fuera del más allá,2D Doblada,20:15,,,,https://www.cinemark.com.ar/peliculas/la-noche-del-demonio-estan-entre-nosotros
GBA Oeste,Cinemark Hoyts,Hoyts Moreno,"Av. Victorica 1128, Nine Shopping",Insidious: Fuera del más allá,2D Doblada,21:30,,,,https://www.cinemark.com.ar/peliculas/la-noche-del-demonio-estan-entre-nosotros
GBA Oeste,Cinemark Hoyts,Hoyts Moreno,"Av. Victorica 1128, Nine Shopping",Insidious: Fuera del más allá,DBOX 2D Doblada,21:30,,,,https://www.cinemark.com.ar/peliculas/la-noche-del-demonio-estan-entre-nosotros
GBA Oeste,Cinemark Hoyts,Hoyts Moreno,"Av. Victorica 1128, Nine Shopping",Insidious: Fuera del más allá,2D Doblada,22:50,,,,https://www.cinemark.com.ar/peliculas/la-noche-del-demonio-estan-entre-nosotros
GBA Oeste,Cinemark Hoyts,Hoyts Moreno,"Av. Victorica 1128, Nine Shopping",La constelación del perro,2D Doblada,20:20,,,,https://cartelera.ar/pelicula/la-constelacion-del-perro
GBA Oeste,Cinemark Hoyts,Hoyts Moreno,"Av. Victorica 1128, Nine Shopping",LA GUERRA DE LOS ÚLTIMOS,2D Doblada,20:20,,,,https://www.cinemark.com.ar/peliculas/la-guerra-de-los-ultimos
GBA Oeste,Cinemark Hoyts,Hoyts Moreno,"Av. Victorica 1128, Nine Shopping",La Odisea,2D Doblada,14:50,,,,https://www.cinemark.com.ar/peliculas/la-odisea
GBA Oeste,Cinemark Hoyts,Hoyts Moreno,"Av. Victorica 1128, Nine Shopping",La Odisea,2D Doblada,18:30,,,,https://www.cinemark.com.ar/peliculas/la-odisea
GBA Oeste,Cinemark Hoyts,Hoyts Moreno,"Av. Victorica 1128, Nine Shopping",La Odisea,2D Doblada,22:10,,,,https://www.cinemark.com.ar/peliculas/la-odisea
GBA Oeste,Cinemark Hoyts,Hoyts Moreno,"Av. Victorica 1128, Nine Shopping",Masha Y Los Osos,2D Doblada,13:05,,,,https://www.cinemark.com.ar/peliculas/masha-y-los-osos
GBA Oeste,Cinemark Hoyts,Hoyts Moreno,"Av. Victorica 1128, Nine Shopping",Masha Y Los Osos,2D Doblada,15:10,,,,https://www.cinemark.com.ar/peliculas/masha-y-los-osos
GBA Oeste,Cinemark Hoyts,Hoyts Moreno,"Av. Victorica 1128, Nine Shopping",PAW Patrol: La Dino Película,2D Doblada,13:15,,,,https://www.cinemark.com.ar/peliculas/paw-patrol-la-dino-pelicula
GBA Oeste,Cinemark Hoyts,Hoyts Moreno,"Av. Victorica 1128, Nine Shopping",PAW Patrol: La Dino Película,2D Doblada,15:20,,,,https://www.cinemark.com.ar/peliculas/paw-patrol-la-dino-pelicula
GBA Oeste,Cinemark Hoyts,Hoyts Moreno,"Av. Victorica 1128, Nine Shopping",Pepita la Pistolera,2D Doblada,14:10,,,,https://www.cinemark.com.ar/peliculas/pepita-la-pistolera
GBA Oeste,Cinemark Hoyts,Hoyts Moreno,"Av. Victorica 1128, Nine Shopping",Pepita la Pistolera,2D Doblada,16:50,,,,https://www.cinemark.com.ar/peliculas/pepita-la-pistolera
GBA Oeste,Cinemark Hoyts,Hoyts Moreno,"Av. Victorica 1128, Nine Shopping",Pepita la Pistolera,2D Doblada,17:40,,,,https://www.cinemark.com.ar/peliculas/pepita-la-pistolera
GBA Oeste,Cinemark Hoyts,Hoyts Moreno,"Av. Victorica 1128, Nine Shopping",Pepita la Pistolera,2D Doblada,19:40,,,,https://www.cinemark.com.ar/peliculas/pepita-la-pistolera
GBA Oeste,Cinemark Hoyts,Hoyts Moreno,"Av. Victorica 1128, Nine Shopping",Pepita la Pistolera,2D Doblada,22:15,,,,https://www.cinemark.com.ar/peliculas/pepita-la-pistolera
GBA Oeste,Cinemark Hoyts,Hoyts Moreno,"Av. Victorica 1128, Nine Shopping",Pepita la Pistolera,2D Doblada,23:00,,,,https://www.cinemark.com.ar/peliculas/pepita-la-pistolera
GBA Oeste,Cinemark Hoyts,Hoyts Moreno,"Av. Victorica 1128, Nine Shopping",Spider-Man: Un nuevo día,2D Doblada,12:30,,,,https://www.cinemark.com.ar/peliculas/spider-man-un-nuevo-dia
GBA Oeste,Cinemark Hoyts,Hoyts Moreno,"Av. Victorica 1128, Nine Shopping",Spider-Man: Un nuevo día,DBOX 2D Doblada,12:30,,,,https://www.cinemark.com.ar/peliculas/spider-man-un-nuevo-dia
GBA Oeste,Cinemark Hoyts,Hoyts Moreno,"Av. Victorica 1128, Nine Shopping",Spider-Man: Un nuevo día,2D Doblada,13:00,,,,https://www.cinemark.com.ar/peliculas/spider-man-un-nuevo-dia
GBA Oeste,Cinemark Hoyts,Hoyts Moreno,"Av. Victorica 1128, Nine Shopping",Spider-Man: Un nuevo día,2D Doblada,15:50,,,,https://www.cinemark.com.ar/peliculas/spider-man-un-nuevo-dia
GBA Oeste,Cinemark Hoyts,Hoyts Moreno,"Av. Victorica 1128, Nine Shopping",Spider-Man: Un nuevo día,DBOX 2D Doblada,15:50,,,,https://www.cinemark.com.ar/peliculas/spider-man-un-nuevo-dia
GBA Oeste,Cinemark Hoyts,Hoyts Moreno,"Av. Victorica 1128, Nine Shopping",Spider-Man: Un nuevo día,2D Doblada,18:40,,,,https://www.cinemark.com.ar/peliculas/spider-man-un-nuevo-dia
GBA Oeste,Cinemark Hoyts,Hoyts Moreno,"Av. Victorica 1128, Nine Shopping",Spider-Man: Un nuevo día,3D Doblada,19:10,,,,https://www.cinemark.com.ar/peliculas/spider-man-un-nuevo-dia
GBA Oeste,Cinemark Hoyts,Hoyts Moreno,"Av. Victorica 1128, Nine Shopping",Spider-Man: Un nuevo día,DBOX 3D Doblada,19:10,,,,https://www.cinemark.com.ar/peliculas/spider-man-un-nuevo-dia
GBA Oeste,Cinemark Hoyts,Hoyts Moreno,"Av. Victorica 1128, Nine Shopping",Spider-Man: Un nuevo día,2D Doblada,21:50,,,,https://www.cinemark.com.ar/peliculas/spider-man-un-nuevo-dia
GBA Oeste,Cinemark Hoyts,Hoyts Moreno,"Av. Victorica 1128, Nine Shopping",Spider-Man: Un nuevo día,2D Doblada,22:30,,,,https://www.cinemark.com.ar/peliculas/spider-man-un-nuevo-dia
GBA Oeste,Cinemark Hoyts,Hoyts Moreno,"Av. Victorica 1128, Nine Shopping",Spider-Man: Un nuevo día,DBOX 2D Doblada,22:30,,,,https://www.cinemark.com.ar/peliculas/spider-man-un-nuevo-dia
GBA Oeste,Cinemark Hoyts,Hoyts Moreno,"Av. Victorica 1128, Nine Shopping",Terminator 2: El juicio final,3D Doblada,22:00,,,,https://www.cinemark.com.ar/peliculas/terminator-2-el-juicio-final-35-aniversario
GBA Oeste,Cinemark Hoyts,Hoyts Moreno,"Av. Victorica 1128, Nine Shopping",Toy Story 5,2D Doblada,13:10,,,,https://www.cinemark.com.ar/peliculas/toy-story-5
GBA Oeste,Cinemark Hoyts,Hoyts Moreno,"Av. Victorica 1128, Nine Shopping",Toy Story 5,2D Doblada,15:30,,,,https://www.cinemark.com.ar/peliculas/toy-story-5
GBA Oeste,Cinemark Hoyts,Hoyts Moreno,"Av. Victorica 1128, Nine Shopping",Toy Story 5,2D Doblada,18:00,,,,https://www.cinemark.com.ar/peliculas/toy-story-5
GBA Oeste,Cinemark Hoyts,Hoyts Moreno,"Av. Victorica 1128, Nine Shopping",Yo Narciso,2D Doblada,13:20,,,,https://www.cinemark.com.ar/peliculas/yo-narciso
GBA Oeste,Cinemark Hoyts,Hoyts Moreno,"Av. Victorica 1128, Nine Shopping",Yo Narciso,2D Doblada,15:40,,,,https://www.cinemark.com.ar/peliculas/yo-narciso
GBA Oeste,Cinemark Hoyts,Hoyts Moreno,"Av. Victorica 1128, Nine Shopping",Yo Narciso,2D Doblada,17:50,,,,https://www.cinemark.com.ar/peliculas/yo-narciso
GBA Oeste,Cinemark Hoyts,Hoyts Moreno,"Av. Victorica 1128, Nine Shopping",Yo Narciso,2D Doblada,20:10,,,,https://www.cinemark.com.ar/peliculas/yo-narciso
GBA Oeste,Cinemark Hoyts,Hoyts Moreno,"Av. Victorica 1128, Nine Shopping",Yo Narciso,2D Doblada,22:20,,,,https://www.cinemark.com.ar/peliculas/yo-narciso
CABA,Cinemark Hoyts,Hoyts Abasto,"Av. Corrientes 3247, Abasto Shopping",Colony,2D Doblada,17:15,,,,https://www.cinemark.com.ar/peliculas/colony-zona-cero
CABA,Cinemark Hoyts,Hoyts Abasto,"Av. Corrientes 3247, Abasto Shopping",Colony,2D Doblada,22:30,,,,https://www.cinemark.com.ar/peliculas/colony-zona-cero
CABA,Cinemark Hoyts,Hoyts Abasto,"Av. Corrientes 3247, Abasto Shopping",Coyote vs. Acme,2D Doblada,12:40,,,,https://www.cinemark.com.ar/peliculas/coyote-vs-acme
CABA,Cinemark Hoyts,Hoyts Abasto,"Av. Corrientes 3247, Abasto Shopping",Coyote vs. Acme,2D Doblada,15:10,,,,https://www.cinemark.com.ar/peliculas/coyote-vs-acme
CABA,Cinemark Hoyts,Hoyts Abasto,"Av. Corrientes 3247, Abasto Shopping",Coyote vs. Acme,2D Doblada,16:40,,,,https://www.cinemark.com.ar/peliculas/coyote-vs-acme
CABA,Cinemark Hoyts,Hoyts Abasto,"Av. Corrientes 3247, Abasto Shopping",Coyote vs. Acme,2D Doblada,17:40,,,,https://www.cinemark.com.ar/peliculas/coyote-vs-acme
CABA,Cinemark Hoyts,Hoyts Abasto,"Av. Corrientes 3247, Abasto Shopping",Coyote vs. Acme,2D Doblada,20:10,,,,https://www.cinemark.com.ar/peliculas/coyote-vs-acme
CABA,Cinemark Hoyts,Hoyts Abasto,"Av. Corrientes 3247, Abasto Shopping",Coyote vs. Acme,2D Subtitulada,22:40,,,,https://www.cinemark.com.ar/peliculas/coyote-vs-acme
CABA,Cinemark Hoyts,Hoyts Abasto,"Av. Corrientes 3247, Abasto Shopping",El Final de la Calle Oak,2D Doblada,15:30,,,,https://www.cinemark.com.ar/peliculas/el-final-de-la-calle-oak
CABA,Cinemark Hoyts,Hoyts Abasto,"Av. Corrientes 3247, Abasto Shopping",Impacto mortal,2D Doblada,14:00,,,,https://www.cinemark.com.ar/peliculas/impacto-mortal
CABA,Cinemark Hoyts,Hoyts Abasto,"Av. Corrientes 3247, Abasto Shopping",Insidious: Fuera del más allá,2D Doblada,14:20,,,,https://www.cinemark.com.ar/peliculas/la-noche-del-demonio-estan-entre-nosotros
CABA,Cinemark Hoyts,Hoyts Abasto,"Av. Corrientes 3247, Abasto Shopping",Insidious: Fuera del más allá,2D Doblada,16:50,,,,https://www.cinemark.com.ar/peliculas/la-noche-del-demonio-estan-entre-nosotros
CABA,Cinemark Hoyts,Hoyts Abasto,"Av. Corrientes 3247, Abasto Shopping",Insidious: Fuera del más allá,2D Doblada,19:30,,,,https://www.cinemark.com.ar/peliculas/la-noche-del-demonio-estan-entre-nosotros
CABA,Cinemark Hoyts,Hoyts Abasto,"Av. Corrientes 3247, Abasto Shopping",Insidious: Fuera del más allá,2D Doblada,20:20,,,,https://www.cinemark.com.ar/peliculas/la-noche-del-demonio-estan-entre-nosotros
CABA,Cinemark Hoyts,Hoyts Abasto,"Av. Corrientes 3247, Abasto Shopping",Insidious: Fuera del más allá,2D Doblada,22:00,,,,https://www.cinemark.com.ar/peliculas/la-noche-del-demonio-estan-entre-nosotros
CABA,Cinemark Hoyts,Hoyts Abasto,"Av. Corrientes 3247, Abasto Shopping",Insidious: Fuera del más allá,2D Doblada,23:00,,,,https://www.cinemark.com.ar/peliculas/la-noche-del-demonio-estan-entre-nosotros
CABA,Cinemark Hoyts,Hoyts Abasto,"Av. Corrientes 3247, Abasto Shopping",La constelación del perro,2D Doblada,13:50,,,,https://cartelera.ar/pelicula/la-constelacion-del-perro
CABA,Cinemark Hoyts,Hoyts Abasto,"Av. Corrientes 3247, Abasto Shopping",La constelación del perro,2D Doblada,19:20,,,,https://cartelera.ar/pelicula/la-constelacion-del-perro
CABA,Cinemark Hoyts,Hoyts Abasto,"Av. Corrientes 3247, Abasto Shopping",LA GUERRA DE LOS ÚLTIMOS,2D Doblada,13:50,,,,https://www.cinemark.com.ar/peliculas/la-guerra-de-los-ultimos
CABA,Cinemark Hoyts,Hoyts Abasto,"Av. Corrientes 3247, Abasto Shopping",LA GUERRA DE LOS ÚLTIMOS,2D Doblada,19:20,,,,https://www.cinemark.com.ar/peliculas/la-guerra-de-los-ultimos
CABA,Cinemark Hoyts,Hoyts Abasto,"Av. Corrientes 3247, Abasto Shopping",La Negociación (The Negotiation),2D Subtitulada,20:00,,,,https://www.cinemark.com.ar/peliculas/la-negociacion
CABA,Cinemark Hoyts,Hoyts Abasto,"Av. Corrientes 3247, Abasto Shopping",La Odisea,2D Subtitulada,13:40,,,,https://www.cinemark.com.ar/peliculas/la-odisea
CABA,Cinemark Hoyts,Hoyts Abasto,"Av. Corrientes 3247, Abasto Shopping",La Odisea,DBOX 2D Subtitulada,13:40,,,,https://www.cinemark.com.ar/peliculas/la-odisea
CABA,Cinemark Hoyts,Hoyts Abasto,"Av. Corrientes 3247, Abasto Shopping",La Odisea,2D Subtitulada,17:20,,,,https://www.cinemark.com.ar/peliculas/la-odisea
CABA,Cinemark Hoyts,Hoyts Abasto,"Av. Corrientes 3247, Abasto Shopping",La Odisea,DBOX 2D Subtitulada,17:20,,,,https://www.cinemark.com.ar/peliculas/la-odisea
CABA,Cinemark Hoyts,Hoyts Abasto,"Av. Corrientes 3247, Abasto Shopping",La Odisea,2D Subtitulada,21:10,,,,https://www.cinemark.com.ar/peliculas/la-odisea
CABA,Cinemark Hoyts,Hoyts Abasto,"Av. Corrientes 3247, Abasto Shopping",La Odisea,DBOX 2D Subtitulada,21:10,,,,https://www.cinemark.com.ar/peliculas/la-odisea
CABA,Cinemark Hoyts,Hoyts Abasto,"Av. Corrientes 3247, Abasto Shopping",La Odisea,2D Doblada,22:10,,,,https://www.cinemark.com.ar/peliculas/la-odisea
CABA,Cinemark Hoyts,Hoyts Abasto,"Av. Corrientes 3247, Abasto Shopping",Masha Y Los Osos,2D Doblada,12:50,,,,https://www.cinemark.com.ar/peliculas/masha-y-los-osos
CABA,Cinemark Hoyts,Hoyts Abasto,"Av. Corrientes 3247, Abasto Shopping",Masha Y Los Osos,2D Doblada,15:00,,,,https://www.cinemark.com.ar/peliculas/masha-y-los-osos
CABA,Cinemark Hoyts,Hoyts Abasto,"Av. Corrientes 3247, Abasto Shopping",PAW Patrol: La Dino Película,2D Doblada,13:20,,,,https://www.cinemark.com.ar/peliculas/paw-patrol-la-dino-pelicula
CABA,Cinemark Hoyts,Hoyts Abasto,"Av. Corrientes 3247, Abasto Shopping",PAW Patrol: La Dino Película,2D Doblada,15:40,,,,https://www.cinemark.com.ar/peliculas/paw-patrol-la-dino-pelicula
CABA,Cinemark Hoyts,Hoyts Abasto,"Av. Corrientes 3247, Abasto Shopping",PAW Patrol: La Dino Película,2D Doblada,18:00,,,,https://www.cinemark.com.ar/peliculas/paw-patrol-la-dino-pelicula
CABA,Cinemark Hoyts,Hoyts Abasto,"Av. Corrientes 3247, Abasto Shopping",Pepita la Pistolera,2D Doblada,14:10,,,,https://www.cinemark.com.ar/peliculas/pepita-la-pistolera
CABA,Cinemark Hoyts,Hoyts Abasto,"Av. Corrientes 3247, Abasto Shopping",Pepita la Pistolera,2D Doblada,16:50,,,,https://www.cinemark.com.ar/peliculas/pepita-la-pistolera
CABA,Cinemark Hoyts,Hoyts Abasto,"Av. Corrientes 3247, Abasto Shopping",Pepita la Pistolera,2D Doblada,19:20,,,,https://www.cinemark.com.ar/peliculas/pepita-la-pistolera
CABA,Cinemark Hoyts,Hoyts Abasto,"Av. Corrientes 3247, Abasto Shopping",Pepita la Pistolera,2D Doblada,20:20,,,,https://www.cinemark.com.ar/peliculas/pepita-la-pistolera
CABA,Cinemark Hoyts,Hoyts Abasto,"Av. Corrientes 3247, Abasto Shopping",Pepita la Pistolera,2D Doblada,21:50,,,,https://www.cinemark.com.ar/peliculas/pepita-la-pistolera
CABA,Cinemark Hoyts,Hoyts Abasto,"Av. Corrientes 3247, Abasto Shopping",Pepita la Pistolera,2D Doblada,22:50,,,,https://www.cinemark.com.ar/peliculas/pepita-la-pistolera
CABA,Cinemark Hoyts,Hoyts Abasto,"Av. Corrientes 3247, Abasto Shopping",Pmmm la Pelicula Parte 1,2D Subtitulada,17:00,,,,https://www.cinemark.com.ar/peliculas/puella-magi-madoka-magica-la-pelicula-parte-1
CABA,Cinemark Hoyts,Hoyts Abasto,"Av. Corrientes 3247, Abasto Shopping",Spider-Man: Un nuevo día,2D Doblada,12:30,,,,https://www.cinemark.com.ar/peliculas/spider-man-un-nuevo-dia
CABA,Cinemark Hoyts,Hoyts Abasto,"Av. Corrientes 3247, Abasto Shopping",Spider-Man: Un nuevo día,DBOX 2D Doblada,12:30,,,,https://www.cinemark.com.ar/peliculas/spider-man-un-nuevo-dia
CABA,Cinemark Hoyts,Hoyts Abasto,"Av. Corrientes 3247, Abasto Shopping",Spider-Man: Un nuevo día,2D Doblada,14:30,,,,https://www.cinemark.com.ar/peliculas/spider-man-un-nuevo-dia
CABA,Cinemark Hoyts,Hoyts Abasto,"Av. Corrientes 3247, Abasto Shopping",Spider-Man: Un nuevo día,DBOX 2D Doblada,14:30,,,,https://www.cinemark.com.ar/peliculas/spider-man-un-nuevo-dia
CABA,Cinemark Hoyts,Hoyts Abasto,"Av. Corrientes 3247, Abasto Shopping",Spider-Man: Un nuevo día,2D Doblada,15:50,,,,https://www.cinemark.com.ar/peliculas/spider-man-un-nuevo-dia
CABA,Cinemark Hoyts,Hoyts Abasto,"Av. Corrientes 3247, Abasto Shopping",Spider-Man: Un nuevo día,DBOX 2D Doblada,15:50,,,,https://www.cinemark.com.ar/peliculas/spider-man-un-nuevo-dia
CABA,Cinemark Hoyts,Hoyts Abasto,"Av. Corrientes 3247, Abasto Shopping",Spider-Man: Un nuevo día,2D Doblada,17:45,,,,https://www.cinemark.com.ar/peliculas/spider-man-un-nuevo-dia
CABA,Cinemark Hoyts,Hoyts Abasto,"Av. Corrientes 3247, Abasto Shopping",Spider-Man: Un nuevo día,DBOX 2D Doblada,17:45,,,,https://www.cinemark.com.ar/peliculas/spider-man-un-nuevo-dia
CABA,Cinemark Hoyts,Hoyts Abasto,"Av. Corrientes 3247, Abasto Shopping",Spider-Man: Un nuevo día,3D Doblada,19:00,,,,https://www.cinemark.com.ar/peliculas/spider-man-un-nuevo-dia
CABA,Cinemark Hoyts,Hoyts Abasto,"Av. Corrientes 3247, Abasto Shopping",Spider-Man: Un nuevo día,DBOX 3D Doblada,19:00,,,,https://www.cinemark.com.ar/peliculas/spider-man-un-nuevo-dia
CABA,Cinemark Hoyts,Hoyts Abasto,"Av. Corrientes 3247, Abasto Shopping",Spider-Man: Un nuevo día,2D Doblada,21:00,,,,https://www.cinemark.com.ar/peliculas/spider-man-un-nuevo-dia
CABA,Cinemark Hoyts,Hoyts Abasto,"Av. Corrientes 3247, Abasto Shopping",Spider-Man: Un nuevo día,DBOX 2D Doblada,21:00,,,,https://www.cinemark.com.ar/peliculas/spider-man-un-nuevo-dia
CABA,Cinemark Hoyts,Hoyts Abasto,"Av. Corrientes 3247, Abasto Shopping",Spider-Man: Un nuevo día,2D Doblada,22:10,,,,https://www.cinemark.com.ar/peliculas/spider-man-un-nuevo-dia
CABA,Cinemark Hoyts,Hoyts Abasto,"Av. Corrientes 3247, Abasto Shopping",Spider-Man: Un nuevo día,DBOX 2D Doblada,22:10,,,,https://www.cinemark.com.ar/peliculas/spider-man-un-nuevo-dia
CABA,Cinemark Hoyts,Hoyts Abasto,"Av. Corrientes 3247, Abasto Shopping",Terminator 2: El juicio final,3D Doblada,22:00,,,,https://www.cinemark.com.ar/peliculas/terminator-2-el-juicio-final-35-aniversario
CABA,Cinemark Hoyts,Hoyts Abasto,"Av. Corrientes 3247, Abasto Shopping",Toy Story 5,2D Doblada,13:00,,,,https://www.cinemark.com.ar/peliculas/toy-story-5
CABA,Cinemark Hoyts,Hoyts Abasto,"Av. Corrientes 3247, Abasto Shopping",Toy Story 5,2D Doblada,17:50,,,,https://www.cinemark.com.ar/peliculas/toy-story-5
CABA,Cinemark Hoyts,Hoyts Abasto,"Av. Corrientes 3247, Abasto Shopping",Yo Narciso,2D Doblada,12:35,,,,https://www.cinemark.com.ar/peliculas/yo-narciso
CABA,Cinemark Hoyts,Hoyts Abasto,"Av. Corrientes 3247, Abasto Shopping",Yo Narciso,2D Doblada,14:50,,,,https://www.cinemark.com.ar/peliculas/yo-narciso
CABA,Cinemark Hoyts,Hoyts Abasto,"Av. Corrientes 3247, Abasto Shopping",Yo Narciso,2D Doblada,17:10,,,,https://www.cinemark.com.ar/peliculas/yo-narciso
CABA,Cinemark Hoyts,Hoyts Abasto,"Av. Corrientes 3247, Abasto Shopping",Yo Narciso,2D Doblada,19:40,,,,https://www.cinemark.com.ar/peliculas/yo-narciso
CABA,Cinemark Hoyts,Hoyts Abasto,"Av. Corrientes 3247, Abasto Shopping",Yo Narciso,2D Doblada,22:20,,,,https://www.cinemark.com.ar/peliculas/yo-narciso
GBA Oeste,Cinemark Hoyts,Hoyts Morón,"J.M. de Rosas 658, Plaza Oeste Shopping",Colony,2D Doblada,16:40,,,,https://www.cinemark.com.ar/peliculas/colony-zona-cero
GBA Oeste,Cinemark Hoyts,Hoyts Morón,"J.M. de Rosas 658, Plaza Oeste Shopping",Colony,2D Doblada,22:50,,,,https://www.cinemark.com.ar/peliculas/colony-zona-cero
GBA Oeste,Cinemark Hoyts,Hoyts Morón,"J.M. de Rosas 658, Plaza Oeste Shopping",Coyote vs. Acme,2D Doblada,12:30,,,,https://www.cinemark.com.ar/peliculas/coyote-vs-acme
GBA Oeste,Cinemark Hoyts,Hoyts Morón,"J.M. de Rosas 658, Plaza Oeste Shopping",Coyote vs. Acme,2D Doblada,15:10,,,,https://www.cinemark.com.ar/peliculas/coyote-vs-acme
GBA Oeste,Cinemark Hoyts,Hoyts Morón,"J.M. de Rosas 658, Plaza Oeste Shopping",Coyote vs. Acme,2D Doblada,17:45,,,,https://www.cinemark.com.ar/peliculas/coyote-vs-acme
GBA Oeste,Cinemark Hoyts,Hoyts Morón,"J.M. de Rosas 658, Plaza Oeste Shopping",Coyote vs. Acme,2D Doblada,20:20,,,,https://www.cinemark.com.ar/peliculas/coyote-vs-acme
GBA Oeste,Cinemark Hoyts,Hoyts Morón,"J.M. de Rosas 658, Plaza Oeste Shopping",Insidious: Fuera del más allá,2D Doblada,12:50,,,,https://www.cinemark.com.ar/peliculas/la-noche-del-demonio-estan-entre-nosotros
GBA Oeste,Cinemark Hoyts,Hoyts Morón,"J.M. de Rosas 658, Plaza Oeste Shopping",Insidious: Fuera del más allá,DBOX 2D Doblada,12:50,,,,https://www.cinemark.com.ar/peliculas/la-noche-del-demonio-estan-entre-nosotros
GBA Oeste,Cinemark Hoyts,Hoyts Morón,"J.M. de Rosas 658, Plaza Oeste Shopping",Insidious: Fuera del más allá,2D Doblada,15:30,,,,https://www.cinemark.com.ar/peliculas/la-noche-del-demonio-estan-entre-nosotros
GBA Oeste,Cinemark Hoyts,Hoyts Morón,"J.M. de Rosas 658, Plaza Oeste Shopping",Insidious: Fuera del más allá,DBOX 2D Doblada,15:30,,,,https://www.cinemark.com.ar/peliculas/la-noche-del-demonio-estan-entre-nosotros
GBA Oeste,Cinemark Hoyts,Hoyts Morón,"J.M. de Rosas 658, Plaza Oeste Shopping",Insidious: Fuera del más allá,2D Doblada,18:00,,,,https://www.cinemark.com.ar/peliculas/la-noche-del-demonio-estan-entre-nosotros
GBA Oeste,Cinemark Hoyts,Hoyts Morón,"J.M. de Rosas 658, Plaza Oeste Shopping",Insidious: Fuera del más allá,DBOX 2D Doblada,18:00,,,,https://www.cinemark.com.ar/peliculas/la-noche-del-demonio-estan-entre-nosotros
GBA Oeste,Cinemark Hoyts,Hoyts Morón,"J.M. de Rosas 658, Plaza Oeste Shopping",Insidious: Fuera del más allá,2D Doblada,20:30,,,,https://www.cinemark.com.ar/peliculas/la-noche-del-demonio-estan-entre-nosotros
GBA Oeste,Cinemark Hoyts,Hoyts Morón,"J.M. de Rosas 658, Plaza Oeste Shopping",Insidious: Fuera del más allá,DBOX 2D Doblada,20:30,,,,https://www.cinemark.com.ar/peliculas/la-noche-del-demonio-estan-entre-nosotros
GBA Oeste,Cinemark Hoyts,Hoyts Morón,"J.M. de Rosas 658, Plaza Oeste Shopping",Insidious: Fuera del más allá,2D Doblada,23:00,,,,https://www.cinemark.com.ar/peliculas/la-noche-del-demonio-estan-entre-nosotros
GBA Oeste,Cinemark Hoyts,Hoyts Morón,"J.M. de Rosas 658, Plaza Oeste Shopping",Insidious: Fuera del más allá,DBOX 2D Doblada,23:00,,,,https://www.cinemark.com.ar/peliculas/la-noche-del-demonio-estan-entre-nosotros
GBA Oeste,Cinemark Hoyts,Hoyts Morón,"J.M. de Rosas 658, Plaza Oeste Shopping",La constelación del perro,2D Doblada,19:20,,,,https://cartelera.ar/pelicula/la-constelacion-del-perro
GBA Oeste,Cinemark Hoyts,Hoyts Morón,"J.M. de Rosas 658, Plaza Oeste Shopping",La constelación del perro,2D Doblada,22:00,,,,https://cartelera.ar/pelicula/la-constelacion-del-perro
GBA Oeste,Cinemark Hoyts,Hoyts Morón,"J.M. de Rosas 658, Plaza Oeste Shopping",LA GUERRA DE LOS ÚLTIMOS,2D Doblada,19:20,,,,https://www.cinemark.com.ar/peliculas/la-guerra-de-los-ultimos
GBA Oeste,Cinemark Hoyts,Hoyts Morón,"J.M. de Rosas 658, Plaza Oeste Shopping",LA GUERRA DE LOS ÚLTIMOS,2D Doblada,22:00,,,,https://www.cinemark.com.ar/peliculas/la-guerra-de-los-ultimos
GBA Oeste,Cinemark Hoyts,Hoyts Morón,"J.M. de Rosas 658, Plaza Oeste Shopping",La Odisea,2D Doblada,14:30,,,,https://www.cinemark.com.ar/peliculas/la-odisea
GBA Oeste,Cinemark Hoyts,Hoyts Morón,"J.M. de Rosas 658, Plaza Oeste Shopping",La Odisea,2D Doblada,18:30,,,,https://www.cinemark.com.ar/peliculas/la-odisea
GBA Oeste,Cinemark Hoyts,Hoyts Morón,"J.M. de Rosas 658, Plaza Oeste Shopping",La Odisea,2D Doblada,22:10,,,,https://www.cinemark.com.ar/peliculas/la-odisea
GBA Oeste,Cinemark Hoyts,Hoyts Morón,"J.M. de Rosas 658, Plaza Oeste Shopping",PAW Patrol: La Dino Película,2D Doblada,14:00,,,,https://www.cinemark.com.ar/peliculas/paw-patrol-la-dino-pelicula
GBA Oeste,Cinemark Hoyts,Hoyts Morón,"J.M. de Rosas 658, Plaza Oeste Shopping",Pepita la Pistolera,2D Doblada,13:00,,,,https://www.cinemark.com.ar/peliculas/pepita-la-pistolera
GBA Oeste,Cinemark Hoyts,Hoyts Morón,"J.M. de Rosas 658, Plaza Oeste Shopping",Pepita la Pistolera,2D Doblada,15:20,,,,https://www.cinemark.com.ar/peliculas/pepita-la-pistolera
GBA Oeste,Cinemark Hoyts,Hoyts Morón,"J.M. de Rosas 658, Plaza Oeste Shopping",Pepita la Pistolera,2D Doblada,17:40,,,,https://www.cinemark.com.ar/peliculas/pepita-la-pistolera
GBA Oeste,Cinemark Hoyts,Hoyts Morón,"J.M. de Rosas 658, Plaza Oeste Shopping",Pepita la Pistolera,2D Doblada,20:10,,,,https://www.cinemark.com.ar/peliculas/pepita-la-pistolera
GBA Oeste,Cinemark Hoyts,Hoyts Morón,"J.M. de Rosas 658, Plaza Oeste Shopping",Pepita la Pistolera,2D Doblada,22:40,,,,https://www.cinemark.com.ar/peliculas/pepita-la-pistolera
GBA Oeste,Cinemark Hoyts,Hoyts Morón,"J.M. de Rosas 658, Plaza Oeste Shopping",Spider-Man: Un nuevo día,2D Doblada,13:10,,,,https://www.cinemark.com.ar/peliculas/spider-man-un-nuevo-dia
GBA Oeste,Cinemark Hoyts,Hoyts Morón,"J.M. de Rosas 658, Plaza Oeste Shopping",Spider-Man: Un nuevo día,DBOX 2D Doblada,13:10,,,,https://www.cinemark.com.ar/peliculas/spider-man-un-nuevo-dia
GBA Oeste,Cinemark Hoyts,Hoyts Morón,"J.M. de Rosas 658, Plaza Oeste Shopping",Spider-Man: Un nuevo día,3D Doblada,16:20,,,,https://www.cinemark.com.ar/peliculas/spider-man-un-nuevo-dia
GBA Oeste,Cinemark Hoyts,Hoyts Morón,"J.M. de Rosas 658, Plaza Oeste Shopping",Spider-Man: Un nuevo día,DBOX 3D Doblada,16:20,,,,https://www.cinemark.com.ar/peliculas/spider-man-un-nuevo-dia
GBA Oeste,Cinemark Hoyts,Hoyts Morón,"J.M. de Rosas 658, Plaza Oeste Shopping",Spider-Man: Un nuevo día,2D Doblada,18:40,,,,https://www.cinemark.com.ar/peliculas/spider-man-un-nuevo-dia
GBA Oeste,Cinemark Hoyts,Hoyts Morón,"J.M. de Rosas 658, Plaza Oeste Shopping",Spider-Man: Un nuevo día,2D Doblada,19:30,,,,https://www.cinemark.com.ar/peliculas/spider-man-un-nuevo-dia
GBA Oeste,Cinemark Hoyts,Hoyts Morón,"J.M. de Rosas 658, Plaza Oeste Shopping",Spider-Man: Un nuevo día,DBOX 2D Doblada,19:30,,,,https://www.cinemark.com.ar/peliculas/spider-man-un-nuevo-dia
GBA Oeste,Cinemark Hoyts,Hoyts Morón,"J.M. de Rosas 658, Plaza Oeste Shopping",Spider-Man: Un nuevo día,2D Doblada,22:10,,,,https://www.cinemark.com.ar/peliculas/spider-man-un-nuevo-dia
GBA Oeste,Cinemark Hoyts,Hoyts Morón,"J.M. de Rosas 658, Plaza Oeste Shopping",Spider-Man: Un nuevo día,2D Doblada,22:40,,,,https://www.cinemark.com.ar/peliculas/spider-man-un-nuevo-dia
GBA Oeste,Cinemark Hoyts,Hoyts Morón,"J.M. de Rosas 658, Plaza Oeste Shopping",Spider-Man: Un nuevo día,DBOX 2D Doblada,22:40,,,,https://www.cinemark.com.ar/peliculas/spider-man-un-nuevo-dia
GBA Oeste,Cinemark Hoyts,Hoyts Morón,"J.M. de Rosas 658, Plaza Oeste Shopping",Toy Story 5,2D Doblada,13:50,,,,https://www.cinemark.com.ar/peliculas/toy-story-5
GBA Oeste,Cinemark Hoyts,Hoyts Morón,"J.M. de Rosas 658, Plaza Oeste Shopping",Toy Story 5,2D Doblada,16:10,,,,https://www.cinemark.com.ar/peliculas/toy-story-5
GBA Oeste,Cinemark Hoyts,Hoyts Morón,"J.M. de Rosas 658, Plaza Oeste Shopping",Yo Narciso,2D Doblada,12:40,,,,https://www.cinemark.com.ar/peliculas/yo-narciso
GBA Oeste,Cinemark Hoyts,Hoyts Morón,"J.M. de Rosas 658, Plaza Oeste Shopping",Yo Narciso,2D Doblada,15:00,,,,https://www.cinemark.com.ar/peliculas/yo-narciso
GBA Oeste,Cinemark Hoyts,Hoyts Morón,"J.M. de Rosas 658, Plaza Oeste Shopping",Yo Narciso,2D Doblada,17:20,,,,https://www.cinemark.com.ar/peliculas/yo-narciso
GBA Oeste,Cinemark Hoyts,Hoyts Morón,"J.M. de Rosas 658, Plaza Oeste Shopping",Yo Narciso,2D Doblada,19:40,,,,https://www.cinemark.com.ar/peliculas/yo-narciso
GBA Oeste,Cinemark Hoyts,Hoyts Morón,"J.M. de Rosas 658, Plaza Oeste Shopping",Yo Narciso,2D Doblada,21:50,,,,https://www.cinemark.com.ar/peliculas/yo-narciso
GBA Oeste,Cinemark Hoyts,Cinemark Malvinas Argentinas,"Av. Pte. Illia 3770, Shopping Terrazas de Mayo",Colony,2D Doblada,17:50,,,,https://www.cinemark.com.ar/peliculas/colony-zona-cero
GBA Oeste,Cinemark Hoyts,Cinemark Malvinas Argentinas,"Av. Pte. Illia 3770, Shopping Terrazas de Mayo",Colony,2D Doblada,23:00,,,,https://www.cinemark.com.ar/peliculas/colony-zona-cero
GBA Oeste,Cinemark Hoyts,Cinemark Malvinas Argentinas,"Av. Pte. Illia 3770, Shopping Terrazas de Mayo",Coyote vs. Acme,2D Doblada,12:45,,,,https://www.cinemark.com.ar/peliculas/coyote-vs-acme
GBA Oeste,Cinemark Hoyts,Cinemark Malvinas Argentinas,"Av. Pte. Illia 3770, Shopping Terrazas de Mayo",Coyote vs. Acme,2D Doblada,15:15,,,,https://www.cinemark.com.ar/peliculas/coyote-vs-acme
GBA Oeste,Cinemark Hoyts,Cinemark Malvinas Argentinas,"Av. Pte. Illia 3770, Shopping Terrazas de Mayo",Coyote vs. Acme,2D Doblada,17:40,,,,https://www.cinemark.com.ar/peliculas/coyote-vs-acme
GBA Oeste,Cinemark Hoyts,Cinemark Malvinas Argentinas,"Av. Pte. Illia 3770, Shopping Terrazas de Mayo",Coyote vs. Acme,2D Doblada,20:05,,,,https://www.cinemark.com.ar/peliculas/coyote-vs-acme
GBA Oeste,Cinemark Hoyts,Cinemark Malvinas Argentinas,"Av. Pte. Illia 3770, Shopping Terrazas de Mayo",El Final de la Calle Oak,2D Doblada,19:40,,,,https://www.cinemark.com.ar/peliculas/el-final-de-la-calle-oak
GBA Oeste,Cinemark Hoyts,Cinemark Malvinas Argentinas,"Av. Pte. Illia 3770, Shopping Terrazas de Mayo",Insidious: Fuera del más allá,2D Doblada,14:20,,,,https://www.cinemark.com.ar/peliculas/la-noche-del-demonio-estan-entre-nosotros
GBA Oeste,Cinemark Hoyts,Cinemark Malvinas Argentinas,"Av. Pte. Illia 3770, Shopping Terrazas de Mayo",Insidious: Fuera del más allá,2D Doblada,16:50,,,,https://www.cinemark.com.ar/peliculas/la-noche-del-demonio-estan-entre-nosotros
GBA Oeste,Cinemark Hoyts,Cinemark Malvinas Argentinas,"Av. Pte. Illia 3770, Shopping Terrazas de Mayo",Insidious: Fuera del más allá,2D Doblada,17:45,,,,https://www.cinemark.com.ar/peliculas/la-noche-del-demonio-estan-entre-nosotros
GBA Oeste,Cinemark Hoyts,Cinemark Malvinas Argentinas,"Av. Pte. Illia 3770, Shopping Terrazas de Mayo",Insidious: Fuera del más allá,2D Doblada,19:20,,,,https://www.cinemark.com.ar/peliculas/la-noche-del-demonio-estan-entre-nosotros
GBA Oeste,Cinemark Hoyts,Cinemark Malvinas Argentinas,"Av. Pte. Illia 3770, Shopping Terrazas de Mayo",Insidious: Fuera del más allá,2D Doblada,20:20,,,,https://www.cinemark.com.ar/peliculas/la-noche-del-demonio-estan-entre-nosotros
GBA Oeste,Cinemark Hoyts,Cinemark Malvinas Argentinas,"Av. Pte. Illia 3770, Shopping Terrazas de Mayo",Insidious: Fuera del más allá,2D Doblada,21:50,,,,https://www.cinemark.com.ar/peliculas/la-noche-del-demonio-estan-entre-nosotros
GBA Oeste,Cinemark Hoyts,Cinemark Malvinas Argentinas,"Av. Pte. Illia 3770, Shopping Terrazas de Mayo",Insidious: Fuera del más allá,2D Doblada,22:50,,,,https://www.cinemark.com.ar/peliculas/la-noche-del-demonio-estan-entre-nosotros
GBA Oeste,Cinemark Hoyts,Cinemark Malvinas Argentinas,"Av. Pte. Illia 3770, Shopping Terrazas de Mayo",La constelación del perro,2D Doblada,17:00,,,,https://cartelera.ar/pelicula/la-constelacion-del-perro
GBA Oeste,Cinemark Hoyts,Cinemark Malvinas Argentinas,"Av. Pte. Illia 3770, Shopping Terrazas de Mayo",LA GUERRA DE LOS ÚLTIMOS,2D Doblada,17:00,,,,https://www.cinemark.com.ar/peliculas/la-guerra-de-los-ultimos
GBA Oeste,Cinemark Hoyts,Cinemark Malvinas Argentinas,"Av. Pte. Illia 3770, Shopping Terrazas de Mayo",La Odisea,2D Doblada,14:50,,,,https://www.cinemark.com.ar/peliculas/la-odisea
GBA Oeste,Cinemark Hoyts,Cinemark Malvinas Argentinas,"Av. Pte. Illia 3770, Shopping Terrazas de Mayo",La Odisea,2D Doblada,18:30,,,,https://www.cinemark.com.ar/peliculas/la-odisea
GBA Oeste,Cinemark Hoyts,Cinemark Malvinas Argentinas,"Av. Pte. Illia 3770, Shopping Terrazas de Mayo",La Odisea,2D Doblada,22:10,,,,https://www.cinemark.com.ar/peliculas/la-odisea
GBA Oeste,Cinemark Hoyts,Cinemark Malvinas Argentinas,"Av. Pte. Illia 3770, Shopping Terrazas de Mayo",Masha Y Los Osos,2D Doblada,13:40,,,,https://www.cinemark.com.ar/peliculas/masha-y-los-osos
GBA Oeste,Cinemark Hoyts,Cinemark Malvinas Argentinas,"Av. Pte. Illia 3770, Shopping Terrazas de Mayo",Masha Y Los Osos,2D Doblada,15:50,,,,https://www.cinemark.com.ar/peliculas/masha-y-los-osos
GBA Oeste,Cinemark Hoyts,Cinemark Malvinas Argentinas,"Av. Pte. Illia 3770, Shopping Terrazas de Mayo",PAW Patrol: La Dino Película,2D Doblada,13:20,,,,https://www.cinemark.com.ar/peliculas/paw-patrol-la-dino-pelicula
GBA Oeste,Cinemark Hoyts,Cinemark Malvinas Argentinas,"Av. Pte. Illia 3770, Shopping Terrazas de Mayo",PAW Patrol: La Dino Película,2D Doblada,15:30,,,,https://www.cinemark.com.ar/peliculas/paw-patrol-la-dino-pelicula
GBA Oeste,Cinemark Hoyts,Cinemark Malvinas Argentinas,"Av. Pte. Illia 3770, Shopping Terrazas de Mayo",Pepita la Pistolera,2D Doblada,14:00,,,,https://www.cinemark.com.ar/peliculas/pepita-la-pistolera
GBA Oeste,Cinemark Hoyts,Cinemark Malvinas Argentinas,"Av. Pte. Illia 3770, Shopping Terrazas de Mayo",Pepita la Pistolera,2D Doblada,16:30,,,,https://www.cinemark.com.ar/peliculas/pepita-la-pistolera
GBA Oeste,Cinemark Hoyts,Cinemark Malvinas Argentinas,"Av. Pte. Illia 3770, Shopping Terrazas de Mayo",Pepita la Pistolera,2D Doblada,19:00,,,,https://www.cinemark.com.ar/peliculas/pepita-la-pistolera
GBA Oeste,Cinemark Hoyts,Cinemark Malvinas Argentinas,"Av. Pte. Illia 3770, Shopping Terrazas de Mayo",Pepita la Pistolera,2D Doblada,20:30,,,,https://www.cinemark.com.ar/peliculas/pepita-la-pistolera
GBA Oeste,Cinemark Hoyts,Cinemark Malvinas Argentinas,"Av. Pte. Illia 3770, Shopping Terrazas de Mayo",Pepita la Pistolera,2D Doblada,21:30,,,,https://www.cinemark.com.ar/peliculas/pepita-la-pistolera
GBA Oeste,Cinemark Hoyts,Cinemark Malvinas Argentinas,"Av. Pte. Illia 3770, Shopping Terrazas de Mayo",Pepita la Pistolera,2D Doblada,22:30,,,,https://www.cinemark.com.ar/peliculas/pepita-la-pistolera
GBA Oeste,Cinemark Hoyts,Cinemark Malvinas Argentinas,"Av. Pte. Illia 3770, Shopping Terrazas de Mayo",Spider-Man: Un nuevo día,3D Doblada,13:10,,,,https://www.cinemark.com.ar/peliculas/spider-man-un-nuevo-dia
GBA Oeste,Cinemark Hoyts,Cinemark Malvinas Argentinas,"Av. Pte. Illia 3770, Shopping Terrazas de Mayo",Spider-Man: Un nuevo día,DBOX 3D Doblada,13:10,,,,https://www.cinemark.com.ar/peliculas/spider-man-un-nuevo-dia
GBA Oeste,Cinemark Hoyts,Cinemark Malvinas Argentinas,"Av. Pte. Illia 3770, Shopping Terrazas de Mayo",Spider-Man: Un nuevo día,DBOX XD 2D Doblada,15:00,,,,https://www.cinemark.com.ar/peliculas/spider-man-un-nuevo-dia
GBA Oeste,Cinemark Hoyts,Cinemark Malvinas Argentinas,"Av. Pte. Illia 3770, Shopping Terrazas de Mayo",Spider-Man: Un nuevo día,XD 2D Doblada,15:00,,,,https://www.cinemark.com.ar/peliculas/spider-man-un-nuevo-dia
GBA Oeste,Cinemark Hoyts,Cinemark Malvinas Argentinas,"Av. Pte. Illia 3770, Shopping Terrazas de Mayo",Spider-Man: Un nuevo día,2D Doblada,16:20,,,,https://www.cinemark.com.ar/peliculas/spider-man-un-nuevo-dia
GBA Oeste,Cinemark Hoyts,Cinemark Malvinas Argentinas,"Av. Pte. Illia 3770, Shopping Terrazas de Mayo",Spider-Man: Un nuevo día,DBOX 2D Doblada,16:20,,,,https://www.cinemark.com.ar/peliculas/spider-man-un-nuevo-dia
GBA Oeste,Cinemark Hoyts,Cinemark Malvinas Argentinas,"Av. Pte. Illia 3770, Shopping Terrazas de Mayo",Spider-Man: Un nuevo día,DBOX XD 2D Doblada,18:20,,,,https://www.cinemark.com.ar/peliculas/spider-man-un-nuevo-dia
GBA Oeste,Cinemark Hoyts,Cinemark Malvinas Argentinas,"Av. Pte. Illia 3770, Shopping Terrazas de Mayo",Spider-Man: Un nuevo día,XD 2D Doblada,18:20,,,,https://www.cinemark.com.ar/peliculas/spider-man-un-nuevo-dia
GBA Oeste,Cinemark Hoyts,Cinemark Malvinas Argentinas,"Av. Pte. Illia 3770, Shopping Terrazas de Mayo",Spider-Man: Un nuevo día,3D Doblada,19:30,,,,https://www.cinemark.com.ar/peliculas/spider-man-un-nuevo-dia
GBA Oeste,Cinemark Hoyts,Cinemark Malvinas Argentinas,"Av. Pte. Illia 3770, Shopping Terrazas de Mayo",Spider-Man: Un nuevo día,DBOX 3D Doblada,19:30,,,,https://www.cinemark.com.ar/peliculas/spider-man-un-nuevo-dia
GBA Oeste,Cinemark Hoyts,Cinemark Malvinas Argentinas,"Av. Pte. Illia 3770, Shopping Terrazas de Mayo",Spider-Man: Un nuevo día,DBOX XD 2D Doblada,21:40,,,,https://www.cinemark.com.ar/peliculas/spider-man-un-nuevo-dia
GBA Oeste,Cinemark Hoyts,Cinemark Malvinas Argentinas,"Av. Pte. Illia 3770, Shopping Terrazas de Mayo",Spider-Man: Un nuevo día,XD 2D Doblada,21:40,,,,https://www.cinemark.com.ar/peliculas/spider-man-un-nuevo-dia
GBA Oeste,Cinemark Hoyts,Cinemark Malvinas Argentinas,"Av. Pte. Illia 3770, Shopping Terrazas de Mayo",Spider-Man: Un nuevo día,2D Doblada,22:40,,,,https://www.cinemark.com.ar/peliculas/spider-man-un-nuevo-dia
GBA Oeste,Cinemark Hoyts,Cinemark Malvinas Argentinas,"Av. Pte. Illia 3770, Shopping Terrazas de Mayo",Spider-Man: Un nuevo día,DBOX 2D Doblada,22:40,,,,https://www.cinemark.com.ar/peliculas/spider-man-un-nuevo-dia
GBA Oeste,Cinemark Hoyts,Cinemark Malvinas Argentinas,"Av. Pte. Illia 3770, Shopping Terrazas de Mayo",Terminator 2: El juicio final,3D Doblada,22:00,,,,https://www.cinemark.com.ar/peliculas/terminator-2-el-juicio-final-35-aniversario
GBA Oeste,Cinemark Hoyts,Cinemark Malvinas Argentinas,"Av. Pte. Illia 3770, Shopping Terrazas de Mayo",Toy Story 5,DBOX XD 2D Doblada,12:40,,,,https://www.cinemark.com.ar/peliculas/toy-story-5
GBA Oeste,Cinemark Hoyts,Cinemark Malvinas Argentinas,"Av. Pte. Illia 3770, Shopping Terrazas de Mayo",Toy Story 5,XD 2D Doblada,12:40,,,,https://www.cinemark.com.ar/peliculas/toy-story-5
GBA Oeste,Cinemark Hoyts,Cinemark Malvinas Argentinas,"Av. Pte. Illia 3770, Shopping Terrazas de Mayo",Toy Story 5,2D Doblada,14:30,,,,https://www.cinemark.com.ar/peliculas/toy-story-5
GBA Oeste,Cinemark Hoyts,Cinemark Malvinas Argentinas,"Av. Pte. Illia 3770, Shopping Terrazas de Mayo",Yo Narciso,2D Doblada,12:50,,,,https://www.cinemark.com.ar/peliculas/yo-narciso
GBA Oeste,Cinemark Hoyts,Cinemark Malvinas Argentinas,"Av. Pte. Illia 3770, Shopping Terrazas de Mayo",Yo Narciso,2D Doblada,15:10,,,,https://www.cinemark.com.ar/peliculas/yo-narciso
GBA Oeste,Cinemark Hoyts,Cinemark Malvinas Argentinas,"Av. Pte. Illia 3770, Shopping Terrazas de Mayo",Yo Narciso,2D Doblada,17:20,,,,https://www.cinemark.com.ar/peliculas/yo-narciso
GBA Oeste,Cinemark Hoyts,Cinemark Malvinas Argentinas,"Av. Pte. Illia 3770, Shopping Terrazas de Mayo",Yo Narciso,2D Doblada,19:50,,,,https://www.cinemark.com.ar/peliculas/yo-narciso
GBA Oeste,Cinemark Hoyts,Cinemark Malvinas Argentinas,"Av. Pte. Illia 3770, Shopping Terrazas de Mayo",Yo Narciso,2D Doblada,22:20,,,,https://www.cinemark.com.ar/peliculas/yo-narciso
CABA,Cinemark Hoyts,Cinemark Caballito,"Av. La Plata 96, Caballito",Coyote vs. Acme,2D Doblada,12:50,,,,https://www.cinemark.com.ar/peliculas/coyote-vs-acme
CABA,Cinemark Hoyts,Cinemark Caballito,"Av. La Plata 96, Caballito",Coyote vs. Acme,2D Doblada,15:20,,,,https://www.cinemark.com.ar/peliculas/coyote-vs-acme
CABA,Cinemark Hoyts,Cinemark Caballito,"Av. La Plata 96, Caballito",Coyote vs. Acme,2D Doblada,17:50,,,,https://www.cinemark.com.ar/peliculas/coyote-vs-acme
CABA,Cinemark Hoyts,Cinemark Caballito,"Av. La Plata 96, Caballito",Coyote vs. Acme,2D Doblada,20:40,,,,https://www.cinemark.com.ar/peliculas/coyote-vs-acme
CABA,Cinemark Hoyts,Cinemark Caballito,"Av. La Plata 96, Caballito",Insidious: Fuera del más allá,2D Subtitulada,15:30,,,,https://www.cinemark.com.ar/peliculas/la-noche-del-demonio-estan-entre-nosotros
CABA,Cinemark Hoyts,Cinemark Caballito,"Av. La Plata 96, Caballito",Insidious: Fuera del más allá,2D Subtitulada,20:20,,,,https://www.cinemark.com.ar/peliculas/la-noche-del-demonio-estan-entre-nosotros
CABA,Cinemark Hoyts,Cinemark Caballito,"Av. La Plata 96, Caballito",Insidious: Fuera del más allá,2D Subtitulada,23:10,,,,https://www.cinemark.com.ar/peliculas/la-noche-del-demonio-estan-entre-nosotros
CABA,Cinemark Hoyts,Cinemark Caballito,"Av. La Plata 96, Caballito",La Odisea,2D Subtitulada,15:00,,,,https://www.cinemark.com.ar/peliculas/la-odisea
CABA,Cinemark Hoyts,Cinemark Caballito,"Av. La Plata 96, Caballito",La Odisea,2D Subtitulada,18:40,,,,https://www.cinemark.com.ar/peliculas/la-odisea
CABA,Cinemark Hoyts,Cinemark Caballito,"Av. La Plata 96, Caballito",La Odisea,2D Subtitulada,22:20,,,,https://www.cinemark.com.ar/peliculas/la-odisea
CABA,Cinemark Hoyts,Cinemark Caballito,"Av. La Plata 96, Caballito",PAW Patrol: La Dino Película,2D Doblada,12:40,,,,https://www.cinemark.com.ar/peliculas/paw-patrol-la-dino-pelicula
CABA,Cinemark Hoyts,Cinemark Caballito,"Av. La Plata 96, Caballito",Pepita la Pistolera,2D Doblada,14:30,,,,https://www.cinemark.com.ar/peliculas/pepita-la-pistolera
CABA,Cinemark Hoyts,Cinemark Caballito,"Av. La Plata 96, Caballito",Pepita la Pistolera,2D Doblada,17:10,,,,https://www.cinemark.com.ar/peliculas/pepita-la-pistolera
CABA,Cinemark Hoyts,Cinemark Caballito,"Av. La Plata 96, Caballito",Pepita la Pistolera,2D Doblada,19:40,,,,https://www.cinemark.com.ar/peliculas/pepita-la-pistolera
CABA,Cinemark Hoyts,Cinemark Caballito,"Av. La Plata 96, Caballito",Pepita la Pistolera,2D Doblada,22:10,,,,https://www.cinemark.com.ar/peliculas/pepita-la-pistolera
CABA,Cinemark Hoyts,Cinemark Caballito,"Av. La Plata 96, Caballito",Pepita la Pistolera,2D Doblada,23:00,,,,https://www.cinemark.com.ar/peliculas/pepita-la-pistolera
CABA,Cinemark Hoyts,Cinemark Caballito,"Av. La Plata 96, Caballito",Spider-Man: Un nuevo día,2D Subtitulada,13:00,,,,https://www.cinemark.com.ar/peliculas/spider-man-un-nuevo-dia
CABA,Cinemark Hoyts,Cinemark Caballito,"Av. La Plata 96, Caballito",Spider-Man: Un nuevo día,2D Subtitulada,16:10,,,,https://www.cinemark.com.ar/peliculas/spider-man-un-nuevo-dia
CABA,Cinemark Hoyts,Cinemark Caballito,"Av. La Plata 96, Caballito",Spider-Man: Un nuevo día,3D Doblada,19:20,,,,https://www.cinemark.com.ar/peliculas/spider-man-un-nuevo-dia
CABA,Cinemark Hoyts,Cinemark Caballito,"Av. La Plata 96, Caballito",Spider-Man: Un nuevo día,2D Subtitulada,22:30,,,,https://www.cinemark.com.ar/peliculas/spider-man-un-nuevo-dia
CABA,Cinemark Hoyts,Cinemark Caballito,"Av. La Plata 96, Caballito",Toy Story 5,2D Doblada,13:10,,,,https://www.cinemark.com.ar/peliculas/toy-story-5
CABA,Cinemark Hoyts,Cinemark Caballito,"Av. La Plata 96, Caballito",Toy Story 5,2D Doblada,18:00,,,,https://www.cinemark.com.ar/peliculas/toy-story-5
CABA,Cinemark Hoyts,Cinemark Caballito,"Av. La Plata 96, Caballito",Yo Narciso,2D Doblada,13:20,,,,https://www.cinemark.com.ar/peliculas/yo-narciso
CABA,Cinemark Hoyts,Cinemark Caballito,"Av. La Plata 96, Caballito",Yo Narciso,2D Doblada,15:40,,,,https://www.cinemark.com.ar/peliculas/yo-narciso
CABA,Cinemark Hoyts,Cinemark Caballito,"Av. La Plata 96, Caballito",Yo Narciso,2D Doblada,18:10,,,,https://www.cinemark.com.ar/peliculas/yo-narciso
CABA,Cinemark Hoyts,Cinemark Caballito,"Av. La Plata 96, Caballito",Yo Narciso,2D Doblada,20:30,,,,https://www.cinemark.com.ar/peliculas/yo-narciso
CABA,Cinemark Hoyts,Cinemark Caballito,"Av. La Plata 96, Caballito",Yo Narciso,2D Doblada,22:50,,,,https://www.cinemark.com.ar/peliculas/yo-narciso
GBA Sur,Cinemark Hoyts,Cinemark Avellaneda,"Güemes 897, Alto Avellaneda Shopping",Colony,2D Doblada,17:00,,,,https://www.cinemark.com.ar/peliculas/colony-zona-cero
GBA Sur,Cinemark Hoyts,Cinemark Avellaneda,"Güemes 897, Alto Avellaneda Shopping",Colony,2D Doblada,22:40,,,,https://www.cinemark.com.ar/peliculas/colony-zona-cero
GBA Sur,Cinemark Hoyts,Cinemark Avellaneda,"Güemes 897, Alto Avellaneda Shopping",Coyote vs. Acme,2D Doblada,12:50,,,,https://www.cinemark.com.ar/peliculas/coyote-vs-acme
GBA Sur,Cinemark Hoyts,Cinemark Avellaneda,"Güemes 897, Alto Avellaneda Shopping",Coyote vs. Acme,2D Doblada,15:10,,,,https://www.cinemark.com.ar/peliculas/coyote-vs-acme
GBA Sur,Cinemark Hoyts,Cinemark Avellaneda,"Güemes 897, Alto Avellaneda Shopping",Coyote vs. Acme,2D Doblada,17:40,,,,https://www.cinemark.com.ar/peliculas/coyote-vs-acme
GBA Sur,Cinemark Hoyts,Cinemark Avellaneda,"Güemes 897, Alto Avellaneda Shopping",Coyote vs. Acme,2D Doblada,20:10,,,,https://www.cinemark.com.ar/peliculas/coyote-vs-acme
GBA Sur,Cinemark Hoyts,Cinemark Avellaneda,"Güemes 897, Alto Avellaneda Shopping",Insidious: Fuera del más allá,2D Doblada,13:10,,,,https://www.cinemark.com.ar/peliculas/la-noche-del-demonio-estan-entre-nosotros
GBA Sur,Cinemark Hoyts,Cinemark Avellaneda,"Güemes 897, Alto Avellaneda Shopping",Insidious: Fuera del más allá,DBOX 2D Doblada,13:10,,,,https://www.cinemark.com.ar/peliculas/la-noche-del-demonio-estan-entre-nosotros
GBA Sur,Cinemark Hoyts,Cinemark Avellaneda,"Güemes 897, Alto Avellaneda Shopping",Insidious: Fuera del más allá,2D Doblada,15:30,,,,https://www.cinemark.com.ar/peliculas/la-noche-del-demonio-estan-entre-nosotros
GBA Sur,Cinemark Hoyts,Cinemark Avellaneda,"Güemes 897, Alto Avellaneda Shopping",Insidious: Fuera del más allá,DBOX 2D Doblada,15:30,,,,https://www.cinemark.com.ar/peliculas/la-noche-del-demonio-estan-entre-nosotros
GBA Sur,Cinemark Hoyts,Cinemark Avellaneda,"Güemes 897, Alto Avellaneda Shopping",Insidious: Fuera del más allá,2D Doblada,17:50,,,,https://www.cinemark.com.ar/peliculas/la-noche-del-demonio-estan-entre-nosotros
GBA Sur,Cinemark Hoyts,Cinemark Avellaneda,"Güemes 897, Alto Avellaneda Shopping",Insidious: Fuera del más allá,DBOX 2D Doblada,17:50,,,,https://www.cinemark.com.ar/peliculas/la-noche-del-demonio-estan-entre-nosotros
GBA Sur,Cinemark Hoyts,Cinemark Avellaneda,"Güemes 897, Alto Avellaneda Shopping",Insidious: Fuera del más allá,2D Doblada,20:10,,,,https://www.cinemark.com.ar/peliculas/la-noche-del-demonio-estan-entre-nosotros
GBA Sur,Cinemark Hoyts,Cinemark Avellaneda,"Güemes 897, Alto Avellaneda Shopping",Insidious: Fuera del más allá,DBOX 2D Doblada,20:10,,,,https://www.cinemark.com.ar/peliculas/la-noche-del-demonio-estan-entre-nosotros
GBA Sur,Cinemark Hoyts,Cinemark Avellaneda,"Güemes 897, Alto Avellaneda Shopping",Insidious: Fuera del más allá,2D Doblada,22:30,,,,https://www.cinemark.com.ar/peliculas/la-noche-del-demonio-estan-entre-nosotros
GBA Sur,Cinemark Hoyts,Cinemark Avellaneda,"Güemes 897, Alto Avellaneda Shopping",Insidious: Fuera del más allá,DBOX 2D Doblada,22:30,,,,https://www.cinemark.com.ar/peliculas/la-noche-del-demonio-estan-entre-nosotros
GBA Sur,Cinemark Hoyts,Cinemark Avellaneda,"Güemes 897, Alto Avellaneda Shopping",Insidious: Fuera del más allá,4D 2D Doblada,23:00,,,,https://www.cinemark.com.ar/peliculas/la-noche-del-demonio-estan-entre-nosotros
GBA Sur,Cinemark Hoyts,Cinemark Avellaneda,"Güemes 897, Alto Avellaneda Shopping",La constelación del perro,2D Doblada,14:00,,,,https://cartelera.ar/pelicula/la-constelacion-del-perro
GBA Sur,Cinemark Hoyts,Cinemark Avellaneda,"Güemes 897, Alto Avellaneda Shopping",La constelación del perro,2D Doblada,20:00,,,,https://cartelera.ar/pelicula/la-constelacion-del-perro
GBA Sur,Cinemark Hoyts,Cinemark Avellaneda,"Güemes 897, Alto Avellaneda Shopping",LA GUERRA DE LOS ÚLTIMOS,2D Doblada,14:00,,,,https://www.cinemark.com.ar/peliculas/la-guerra-de-los-ultimos
GBA Sur,Cinemark Hoyts,Cinemark Avellaneda,"Güemes 897, Alto Avellaneda Shopping",LA GUERRA DE LOS ÚLTIMOS,2D Doblada,20:00,,,,https://www.cinemark.com.ar/peliculas/la-guerra-de-los-ultimos
GBA Sur,Cinemark Hoyts,Cinemark Avellaneda,"Güemes 897, Alto Avellaneda Shopping",La Odisea,2D Doblada,18:10,,,,https://www.cinemark.com.ar/peliculas/la-odisea
GBA Sur,Cinemark Hoyts,Cinemark Avellaneda,"Güemes 897, Alto Avellaneda Shopping",La Odisea,2D Doblada,21:45,,,,https://www.cinemark.com.ar/peliculas/la-odisea
GBA Sur,Cinemark Hoyts,Cinemark Avellaneda,"Güemes 897, Alto Avellaneda Shopping",PAW Patrol: La Dino Película,2D Doblada,13:40,,,,https://www.cinemark.com.ar/peliculas/paw-patrol-la-dino-pelicula
GBA Sur,Cinemark Hoyts,Cinemark Avellaneda,"Güemes 897, Alto Avellaneda Shopping",Pepita la Pistolera,2D Doblada,13:00,,,,https://www.cinemark.com.ar/peliculas/pepita-la-pistolera
GBA Sur,Cinemark Hoyts,Cinemark Avellaneda,"Güemes 897, Alto Avellaneda Shopping",Pepita la Pistolera,2D Doblada,15:15,,,,https://www.cinemark.com.ar/peliculas/pepita-la-pistolera
GBA Sur,Cinemark Hoyts,Cinemark Avellaneda,"Güemes 897, Alto Avellaneda Shopping",Pepita la Pistolera,2D Doblada,17:45,,,,https://www.cinemark.com.ar/peliculas/pepita-la-pistolera
GBA Sur,Cinemark Hoyts,Cinemark Avellaneda,"Güemes 897, Alto Avellaneda Shopping",Pepita la Pistolera,2D Doblada,20:15,,,,https://www.cinemark.com.ar/peliculas/pepita-la-pistolera
GBA Sur,Cinemark Hoyts,Cinemark Avellaneda,"Güemes 897, Alto Avellaneda Shopping",Pepita la Pistolera,2D Doblada,22:40,,,,https://www.cinemark.com.ar/peliculas/pepita-la-pistolera
GBA Sur,Cinemark Hoyts,Cinemark Avellaneda,"Güemes 897, Alto Avellaneda Shopping",Spider-Man: Un nuevo día,DBOX XD 2D Doblada,12:45,,,,https://www.cinemark.com.ar/peliculas/spider-man-un-nuevo-dia
GBA Sur,Cinemark Hoyts,Cinemark Avellaneda,"Güemes 897, Alto Avellaneda Shopping",Spider-Man: Un nuevo día,XD 2D Doblada,12:45,,,,https://www.cinemark.com.ar/peliculas/spider-man-un-nuevo-dia
GBA Sur,Cinemark Hoyts,Cinemark Avellaneda,"Güemes 897, Alto Avellaneda Shopping",Spider-Man: Un nuevo día,4D 3D Doblada,13:10,,,,https://www.cinemark.com.ar/peliculas/spider-man-un-nuevo-dia
GBA Sur,Cinemark Hoyts,Cinemark Avellaneda,"Güemes 897, Alto Avellaneda Shopping",Spider-Man: Un nuevo día,DBOX XD 2D Doblada,15:50,,,,https://www.cinemark.com.ar/peliculas/spider-man-un-nuevo-dia
GBA Sur,Cinemark Hoyts,Cinemark Avellaneda,"Güemes 897, Alto Avellaneda Shopping",Spider-Man: Un nuevo día,XD 2D Doblada,15:50,,,,https://www.cinemark.com.ar/peliculas/spider-man-un-nuevo-dia
GBA Sur,Cinemark Hoyts,Cinemark Avellaneda,"Güemes 897, Alto Avellaneda Shopping",Spider-Man: Un nuevo día,4D 3D Doblada,16:20,,,,https://www.cinemark.com.ar/peliculas/spider-man-un-nuevo-dia
GBA Sur,Cinemark Hoyts,Cinemark Avellaneda,"Güemes 897, Alto Avellaneda Shopping",Spider-Man: Un nuevo día,DBOX XD 2D Doblada,19:00,,,,https://www.cinemark.com.ar/peliculas/spider-man-un-nuevo-dia
GBA Sur,Cinemark Hoyts,Cinemark Avellaneda,"Güemes 897, Alto Avellaneda Shopping",Spider-Man: Un nuevo día,XD 2D Doblada,19:00,,,,https://www.cinemark.com.ar/peliculas/spider-man-un-nuevo-dia
GBA Sur,Cinemark Hoyts,Cinemark Avellaneda,"Güemes 897, Alto Avellaneda Shopping",Spider-Man: Un nuevo día,4D 3D Doblada,19:40,,,,https://www.cinemark.com.ar/peliculas/spider-man-un-nuevo-dia
GBA Sur,Cinemark Hoyts,Cinemark Avellaneda,"Güemes 897, Alto Avellaneda Shopping",Spider-Man: Un nuevo día,2D Doblada,22:00,,,,https://www.cinemark.com.ar/peliculas/spider-man-un-nuevo-dia
GBA Sur,Cinemark Hoyts,Cinemark Avellaneda,"Güemes 897, Alto Avellaneda Shopping",Spider-Man: Un nuevo día,DBOX XD 2D Doblada,22:10,,,,https://www.cinemark.com.ar/peliculas/spider-man-un-nuevo-dia
GBA Sur,Cinemark Hoyts,Cinemark Avellaneda,"Güemes 897, Alto Avellaneda Shopping",Spider-Man: Un nuevo día,XD 2D Doblada,22:10,,,,https://www.cinemark.com.ar/peliculas/spider-man-un-nuevo-dia
GBA Sur,Cinemark Hoyts,Cinemark Avellaneda,"Güemes 897, Alto Avellaneda Shopping",Toy Story 5,2D Doblada,15:40,,,,https://www.cinemark.com.ar/peliculas/toy-story-5
GBA Sur,Cinemark Hoyts,Cinemark Avellaneda,"Güemes 897, Alto Avellaneda Shopping",Yo Narciso,2D Doblada,13:10,,,,https://www.cinemark.com.ar/peliculas/yo-narciso
GBA Sur,Cinemark Hoyts,Cinemark Avellaneda,"Güemes 897, Alto Avellaneda Shopping",Yo Narciso,2D Doblada,15:20,,,,https://www.cinemark.com.ar/peliculas/yo-narciso
GBA Sur,Cinemark Hoyts,Cinemark Avellaneda,"Güemes 897, Alto Avellaneda Shopping",Yo Narciso,2D Doblada,17:30,,,,https://www.cinemark.com.ar/peliculas/yo-narciso
GBA Sur,Cinemark Hoyts,Cinemark Avellaneda,"Güemes 897, Alto Avellaneda Shopping",Yo Narciso,2D Doblada,19:50,,,,https://www.cinemark.com.ar/peliculas/yo-narciso
GBA Sur,Cinemark Hoyts,Cinemark Avellaneda,"Güemes 897, Alto Avellaneda Shopping",Yo Narciso,2D Doblada,22:35,,,,https://www.cinemark.com.ar/peliculas/yo-narciso
GBA Norte,Cinépolis,Cinépolis Pilar,"Panamericana Km. 50, Pilar",Afterburn (Zona cero),2D Doblada,14:30,,,,https://cartelera.ar/pelicula/afterburn-zona-cero
GBA Norte,Cinépolis,Cinépolis Pilar,"Panamericana Km. 50, Pilar",Afterburn (Zona cero),2D Doblada,17:20,,,,https://cartelera.ar/pelicula/afterburn-zona-cero
GBA Norte,Cinépolis,Cinépolis Pilar,"Panamericana Km. 50, Pilar",Afterburn (Zona cero),2D Doblada,20:10,,,,https://cartelera.ar/pelicula/afterburn-zona-cero
GBA Norte,Cinépolis,Cinépolis Pilar,"Panamericana Km. 50, Pilar",Afterburn (Zona cero),2D Subtitulada,22:55,,,,https://cartelera.ar/pelicula/afterburn-zona-cero
GBA Norte,Cinépolis,Cinépolis Pilar,"Panamericana Km. 50, Pilar",La Odisea,2D Subtitulada,14:50,,,,https://cartelera.ar/pelicula/la-odisea
GBA Norte,Cinépolis,Cinépolis Pilar,"Panamericana Km. 50, Pilar",La Odisea,2D Subtitulada,18:30,,,,https://cartelera.ar/pelicula/la-odisea
GBA Norte,Cinépolis,Cinépolis Pilar,"Panamericana Km. 50, Pilar",La Odisea,2D Subtitulada,22:10,,,,https://cartelera.ar/pelicula/la-odisea
GBA Norte,Cinépolis,Cinépolis Pilar,"Panamericana Km. 50, Pilar",Spider-Man: Un nuevo día,2D Doblada,13:00,,,,https://cartelera.ar/pelicula/spider-man-un-nuevo-dia
GBA Norte,Cinépolis,Cinépolis Pilar,"Panamericana Km. 50, Pilar",Spider-Man: Un nuevo día,2D Doblada,16:10,,,,https://cartelera.ar/pelicula/spider-man-un-nuevo-dia
GBA Norte,Cinépolis,Cinépolis Pilar,"Panamericana Km. 50, Pilar",Spider-Man: Un nuevo día,2D Doblada,19:20,,,,https://cartelera.ar/pelicula/spider-man-un-nuevo-dia
GBA Norte,Cinépolis,Cinépolis Pilar,"Panamericana Km. 50, Pilar",Spider-Man: Un nuevo día,3D Doblada,22:30,,,,https://cartelera.ar/pelicula/spider-man-un-nuevo-dia
GBA Norte,Cinépolis,Cinépolis Pilar,"Panamericana Km. 50, Pilar",Minions & monstruos,2D Doblada,13:00,,,,https://cartelera.ar/pelicula/minions-monstruos
GBA Norte,Cinépolis,Cinépolis Pilar,"Panamericana Km. 50, Pilar",El Final de la Calle Oak,2D Doblada,17:50,,,,https://cartelera.ar/pelicula/el-final-de-la-calle-oak
GBA Norte,Cinépolis,Cinépolis Pilar,"Panamericana Km. 50, Pilar",PAW Patrol: La Dino Película,2D Doblada,17:40,,,,https://cartelera.ar/pelicula/paw-patrol-la-dino-pelicula
GBA Norte,Cinépolis,Cinépolis Pilar,"Panamericana Km. 50, Pilar",PAW Patrol: La Dino Película,2D Doblada,19:50,,,,https://cartelera.ar/pelicula/paw-patrol-la-dino-pelicula
GBA Norte,Cinépolis,Cinépolis Pilar,"Panamericana Km. 50, Pilar",La noche del demonio: Están entre nosotros,2D Doblada,20:20,,,,https://cartelera.ar/pelicula/la-noche-del-demonio-estan-entre-nosotros
GBA Norte,Cinépolis,Cinépolis Pilar,"Panamericana Km. 50, Pilar",La noche del demonio: Están entre nosotros,2D Doblada,22:50,,,,https://cartelera.ar/pelicula/la-noche-del-demonio-estan-entre-nosotros
GBA Norte,Cinépolis,Cinépolis Pilar,"Panamericana Km. 50, Pilar",Pepita la Pistolera,2D Doblada,13:30,,,,https://cartelera.ar/pelicula/pepita-la-pistolera
GBA Norte,Cinépolis,Cinépolis Pilar,"Panamericana Km. 50, Pilar",Pepita la Pistolera,2D Doblada,15:50,,,,https://cartelera.ar/pelicula/pepita-la-pistolera
GBA Norte,Cinépolis,Cinépolis Pilar,"Panamericana Km. 50, Pilar",Pepita la Pistolera,2D Doblada,18:00,,,,https://cartelera.ar/pelicula/pepita-la-pistolera
GBA Norte,Cinépolis,Cinépolis Pilar,"Panamericana Km. 50, Pilar",Pepita la Pistolera,2D Doblada,20:20,,,,https://cartelera.ar/pelicula/pepita-la-pistolera
GBA Norte,Cinépolis,Cinépolis Pilar,"Panamericana Km. 50, Pilar",Pepita la Pistolera,2D Doblada,22:40,,,,https://cartelera.ar/pelicula/pepita-la-pistolera
GBA Norte,Cinépolis,Cinépolis Pilar,"Panamericana Km. 50, Pilar",Terminator 2: El juicio final,2D Doblada,22:00,,,,https://cartelera.ar/pelicula/terminator-2-el-juicio-final
GBA Norte,Cinépolis,Cinépolis Pilar,"Panamericana Km. 50, Pilar",La constelación del perro,2D Doblada,15:10,,,,https://cartelera.ar/pelicula/la-constelacion-del-perro
GBA Norte,Cinépolis,Cinépolis Pilar,"Panamericana Km. 50, Pilar",La constelación del perro,2D Subtitulada,22:40,,,,https://cartelera.ar/pelicula/la-constelacion-del-perro
GBA Norte,Cinépolis,Cinépolis Pilar,"Panamericana Km. 50, Pilar",Moana,2D Doblada,15:20,,,,https://cartelera.ar/pelicula/moana
GBA Norte,Cinépolis,Cinépolis Pilar,"Panamericana Km. 50, Pilar",Coyote vs. Acme,2D Doblada,13:20,,,,https://cartelera.ar/pelicula/coyote-vs-acme
GBA Norte,Cinépolis,Cinépolis Pilar,"Panamericana Km. 50, Pilar",Coyote vs. Acme,2D Doblada,15:40,,,,https://cartelera.ar/pelicula/coyote-vs-acme
GBA Norte,Cinépolis,Cinépolis Pilar,"Panamericana Km. 50, Pilar",Coyote vs. Acme,2D Doblada,18:00,,,,https://cartelera.ar/pelicula/coyote-vs-acme
GBA Norte,Cinépolis,Cinépolis Pilar,"Panamericana Km. 50, Pilar",Coyote vs. Acme,2D Doblada,20:10,,,,https://cartelera.ar/pelicula/coyote-vs-acme
GBA Norte,Cinépolis,Cinépolis Pilar,"Panamericana Km. 50, Pilar",Yo Narciso,2D Doblada,12:50,,,,
GBA Norte,Cinépolis,Cinépolis Pilar,"Panamericana Km. 50, Pilar",Yo Narciso,2D Doblada,15:00,,,,
GBA Norte,Cinépolis,Cinépolis Pilar,"Panamericana Km. 50, Pilar",Yo Narciso,2D Doblada,17:10,,,,
GBA Norte,Cinépolis,Cinépolis Pilar,"Panamericana Km. 50, Pilar",Yo Narciso,2D Doblada,19:30,,,,
GBA Norte,Cinépolis,Cinépolis Pilar,"Panamericana Km. 50, Pilar",Yo Narciso,2D Doblada,21:50,,,,
CABA,Multiplex,Multiplex Belgrano,"Vuelta de Obligado 2199, Belgrano",Afterburn (Zona cero),2D Subtitulada,22:40,,,,https://multiplex.com.ar/peliculas/zona-cero/
CABA,Multiplex,Multiplex Belgrano,"Vuelta de Obligado 2199, Belgrano",Coyote vs. Acme,COMFORT PLUS 2D Doblada,13:45,,,,https://multiplex.com.ar/peliculas/coyote-vs-acme/
CABA,Multiplex,Multiplex Belgrano,"Vuelta de Obligado 2199, Belgrano",Coyote vs. Acme,2D Doblada,16:30,,,,https://multiplex.com.ar/peliculas/coyote-vs-acme/
CABA,Multiplex,Multiplex Belgrano,"Vuelta de Obligado 2199, Belgrano",Coyote vs. Acme,2D Subtitulada,18:35,,,,https://multiplex.com.ar/peliculas/coyote-vs-acme/
CABA,Multiplex,Multiplex Belgrano,"Vuelta de Obligado 2199, Belgrano",Coyote vs. Acme,2D Subtitulada,20:40,,,,https://multiplex.com.ar/peliculas/coyote-vs-acme/
CABA,Multiplex,Multiplex Belgrano,"Vuelta de Obligado 2199, Belgrano",Coyote vs. Acme,2D Subtitulada,22:45,,,,https://multiplex.com.ar/peliculas/coyote-vs-acme/
CABA,Multiplex,Multiplex Belgrano,"Vuelta de Obligado 2199, Belgrano",Esa cosa con alas,2D Subtitulada,13:10,,,,https://multiplex.com.ar/peliculas/esa-cosa-con-alas/
CABA,Multiplex,Multiplex Belgrano,"Vuelta de Obligado 2199, Belgrano",Esa cosa con alas,2D Subtitulada,18:50,,,,https://multiplex.com.ar/peliculas/esa-cosa-con-alas/
CABA,Multiplex,Multiplex Belgrano,"Vuelta de Obligado 2199, Belgrano",Esa cosa con alas,COMFORT PLUS 2D Subtitulada,21:50,,,,https://multiplex.com.ar/peliculas/esa-cosa-con-alas/
CABA,Multiplex,Multiplex Belgrano,"Vuelta de Obligado 2199, Belgrano",La constelación del perro,2D Subtitulada,20:00,,,,https://cartelera.ar/pelicula/la-constelacion-del-perro
CABA,Multiplex,Multiplex Belgrano,"Vuelta de Obligado 2199, Belgrano",La Guerra De Los Ultimos,COMFORT PLUS 2D Subtitulada,20:00,,,,https://multiplex.com.ar/peliculas/la-guerra-de-los-ultimos/
CABA,Multiplex,Multiplex Belgrano,"Vuelta de Obligado 2199, Belgrano",La invitación,2D Subtitulada,15:10,,,,https://multiplex.com.ar/peliculas/la-invitacion/
CABA,Multiplex,Multiplex Belgrano,"Vuelta de Obligado 2199, Belgrano",La invitación,COMFORT PLUS 2D Subtitulada,17:55,,,,https://multiplex.com.ar/peliculas/la-invitacion/
CABA,Multiplex,Multiplex Belgrano,"Vuelta de Obligado 2199, Belgrano",La invitación,COMFORT PLUS 2D Subtitulada,20:25,,,,https://multiplex.com.ar/peliculas/la-invitacion/
CABA,Multiplex,Multiplex Belgrano,"Vuelta de Obligado 2199, Belgrano",La Negociación (The Negotiation),2D Subtitulada,14:55,,,,https://multiplex.com.ar/peliculas/la-negociacion/
CABA,Multiplex,Multiplex Belgrano,"Vuelta de Obligado 2199, Belgrano",La Negociación (The Negotiation),2D Subtitulada,20:45,,,,https://multiplex.com.ar/peliculas/la-negociacion/
CABA,Multiplex,Multiplex Belgrano,"Vuelta de Obligado 2199, Belgrano",La Odisea,COMFORT PLUS 2D Subtitulada,13:55,,,,https://multiplex.com.ar/peliculas/la-odisea/
CABA,Multiplex,Multiplex Belgrano,"Vuelta de Obligado 2199, Belgrano",La Odisea,4D + 2D Subtitulada,15:40,,,,https://multiplex.com.ar/peliculas/la-odisea/
CABA,Multiplex,Multiplex Belgrano,"Vuelta de Obligado 2199, Belgrano",La Odisea,COMFORT PLUS 2D Subtitulada,17:10,,,,https://multiplex.com.ar/peliculas/la-odisea/
CABA,Multiplex,Multiplex Belgrano,"Vuelta de Obligado 2199, Belgrano",La Odisea,4D + 2D Subtitulada,21:35,,,,https://multiplex.com.ar/peliculas/la-odisea/
CABA,Multiplex,Multiplex Belgrano,"Vuelta de Obligado 2199, Belgrano",La Odisea,2D + COMFORT PLUS Subtitulada,22:00,,,,https://multiplex.com.ar/peliculas/la-odisea/
CABA,Multiplex,Multiplex Belgrano,"Vuelta de Obligado 2199, Belgrano",Los Colores Del Tiempo,2D + COMFORT PLUS Subtitulada,15:25,,,,https://multiplex.com.ar/peliculas/los-colores-del-tiempo/
CABA,Multiplex,Multiplex Belgrano,"Vuelta de Obligado 2199, Belgrano",Los Colores Del Tiempo,COMFORT PLUS 2D Subtitulada,17:35,,,,https://multiplex.com.ar/peliculas/los-colores-del-tiempo/
CABA,Multiplex,Multiplex Belgrano,"Vuelta de Obligado 2199, Belgrano",Los Colores Del Tiempo,COMFORT PLUS 2D Subtitulada,20:05,,,,https://multiplex.com.ar/peliculas/los-colores-del-tiempo/
CABA,Multiplex,Multiplex Belgrano,"Vuelta de Obligado 2199, Belgrano",Los domingos,2D + COMFORT PLUS Doblada,13:10,,,,https://multiplex.com.ar/peliculas/los-domingos/
CABA,Multiplex,Multiplex Belgrano,"Vuelta de Obligado 2199, Belgrano",Minions & monstruos,2D Doblada,13:00,,,,https://multiplex.com.ar/peliculas/minions-monstruos/
CABA,Multiplex,Multiplex Belgrano,"Vuelta de Obligado 2199, Belgrano",Minions & monstruos,2D Doblada,14:45,,,,https://multiplex.com.ar/peliculas/minions-monstruos/
CABA,Multiplex,Multiplex Belgrano,"Vuelta de Obligado 2199, Belgrano",Obsesión,2D Subtitulada,22:45,,,,https://multiplex.com.ar/peliculas/obsesion/
CABA,Multiplex,Multiplex Belgrano,"Vuelta de Obligado 2199, Belgrano",Pepita la Pistolera,COMFORT PLUS 2D Doblada,13:40,,,,https://multiplex.com.ar/peliculas/pepita-la-pistolera/
CABA,Multiplex,Multiplex Belgrano,"Vuelta de Obligado 2199, Belgrano",Pepita la Pistolera,COMFORT PLUS 2D Doblada,15:45,,,,https://multiplex.com.ar/peliculas/pepita-la-pistolera/
CABA,Multiplex,Multiplex Belgrano,"Vuelta de Obligado 2199, Belgrano",Pepita la Pistolera,COMFORT PLUS 2D Doblada,17:50,,,,https://multiplex.com.ar/peliculas/pepita-la-pistolera/
CABA,Multiplex,Multiplex Belgrano,"Vuelta de Obligado 2199, Belgrano",Pepita la Pistolera,2D + COMFORT PLUS Doblada,19:45,,,,https://multiplex.com.ar/peliculas/pepita-la-pistolera/
CABA,Multiplex,Multiplex Belgrano,"Vuelta de Obligado 2199, Belgrano",Pepita la Pistolera,COMFORT PLUS 2D Doblada,22:20,,,,https://multiplex.com.ar/peliculas/pepita-la-pistolera/
CABA,Multiplex,Multiplex Belgrano,"Vuelta de Obligado 2199, Belgrano",Spider-Man: Un nuevo día,4D + 3D Doblada,13:00,,,,https://multiplex.com.ar/peliculas/spider-man-un-dia-nuevo/
CABA,Multiplex,Multiplex Belgrano,"Vuelta de Obligado 2199, Belgrano",Spider-Man: Un nuevo día,COMFORT PLUS 2D Doblada,14:50,,,,https://multiplex.com.ar/peliculas/spider-man-un-dia-nuevo/
CABA,Multiplex,Multiplex Belgrano,"Vuelta de Obligado 2199, Belgrano",Spider-Man: Un nuevo día,2D Doblada,17:20,,,,https://multiplex.com.ar/peliculas/spider-man-un-dia-nuevo/
CABA,Multiplex,Multiplex Belgrano,"Vuelta de Obligado 2199, Belgrano",Spider-Man: Un nuevo día,4D + 3D Subtitulada,18:55,,,,https://multiplex.com.ar/peliculas/spider-man-un-dia-nuevo/
CABA,Multiplex,Multiplex Belgrano,"Vuelta de Obligado 2199, Belgrano",Spider-Man: Un nuevo día,COMFORT PLUS 2D Subtitulada,22:30,,,,https://multiplex.com.ar/peliculas/spider-man-un-dia-nuevo/
CABA,Multiplex,Multiplex Belgrano,"Vuelta de Obligado 2199, Belgrano",Terminator 2: El juicio final,2D Subtitulada,20:00,,,,https://multiplex.com.ar/peliculas/terminator-2-el-juicio-final/
CABA,Multiplex,Multiplex Belgrano,"Vuelta de Obligado 2199, Belgrano",Terminator 2: El juicio final,COMFORT PLUS 2D Subtitulada,22:00,,,,https://multiplex.com.ar/peliculas/terminator-2-el-juicio-final/
CABA,Multiplex,Multiplex Belgrano,"Vuelta de Obligado 2199, Belgrano",Toy Story 5,2D Doblada,13:00,,,,https://multiplex.com.ar/peliculas/toy-story-5/
CABA,Multiplex,Multiplex Belgrano,"Vuelta de Obligado 2199, Belgrano",Toy Story 5,2D Doblada,16:55,,,,https://multiplex.com.ar/peliculas/toy-story-5/
CABA,Multiplex,Multiplex Belgrano,"Vuelta de Obligado 2199, Belgrano",Una quinta en Portugal,COMFORT PLUS 2D Subtitulada,13:10,,,,https://multiplex.com.ar/peliculas/una-quinta-en-portugal/
CABA,Multiplex,Multiplex Belgrano,"Vuelta de Obligado 2199, Belgrano",Una quinta en Portugal,COMFORT PLUS 2D Subtitulada,15:20,,,,https://multiplex.com.ar/peliculas/una-quinta-en-portugal/
CABA,Multiplex,Multiplex Belgrano,"Vuelta de Obligado 2199, Belgrano",Una quinta en Portugal,COMFORT PLUS 2D Subtitulada,17:30,,,,https://multiplex.com.ar/peliculas/una-quinta-en-portugal/
CABA,Multiplex,Multiplex Belgrano,"Vuelta de Obligado 2199, Belgrano",Una quinta en Portugal,COMFORT PLUS 2D Subtitulada,19:40,,,,https://multiplex.com.ar/peliculas/una-quinta-en-portugal/
CABA,Multiplex,Multiplex Belgrano,"Vuelta de Obligado 2199, Belgrano",Yo Narciso,COMFORT PLUS 2D Doblada,13:00,,,,https://multiplex.com.ar/peliculas/yo-narciso/
CABA,Multiplex,Multiplex Belgrano,"Vuelta de Obligado 2199, Belgrano",Yo Narciso,COMFORT PLUS 2D Doblada,16:00,,,,https://multiplex.com.ar/peliculas/yo-narciso/
CABA,Multiplex,Multiplex Belgrano,"Vuelta de Obligado 2199, Belgrano",Yo Narciso,2D + COMFORT PLUS Doblada,17:50,,,,https://multiplex.com.ar/peliculas/yo-narciso/
CABA,Multiplex,Multiplex Belgrano,"Vuelta de Obligado 2199, Belgrano",Yo Narciso,COMFORT PLUS 2D Doblada,20:05,,,,https://multiplex.com.ar/peliculas/yo-narciso/
CABA,Multiplex,Multiplex Belgrano,"Vuelta de Obligado 2199, Belgrano",Yo Narciso,COMFORT PLUS 2D Doblada,22:30,,,,https://multiplex.com.ar/peliculas/yo-narciso/
GBA Oeste,Cinépolis,Cinépolis Merlo,Av. Juan Domingo Perón 24098,Afterburn (Zona cero),2D Doblada,16:20,,,,https://cartelera.ar/pelicula/afterburn-zona-cero
GBA Oeste,Cinépolis,Cinépolis Merlo,Av. Juan Domingo Perón 24098,Afterburn (Zona cero),2D Subtitulada,19:10,,,,https://cartelera.ar/pelicula/afterburn-zona-cero
GBA Oeste,Cinépolis,Cinépolis Merlo,Av. Juan Domingo Perón 24098,Spider-Man: Un nuevo día,3D Doblada,13:00,,,,https://cartelera.ar/pelicula/spider-man-un-nuevo-dia
GBA Oeste,Cinépolis,Cinépolis Merlo,Av. Juan Domingo Perón 24098,Spider-Man: Un nuevo día,2D Doblada,13:40,,,,https://cartelera.ar/pelicula/spider-man-un-nuevo-dia
GBA Oeste,Cinépolis,Cinépolis Merlo,Av. Juan Domingo Perón 24098,Spider-Man: Un nuevo día,2D Doblada,16:50,,,,https://cartelera.ar/pelicula/spider-man-un-nuevo-dia
GBA Oeste,Cinépolis,Cinépolis Merlo,Av. Juan Domingo Perón 24098,Spider-Man: Un nuevo día,3D Doblada,18:45,,,,https://cartelera.ar/pelicula/spider-man-un-nuevo-dia
GBA Oeste,Cinépolis,Cinépolis Merlo,Av. Juan Domingo Perón 24098,Spider-Man: Un nuevo día,2D Doblada,19:00,,,,https://cartelera.ar/pelicula/spider-man-un-nuevo-dia
GBA Oeste,Cinépolis,Cinépolis Merlo,Av. Juan Domingo Perón 24098,Spider-Man: Un nuevo día,3D Doblada,22:10,,,,https://cartelera.ar/pelicula/spider-man-un-nuevo-dia
GBA Oeste,Cinépolis,Cinépolis Merlo,Av. Juan Domingo Perón 24098,Toy Story 5,2D Doblada,14:20,,,,https://cartelera.ar/pelicula/toy-story-5
GBA Oeste,Cinépolis,Cinépolis Merlo,Av. Juan Domingo Perón 24098,PAW Patrol: La Dino Película,2D Doblada,14:10,,,,https://cartelera.ar/pelicula/paw-patrol-la-dino-pelicula
GBA Oeste,Cinépolis,Cinépolis Merlo,Av. Juan Domingo Perón 24098,La noche del demonio: Están entre nosotros,2D Doblada,20:00,,,,https://cartelera.ar/pelicula/la-noche-del-demonio-estan-entre-nosotros
GBA Oeste,Cinépolis,Cinépolis Merlo,Av. Juan Domingo Perón 24098,La noche del demonio: Están entre nosotros,2D Doblada,21:50,,,,https://cartelera.ar/pelicula/la-noche-del-demonio-estan-entre-nosotros
GBA Oeste,Cinépolis,Cinépolis Merlo,Av. Juan Domingo Perón 24098,La noche del demonio: Están entre nosotros,2D Doblada,22:30,,,,https://cartelera.ar/pelicula/la-noche-del-demonio-estan-entre-nosotros
GBA Oeste,Cinépolis,Cinépolis Merlo,Av. Juan Domingo Perón 24098,Pepita la Pistolera,2D Doblada,13:10,,,,https://cartelera.ar/pelicula/pepita-la-pistolera
GBA Oeste,Cinépolis,Cinépolis Merlo,Av. Juan Domingo Perón 24098,Pepita la Pistolera,2D Doblada,15:30,,,,https://cartelera.ar/pelicula/pepita-la-pistolera
GBA Oeste,Cinépolis,Cinépolis Merlo,Av. Juan Domingo Perón 24098,Pepita la Pistolera,2D Doblada,17:45,,,,https://cartelera.ar/pelicula/pepita-la-pistolera
GBA Oeste,Cinépolis,Cinépolis Merlo,Av. Juan Domingo Perón 24098,Pepita la Pistolera,2D Doblada,20:00,,,,https://cartelera.ar/pelicula/pepita-la-pistolera
GBA Oeste,Cinépolis,Cinépolis Merlo,Av. Juan Domingo Perón 24098,Pepita la Pistolera,2D Doblada,22:20,,,,https://cartelera.ar/pelicula/pepita-la-pistolera
GBA Oeste,Cinépolis,Cinépolis Merlo,Av. Juan Domingo Perón 24098,Terminator 2: El juicio final,2D Subtitulada,22:00,,,,https://cartelera.ar/pelicula/terminator-2-el-juicio-final
GBA Oeste,Cinépolis,Cinépolis Merlo,Av. Juan Domingo Perón 24098,La constelación del perro,2D Doblada,16:10,,,,https://cartelera.ar/pelicula/la-constelacion-del-perro
GBA Oeste,Cinépolis,Cinépolis Merlo,Av. Juan Domingo Perón 24098,Coyote vs. Acme,2D Doblada,13:00,,,,https://cartelera.ar/pelicula/coyote-vs-acme
GBA Oeste,Cinépolis,Cinépolis Merlo,Av. Juan Domingo Perón 24098,Coyote vs. Acme,2D Doblada,15:30,,,,https://cartelera.ar/pelicula/coyote-vs-acme
GBA Oeste,Cinépolis,Cinépolis Merlo,Av. Juan Domingo Perón 24098,Coyote vs. Acme,2D Doblada,18:00,,,,https://cartelera.ar/pelicula/coyote-vs-acme
GBA Oeste,Cinépolis,Cinépolis Merlo,Av. Juan Domingo Perón 24098,Yo Narciso,2D Doblada,16:40,,,,
GBA Oeste,Cinépolis,Cinépolis Merlo,Av. Juan Domingo Perón 24098,Yo Narciso,2D Doblada,20:30,,,,
GBA Oeste,Cinépolis,Cinépolis Merlo,Av. Juan Domingo Perón 24098,Yo Narciso,2D Doblada,22:50,,,,
CABA,Multiplex,Multiplex Lavalle,"Lavalle 780, CABA",Afterburn (Zona cero),2D Doblada,15:30,,,,https://multiplex.com.ar/peliculas/zona-cero/
CABA,Multiplex,Multiplex Lavalle,"Lavalle 780, CABA",Afterburn (Zona cero),2D Doblada,20:05,,,,https://multiplex.com.ar/peliculas/zona-cero/
CABA,Multiplex,Multiplex Lavalle,"Lavalle 780, CABA",Afterburn (Zona cero),2D Doblada,22:45,,,,https://multiplex.com.ar/peliculas/zona-cero/
CABA,Multiplex,Multiplex Lavalle,"Lavalle 780, CABA",Coyote vs. Acme,2D Doblada,13:40,,,,https://multiplex.com.ar/peliculas/coyote-vs-acme/
CABA,Multiplex,Multiplex Lavalle,"Lavalle 780, CABA",Coyote vs. Acme,2D Doblada,15:50,,,,https://multiplex.com.ar/peliculas/coyote-vs-acme/
CABA,Multiplex,Multiplex Lavalle,"Lavalle 780, CABA",Coyote vs. Acme,2D Doblada,18:00,,,,https://multiplex.com.ar/peliculas/coyote-vs-acme/
CABA,Multiplex,Multiplex Lavalle,"Lavalle 780, CABA",La constelación del perro,2D Doblada,20:15,,,,https://cartelera.ar/pelicula/la-constelacion-del-perro
CABA,Multiplex,Multiplex Lavalle,"Lavalle 780, CABA",La Guerra De Los Ultimos,2D Doblada,20:15,,,,https://multiplex.com.ar/peliculas/la-guerra-de-los-ultimos/
CABA,Multiplex,Multiplex Lavalle,"Lavalle 780, CABA",La noche del demonio: Están entre nosotros,2D Doblada,13:20,,,,https://multiplex.com.ar/peliculas/la-noche-del-demonio-estan-entre-nosotros/
CABA,Multiplex,Multiplex Lavalle,"Lavalle 780, CABA",La noche del demonio: Están entre nosotros,2D Doblada,15:45,,,,https://multiplex.com.ar/peliculas/la-noche-del-demonio-estan-entre-nosotros/
CABA,Multiplex,Multiplex Lavalle,"Lavalle 780, CABA",La noche del demonio: Están entre nosotros,2D Doblada,17:55,,,,https://multiplex.com.ar/peliculas/la-noche-del-demonio-estan-entre-nosotros/
CABA,Multiplex,Multiplex Lavalle,"Lavalle 780, CABA",La noche del demonio: Están entre nosotros,2D Doblada,20:40,,,,https://multiplex.com.ar/peliculas/la-noche-del-demonio-estan-entre-nosotros/
CABA,Multiplex,Multiplex Lavalle,"Lavalle 780, CABA",La noche del demonio: Están entre nosotros,2D Doblada,22:50,,,,https://multiplex.com.ar/peliculas/la-noche-del-demonio-estan-entre-nosotros/
CABA,Multiplex,Multiplex Lavalle,"Lavalle 780, CABA",La Odisea,2D Doblada,17:00,,,,https://multiplex.com.ar/peliculas/la-odisea/
CABA,Multiplex,Multiplex Lavalle,"Lavalle 780, CABA",La Odisea,2D Doblada,22:05,,,,https://multiplex.com.ar/peliculas/la-odisea/
CABA,Multiplex,Multiplex Lavalle,"Lavalle 780, CABA",Masha Y Los Osos,2D Doblada,13:00,,,,https://multiplex.com.ar/peliculas/masha-y-los-osos/
CABA,Multiplex,Multiplex Lavalle,"Lavalle 780, CABA",Masha Y Los Osos,2D Doblada,14:40,,,,https://multiplex.com.ar/peliculas/masha-y-los-osos/
CABA,Multiplex,Multiplex Lavalle,"Lavalle 780, CABA",Pepita la Pistolera,2D Doblada,13:00,,,,https://multiplex.com.ar/peliculas/pepita-la-pistolera/
CABA,Multiplex,Multiplex Lavalle,"Lavalle 780, CABA",Pepita la Pistolera,2D Doblada,15:00,,,,https://multiplex.com.ar/peliculas/pepita-la-pistolera/
CABA,Multiplex,Multiplex Lavalle,"Lavalle 780, CABA",Pepita la Pistolera,2D Doblada,20:05,,,,https://multiplex.com.ar/peliculas/pepita-la-pistolera/
CABA,Multiplex,Multiplex Lavalle,"Lavalle 780, CABA",Pepita la Pistolera,2D Doblada,22:20,,,,https://multiplex.com.ar/peliculas/pepita-la-pistolera/
CABA,Multiplex,Multiplex Lavalle,"Lavalle 780, CABA",Spider-Man: Un nuevo día,2D Doblada,13:05,,,,https://multiplex.com.ar/peliculas/spider-man-un-dia-nuevo/
CABA,Multiplex,Multiplex Lavalle,"Lavalle 780, CABA",Spider-Man: Un nuevo día,4D (3D) Doblada,13:45,,,,https://multiplex.com.ar/peliculas/spider-man-un-dia-nuevo/
CABA,Multiplex,Multiplex Lavalle,"Lavalle 780, CABA",Spider-Man: Un nuevo día,3D Doblada,15:00,,,,https://multiplex.com.ar/peliculas/spider-man-un-dia-nuevo/
CABA,Multiplex,Multiplex Lavalle,"Lavalle 780, CABA",Spider-Man: Un nuevo día,4D (3D) Doblada,16:30,,,,https://multiplex.com.ar/peliculas/spider-man-un-dia-nuevo/
CABA,Multiplex,Multiplex Lavalle,"Lavalle 780, CABA",Spider-Man: Un nuevo día,2D Doblada,17:55,,,,https://multiplex.com.ar/peliculas/spider-man-un-dia-nuevo/
CABA,Multiplex,Multiplex Lavalle,"Lavalle 780, CABA",Spider-Man: Un nuevo día,4D (3D) Doblada,19:15,,,,https://multiplex.com.ar/peliculas/spider-man-un-dia-nuevo/
CABA,Multiplex,Multiplex Lavalle,"Lavalle 780, CABA",Spider-Man: Un nuevo día,3D Doblada,19:50,,,,https://multiplex.com.ar/peliculas/spider-man-un-dia-nuevo/
CABA,Multiplex,Multiplex Lavalle,"Lavalle 780, CABA",Spider-Man: Un nuevo día,4D (3D) Doblada,22:00,,,,https://multiplex.com.ar/peliculas/spider-man-un-dia-nuevo/
CABA,Multiplex,Multiplex Lavalle,"Lavalle 780, CABA",Spider-Man: Un nuevo día,3D Doblada,22:35,,,,https://multiplex.com.ar/peliculas/spider-man-un-dia-nuevo/
CABA,Multiplex,Multiplex Lavalle,"Lavalle 780, CABA",Terminator 2: El juicio final,2D Doblada,22:30,,,,https://multiplex.com.ar/peliculas/terminator-2-el-juicio-final/
CABA,Multiplex,Multiplex Lavalle,"Lavalle 780, CABA",Toy Story 5,3D Doblada,13:00,,,,https://multiplex.com.ar/peliculas/toy-story-5/
CABA,Multiplex,Multiplex Lavalle,"Lavalle 780, CABA",Toy Story 5,3D Doblada,17:45,,,,https://multiplex.com.ar/peliculas/toy-story-5/
CABA,Multiplex,Multiplex Lavalle,"Lavalle 780, CABA",Yo Narciso,2D Doblada,16:20,,,,https://multiplex.com.ar/peliculas/yo-narciso/
CABA,Multiplex,Multiplex Lavalle,"Lavalle 780, CABA",Yo Narciso,2D Doblada,18:15,,,,https://multiplex.com.ar/peliculas/yo-narciso/
CABA,Multiplex,Multiplex Lavalle,"Lavalle 780, CABA",Yo Narciso,2D Doblada,20:10,,,,https://multiplex.com.ar/peliculas/yo-narciso/
GBA Sur,Multiplex,Multiplex Canning,"Formosa 653, Canning (Shopping Las Toscas)",Afterburn (Zona cero),2D Doblada,18:00,,,,https://multiplex.com.ar/peliculas/zona-cero/
GBA Sur,Multiplex,Multiplex Canning,"Formosa 653, Canning (Shopping Las Toscas)",Afterburn (Zona cero),2D Doblada,22:45,,,,https://multiplex.com.ar/peliculas/zona-cero/
GBA Sur,Multiplex,Multiplex Canning,"Formosa 653, Canning (Shopping Las Toscas)",Coyote vs. Acme,2D Doblada,13:30,,,,https://multiplex.com.ar/peliculas/coyote-vs-acme/
GBA Sur,Multiplex,Multiplex Canning,"Formosa 653, Canning (Shopping Las Toscas)",Coyote vs. Acme,2D Doblada,15:40,,,,https://multiplex.com.ar/peliculas/coyote-vs-acme/
GBA Sur,Multiplex,Multiplex Canning,"Formosa 653, Canning (Shopping Las Toscas)",Coyote vs. Acme,2D Doblada,17:50,,,,https://multiplex.com.ar/peliculas/coyote-vs-acme/
GBA Sur,Multiplex,Multiplex Canning,"Formosa 653, Canning (Shopping Las Toscas)",La constelación del perro,2D Doblada,20:30,,,,https://cartelera.ar/pelicula/la-constelacion-del-perro
GBA Sur,Multiplex,Multiplex Canning,"Formosa 653, Canning (Shopping Las Toscas)",La Guerra De Los Ultimos,2D Doblada,20:30,,,,https://multiplex.com.ar/peliculas/la-guerra-de-los-ultimos/
GBA Sur,Multiplex,Multiplex Canning,"Formosa 653, Canning (Shopping Las Toscas)",La noche del demonio: Están entre nosotros,2D Doblada,20:40,,,,https://multiplex.com.ar/peliculas/la-noche-del-demonio-estan-entre-nosotros/
GBA Sur,Multiplex,Multiplex Canning,"Formosa 653, Canning (Shopping Las Toscas)",La noche del demonio: Están entre nosotros,2D Doblada,22:50,,,,https://multiplex.com.ar/peliculas/la-noche-del-demonio-estan-entre-nosotros/
GBA Sur,Multiplex,Multiplex Canning,"Formosa 653, Canning (Shopping Las Toscas)",La Odisea,2D Doblada,19:30,,,,https://multiplex.com.ar/peliculas/la-odisea/
GBA Sur,Multiplex,Multiplex Canning,"Formosa 653, Canning (Shopping Las Toscas)",La Odisea,4D (2D) Doblada,22:00,,,,https://multiplex.com.ar/peliculas/la-odisea/
GBA Sur,Multiplex,Multiplex Canning,"Formosa 653, Canning (Shopping Las Toscas)",Masha Y Los Osos,2D Doblada,13:20,,,,https://multiplex.com.ar/peliculas/masha-y-los-osos/
GBA Sur,Multiplex,Multiplex Canning,"Formosa 653, Canning (Shopping Las Toscas)",Masha Y Los Osos,2D Doblada,15:40,,,,https://multiplex.com.ar/peliculas/masha-y-los-osos/
GBA Sur,Multiplex,Multiplex Canning,"Formosa 653, Canning (Shopping Las Toscas)",Minions & monstruos,2D Doblada,14:00,,,,https://multiplex.com.ar/peliculas/minions-monstruos/
GBA Sur,Multiplex,Multiplex Canning,"Formosa 653, Canning (Shopping Las Toscas)",Pepita la Pistolera,2D Doblada,18:20,,,,https://multiplex.com.ar/peliculas/pepita-la-pistolera/
GBA Sur,Multiplex,Multiplex Canning,"Formosa 653, Canning (Shopping Las Toscas)",Pepita la Pistolera,2D Doblada,22:50,,,,https://multiplex.com.ar/peliculas/pepita-la-pistolera/
GBA Sur,Multiplex,Multiplex Canning,"Formosa 653, Canning (Shopping Las Toscas)",Spider-Man: Un nuevo día,2D Doblada,13:00,,,,https://multiplex.com.ar/peliculas/spider-man-un-dia-nuevo/
GBA Sur,Multiplex,Multiplex Canning,"Formosa 653, Canning (Shopping Las Toscas)",Spider-Man: Un nuevo día,4D (3D) Doblada,14:00,,,,https://multiplex.com.ar/peliculas/spider-man-un-dia-nuevo/
GBA Sur,Multiplex,Multiplex Canning,"Formosa 653, Canning (Shopping Las Toscas)",Spider-Man: Un nuevo día,2D Doblada,15:00,,,,https://multiplex.com.ar/peliculas/spider-man-un-dia-nuevo/
GBA Sur,Multiplex,Multiplex Canning,"Formosa 653, Canning (Shopping Las Toscas)",Spider-Man: Un nuevo día,4D (3D) Doblada,16:40,,,,https://multiplex.com.ar/peliculas/spider-man-un-dia-nuevo/
GBA Sur,Multiplex,Multiplex Canning,"Formosa 653, Canning (Shopping Las Toscas)",Spider-Man: Un nuevo día,2D Doblada,17:50,,,,https://multiplex.com.ar/peliculas/spider-man-un-dia-nuevo/
GBA Sur,Multiplex,Multiplex Canning,"Formosa 653, Canning (Shopping Las Toscas)",Spider-Man: Un nuevo día,4D (3D) Doblada,19:20,,,,https://multiplex.com.ar/peliculas/spider-man-un-dia-nuevo/
GBA Sur,Multiplex,Multiplex Canning,"Formosa 653, Canning (Shopping Las Toscas)",Spider-Man: Un nuevo día,2D Doblada,20:00,,,,https://multiplex.com.ar/peliculas/spider-man-un-dia-nuevo/
GBA Sur,Multiplex,Multiplex Canning,"Formosa 653, Canning (Shopping Las Toscas)",Terminator 2: El juicio final,2D Subtitulada,22:45,,,,https://multiplex.com.ar/peliculas/terminator-2-el-juicio-final/
GBA Sur,Multiplex,Multiplex Canning,"Formosa 653, Canning (Shopping Las Toscas)",Toy Story 5,2D Doblada,13:50,,,,https://multiplex.com.ar/peliculas/toy-story-5/
GBA Sur,Multiplex,Multiplex Canning,"Formosa 653, Canning (Shopping Las Toscas)",Toy Story 5,2D Doblada,16:00,,,,https://multiplex.com.ar/peliculas/toy-story-5/
GBA Sur,Multiplex,Multiplex Canning,"Formosa 653, Canning (Shopping Las Toscas)",Yo Narciso,2D Doblada,16:00,,,,https://multiplex.com.ar/peliculas/yo-narciso/
GBA Sur,Multiplex,Multiplex Canning,"Formosa 653, Canning (Shopping Las Toscas)",Yo Narciso,2D Doblada,17:30,,,,https://multiplex.com.ar/peliculas/yo-narciso/
GBA Sur,Multiplex,Multiplex Canning,"Formosa 653, Canning (Shopping Las Toscas)",Yo Narciso,2D Doblada,20:30,,,,https://multiplex.com.ar/peliculas/yo-narciso/
GBA Sur,Multiplex,Multiplex Canning,"Formosa 653, Canning (Shopping Las Toscas)",Yo Narciso,2D Doblada,22:30,,,,https://multiplex.com.ar/peliculas/yo-narciso/
GBA Oeste,Cinépolis,Cinépolis Luján,"Av. Constitución 1000, Luján",Afterburn (Zona cero),2D Doblada,20:10,,,,https://cartelera.ar/pelicula/afterburn-zona-cero
GBA Oeste,Cinépolis,Cinépolis Luján,"Av. Constitución 1000, Luján",Afterburn (Zona cero),2D Doblada,22:50,,,,https://cartelera.ar/pelicula/afterburn-zona-cero
GBA Oeste,Cinépolis,Cinépolis Luján,"Av. Constitución 1000, Luján",La Odisea,2D Subtitulada,18:30,,,,https://cartelera.ar/pelicula/la-odisea
GBA Oeste,Cinépolis,Cinépolis Luján,"Av. Constitución 1000, Luján",Spider-Man: Un nuevo día,2D Doblada,13:00,,,,https://cartelera.ar/pelicula/spider-man-un-nuevo-dia
GBA Oeste,Cinépolis,Cinépolis Luján,"Av. Constitución 1000, Luján",Spider-Man: Un nuevo día,2D Doblada,16:00,,,,https://cartelera.ar/pelicula/spider-man-un-nuevo-dia
GBA Oeste,Cinépolis,Cinépolis Luján,"Av. Constitución 1000, Luján",Spider-Man: Un nuevo día,2D Subtitulada,19:20,,,,https://cartelera.ar/pelicula/spider-man-un-nuevo-dia
GBA Oeste,Cinépolis,Cinépolis Luján,"Av. Constitución 1000, Luján",Spider-Man: Un nuevo día,2D Doblada,22:30,,,,https://cartelera.ar/pelicula/spider-man-un-nuevo-dia
GBA Oeste,Cinépolis,Cinépolis Luján,"Av. Constitución 1000, Luján",Toy Story 5,2D Doblada,13:10,,,,https://cartelera.ar/pelicula/toy-story-5
GBA Oeste,Cinépolis,Cinépolis Luján,"Av. Constitución 1000, Luján",Minions & monstruos,2D Doblada,15:30,,,,https://cartelera.ar/pelicula/minions-monstruos
GBA Oeste,Cinépolis,Cinépolis Luján,"Av. Constitución 1000, Luján",PAW Patrol: La Dino Película,2D Doblada,13:50,,,,https://cartelera.ar/pelicula/paw-patrol-la-dino-pelicula
GBA Oeste,Cinépolis,Cinépolis Luján,"Av. Constitución 1000, Luján",La noche del demonio: Están entre nosotros,2D Doblada,16:00,,,,https://cartelera.ar/pelicula/la-noche-del-demonio-estan-entre-nosotros
GBA Oeste,Cinépolis,Cinépolis Luján,"Av. Constitución 1000, Luján",La noche del demonio: Están entre nosotros,2D Doblada,20:40,,,,https://cartelera.ar/pelicula/la-noche-del-demonio-estan-entre-nosotros
GBA Oeste,Cinépolis,Cinépolis Luján,"Av. Constitución 1000, Luján",La noche del demonio: Están entre nosotros,2D Doblada,23:00,,,,https://cartelera.ar/pelicula/la-noche-del-demonio-estan-entre-nosotros
GBA Oeste,Cinépolis,Cinépolis Luján,"Av. Constitución 1000, Luján",Pepita la Pistolera,2D Doblada,13:40,,,,https://cartelera.ar/pelicula/pepita-la-pistolera
GBA Oeste,Cinépolis,Cinépolis Luján,"Av. Constitución 1000, Luján",Pepita la Pistolera,2D Doblada,16:00,,,,https://cartelera.ar/pelicula/pepita-la-pistolera
GBA Oeste,Cinépolis,Cinépolis Luján,"Av. Constitución 1000, Luján",Pepita la Pistolera,2D Doblada,18:20,,,,https://cartelera.ar/pelicula/pepita-la-pistolera
GBA Oeste,Cinépolis,Cinépolis Luján,"Av. Constitución 1000, Luján",Pepita la Pistolera,2D Doblada,20:30,,,,https://cartelera.ar/pelicula/pepita-la-pistolera
GBA Oeste,Cinépolis,Cinépolis Luján,"Av. Constitución 1000, Luján",Pepita la Pistolera,2D Doblada,22:40,,,,https://cartelera.ar/pelicula/pepita-la-pistolera
GBA Oeste,Cinépolis,Cinépolis Luján,"Av. Constitución 1000, Luján",Terminator 2: El juicio final,2D Subtitulada,22:00,,,,https://cartelera.ar/pelicula/terminator-2-el-juicio-final
GBA Oeste,Cinépolis,Cinépolis Luján,"Av. Constitución 1000, Luján",La constelación del perro,2D Subtitulada,17:40,,,,https://cartelera.ar/pelicula/la-constelacion-del-perro
GBA Oeste,Cinépolis,Cinépolis Luján,"Av. Constitución 1000, Luján",Coyote vs. Acme,2D Doblada,13:20,,,,https://cartelera.ar/pelicula/coyote-vs-acme
GBA Oeste,Cinépolis,Cinépolis Luján,"Av. Constitución 1000, Luján",Coyote vs. Acme,2D Doblada,15:50,,,,https://cartelera.ar/pelicula/coyote-vs-acme
GBA Oeste,Cinépolis,Cinépolis Luján,"Av. Constitución 1000, Luján",Coyote vs. Acme,2D Doblada,18:10,,,,https://cartelera.ar/pelicula/coyote-vs-acme
GBA Oeste,Cinépolis,Cinépolis Luján,"Av. Constitución 1000, Luján",Yo Narciso,2D Doblada,13:10,,,,
GBA Oeste,Cinépolis,Cinépolis Luján,"Av. Constitución 1000, Luján",Yo Narciso,2D Doblada,15:20,,,,
GBA Oeste,Cinépolis,Cinépolis Luján,"Av. Constitución 1000, Luján",Yo Narciso,2D Doblada,17:30,,,,
GBA Oeste,Cinépolis,Cinépolis Luján,"Av. Constitución 1000, Luján",Yo Narciso,2D Doblada,19:40,,,,
GBA Oeste,Cinépolis,Cinépolis Luján,"Av. Constitución 1000, Luján",Yo Narciso,2D Doblada,21:50,,,,
CABA,Cinépolis,Cinépolis Houssay,"Av. Corrientes 917, Buenos Aires",Afterburn (Zona cero),2D Subtitulada,20:15,,,,https://cartelera.ar/pelicula/afterburn-zona-cero
CABA,Cinépolis,Cinépolis Houssay,"Av. Corrientes 917, Buenos Aires",La Odisea,2D Subtitulada,18:45,,,,https://cartelera.ar/pelicula/la-odisea
CABA,Cinépolis,Cinépolis Houssay,"Av. Corrientes 917, Buenos Aires",La Odisea,2D Subtitulada,22:15,,,,https://cartelera.ar/pelicula/la-odisea
CABA,Cinépolis,Cinépolis Houssay,"Av. Corrientes 917, Buenos Aires",Spider-Man: Un nuevo día,2D Subtitulada,19:00,,,,https://cartelera.ar/pelicula/spider-man-un-nuevo-dia
CABA,Cinépolis,Cinépolis Houssay,"Av. Corrientes 917, Buenos Aires",Una quinta en Portugal,2D Doblada,16:30,,,,https://cartelera.ar/pelicula/una-quinta-en-portugal
CABA,Cinépolis,Cinépolis Houssay,"Av. Corrientes 917, Buenos Aires",PAW Patrol: La Dino Película,2D Doblada,14:00,,,,https://cartelera.ar/pelicula/paw-patrol-la-dino-pelicula
CABA,Cinépolis,Cinépolis Houssay,"Av. Corrientes 917, Buenos Aires",Terminator 2: El juicio final,2D Subtitulada,22:00,,,,https://cartelera.ar/pelicula/terminator-2-el-juicio-final
CABA,Cinépolis,Cinépolis Houssay,"Av. Corrientes 917, Buenos Aires",La constelación del perro,2D Subtitulada,23:00,,,,https://cartelera.ar/pelicula/la-constelacion-del-perro
CABA,Cinépolis,Cinépolis Houssay,"Av. Corrientes 917, Buenos Aires",Coyote vs. Acme,2D Doblada,13:15,,,,https://cartelera.ar/pelicula/coyote-vs-acme
CABA,Cinépolis,Cinépolis Houssay,"Av. Corrientes 917, Buenos Aires",Coyote vs. Acme,2D Doblada,15:30,,,,https://cartelera.ar/pelicula/coyote-vs-acme
CABA,Cinépolis,Cinépolis Houssay,"Av. Corrientes 917, Buenos Aires",Coyote vs. Acme,2D Doblada,16:15,,,,https://cartelera.ar/pelicula/coyote-vs-acme
CABA,Cinépolis,Cinépolis Houssay,"Av. Corrientes 917, Buenos Aires",Coyote vs. Acme,2D Subtitulada,17:45,,,,https://cartelera.ar/pelicula/coyote-vs-acme
CABA,Cinépolis,Cinépolis Houssay,"Av. Corrientes 917, Buenos Aires",Yo Narciso,2D Doblada,14:15,,,,
GBA Norte,Showcase,Showcase Norte (Norcenter),"Colectora Panamericana 3750, Norcenter",Afterburn (Zona cero),2D Subtitulada,14:05,,,,https://cartelera.ar/pelicula/afterburn-zona-cero
GBA Norte,Showcase,Showcase Norte (Norcenter),"Colectora Panamericana 3750, Norcenter",Afterburn (Zona cero),2D Doblada,16:45,,,,https://cartelera.ar/pelicula/afterburn-zona-cero
GBA Norte,Showcase,Showcase Norte (Norcenter),"Colectora Panamericana 3750, Norcenter",Afterburn (Zona cero),2D Subtitulada,19:25,,,,https://cartelera.ar/pelicula/afterburn-zona-cero
GBA Norte,Showcase,Showcase Norte (Norcenter),"Colectora Panamericana 3750, Norcenter",Afterburn (Zona cero),2D Subtitulada,22:15,,,,https://cartelera.ar/pelicula/afterburn-zona-cero
GBA Norte,Showcase,Showcase Norte (Norcenter),"Colectora Panamericana 3750, Norcenter",La Negociación (The Negotiation),2D Subtitulada,14:15,,,,https://cartelera.ar/pelicula/la-negociacion-the-negotiation
GBA Norte,Showcase,Showcase Norte (Norcenter),"Colectora Panamericana 3750, Norcenter",La Negociación (The Negotiation),2D Subtitulada,21:45,,,,https://cartelera.ar/pelicula/la-negociacion-the-negotiation
GBA Norte,Showcase,Showcase Norte (Norcenter),"Colectora Panamericana 3750, Norcenter",La invitación,2D Subtitulada,14:30,,,,https://cartelera.ar/pelicula/la-invitacion
GBA Norte,Showcase,Showcase Norte (Norcenter),"Colectora Panamericana 3750, Norcenter",La invitación,2D Subtitulada,16:55,,,,https://cartelera.ar/pelicula/la-invitacion
GBA Norte,Showcase,Showcase Norte (Norcenter),"Colectora Panamericana 3750, Norcenter",La invitación,2D Subtitulada,19:25,,,,https://cartelera.ar/pelicula/la-invitacion
GBA Norte,Showcase,Showcase Norte (Norcenter),"Colectora Panamericana 3750, Norcenter",La invitación,2D Subtitulada,21:55,,,,https://cartelera.ar/pelicula/la-invitacion
GBA Norte,Showcase,Showcase Norte (Norcenter),"Colectora Panamericana 3750, Norcenter",La Odisea,2D Subtitulada,15:10,,,,https://cartelera.ar/pelicula/la-odisea
GBA Norte,Showcase,Showcase Norte (Norcenter),"Colectora Panamericana 3750, Norcenter",La Odisea,2D Subtitulada,15:35,,,,https://cartelera.ar/pelicula/la-odisea
GBA Norte,Showcase,Showcase Norte (Norcenter),"Colectora Panamericana 3750, Norcenter",La Odisea,2D Subtitulada,18:40,,,,https://cartelera.ar/pelicula/la-odisea
GBA Norte,Showcase,Showcase Norte (Norcenter),"Colectora Panamericana 3750, Norcenter",La Odisea,2D Subtitulada,19:05,,,,https://cartelera.ar/pelicula/la-odisea
GBA Norte,Showcase,Showcase Norte (Norcenter),"Colectora Panamericana 3750, Norcenter",La Odisea,2D Subtitulada,21:35,,,,https://cartelera.ar/pelicula/la-odisea
GBA Norte,Showcase,Showcase Norte (Norcenter),"Colectora Panamericana 3750, Norcenter",La Odisea,2D Subtitulada,22:10,,,,https://cartelera.ar/pelicula/la-odisea
GBA Norte,Showcase,Showcase Norte (Norcenter),"Colectora Panamericana 3750, Norcenter",Spider-Man: Un nuevo día,2D Doblada,13:20,,,,https://cartelera.ar/pelicula/spider-man-un-nuevo-dia
GBA Norte,Showcase,Showcase Norte (Norcenter),"Colectora Panamericana 3750, Norcenter",Spider-Man: Un nuevo día,2D Subtitulada,13:40,,,,https://cartelera.ar/pelicula/spider-man-un-nuevo-dia
GBA Norte,Showcase,Showcase Norte (Norcenter),"Colectora Panamericana 3750, Norcenter",Spider-Man: Un nuevo día,2D Doblada,16:00,,,,https://cartelera.ar/pelicula/spider-man-un-nuevo-dia
GBA Norte,Showcase,Showcase Norte (Norcenter),"Colectora Panamericana 3750, Norcenter",Spider-Man: Un nuevo día,3D Doblada,16:20,,,,https://cartelera.ar/pelicula/spider-man-un-nuevo-dia
GBA Norte,Showcase,Showcase Norte (Norcenter),"Colectora Panamericana 3750, Norcenter",Spider-Man: Un nuevo día,2D Subtitulada,16:40,,,,https://cartelera.ar/pelicula/spider-man-un-nuevo-dia
GBA Norte,Showcase,Showcase Norte (Norcenter),"Colectora Panamericana 3750, Norcenter",Spider-Man: Un nuevo día,2D Doblada,19:00,,,,https://cartelera.ar/pelicula/spider-man-un-nuevo-dia
GBA Norte,Showcase,Showcase Norte (Norcenter),"Colectora Panamericana 3750, Norcenter",Spider-Man: Un nuevo día,3D Doblada,19:20,,,,https://cartelera.ar/pelicula/spider-man-un-nuevo-dia
GBA Norte,Showcase,Showcase Norte (Norcenter),"Colectora Panamericana 3750, Norcenter",Spider-Man: Un nuevo día,2D Subtitulada,19:40,,,,https://cartelera.ar/pelicula/spider-man-un-nuevo-dia
GBA Norte,Showcase,Showcase Norte (Norcenter),"Colectora Panamericana 3750, Norcenter",Spider-Man: Un nuevo día,2D Doblada,22:00,,,,https://cartelera.ar/pelicula/spider-man-un-nuevo-dia
GBA Norte,Showcase,Showcase Norte (Norcenter),"Colectora Panamericana 3750, Norcenter",Spider-Man: Un nuevo día,3D Doblada,22:20,,,,https://cartelera.ar/pelicula/spider-man-un-nuevo-dia
GBA Norte,Showcase,Showcase Norte (Norcenter),"Colectora Panamericana 3750, Norcenter",Spider-Man: Un nuevo día,2D Subtitulada,22:40,,,,https://cartelera.ar/pelicula/spider-man-un-nuevo-dia
GBA Norte,Showcase,Showcase Norte (Norcenter),"Colectora Panamericana 3750, Norcenter",Toy Story 5,2D Doblada,14:20,,,,https://cartelera.ar/pelicula/toy-story-5
GBA Norte,Showcase,Showcase Norte (Norcenter),"Colectora Panamericana 3750, Norcenter",Toy Story 5,2D Doblada,16:50,,,,https://cartelera.ar/pelicula/toy-story-5
GBA Norte,Showcase,Showcase Norte (Norcenter),"Colectora Panamericana 3750, Norcenter",Minions & monstruos,2D Doblada,14:40,,,,https://cartelera.ar/pelicula/minions-monstruos
GBA Norte,Showcase,Showcase Norte (Norcenter),"Colectora Panamericana 3750, Norcenter",Una quinta en Portugal,2D Doblada,16:35,,,,https://cartelera.ar/pelicula/una-quinta-en-portugal
GBA Norte,Showcase,Showcase Norte (Norcenter),"Colectora Panamericana 3750, Norcenter",Una quinta en Portugal,2D Doblada,19:10,,,,https://cartelera.ar/pelicula/una-quinta-en-portugal
GBA Norte,Showcase,Showcase Norte (Norcenter),"Colectora Panamericana 3750, Norcenter",El Final de la Calle Oak,2D Doblada,17:30,,,,https://cartelera.ar/pelicula/el-final-de-la-calle-oak
GBA Norte,Showcase,Showcase Norte (Norcenter),"Colectora Panamericana 3750, Norcenter",El Final de la Calle Oak,2D Subtitulada,19:55,,,,https://cartelera.ar/pelicula/el-final-de-la-calle-oak
GBA Norte,Showcase,Showcase Norte (Norcenter),"Colectora Panamericana 3750, Norcenter",PAW Patrol: La Dino Película,2D Doblada,13:50,,,,https://cartelera.ar/pelicula/paw-patrol-la-dino-pelicula
GBA Norte,Showcase,Showcase Norte (Norcenter),"Colectora Panamericana 3750, Norcenter",PAW Patrol: La Dino Película,2D Doblada,15:45,,,,https://cartelera.ar/pelicula/paw-patrol-la-dino-pelicula
GBA Norte,Showcase,Showcase Norte (Norcenter),"Colectora Panamericana 3750, Norcenter",La noche del demonio: Están entre nosotros,2D Doblada,20:10,,,,https://cartelera.ar/pelicula/la-noche-del-demonio-estan-entre-nosotros
GBA Norte,Showcase,Showcase Norte (Norcenter),"Colectora Panamericana 3750, Norcenter",La noche del demonio: Están entre nosotros,2D Subtitulada,22:35,,,,https://cartelera.ar/pelicula/la-noche-del-demonio-estan-entre-nosotros
GBA Norte,Showcase,Showcase Norte (Norcenter),"Colectora Panamericana 3750, Norcenter",Solo por una noche,2D Subtitulada,22:30,,,,https://cartelera.ar/pelicula/solo-por-una-noche
GBA Norte,Showcase,Showcase Norte (Norcenter),"Colectora Panamericana 3750, Norcenter",Pepita la Pistolera,2D Doblada,14:35,,,,https://cartelera.ar/pelicula/pepita-la-pistolera
GBA Norte,Showcase,Showcase Norte (Norcenter),"Colectora Panamericana 3750, Norcenter",Pepita la Pistolera,2D Doblada,17:05,,,,https://cartelera.ar/pelicula/pepita-la-pistolera
GBA Norte,Showcase,Showcase Norte (Norcenter),"Colectora Panamericana 3750, Norcenter",Pepita la Pistolera,2D Doblada,19:30,,,,https://cartelera.ar/pelicula/pepita-la-pistolera
GBA Norte,Showcase,Showcase Norte (Norcenter),"Colectora Panamericana 3750, Norcenter",Pepita la Pistolera,2D Doblada,22:05,,,,https://cartelera.ar/pelicula/pepita-la-pistolera
GBA Norte,Showcase,Showcase Norte (Norcenter),"Colectora Panamericana 3750, Norcenter",Pepita la Pistolera,2D Doblada,22:35,,,,https://cartelera.ar/pelicula/pepita-la-pistolera
GBA Norte,Showcase,Showcase Norte (Norcenter),"Colectora Panamericana 3750, Norcenter",Terminator 2: El juicio final,2D Doblada,14:10,,,,https://cartelera.ar/pelicula/terminator-2-el-juicio-final
GBA Norte,Showcase,Showcase Norte (Norcenter),"Colectora Panamericana 3750, Norcenter",Terminator 2: El juicio final,2D Subtitulada,17:00,,,,https://cartelera.ar/pelicula/terminator-2-el-juicio-final
GBA Norte,Showcase,Showcase Norte (Norcenter),"Colectora Panamericana 3750, Norcenter",Terminator 2: El juicio final,2D Subtitulada,22:10,,,,https://cartelera.ar/pelicula/terminator-2-el-juicio-final
GBA Norte,Showcase,Showcase Norte (Norcenter),"Colectora Panamericana 3750, Norcenter",La constelación del perro,2D Subtitulada,19:45,,,,https://cartelera.ar/pelicula/la-constelacion-del-perro
GBA Norte,Showcase,Showcase Norte (Norcenter),"Colectora Panamericana 3750, Norcenter",La constelación del perro,2D Subtitulada,22:20,,,,https://cartelera.ar/pelicula/la-constelacion-del-perro
GBA Norte,Showcase,Showcase Norte (Norcenter),"Colectora Panamericana 3750, Norcenter",Moana,2D Doblada,17:00,,,,https://cartelera.ar/pelicula/moana
GBA Norte,Showcase,Showcase Norte (Norcenter),"Colectora Panamericana 3750, Norcenter",Coyote vs. Acme,2D Doblada,14:10,,,,https://cartelera.ar/pelicula/coyote-vs-acme
GBA Norte,Showcase,Showcase Norte (Norcenter),"Colectora Panamericana 3750, Norcenter",Coyote vs. Acme,2D Doblada,16:30,,,,https://cartelera.ar/pelicula/coyote-vs-acme
GBA Norte,Showcase,Showcase Norte (Norcenter),"Colectora Panamericana 3750, Norcenter",Coyote vs. Acme,2D Doblada,18:55,,,,https://cartelera.ar/pelicula/coyote-vs-acme
GBA Norte,Showcase,Showcase Norte (Norcenter),"Colectora Panamericana 3750, Norcenter",Yo Narciso,2D Doblada,15:15,,,,
GBA Norte,Showcase,Showcase Norte (Norcenter),"Colectora Panamericana 3750, Norcenter",Yo Narciso,2D Doblada,17:35,,,,
GBA Norte,Showcase,Showcase Norte (Norcenter),"Colectora Panamericana 3750, Norcenter",Yo Narciso,2D Doblada,19:35,,,,
GBA Norte,Showcase,Showcase Norte (Norcenter),"Colectora Panamericana 3750, Norcenter",Yo Narciso,2D Doblada,20:00,,,,
GBA Norte,Showcase,Showcase Norte (Norcenter),"Colectora Panamericana 3750, Norcenter",Yo Narciso,2D Doblada,21:50,,,,
GBA Norte,Showcase,Showcase Norte (Norcenter),"Colectora Panamericana 3750, Norcenter",Yo Narciso,2D Doblada,22:25,,,,
GBA Norte,Showcase,Showcase Norte (Norcenter),"Colectora Panamericana 3750, Norcenter",Esa cosa con alas,2D Subtitulada,15:00,,,,
GBA Norte,Showcase,Showcase Norte (Norcenter),"Colectora Panamericana 3750, Norcenter",Esa cosa con alas,2D Subtitulada,19:50,,,,
GBA Norte,Showcase,Showcase Norte (Norcenter),"Colectora Panamericana 3750, Norcenter",Masha Y Los Osos,2D Doblada,13:45,,,,
GBA Norte,Showcase,Showcase Norte (Norcenter),"Colectora Panamericana 3750, Norcenter",Masha Y Los Osos,2D Doblada,18:00,,,,
GBA Oeste,Showcase,Showcase Haedo,"Av. Rivadavia 16.200, Shopping Haedo",Afterburn (Zona cero),2D Doblada,14:15,,,,https://cartelera.ar/pelicula/afterburn-zona-cero
GBA Oeste,Showcase,Showcase Haedo,"Av. Rivadavia 16.200, Shopping Haedo",Afterburn (Zona cero),2D Subtitulada,17:05,,,,https://cartelera.ar/pelicula/afterburn-zona-cero
GBA Oeste,Showcase,Showcase Haedo,"Av. Rivadavia 16.200, Shopping Haedo",Afterburn (Zona cero),2D Doblada,19:50,,,,https://cartelera.ar/pelicula/afterburn-zona-cero
GBA Oeste,Showcase,Showcase Haedo,"Av. Rivadavia 16.200, Shopping Haedo",Afterburn (Zona cero),2D Subtitulada,22:30,,,,https://cartelera.ar/pelicula/afterburn-zona-cero
GBA Oeste,Showcase,Showcase Haedo,"Av. Rivadavia 16.200, Shopping Haedo",La Odisea,2D Doblada,15:05,,,,https://cartelera.ar/pelicula/la-odisea
GBA Oeste,Showcase,Showcase Haedo,"Av. Rivadavia 16.200, Shopping Haedo",La Odisea,2D Subtitulada,15:35,,,,https://cartelera.ar/pelicula/la-odisea
GBA Oeste,Showcase,Showcase Haedo,"Av. Rivadavia 16.200, Shopping Haedo",La Odisea,2D Doblada,18:35,,,,https://cartelera.ar/pelicula/la-odisea
GBA Oeste,Showcase,Showcase Haedo,"Av. Rivadavia 16.200, Shopping Haedo",La Odisea,2D Subtitulada,19:05,,,,https://cartelera.ar/pelicula/la-odisea
GBA Oeste,Showcase,Showcase Haedo,"Av. Rivadavia 16.200, Shopping Haedo",La Odisea,2D Doblada,22:05,,,,https://cartelera.ar/pelicula/la-odisea
GBA Oeste,Showcase,Showcase Haedo,"Av. Rivadavia 16.200, Shopping Haedo",La Odisea,2D Subtitulada,22:35,,,,https://cartelera.ar/pelicula/la-odisea
GBA Oeste,Showcase,Showcase Haedo,"Av. Rivadavia 16.200, Shopping Haedo",Spider-Man: Un nuevo día,2D Doblada,13:20,,,,https://cartelera.ar/pelicula/spider-man-un-nuevo-dia
GBA Oeste,Showcase,Showcase Haedo,"Av. Rivadavia 16.200, Shopping Haedo",Spider-Man: Un nuevo día,3D Doblada,13:40,,,,https://cartelera.ar/pelicula/spider-man-un-nuevo-dia
GBA Oeste,Showcase,Showcase Haedo,"Av. Rivadavia 16.200, Shopping Haedo",Spider-Man: Un nuevo día,2D Doblada,16:00,,,,https://cartelera.ar/pelicula/spider-man-un-nuevo-dia
GBA Oeste,Showcase,Showcase Haedo,"Av. Rivadavia 16.200, Shopping Haedo",Spider-Man: Un nuevo día,2D Subtitulada,16:20,,,,https://cartelera.ar/pelicula/spider-man-un-nuevo-dia
GBA Oeste,Showcase,Showcase Haedo,"Av. Rivadavia 16.200, Shopping Haedo",Spider-Man: Un nuevo día,3D Doblada,16:40,,,,https://cartelera.ar/pelicula/spider-man-un-nuevo-dia
GBA Oeste,Showcase,Showcase Haedo,"Av. Rivadavia 16.200, Shopping Haedo",Spider-Man: Un nuevo día,2D Doblada,19:00,,,,https://cartelera.ar/pelicula/spider-man-un-nuevo-dia
GBA Oeste,Showcase,Showcase Haedo,"Av. Rivadavia 16.200, Shopping Haedo",Spider-Man: Un nuevo día,2D Subtitulada,19:20,,,,https://cartelera.ar/pelicula/spider-man-un-nuevo-dia
GBA Oeste,Showcase,Showcase Haedo,"Av. Rivadavia 16.200, Shopping Haedo",Spider-Man: Un nuevo día,3D Doblada,19:40,,,,https://cartelera.ar/pelicula/spider-man-un-nuevo-dia
GBA Oeste,Showcase,Showcase Haedo,"Av. Rivadavia 16.200, Shopping Haedo",Spider-Man: Un nuevo día,2D Doblada,21:40,,,,https://cartelera.ar/pelicula/spider-man-un-nuevo-dia
GBA Oeste,Showcase,Showcase Haedo,"Av. Rivadavia 16.200, Shopping Haedo",Spider-Man: Un nuevo día,3D Doblada,22:00,,,,https://cartelera.ar/pelicula/spider-man-un-nuevo-dia
GBA Oeste,Showcase,Showcase Haedo,"Av. Rivadavia 16.200, Shopping Haedo",Spider-Man: Un nuevo día,2D Subtitulada,22:20,,,,https://cartelera.ar/pelicula/spider-man-un-nuevo-dia
GBA Oeste,Showcase,Showcase Haedo,"Av. Rivadavia 16.200, Shopping Haedo",Toy Story 5,2D Doblada,14:40,,,,https://cartelera.ar/pelicula/toy-story-5
GBA Oeste,Showcase,Showcase Haedo,"Av. Rivadavia 16.200, Shopping Haedo",Toy Story 5,2D Doblada,17:00,,,,https://cartelera.ar/pelicula/toy-story-5
GBA Oeste,Showcase,Showcase Haedo,"Av. Rivadavia 16.200, Shopping Haedo",Minions & monstruos,2D Doblada,14:10,,,,https://cartelera.ar/pelicula/minions-monstruos
GBA Oeste,Showcase,Showcase Haedo,"Av. Rivadavia 16.200, Shopping Haedo",El Final de la Calle Oak,2D Doblada,19:55,,,,https://cartelera.ar/pelicula/el-final-de-la-calle-oak
GBA Oeste,Showcase,Showcase Haedo,"Av. Rivadavia 16.200, Shopping Haedo",El Final de la Calle Oak,2D Doblada,22:20,,,,https://cartelera.ar/pelicula/el-final-de-la-calle-oak
GBA Oeste,Showcase,Showcase Haedo,"Av. Rivadavia 16.200, Shopping Haedo",PAW Patrol: La Dino Película,2D Doblada,13:55,,,,https://cartelera.ar/pelicula/paw-patrol-la-dino-pelicula
GBA Oeste,Showcase,Showcase Haedo,"Av. Rivadavia 16.200, Shopping Haedo",La noche del demonio: Están entre nosotros,2D Doblada,15:10,,,,https://cartelera.ar/pelicula/la-noche-del-demonio-estan-entre-nosotros
GBA Oeste,Showcase,Showcase Haedo,"Av. Rivadavia 16.200, Shopping Haedo",La noche del demonio: Están entre nosotros,2D Doblada,17:35,,,,https://cartelera.ar/pelicula/la-noche-del-demonio-estan-entre-nosotros
GBA Oeste,Showcase,Showcase Haedo,"Av. Rivadavia 16.200, Shopping Haedo",La noche del demonio: Están entre nosotros,2D Doblada,20:00,,,,https://cartelera.ar/pelicula/la-noche-del-demonio-estan-entre-nosotros
GBA Oeste,Showcase,Showcase Haedo,"Av. Rivadavia 16.200, Shopping Haedo",La noche del demonio: Están entre nosotros,2D Doblada,22:25,,,,https://cartelera.ar/pelicula/la-noche-del-demonio-estan-entre-nosotros
GBA Oeste,Showcase,Showcase Haedo,"Av. Rivadavia 16.200, Shopping Haedo",Solo por una noche,2D Subtitulada,19:30,,,,https://cartelera.ar/pelicula/solo-por-una-noche
GBA Oeste,Showcase,Showcase Haedo,"Av. Rivadavia 16.200, Shopping Haedo",Pepita la Pistolera,2D Doblada,14:55,,,,https://cartelera.ar/pelicula/pepita-la-pistolera
GBA Oeste,Showcase,Showcase Haedo,"Av. Rivadavia 16.200, Shopping Haedo",Pepita la Pistolera,2D Doblada,17:20,,,,https://cartelera.ar/pelicula/pepita-la-pistolera
GBA Oeste,Showcase,Showcase Haedo,"Av. Rivadavia 16.200, Shopping Haedo",Pepita la Pistolera,2D Doblada,19:45,,,,https://cartelera.ar/pelicula/pepita-la-pistolera
GBA Oeste,Showcase,Showcase Haedo,"Av. Rivadavia 16.200, Shopping Haedo",Pepita la Pistolera,2D Doblada,22:15,,,,https://cartelera.ar/pelicula/pepita-la-pistolera
GBA Oeste,Showcase,Showcase Haedo,"Av. Rivadavia 16.200, Shopping Haedo",Pepita la Pistolera,2D Doblada,22:40,,,,https://cartelera.ar/pelicula/pepita-la-pistolera
GBA Oeste,Showcase,Showcase Haedo,"Av. Rivadavia 16.200, Shopping Haedo",Terminator 2: El juicio final,2D Doblada,16:35,,,,https://cartelera.ar/pelicula/terminator-2-el-juicio-final
GBA Oeste,Showcase,Showcase Haedo,"Av. Rivadavia 16.200, Shopping Haedo",Terminator 2: El juicio final,2D Doblada,19:25,,,,https://cartelera.ar/pelicula/terminator-2-el-juicio-final
GBA Oeste,Showcase,Showcase Haedo,"Av. Rivadavia 16.200, Shopping Haedo",Terminator 2: El juicio final,2D Subtitulada,22:10,,,,https://cartelera.ar/pelicula/terminator-2-el-juicio-final
GBA Oeste,Showcase,Showcase Haedo,"Av. Rivadavia 16.200, Shopping Haedo",La constelación del perro,2D Doblada,16:50,,,,https://cartelera.ar/pelicula/la-constelacion-del-perro
GBA Oeste,Showcase,Showcase Haedo,"Av. Rivadavia 16.200, Shopping Haedo",La constelación del perro,2D Subtitulada,19:25,,,,https://cartelera.ar/pelicula/la-constelacion-del-perro
GBA Oeste,Showcase,Showcase Haedo,"Av. Rivadavia 16.200, Shopping Haedo",La constelación del perro,2D Doblada,22:05,,,,https://cartelera.ar/pelicula/la-constelacion-del-perro
GBA Oeste,Showcase,Showcase Haedo,"Av. Rivadavia 16.200, Shopping Haedo",Coyote vs. Acme,2D Doblada,14:20,,,,https://cartelera.ar/pelicula/coyote-vs-acme
GBA Oeste,Showcase,Showcase Haedo,"Av. Rivadavia 16.200, Shopping Haedo",Coyote vs. Acme,2D Doblada,16:45,,,,https://cartelera.ar/pelicula/coyote-vs-acme
GBA Oeste,Showcase,Showcase Haedo,"Av. Rivadavia 16.200, Shopping Haedo",Coyote vs. Acme,2D Doblada,19:10,,,,https://cartelera.ar/pelicula/coyote-vs-acme
GBA Oeste,Showcase,Showcase Haedo,"Av. Rivadavia 16.200, Shopping Haedo",Yo Narciso,2D Doblada,15:00,,,,
GBA Oeste,Showcase,Showcase Haedo,"Av. Rivadavia 16.200, Shopping Haedo",Yo Narciso,2D Doblada,17:15,,,,
GBA Oeste,Showcase,Showcase Haedo,"Av. Rivadavia 16.200, Shopping Haedo",Yo Narciso,2D Doblada,19:35,,,,
GBA Oeste,Showcase,Showcase Haedo,"Av. Rivadavia 16.200, Shopping Haedo",Yo Narciso,2D Doblada,21:55,,,,
GBA Oeste,Showcase,Showcase Haedo,"Av. Rivadavia 16.200, Shopping Haedo",Masha Y Los Osos,2D Doblada,14:05,,,,
GBA Oeste,Showcase,Showcase Haedo,"Av. Rivadavia 16.200, Shopping Haedo",Masha Y Los Osos,2D Doblada,16:05,,,,
GBA Oeste,Showcase,Showcase Haedo,"Av. Rivadavia 16.200, Shopping Haedo",Masha Y Los Osos,2D Doblada,18:00,,,,
GBA Oeste,Showcase,Showcase Haedo,"Av. Rivadavia 16.200, Shopping Haedo",La raíz del mal ,2D Doblada,14:25,,,,
GBA Oeste,Showcase,Showcase Haedo,"Av. Rivadavia 16.200, Shopping Haedo",La raíz del mal ,2D Doblada,21:50,,,,
GBA Sur,Showcase,Showcase Quilmes,"Av. Calchaquí 3950, Quilmes Factory",Afterburn (Zona cero),2D Doblada,14:25,,,,https://cartelera.ar/pelicula/afterburn-zona-cero
GBA Sur,Showcase,Showcase Quilmes,"Av. Calchaquí 3950, Quilmes Factory",Afterburn (Zona cero),2D Subtitulada,17:00,,,,https://cartelera.ar/pelicula/afterburn-zona-cero
GBA Sur,Showcase,Showcase Quilmes,"Av. Calchaquí 3950, Quilmes Factory",Afterburn (Zona cero),2D Doblada,19:45,,,,https://cartelera.ar/pelicula/afterburn-zona-cero
GBA Sur,Showcase,Showcase Quilmes,"Av. Calchaquí 3950, Quilmes Factory",Afterburn (Zona cero),2D Subtitulada,22:20,,,,https://cartelera.ar/pelicula/afterburn-zona-cero
GBA Sur,Showcase,Showcase Quilmes,"Av. Calchaquí 3950, Quilmes Factory",La Odisea,2D Subtitulada,19:00,,,,https://cartelera.ar/pelicula/la-odisea
GBA Sur,Showcase,Showcase Quilmes,"Av. Calchaquí 3950, Quilmes Factory",La Odisea,2D Doblada,22:30,,,,https://cartelera.ar/pelicula/la-odisea
GBA Sur,Showcase,Showcase Quilmes,"Av. Calchaquí 3950, Quilmes Factory",Spider-Man: Un nuevo día,2D Doblada,13:25,,,,https://cartelera.ar/pelicula/spider-man-un-nuevo-dia
GBA Sur,Showcase,Showcase Quilmes,"Av. Calchaquí 3950, Quilmes Factory",Spider-Man: Un nuevo día,2D Doblada,16:05,,,,https://cartelera.ar/pelicula/spider-man-un-nuevo-dia
GBA Sur,Showcase,Showcase Quilmes,"Av. Calchaquí 3950, Quilmes Factory",Spider-Man: Un nuevo día,3D Doblada,16:25,,,,https://cartelera.ar/pelicula/spider-man-un-nuevo-dia
GBA Sur,Showcase,Showcase Quilmes,"Av. Calchaquí 3950, Quilmes Factory",Spider-Man: Un nuevo día,2D Doblada,19:05,,,,https://cartelera.ar/pelicula/spider-man-un-nuevo-dia
GBA Sur,Showcase,Showcase Quilmes,"Av. Calchaquí 3950, Quilmes Factory",Spider-Man: Un nuevo día,2D Subtitulada,19:25,,,,https://cartelera.ar/pelicula/spider-man-un-nuevo-dia
GBA Sur,Showcase,Showcase Quilmes,"Av. Calchaquí 3950, Quilmes Factory",Spider-Man: Un nuevo día,2D Doblada,22:05,,,,https://cartelera.ar/pelicula/spider-man-un-nuevo-dia
GBA Sur,Showcase,Showcase Quilmes,"Av. Calchaquí 3950, Quilmes Factory",Spider-Man: Un nuevo día,2D Subtitulada,22:25,,,,https://cartelera.ar/pelicula/spider-man-un-nuevo-dia
GBA Sur,Showcase,Showcase Quilmes,"Av. Calchaquí 3950, Quilmes Factory",PAW Patrol: La Dino Película,2D Doblada,14:05,,,,https://cartelera.ar/pelicula/paw-patrol-la-dino-pelicula
GBA Sur,Showcase,Showcase Quilmes,"Av. Calchaquí 3950, Quilmes Factory",La noche del demonio: Están entre nosotros,2D Doblada,14:20,,,,https://cartelera.ar/pelicula/la-noche-del-demonio-estan-entre-nosotros
GBA Sur,Showcase,Showcase Quilmes,"Av. Calchaquí 3950, Quilmes Factory",La noche del demonio: Están entre nosotros,2D Doblada,16:40,,,,https://cartelera.ar/pelicula/la-noche-del-demonio-estan-entre-nosotros
GBA Sur,Showcase,Showcase Quilmes,"Av. Calchaquí 3950, Quilmes Factory",La noche del demonio: Están entre nosotros,2D Doblada,20:15,,,,https://cartelera.ar/pelicula/la-noche-del-demonio-estan-entre-nosotros
GBA Sur,Showcase,Showcase Quilmes,"Av. Calchaquí 3950, Quilmes Factory",La noche del demonio: Están entre nosotros,2D Doblada,22:35,,,,https://cartelera.ar/pelicula/la-noche-del-demonio-estan-entre-nosotros
GBA Sur,Showcase,Showcase Quilmes,"Av. Calchaquí 3950, Quilmes Factory",Pepita la Pistolera,2D Doblada,15:00,,,,https://cartelera.ar/pelicula/pepita-la-pistolera
GBA Sur,Showcase,Showcase Quilmes,"Av. Calchaquí 3950, Quilmes Factory",Pepita la Pistolera,2D Doblada,17:20,,,,https://cartelera.ar/pelicula/pepita-la-pistolera
GBA Sur,Showcase,Showcase Quilmes,"Av. Calchaquí 3950, Quilmes Factory",Pepita la Pistolera,2D Doblada,19:40,,,,https://cartelera.ar/pelicula/pepita-la-pistolera
GBA Sur,Showcase,Showcase Quilmes,"Av. Calchaquí 3950, Quilmes Factory",Pepita la Pistolera,2D Doblada,22:00,,,,https://cartelera.ar/pelicula/pepita-la-pistolera
GBA Sur,Showcase,Showcase Quilmes,"Av. Calchaquí 3950, Quilmes Factory",Terminator 2: El juicio final,2D Subtitulada,19:30,,,,https://cartelera.ar/pelicula/terminator-2-el-juicio-final
GBA Sur,Showcase,Showcase Quilmes,"Av. Calchaquí 3950, Quilmes Factory",La constelación del perro,2D Subtitulada,22:15,,,,https://cartelera.ar/pelicula/la-constelacion-del-perro
GBA Sur,Showcase,Showcase Quilmes,"Av. Calchaquí 3950, Quilmes Factory",Coyote vs. Acme,2D Doblada,14:55,,,,https://cartelera.ar/pelicula/coyote-vs-acme
GBA Sur,Showcase,Showcase Quilmes,"Av. Calchaquí 3950, Quilmes Factory",Coyote vs. Acme,2D Doblada,17:15,,,,https://cartelera.ar/pelicula/coyote-vs-acme
GBA Sur,Showcase,Showcase Quilmes,"Av. Calchaquí 3950, Quilmes Factory",Coyote vs. Acme,2D Doblada,18:00,,,,https://cartelera.ar/pelicula/coyote-vs-acme
GBA Sur,Showcase,Showcase Quilmes,"Av. Calchaquí 3950, Quilmes Factory",Yo Narciso,2D Doblada,15:25,,,,
GBA Sur,Showcase,Showcase Quilmes,"Av. Calchaquí 3950, Quilmes Factory",Yo Narciso,2D Doblada,17:45,,,,
GBA Sur,Showcase,Showcase Quilmes,"Av. Calchaquí 3950, Quilmes Factory",Yo Narciso,2D Doblada,20:00,,,,
GBA Sur,Showcase,Showcase Quilmes,"Av. Calchaquí 3950, Quilmes Factory",Yo Narciso,2D Doblada,22:10,,,,
GBA Sur,Showcase,Showcase Quilmes,"Av. Calchaquí 3950, Quilmes Factory",Masha Y Los Osos,2D Doblada,14:10,,,,
GBA Sur,Showcase,Showcase Quilmes,"Av. Calchaquí 3950, Quilmes Factory",Masha Y Los Osos,2D Doblada,16:10,,,,
CABA,Showcase,Showcase Belgrano,"Monroe 1655, Belgrano",Afterburn (Zona cero),2D Subtitulada,14:10,,,,https://cartelera.ar/pelicula/afterburn-zona-cero
CABA,Showcase,Showcase Belgrano,"Monroe 1655, Belgrano",Afterburn (Zona cero),2D Subtitulada,16:50,,,,https://cartelera.ar/pelicula/afterburn-zona-cero
CABA,Showcase,Showcase Belgrano,"Monroe 1655, Belgrano",Afterburn (Zona cero),2D Subtitulada,19:35,,,,https://cartelera.ar/pelicula/afterburn-zona-cero
CABA,Showcase,Showcase Belgrano,"Monroe 1655, Belgrano",Afterburn (Zona cero),2D Subtitulada,22:25,,,,https://cartelera.ar/pelicula/afterburn-zona-cero
CABA,Showcase,Showcase Belgrano,"Monroe 1655, Belgrano",La Negociación (The Negotiation),2D Subtitulada,21:55,,,,https://cartelera.ar/pelicula/la-negociacion-the-negotiation
CABA,Showcase,Showcase Belgrano,"Monroe 1655, Belgrano",La invitación,2D Subtitulada,17:20,,,,https://cartelera.ar/pelicula/la-invitacion
CABA,Showcase,Showcase Belgrano,"Monroe 1655, Belgrano",La invitación,2D Subtitulada,19:55,,,,https://cartelera.ar/pelicula/la-invitacion
CABA,Showcase,Showcase Belgrano,"Monroe 1655, Belgrano",La invitación,2D Subtitulada,22:20,,,,https://cartelera.ar/pelicula/la-invitacion
CABA,Showcase,Showcase Belgrano,"Monroe 1655, Belgrano",La Odisea,2D Subtitulada,15:25,,,,https://cartelera.ar/pelicula/la-odisea
CABA,Showcase,Showcase Belgrano,"Monroe 1655, Belgrano",La Odisea,2D Subtitulada,18:30,,,,https://cartelera.ar/pelicula/la-odisea
CABA,Showcase,Showcase Belgrano,"Monroe 1655, Belgrano",La Odisea,2D Subtitulada,19:00,,,,https://cartelera.ar/pelicula/la-odisea
CABA,Showcase,Showcase Belgrano,"Monroe 1655, Belgrano",La Odisea,2D Subtitulada,22:00,,,,https://cartelera.ar/pelicula/la-odisea
CABA,Showcase,Showcase Belgrano,"Monroe 1655, Belgrano",Spider-Man: Un nuevo día,2D Doblada,13:40,,,,https://cartelera.ar/pelicula/spider-man-un-nuevo-dia
CABA,Showcase,Showcase Belgrano,"Monroe 1655, Belgrano",Spider-Man: Un nuevo día,2D Doblada,16:10,,,,https://cartelera.ar/pelicula/spider-man-un-nuevo-dia
CABA,Showcase,Showcase Belgrano,"Monroe 1655, Belgrano",Spider-Man: Un nuevo día,2D Subtitulada,16:40,,,,https://cartelera.ar/pelicula/spider-man-un-nuevo-dia
CABA,Showcase,Showcase Belgrano,"Monroe 1655, Belgrano",Spider-Man: Un nuevo día,2D Doblada,19:10,,,,https://cartelera.ar/pelicula/spider-man-un-nuevo-dia
CABA,Showcase,Showcase Belgrano,"Monroe 1655, Belgrano",Spider-Man: Un nuevo día,2D Subtitulada,19:40,,,,https://cartelera.ar/pelicula/spider-man-un-nuevo-dia
CABA,Showcase,Showcase Belgrano,"Monroe 1655, Belgrano",Spider-Man: Un nuevo día,2D Subtitulada,22:10,,,,https://cartelera.ar/pelicula/spider-man-un-nuevo-dia
CABA,Showcase,Showcase Belgrano,"Monroe 1655, Belgrano",Una quinta en Portugal,2D Doblada,14:15,,,,https://cartelera.ar/pelicula/una-quinta-en-portugal
CABA,Showcase,Showcase Belgrano,"Monroe 1655, Belgrano",Una quinta en Portugal,2D Doblada,19:20,,,,https://cartelera.ar/pelicula/una-quinta-en-portugal
CABA,Showcase,Showcase Belgrano,"Monroe 1655, Belgrano",El Final de la Calle Oak,2D Subtitulada,14:40,,,,https://cartelera.ar/pelicula/el-final-de-la-calle-oak
CABA,Showcase,Showcase Belgrano,"Monroe 1655, Belgrano",El Final de la Calle Oak,2D Subtitulada,22:40,,,,https://cartelera.ar/pelicula/el-final-de-la-calle-oak
CABA,Showcase,Showcase Belgrano,"Monroe 1655, Belgrano",PAW Patrol: La Dino Película,2D Doblada,14:00,,,,https://cartelera.ar/pelicula/paw-patrol-la-dino-pelicula
CABA,Showcase,Showcase Belgrano,"Monroe 1655, Belgrano",Pepita la Pistolera,2D Doblada,14:50,,,,https://cartelera.ar/pelicula/pepita-la-pistolera
CABA,Showcase,Showcase Belgrano,"Monroe 1655, Belgrano",Pepita la Pistolera,2D Doblada,17:15,,,,https://cartelera.ar/pelicula/pepita-la-pistolera
CABA,Showcase,Showcase Belgrano,"Monroe 1655, Belgrano",Pepita la Pistolera,2D Doblada,19:45,,,,https://cartelera.ar/pelicula/pepita-la-pistolera
CABA,Showcase,Showcase Belgrano,"Monroe 1655, Belgrano",Pepita la Pistolera,2D Doblada,22:05,,,,https://cartelera.ar/pelicula/pepita-la-pistolera
CABA,Showcase,Showcase Belgrano,"Monroe 1655, Belgrano",Terminator 2: El juicio final,2D Subtitulada,17:10,,,,https://cartelera.ar/pelicula/terminator-2-el-juicio-final
CABA,Showcase,Showcase Belgrano,"Monroe 1655, Belgrano",Terminator 2: El juicio final,2D Subtitulada,22:35,,,,https://cartelera.ar/pelicula/terminator-2-el-juicio-final
CABA,Showcase,Showcase Belgrano,"Monroe 1655, Belgrano",La constelación del perro,2D Subtitulada,16:45,,,,https://cartelera.ar/pelicula/la-constelacion-del-perro
CABA,Showcase,Showcase Belgrano,"Monroe 1655, Belgrano",La constelación del perro,2D Subtitulada,22:30,,,,https://cartelera.ar/pelicula/la-constelacion-del-perro
CABA,Showcase,Showcase Belgrano,"Monroe 1655, Belgrano",Coyote vs. Acme,2D Doblada,14:55,,,,https://cartelera.ar/pelicula/coyote-vs-acme
CABA,Showcase,Showcase Belgrano,"Monroe 1655, Belgrano",Coyote vs. Acme,2D Doblada,17:25,,,,https://cartelera.ar/pelicula/coyote-vs-acme
CABA,Showcase,Showcase Belgrano,"Monroe 1655, Belgrano",Coyote vs. Acme,2D Doblada,19:50,,,,https://cartelera.ar/pelicula/coyote-vs-acme
CABA,Showcase,Showcase Belgrano,"Monroe 1655, Belgrano",Yo Narciso,2D Doblada,20:00,,,,
CABA,Showcase,Showcase Belgrano,"Monroe 1655, Belgrano",Yo Narciso,2D Doblada,22:15,,,,
CABA,Showcase,Showcase Belgrano,"Monroe 1655, Belgrano",Esa cosa con alas,2D Subtitulada,15:00,,,,
CABA,Showcase,Showcase Belgrano,"Monroe 1655, Belgrano",Masha Y Los Osos,2D Doblada,14:30,,,,
CABA,Showcase,Showcase Belgrano,"Monroe 1655, Belgrano",Masha Y Los Osos,2D Doblada,16:30,,,,
CABA,Atlas Cines,Atlas Alcorta,"Jerónimo Salguero 3172, Alcorta Shopping",La invitación,2D Subtitulada,19:40,,,,https://cartelera.ar/pelicula/la-invitacion
CABA,Atlas Cines,Atlas Alcorta,"Jerónimo Salguero 3172, Alcorta Shopping",La invitación,2D Subtitulada,22:00,,,,https://cartelera.ar/pelicula/la-invitacion
CABA,Atlas Cines,Atlas Alcorta,"Jerónimo Salguero 3172, Alcorta Shopping",PAW Patrol: La Dino Película,2D Doblada,14:00,,,,https://cartelera.ar/pelicula/paw-patrol-la-dino-pelicula
CABA,Atlas Cines,Atlas Alcorta,"Jerónimo Salguero 3172, Alcorta Shopping",PAW Patrol: La Dino Película,2D Doblada,16:00,,,,https://cartelera.ar/pelicula/paw-patrol-la-dino-pelicula
CABA,Atlas Cines,Atlas Alcorta,"Jerónimo Salguero 3172, Alcorta Shopping",Pepita la Pistolera,2D Doblada,20:10,,,,https://cartelera.ar/pelicula/pepita-la-pistolera
CABA,Atlas Cines,Atlas Alcorta,"Jerónimo Salguero 3172, Alcorta Shopping",Pepita la Pistolera,2D Doblada,22:30,,,,https://cartelera.ar/pelicula/pepita-la-pistolera
CABA,Atlas Cines,Atlas Alcorta,"Jerónimo Salguero 3172, Alcorta Shopping",Coyote vs. Acme,2D Doblada,15:00,,,,https://cartelera.ar/pelicula/coyote-vs-acme
CABA,Atlas Cines,Atlas Alcorta,"Jerónimo Salguero 3172, Alcorta Shopping",Coyote vs. Acme,2D Doblada,17:20,,,,https://cartelera.ar/pelicula/coyote-vs-acme
CABA,Atlas Cines,Atlas Alcorta,"Jerónimo Salguero 3172, Alcorta Shopping",Yo Narciso,2D Doblada,18:00,,,,
CABA,Cine Independiente,Cine Gaumont,"Av. Rivadavia 1635, Congreso",La Odisea,2D Subtitulada,21:00,,,,https://cartelera.ar/pelicula/la-odisea
CABA,Cine Independiente,Cine Gaumont,"Av. Rivadavia 1635, Congreso",Amarga Navidad,2D Doblada,14:00,,,,https://cartelera.ar/pelicula/amarga-navidad
CABA,Cine Independiente,Cine Gaumont,"Av. Rivadavia 1635, Congreso",Pepita la Pistolera,2D Doblada,14:45,,,,https://cartelera.ar/pelicula/pepita-la-pistolera
CABA,Cine Independiente,Cine Gaumont,"Av. Rivadavia 1635, Congreso",Pepita la Pistolera,2D Doblada,17:50,,,,https://cartelera.ar/pelicula/pepita-la-pistolera
CABA,Cine Independiente,Cine Gaumont,"Av. Rivadavia 1635, Congreso",Pepita la Pistolera,2D Doblada,21:30,,,,https://cartelera.ar/pelicula/pepita-la-pistolera
CABA,Cine Independiente,Cine Gaumont,"Av. Rivadavia 1635, Congreso",Amor Travesti,2D Doblada,20:30,,,,
CABA,Cine Independiente,Cine Gaumont,"Av. Rivadavia 1635, Congreso",Canelones,2D Doblada,17:00,,,,
CABA,Cine Independiente,Cine Gaumont,"Av. Rivadavia 1635, Congreso",Canelones,2D Doblada,22:30,,,,
CABA,Cine Independiente,Cine Gaumont,"Av. Rivadavia 1635, Congreso",CIN3 FILI4,2D Doblada,16:00,,,,
CABA,Cine Independiente,Cine Gaumont,"Av. Rivadavia 1635, Congreso",El Temblor,2D Doblada,14:15,,,,
CABA,Cine Independiente,Cine Gaumont,"Av. Rivadavia 1635, Congreso",La casa del minotauro,2D Doblada,20:00,,,,
CABA,Cine Independiente,Cine Gaumont,"Av. Rivadavia 1635, Congreso",Suite Juárez,2D Doblada,19:00,,,,
CABA,Atlas Cines,Atlas Liniers,"Av. Rivadavia 11177, Liniers",Afterburn (Zona cero),2D Doblada,16:30,,,,https://cartelera.ar/pelicula/afterburn-zona-cero
CABA,Atlas Cines,Atlas Liniers,"Av. Rivadavia 11177, Liniers",Afterburn (Zona cero),2D Doblada,21:50,,,,https://cartelera.ar/pelicula/afterburn-zona-cero
CABA,Atlas Cines,Atlas Liniers,"Av. Rivadavia 11177, Liniers",Spider-Man: Un nuevo día,2D Doblada,15:00,,,,https://cartelera.ar/pelicula/spider-man-un-nuevo-dia
CABA,Atlas Cines,Atlas Liniers,"Av. Rivadavia 11177, Liniers",Spider-Man: Un nuevo día,2D Doblada,18:00,,,,https://cartelera.ar/pelicula/spider-man-un-nuevo-dia
CABA,Atlas Cines,Atlas Liniers,"Av. Rivadavia 11177, Liniers",Spider-Man: Un nuevo día,2D Doblada,21:10,,,,https://cartelera.ar/pelicula/spider-man-un-nuevo-dia
CABA,Atlas Cines,Atlas Liniers,"Av. Rivadavia 11177, Liniers",Toy Story 5,2D Doblada,14:10,,,,https://cartelera.ar/pelicula/toy-story-5
CABA,Atlas Cines,Atlas Liniers,"Av. Rivadavia 11177, Liniers",Pepita la Pistolera,2D Doblada,17:50,,,,https://cartelera.ar/pelicula/pepita-la-pistolera
CABA,Atlas Cines,Atlas Liniers,"Av. Rivadavia 11177, Liniers",Pepita la Pistolera,2D Doblada,20:00,,,,https://cartelera.ar/pelicula/pepita-la-pistolera
CABA,Atlas Cines,Atlas Liniers,"Av. Rivadavia 11177, Liniers",Pepita la Pistolera,2D Doblada,22:10,,,,https://cartelera.ar/pelicula/pepita-la-pistolera
CABA,Atlas Cines,Atlas Liniers,"Av. Rivadavia 11177, Liniers",Coyote vs. Acme,2D Doblada,14:40,,,,https://cartelera.ar/pelicula/coyote-vs-acme
CABA,Atlas Cines,Atlas Liniers,"Av. Rivadavia 11177, Liniers",Coyote vs. Acme,2D Doblada,17:10,,,,https://cartelera.ar/pelicula/coyote-vs-acme
CABA,Atlas Cines,Atlas Liniers,"Av. Rivadavia 11177, Liniers",Coyote vs. Acme,2D Doblada,19:30,,,,https://cartelera.ar/pelicula/coyote-vs-acme
CABA,Atlas Cines,Atlas Liniers,"Av. Rivadavia 11177, Liniers",Insidious: Fuera del más allá,2D Doblada,19:10,,,,https://cartelera.ar/pelicula/insidious-fuera-del-mas-alla
CABA,Atlas Cines,Atlas Liniers,"Av. Rivadavia 11177, Liniers",Insidious: Fuera del más allá,2D Doblada,21:30,,,,https://cartelera.ar/pelicula/insidious-fuera-del-mas-alla
CABA,Atlas Cines,Atlas Liniers,"Av. Rivadavia 11177, Liniers",Masha Y Los Osos,2D Doblada,14:20,,,,
CABA,Atlas Cines,Atlas Liniers,"Av. Rivadavia 11177, Liniers",Masha Y Los Osos,2D Doblada,16:00,,,,
GBA Sur,Atlas Cines,Atlas Catan,"Camino de Cintura 2727, Shopping Catan",Afterburn (Zona cero),2D Doblada,16:50,,,,https://cartelera.ar/pelicula/afterburn-zona-cero
GBA Sur,Atlas Cines,Atlas Catan,"Camino de Cintura 2727, Shopping Catan",Afterburn (Zona cero),2D Doblada,19:30,,,,https://cartelera.ar/pelicula/afterburn-zona-cero
GBA Sur,Atlas Cines,Atlas Catan,"Camino de Cintura 2727, Shopping Catan",Afterburn (Zona cero),2D Doblada,22:10,,,,https://cartelera.ar/pelicula/afterburn-zona-cero
GBA Sur,Atlas Cines,Atlas Catan,"Camino de Cintura 2727, Shopping Catan",Spider-Man: Un nuevo día,4DX Doblada,15:10,,,,https://cartelera.ar/pelicula/spider-man-un-nuevo-dia
GBA Sur,Atlas Cines,Atlas Catan,"Camino de Cintura 2727, Shopping Catan",Spider-Man: Un nuevo día,2D Doblada,15:50,,,,https://cartelera.ar/pelicula/spider-man-un-nuevo-dia
GBA Sur,Atlas Cines,Atlas Catan,"Camino de Cintura 2727, Shopping Catan",Spider-Man: Un nuevo día,4DX Doblada,18:10,,,,https://cartelera.ar/pelicula/spider-man-un-nuevo-dia
GBA Sur,Atlas Cines,Atlas Catan,"Camino de Cintura 2727, Shopping Catan",Spider-Man: Un nuevo día,2D Doblada,18:50,,,,https://cartelera.ar/pelicula/spider-man-un-nuevo-dia
GBA Sur,Atlas Cines,Atlas Catan,"Camino de Cintura 2727, Shopping Catan",Spider-Man: Un nuevo día,4DX Doblada,21:10,,,,https://cartelera.ar/pelicula/spider-man-un-nuevo-dia
GBA Sur,Atlas Cines,Atlas Catan,"Camino de Cintura 2727, Shopping Catan",Spider-Man: Un nuevo día,2D Doblada,21:50,,,,https://cartelera.ar/pelicula/spider-man-un-nuevo-dia
GBA Sur,Atlas Cines,Atlas Catan,"Camino de Cintura 2727, Shopping Catan",Toy Story 5,2D Doblada,15:10,,,,https://cartelera.ar/pelicula/toy-story-5
GBA Sur,Atlas Cines,Atlas Catan,"Camino de Cintura 2727, Shopping Catan",Minions & monstruos,2D Doblada,14:50,,,,https://cartelera.ar/pelicula/minions-monstruos
GBA Sur,Atlas Cines,Atlas Catan,"Camino de Cintura 2727, Shopping Catan",Impacto mortal,2D Doblada,20:10,,,,https://cartelera.ar/pelicula/impacto-mortal
GBA Sur,Atlas Cines,Atlas Catan,"Camino de Cintura 2727, Shopping Catan",Pepita la Pistolera,2D Doblada,17:20,,,,https://cartelera.ar/pelicula/pepita-la-pistolera
GBA Sur,Atlas Cines,Atlas Catan,"Camino de Cintura 2727, Shopping Catan",Pepita la Pistolera,2D Doblada,19:40,,,,https://cartelera.ar/pelicula/pepita-la-pistolera
GBA Sur,Atlas Cines,Atlas Catan,"Camino de Cintura 2727, Shopping Catan",Pepita la Pistolera,2D Doblada,22:00,,,,https://cartelera.ar/pelicula/pepita-la-pistolera
GBA Sur,Atlas Cines,Atlas Catan,"Camino de Cintura 2727, Shopping Catan",Terminator 2: El juicio final,3D Doblada,21:40,,,,https://cartelera.ar/pelicula/terminator-2-el-juicio-final
GBA Sur,Atlas Cines,Atlas Catan,"Camino de Cintura 2727, Shopping Catan",Coyote vs. Acme,2D Doblada,15:30,,,,https://cartelera.ar/pelicula/coyote-vs-acme
GBA Sur,Atlas Cines,Atlas Catan,"Camino de Cintura 2727, Shopping Catan",Coyote vs. Acme,2D Doblada,17:50,,,,https://cartelera.ar/pelicula/coyote-vs-acme
GBA Sur,Atlas Cines,Atlas Catan,"Camino de Cintura 2727, Shopping Catan",Insidious: Fuera del más allá,2D Doblada,14:40,,,,https://cartelera.ar/pelicula/insidious-fuera-del-mas-alla
GBA Sur,Atlas Cines,Atlas Catan,"Camino de Cintura 2727, Shopping Catan",Insidious: Fuera del más allá,2D Doblada,17:00,,,,https://cartelera.ar/pelicula/insidious-fuera-del-mas-alla
GBA Sur,Atlas Cines,Atlas Catan,"Camino de Cintura 2727, Shopping Catan",Insidious: Fuera del más allá,2D Doblada,19:20,,,,https://cartelera.ar/pelicula/insidious-fuera-del-mas-alla
GBA Sur,Atlas Cines,Atlas Catan,"Camino de Cintura 2727, Shopping Catan",Insidious: Fuera del más allá,2D Doblada,22:30,,,,https://cartelera.ar/pelicula/insidious-fuera-del-mas-alla
GBA Norte,Cinemark Hoyts,Cinemark Soleil,"Av. Brig. Juan M. de Rosas 658, Soleil Premium",Coyote vs. Acme,2D Doblada,16:30,,,,https://www.cinemark.com.ar/peliculas/coyote-vs-acme
GBA Norte,Cinemark Hoyts,Cinemark Soleil,"Av. Brig. Juan M. de Rosas 658, Soleil Premium",Coyote vs. Acme,2D Doblada,19:10,,,,https://www.cinemark.com.ar/peliculas/coyote-vs-acme
GBA Norte,Cinemark Hoyts,Cinemark Soleil,"Av. Brig. Juan M. de Rosas 658, Soleil Premium",Insidious: Fuera del más allá,2D Doblada,16:20,,,,https://www.cinemark.com.ar/peliculas/la-noche-del-demonio-estan-entre-nosotros
GBA Norte,Cinemark Hoyts,Cinemark Soleil,"Av. Brig. Juan M. de Rosas 658, Soleil Premium",Insidious: Fuera del más allá,2D Doblada,18:50,,,,https://www.cinemark.com.ar/peliculas/la-noche-del-demonio-estan-entre-nosotros
GBA Norte,Cinemark Hoyts,Cinemark Soleil,"Av. Brig. Juan M. de Rosas 658, Soleil Premium",Insidious: Fuera del más allá,2D Doblada,21:30,,,,https://www.cinemark.com.ar/peliculas/la-noche-del-demonio-estan-entre-nosotros
GBA Norte,Cinemark Hoyts,Cinemark Soleil,"Av. Brig. Juan M. de Rosas 658, Soleil Premium",Insidious: Fuera del más allá,2D Doblada,22:50,,,,https://www.cinemark.com.ar/peliculas/la-noche-del-demonio-estan-entre-nosotros
GBA Norte,Cinemark Hoyts,Cinemark Soleil,"Av. Brig. Juan M. de Rosas 658, Soleil Premium",La constelación del perro,2D Doblada,20:00,,,,https://cartelera.ar/pelicula/la-constelacion-del-perro
GBA Norte,Cinemark Hoyts,Cinemark Soleil,"Av. Brig. Juan M. de Rosas 658, Soleil Premium",LA GUERRA DE LOS ÚLTIMOS,2D Doblada,20:00,,,,https://www.cinemark.com.ar/peliculas/la-guerra-de-los-ultimos
GBA Norte,Cinemark Hoyts,Cinemark Soleil,"Av. Brig. Juan M. de Rosas 658, Soleil Premium",La Odisea,2D Doblada,21:50,,,,https://www.cinemark.com.ar/peliculas/la-odisea
GBA Norte,Cinemark Hoyts,Cinemark Soleil,"Av. Brig. Juan M. de Rosas 658, Soleil Premium",PAW Patrol: La Dino Película,2D Doblada,15:00,,,,https://www.cinemark.com.ar/peliculas/paw-patrol-la-dino-pelicula
GBA Norte,Cinemark Hoyts,Cinemark Soleil,"Av. Brig. Juan M. de Rosas 658, Soleil Premium",Pepita la Pistolera,2D Doblada,14:50,,,,https://www.cinemark.com.ar/peliculas/pepita-la-pistolera
GBA Norte,Cinemark Hoyts,Cinemark Soleil,"Av. Brig. Juan M. de Rosas 658, Soleil Premium",Pepita la Pistolera,2D Doblada,17:25,,,,https://www.cinemark.com.ar/peliculas/pepita-la-pistolera
GBA Norte,Cinemark Hoyts,Cinemark Soleil,"Av. Brig. Juan M. de Rosas 658, Soleil Premium",Pepita la Pistolera,2D Doblada,19:50,,,,https://www.cinemark.com.ar/peliculas/pepita-la-pistolera
GBA Norte,Cinemark Hoyts,Cinemark Soleil,"Av. Brig. Juan M. de Rosas 658, Soleil Premium",Pepita la Pistolera,2D Doblada,22:30,,,,https://www.cinemark.com.ar/peliculas/pepita-la-pistolera
GBA Norte,Cinemark Hoyts,Cinemark Soleil,"Av. Brig. Juan M. de Rosas 658, Soleil Premium",Pepita la Pistolera,2D Doblada,23:00,,,,https://www.cinemark.com.ar/peliculas/pepita-la-pistolera
GBA Norte,Cinemark Hoyts,Cinemark Soleil,"Av. Brig. Juan M. de Rosas 658, Soleil Premium",Spider-Man: Un nuevo día,2D Doblada,16:10,,,,https://www.cinemark.com.ar/peliculas/spider-man-un-nuevo-dia
GBA Norte,Cinemark Hoyts,Cinemark Soleil,"Av. Brig. Juan M. de Rosas 658, Soleil Premium",Spider-Man: Un nuevo día,3D Doblada,19:30,,,,https://www.cinemark.com.ar/peliculas/spider-man-un-nuevo-dia
GBA Norte,Cinemark Hoyts,Cinemark Soleil,"Av. Brig. Juan M. de Rosas 658, Soleil Premium",Spider-Man: Un nuevo día,2D Doblada,22:40,,,,https://www.cinemark.com.ar/peliculas/spider-man-un-nuevo-dia
GBA Norte,Cinemark Hoyts,Cinemark Soleil,"Av. Brig. Juan M. de Rosas 658, Soleil Premium",Toy Story 5,2D Doblada,17:15,,,,https://www.cinemark.com.ar/peliculas/toy-story-5
GBA Norte,Cinemark Hoyts,Cinemark Soleil,"Av. Brig. Juan M. de Rosas 658, Soleil Premium",Yo Narciso,2D Doblada,15:40,,,,https://www.cinemark.com.ar/peliculas/yo-narciso
GBA Norte,Cinemark Hoyts,Cinemark Soleil,"Av. Brig. Juan M. de Rosas 658, Soleil Premium",Yo Narciso,2D Doblada,18:00,,,,https://www.cinemark.com.ar/peliculas/yo-narciso
GBA Norte,Cinemark Hoyts,Cinemark Soleil,"Av. Brig. Juan M. de Rosas 658, Soleil Premium",Yo Narciso,2D Doblada,20:20,,,,https://www.cinemark.com.ar/peliculas/yo-narciso
CABA,Cinemark Hoyts,Cinemark Puerto Madero,Av. Alicia Moreau de Justo 1920,Colony,2D Doblada,15:00,,,,https://www.cinemark.com.ar/peliculas/colony-zona-cero
CABA,Cinemark Hoyts,Cinemark Puerto Madero,Av. Alicia Moreau de Justo 1920,Colony,2D Doblada,22:40,,,,https://www.cinemark.com.ar/peliculas/colony-zona-cero
CABA,Cinemark Hoyts,Cinemark Puerto Madero,Av. Alicia Moreau de Justo 1920,Coyote vs. Acme,2D Doblada,15:00,,,,https://www.cinemark.com.ar/peliculas/coyote-vs-acme
CABA,Cinemark Hoyts,Cinemark Puerto Madero,Av. Alicia Moreau de Justo 1920,Coyote vs. Acme,2D Doblada,17:30,,,,https://www.cinemark.com.ar/peliculas/coyote-vs-acme
CABA,Cinemark Hoyts,Cinemark Puerto Madero,Av. Alicia Moreau de Justo 1920,Coyote vs. Acme,2D Doblada,20:00,,,,https://www.cinemark.com.ar/peliculas/coyote-vs-acme
CABA,Cinemark Hoyts,Cinemark Puerto Madero,Av. Alicia Moreau de Justo 1920,Insidious: Fuera del más allá,2D Doblada,15:40,,,,https://www.cinemark.com.ar/peliculas/la-noche-del-demonio-estan-entre-nosotros
CABA,Cinemark Hoyts,Cinemark Puerto Madero,Av. Alicia Moreau de Justo 1920,Insidious: Fuera del más allá,2D Doblada,18:10,,,,https://www.cinemark.com.ar/peliculas/la-noche-del-demonio-estan-entre-nosotros
CABA,Cinemark Hoyts,Cinemark Puerto Madero,Av. Alicia Moreau de Justo 1920,Insidious: Fuera del más allá,2D Doblada,20:30,,,,https://www.cinemark.com.ar/peliculas/la-noche-del-demonio-estan-entre-nosotros
CABA,Cinemark Hoyts,Cinemark Puerto Madero,Av. Alicia Moreau de Justo 1920,Insidious: Fuera del más allá,2D Doblada,23:00,,,,https://www.cinemark.com.ar/peliculas/la-noche-del-demonio-estan-entre-nosotros
CABA,Cinemark Hoyts,Cinemark Puerto Madero,Av. Alicia Moreau de Justo 1920,La constelación del perro,2D Doblada,20:10,,,,https://cartelera.ar/pelicula/la-constelacion-del-perro
CABA,Cinemark Hoyts,Cinemark Puerto Madero,Av. Alicia Moreau de Justo 1920,LA GUERRA DE LOS ÚLTIMOS,2D Doblada,20:10,,,,https://www.cinemark.com.ar/peliculas/la-guerra-de-los-ultimos
CABA,Cinemark Hoyts,Cinemark Puerto Madero,Av. Alicia Moreau de Justo 1920,La Odisea,2D Subtitulada,15:00,,,,https://www.cinemark.com.ar/peliculas/la-odisea
CABA,Cinemark Hoyts,Cinemark Puerto Madero,Av. Alicia Moreau de Justo 1920,La Odisea,2D Subtitulada,18:40,,,,https://www.cinemark.com.ar/peliculas/la-odisea
CABA,Cinemark Hoyts,Cinemark Puerto Madero,Av. Alicia Moreau de Justo 1920,La Odisea,2D Subtitulada,22:20,,,,https://www.cinemark.com.ar/peliculas/la-odisea
CABA,Cinemark Hoyts,Cinemark Puerto Madero,Av. Alicia Moreau de Justo 1920,Pepita la Pistolera,2D Doblada,15:00,,,,https://www.cinemark.com.ar/peliculas/pepita-la-pistolera
CABA,Cinemark Hoyts,Cinemark Puerto Madero,Av. Alicia Moreau de Justo 1920,Pepita la Pistolera,2D Doblada,17:15,,,,https://www.cinemark.com.ar/peliculas/pepita-la-pistolera
CABA,Cinemark Hoyts,Cinemark Puerto Madero,Av. Alicia Moreau de Justo 1920,Pepita la Pistolera,2D Doblada,17:45,,,,https://www.cinemark.com.ar/peliculas/pepita-la-pistolera
CABA,Cinemark Hoyts,Cinemark Puerto Madero,Av. Alicia Moreau de Justo 1920,Pepita la Pistolera,2D Doblada,19:40,,,,https://www.cinemark.com.ar/peliculas/pepita-la-pistolera
CABA,Cinemark Hoyts,Cinemark Puerto Madero,Av. Alicia Moreau de Justo 1920,Pepita la Pistolera,2D Doblada,22:10,,,,https://www.cinemark.com.ar/peliculas/pepita-la-pistolera
CABA,Cinemark Hoyts,Cinemark Puerto Madero,Av. Alicia Moreau de Justo 1920,Pepita la Pistolera,2D Doblada,22:50,,,,https://www.cinemark.com.ar/peliculas/pepita-la-pistolera
CABA,Cinemark Hoyts,Cinemark Puerto Madero,Av. Alicia Moreau de Justo 1920,Solo por una noche,2D Subtitulada,17:00,,,,https://www.cinemark.com.ar/peliculas/solo-por-una-noche
CABA,Cinemark Hoyts,Cinemark Puerto Madero,Av. Alicia Moreau de Justo 1920,Spider-Man: Un nuevo día,2D Subtitulada,15:20,,,,https://www.cinemark.com.ar/peliculas/spider-man-un-nuevo-dia
CABA,Cinemark Hoyts,Cinemark Puerto Madero,Av. Alicia Moreau de Justo 1920,Spider-Man: Un nuevo día,2D Doblada,18:30,,,,https://www.cinemark.com.ar/peliculas/spider-man-un-nuevo-dia
CABA,Cinemark Hoyts,Cinemark Puerto Madero,Av. Alicia Moreau de Justo 1920,Spider-Man: Un nuevo día,2D Doblada,19:20,,,,https://www.cinemark.com.ar/peliculas/spider-man-un-nuevo-dia
CABA,Cinemark Hoyts,Cinemark Puerto Madero,Av. Alicia Moreau de Justo 1920,Spider-Man: Un nuevo día,2D Subtitulada,22:00,,,,https://www.cinemark.com.ar/peliculas/spider-man-un-nuevo-dia
CABA,Cinemark Hoyts,Cinemark Puerto Madero,Av. Alicia Moreau de Justo 1920,Spider-Man: Un nuevo día,2D Doblada,22:30,,,,https://www.cinemark.com.ar/peliculas/spider-man-un-nuevo-dia
CABA,Cinemark Hoyts,Cinemark Puerto Madero,Av. Alicia Moreau de Justo 1920,Toy Story 5,2D Doblada,15:00,,,,https://www.cinemark.com.ar/peliculas/toy-story-5
CABA,Cinemark Hoyts,Cinemark Puerto Madero,Av. Alicia Moreau de Justo 1920,Yo Narciso,2D Doblada,15:40,,,,https://www.cinemark.com.ar/peliculas/yo-narciso
CABA,Cinemark Hoyts,Cinemark Puerto Madero,Av. Alicia Moreau de Justo 1920,Yo Narciso,2D Doblada,18:00,,,,https://www.cinemark.com.ar/peliculas/yo-narciso
CABA,Cinemark Hoyts,Cinemark Puerto Madero,Av. Alicia Moreau de Justo 1920,Yo Narciso,2D Doblada,20:20,,,,https://www.cinemark.com.ar/peliculas/yo-narciso
CABA,Cinemark Hoyts,Cinemark Puerto Madero,Av. Alicia Moreau de Justo 1920,Yo Narciso,2D Doblada,22:40,,,,https://www.cinemark.com.ar/peliculas/yo-narciso
CABA,Atlas Cines,Atlas Flores,"Rivera Indarte 44, Flores",Afterburn (Zona cero),2D Doblada,17:50,,,,https://cartelera.ar/pelicula/afterburn-zona-cero
CABA,Atlas Cines,Atlas Flores,"Rivera Indarte 44, Flores",Afterburn (Zona cero),2D Doblada,22:40,,,,https://cartelera.ar/pelicula/afterburn-zona-cero
CABA,Atlas Cines,Atlas Flores,"Rivera Indarte 44, Flores",La Odisea,2D Doblada,21:50,,,,https://cartelera.ar/pelicula/la-odisea
CABA,Atlas Cines,Atlas Flores,"Rivera Indarte 44, Flores",Spider-Man: Un nuevo día,2D Doblada,16:00,,,,https://cartelera.ar/pelicula/spider-man-un-nuevo-dia
CABA,Atlas Cines,Atlas Flores,"Rivera Indarte 44, Flores",Spider-Man: Un nuevo día,2D Doblada,19:00,,,,https://cartelera.ar/pelicula/spider-man-un-nuevo-dia
CABA,Atlas Cines,Atlas Flores,"Rivera Indarte 44, Flores",PAW Patrol: La Dino Película,2D Doblada,15:00,,,,https://cartelera.ar/pelicula/paw-patrol-la-dino-pelicula
CABA,Atlas Cines,Atlas Flores,"Rivera Indarte 44, Flores",Pepita la Pistolera,2D Doblada,15:50,,,,https://cartelera.ar/pelicula/pepita-la-pistolera
CABA,Atlas Cines,Atlas Flores,"Rivera Indarte 44, Flores",Pepita la Pistolera,2D Doblada,17:00,,,,https://cartelera.ar/pelicula/pepita-la-pistolera
CABA,Atlas Cines,Atlas Flores,"Rivera Indarte 44, Flores",Pepita la Pistolera,2D Doblada,20:30,,,,https://cartelera.ar/pelicula/pepita-la-pistolera
CABA,Atlas Cines,Atlas Flores,"Rivera Indarte 44, Flores",Pepita la Pistolera,2D Doblada,22:50,,,,https://cartelera.ar/pelicula/pepita-la-pistolera
CABA,Atlas Cines,Atlas Flores,"Rivera Indarte 44, Flores",Terminator 2: El juicio final,2D Doblada,19:10,,,,https://cartelera.ar/pelicula/terminator-2-el-juicio-final
CABA,Atlas Cines,Atlas Flores,"Rivera Indarte 44, Flores",Coyote vs. Acme,2D Doblada,15:10,,,,https://cartelera.ar/pelicula/coyote-vs-acme
CABA,Atlas Cines,Atlas Flores,"Rivera Indarte 44, Flores",Coyote vs. Acme,2D Doblada,17:30,,,,https://cartelera.ar/pelicula/coyote-vs-acme
CABA,Atlas Cines,Atlas Flores,"Rivera Indarte 44, Flores",Coyote vs. Acme,2D Doblada,19:50,,,,https://cartelera.ar/pelicula/coyote-vs-acme
CABA,Atlas Cines,Atlas Flores,"Rivera Indarte 44, Flores",Insidious: Fuera del más allá,2D Doblada,18:10,,,,https://cartelera.ar/pelicula/insidious-fuera-del-mas-alla
CABA,Atlas Cines,Atlas Flores,"Rivera Indarte 44, Flores",Insidious: Fuera del más allá,2D Doblada,22:20,,,,https://cartelera.ar/pelicula/insidious-fuera-del-mas-alla
CABA,Atlas Cines,Atlas Flores,"Rivera Indarte 44, Flores",Yo Narciso,2D Doblada,15:40,,,,
CABA,Atlas Cines,Atlas Flores,"Rivera Indarte 44, Flores",Yo Narciso,2D Doblada,20:30,,,,
CABA,Atlas Cines,Atlas Flores,"Rivera Indarte 44, Flores",Lu & Pau,2D Doblada,22:00,,,,
GBA Norte,Atlas Cines,Atlas Nordelta,"Av. de los Lagos 7008, Nordelta Centro Comercial",La Negociación (The Negotiation),2D Subtitulada,22:20,,,,https://cartelera.ar/pelicula/la-negociacion-the-negotiation
GBA Norte,Atlas Cines,Atlas Nordelta,"Av. de los Lagos 7008, Nordelta Centro Comercial",La invitación,2D Subtitulada,19:00,,,,https://cartelera.ar/pelicula/la-invitacion
GBA Norte,Atlas Cines,Atlas Nordelta,"Av. de los Lagos 7008, Nordelta Centro Comercial",La Odisea,2D Subtitulada,21:30,,,,https://cartelera.ar/pelicula/la-odisea
GBA Norte,Atlas Cines,Atlas Nordelta,"Av. de los Lagos 7008, Nordelta Centro Comercial",Spider-Man: Un nuevo día,2D Doblada,16:40,,,,https://cartelera.ar/pelicula/spider-man-un-nuevo-dia
GBA Norte,Atlas Cines,Atlas Nordelta,"Av. de los Lagos 7008, Nordelta Centro Comercial",Spider-Man: Un nuevo día,2D Subtitulada,21:50,,,,https://cartelera.ar/pelicula/spider-man-un-nuevo-dia
GBA Norte,Atlas Cines,Atlas Nordelta,"Av. de los Lagos 7008, Nordelta Centro Comercial",Minions & monstruos,2D Doblada,16:50,,,,https://cartelera.ar/pelicula/minions-monstruos
GBA Norte,Atlas Cines,Atlas Nordelta,"Av. de los Lagos 7008, Nordelta Centro Comercial",PAW Patrol: La Dino Película,2D Doblada,15:10,,,,https://cartelera.ar/pelicula/paw-patrol-la-dino-pelicula
GBA Norte,Atlas Cines,Atlas Nordelta,"Av. de los Lagos 7008, Nordelta Centro Comercial",PAW Patrol: La Dino Película,2D Doblada,16:20,,,,https://cartelera.ar/pelicula/paw-patrol-la-dino-pelicula
GBA Norte,Atlas Cines,Atlas Nordelta,"Av. de los Lagos 7008, Nordelta Centro Comercial",Pepita la Pistolera,2D Doblada,18:20,,,,https://cartelera.ar/pelicula/pepita-la-pistolera
GBA Norte,Atlas Cines,Atlas Nordelta,"Av. de los Lagos 7008, Nordelta Centro Comercial",Pepita la Pistolera,2D Doblada,20:30,,,,https://cartelera.ar/pelicula/pepita-la-pistolera
GBA Norte,Atlas Cines,Atlas Nordelta,"Av. de los Lagos 7008, Nordelta Centro Comercial",Pepita la Pistolera,2D Doblada,22:50,,,,https://cartelera.ar/pelicula/pepita-la-pistolera
GBA Norte,Atlas Cines,Atlas Nordelta,"Av. de los Lagos 7008, Nordelta Centro Comercial",Terminator 2: El juicio final,2D Subtitulada,19:30,,,,https://cartelera.ar/pelicula/terminator-2-el-juicio-final
GBA Norte,Atlas Cines,Atlas Nordelta,"Av. de los Lagos 7008, Nordelta Centro Comercial",Coyote vs. Acme,2D Doblada,15:50,,,,https://cartelera.ar/pelicula/coyote-vs-acme
GBA Norte,Atlas Cines,Atlas Nordelta,"Av. de los Lagos 7008, Nordelta Centro Comercial",Coyote vs. Acme,2D Doblada,17:10,,,,https://cartelera.ar/pelicula/coyote-vs-acme
GBA Norte,Atlas Cines,Atlas Nordelta,"Av. de los Lagos 7008, Nordelta Centro Comercial",Yo Narciso,2D Doblada,18:10,,,,
GBA Norte,Atlas Cines,Atlas Nordelta,"Av. de los Lagos 7008, Nordelta Centro Comercial",Yo Narciso,2D Doblada,20:20,,,,
GBA Norte,Atlas Cines,Atlas Nordelta,"Av. de los Lagos 7008, Nordelta Centro Comercial",Yo Narciso,2D Doblada,22:30,,,,
GBA Norte,Atlas Cines,Atlas Nordelta,"Av. de los Lagos 7008, Nordelta Centro Comercial",Esa cosa con alas,2D Subtitulada,19:40,,,,
CABA,Cine Independiente,CineArte Cacodelphia,"Roque Sáenz Peña 1150, Buenos Aires",Los Colores Del Tiempo,2D Subtitulada,16:30,,,,https://cartelera.ar/pelicula/los-colores-del-tiempo
CABA,Cine Independiente,CineArte Cacodelphia,"Roque Sáenz Peña 1150, Buenos Aires",La Negociación (The Negotiation),2D Subtitulada,18:50,,,,https://cartelera.ar/pelicula/la-negociacion-the-negotiation
CABA,Cine Independiente,CineArte Cacodelphia,"Roque Sáenz Peña 1150, Buenos Aires",La invitación,2D Subtitulada,16:20,,,,https://cartelera.ar/pelicula/la-invitacion
CABA,Cine Independiente,CineArte Cacodelphia,"Roque Sáenz Peña 1150, Buenos Aires",La invitación,2D Subtitulada,19:00,,,,https://cartelera.ar/pelicula/la-invitacion
CABA,Cine Independiente,CineArte Cacodelphia,"Roque Sáenz Peña 1150, Buenos Aires",Una quinta en Portugal,2D Doblada,18:20,,,,https://cartelera.ar/pelicula/una-quinta-en-portugal
CABA,Cine Independiente,CineArte Cacodelphia,"Roque Sáenz Peña 1150, Buenos Aires",Terminator 2: El juicio final,2D Subtitulada,21:00,,,,https://cartelera.ar/pelicula/terminator-2-el-juicio-final
CABA,Cine Independiente,CineArte Cacodelphia,"Roque Sáenz Peña 1150, Buenos Aires","Adolescencia, sexo y muerte en campamento Miasma",2D Subtitulada,20:50,,,,https://cartelera.ar/pelicula/adolescencia-sexo-y-muerte-en-campamento-miasma
CABA,Cine Independiente,CineArte Cacodelphia,"Roque Sáenz Peña 1150, Buenos Aires",Tierra De Crimen,2D Subtitulada,16:10,,,,
CABA,Cine Independiente,CineArte Cacodelphia,"Roque Sáenz Peña 1150, Buenos Aires",Esa cosa con alas,2D Subtitulada,20:40,,,,
CABA,Atlas Cines,Atlas Patio Bullrich,"Av. del Libertador 750, Patio Bullrich",Los Colores Del Tiempo,2D Subtitulada,18:30,,,,https://cartelera.ar/pelicula/los-colores-del-tiempo
CABA,Atlas Cines,Atlas Patio Bullrich,"Av. del Libertador 750, Patio Bullrich",La Negociación (The Negotiation),2D Subtitulada,21:30,,,,https://cartelera.ar/pelicula/la-negociacion-the-negotiation
CABA,Atlas Cines,Atlas Patio Bullrich,"Av. del Libertador 750, Patio Bullrich",La invitación,2D Subtitulada,16:10,,,,https://cartelera.ar/pelicula/la-invitacion
CABA,Atlas Cines,Atlas Patio Bullrich,"Av. del Libertador 750, Patio Bullrich",La invitación,2D Subtitulada,21:10,,,,https://cartelera.ar/pelicula/la-invitacion
CABA,Atlas Cines,Atlas Patio Bullrich,"Av. del Libertador 750, Patio Bullrich",Una quinta en Portugal,2D Doblada,16:30,,,,https://cartelera.ar/pelicula/una-quinta-en-portugal
CABA,Atlas Cines,Atlas Patio Bullrich,"Av. del Libertador 750, Patio Bullrich",Una quinta en Portugal,2D Doblada,19:00,,,,https://cartelera.ar/pelicula/una-quinta-en-portugal
CABA,Atlas Cines,Atlas Patio Bullrich,"Av. del Libertador 750, Patio Bullrich",Pepita la Pistolera,2D Doblada,17:50,,,,https://cartelera.ar/pelicula/pepita-la-pistolera
CABA,Atlas Cines,Atlas Patio Bullrich,"Av. del Libertador 750, Patio Bullrich",Pepita la Pistolera,2D Doblada,20:00,,,,https://cartelera.ar/pelicula/pepita-la-pistolera
CABA,Atlas Cines,Atlas Patio Bullrich,"Av. del Libertador 750, Patio Bullrich",Pepita la Pistolera,2D Doblada,22:10,,,,https://cartelera.ar/pelicula/pepita-la-pistolera
CABA,Atlas Cines,Atlas Patio Bullrich,"Av. del Libertador 750, Patio Bullrich",Yo Narciso,2D Doblada,21:50,,,,
CABA,Atlas Cines,Atlas Patio Bullrich,"Av. del Libertador 750, Patio Bullrich",El Gran Falsificador,2D Subtitulada,17:00,,,,
CABA,Atlas Cines,Atlas Patio Bullrich,"Av. del Libertador 750, Patio Bullrich",Esa cosa con alas,2D Subtitulada,19:40,,,,
