zona,cadena,cine,direccion,pelicula,formato,horario,precio_general,precio_jubilado,precio_menor,url_pelicula
CABA,Cinépolis,Cinépolis Recoleta,"Vicente López 2050, Recoleta",La invitación,2D Subtitulada,21:00,,,,https://cartelera.ar/pelicula/la-invitacion
CABA,Cinépolis,Cinépolis Recoleta,"Vicente López 2050, Recoleta",La invitación,2D Subtitulada,23:00,,,,https://cartelera.ar/pelicula/la-invitacion
CABA,Cinépolis,Cinépolis Recoleta,"Vicente López 2050, Recoleta",La Odisea,2D Subtitulada,11:45,,,,https://cartelera.ar/pelicula/la-odisea
CABA,Cinépolis,Cinépolis Recoleta,"Vicente López 2050, Recoleta",La Odisea,2D Subtitulada,14:20,,,,https://cartelera.ar/pelicula/la-odisea
CABA,Cinépolis,Cinépolis Recoleta,"Vicente López 2050, Recoleta",La Odisea,2D Subtitulada,15:20,,,,https://cartelera.ar/pelicula/la-odisea
CABA,Cinépolis,Cinépolis Recoleta,"Vicente López 2050, Recoleta",La Odisea,2D Subtitulada,18:00,,,,https://cartelera.ar/pelicula/la-odisea
CABA,Cinépolis,Cinépolis Recoleta,"Vicente López 2050, Recoleta",La Odisea,2D Subtitulada,19:00,,,,https://cartelera.ar/pelicula/la-odisea
CABA,Cinépolis,Cinépolis Recoleta,"Vicente López 2050, Recoleta",La Odisea,2D Subtitulada,21:40,,,,https://cartelera.ar/pelicula/la-odisea
CABA,Cinépolis,Cinépolis Recoleta,"Vicente López 2050, Recoleta",La Odisea,2D Subtitulada,22:40,,,,https://cartelera.ar/pelicula/la-odisea
CABA,Cinépolis,Cinépolis Recoleta,"Vicente López 2050, Recoleta",El Final de la Calle Oak,2D Subtitulada,22:45,,,,https://cartelera.ar/pelicula/el-final-de-la-calle-oak
CABA,Cinépolis,Cinépolis Recoleta,"Vicente López 2050, Recoleta",PAW Patrol: La Dino Película,2D Doblada,12:10,,,,https://cartelera.ar/pelicula/paw-patrol-la-dino-pelicula
CABA,Cinépolis,Cinépolis Recoleta,"Vicente López 2050, Recoleta",La Muerte De Robin Hood,2D Subtitulada,17:30,,,,https://cartelera.ar/pelicula/la-muerte-de-robin-hood
CABA,Cinépolis,Cinépolis Recoleta,"Vicente López 2050, Recoleta",La noche del demonio: Están entre nosotros,2D Subtitulada,01:10,,,,https://cartelera.ar/pelicula/la-noche-del-demonio-estan-entre-nosotros
CABA,Cinépolis,Cinépolis Recoleta,"Vicente López 2050, Recoleta",La noche del demonio: Están entre nosotros,2D Subtitulada,20:30,,,,https://cartelera.ar/pelicula/la-noche-del-demonio-estan-entre-nosotros
CABA,Cinépolis,Cinépolis Recoleta,"Vicente López 2050, Recoleta",La noche del demonio: Están entre nosotros,2D Subtitulada,23:30,,,,https://cartelera.ar/pelicula/la-noche-del-demonio-estan-entre-nosotros
CABA,Cinépolis,Cinépolis Recoleta,"Vicente López 2050, Recoleta",Solo por una noche,2D Subtitulada,12:30,,,,https://cartelera.ar/pelicula/solo-por-una-noche
CABA,Cinépolis,Cinépolis Recoleta,"Vicente López 2050, Recoleta",Solo por una noche,2D Subtitulada,20:15,,,,https://cartelera.ar/pelicula/solo-por-una-noche
CABA,Cinépolis,Cinépolis Recoleta,"Vicente López 2050, Recoleta",Harry Potter y la piedra filosofal,2D Subtitulada,22:15,,,,https://cartelera.ar/pelicula/harry-potter-y-la-piedra-filosofal
CABA,Cinépolis,Cinépolis Recoleta,"Vicente López 2050, Recoleta",Coyote vs. Acme,2D Doblada,12:15,,,,https://cartelera.ar/pelicula/coyote-vs-acme
CABA,Cinépolis,Cinépolis Recoleta,"Vicente López 2050, Recoleta",Coyote vs. Acme,2D Subtitulada,14:40,,,,https://cartelera.ar/pelicula/coyote-vs-acme
CABA,Cinépolis,Cinépolis Recoleta,"Vicente López 2050, Recoleta",Coyote vs. Acme,2D Subtitulada,18:00,,,,https://cartelera.ar/pelicula/coyote-vs-acme
CABA,Cinépolis,Cinépolis Recoleta,"Vicente López 2050, Recoleta",Yo Narciso,2D Doblada,00:40,,,,
CABA,Cinépolis,Cinépolis Recoleta,"Vicente López 2050, Recoleta",Yo Narciso,2D Doblada,11:50,,,,
CABA,Cinépolis,Cinépolis Recoleta,"Vicente López 2050, Recoleta",Yo Narciso,2D Doblada,13:00,,,,
CABA,Cinépolis,Cinépolis Recoleta,"Vicente López 2050, Recoleta",Yo Narciso,2D Doblada,14:10,,,,
CABA,Cinépolis,Cinépolis Recoleta,"Vicente López 2050, Recoleta",Yo Narciso,2D Doblada,15:20,,,,
CABA,Cinépolis,Cinépolis Recoleta,"Vicente López 2050, Recoleta",Yo Narciso,2D Doblada,16:30,,,,
CABA,Cinépolis,Cinépolis Recoleta,"Vicente López 2050, Recoleta",Yo Narciso,2D Doblada,17:40,,,,
CABA,Cinépolis,Cinépolis Recoleta,"Vicente López 2050, Recoleta",Yo Narciso,2D Doblada,18:45,,,,
CABA,Cinépolis,Cinépolis Recoleta,"Vicente López 2050, Recoleta",Yo Narciso,2D Doblada,20:00,,,,
CABA,Cinépolis,Cinépolis Recoleta,"Vicente López 2050, Recoleta",Yo Narciso,2D Doblada,22:20,,,,
CABA,Cinépolis,Cinépolis Recoleta,"Vicente López 2050, Recoleta","Adolescencia, sexo y muerte en campamento Miasma",2D Subtitulada,23:00,,,,https://cartelera.ar/pelicula/adolescencia-sexo-y-muerte-en-campamento-miasma
CABA,Cinépolis,Cinépolis Recoleta,"Vicente López 2050, Recoleta",El Gran Falsificador,2D Subtitulada,12:00,,,,
CABA,Cinépolis,Cinépolis Recoleta,"Vicente López 2050, Recoleta",El Gran Falsificador,2D Subtitulada,17:40,,,,
CABA,Cinépolis,Cinépolis Recoleta,"Vicente López 2050, Recoleta",Tierra De Crimen,2D Subtitulada,15:00,,,,
CABA,Cinépolis,Cinépolis Recoleta,"Vicente López 2050, Recoleta",Tierra De Crimen,2D Subtitulada,20:30,,,,
CABA,Cinépolis,Cinépolis Recoleta,"Vicente López 2050, Recoleta",La guerra de los últimos,2D Subtitulada,01:10,,,,
CABA,Cinépolis,Cinépolis Recoleta,"Vicente López 2050, Recoleta",La guerra de los últimos,2D Subtitulada,13:15,,,,
CABA,Cinépolis,Cinépolis Recoleta,"Vicente López 2050, Recoleta",La guerra de los últimos,2D Subtitulada,17:10,,,,
CABA,Cinépolis,Cinépolis Recoleta,"Vicente López 2050, Recoleta",La guerra de los últimos,2D Subtitulada,19:30,,,,
CABA,Cinépolis,Cinépolis Recoleta,"Vicente López 2050, Recoleta",La guerra de los últimos,2D Subtitulada,19:50,,,,
CABA,Cinépolis,Cinépolis Recoleta,"Vicente López 2050, Recoleta",La guerra de los últimos,2D Subtitulada,22:30,,,,
GBA Sur,Cinépolis,Cinépolis Avellaneda,"Av. Mitre 2702, Avellaneda",La Odisea,2D Doblada,14:50,,,,https://cartelera.ar/pelicula/la-odisea
GBA Sur,Cinépolis,Cinépolis Avellaneda,"Av. Mitre 2702, Avellaneda",La Odisea,2D Doblada,18:30,,,,https://cartelera.ar/pelicula/la-odisea
GBA Sur,Cinépolis,Cinépolis Avellaneda,"Av. Mitre 2702, Avellaneda",Spider-Man: Un nuevo día,3D Doblada,12:20,,,,https://cartelera.ar/pelicula/spider-man-un-nuevo-dia
GBA Sur,Cinépolis,Cinépolis Avellaneda,"Av. Mitre 2702, Avellaneda",Spider-Man: Un nuevo día,3D Doblada,13:20,,,,https://cartelera.ar/pelicula/spider-man-un-nuevo-dia
GBA Sur,Cinépolis,Cinépolis Avellaneda,"Av. Mitre 2702, Avellaneda",Spider-Man: Un nuevo día,2D Doblada,15:30,,,,https://cartelera.ar/pelicula/spider-man-un-nuevo-dia
GBA Sur,Cinépolis,Cinépolis Avellaneda,"Av. Mitre 2702, Avellaneda",Spider-Man: Un nuevo día,2D Doblada,16:30,,,,https://cartelera.ar/pelicula/spider-man-un-nuevo-dia
GBA Sur,Cinépolis,Cinépolis Avellaneda,"Av. Mitre 2702, Avellaneda",Spider-Man: Un nuevo día,2D Doblada,18:45,,,,https://cartelera.ar/pelicula/spider-man-un-nuevo-dia
GBA Sur,Cinépolis,Cinépolis Avellaneda,"Av. Mitre 2702, Avellaneda",Spider-Man: Un nuevo día,3D Doblada,19:00,,,,https://cartelera.ar/pelicula/spider-man-un-nuevo-dia
GBA Sur,Cinépolis,Cinépolis Avellaneda,"Av. Mitre 2702, Avellaneda",Spider-Man: Un nuevo día,3D Doblada,19:40,,,,https://cartelera.ar/pelicula/spider-man-un-nuevo-dia
GBA Sur,Cinépolis,Cinépolis Avellaneda,"Av. Mitre 2702, Avellaneda",Spider-Man: Un nuevo día,2D Doblada,22:00,,,,https://cartelera.ar/pelicula/spider-man-un-nuevo-dia
GBA Sur,Cinépolis,Cinépolis Avellaneda,"Av. Mitre 2702, Avellaneda",Spider-Man: Un nuevo día,2D Doblada,23:00,,,,https://cartelera.ar/pelicula/spider-man-un-nuevo-dia
GBA Sur,Cinépolis,Cinépolis Avellaneda,"Av. Mitre 2702, Avellaneda",Toy Story 5,2D Doblada,12:30,,,,https://cartelera.ar/pelicula/toy-story-5
GBA Sur,Cinépolis,Cinépolis Avellaneda,"Av. Mitre 2702, Avellaneda",Minions & monstruos,2D Doblada,13:00,,,,https://cartelera.ar/pelicula/minions-monstruos
GBA Sur,Cinépolis,Cinépolis Avellaneda,"Av. Mitre 2702, Avellaneda",Impacto mortal,2D Doblada,01:10,,,,https://cartelera.ar/pelicula/impacto-mortal
GBA Sur,Cinépolis,Cinépolis Avellaneda,"Av. Mitre 2702, Avellaneda",Impacto mortal,2D Doblada,18:10,,,,https://cartelera.ar/pelicula/impacto-mortal
GBA Sur,Cinépolis,Cinépolis Avellaneda,"Av. Mitre 2702, Avellaneda",Impacto mortal,2D Doblada,20:40,,,,https://cartelera.ar/pelicula/impacto-mortal
GBA Sur,Cinépolis,Cinépolis Avellaneda,"Av. Mitre 2702, Avellaneda",Impacto mortal,2D Doblada,23:10,,,,https://cartelera.ar/pelicula/impacto-mortal
GBA Sur,Cinépolis,Cinépolis Avellaneda,"Av. Mitre 2702, Avellaneda",El Final de la Calle Oak,2D Doblada,01:15,,,,https://cartelera.ar/pelicula/el-final-de-la-calle-oak
GBA Sur,Cinépolis,Cinépolis Avellaneda,"Av. Mitre 2702, Avellaneda",El Final de la Calle Oak,2D Doblada,21:00,,,,https://cartelera.ar/pelicula/el-final-de-la-calle-oak
GBA Sur,Cinépolis,Cinépolis Avellaneda,"Av. Mitre 2702, Avellaneda",El Final de la Calle Oak,2D Subtitulada,23:30,,,,https://cartelera.ar/pelicula/el-final-de-la-calle-oak
GBA Sur,Cinépolis,Cinépolis Avellaneda,"Av. Mitre 2702, Avellaneda",PAW Patrol: La Dino Película,2D Doblada,13:50,,,,https://cartelera.ar/pelicula/paw-patrol-la-dino-pelicula
GBA Sur,Cinépolis,Cinépolis Avellaneda,"Av. Mitre 2702, Avellaneda",PAW Patrol: La Dino Película,2D Doblada,16:00,,,,https://cartelera.ar/pelicula/paw-patrol-la-dino-pelicula
GBA Sur,Cinépolis,Cinépolis Avellaneda,"Av. Mitre 2702, Avellaneda",La Muerte De Robin Hood,2D Subtitulada,17:30,,,,https://cartelera.ar/pelicula/la-muerte-de-robin-hood
GBA Sur,Cinépolis,Cinépolis Avellaneda,"Av. Mitre 2702, Avellaneda",La noche del demonio: Están entre nosotros,2D Doblada,00:50,,,,https://cartelera.ar/pelicula/la-noche-del-demonio-estan-entre-nosotros
GBA Sur,Cinépolis,Cinépolis Avellaneda,"Av. Mitre 2702, Avellaneda",La noche del demonio: Están entre nosotros,2D Doblada,13:00,,,,https://cartelera.ar/pelicula/la-noche-del-demonio-estan-entre-nosotros
GBA Sur,Cinépolis,Cinépolis Avellaneda,"Av. Mitre 2702, Avellaneda",La noche del demonio: Están entre nosotros,2D Doblada,14:30,,,,https://cartelera.ar/pelicula/la-noche-del-demonio-estan-entre-nosotros
GBA Sur,Cinépolis,Cinépolis Avellaneda,"Av. Mitre 2702, Avellaneda",La noche del demonio: Están entre nosotros,2D Doblada,15:30,,,,https://cartelera.ar/pelicula/la-noche-del-demonio-estan-entre-nosotros
GBA Sur,Cinépolis,Cinépolis Avellaneda,"Av. Mitre 2702, Avellaneda",La noche del demonio: Están entre nosotros,2D Doblada,17:00,,,,https://cartelera.ar/pelicula/la-noche-del-demonio-estan-entre-nosotros
GBA Sur,Cinépolis,Cinépolis Avellaneda,"Av. Mitre 2702, Avellaneda",La noche del demonio: Están entre nosotros,2D Doblada,18:10,,,,https://cartelera.ar/pelicula/la-noche-del-demonio-estan-entre-nosotros
GBA Sur,Cinépolis,Cinépolis Avellaneda,"Av. Mitre 2702, Avellaneda",La noche del demonio: Están entre nosotros,2D Doblada,20:50,,,,https://cartelera.ar/pelicula/la-noche-del-demonio-estan-entre-nosotros
GBA Sur,Cinépolis,Cinépolis Avellaneda,"Av. Mitre 2702, Avellaneda",La noche del demonio: Están entre nosotros,2D Subtitulada,23:05,,,,https://cartelera.ar/pelicula/la-noche-del-demonio-estan-entre-nosotros
GBA Sur,Cinépolis,Cinépolis Avellaneda,"Av. Mitre 2702, Avellaneda",La noche del demonio: Están entre nosotros,2D Doblada,23:30,,,,https://cartelera.ar/pelicula/la-noche-del-demonio-estan-entre-nosotros
GBA Sur,Cinépolis,Cinépolis Avellaneda,"Av. Mitre 2702, Avellaneda",Solo por una noche,2D Doblada,15:00,,,,https://cartelera.ar/pelicula/solo-por-una-noche
GBA Sur,Cinépolis,Cinépolis Avellaneda,"Av. Mitre 2702, Avellaneda",Solo por una noche,2D Subtitulada,20:25,,,,https://cartelera.ar/pelicula/solo-por-una-noche
GBA Sur,Cinépolis,Cinépolis Avellaneda,"Av. Mitre 2702, Avellaneda",Solo por una noche,2D Doblada,22:50,,,,https://cartelera.ar/pelicula/solo-por-una-noche
GBA Sur,Cinépolis,Cinépolis Avellaneda,"Av. Mitre 2702, Avellaneda",Harry Potter y la piedra filosofal,2D Doblada,15:30,,,,https://cartelera.ar/pelicula/harry-potter-y-la-piedra-filosofal
GBA Sur,Cinépolis,Cinépolis Avellaneda,"Av. Mitre 2702, Avellaneda",Harry Potter y la piedra filosofal,2D Doblada,19:30,,,,https://cartelera.ar/pelicula/harry-potter-y-la-piedra-filosofal
GBA Sur,Cinépolis,Cinépolis Avellaneda,"Av. Mitre 2702, Avellaneda",Harry Potter y la piedra filosofal,2D Subtitulada,22:15,,,,https://cartelera.ar/pelicula/harry-potter-y-la-piedra-filosofal
GBA Sur,Cinépolis,Cinépolis Avellaneda,"Av. Mitre 2702, Avellaneda",Moana,2D Doblada,13:15,,,,https://cartelera.ar/pelicula/moana
GBA Sur,Cinépolis,Cinépolis Avellaneda,"Av. Mitre 2702, Avellaneda",Coyote vs. Acme,2D Doblada,01:00,,,,https://cartelera.ar/pelicula/coyote-vs-acme
GBA Sur,Cinépolis,Cinépolis Avellaneda,"Av. Mitre 2702, Avellaneda",Coyote vs. Acme,2D Doblada,12:30,,,,https://cartelera.ar/pelicula/coyote-vs-acme
GBA Sur,Cinépolis,Cinépolis Avellaneda,"Av. Mitre 2702, Avellaneda",Coyote vs. Acme,2D Doblada,13:30,,,,https://cartelera.ar/pelicula/coyote-vs-acme
GBA Sur,Cinépolis,Cinépolis Avellaneda,"Av. Mitre 2702, Avellaneda",Coyote vs. Acme,2D Doblada,15:00,,,,https://cartelera.ar/pelicula/coyote-vs-acme
GBA Sur,Cinépolis,Cinépolis Avellaneda,"Av. Mitre 2702, Avellaneda",Coyote vs. Acme,2D Doblada,16:00,,,,https://cartelera.ar/pelicula/coyote-vs-acme
GBA Sur,Cinépolis,Cinépolis Avellaneda,"Av. Mitre 2702, Avellaneda",Coyote vs. Acme,2D Doblada,17:30,,,,https://cartelera.ar/pelicula/coyote-vs-acme
GBA Sur,Cinépolis,Cinépolis Avellaneda,"Av. Mitre 2702, Avellaneda",Coyote vs. Acme,2D Doblada,18:30,,,,https://cartelera.ar/pelicula/coyote-vs-acme
GBA Sur,Cinépolis,Cinépolis Avellaneda,"Av. Mitre 2702, Avellaneda",Coyote vs. Acme,2D Subtitulada,20:05,,,,https://cartelera.ar/pelicula/coyote-vs-acme
GBA Sur,Cinépolis,Cinépolis Avellaneda,"Av. Mitre 2702, Avellaneda",Coyote vs. Acme,2D Doblada,22:30,,,,https://cartelera.ar/pelicula/coyote-vs-acme
GBA Sur,Cinépolis,Cinépolis Avellaneda,"Av. Mitre 2702, Avellaneda",Yo Narciso,2D Doblada,13:00,,,,
GBA Sur,Cinépolis,Cinépolis Avellaneda,"Av. Mitre 2702, Avellaneda",Yo Narciso,2D Doblada,15:20,,,,
GBA Sur,Cinépolis,Cinépolis Avellaneda,"Av. Mitre 2702, Avellaneda",Yo Narciso,2D Doblada,15:50,,,,
GBA Sur,Cinépolis,Cinépolis Avellaneda,"Av. Mitre 2702, Avellaneda",Yo Narciso,2D Doblada,17:45,,,,
GBA Sur,Cinépolis,Cinépolis Avellaneda,"Av. Mitre 2702, Avellaneda",Yo Narciso,2D Doblada,18:10,,,,
GBA Sur,Cinépolis,Cinépolis Avellaneda,"Av. Mitre 2702, Avellaneda",Yo Narciso,2D Doblada,20:10,,,,
GBA Sur,Cinépolis,Cinépolis Avellaneda,"Av. Mitre 2702, Avellaneda",Yo Narciso,2D Doblada,20:35,,,,
GBA Sur,Cinépolis,Cinépolis Avellaneda,"Av. Mitre 2702, Avellaneda",Yo Narciso,2D Doblada,22:30,,,,
GBA Sur,Cinépolis,Cinépolis Avellaneda,"Av. Mitre 2702, Avellaneda",Yo Narciso,2D Doblada,23:00,,,,
GBA Sur,Cinépolis,Cinépolis Avellaneda,"Av. Mitre 2702, Avellaneda",La guerra de los últimos,2D Doblada,01:10,,,,
GBA Sur,Cinépolis,Cinépolis Avellaneda,"Av. Mitre 2702, Avellaneda",La guerra de los últimos,2D Doblada,12:20,,,,
GBA Sur,Cinépolis,Cinépolis Avellaneda,"Av. Mitre 2702, Avellaneda",La guerra de los últimos,2D Doblada,15:00,,,,
GBA Sur,Cinépolis,Cinépolis Avellaneda,"Av. Mitre 2702, Avellaneda",La guerra de los últimos,2D Doblada,17:45,,,,
GBA Sur,Cinépolis,Cinépolis Avellaneda,"Av. Mitre 2702, Avellaneda",La guerra de los últimos,2D Subtitulada,20:30,,,,
GBA Sur,Cinépolis,Cinépolis Avellaneda,"Av. Mitre 2702, Avellaneda",La guerra de los últimos,2D Doblada,23:15,,,,
CABA,Cinemark Hoyts,Cinemark Palermo,"Beruti 3399, Palermo",COYOTE VS ACME,2D Doblada,12:20,,,,https://www.cinemark.com.ar/peliculas/coyote-vs-acme
CABA,Cinemark Hoyts,Cinemark Palermo,"Beruti 3399, Palermo",COYOTE VS ACME,2D Doblada,14:50,,,,https://www.cinemark.com.ar/peliculas/coyote-vs-acme
CABA,Cinemark Hoyts,Cinemark Palermo,"Beruti 3399, Palermo",COYOTE VS ACME,2D Doblada,17:20,,,,https://www.cinemark.com.ar/peliculas/coyote-vs-acme
CABA,Cinemark Hoyts,Cinemark Palermo,"Beruti 3399, Palermo",COYOTE VS ACME,2D Subtitulada,19:50,,,,https://www.cinemark.com.ar/peliculas/coyote-vs-acme
CABA,Cinemark Hoyts,Cinemark Palermo,"Beruti 3399, Palermo",El Final de la Calle Oak,2D Subtitulada,15:30,,,,https://www.cinemark.com.ar/peliculas/el-final-de-la-calle-oak
CABA,Cinemark Hoyts,Cinemark Palermo,"Beruti 3399, Palermo",HARRY POTTER 25° ANIVERSARIO,2D Subtitulada,16:30,,,,https://www.cinemark.com.ar/peliculas/harry-potter-y-la-piedra-filosofal-25-aniversario
CABA,Cinemark Hoyts,Cinemark Palermo,"Beruti 3399, Palermo",HARRY POTTER 25° ANIVERSARIO,2D Subtitulada,19:00,,,,https://www.cinemark.com.ar/peliculas/harry-potter-y-la-piedra-filosofal-25-aniversario
CABA,Cinemark Hoyts,Cinemark Palermo,"Beruti 3399, Palermo",Insidious: Fuera del más allá,2D Subtitulada,00:50,,,,https://www.cinemark.com.ar/peliculas/la-noche-del-demonio-estan-entre-nosotros
CABA,Cinemark Hoyts,Cinemark Palermo,"Beruti 3399, Palermo",Insidious: Fuera del más allá,2D Subtitulada,12:10,,,,https://www.cinemark.com.ar/peliculas/la-noche-del-demonio-estan-entre-nosotros
CABA,Cinemark Hoyts,Cinemark Palermo,"Beruti 3399, Palermo",Insidious: Fuera del más allá,2D Subtitulada,14:40,,,,https://www.cinemark.com.ar/peliculas/la-noche-del-demonio-estan-entre-nosotros
CABA,Cinemark Hoyts,Cinemark Palermo,"Beruti 3399, Palermo",Insidious: Fuera del más allá,2D Subtitulada,17:10,,,,https://www.cinemark.com.ar/peliculas/la-noche-del-demonio-estan-entre-nosotros
CABA,Cinemark Hoyts,Cinemark Palermo,"Beruti 3399, Palermo",Insidious: Fuera del más allá,2D Subtitulada,19:40,,,,https://www.cinemark.com.ar/peliculas/la-noche-del-demonio-estan-entre-nosotros
CABA,Cinemark Hoyts,Cinemark Palermo,"Beruti 3399, Palermo",Insidious: Fuera del más allá,2D Subtitulada,22:10,,,,https://www.cinemark.com.ar/peliculas/la-noche-del-demonio-estan-entre-nosotros
CABA,Cinemark Hoyts,Cinemark Palermo,"Beruti 3399, Palermo",LA GUERRA DE LOS ÚLTIMOS,2D Subtitulada,00:45,,,,https://www.cinemark.com.ar/peliculas/la-guerra-de-los-ultimos
CABA,Cinemark Hoyts,Cinemark Palermo,"Beruti 3399, Palermo",LA GUERRA DE LOS ÚLTIMOS,2D Subtitulada,13:50,,,,https://www.cinemark.com.ar/peliculas/la-guerra-de-los-ultimos
CABA,Cinemark Hoyts,Cinemark Palermo,"Beruti 3399, Palermo",LA GUERRA DE LOS ÚLTIMOS,2D Subtitulada,16:40,,,,https://www.cinemark.com.ar/peliculas/la-guerra-de-los-ultimos
CABA,Cinemark Hoyts,Cinemark Palermo,"Beruti 3399, Palermo",LA GUERRA DE LOS ÚLTIMOS,2D Subtitulada,19:30,,,,https://www.cinemark.com.ar/peliculas/la-guerra-de-los-ultimos
CABA,Cinemark Hoyts,Cinemark Palermo,"Beruti 3399, Palermo",LA GUERRA DE LOS ÚLTIMOS,2D Subtitulada,22:20,,,,https://www.cinemark.com.ar/peliculas/la-guerra-de-los-ultimos
CABA,Cinemark Hoyts,Cinemark Palermo,"Beruti 3399, Palermo",La invitación,2D Subtitulada,22:10,,,,https://www.cinemark.com.ar/peliculas/la-invitacion
CABA,Cinemark Hoyts,Cinemark Palermo,"Beruti 3399, Palermo",La Odisea,2D Subtitulada,14:10,,,,https://www.cinemark.com.ar/peliculas/la-odisea
CABA,Cinemark Hoyts,Cinemark Palermo,"Beruti 3399, Palermo",La Odisea,2D Subtitulada,17:50,,,,https://www.cinemark.com.ar/peliculas/la-odisea
CABA,Cinemark Hoyts,Cinemark Palermo,"Beruti 3399, Palermo",La Odisea,2D Subtitulada,21:30,,,,https://www.cinemark.com.ar/peliculas/la-odisea
CABA,Cinemark Hoyts,Cinemark Palermo,"Beruti 3399, Palermo",La Odisea,2D Subtitulada,22:30,,,,https://www.cinemark.com.ar/peliculas/la-odisea
CABA,Cinemark Hoyts,Cinemark Palermo,"Beruti 3399, Palermo",PAW Patrol: La Dino Película,2D Doblada,13:10,,,,https://www.cinemark.com.ar/peliculas/paw-patrol-la-dino-pelicula
CABA,Cinemark Hoyts,Cinemark Palermo,"Beruti 3399, Palermo",SÓLO POR UNA NOCHE,2D Subtitulada,01:00,,,,https://www.cinemark.com.ar/peliculas/solo-por-una-noche
CABA,Cinemark Hoyts,Cinemark Palermo,"Beruti 3399, Palermo",SÓLO POR UNA NOCHE,2D Subtitulada,18:00,,,,https://www.cinemark.com.ar/peliculas/solo-por-una-noche
CABA,Cinemark Hoyts,Cinemark Palermo,"Beruti 3399, Palermo",SÓLO POR UNA NOCHE,2D Subtitulada,20:30,,,,https://www.cinemark.com.ar/peliculas/solo-por-una-noche
CABA,Cinemark Hoyts,Cinemark Palermo,"Beruti 3399, Palermo",SÓLO POR UNA NOCHE,2D Subtitulada,23:00,,,,https://www.cinemark.com.ar/peliculas/solo-por-una-noche
CABA,Cinemark Hoyts,Cinemark Palermo,"Beruti 3399, Palermo",Spider-Man: Un nuevo día,2D Subtitulada,00:25,,,,https://www.cinemark.com.ar/peliculas/spider-man-un-nuevo-dia
CABA,Cinemark Hoyts,Cinemark Palermo,"Beruti 3399, Palermo",Spider-Man: Un nuevo día,2D Subtitulada,12:20,,,,https://www.cinemark.com.ar/peliculas/spider-man-un-nuevo-dia
CABA,Cinemark Hoyts,Cinemark Palermo,"Beruti 3399, Palermo",Spider-Man: Un nuevo día,2D Subtitulada,15:00,,,,https://www.cinemark.com.ar/peliculas/spider-man-un-nuevo-dia
CABA,Cinemark Hoyts,Cinemark Palermo,"Beruti 3399, Palermo",Spider-Man: Un nuevo día,2D Subtitulada,15:40,,,,https://www.cinemark.com.ar/peliculas/spider-man-un-nuevo-dia
CABA,Cinemark Hoyts,Cinemark Palermo,"Beruti 3399, Palermo",Spider-Man: Un nuevo día,2D Subtitulada,18:20,,,,https://www.cinemark.com.ar/peliculas/spider-man-un-nuevo-dia
CABA,Cinemark Hoyts,Cinemark Palermo,"Beruti 3399, Palermo",Spider-Man: Un nuevo día,2D Subtitulada,18:50,,,,https://www.cinemark.com.ar/peliculas/spider-man-un-nuevo-dia
CABA,Cinemark Hoyts,Cinemark Palermo,"Beruti 3399, Palermo",Spider-Man: Un nuevo día,2D Subtitulada,21:40,,,,https://www.cinemark.com.ar/peliculas/spider-man-un-nuevo-dia
CABA,Cinemark Hoyts,Cinemark Palermo,"Beruti 3399, Palermo",Spider-Man: Un nuevo día,2D Subtitulada,22:40,,,,https://www.cinemark.com.ar/peliculas/spider-man-un-nuevo-dia
CABA,Cinemark Hoyts,Cinemark Palermo,"Beruti 3399, Palermo",Yo Narciso,2D Doblada,00:55,,,,https://www.cinemark.com.ar/peliculas/yo-narciso
CABA,Cinemark Hoyts,Cinemark Palermo,"Beruti 3399, Palermo",Yo Narciso,2D Doblada,12:10,,,,https://www.cinemark.com.ar/peliculas/yo-narciso
CABA,Cinemark Hoyts,Cinemark Palermo,"Beruti 3399, Palermo",Yo Narciso,2D Doblada,14:10,,,,https://www.cinemark.com.ar/peliculas/yo-narciso
CABA,Cinemark Hoyts,Cinemark Palermo,"Beruti 3399, Palermo",Yo Narciso,2D Doblada,14:30,,,,https://www.cinemark.com.ar/peliculas/yo-narciso
CABA,Cinemark Hoyts,Cinemark Palermo,"Beruti 3399, Palermo",Yo Narciso,2D Doblada,16:30,,,,https://www.cinemark.com.ar/peliculas/yo-narciso
CABA,Cinemark Hoyts,Cinemark Palermo,"Beruti 3399, Palermo",Yo Narciso,2D Doblada,17:00,,,,https://www.cinemark.com.ar/peliculas/yo-narciso
CABA,Cinemark Hoyts,Cinemark Palermo,"Beruti 3399, Palermo",Yo Narciso,2D Doblada,19:30,,,,https://www.cinemark.com.ar/peliculas/yo-narciso
CABA,Cinemark Hoyts,Cinemark Palermo,"Beruti 3399, Palermo",Yo Narciso,2D Doblada,20:00,,,,https://www.cinemark.com.ar/peliculas/yo-narciso
CABA,Cinemark Hoyts,Cinemark Palermo,"Beruti 3399, Palermo",Yo Narciso,2D Doblada,22:00,,,,https://www.cinemark.com.ar/peliculas/yo-narciso
CABA,Cinemark Hoyts,Cinemark Palermo,"Beruti 3399, Palermo",Yo Narciso,2D Doblada,22:30,,,,https://www.cinemark.com.ar/peliculas/yo-narciso
GBA Norte,Multiplex,Multiplex Pilar,"Las Magnolias 754, Palmas del Pilar",Coyote vs. Acme,2D Doblada,12:40,,,,https://multiplex.com.ar/peliculas/coyote-vs-acme/
GBA Norte,Multiplex,Multiplex Pilar,"Las Magnolias 754, Palmas del Pilar",Coyote vs. Acme,2D Doblada,14:50,,,,https://multiplex.com.ar/peliculas/coyote-vs-acme/
GBA Norte,Multiplex,Multiplex Pilar,"Las Magnolias 754, Palmas del Pilar",Coyote vs. Acme,2D Doblada,17:00,,,,https://multiplex.com.ar/peliculas/coyote-vs-acme/
GBA Norte,Multiplex,Multiplex Pilar,"Las Magnolias 754, Palmas del Pilar",Coyote vs. Acme,2D Doblada,19:10,,,,https://multiplex.com.ar/peliculas/coyote-vs-acme/
GBA Norte,Multiplex,Multiplex Pilar,"Las Magnolias 754, Palmas del Pilar",El Final de la Calle Oak,2D Doblada,12:20,,,,https://multiplex.com.ar/peliculas/el-final-de-la-calle-oak/
GBA Norte,Multiplex,Multiplex Pilar,"Las Magnolias 754, Palmas del Pilar",El Final de la Calle Oak,2D Doblada,16:10,,,,https://multiplex.com.ar/peliculas/el-final-de-la-calle-oak/
GBA Norte,Multiplex,Multiplex Pilar,"Las Magnolias 754, Palmas del Pilar",Harry Potter y la piedra filosofal,2D Doblada,18:00,,,,https://multiplex.com.ar/peliculas/harry-potter-y-la-piedra-filosofal/
GBA Norte,Multiplex,Multiplex Pilar,"Las Magnolias 754, Palmas del Pilar",Harry Potter y la piedra filosofal,2D Subtitulada,20:00,,,,https://multiplex.com.ar/peliculas/harry-potter-y-la-piedra-filosofal/
GBA Norte,Multiplex,Multiplex Pilar,"Las Magnolias 754, Palmas del Pilar",Impacto mortal,2D Doblada,23:10,,,,https://multiplex.com.ar/peliculas/impacto-mortal/
GBA Norte,Multiplex,Multiplex Pilar,"Las Magnolias 754, Palmas del Pilar",La constelación del perro,2D Doblada,18:10,,,,https://cartelera.ar/pelicula/la-constelacion-del-perro
GBA Norte,Multiplex,Multiplex Pilar,"Las Magnolias 754, Palmas del Pilar",La constelación del perro,2D Subtitulada,20:30,,,,https://cartelera.ar/pelicula/la-constelacion-del-perro
GBA Norte,Multiplex,Multiplex Pilar,"Las Magnolias 754, Palmas del Pilar",La constelación del perro,2D Doblada,22:50,,,,https://cartelera.ar/pelicula/la-constelacion-del-perro
GBA Norte,Multiplex,Multiplex Pilar,"Las Magnolias 754, Palmas del Pilar",La Guerra De Los Ultimos,2D Subtitulada,20:30,,,,https://multiplex.com.ar/peliculas/la-guerra-de-los-ultimos/
GBA Norte,Multiplex,Multiplex Pilar,"Las Magnolias 754, Palmas del Pilar",La Guerra De Los Ultimos,2D Doblada,18:10,,,,https://multiplex.com.ar/peliculas/la-guerra-de-los-ultimos/
GBA Norte,Multiplex,Multiplex Pilar,"Las Magnolias 754, Palmas del Pilar",La Guerra De Los Ultimos,2D Doblada,22:50,,,,https://multiplex.com.ar/peliculas/la-guerra-de-los-ultimos/
GBA Norte,Multiplex,Multiplex Pilar,"Las Magnolias 754, Palmas del Pilar",La invitación,2D Subtitulada,23:10,,,,https://multiplex.com.ar/peliculas/la-invitacion/
GBA Norte,Multiplex,Multiplex Pilar,"Las Magnolias 754, Palmas del Pilar",La noche del demonio: Están entre nosotros,2D Doblada,12:10,,,,https://multiplex.com.ar/peliculas/la-noche-del-demonio-estan-entre-nosotros/
GBA Norte,Multiplex,Multiplex Pilar,"Las Magnolias 754, Palmas del Pilar",La noche del demonio: Están entre nosotros,2D Doblada,17:40,,,,https://multiplex.com.ar/peliculas/la-noche-del-demonio-estan-entre-nosotros/
GBA Norte,Multiplex,Multiplex Pilar,"Las Magnolias 754, Palmas del Pilar",La noche del demonio: Están entre nosotros,XTREMO 2D Doblada,20:40,,,,https://multiplex.com.ar/peliculas/la-noche-del-demonio-estan-entre-nosotros/
GBA Norte,Multiplex,Multiplex Pilar,"Las Magnolias 754, Palmas del Pilar",La noche del demonio: Están entre nosotros,XTREMO 2D Doblada,23:00,,,,https://multiplex.com.ar/peliculas/la-noche-del-demonio-estan-entre-nosotros/
GBA Norte,Multiplex,Multiplex Pilar,"Las Magnolias 754, Palmas del Pilar",La Odisea,2D Subtitulada,14:20,,,,https://multiplex.com.ar/peliculas/la-odisea/
GBA Norte,Multiplex,Multiplex Pilar,"Las Magnolias 754, Palmas del Pilar",La Odisea,PLATINUM 2D Subtitulada,18:40,,,,https://multiplex.com.ar/peliculas/la-odisea/
GBA Norte,Multiplex,Multiplex Pilar,"Las Magnolias 754, Palmas del Pilar",La Odisea,2D Subtitulada,21:20,,,,https://multiplex.com.ar/peliculas/la-odisea/
GBA Norte,Multiplex,Multiplex Pilar,"Las Magnolias 754, Palmas del Pilar",La Odisea,PLATINUM 2D Subtitulada,22:10,,,,https://multiplex.com.ar/peliculas/la-odisea/
GBA Norte,Multiplex,Multiplex Pilar,"Las Magnolias 754, Palmas del Pilar",Minions & monstruos,2D Doblada,14:10,,,,https://multiplex.com.ar/peliculas/minions-monstruos/
GBA Norte,Multiplex,Multiplex Pilar,"Las Magnolias 754, Palmas del Pilar",PAW Patrol: La Dino Película,2D Doblada,12:20,,,,https://multiplex.com.ar/peliculas/paw-patrol-la-dino-pelicula/
GBA Norte,Multiplex,Multiplex Pilar,"Las Magnolias 754, Palmas del Pilar",PAW Patrol: La Dino Película,2D Doblada,14:20,,,,https://multiplex.com.ar/peliculas/paw-patrol-la-dino-pelicula/
GBA Norte,Multiplex,Multiplex Pilar,"Las Magnolias 754, Palmas del Pilar",Solo por una noche,2D Subtitulada,16:00,,,,https://multiplex.com.ar/peliculas/solo-por-una-noche/
GBA Norte,Multiplex,Multiplex Pilar,"Las Magnolias 754, Palmas del Pilar",Solo por una noche,2D Doblada,21:10,,,,https://multiplex.com.ar/peliculas/solo-por-una-noche/
GBA Norte,Multiplex,Multiplex Pilar,"Las Magnolias 754, Palmas del Pilar",Spider-Man: Un nuevo día,XTREMO 2D Doblada,12:10,,,,https://multiplex.com.ar/peliculas/spider-man-un-dia-nuevo/
GBA Norte,Multiplex,Multiplex Pilar,"Las Magnolias 754, Palmas del Pilar",Spider-Man: Un nuevo día,PLATINUM 2D Subtitulada,13:00,,,,https://multiplex.com.ar/peliculas/spider-man-un-dia-nuevo/
GBA Norte,Multiplex,Multiplex Pilar,"Las Magnolias 754, Palmas del Pilar",Spider-Man: Un nuevo día,4D (3D) Doblada,13:30,,,,https://multiplex.com.ar/peliculas/spider-man-un-dia-nuevo/
GBA Norte,Multiplex,Multiplex Pilar,"Las Magnolias 754, Palmas del Pilar",Spider-Man: Un nuevo día,XTREMO 2D Doblada,15:00,,,,https://multiplex.com.ar/peliculas/spider-man-un-dia-nuevo/
GBA Norte,Multiplex,Multiplex Pilar,"Las Magnolias 754, Palmas del Pilar",Spider-Man: Un nuevo día,PLATINUM 2D Subtitulada,15:50,,,,https://multiplex.com.ar/peliculas/spider-man-un-dia-nuevo/
GBA Norte,Multiplex,Multiplex Pilar,"Las Magnolias 754, Palmas del Pilar",Spider-Man: Un nuevo día,4D (3D) Doblada,16:20,,,,https://multiplex.com.ar/peliculas/spider-man-un-dia-nuevo/
GBA Norte,Multiplex,Multiplex Pilar,"Las Magnolias 754, Palmas del Pilar",Spider-Man: Un nuevo día,2D Doblada,17:10,,,,https://multiplex.com.ar/peliculas/spider-man-un-dia-nuevo/
GBA Norte,Multiplex,Multiplex Pilar,"Las Magnolias 754, Palmas del Pilar",Spider-Man: Un nuevo día,XTREMO 2D Doblada,17:50,,,,https://multiplex.com.ar/peliculas/spider-man-un-dia-nuevo/
GBA Norte,Multiplex,Multiplex Pilar,"Las Magnolias 754, Palmas del Pilar",Spider-Man: Un nuevo día,4D (3D) Doblada,19:10,,,,https://multiplex.com.ar/peliculas/spider-man-un-dia-nuevo/
GBA Norte,Multiplex,Multiplex Pilar,"Las Magnolias 754, Palmas del Pilar",Spider-Man: Un nuevo día,2D Doblada,19:50,,,,https://multiplex.com.ar/peliculas/spider-man-un-dia-nuevo/
GBA Norte,Multiplex,Multiplex Pilar,"Las Magnolias 754, Palmas del Pilar",Spider-Man: Un nuevo día,4D (3D) Doblada,22:00,,,,https://multiplex.com.ar/peliculas/spider-man-un-dia-nuevo/
GBA Norte,Multiplex,Multiplex Pilar,"Las Magnolias 754, Palmas del Pilar",Spider-Man: Un nuevo día,2D Doblada,22:40,,,,https://multiplex.com.ar/peliculas/spider-man-un-dia-nuevo/
GBA Norte,Multiplex,Multiplex Pilar,"Las Magnolias 754, Palmas del Pilar",Toy Story 5,2D Doblada,12:50,,,,https://multiplex.com.ar/peliculas/toy-story-5/
GBA Norte,Multiplex,Multiplex Pilar,"Las Magnolias 754, Palmas del Pilar",Toy Story 5,2D Doblada,15:00,,,,https://multiplex.com.ar/peliculas/toy-story-5/
GBA Norte,Multiplex,Multiplex Pilar,"Las Magnolias 754, Palmas del Pilar",Yo Narciso,2D Doblada,12:30,,,,https://multiplex.com.ar/peliculas/yo-narciso/
GBA Norte,Multiplex,Multiplex Pilar,"Las Magnolias 754, Palmas del Pilar",Yo Narciso,2D Doblada,14:30,,,,https://multiplex.com.ar/peliculas/yo-narciso/
GBA Norte,Multiplex,Multiplex Pilar,"Las Magnolias 754, Palmas del Pilar",Yo Narciso,2D Doblada,16:30,,,,https://multiplex.com.ar/peliculas/yo-narciso/
GBA Norte,Multiplex,Multiplex Pilar,"Las Magnolias 754, Palmas del Pilar",Yo Narciso,2D Doblada,18:30,,,,https://multiplex.com.ar/peliculas/yo-narciso/
GBA Norte,Multiplex,Multiplex Pilar,"Las Magnolias 754, Palmas del Pilar",Yo Narciso,2D Doblada,20:30,,,,https://multiplex.com.ar/peliculas/yo-narciso/
GBA Norte,Multiplex,Multiplex Pilar,"Las Magnolias 754, Palmas del Pilar",Yo Narciso,2D Doblada,22:30,,,,https://multiplex.com.ar/peliculas/yo-narciso/
GBA Sur,Multiplex,Multiplex Canning,"Formosa 653, Canning (Shopping Las Toscas)",Coyote vs. Acme,2D Doblada,13:30,,,,https://multiplex.com.ar/peliculas/coyote-vs-acme/
GBA Sur,Multiplex,Multiplex Canning,"Formosa 653, Canning (Shopping Las Toscas)",Coyote vs. Acme,2D Doblada,15:50,,,,https://multiplex.com.ar/peliculas/coyote-vs-acme/
GBA Sur,Multiplex,Multiplex Canning,"Formosa 653, Canning (Shopping Las Toscas)",Coyote vs. Acme,2D Doblada,18:00,,,,https://multiplex.com.ar/peliculas/coyote-vs-acme/
GBA Sur,Multiplex,Multiplex Canning,"Formosa 653, Canning (Shopping Las Toscas)",Harry Potter y la piedra filosofal,2D Doblada,15:00,,,,https://multiplex.com.ar/peliculas/harry-potter-y-la-piedra-filosofal/
GBA Sur,Multiplex,Multiplex Canning,"Formosa 653, Canning (Shopping Las Toscas)",Harry Potter y la piedra filosofal,2D Doblada,17:20,,,,https://multiplex.com.ar/peliculas/harry-potter-y-la-piedra-filosofal/
GBA Sur,Multiplex,Multiplex Canning,"Formosa 653, Canning (Shopping Las Toscas)",La constelación del perro,2D Doblada,20:20,,,,https://cartelera.ar/pelicula/la-constelacion-del-perro
GBA Sur,Multiplex,Multiplex Canning,"Formosa 653, Canning (Shopping Las Toscas)",La constelación del perro,2D Subtitulada,22:50,,,,https://cartelera.ar/pelicula/la-constelacion-del-perro
GBA Sur,Multiplex,Multiplex Canning,"Formosa 653, Canning (Shopping Las Toscas)",La Guerra De Los Ultimos,2D Subtitulada,22:50,,,,https://multiplex.com.ar/peliculas/la-guerra-de-los-ultimos/
GBA Sur,Multiplex,Multiplex Canning,"Formosa 653, Canning (Shopping Las Toscas)",La Guerra De Los Ultimos,2D Doblada,20:20,,,,https://multiplex.com.ar/peliculas/la-guerra-de-los-ultimos/
GBA Sur,Multiplex,Multiplex Canning,"Formosa 653, Canning (Shopping Las Toscas)",La noche del demonio: Están entre nosotros,2D Doblada,20:40,,,,https://multiplex.com.ar/peliculas/la-noche-del-demonio-estan-entre-nosotros/
GBA Sur,Multiplex,Multiplex Canning,"Formosa 653, Canning (Shopping Las Toscas)",La noche del demonio: Están entre nosotros,2D Doblada,22:50,,,,https://multiplex.com.ar/peliculas/la-noche-del-demonio-estan-entre-nosotros/
GBA Sur,Multiplex,Multiplex Canning,"Formosa 653, Canning (Shopping Las Toscas)",La Odisea,2D Doblada,19:30,,,,https://multiplex.com.ar/peliculas/la-odisea/
GBA Sur,Multiplex,Multiplex Canning,"Formosa 653, Canning (Shopping Las Toscas)",La Odisea,4D (2D) Doblada,22:00,,,,https://multiplex.com.ar/peliculas/la-odisea/
GBA Sur,Multiplex,Multiplex Canning,"Formosa 653, Canning (Shopping Las Toscas)",Minions & monstruos,2D Doblada,13:20,,,,https://multiplex.com.ar/peliculas/minions-monstruos/
GBA Sur,Multiplex,Multiplex Canning,"Formosa 653, Canning (Shopping Las Toscas)",Obsesión,2D Doblada,22:55,,,,https://multiplex.com.ar/peliculas/obsesion/
GBA Sur,Multiplex,Multiplex Canning,"Formosa 653, Canning (Shopping Las Toscas)",PAW Patrol: La Dino Película,2D Doblada,13:10,,,,https://multiplex.com.ar/peliculas/paw-patrol-la-dino-pelicula/
GBA Sur,Multiplex,Multiplex Canning,"Formosa 653, Canning (Shopping Las Toscas)",Solo por una noche,2D Doblada,13:10,,,,https://multiplex.com.ar/peliculas/solo-por-una-noche/
GBA Sur,Multiplex,Multiplex Canning,"Formosa 653, Canning (Shopping Las Toscas)",Solo por una noche,2D Doblada,18:10,,,,https://multiplex.com.ar/peliculas/solo-por-una-noche/
GBA Sur,Multiplex,Multiplex Canning,"Formosa 653, Canning (Shopping Las Toscas)",Spider-Man: Un nuevo día,2D Doblada,12:15,,,,https://multiplex.com.ar/peliculas/spider-man-un-dia-nuevo/
GBA Sur,Multiplex,Multiplex Canning,"Formosa 653, Canning (Shopping Las Toscas)",Spider-Man: Un nuevo día,4D (3D) Doblada,14:00,,,,https://multiplex.com.ar/peliculas/spider-man-un-dia-nuevo/
GBA Sur,Multiplex,Multiplex Canning,"Formosa 653, Canning (Shopping Las Toscas)",Spider-Man: Un nuevo día,2D Doblada,15:00,,,,https://multiplex.com.ar/peliculas/spider-man-un-dia-nuevo/
GBA Sur,Multiplex,Multiplex Canning,"Formosa 653, Canning (Shopping Las Toscas)",Spider-Man: Un nuevo día,4D (3D) Doblada,16:40,,,,https://multiplex.com.ar/peliculas/spider-man-un-dia-nuevo/
GBA Sur,Multiplex,Multiplex Canning,"Formosa 653, Canning (Shopping Las Toscas)",Spider-Man: Un nuevo día,2D Doblada,17:50,,,,https://multiplex.com.ar/peliculas/spider-man-un-dia-nuevo/
GBA Sur,Multiplex,Multiplex Canning,"Formosa 653, Canning (Shopping Las Toscas)",Spider-Man: Un nuevo día,4D (3D) Doblada,19:20,,,,https://multiplex.com.ar/peliculas/spider-man-un-dia-nuevo/
GBA Sur,Multiplex,Multiplex Canning,"Formosa 653, Canning (Shopping Las Toscas)",Spider-Man: Un nuevo día,2D Doblada,20:10,,,,https://multiplex.com.ar/peliculas/spider-man-un-dia-nuevo/
GBA Sur,Multiplex,Multiplex Canning,"Formosa 653, Canning (Shopping Las Toscas)",Spider-Man: Un nuevo día,2D Doblada,22:45,,,,https://multiplex.com.ar/peliculas/spider-man-un-dia-nuevo/
GBA Sur,Multiplex,Multiplex Canning,"Formosa 653, Canning (Shopping Las Toscas)",Toy Story 5,2D Doblada,15:10,,,,https://multiplex.com.ar/peliculas/toy-story-5/
GBA Sur,Multiplex,Multiplex Canning,"Formosa 653, Canning (Shopping Las Toscas)",Toy Story 5,2D Doblada,17:20,,,,https://multiplex.com.ar/peliculas/toy-story-5/
GBA Sur,Multiplex,Multiplex Canning,"Formosa 653, Canning (Shopping Las Toscas)",Yo Narciso,2D Doblada,15:20,,,,https://multiplex.com.ar/peliculas/yo-narciso/
GBA Sur,Multiplex,Multiplex Canning,"Formosa 653, Canning (Shopping Las Toscas)",Yo Narciso,2D Doblada,20:40,,,,https://multiplex.com.ar/peliculas/yo-narciso/
GBA Sur,Multiplex,Multiplex Canning,"Formosa 653, Canning (Shopping Las Toscas)",Yo Narciso,2D Doblada,22:40,,,,https://multiplex.com.ar/peliculas/yo-narciso/
GBA Norte,Showcase,IMAX Showcase Norte,"Av. Ricardo Balbín 2550, Shopping Norcenter",La Odisea,IMAX Subtitulada,12:40,,,,https://cartelera.ar/pelicula/la-odisea
GBA Norte,Showcase,IMAX Showcase Norte,"Av. Ricardo Balbín 2550, Shopping Norcenter",La Odisea,IMAX Subtitulada,16:15,,,,https://cartelera.ar/pelicula/la-odisea
GBA Norte,Showcase,IMAX Showcase Norte,"Av. Ricardo Balbín 2550, Shopping Norcenter",La Odisea,IMAX Subtitulada,22:30,,,,https://cartelera.ar/pelicula/la-odisea
GBA Norte,Showcase,IMAX Showcase Norte,"Av. Ricardo Balbín 2550, Shopping Norcenter",La constelación del perro,IMAX Subtitulada,19:50,,,,https://cartelera.ar/pelicula/la-constelacion-del-perro
CABA,Multiplex,Multiplex Belgrano,"Vuelta de Obligado 2199, Belgrano",Coyote vs. Acme,2D Doblada,16:30,,,,https://multiplex.com.ar/peliculas/coyote-vs-acme/
CABA,Multiplex,Multiplex Belgrano,"Vuelta de Obligado 2199, Belgrano",Coyote vs. Acme,2D Subtitulada,18:35,,,,https://multiplex.com.ar/peliculas/coyote-vs-acme/
CABA,Multiplex,Multiplex Belgrano,"Vuelta de Obligado 2199, Belgrano",Coyote vs. Acme,2D Subtitulada,20:40,,,,https://multiplex.com.ar/peliculas/coyote-vs-acme/
CABA,Multiplex,Multiplex Belgrano,"Vuelta de Obligado 2199, Belgrano",Coyote vs. Acme,2D Subtitulada,22:45,,,,https://multiplex.com.ar/peliculas/coyote-vs-acme/
CABA,Multiplex,Multiplex Belgrano,"Vuelta de Obligado 2199, Belgrano",El Final de la Calle Oak,COMFORT PLUS 2D Subtitulada,13:35,,,,https://multiplex.com.ar/peliculas/el-final-de-la-calle-oak/
CABA,Multiplex,Multiplex Belgrano,"Vuelta de Obligado 2199, Belgrano",El Gran Falsificador,2D Subtitulada,15:45,,,,https://multiplex.com.ar/peliculas/el-gran-falsificador/
CABA,Multiplex,Multiplex Belgrano,"Vuelta de Obligado 2199, Belgrano",Harry Potter y la piedra filosofal,4D + 2D Subtitulada,16:20,,,,https://multiplex.com.ar/peliculas/harry-potter-y-la-piedra-filosofal/
CABA,Multiplex,Multiplex Belgrano,"Vuelta de Obligado 2199, Belgrano",Harry Potter y la piedra filosofal,COMFORT PLUS 2D Subtitulada,19:50,,,,https://multiplex.com.ar/peliculas/harry-potter-y-la-piedra-filosofal/
CABA,Multiplex,Multiplex Belgrano,"Vuelta de Obligado 2199, Belgrano",La constelación del perro,2D Subtitulada,18:10,,,,https://cartelera.ar/pelicula/la-constelacion-del-perro
CABA,Multiplex,Multiplex Belgrano,"Vuelta de Obligado 2199, Belgrano",La constelación del perro,2D Subtitulada,20:25,,,,https://cartelera.ar/pelicula/la-constelacion-del-perro
CABA,Multiplex,Multiplex Belgrano,"Vuelta de Obligado 2199, Belgrano",La constelación del perro,2D Subtitulada,22:40,,,,https://cartelera.ar/pelicula/la-constelacion-del-perro
CABA,Multiplex,Multiplex Belgrano,"Vuelta de Obligado 2199, Belgrano",La Guerra De Los Ultimos,2D Subtitulada,18:10,,,,https://multiplex.com.ar/peliculas/la-guerra-de-los-ultimos/
CABA,Multiplex,Multiplex Belgrano,"Vuelta de Obligado 2199, Belgrano",La Guerra De Los Ultimos,2D Subtitulada,22:40,,,,https://multiplex.com.ar/peliculas/la-guerra-de-los-ultimos/
CABA,Multiplex,Multiplex Belgrano,"Vuelta de Obligado 2199, Belgrano",La Guerra De Los Ultimos,2D Subtitulada,20:25,,,,https://multiplex.com.ar/peliculas/la-guerra-de-los-ultimos/
CABA,Multiplex,Multiplex Belgrano,"Vuelta de Obligado 2199, Belgrano",La invitación,COMFORT PLUS 2D Subtitulada,16:05,,,,https://multiplex.com.ar/peliculas/la-invitacion/
CABA,Multiplex,Multiplex Belgrano,"Vuelta de Obligado 2199, Belgrano",La invitación,COMFORT PLUS 2D Subtitulada,18:10,,,,https://multiplex.com.ar/peliculas/la-invitacion/
CABA,Multiplex,Multiplex Belgrano,"Vuelta de Obligado 2199, Belgrano",La invitación,COMFORT PLUS 2D Subtitulada,22:10,,,,https://multiplex.com.ar/peliculas/la-invitacion/
CABA,Multiplex,Multiplex Belgrano,"Vuelta de Obligado 2199, Belgrano",La noche del demonio: Están entre nosotros,COMFORT PLUS 2D Subtitulada,22:50,,,,https://multiplex.com.ar/peliculas/la-noche-del-demonio-estan-entre-nosotros/
CABA,Multiplex,Multiplex Belgrano,"Vuelta de Obligado 2199, Belgrano",La Odisea,COMFORT PLUS 2D Subtitulada,14:20,,,,https://multiplex.com.ar/peliculas/la-odisea/
CABA,Multiplex,Multiplex Belgrano,"Vuelta de Obligado 2199, Belgrano",La Odisea,2D + COMFORT PLUS Subtitulada,16:05,,,,https://multiplex.com.ar/peliculas/la-odisea/
CABA,Multiplex,Multiplex Belgrano,"Vuelta de Obligado 2199, Belgrano",La Odisea,COMFORT PLUS 2D Subtitulada,17:30,,,,https://multiplex.com.ar/peliculas/la-odisea/
CABA,Multiplex,Multiplex Belgrano,"Vuelta de Obligado 2199, Belgrano",La Odisea,4D + 2D Subtitulada,22:00,,,,https://multiplex.com.ar/peliculas/la-odisea/
CABA,Multiplex,Multiplex Belgrano,"Vuelta de Obligado 2199, Belgrano",La Odisea,COMFORT PLUS 2D Subtitulada,22:00,,,,https://multiplex.com.ar/peliculas/la-odisea/
CABA,Multiplex,Multiplex Belgrano,"Vuelta de Obligado 2199, Belgrano",Los Colores Del Tiempo,COMFORT PLUS 2D Subtitulada,14:45,,,,https://multiplex.com.ar/peliculas/los-colores-del-tiempo/
CABA,Multiplex,Multiplex Belgrano,"Vuelta de Obligado 2199, Belgrano",Los Colores Del Tiempo,COMFORT PLUS 2D Subtitulada,17:40,,,,https://multiplex.com.ar/peliculas/los-colores-del-tiempo/
CABA,Multiplex,Multiplex Belgrano,"Vuelta de Obligado 2199, Belgrano",Los Colores Del Tiempo,COMFORT PLUS 2D Subtitulada,20:10,,,,https://multiplex.com.ar/peliculas/los-colores-del-tiempo/
CABA,Multiplex,Multiplex Belgrano,"Vuelta de Obligado 2199, Belgrano",Los domingos,2D + COMFORT PLUS Doblada,13:45,,,,https://multiplex.com.ar/peliculas/los-domingos/
CABA,Multiplex,Multiplex Belgrano,"Vuelta de Obligado 2199, Belgrano",Minions & monstruos,2D Doblada,13:00,,,,https://multiplex.com.ar/peliculas/minions-monstruos/
CABA,Multiplex,Multiplex Belgrano,"Vuelta de Obligado 2199, Belgrano",Minions & monstruos,2D Doblada,14:45,,,,https://multiplex.com.ar/peliculas/minions-monstruos/
CABA,Multiplex,Multiplex Belgrano,"Vuelta de Obligado 2199, Belgrano",Obsesión,2D Subtitulada,22:50,,,,https://multiplex.com.ar/peliculas/obsesion/
CABA,Multiplex,Multiplex Belgrano,"Vuelta de Obligado 2199, Belgrano",PAW Patrol: La Dino Película,COMFORT PLUS 2D Doblada,13:00,,,,https://multiplex.com.ar/peliculas/paw-patrol-la-dino-pelicula/
CABA,Multiplex,Multiplex Belgrano,"Vuelta de Obligado 2199, Belgrano",Solo por una noche,COMFORT PLUS 2D Subtitulada,14:05,,,,https://multiplex.com.ar/peliculas/solo-por-una-noche/
CABA,Multiplex,Multiplex Belgrano,"Vuelta de Obligado 2199, Belgrano",Solo por una noche,2D Subtitulada,18:50,,,,https://multiplex.com.ar/peliculas/solo-por-una-noche/
CABA,Multiplex,Multiplex Belgrano,"Vuelta de Obligado 2199, Belgrano",Spider-Man: Un nuevo día,4D + 3D Doblada,13:35,,,,https://multiplex.com.ar/peliculas/spider-man-un-dia-nuevo/
CABA,Multiplex,Multiplex Belgrano,"Vuelta de Obligado 2199, Belgrano",Spider-Man: Un nuevo día,COMFORT PLUS 2D Doblada,14:50,,,,https://multiplex.com.ar/peliculas/spider-man-un-dia-nuevo/
CABA,Multiplex,Multiplex Belgrano,"Vuelta de Obligado 2199, Belgrano",Spider-Man: Un nuevo día,COMFORT PLUS 2D Subtitulada,17:10,,,,https://multiplex.com.ar/peliculas/spider-man-un-dia-nuevo/
CABA,Multiplex,Multiplex Belgrano,"Vuelta de Obligado 2199, Belgrano",Spider-Man: Un nuevo día,4D + 3D Doblada,19:20,,,,https://multiplex.com.ar/peliculas/spider-man-un-dia-nuevo/
CABA,Multiplex,Multiplex Belgrano,"Vuelta de Obligado 2199, Belgrano",Spider-Man: Un nuevo día,COMFORT PLUS 2D Subtitulada,22:40,,,,https://multiplex.com.ar/peliculas/spider-man-un-dia-nuevo/
CABA,Multiplex,Multiplex Belgrano,"Vuelta de Obligado 2199, Belgrano",Tierra De Crimen,2D Subtitulada,13:30,,,,https://multiplex.com.ar/peliculas/tierra-de-crimen/
CABA,Multiplex,Multiplex Belgrano,"Vuelta de Obligado 2199, Belgrano",Tierra De Crimen,COMFORT PLUS 2D Subtitulada,19:45,,,,https://multiplex.com.ar/peliculas/tierra-de-crimen/
CABA,Multiplex,Multiplex Belgrano,"Vuelta de Obligado 2199, Belgrano",Toy Story 5,2D Doblada,12:50,,,,https://multiplex.com.ar/peliculas/toy-story-5/
CABA,Multiplex,Multiplex Belgrano,"Vuelta de Obligado 2199, Belgrano",Toy Story 5,2D Doblada,14:50,,,,https://multiplex.com.ar/peliculas/toy-story-5/
CABA,Multiplex,Multiplex Belgrano,"Vuelta de Obligado 2199, Belgrano",Toy Story 5,2D Doblada,16:50,,,,https://multiplex.com.ar/peliculas/toy-story-5/
CABA,Multiplex,Multiplex Belgrano,"Vuelta de Obligado 2199, Belgrano",Toy Story 5,2D Doblada,20:50,,,,https://multiplex.com.ar/peliculas/toy-story-5/
CABA,Multiplex,Multiplex Belgrano,"Vuelta de Obligado 2199, Belgrano",Yo Narciso,COMFORT PLUS 2D Doblada,13:00,,,,https://multiplex.com.ar/peliculas/yo-narciso/
CABA,Multiplex,Multiplex Belgrano,"Vuelta de Obligado 2199, Belgrano",Yo Narciso,COMFORT PLUS 2D Doblada,15:40,,,,https://multiplex.com.ar/peliculas/yo-narciso/
CABA,Multiplex,Multiplex Belgrano,"Vuelta de Obligado 2199, Belgrano",Yo Narciso,COMFORT PLUS 2D Doblada,17:45,,,,https://multiplex.com.ar/peliculas/yo-narciso/
CABA,Multiplex,Multiplex Belgrano,"Vuelta de Obligado 2199, Belgrano",Yo Narciso,2D + COMFORT PLUS Doblada,19:30,,,,https://multiplex.com.ar/peliculas/yo-narciso/
CABA,Multiplex,Multiplex Belgrano,"Vuelta de Obligado 2199, Belgrano",Yo Narciso,COMFORT PLUS 2D Doblada,20:15,,,,https://multiplex.com.ar/peliculas/yo-narciso/
CABA,Multiplex,Multiplex Belgrano,"Vuelta de Obligado 2199, Belgrano",Yo Narciso,COMFORT PLUS 2D Doblada,20:45,,,,https://multiplex.com.ar/peliculas/yo-narciso/
CABA,Multiplex,Multiplex Belgrano,"Vuelta de Obligado 2199, Belgrano",Yo Narciso,2D + COMFORT PLUS Doblada,21:30,,,,https://multiplex.com.ar/peliculas/yo-narciso/
CABA,Multiplex,Multiplex Belgrano,"Vuelta de Obligado 2199, Belgrano",Yo Narciso,COMFORT PLUS 2D Doblada,22:40,,,,https://multiplex.com.ar/peliculas/yo-narciso/
GBA Norte,Cinépolis,Cinépolis Pilar,"Panamericana Km. 50, Pilar",La invitación,2D Subtitulada,17:15,,,,https://cartelera.ar/pelicula/la-invitacion
GBA Norte,Cinépolis,Cinépolis Pilar,"Panamericana Km. 50, Pilar",Impacto mortal,2D Doblada,19:50,,,,https://cartelera.ar/pelicula/impacto-mortal
GBA Norte,Cinépolis,Cinépolis Pilar,"Panamericana Km. 50, Pilar",Impacto mortal,2D Doblada,22:20,,,,https://cartelera.ar/pelicula/impacto-mortal
GBA Norte,Cinépolis,Cinépolis Pilar,"Panamericana Km. 50, Pilar",El Final de la Calle Oak,2D Doblada,22:40,,,,https://cartelera.ar/pelicula/el-final-de-la-calle-oak
GBA Norte,Cinépolis,Cinépolis Pilar,"Panamericana Km. 50, Pilar",PAW Patrol: La Dino Película,2D Doblada,12:50,,,,https://cartelera.ar/pelicula/paw-patrol-la-dino-pelicula
GBA Norte,Cinépolis,Cinépolis Pilar,"Panamericana Km. 50, Pilar",PAW Patrol: La Dino Película,2D Doblada,15:00,,,,https://cartelera.ar/pelicula/paw-patrol-la-dino-pelicula
GBA Norte,Cinépolis,Cinépolis Pilar,"Panamericana Km. 50, Pilar",La noche del demonio: Están entre nosotros,2D Doblada,18:05,,,,https://cartelera.ar/pelicula/la-noche-del-demonio-estan-entre-nosotros
GBA Norte,Cinépolis,Cinépolis Pilar,"Panamericana Km. 50, Pilar",La noche del demonio: Están entre nosotros,2D Doblada,20:25,,,,https://cartelera.ar/pelicula/la-noche-del-demonio-estan-entre-nosotros
GBA Norte,Cinépolis,Cinépolis Pilar,"Panamericana Km. 50, Pilar",La noche del demonio: Están entre nosotros,2D Doblada,22:50,,,,https://cartelera.ar/pelicula/la-noche-del-demonio-estan-entre-nosotros
GBA Norte,Cinépolis,Cinépolis Pilar,"Panamericana Km. 50, Pilar",Solo por una noche,2D Doblada,17:00,,,,https://cartelera.ar/pelicula/solo-por-una-noche
GBA Norte,Cinépolis,Cinépolis Pilar,"Panamericana Km. 50, Pilar",Solo por una noche,2D Subtitulada,23:00,,,,https://cartelera.ar/pelicula/solo-por-una-noche
GBA Norte,Cinépolis,Cinépolis Pilar,"Panamericana Km. 50, Pilar",Harry Potter y la piedra filosofal,2D Subtitulada,19:30,,,,https://cartelera.ar/pelicula/harry-potter-y-la-piedra-filosofal
GBA Norte,Cinépolis,Cinépolis Pilar,"Panamericana Km. 50, Pilar",Coyote vs. Acme,2D Doblada,13:00,,,,https://cartelera.ar/pelicula/coyote-vs-acme
GBA Norte,Cinépolis,Cinépolis Pilar,"Panamericana Km. 50, Pilar",Coyote vs. Acme,2D Doblada,15:20,,,,https://cartelera.ar/pelicula/coyote-vs-acme
GBA Norte,Cinépolis,Cinépolis Pilar,"Panamericana Km. 50, Pilar",Coyote vs. Acme,2D Doblada,17:50,,,,https://cartelera.ar/pelicula/coyote-vs-acme
GBA Norte,Cinépolis,Cinépolis Pilar,"Panamericana Km. 50, Pilar",Coyote vs. Acme,2D Doblada,20:20,,,,https://cartelera.ar/pelicula/coyote-vs-acme
GBA Norte,Cinépolis,Cinépolis Pilar,"Panamericana Km. 50, Pilar",Yo Narciso,2D Doblada,13:30,,,,
GBA Norte,Cinépolis,Cinépolis Pilar,"Panamericana Km. 50, Pilar",Yo Narciso,2D Doblada,15:45,,,,
GBA Norte,Cinépolis,Cinépolis Pilar,"Panamericana Km. 50, Pilar",Yo Narciso,2D Doblada,18:00,,,,
GBA Norte,Cinépolis,Cinépolis Pilar,"Panamericana Km. 50, Pilar",Yo Narciso,2D Doblada,20:15,,,,
GBA Norte,Cinépolis,Cinépolis Pilar,"Panamericana Km. 50, Pilar",Yo Narciso,2D Doblada,22:30,,,,
GBA Norte,Cinépolis,Cinépolis Pilar,"Panamericana Km. 50, Pilar",La guerra de los últimos,2D Doblada,17:10,,,,
GBA Norte,Cinépolis,Cinépolis Pilar,"Panamericana Km. 50, Pilar",La guerra de los últimos,2D Subtitulada,20:00,,,,
GBA Norte,Cinépolis,Cinépolis Pilar,"Panamericana Km. 50, Pilar",La guerra de los últimos,2D Doblada,22:40,,,,
CABA,Multiplex,Multiplex Lavalle,"Lavalle 780, CABA",Coyote vs. Acme,2D Doblada,13:50,,,,https://multiplex.com.ar/peliculas/coyote-vs-acme/
CABA,Multiplex,Multiplex Lavalle,"Lavalle 780, CABA",Coyote vs. Acme,2D Doblada,15:50,,,,https://multiplex.com.ar/peliculas/coyote-vs-acme/
CABA,Multiplex,Multiplex Lavalle,"Lavalle 780, CABA",Coyote vs. Acme,2D Doblada,17:35,,,,https://multiplex.com.ar/peliculas/coyote-vs-acme/
CABA,Multiplex,Multiplex Lavalle,"Lavalle 780, CABA",El Final de la Calle Oak,2D Doblada,13:00,,,,https://multiplex.com.ar/peliculas/el-final-de-la-calle-oak/
CABA,Multiplex,Multiplex Lavalle,"Lavalle 780, CABA",El Final de la Calle Oak,2D Doblada,15:00,,,,https://multiplex.com.ar/peliculas/el-final-de-la-calle-oak/
CABA,Multiplex,Multiplex Lavalle,"Lavalle 780, CABA",Harry Potter y la piedra filosofal,2D Doblada,17:00,,,,https://multiplex.com.ar/peliculas/harry-potter-y-la-piedra-filosofal/
CABA,Multiplex,Multiplex Lavalle,"Lavalle 780, CABA",Harry Potter y la piedra filosofal,2D Subtitulada,20:05,,,,https://multiplex.com.ar/peliculas/harry-potter-y-la-piedra-filosofal/
CABA,Multiplex,Multiplex Lavalle,"Lavalle 780, CABA",Impacto mortal,2D Doblada,23:15,,,,https://multiplex.com.ar/peliculas/impacto-mortal/
CABA,Multiplex,Multiplex Lavalle,"Lavalle 780, CABA",La constelación del perro,2D Doblada,13:00,,,,https://cartelera.ar/pelicula/la-constelacion-del-perro
CABA,Multiplex,Multiplex Lavalle,"Lavalle 780, CABA",La constelación del perro,2D Doblada,15:15,,,,https://cartelera.ar/pelicula/la-constelacion-del-perro
CABA,Multiplex,Multiplex Lavalle,"Lavalle 780, CABA",La constelación del perro,2D Doblada,23:10,,,,https://cartelera.ar/pelicula/la-constelacion-del-perro
CABA,Multiplex,Multiplex Lavalle,"Lavalle 780, CABA",La Guerra De Los Ultimos,2D Doblada,13:00,,,,https://multiplex.com.ar/peliculas/la-guerra-de-los-ultimos/
CABA,Multiplex,Multiplex Lavalle,"Lavalle 780, CABA",La Guerra De Los Ultimos,2D Doblada,15:15,,,,https://multiplex.com.ar/peliculas/la-guerra-de-los-ultimos/
CABA,Multiplex,Multiplex Lavalle,"Lavalle 780, CABA",La Guerra De Los Ultimos,2D Doblada,23:10,,,,https://multiplex.com.ar/peliculas/la-guerra-de-los-ultimos/
CABA,Multiplex,Multiplex Lavalle,"Lavalle 780, CABA",La noche del demonio: Están entre nosotros,XTREMO 2D Doblada,13:00,,,,https://multiplex.com.ar/peliculas/la-noche-del-demonio-estan-entre-nosotros/
CABA,Multiplex,Multiplex Lavalle,"Lavalle 780, CABA",La noche del demonio: Están entre nosotros,XTREMO 2D Doblada,15:00,,,,https://multiplex.com.ar/peliculas/la-noche-del-demonio-estan-entre-nosotros/
CABA,Multiplex,Multiplex Lavalle,"Lavalle 780, CABA",La noche del demonio: Están entre nosotros,XTREMO 2D Doblada,17:00,,,,https://multiplex.com.ar/peliculas/la-noche-del-demonio-estan-entre-nosotros/
CABA,Multiplex,Multiplex Lavalle,"Lavalle 780, CABA",La noche del demonio: Están entre nosotros,XTREMO 2D Doblada,19:00,,,,https://multiplex.com.ar/peliculas/la-noche-del-demonio-estan-entre-nosotros/
CABA,Multiplex,Multiplex Lavalle,"Lavalle 780, CABA",La noche del demonio: Están entre nosotros,XTREMO 2D Doblada,21:05,,,,https://multiplex.com.ar/peliculas/la-noche-del-demonio-estan-entre-nosotros/
CABA,Multiplex,Multiplex Lavalle,"Lavalle 780, CABA",La noche del demonio: Están entre nosotros,XTREMO 2D Doblada,23:10,,,,https://multiplex.com.ar/peliculas/la-noche-del-demonio-estan-entre-nosotros/
CABA,Multiplex,Multiplex Lavalle,"Lavalle 780, CABA",La Odisea,2D Doblada,22:05,,,,https://multiplex.com.ar/peliculas/la-odisea/
CABA,Multiplex,Multiplex Lavalle,"Lavalle 780, CABA",PAW Patrol: La Dino Película,2D Doblada,13:10,,,,https://multiplex.com.ar/peliculas/paw-patrol-la-dino-pelicula/
CABA,Multiplex,Multiplex Lavalle,"Lavalle 780, CABA",Solo por una noche,2D Doblada,15:00,,,,https://multiplex.com.ar/peliculas/solo-por-una-noche/
CABA,Multiplex,Multiplex Lavalle,"Lavalle 780, CABA",Solo por una noche,2D Doblada,22:45,,,,https://multiplex.com.ar/peliculas/solo-por-una-noche/
CABA,Multiplex,Multiplex Lavalle,"Lavalle 780, CABA",Spider-Man: Un nuevo día,4D (3D) Doblada,13:45,,,,https://multiplex.com.ar/peliculas/spider-man-un-dia-nuevo/
CABA,Multiplex,Multiplex Lavalle,"Lavalle 780, CABA",Spider-Man: Un nuevo día,3D Doblada,15:00,,,,https://multiplex.com.ar/peliculas/spider-man-un-dia-nuevo/
CABA,Multiplex,Multiplex Lavalle,"Lavalle 780, CABA",Spider-Man: Un nuevo día,4D (3D) Doblada,16:30,,,,https://multiplex.com.ar/peliculas/spider-man-un-dia-nuevo/
CABA,Multiplex,Multiplex Lavalle,"Lavalle 780, CABA",Spider-Man: Un nuevo día,2D Doblada,17:55,,,,https://multiplex.com.ar/peliculas/spider-man-un-dia-nuevo/
CABA,Multiplex,Multiplex Lavalle,"Lavalle 780, CABA",Spider-Man: Un nuevo día,4D (3D) Doblada,19:15,,,,https://multiplex.com.ar/peliculas/spider-man-un-dia-nuevo/
CABA,Multiplex,Multiplex Lavalle,"Lavalle 780, CABA",Spider-Man: Un nuevo día,3D Doblada,19:50,,,,https://multiplex.com.ar/peliculas/spider-man-un-dia-nuevo/
CABA,Multiplex,Multiplex Lavalle,"Lavalle 780, CABA",Spider-Man: Un nuevo día,2D Doblada,20:35,,,,https://multiplex.com.ar/peliculas/spider-man-un-dia-nuevo/
CABA,Multiplex,Multiplex Lavalle,"Lavalle 780, CABA",Spider-Man: Un nuevo día,4D (3D) Doblada,22:00,,,,https://multiplex.com.ar/peliculas/spider-man-un-dia-nuevo/
CABA,Multiplex,Multiplex Lavalle,"Lavalle 780, CABA",Spider-Man: Un nuevo día,3D Doblada,22:35,,,,https://multiplex.com.ar/peliculas/spider-man-un-dia-nuevo/
CABA,Multiplex,Multiplex Lavalle,"Lavalle 780, CABA",Toy Story 5,3D Doblada,13:00,,,,https://multiplex.com.ar/peliculas/toy-story-5/
CABA,Multiplex,Multiplex Lavalle,"Lavalle 780, CABA",Toy Story 5,3D Doblada,17:45,,,,https://multiplex.com.ar/peliculas/toy-story-5/
CABA,Multiplex,Multiplex Lavalle,"Lavalle 780, CABA",Yo Narciso,2D Doblada,17:00,,,,https://multiplex.com.ar/peliculas/yo-narciso/
CABA,Multiplex,Multiplex Lavalle,"Lavalle 780, CABA",Yo Narciso,2D Doblada,18:55,,,,https://multiplex.com.ar/peliculas/yo-narciso/
CABA,Multiplex,Multiplex Lavalle,"Lavalle 780, CABA",Yo Narciso,2D Doblada,20:50,,,,https://multiplex.com.ar/peliculas/yo-narciso/
GBA Oeste,Cinépolis,Cinépolis Luján,"Av. Constitución 1000, Luján",Spider-Man: Un nuevo día,2D Doblada,13:10,,,,https://cartelera.ar/pelicula/spider-man-un-nuevo-dia
GBA Oeste,Cinépolis,Cinépolis Luján,"Av. Constitución 1000, Luján",Spider-Man: Un nuevo día,2D Doblada,16:10,,,,https://cartelera.ar/pelicula/spider-man-un-nuevo-dia
GBA Oeste,Cinépolis,Cinépolis Luján,"Av. Constitución 1000, Luján",Spider-Man: Un nuevo día,2D Doblada,19:20,,,,https://cartelera.ar/pelicula/spider-man-un-nuevo-dia
GBA Oeste,Cinépolis,Cinépolis Luján,"Av. Constitución 1000, Luján",Spider-Man: Un nuevo día,2D Doblada,22:30,,,,https://cartelera.ar/pelicula/spider-man-un-nuevo-dia
GBA Oeste,Cinépolis,Cinépolis Luján,"Av. Constitución 1000, Luján",Toy Story 5,2D Doblada,13:00,,,,https://cartelera.ar/pelicula/toy-story-5
GBA Oeste,Cinépolis,Cinépolis Luján,"Av. Constitución 1000, Luján",Toy Story 5,2D Doblada,15:10,,,,https://cartelera.ar/pelicula/toy-story-5
GBA Oeste,Cinépolis,Cinépolis Luján,"Av. Constitución 1000, Luján",Minions & monstruos,2D Doblada,13:00,,,,https://cartelera.ar/pelicula/minions-monstruos
GBA Oeste,Cinépolis,Cinépolis Luján,"Av. Constitución 1000, Luján",Impacto mortal,2D Doblada,17:10,,,,https://cartelera.ar/pelicula/impacto-mortal
GBA Oeste,Cinépolis,Cinépolis Luján,"Av. Constitución 1000, Luján",Impacto mortal,2D Doblada,22:10,,,,https://cartelera.ar/pelicula/impacto-mortal
GBA Oeste,Cinépolis,Cinépolis Luján,"Av. Constitución 1000, Luján",PAW Patrol: La Dino Película,2D Doblada,15:00,,,,https://cartelera.ar/pelicula/paw-patrol-la-dino-pelicula
GBA Oeste,Cinépolis,Cinépolis Luján,"Av. Constitución 1000, Luján",La noche del demonio: Están entre nosotros,2D Doblada,17:10,,,,https://cartelera.ar/pelicula/la-noche-del-demonio-estan-entre-nosotros
GBA Oeste,Cinépolis,Cinépolis Luján,"Av. Constitución 1000, Luján",La noche del demonio: Están entre nosotros,2D Doblada,19:40,,,,https://cartelera.ar/pelicula/la-noche-del-demonio-estan-entre-nosotros
GBA Oeste,Cinépolis,Cinépolis Luján,"Av. Constitución 1000, Luján",La noche del demonio: Están entre nosotros,2D Doblada,23:00,,,,https://cartelera.ar/pelicula/la-noche-del-demonio-estan-entre-nosotros
GBA Oeste,Cinépolis,Cinépolis Luján,"Av. Constitución 1000, Luján",Solo por una noche,2D Doblada,14:40,,,,https://cartelera.ar/pelicula/solo-por-una-noche
GBA Oeste,Cinépolis,Cinépolis Luján,"Av. Constitución 1000, Luján",Solo por una noche,2D Doblada,22:20,,,,https://cartelera.ar/pelicula/solo-por-una-noche
GBA Oeste,Cinépolis,Cinépolis Luján,"Av. Constitución 1000, Luján",Harry Potter y la piedra filosofal,2D Doblada,19:30,,,,https://cartelera.ar/pelicula/harry-potter-y-la-piedra-filosofal
GBA Oeste,Cinépolis,Cinépolis Luján,"Av. Constitución 1000, Luján",Coyote vs. Acme,2D Doblada,13:00,,,,https://cartelera.ar/pelicula/coyote-vs-acme
GBA Oeste,Cinépolis,Cinépolis Luján,"Av. Constitución 1000, Luján",Coyote vs. Acme,2D Doblada,15:20,,,,https://cartelera.ar/pelicula/coyote-vs-acme
GBA Oeste,Cinépolis,Cinépolis Luján,"Av. Constitución 1000, Luján",Coyote vs. Acme,2D Doblada,17:40,,,,https://cartelera.ar/pelicula/coyote-vs-acme
GBA Oeste,Cinépolis,Cinépolis Luján,"Av. Constitución 1000, Luján",Coyote vs. Acme,2D Doblada,20:00,,,,https://cartelera.ar/pelicula/coyote-vs-acme
GBA Oeste,Cinépolis,Cinépolis Luján,"Av. Constitución 1000, Luján",Yo Narciso,2D Doblada,13:30,,,,
GBA Oeste,Cinépolis,Cinépolis Luján,"Av. Constitución 1000, Luján",Yo Narciso,2D Doblada,15:50,,,,
GBA Oeste,Cinépolis,Cinépolis Luján,"Av. Constitución 1000, Luján",Yo Narciso,2D Doblada,18:10,,,,
GBA Oeste,Cinépolis,Cinépolis Luján,"Av. Constitución 1000, Luján",Yo Narciso,2D Doblada,20:20,,,,
GBA Oeste,Cinépolis,Cinépolis Luján,"Av. Constitución 1000, Luján",Yo Narciso,2D Doblada,22:40,,,,
GBA Oeste,Cinépolis,Cinépolis Luján,"Av. Constitución 1000, Luján",La guerra de los últimos,2D Doblada,17:30,,,,
GBA Oeste,Cinépolis,Cinépolis Luján,"Av. Constitución 1000, Luján",La guerra de los últimos,2D Doblada,20:10,,,,
GBA Oeste,Cinépolis,Cinépolis Luján,"Av. Constitución 1000, Luján",La guerra de los últimos,2D Doblada,22:50,,,,
CABA,Cinépolis,Cinépolis Houssay,"Av. Corrientes 917, Buenos Aires",La Odisea,2D Subtitulada,19:00,,,,https://cartelera.ar/pelicula/la-odisea
CABA,Cinépolis,Cinépolis Houssay,"Av. Corrientes 917, Buenos Aires",La Odisea,2D Subtitulada,22:15,,,,https://cartelera.ar/pelicula/la-odisea
CABA,Cinépolis,Cinépolis Houssay,"Av. Corrientes 917, Buenos Aires",Spider-Man: Un nuevo día,3D Doblada,14:00,,,,https://cartelera.ar/pelicula/spider-man-un-nuevo-dia
CABA,Cinépolis,Cinépolis Houssay,"Av. Corrientes 917, Buenos Aires",Spider-Man: Un nuevo día,2D Subtitulada,19:45,,,,https://cartelera.ar/pelicula/spider-man-un-nuevo-dia
CABA,Cinépolis,Cinépolis Houssay,"Av. Corrientes 917, Buenos Aires",Toy Story 5,2D Doblada,13:45,,,,https://cartelera.ar/pelicula/toy-story-5
CABA,Cinépolis,Cinépolis Houssay,"Av. Corrientes 917, Buenos Aires",PAW Patrol: La Dino Película,2D Doblada,13:00,,,,https://cartelera.ar/pelicula/paw-patrol-la-dino-pelicula
CABA,Cinépolis,Cinépolis Houssay,"Av. Corrientes 917, Buenos Aires",PAW Patrol: La Dino Película,2D Doblada,15:00,,,,https://cartelera.ar/pelicula/paw-patrol-la-dino-pelicula
CABA,Cinépolis,Cinépolis Houssay,"Av. Corrientes 917, Buenos Aires",La noche del demonio: Están entre nosotros,2D Doblada,17:00,,,,https://cartelera.ar/pelicula/la-noche-del-demonio-estan-entre-nosotros
CABA,Cinépolis,Cinépolis Houssay,"Av. Corrientes 917, Buenos Aires",La noche del demonio: Están entre nosotros,2D Doblada,23:00,,,,https://cartelera.ar/pelicula/la-noche-del-demonio-estan-entre-nosotros
CABA,Cinépolis,Cinépolis Houssay,"Av. Corrientes 917, Buenos Aires",Solo por una noche,2D Subtitulada,22:45,,,,https://cartelera.ar/pelicula/solo-por-una-noche
CABA,Cinépolis,Cinépolis Houssay,"Av. Corrientes 917, Buenos Aires",Coyote vs. Acme,2D Subtitulada,14:15,,,,https://cartelera.ar/pelicula/coyote-vs-acme
CABA,Cinépolis,Cinépolis Houssay,"Av. Corrientes 917, Buenos Aires",Coyote vs. Acme,2D Subtitulada,16:30,,,,https://cartelera.ar/pelicula/coyote-vs-acme
CABA,Cinépolis,Cinépolis Houssay,"Av. Corrientes 917, Buenos Aires",Coyote vs. Acme,2D Subtitulada,18:30,,,,https://cartelera.ar/pelicula/coyote-vs-acme
CABA,Cinépolis,Cinépolis Houssay,"Av. Corrientes 917, Buenos Aires",Yo Narciso,2D Doblada,16:15,,,,
CABA,Cinépolis,Cinépolis Houssay,"Av. Corrientes 917, Buenos Aires",Yo Narciso,2D Doblada,17:15,,,,
CABA,Cinépolis,Cinépolis Houssay,"Av. Corrientes 917, Buenos Aires",Yo Narciso,2D Doblada,20:45,,,,
CABA,Cinépolis,Cinépolis Houssay,"Av. Corrientes 917, Buenos Aires",La guerra de los últimos,2D Subtitulada,19:30,,,,
CABA,Cinépolis,Cinépolis Houssay,"Av. Corrientes 917, Buenos Aires",La guerra de los últimos,2D Subtitulada,22:30,,,,
CABA,Cine Independiente,Cine Gaumont,"Av. Rivadavia 1635, Congreso",Amarga Navidad,2D Doblada,15:00,,,,https://cartelera.ar/pelicula/amarga-navidad
CABA,Cine Independiente,Cine Gaumont,"Av. Rivadavia 1635, Congreso",Canelones,2D Doblada,14:15,,,,
CABA,Cine Independiente,Cine Gaumont,"Av. Rivadavia 1635, Congreso",Canelones,2D Doblada,18:30,,,,
CABA,Cine Independiente,Cine Gaumont,"Av. Rivadavia 1635, Congreso",Canelones,2D Doblada,22:15,,,,
CABA,Cine Independiente,Cine Gaumont,"Av. Rivadavia 1635, Congreso",Yo Narciso,2D Doblada,14:45,,,,
CABA,Cine Independiente,Cine Gaumont,"Av. Rivadavia 1635, Congreso",Yo Narciso,2D Doblada,17:15,,,,
CABA,Cine Independiente,Cine Gaumont,"Av. Rivadavia 1635, Congreso",Yo Narciso,2D Doblada,21:30,,,,
CABA,Cine Independiente,Cine Gaumont,"Av. Rivadavia 1635, Congreso",Guerra de Verano,2D Doblada,16:15,,,,
CABA,Cine Independiente,Cine Gaumont,"Av. Rivadavia 1635, Congreso",Un trago de infierno,2D Doblada,22:30,,,,
CABA,Atlas Cines,Atlas Flores,"Rivera Indarte 44, Flores",Harry Potter y la piedra filosofal,2D Doblada,15:00,,,,https://cartelera.ar/pelicula/harry-potter-y-la-piedra-filosofal
CABA,Atlas Cines,Atlas Caballito,"Rivadavia 5071, Caballito",Harry Potter y la piedra filosofal,2D Doblada,16:00,,,,https://cartelera.ar/pelicula/harry-potter-y-la-piedra-filosofal
CABA,Atlas Cines,Atlas Caballito,"Rivadavia 5071, Caballito",Harry Potter y la piedra filosofal,2D Subtitulada,19:20,,,,https://cartelera.ar/pelicula/harry-potter-y-la-piedra-filosofal
GBA Norte,Atlas Cines,Atlas Nordelta,"Av. de los Lagos 7008, Nordelta Centro Comercial",Harry Potter y la piedra filosofal,2D Doblada,16:40,,,,https://cartelera.ar/pelicula/harry-potter-y-la-piedra-filosofal
GBA Oeste,Showcase,Showcase Haedo,"Av. Rivadavia 16.200, Shopping Haedo",Harry Potter y la piedra filosofal: 25 años de magia,2D Doblada,19:05,,,,
GBA Sur,Showcase,Showcase Quilmes,"Av. Calchaquí 3950, Quilmes Factory",Harry Potter y la piedra filosofal: 25 años de magia,2D Doblada,19:05,,,,
GBA Norte,Showcase,Showcase Norte (Norcenter),"Colectora Panamericana 3750, Norcenter",Harry Potter y la piedra filosofal: 25 años de magia,2D Subtitulada,19:05,,,,
CABA,Showcase,Showcase Belgrano,"Monroe 1655, Belgrano",Harry Potter y la piedra filosofal: 25 años de magia,2D Subtitulada,19:05,,,,
CABA,Cine Independiente,CineArte Cacodelphia,"Roque Sáenz Peña 1150, Buenos Aires",Los Nadadores,2D Doblada,21:00,,,,
GBA Oeste,Cinépolis,Cinépolis Merlo,Av. Juan Domingo Perón 24098,Harry Potter y la piedra filosofal,2D Doblada,22:15,,,,https://cartelera.ar/pelicula/harry-potter-y-la-piedra-filosofal
,Cinemark Hoyts,DOT,,LA ODISEA,PREMIER 2D Subtitulada,00:15,,,,https://www.cinemark.com.ar/peliculas/la-odisea
,Cinemark Hoyts,DOT,,LA ODISEA,PREMIER 2D Subtitulada,13:50,,,,https://www.cinemark.com.ar/peliculas/la-odisea
,Cinemark Hoyts,DOT,,LA ODISEA,PREMIER 2D Subtitulada,17:25,,,,https://www.cinemark.com.ar/peliculas/la-odisea
,Cinemark Hoyts,DOT,,LA ODISEA,PREMIER 2D Subtitulada,21:00,,,,https://www.cinemark.com.ar/peliculas/la-odisea
,Cinemark Hoyts,DOT,,LA ODISEA,2D Subtitulada,22:10,,,,https://www.cinemark.com.ar/peliculas/la-odisea
,Cinemark Hoyts,DOT,,"YO, NARCISO",2D Doblada,00:30,,,,https://www.cinemark.com.ar/peliculas/yo-narciso
,Cinemark Hoyts,DOT,,"YO, NARCISO",2D Doblada,12:00,,,,https://www.cinemark.com.ar/peliculas/yo-narciso
,Cinemark Hoyts,DOT,,"YO, NARCISO",2D Doblada,14:10,,,,https://www.cinemark.com.ar/peliculas/yo-narciso
,Cinemark Hoyts,DOT,,"YO, NARCISO",PREMIER 2D Doblada,14:25,,,,https://www.cinemark.com.ar/peliculas/yo-narciso
,Cinemark Hoyts,DOT,,"YO, NARCISO",PREMIER 2D Doblada,16:40,,,,https://www.cinemark.com.ar/peliculas/yo-narciso
,Cinemark Hoyts,DOT,,"YO, NARCISO",2D Doblada,17:30,,,,https://www.cinemark.com.ar/peliculas/yo-narciso
,Cinemark Hoyts,DOT,,"YO, NARCISO",PREMIER 2D Doblada,19:30,,,,https://www.cinemark.com.ar/peliculas/yo-narciso
,Cinemark Hoyts,DOT,,"YO, NARCISO",2D Doblada,20:10,,,,https://www.cinemark.com.ar/peliculas/yo-narciso
,Cinemark Hoyts,DOT,,"YO, NARCISO",PREMIER 2D Doblada,22:00,,,,https://www.cinemark.com.ar/peliculas/yo-narciso
,Cinemark Hoyts,DOT,,"YO, NARCISO",2D Doblada,22:20,,,,https://www.cinemark.com.ar/peliculas/yo-narciso
,Cinemark Hoyts,DOT,,SPIDER-MAN: UN NUEVO DÍA,2D Subtitulada,01:05,,,,https://www.cinemark.com.ar/peliculas/spider-man-un-nuevo-dia
,Cinemark Hoyts,DOT,,SPIDER-MAN: UN NUEVO DÍA,4D 3D Subtitulada,11:50,,,,https://www.cinemark.com.ar/peliculas/spider-man-un-nuevo-dia
,Cinemark Hoyts,DOT,,SPIDER-MAN: UN NUEVO DÍA,XD 2D Subtitulada,12:30,,,,https://www.cinemark.com.ar/peliculas/spider-man-un-nuevo-dia
,Cinemark Hoyts,DOT,,SPIDER-MAN: UN NUEVO DÍA,4D 3D Subtitulada,15:00,,,,https://www.cinemark.com.ar/peliculas/spider-man-un-nuevo-dia
,Cinemark Hoyts,DOT,,SPIDER-MAN: UN NUEVO DÍA,XD 2D Subtitulada,15:40,,,,https://www.cinemark.com.ar/peliculas/spider-man-un-nuevo-dia
,Cinemark Hoyts,DOT,,SPIDER-MAN: UN NUEVO DÍA,4D 3D Subtitulada,18:20,,,,https://www.cinemark.com.ar/peliculas/spider-man-un-nuevo-dia
,Cinemark Hoyts,DOT,,SPIDER-MAN: UN NUEVO DÍA,3D Subtitulada,19:50,,,,https://www.cinemark.com.ar/peliculas/spider-man-un-nuevo-dia
,Cinemark Hoyts,DOT,,SPIDER-MAN: UN NUEVO DÍA,XD 2D Subtitulada,22:30,,,,https://www.cinemark.com.ar/peliculas/spider-man-un-nuevo-dia
,Cinemark Hoyts,DOT,,SPIDER-MAN: UN NUEVO DÍA,2D Subtitulada,23:00,,,,https://www.cinemark.com.ar/peliculas/spider-man-un-nuevo-dia
,Cinemark Hoyts,DOT,,LA NOCHE DEL DEMONIO 6,2D Subtitulada,01:10,,,,https://www.cinemark.com.ar/peliculas/la-noche-del-demonio-estan-entre-nosotros
,Cinemark Hoyts,DOT,,LA NOCHE DEL DEMONIO 6,2D Subtitulada,12:50,,,,https://www.cinemark.com.ar/peliculas/la-noche-del-demonio-estan-entre-nosotros
,Cinemark Hoyts,DOT,,LA NOCHE DEL DEMONIO 6,2D Subtitulada,15:30,,,,https://www.cinemark.com.ar/peliculas/la-noche-del-demonio-estan-entre-nosotros
,Cinemark Hoyts,DOT,,LA NOCHE DEL DEMONIO 6,2D Subtitulada,18:00,,,,https://www.cinemark.com.ar/peliculas/la-noche-del-demonio-estan-entre-nosotros
,Cinemark Hoyts,DOT,,LA NOCHE DEL DEMONIO 6,2D Subtitulada,20:20,,,,https://www.cinemark.com.ar/peliculas/la-noche-del-demonio-estan-entre-nosotros
,Cinemark Hoyts,DOT,,LA NOCHE DEL DEMONIO 6,2D Subtitulada,23:10,,,,https://www.cinemark.com.ar/peliculas/la-noche-del-demonio-estan-entre-nosotros
,Cinemark Hoyts,DOT,,COYOTE VS ACME,2D Doblada,11:50,,,,https://www.cinemark.com.ar/peliculas/coyote-vs-acme
,Cinemark Hoyts,DOT,,COYOTE VS ACME,2D Doblada,14:20,,,,https://www.cinemark.com.ar/peliculas/coyote-vs-acme
,Cinemark Hoyts,DOT,,COYOTE VS ACME,2D Doblada,16:50,,,,https://www.cinemark.com.ar/peliculas/coyote-vs-acme
,Cinemark Hoyts,DOT,,COYOTE VS ACME,2D Doblada,19:20,,,,https://www.cinemark.com.ar/peliculas/coyote-vs-acme
,Cinemark Hoyts,DOT,,LA GUERRA DE LOS ÚLTIMOS,2D Subtitulada,12:00,,,,https://www.cinemark.com.ar/peliculas/la-guerra-de-los-ultimos
,Cinemark Hoyts,DOT,,LA GUERRA DE LOS ÚLTIMOS,2D Subtitulada,14:30,,,,https://www.cinemark.com.ar/peliculas/la-guerra-de-los-ultimos
,Cinemark Hoyts,DOT,,LA GUERRA DE LOS ÚLTIMOS,2D Subtitulada,17:10,,,,https://www.cinemark.com.ar/peliculas/la-guerra-de-los-ultimos
,Cinemark Hoyts,DOT,,LA GUERRA DE LOS ÚLTIMOS,2D Subtitulada,20:00,,,,https://www.cinemark.com.ar/peliculas/la-guerra-de-los-ultimos
,Cinemark Hoyts,DOT,,LA GUERRA DE LOS ÚLTIMOS,2D Subtitulada,22:40,,,,https://www.cinemark.com.ar/peliculas/la-guerra-de-los-ultimos
,Cinemark Hoyts,DOT,,PAW PATROL: LA DINO PELÍCULA,2D Doblada,12:40,,,,https://www.cinemark.com.ar/peliculas/paw-patrol-la-dino-pelicula
,Cinemark Hoyts,DOT,,PAW PATROL: LA DINO PELÍCULA,2D Doblada,14:50,,,,https://www.cinemark.com.ar/peliculas/paw-patrol-la-dino-pelicula
,Cinemark Hoyts,DOT,,TOY STORY 5,2D Doblada,13:20,,,,https://www.cinemark.com.ar/peliculas/toy-story-5
,Cinemark Hoyts,DOT,,TOY STORY 5,2D Doblada,15:45,,,,https://www.cinemark.com.ar/peliculas/toy-story-5
,Cinemark Hoyts,DOT,,HARRY POTTER 25° ANIVERSARIO,2D Doblada,16:30,,,,https://www.cinemark.com.ar/peliculas/harry-potter-y-la-piedra-filosofal-25-aniversario
,Cinemark Hoyts,DOT,,HARRY POTTER 25° ANIVERSARIO,XD 2D Doblada,19:00,,,,https://www.cinemark.com.ar/peliculas/harry-potter-y-la-piedra-filosofal-25-aniversario
,Cinemark Hoyts,DOT,,HARRY POTTER 25° ANIVERSARIO,4D 2D Subtitulada,22:00,,,,https://www.cinemark.com.ar/peliculas/harry-potter-y-la-piedra-filosofal-25-aniversario
,Cinemark Hoyts,DOT,,SÓLO POR UNA NOCHE,2D Subtitulada,18:10,,,,https://www.cinemark.com.ar/peliculas/solo-por-una-noche
,Cinemark Hoyts,DOT,,SÓLO POR UNA NOCHE,2D Subtitulada,20:30,,,,https://www.cinemark.com.ar/peliculas/solo-por-una-noche
,Cinemark Hoyts,DOT,,SÓLO POR UNA NOCHE,2D Subtitulada,22:50,,,,https://www.cinemark.com.ar/peliculas/solo-por-una-noche
,Cinemark Hoyts,Unicenter,,LA ODISEA,2D Subtitulada,00:35,,,,https://www.cinemark.com.ar/peliculas/la-odisea
,Cinemark Hoyts,Unicenter,,LA ODISEA,PREMIER 2D Subtitulada,00:45,,,,https://www.cinemark.com.ar/peliculas/la-odisea
,Cinemark Hoyts,Unicenter,,LA ODISEA,PREMIER 2D Subtitulada,14:10,,,,https://www.cinemark.com.ar/peliculas/la-odisea
,Cinemark Hoyts,Unicenter,,LA ODISEA,2D Doblada,15:00,,,,https://www.cinemark.com.ar/peliculas/la-odisea
,Cinemark Hoyts,Unicenter,,LA ODISEA,PREMIER 2D Subtitulada,17:50,,,,https://www.cinemark.com.ar/peliculas/la-odisea
,Cinemark Hoyts,Unicenter,,LA ODISEA,2D Doblada,18:40,,,,https://www.cinemark.com.ar/peliculas/la-odisea
,Cinemark Hoyts,Unicenter,,LA ODISEA,PREMIER 2D Subtitulada,21:30,,,,https://www.cinemark.com.ar/peliculas/la-odisea
,Cinemark Hoyts,Unicenter,,LA ODISEA,2D Subtitulada,22:15,,,,https://www.cinemark.com.ar/peliculas/la-odisea
,Cinemark Hoyts,Unicenter,,IMPACTO MORTAL,2D Subtitulada,00:40,,,,https://www.cinemark.com.ar/peliculas/impacto-mortal
,Cinemark Hoyts,Unicenter,,IMPACTO MORTAL,2D Subtitulada,12:45,,,,https://www.cinemark.com.ar/peliculas/impacto-mortal
,Cinemark Hoyts,Unicenter,,IMPACTO MORTAL,2D Subtitulada,17:30,,,,https://www.cinemark.com.ar/peliculas/impacto-mortal
,Cinemark Hoyts,Unicenter,,IMPACTO MORTAL,2D Subtitulada,22:10,,,,https://www.cinemark.com.ar/peliculas/impacto-mortal
,Cinemark Hoyts,Unicenter,,HARRY POTTER 25° ANIVERSARIO,DBOX 2D Doblada,00:45,,,,https://www.cinemark.com.ar/peliculas/harry-potter-y-la-piedra-filosofal-25-aniversario
,Cinemark Hoyts,Unicenter,,HARRY POTTER 25° ANIVERSARIO,2D Doblada,00:45,,,,https://www.cinemark.com.ar/peliculas/harry-potter-y-la-piedra-filosofal-25-aniversario
,Cinemark Hoyts,Unicenter,,HARRY POTTER 25° ANIVERSARIO,DBOX 2D Doblada,16:30,,,,https://www.cinemark.com.ar/peliculas/harry-potter-y-la-piedra-filosofal-25-aniversario
,Cinemark Hoyts,Unicenter,,HARRY POTTER 25° ANIVERSARIO,2D Doblada,16:30,,,,https://www.cinemark.com.ar/peliculas/harry-potter-y-la-piedra-filosofal-25-aniversario
,Cinemark Hoyts,Unicenter,,HARRY POTTER 25° ANIVERSARIO,4D 2D Subtitulada,18:30,,,,https://www.cinemark.com.ar/peliculas/harry-potter-y-la-piedra-filosofal-25-aniversario
,Cinemark Hoyts,Unicenter,,HARRY POTTER 25° ANIVERSARIO,DBOX 2D Subtitulada,19:00,,,,https://www.cinemark.com.ar/peliculas/harry-potter-y-la-piedra-filosofal-25-aniversario
,Cinemark Hoyts,Unicenter,,HARRY POTTER 25° ANIVERSARIO,2D Subtitulada,19:00,,,,https://www.cinemark.com.ar/peliculas/harry-potter-y-la-piedra-filosofal-25-aniversario
,Cinemark Hoyts,Unicenter,,HARRY POTTER 25° ANIVERSARIO,4D 2D Doblada,22:00,,,,https://www.cinemark.com.ar/peliculas/harry-potter-y-la-piedra-filosofal-25-aniversario
,Cinemark Hoyts,Unicenter,,HARRY POTTER 25° ANIVERSARIO,2D Subtitulada,22:30,,,,https://www.cinemark.com.ar/peliculas/harry-potter-y-la-piedra-filosofal-25-aniversario
,Cinemark Hoyts,Unicenter,,LA NOCHE DEL DEMONIO 6,2D Subtitulada,00:50,,,,https://www.cinemark.com.ar/peliculas/la-noche-del-demonio-estan-entre-nosotros
,Cinemark Hoyts,Unicenter,,LA NOCHE DEL DEMONIO 6,2D Doblada,13:00,,,,https://www.cinemark.com.ar/peliculas/la-noche-del-demonio-estan-entre-nosotros
,Cinemark Hoyts,Unicenter,,LA NOCHE DEL DEMONIO 6,2D Subtitulada,15:30,,,,https://www.cinemark.com.ar/peliculas/la-noche-del-demonio-estan-entre-nosotros
,Cinemark Hoyts,Unicenter,,LA NOCHE DEL DEMONIO 6,2D Subtitulada,18:00,,,,https://www.cinemark.com.ar/peliculas/la-noche-del-demonio-estan-entre-nosotros
,Cinemark Hoyts,Unicenter,,LA NOCHE DEL DEMONIO 6,2D Subtitulada,20:30,,,,https://www.cinemark.com.ar/peliculas/la-noche-del-demonio-estan-entre-nosotros
,Cinemark Hoyts,Unicenter,,LA NOCHE DEL DEMONIO 6,DBOX 2D Subtitulada,22:20,,,,https://www.cinemark.com.ar/peliculas/la-noche-del-demonio-estan-entre-nosotros
,Cinemark Hoyts,Unicenter,,LA NOCHE DEL DEMONIO 6,2D Subtitulada,22:20,,,,https://www.cinemark.com.ar/peliculas/la-noche-del-demonio-estan-entre-nosotros
,Cinemark Hoyts,Unicenter,,LA NOCHE DEL DEMONIO 6,2D Subtitulada,23:00,,,,https://www.cinemark.com.ar/peliculas/la-noche-del-demonio-estan-entre-nosotros
,Cinemark Hoyts,Unicenter,,"YO, NARCISO",2D Doblada,00:55,,,,https://www.cinemark.com.ar/peliculas/yo-narciso
,Cinemark Hoyts,Unicenter,,"YO, NARCISO",PREMIER 2D Doblada,01:10,,,,https://www.cinemark.com.ar/peliculas/yo-narciso
,Cinemark Hoyts,Unicenter,,"YO, NARCISO",PREMIER 2D Doblada,11:50,,,,https://www.cinemark.com.ar/peliculas/yo-narciso
,Cinemark Hoyts,Unicenter,,"YO, NARCISO",PREMIER 2D Doblada,12:50,,,,https://www.cinemark.com.ar/peliculas/yo-narciso
,Cinemark Hoyts,Unicenter,,"YO, NARCISO",2D Doblada,13:30,,,,https://www.cinemark.com.ar/peliculas/yo-narciso
,Cinemark Hoyts,Unicenter,,"YO, NARCISO",PREMIER 2D Doblada,15:00,,,,https://www.cinemark.com.ar/peliculas/yo-narciso
,Cinemark Hoyts,Unicenter,,"YO, NARCISO",2D Doblada,15:50,,,,https://www.cinemark.com.ar/peliculas/yo-narciso
,Cinemark Hoyts,Unicenter,,"YO, NARCISO",PREMIER 2D Doblada,17:20,,,,https://www.cinemark.com.ar/peliculas/yo-narciso
,Cinemark Hoyts,Unicenter,,"YO, NARCISO",2D Doblada,18:15,,,,https://www.cinemark.com.ar/peliculas/yo-narciso
,Cinemark Hoyts,Unicenter,,"YO, NARCISO",PREMIER 2D Doblada,20:00,,,,https://www.cinemark.com.ar/peliculas/yo-narciso
,Cinemark Hoyts,Unicenter,,"YO, NARCISO",2D Doblada,20:25,,,,https://www.cinemark.com.ar/peliculas/yo-narciso
,Cinemark Hoyts,Unicenter,,"YO, NARCISO",PREMIER 2D Doblada,22:30,,,,https://www.cinemark.com.ar/peliculas/yo-narciso
,Cinemark Hoyts,Unicenter,,"YO, NARCISO",2D Doblada,22:45,,,,https://www.cinemark.com.ar/peliculas/yo-narciso
,Cinemark Hoyts,Unicenter,,SPIDER-MAN: UN NUEVO DÍA,DBOX 2D Doblada,01:00,,,,https://www.cinemark.com.ar/peliculas/spider-man-un-nuevo-dia
,Cinemark Hoyts,Unicenter,,SPIDER-MAN: UN NUEVO DÍA,2D Doblada,01:00,,,,https://www.cinemark.com.ar/peliculas/spider-man-un-nuevo-dia
,Cinemark Hoyts,Unicenter,,SPIDER-MAN: UN NUEVO DÍA,4D 3D Doblada,12:00,,,,https://www.cinemark.com.ar/peliculas/spider-man-un-nuevo-dia
,Cinemark Hoyts,Unicenter,,SPIDER-MAN: UN NUEVO DÍA,DBOX 2D Subtitulada,12:30,,,,https://www.cinemark.com.ar/peliculas/spider-man-un-nuevo-dia
,Cinemark Hoyts,Unicenter,,SPIDER-MAN: UN NUEVO DÍA,2D Subtitulada,12:30,,,,https://www.cinemark.com.ar/peliculas/spider-man-un-nuevo-dia
,Cinemark Hoyts,Unicenter,,SPIDER-MAN: UN NUEVO DÍA,DBOX 3D Doblada,12:50,,,,https://www.cinemark.com.ar/peliculas/spider-man-un-nuevo-dia
,Cinemark Hoyts,Unicenter,,SPIDER-MAN: UN NUEVO DÍA,3D Doblada,12:50,,,,https://www.cinemark.com.ar/peliculas/spider-man-un-nuevo-dia
,Cinemark Hoyts,Unicenter,,SPIDER-MAN: UN NUEVO DÍA,2D Doblada,13:10,,,,https://www.cinemark.com.ar/peliculas/spider-man-un-nuevo-dia
,Cinemark Hoyts,Unicenter,,SPIDER-MAN: UN NUEVO DÍA,2D Doblada,14:50,,,,https://www.cinemark.com.ar/peliculas/spider-man-un-nuevo-dia
,Cinemark Hoyts,Unicenter,,SPIDER-MAN: UN NUEVO DÍA,4D 3D Doblada,15:10,,,,https://www.cinemark.com.ar/peliculas/spider-man-un-nuevo-dia
,Cinemark Hoyts,Unicenter,,SPIDER-MAN: UN NUEVO DÍA,DBOX 2D Subtitulada,15:40,,,,https://www.cinemark.com.ar/peliculas/spider-man-un-nuevo-dia
,Cinemark Hoyts,Unicenter,,SPIDER-MAN: UN NUEVO DÍA,2D Subtitulada,15:40,,,,https://www.cinemark.com.ar/peliculas/spider-man-un-nuevo-dia
,Cinemark Hoyts,Unicenter,,SPIDER-MAN: UN NUEVO DÍA,2D Subtitulada,16:20,,,,https://www.cinemark.com.ar/peliculas/spider-man-un-nuevo-dia
,Cinemark Hoyts,Unicenter,,SPIDER-MAN: UN NUEVO DÍA,2D Doblada,18:20,,,,https://www.cinemark.com.ar/peliculas/spider-man-un-nuevo-dia
,Cinemark Hoyts,Unicenter,,SPIDER-MAN: UN NUEVO DÍA,DBOX 2D Subtitulada,18:50,,,,https://www.cinemark.com.ar/peliculas/spider-man-un-nuevo-dia
,Cinemark Hoyts,Unicenter,,SPIDER-MAN: UN NUEVO DÍA,2D Subtitulada,18:50,,,,https://www.cinemark.com.ar/peliculas/spider-man-un-nuevo-dia
,Cinemark Hoyts,Unicenter,,SPIDER-MAN: UN NUEVO DÍA,2D Doblada,19:40,,,,https://www.cinemark.com.ar/peliculas/spider-man-un-nuevo-dia
,Cinemark Hoyts,Unicenter,,SPIDER-MAN: UN NUEVO DÍA,DBOX 3D Doblada,20:00,,,,https://www.cinemark.com.ar/peliculas/spider-man-un-nuevo-dia
,Cinemark Hoyts,Unicenter,,SPIDER-MAN: UN NUEVO DÍA,3D Doblada,20:00,,,,https://www.cinemark.com.ar/peliculas/spider-man-un-nuevo-dia
,Cinemark Hoyts,Unicenter,,SPIDER-MAN: UN NUEVO DÍA,2D Subtitulada,21:30,,,,https://www.cinemark.com.ar/peliculas/spider-man-un-nuevo-dia
,Cinemark Hoyts,Unicenter,,SPIDER-MAN: UN NUEVO DÍA,DBOX 2D Subtitulada,21:50,,,,https://www.cinemark.com.ar/peliculas/spider-man-un-nuevo-dia
,Cinemark Hoyts,Unicenter,,SPIDER-MAN: UN NUEVO DÍA,2D Subtitulada,21:50,,,,https://www.cinemark.com.ar/peliculas/spider-man-un-nuevo-dia
,Cinemark Hoyts,Unicenter,,SPIDER-MAN: UN NUEVO DÍA,2D Doblada,22:50,,,,https://www.cinemark.com.ar/peliculas/spider-man-un-nuevo-dia
,Cinemark Hoyts,Unicenter,,SPIDER-MAN: UN NUEVO DÍA,DBOX 2D Doblada,23:10,,,,https://www.cinemark.com.ar/peliculas/spider-man-un-nuevo-dia
,Cinemark Hoyts,Unicenter,,SPIDER-MAN: UN NUEVO DÍA,2D Doblada,23:10,,,,https://www.cinemark.com.ar/peliculas/spider-man-un-nuevo-dia
,Cinemark Hoyts,Unicenter,,LA GUERRA DE LOS ÚLTIMOS,2D Subtitulada,01:00,,,,https://www.cinemark.com.ar/peliculas/la-guerra-de-los-ultimos
,Cinemark Hoyts,Unicenter,,LA GUERRA DE LOS ÚLTIMOS,2D Subtitulada,13:40,,,,https://www.cinemark.com.ar/peliculas/la-guerra-de-los-ultimos
,Cinemark Hoyts,Unicenter,,LA GUERRA DE LOS ÚLTIMOS,2D Subtitulada,16:30,,,,https://www.cinemark.com.ar/peliculas/la-guerra-de-los-ultimos
,Cinemark Hoyts,Unicenter,,LA GUERRA DE LOS ÚLTIMOS,2D Subtitulada,19:20,,,,https://www.cinemark.com.ar/peliculas/la-guerra-de-los-ultimos
,Cinemark Hoyts,Unicenter,,LA GUERRA DE LOS ÚLTIMOS,2D Subtitulada,22:20,,,,https://www.cinemark.com.ar/peliculas/la-guerra-de-los-ultimos
,Cinemark Hoyts,Unicenter,,LA MUERTE DE ROBIN HOOD,2D Subtitulada,12:20,,,,https://www.cinemark.com.ar/peliculas/la-muerte-de-robin-hood
,Cinemark Hoyts,Unicenter,,COYOTE VS ACME,2D Doblada,12:20,,,,https://www.cinemark.com.ar/peliculas/coyote-vs-acme
,Cinemark Hoyts,Unicenter,,COYOTE VS ACME,2D Doblada,14:45,,,,https://www.cinemark.com.ar/peliculas/coyote-vs-acme
,Cinemark Hoyts,Unicenter,,COYOTE VS ACME,2D Doblada,17:20,,,,https://www.cinemark.com.ar/peliculas/coyote-vs-acme
,Cinemark Hoyts,Unicenter,,COYOTE VS ACME,2D Doblada,19:50,,,,https://www.cinemark.com.ar/peliculas/coyote-vs-acme
,Cinemark Hoyts,Unicenter,,COYOTE VS ACME,2D Subtitulada,22:15,,,,https://www.cinemark.com.ar/peliculas/coyote-vs-acme
,Cinemark Hoyts,Unicenter,,PAW PATROL: LA DINO PELÍCULA,DBOX 2D Doblada,12:25,,,,https://www.cinemark.com.ar/peliculas/paw-patrol-la-dino-pelicula
,Cinemark Hoyts,Unicenter,,PAW PATROL: LA DINO PELÍCULA,2D Doblada,12:25,,,,https://www.cinemark.com.ar/peliculas/paw-patrol-la-dino-pelicula
,Cinemark Hoyts,Unicenter,,PAW PATROL: LA DINO PELÍCULA,DBOX 2D Doblada,16:50,,,,https://www.cinemark.com.ar/peliculas/paw-patrol-la-dino-pelicula
,Cinemark Hoyts,Unicenter,,PAW PATROL: LA DINO PELÍCULA,2D Doblada,16:50,,,,https://www.cinemark.com.ar/peliculas/paw-patrol-la-dino-pelicula
,Cinemark Hoyts,Unicenter,,MINIONS & MONSTRUOS,2D Doblada,12:40,,,,https://www.cinemark.com.ar/peliculas/minions-monstruos
,Cinemark Hoyts,Unicenter,,MINIONS & MONSTRUOS,DBOX 2D Doblada,14:40,,,,https://www.cinemark.com.ar/peliculas/minions-monstruos
,Cinemark Hoyts,Unicenter,,MINIONS & MONSTRUOS,2D Doblada,14:40,,,,https://www.cinemark.com.ar/peliculas/minions-monstruos
,Cinemark Hoyts,Unicenter,,SÓLO POR UNA NOCHE,2D Doblada,13:20,,,,https://www.cinemark.com.ar/peliculas/solo-por-una-noche
,Cinemark Hoyts,Unicenter,,SÓLO POR UNA NOCHE,2D Doblada,15:45,,,,https://www.cinemark.com.ar/peliculas/solo-por-una-noche
,Cinemark Hoyts,Unicenter,,SÓLO POR UNA NOCHE,2D Subtitulada,18:00,,,,https://www.cinemark.com.ar/peliculas/solo-por-una-noche
,Cinemark Hoyts,Unicenter,,SÓLO POR UNA NOCHE,2D Subtitulada,20:20,,,,https://www.cinemark.com.ar/peliculas/solo-por-una-noche
,Cinemark Hoyts,Unicenter,,SÓLO POR UNA NOCHE,2D Subtitulada,22:40,,,,https://www.cinemark.com.ar/peliculas/solo-por-una-noche
,Cinemark Hoyts,Unicenter,,LU & PAU,2D Doblada,15:20,,,,https://www.cinemark.com.ar/peliculas/lu-pau
,Cinemark Hoyts,Unicenter,,LU & PAU,2D Doblada,20:15,,,,https://www.cinemark.com.ar/peliculas/lu-pau
,Cinemark Hoyts,Unicenter,,EL FINAL DE LA CALLE OAK,2D Subtitulada,20:10,,,,https://www.cinemark.com.ar/peliculas/el-final-de-la-calle-oak
,Cinemark Hoyts,Alto Avellaneda,,SPIDER-MAN: UN NUEVO DÍA,4D 3D Doblada,12:20,,,,https://www.cinemark.com.ar/peliculas/spider-man-un-nuevo-dia
,Cinemark Hoyts,Alto Avellaneda,,SPIDER-MAN: UN NUEVO DÍA,DBOX XD 2D Doblada,12:30,,,,https://www.cinemark.com.ar/peliculas/spider-man-un-nuevo-dia
,Cinemark Hoyts,Alto Avellaneda,,SPIDER-MAN: UN NUEVO DÍA,XD 2D Doblada,12:30,,,,https://www.cinemark.com.ar/peliculas/spider-man-un-nuevo-dia
,Cinemark Hoyts,Alto Avellaneda,,SPIDER-MAN: UN NUEVO DÍA,4D 3D Doblada,15:20,,,,https://www.cinemark.com.ar/peliculas/spider-man-un-nuevo-dia
,Cinemark Hoyts,Alto Avellaneda,,SPIDER-MAN: UN NUEVO DÍA,DBOX XD 2D Doblada,15:50,,,,https://www.cinemark.com.ar/peliculas/spider-man-un-nuevo-dia
,Cinemark Hoyts,Alto Avellaneda,,SPIDER-MAN: UN NUEVO DÍA,XD 2D Doblada,15:50,,,,https://www.cinemark.com.ar/peliculas/spider-man-un-nuevo-dia
,Cinemark Hoyts,Alto Avellaneda,,SPIDER-MAN: UN NUEVO DÍA,2D Doblada,18:30,,,,https://www.cinemark.com.ar/peliculas/spider-man-un-nuevo-dia
,Cinemark Hoyts,Alto Avellaneda,,SPIDER-MAN: UN NUEVO DÍA,4D 3D Doblada,18:40,,,,https://www.cinemark.com.ar/peliculas/spider-man-un-nuevo-dia
,Cinemark Hoyts,Alto Avellaneda,,SPIDER-MAN: UN NUEVO DÍA,2D Doblada,21:40,,,,https://www.cinemark.com.ar/peliculas/spider-man-un-nuevo-dia
,Cinemark Hoyts,Alto Avellaneda,,SPIDER-MAN: UN NUEVO DÍA,DBOX XD 2D Doblada,22:30,,,,https://www.cinemark.com.ar/peliculas/spider-man-un-nuevo-dia
,Cinemark Hoyts,Alto Avellaneda,,SPIDER-MAN: UN NUEVO DÍA,XD 2D Doblada,22:30,,,,https://www.cinemark.com.ar/peliculas/spider-man-un-nuevo-dia
,Cinemark Hoyts,Alto Avellaneda,,EL FINAL DE LA CALLE OAK,2D Doblada,12:20,,,,https://www.cinemark.com.ar/peliculas/el-final-de-la-calle-oak
,Cinemark Hoyts,Alto Avellaneda,,EL FINAL DE LA CALLE OAK,2D Doblada,14:40,,,,https://www.cinemark.com.ar/peliculas/el-final-de-la-calle-oak
,Cinemark Hoyts,Alto Avellaneda,,COYOTE VS ACME,DBOX 2D Doblada,12:35,,,,https://www.cinemark.com.ar/peliculas/coyote-vs-acme
,Cinemark Hoyts,Alto Avellaneda,,COYOTE VS ACME,2D Doblada,12:35,,,,https://www.cinemark.com.ar/peliculas/coyote-vs-acme
,Cinemark Hoyts,Alto Avellaneda,,COYOTE VS ACME,DBOX 2D Doblada,15:00,,,,https://www.cinemark.com.ar/peliculas/coyote-vs-acme
,Cinemark Hoyts,Alto Avellaneda,,COYOTE VS ACME,2D Doblada,15:00,,,,https://www.cinemark.com.ar/peliculas/coyote-vs-acme
,Cinemark Hoyts,Alto Avellaneda,,COYOTE VS ACME,DBOX 2D Doblada,17:20,,,,https://www.cinemark.com.ar/peliculas/coyote-vs-acme
,Cinemark Hoyts,Alto Avellaneda,,COYOTE VS ACME,2D Doblada,17:20,,,,https://www.cinemark.com.ar/peliculas/coyote-vs-acme
,Cinemark Hoyts,Alto Avellaneda,,COYOTE VS ACME,DBOX 2D Doblada,19:50,,,,https://www.cinemark.com.ar/peliculas/coyote-vs-acme
,Cinemark Hoyts,Alto Avellaneda,,COYOTE VS ACME,2D Doblada,19:50,,,,https://www.cinemark.com.ar/peliculas/coyote-vs-acme
,Cinemark Hoyts,Alto Avellaneda,,"YO, NARCISO",2D Doblada,12:50,,,,https://www.cinemark.com.ar/peliculas/yo-narciso
,Cinemark Hoyts,Alto Avellaneda,,"YO, NARCISO",2D Doblada,15:00,,,,https://www.cinemark.com.ar/peliculas/yo-narciso
,Cinemark Hoyts,Alto Avellaneda,,"YO, NARCISO",2D Doblada,17:30,,,,https://www.cinemark.com.ar/peliculas/yo-narciso
,Cinemark Hoyts,Alto Avellaneda,,"YO, NARCISO",2D Doblada,19:40,,,,https://www.cinemark.com.ar/peliculas/yo-narciso
,Cinemark Hoyts,Alto Avellaneda,,"YO, NARCISO",2D Doblada,21:50,,,,https://www.cinemark.com.ar/peliculas/yo-narciso
,Cinemark Hoyts,Alto Avellaneda,,LA NOCHE DEL DEMONIO 6,2D Doblada,13:10,,,,https://www.cinemark.com.ar/peliculas/la-noche-del-demonio-estan-entre-nosotros
,Cinemark Hoyts,Alto Avellaneda,,LA NOCHE DEL DEMONIO 6,2D Doblada,15:30,,,,https://www.cinemark.com.ar/peliculas/la-noche-del-demonio-estan-entre-nosotros
,Cinemark Hoyts,Alto Avellaneda,,LA NOCHE DEL DEMONIO 6,2D Doblada,18:00,,,,https://www.cinemark.com.ar/peliculas/la-noche-del-demonio-estan-entre-nosotros
,Cinemark Hoyts,Alto Avellaneda,,LA NOCHE DEL DEMONIO 6,2D Doblada,20:30,,,,https://www.cinemark.com.ar/peliculas/la-noche-del-demonio-estan-entre-nosotros
,Cinemark Hoyts,Alto Avellaneda,,LA NOCHE DEL DEMONIO 6,2D Doblada,22:50,,,,https://www.cinemark.com.ar/peliculas/la-noche-del-demonio-estan-entre-nosotros
,Cinemark Hoyts,Alto Avellaneda,,LA GUERRA DE LOS ÚLTIMOS,2D Doblada,13:30,,,,https://www.cinemark.com.ar/peliculas/la-guerra-de-los-ultimos
,Cinemark Hoyts,Alto Avellaneda,,LA GUERRA DE LOS ÚLTIMOS,2D Doblada,16:30,,,,https://www.cinemark.com.ar/peliculas/la-guerra-de-los-ultimos
,Cinemark Hoyts,Alto Avellaneda,,LA GUERRA DE LOS ÚLTIMOS,2D Doblada,19:30,,,,https://www.cinemark.com.ar/peliculas/la-guerra-de-los-ultimos
,Cinemark Hoyts,Alto Avellaneda,,LA GUERRA DE LOS ÚLTIMOS,2D Doblada,22:20,,,,https://www.cinemark.com.ar/peliculas/la-guerra-de-los-ultimos
,Cinemark Hoyts,Alto Avellaneda,,PAW PATROL: LA DINO PELÍCULA,2D Doblada,14:00,,,,https://www.cinemark.com.ar/peliculas/paw-patrol-la-dino-pelicula
,Cinemark Hoyts,Alto Avellaneda,,SÓLO POR UNA NOCHE,2D Doblada,17:00,,,,https://www.cinemark.com.ar/peliculas/solo-por-una-noche
,Cinemark Hoyts,Alto Avellaneda,,SÓLO POR UNA NOCHE,2D Doblada,23:00,,,,https://www.cinemark.com.ar/peliculas/solo-por-una-noche
,Cinemark Hoyts,Alto Avellaneda,,HARRY POTTER 25° ANIVERSARIO,DBOX XD 2D Subtitulada,19:00,,,,https://www.cinemark.com.ar/peliculas/harry-potter-y-la-piedra-filosofal-25-aniversario
,Cinemark Hoyts,Alto Avellaneda,,HARRY POTTER 25° ANIVERSARIO,XD 2D Subtitulada,19:00,,,,https://www.cinemark.com.ar/peliculas/harry-potter-y-la-piedra-filosofal-25-aniversario
,Cinemark Hoyts,Alto Avellaneda,,HARRY POTTER 25° ANIVERSARIO,4D 2D Doblada,22:00,,,,https://www.cinemark.com.ar/peliculas/harry-potter-y-la-piedra-filosofal-25-aniversario
,Cinemark Hoyts,Alto Avellaneda,,LA ODISEA,2D Doblada,19:20,,,,https://www.cinemark.com.ar/peliculas/la-odisea
,Cinemark Hoyts,Alto Avellaneda,,LA ODISEA,DBOX 2D Doblada,22:10,,,,https://www.cinemark.com.ar/peliculas/la-odisea
,Cinemark Hoyts,Alto Avellaneda,,LA ODISEA,2D Doblada,22:10,,,,https://www.cinemark.com.ar/peliculas/la-odisea
,Cinemark Hoyts,San Justo,,LA NOCHE DEL DEMONIO 6,DBOX 2D Doblada,12:20,,,,https://www.cinemark.com.ar/peliculas/la-noche-del-demonio-estan-entre-nosotros
,Cinemark Hoyts,San Justo,,LA NOCHE DEL DEMONIO 6,2D Doblada,12:20,,,,https://www.cinemark.com.ar/peliculas/la-noche-del-demonio-estan-entre-nosotros
,Cinemark Hoyts,San Justo,,LA NOCHE DEL DEMONIO 6,DBOX 2D Doblada,14:40,,,,https://www.cinemark.com.ar/peliculas/la-noche-del-demonio-estan-entre-nosotros
,Cinemark Hoyts,San Justo,,LA NOCHE DEL DEMONIO 6,2D Doblada,14:40,,,,https://www.cinemark.com.ar/peliculas/la-noche-del-demonio-estan-entre-nosotros
,Cinemark Hoyts,San Justo,,LA NOCHE DEL DEMONIO 6,DBOX 2D Doblada,17:00,,,,https://www.cinemark.com.ar/peliculas/la-noche-del-demonio-estan-entre-nosotros
,Cinemark Hoyts,San Justo,,LA NOCHE DEL DEMONIO 6,2D Doblada,17:00,,,,https://www.cinemark.com.ar/peliculas/la-noche-del-demonio-estan-entre-nosotros
,Cinemark Hoyts,San Justo,,LA NOCHE DEL DEMONIO 6,DBOX 2D Doblada,19:20,,,,https://www.cinemark.com.ar/peliculas/la-noche-del-demonio-estan-entre-nosotros
,Cinemark Hoyts,San Justo,,LA NOCHE DEL DEMONIO 6,2D Doblada,19:20,,,,https://www.cinemark.com.ar/peliculas/la-noche-del-demonio-estan-entre-nosotros
,Cinemark Hoyts,San Justo,,LA NOCHE DEL DEMONIO 6,DBOX 2D Doblada,22:00,,,,https://www.cinemark.com.ar/peliculas/la-noche-del-demonio-estan-entre-nosotros
,Cinemark Hoyts,San Justo,,LA NOCHE DEL DEMONIO 6,2D Doblada,22:00,,,,https://www.cinemark.com.ar/peliculas/la-noche-del-demonio-estan-entre-nosotros
,Cinemark Hoyts,San Justo,,LA NOCHE DEL DEMONIO 6,2D Doblada,23:00,,,,https://www.cinemark.com.ar/peliculas/la-noche-del-demonio-estan-entre-nosotros
,Cinemark Hoyts,San Justo,,LA GUERRA DE LOS ÚLTIMOS,2D Doblada,12:30,,,,https://www.cinemark.com.ar/peliculas/la-guerra-de-los-ultimos
,Cinemark Hoyts,San Justo,,LA GUERRA DE LOS ÚLTIMOS,2D Doblada,15:00,,,,https://www.cinemark.com.ar/peliculas/la-guerra-de-los-ultimos
,Cinemark Hoyts,San Justo,,LA GUERRA DE LOS ÚLTIMOS,2D Doblada,17:30,,,,https://www.cinemark.com.ar/peliculas/la-guerra-de-los-ultimos
,Cinemark Hoyts,San Justo,,LA GUERRA DE LOS ÚLTIMOS,2D Doblada,20:00,,,,https://www.cinemark.com.ar/peliculas/la-guerra-de-los-ultimos
,Cinemark Hoyts,San Justo,,SPIDER-MAN: UN NUEVO DÍA,DBOX XD 2D Doblada,12:40,,,,https://www.cinemark.com.ar/peliculas/spider-man-un-nuevo-dia
,Cinemark Hoyts,San Justo,,SPIDER-MAN: UN NUEVO DÍA,XD 2D Doblada,12:40,,,,https://www.cinemark.com.ar/peliculas/spider-man-un-nuevo-dia
,Cinemark Hoyts,San Justo,,SPIDER-MAN: UN NUEVO DÍA,DBOX XD 2D Doblada,15:50,,,,https://www.cinemark.com.ar/peliculas/spider-man-un-nuevo-dia
,Cinemark Hoyts,San Justo,,SPIDER-MAN: UN NUEVO DÍA,XD 2D Doblada,15:50,,,,https://www.cinemark.com.ar/peliculas/spider-man-un-nuevo-dia
,Cinemark Hoyts,San Justo,,SPIDER-MAN: UN NUEVO DÍA,3D Doblada,18:50,,,,https://www.cinemark.com.ar/peliculas/spider-man-un-nuevo-dia
,Cinemark Hoyts,San Justo,,SPIDER-MAN: UN NUEVO DÍA,2D Doblada,22:10,,,,https://www.cinemark.com.ar/peliculas/spider-man-un-nuevo-dia
,Cinemark Hoyts,San Justo,,SPIDER-MAN: UN NUEVO DÍA,DBOX XD 2D Doblada,22:50,,,,https://www.cinemark.com.ar/peliculas/spider-man-un-nuevo-dia
,Cinemark Hoyts,San Justo,,SPIDER-MAN: UN NUEVO DÍA,XD 2D Doblada,22:50,,,,https://www.cinemark.com.ar/peliculas/spider-man-un-nuevo-dia
,Cinemark Hoyts,San Justo,,TOY STORY 5,2D Doblada,12:50,,,,https://www.cinemark.com.ar/peliculas/toy-story-5
,Cinemark Hoyts,San Justo,,COYOTE VS ACME,2D Doblada,13:00,,,,https://www.cinemark.com.ar/peliculas/coyote-vs-acme
,Cinemark Hoyts,San Justo,,COYOTE VS ACME,2D Doblada,15:30,,,,https://www.cinemark.com.ar/peliculas/coyote-vs-acme
,Cinemark Hoyts,San Justo,,COYOTE VS ACME,2D Doblada,18:00,,,,https://www.cinemark.com.ar/peliculas/coyote-vs-acme
,Cinemark Hoyts,San Justo,,COYOTE VS ACME,2D Doblada,20:30,,,,https://www.cinemark.com.ar/peliculas/coyote-vs-acme
,Cinemark Hoyts,San Justo,,"YO, NARCISO",2D Doblada,13:10,,,,https://www.cinemark.com.ar/peliculas/yo-narciso
,Cinemark Hoyts,San Justo,,"YO, NARCISO",2D Doblada,15:20,,,,https://www.cinemark.com.ar/peliculas/yo-narciso
,Cinemark Hoyts,San Justo,,"YO, NARCISO",2D Doblada,17:40,,,,https://www.cinemark.com.ar/peliculas/yo-narciso
,Cinemark Hoyts,San Justo,,"YO, NARCISO",2D Doblada,19:50,,,,https://www.cinemark.com.ar/peliculas/yo-narciso
,Cinemark Hoyts,San Justo,,"YO, NARCISO",2D Doblada,22:20,,,,https://www.cinemark.com.ar/peliculas/yo-narciso
,Cinemark Hoyts,San Justo,,LA ODISEA,2D Doblada,15:10,,,,https://www.cinemark.com.ar/peliculas/la-odisea
,Cinemark Hoyts,San Justo,,LA ODISEA,2D Doblada,22:30,,,,https://www.cinemark.com.ar/peliculas/la-odisea
,Cinemark Hoyts,San Justo,,HARRY POTTER 25° ANIVERSARIO,DBOX XD 2D Doblada,19:00,,,,https://www.cinemark.com.ar/peliculas/harry-potter-y-la-piedra-filosofal-25-aniversario
,Cinemark Hoyts,San Justo,,HARRY POTTER 25° ANIVERSARIO,XD 2D Doblada,19:00,,,,https://www.cinemark.com.ar/peliculas/harry-potter-y-la-piedra-filosofal-25-aniversario
,Cinemark Hoyts,Malvinas Argentinas,,PAW PATROL: LA DINO PELÍCULA,2D Doblada,12:20,,,,https://www.cinemark.com.ar/peliculas/paw-patrol-la-dino-pelicula
,Cinemark Hoyts,Malvinas Argentinas,,LA NOCHE DEL DEMONIO 6,DBOX 2D Doblada,12:30,,,,https://www.cinemark.com.ar/peliculas/la-noche-del-demonio-estan-entre-nosotros
,Cinemark Hoyts,Malvinas Argentinas,,LA NOCHE DEL DEMONIO 6,2D Doblada,12:30,,,,https://www.cinemark.com.ar/peliculas/la-noche-del-demonio-estan-entre-nosotros
,Cinemark Hoyts,Malvinas Argentinas,,LA NOCHE DEL DEMONIO 6,2D Doblada,15:00,,,,https://www.cinemark.com.ar/peliculas/la-noche-del-demonio-estan-entre-nosotros
,Cinemark Hoyts,Malvinas Argentinas,,LA NOCHE DEL DEMONIO 6,2D Doblada,17:20,,,,https://www.cinemark.com.ar/peliculas/la-noche-del-demonio-estan-entre-nosotros
,Cinemark Hoyts,Malvinas Argentinas,,LA NOCHE DEL DEMONIO 6,2D Doblada,19:40,,,,https://www.cinemark.com.ar/peliculas/la-noche-del-demonio-estan-entre-nosotros
,Cinemark Hoyts,Malvinas Argentinas,,LA NOCHE DEL DEMONIO 6,2D Doblada,22:00,,,,https://www.cinemark.com.ar/peliculas/la-noche-del-demonio-estan-entre-nosotros
,Cinemark Hoyts,Malvinas Argentinas,,LA NOCHE DEL DEMONIO 6,2D Doblada,23:00,,,,https://www.cinemark.com.ar/peliculas/la-noche-del-demonio-estan-entre-nosotros
,Cinemark Hoyts,Malvinas Argentinas,,SPIDER-MAN: UN NUEVO DÍA,DBOX XD 2D Doblada,12:40,,,,https://www.cinemark.com.ar/peliculas/spider-man-un-nuevo-dia
,Cinemark Hoyts,Malvinas Argentinas,,SPIDER-MAN: UN NUEVO DÍA,XD 2D Doblada,12:40,,,,https://www.cinemark.com.ar/peliculas/spider-man-un-nuevo-dia
,Cinemark Hoyts,Malvinas Argentinas,,SPIDER-MAN: UN NUEVO DÍA,DBOX 2D Doblada,14:50,,,,https://www.cinemark.com.ar/peliculas/spider-man-un-nuevo-dia
,Cinemark Hoyts,Malvinas Argentinas,,SPIDER-MAN: UN NUEVO DÍA,2D Doblada,14:50,,,,https://www.cinemark.com.ar/peliculas/spider-man-un-nuevo-dia
,Cinemark Hoyts,Malvinas Argentinas,,SPIDER-MAN: UN NUEVO DÍA,DBOX XD 2D Doblada,15:50,,,,https://www.cinemark.com.ar/peliculas/spider-man-un-nuevo-dia
,Cinemark Hoyts,Malvinas Argentinas,,SPIDER-MAN: UN NUEVO DÍA,XD 2D Doblada,15:50,,,,https://www.cinemark.com.ar/peliculas/spider-man-un-nuevo-dia
,Cinemark Hoyts,Malvinas Argentinas,,SPIDER-MAN: UN NUEVO DÍA,DBOX 3D Doblada,18:10,,,,https://www.cinemark.com.ar/peliculas/spider-man-un-nuevo-dia
,Cinemark Hoyts,Malvinas Argentinas,,SPIDER-MAN: UN NUEVO DÍA,3D Doblada,18:10,,,,https://www.cinemark.com.ar/peliculas/spider-man-un-nuevo-dia
,Cinemark Hoyts,Malvinas Argentinas,,SPIDER-MAN: UN NUEVO DÍA,2D Doblada,19:50,,,,https://www.cinemark.com.ar/peliculas/spider-man-un-nuevo-dia
,Cinemark Hoyts,Malvinas Argentinas,,SPIDER-MAN: UN NUEVO DÍA,DBOX 2D Doblada,21:20,,,,https://www.cinemark.com.ar/peliculas/spider-man-un-nuevo-dia
,Cinemark Hoyts,Malvinas Argentinas,,SPIDER-MAN: UN NUEVO DÍA,2D Doblada,21:20,,,,https://www.cinemark.com.ar/peliculas/spider-man-un-nuevo-dia
,Cinemark Hoyts,Malvinas Argentinas,,SPIDER-MAN: UN NUEVO DÍA,2D Doblada,22:25,,,,https://www.cinemark.com.ar/peliculas/spider-man-un-nuevo-dia
,Cinemark Hoyts,Malvinas Argentinas,,SPIDER-MAN: UN NUEVO DÍA,DBOX XD 2D Doblada,22:50,,,,https://www.cinemark.com.ar/peliculas/spider-man-un-nuevo-dia
,Cinemark Hoyts,Malvinas Argentinas,,SPIDER-MAN: UN NUEVO DÍA,XD 2D Doblada,22:50,,,,https://www.cinemark.com.ar/peliculas/spider-man-un-nuevo-dia
,Cinemark Hoyts,Malvinas Argentinas,,COYOTE VS ACME,2D Doblada,12:45,,,,https://www.cinemark.com.ar/peliculas/coyote-vs-acme
,Cinemark Hoyts,Malvinas Argentinas,,COYOTE VS ACME,2D Doblada,15:20,,,,https://www.cinemark.com.ar/peliculas/coyote-vs-acme
,Cinemark Hoyts,Malvinas Argentinas,,COYOTE VS ACME,2D Doblada,17:50,,,,https://www.cinemark.com.ar/peliculas/coyote-vs-acme
,Cinemark Hoyts,Malvinas Argentinas,,COYOTE VS ACME,2D Doblada,20:15,,,,https://www.cinemark.com.ar/peliculas/coyote-vs-acme
,Cinemark Hoyts,Malvinas Argentinas,,COYOTE VS ACME,2D Doblada,22:40,,,,https://www.cinemark.com.ar/peliculas/coyote-vs-acme
,Cinemark Hoyts,Malvinas Argentinas,,"YO, NARCISO",2D Doblada,13:00,,,,https://www.cinemark.com.ar/peliculas/yo-narciso
,Cinemark Hoyts,Malvinas Argentinas,,"YO, NARCISO",2D Doblada,15:10,,,,https://www.cinemark.com.ar/peliculas/yo-narciso
,Cinemark Hoyts,Malvinas Argentinas,,"YO, NARCISO",2D Doblada,17:30,,,,https://www.cinemark.com.ar/peliculas/yo-narciso
,Cinemark Hoyts,Malvinas Argentinas,,"YO, NARCISO",2D Doblada,19:45,,,,https://www.cinemark.com.ar/peliculas/yo-narciso
,Cinemark Hoyts,Malvinas Argentinas,,"YO, NARCISO",2D Doblada,22:10,,,,https://www.cinemark.com.ar/peliculas/yo-narciso
,Cinemark Hoyts,Malvinas Argentinas,,LA GUERRA DE LOS ÚLTIMOS,2D Doblada,14:10,,,,https://www.cinemark.com.ar/peliculas/la-guerra-de-los-ultimos
,Cinemark Hoyts,Malvinas Argentinas,,LA GUERRA DE LOS ÚLTIMOS,2D Doblada,16:50,,,,https://www.cinemark.com.ar/peliculas/la-guerra-de-los-ultimos
,Cinemark Hoyts,Malvinas Argentinas,,LA GUERRA DE LOS ÚLTIMOS,2D Doblada,19:30,,,,https://www.cinemark.com.ar/peliculas/la-guerra-de-los-ultimos
,Cinemark Hoyts,Malvinas Argentinas,,LA GUERRA DE LOS ÚLTIMOS,2D Doblada,22:30,,,,https://www.cinemark.com.ar/peliculas/la-guerra-de-los-ultimos
,Cinemark Hoyts,Malvinas Argentinas,,LA ODISEA,2D Doblada,14:40,,,,https://www.cinemark.com.ar/peliculas/la-odisea
,Cinemark Hoyts,Malvinas Argentinas,,LA ODISEA,2D Doblada,18:20,,,,https://www.cinemark.com.ar/peliculas/la-odisea
,Cinemark Hoyts,Malvinas Argentinas,,LA ODISEA,2D Doblada,21:50,,,,https://www.cinemark.com.ar/peliculas/la-odisea
,Cinemark Hoyts,Malvinas Argentinas,,EL FINAL DE LA CALLE OAK,2D Doblada,15:40,,,,https://www.cinemark.com.ar/peliculas/el-final-de-la-calle-oak
,Cinemark Hoyts,Malvinas Argentinas,,EL FINAL DE LA CALLE OAK,2D Doblada,20:30,,,,https://www.cinemark.com.ar/peliculas/el-final-de-la-calle-oak
,Cinemark Hoyts,Malvinas Argentinas,,HARRY POTTER 25° ANIVERSARIO,2D Subtitulada,16:30,,,,https://www.cinemark.com.ar/peliculas/harry-potter-y-la-piedra-filosofal-25-aniversario
,Cinemark Hoyts,Malvinas Argentinas,,HARRY POTTER 25° ANIVERSARIO,XD 2D Doblada,19:00,,,,https://www.cinemark.com.ar/peliculas/harry-potter-y-la-piedra-filosofal-25-aniversario
,Cinemark Hoyts,Malvinas Argentinas,,IMPACTO MORTAL,2D Doblada,18:00,,,,https://www.cinemark.com.ar/peliculas/impacto-mortal
,Cinemark Hoyts,Malvinas Argentinas,,IMPACTO MORTAL,2D Doblada,22:45,,,,https://www.cinemark.com.ar/peliculas/impacto-mortal
,Cinemark Hoyts,Malvinas Argentinas,,LINKIN PARK: UNSHATTER,2D Subtitulada,20:00,,,,https://www.cinemark.com.ar/peliculas/linkin-park-unshatter
,Cinemark Hoyts,Moron,,SPIDER-MAN: UN NUEVO DÍA,DBOX 2D Doblada,12:30,,,,https://www.cinemark.com.ar/peliculas/spider-man-un-nuevo-dia
,Cinemark Hoyts,Moron,,SPIDER-MAN: UN NUEVO DÍA,2D Doblada,12:30,,,,https://www.cinemark.com.ar/peliculas/spider-man-un-nuevo-dia
,Cinemark Hoyts,Moron,,SPIDER-MAN: UN NUEVO DÍA,DBOX 2D Doblada,15:40,,,,https://www.cinemark.com.ar/peliculas/spider-man-un-nuevo-dia
,Cinemark Hoyts,Moron,,SPIDER-MAN: UN NUEVO DÍA,2D Doblada,15:40,,,,https://www.cinemark.com.ar/peliculas/spider-man-un-nuevo-dia
,Cinemark Hoyts,Moron,,SPIDER-MAN: UN NUEVO DÍA,3D Doblada,16:30,,,,https://www.cinemark.com.ar/peliculas/spider-man-un-nuevo-dia
,Cinemark Hoyts,Moron,,SPIDER-MAN: UN NUEVO DÍA,2D Doblada,19:30,,,,https://www.cinemark.com.ar/peliculas/spider-man-un-nuevo-dia
,Cinemark Hoyts,Moron,,SPIDER-MAN: UN NUEVO DÍA,2D Doblada,19:50,,,,https://www.cinemark.com.ar/peliculas/spider-man-un-nuevo-dia
,Cinemark Hoyts,Moron,,SPIDER-MAN: UN NUEVO DÍA,DBOX 2D Doblada,22:30,,,,https://www.cinemark.com.ar/peliculas/spider-man-un-nuevo-dia
,Cinemark Hoyts,Moron,,SPIDER-MAN: UN NUEVO DÍA,2D Doblada,22:30,,,,https://www.cinemark.com.ar/peliculas/spider-man-un-nuevo-dia
,Cinemark Hoyts,Moron,,SPIDER-MAN: UN NUEVO DÍA,2D Doblada,23:00,,,,https://www.cinemark.com.ar/peliculas/spider-man-un-nuevo-dia
,Cinemark Hoyts,Moron,,COYOTE VS ACME,2D Doblada,13:50,,,,https://www.cinemark.com.ar/peliculas/coyote-vs-acme
,Cinemark Hoyts,Moron,,COYOTE VS ACME,2D Doblada,15:00,,,,https://www.cinemark.com.ar/peliculas/coyote-vs-acme
,Cinemark Hoyts,Moron,,COYOTE VS ACME,2D Doblada,17:30,,,,https://www.cinemark.com.ar/peliculas/coyote-vs-acme
,Cinemark Hoyts,Moron,,COYOTE VS ACME,2D Doblada,20:00,,,,https://www.cinemark.com.ar/peliculas/coyote-vs-acme
,Cinemark Hoyts,Moron,,LA NOCHE DEL DEMONIO 6,DBOX 2D Doblada,14:10,,,,https://www.cinemark.com.ar/peliculas/la-noche-del-demonio-estan-entre-nosotros
,Cinemark Hoyts,Moron,,LA NOCHE DEL DEMONIO 6,2D Doblada,14:10,,,,https://www.cinemark.com.ar/peliculas/la-noche-del-demonio-estan-entre-nosotros
,Cinemark Hoyts,Moron,,LA NOCHE DEL DEMONIO 6,DBOX 2D Doblada,16:40,,,,https://www.cinemark.com.ar/peliculas/la-noche-del-demonio-estan-entre-nosotros
,Cinemark Hoyts,Moron,,LA NOCHE DEL DEMONIO 6,2D Doblada,16:40,,,,https://www.cinemark.com.ar/peliculas/la-noche-del-demonio-estan-entre-nosotros
,Cinemark Hoyts,Moron,,LA NOCHE DEL DEMONIO 6,DBOX 2D Doblada,19:20,,,,https://www.cinemark.com.ar/peliculas/la-noche-del-demonio-estan-entre-nosotros
,Cinemark Hoyts,Moron,,LA NOCHE DEL DEMONIO 6,2D Doblada,19:20,,,,https://www.cinemark.com.ar/peliculas/la-noche-del-demonio-estan-entre-nosotros
,Cinemark Hoyts,Moron,,LA NOCHE DEL DEMONIO 6,DBOX 2D Doblada,22:00,,,,https://www.cinemark.com.ar/peliculas/la-noche-del-demonio-estan-entre-nosotros
,Cinemark Hoyts,Moron,,LA NOCHE DEL DEMONIO 6,2D Doblada,22:00,,,,https://www.cinemark.com.ar/peliculas/la-noche-del-demonio-estan-entre-nosotros
,Cinemark Hoyts,Moron,,LA NOCHE DEL DEMONIO 6,2D Doblada,22:50,,,,https://www.cinemark.com.ar/peliculas/la-noche-del-demonio-estan-entre-nosotros
,Cinemark Hoyts,Moron,,LA GUERRA DE LOS ÚLTIMOS,2D Doblada,14:15,,,,https://www.cinemark.com.ar/peliculas/la-guerra-de-los-ultimos
,Cinemark Hoyts,Moron,,LA GUERRA DE LOS ÚLTIMOS,2D Doblada,16:50,,,,https://www.cinemark.com.ar/peliculas/la-guerra-de-los-ultimos
,Cinemark Hoyts,Moron,,LA GUERRA DE LOS ÚLTIMOS,2D Doblada,19:40,,,,https://www.cinemark.com.ar/peliculas/la-guerra-de-los-ultimos
,Cinemark Hoyts,Moron,,LA GUERRA DE LOS ÚLTIMOS,2D Doblada,22:20,,,,https://www.cinemark.com.ar/peliculas/la-guerra-de-los-ultimos
,Cinemark Hoyts,Moron,,"YO, NARCISO",2D Doblada,14:40,,,,https://www.cinemark.com.ar/peliculas/yo-narciso
,Cinemark Hoyts,Moron,,"YO, NARCISO",2D Doblada,17:00,,,,https://www.cinemark.com.ar/peliculas/yo-narciso
,Cinemark Hoyts,Moron,,"YO, NARCISO",2D Doblada,19:20,,,,https://www.cinemark.com.ar/peliculas/yo-narciso
,Cinemark Hoyts,Moron,,"YO, NARCISO",2D Doblada,21:50,,,,https://www.cinemark.com.ar/peliculas/yo-narciso
,Cinemark Hoyts,Moron,,"YO, NARCISO",2D Doblada,22:40,,,,https://www.cinemark.com.ar/peliculas/yo-narciso
,Cinemark Hoyts,Moron,,HARRY POTTER 25° ANIVERSARIO,2D Doblada,16:00,,,,https://www.cinemark.com.ar/peliculas/harry-potter-y-la-piedra-filosofal-25-aniversario
,Cinemark Hoyts,Moron,,HARRY POTTER 25° ANIVERSARIO,DBOX 2D Subtitulada,19:00,,,,https://www.cinemark.com.ar/peliculas/harry-potter-y-la-piedra-filosofal-25-aniversario
,Cinemark Hoyts,Moron,,HARRY POTTER 25° ANIVERSARIO,2D Subtitulada,19:00,,,,https://www.cinemark.com.ar/peliculas/harry-potter-y-la-piedra-filosofal-25-aniversario
,Cinemark Hoyts,Moron,,LA ODISEA,2D Doblada,18:30,,,,https://www.cinemark.com.ar/peliculas/la-odisea
,Cinemark Hoyts,Moron,,LA ODISEA,2D Doblada,22:10,,,,https://www.cinemark.com.ar/peliculas/la-odisea
,Cinemark Hoyts,Tortugas,,SPIDER-MAN: UN NUEVO DÍA,DBOX XD 2D Doblada,12:40,,,,https://www.cinemark.com.ar/peliculas/spider-man-un-nuevo-dia
,Cinemark Hoyts,Tortugas,,SPIDER-MAN: UN NUEVO DÍA,XD 2D Doblada,12:40,,,,https://www.cinemark.com.ar/peliculas/spider-man-un-nuevo-dia
,Cinemark Hoyts,Tortugas,,SPIDER-MAN: UN NUEVO DÍA,DBOX 2D Doblada,13:15,,,,https://www.cinemark.com.ar/peliculas/spider-man-un-nuevo-dia
,Cinemark Hoyts,Tortugas,,SPIDER-MAN: UN NUEVO DÍA,2D Doblada,13:15,,,,https://www.cinemark.com.ar/peliculas/spider-man-un-nuevo-dia
,Cinemark Hoyts,Tortugas,,SPIDER-MAN: UN NUEVO DÍA,DBOX XD 2D Doblada,15:50,,,,https://www.cinemark.com.ar/peliculas/spider-man-un-nuevo-dia
,Cinemark Hoyts,Tortugas,,SPIDER-MAN: UN NUEVO DÍA,XD 2D Doblada,15:50,,,,https://www.cinemark.com.ar/peliculas/spider-man-un-nuevo-dia
,Cinemark Hoyts,Tortugas,,SPIDER-MAN: UN NUEVO DÍA,DBOX 2D Doblada,16:25,,,,https://www.cinemark.com.ar/peliculas/spider-man-un-nuevo-dia
,Cinemark Hoyts,Tortugas,,SPIDER-MAN: UN NUEVO DÍA,2D Doblada,16:25,,,,https://www.cinemark.com.ar/peliculas/spider-man-un-nuevo-dia
,Cinemark Hoyts,Tortugas,,SPIDER-MAN: UN NUEVO DÍA,DBOX 3D Doblada,19:35,,,,https://www.cinemark.com.ar/peliculas/spider-man-un-nuevo-dia
,Cinemark Hoyts,Tortugas,,SPIDER-MAN: UN NUEVO DÍA,3D Doblada,19:35,,,,https://www.cinemark.com.ar/peliculas/spider-man-un-nuevo-dia
,Cinemark Hoyts,Tortugas,,SPIDER-MAN: UN NUEVO DÍA,2D Doblada,19:50,,,,https://www.cinemark.com.ar/peliculas/spider-man-un-nuevo-dia
,Cinemark Hoyts,Tortugas,,SPIDER-MAN: UN NUEVO DÍA,DBOX XD 2D Doblada,22:30,,,,https://www.cinemark.com.ar/peliculas/spider-man-un-nuevo-dia
,Cinemark Hoyts,Tortugas,,SPIDER-MAN: UN NUEVO DÍA,XD 2D Doblada,22:30,,,,https://www.cinemark.com.ar/peliculas/spider-man-un-nuevo-dia
,Cinemark Hoyts,Tortugas,,SPIDER-MAN: UN NUEVO DÍA,DBOX 2D Doblada,22:45,,,,https://www.cinemark.com.ar/peliculas/spider-man-un-nuevo-dia
,Cinemark Hoyts,Tortugas,,SPIDER-MAN: UN NUEVO DÍA,2D Doblada,22:45,,,,https://www.cinemark.com.ar/peliculas/spider-man-un-nuevo-dia
,Cinemark Hoyts,Tortugas,,IMPACTO MORTAL,2D Doblada,13:10,,,,https://www.cinemark.com.ar/peliculas/impacto-mortal
,Cinemark Hoyts,Tortugas,,IMPACTO MORTAL,2D Doblada,18:00,,,,https://www.cinemark.com.ar/peliculas/impacto-mortal
,Cinemark Hoyts,Tortugas,,IMPACTO MORTAL,2D Doblada,22:50,,,,https://www.cinemark.com.ar/peliculas/impacto-mortal
,Cinemark Hoyts,Tortugas,,"YO, NARCISO",2D Doblada,13:20,,,,https://www.cinemark.com.ar/peliculas/yo-narciso
,Cinemark Hoyts,Tortugas,,"YO, NARCISO",2D Doblada,15:30,,,,https://www.cinemark.com.ar/peliculas/yo-narciso
,Cinemark Hoyts,Tortugas,,"YO, NARCISO",2D Doblada,17:50,,,,https://www.cinemark.com.ar/peliculas/yo-narciso
,Cinemark Hoyts,Tortugas,,"YO, NARCISO",2D Doblada,20:00,,,,https://www.cinemark.com.ar/peliculas/yo-narciso
,Cinemark Hoyts,Tortugas,,"YO, NARCISO",2D Doblada,22:10,,,,https://www.cinemark.com.ar/peliculas/yo-narciso
,Cinemark Hoyts,Tortugas,,EL FINAL DE LA CALLE OAK,2D Doblada,14:00,,,,https://www.cinemark.com.ar/peliculas/el-final-de-la-calle-oak
,Cinemark Hoyts,Tortugas,,COYOTE VS ACME,2D Doblada,14:10,,,,https://www.cinemark.com.ar/peliculas/coyote-vs-acme
,Cinemark Hoyts,Tortugas,,COYOTE VS ACME,2D Doblada,16:40,,,,https://www.cinemark.com.ar/peliculas/coyote-vs-acme
,Cinemark Hoyts,Tortugas,,COYOTE VS ACME,2D Doblada,19:10,,,,https://www.cinemark.com.ar/peliculas/coyote-vs-acme
,Cinemark Hoyts,Tortugas,,COYOTE VS ACME,2D Doblada,21:40,,,,https://www.cinemark.com.ar/peliculas/coyote-vs-acme
,Cinemark Hoyts,Tortugas,,LA GUERRA DE LOS ÚLTIMOS,2D Doblada,14:15,,,,https://www.cinemark.com.ar/peliculas/la-guerra-de-los-ultimos
,Cinemark Hoyts,Tortugas,,LA GUERRA DE LOS ÚLTIMOS,2D Doblada,17:00,,,,https://www.cinemark.com.ar/peliculas/la-guerra-de-los-ultimos
,Cinemark Hoyts,Tortugas,,LA GUERRA DE LOS ÚLTIMOS,2D Doblada,19:40,,,,https://www.cinemark.com.ar/peliculas/la-guerra-de-los-ultimos
,Cinemark Hoyts,Tortugas,,LA GUERRA DE LOS ÚLTIMOS,2D Doblada,22:40,,,,https://www.cinemark.com.ar/peliculas/la-guerra-de-los-ultimos
,Cinemark Hoyts,Tortugas,,LA NOCHE DEL DEMONIO 6,2D Doblada,14:20,,,,https://www.cinemark.com.ar/peliculas/la-noche-del-demonio-estan-entre-nosotros
,Cinemark Hoyts,Tortugas,,LA NOCHE DEL DEMONIO 6,2D Doblada,16:50,,,,https://www.cinemark.com.ar/peliculas/la-noche-del-demonio-estan-entre-nosotros
,Cinemark Hoyts,Tortugas,,LA NOCHE DEL DEMONIO 6,2D Doblada,19:20,,,,https://www.cinemark.com.ar/peliculas/la-noche-del-demonio-estan-entre-nosotros
,Cinemark Hoyts,Tortugas,,LA NOCHE DEL DEMONIO 6,2D Doblada,21:50,,,,https://www.cinemark.com.ar/peliculas/la-noche-del-demonio-estan-entre-nosotros
,Cinemark Hoyts,Tortugas,,LA NOCHE DEL DEMONIO 6,2D Doblada,23:00,,,,https://www.cinemark.com.ar/peliculas/la-noche-del-demonio-estan-entre-nosotros
,Cinemark Hoyts,Tortugas,,LA ODISEA,2D Doblada,15:20,,,,https://www.cinemark.com.ar/peliculas/la-odisea
,Cinemark Hoyts,Tortugas,,LA ODISEA,2D Doblada,18:50,,,,https://www.cinemark.com.ar/peliculas/la-odisea
,Cinemark Hoyts,Tortugas,,LA ODISEA,2D Doblada,22:20,,,,https://www.cinemark.com.ar/peliculas/la-odisea
,Cinemark Hoyts,Tortugas,,SÓLO POR UNA NOCHE,2D Doblada,15:40,,,,https://www.cinemark.com.ar/peliculas/solo-por-una-noche
,Cinemark Hoyts,Tortugas,,SÓLO POR UNA NOCHE,2D Doblada,20:30,,,,https://www.cinemark.com.ar/peliculas/solo-por-una-noche
,Cinemark Hoyts,Tortugas,,HARRY POTTER 25° ANIVERSARIO,2D Doblada,16:30,,,,https://www.cinemark.com.ar/peliculas/harry-potter-y-la-piedra-filosofal-25-aniversario
,Cinemark Hoyts,Tortugas,,HARRY POTTER 25° ANIVERSARIO,DBOX XD 2D Subtitulada,19:00,,,,https://www.cinemark.com.ar/peliculas/harry-potter-y-la-piedra-filosofal-25-aniversario
,Cinemark Hoyts,Tortugas,,HARRY POTTER 25° ANIVERSARIO,XD 2D Subtitulada,19:00,,,,https://www.cinemark.com.ar/peliculas/harry-potter-y-la-piedra-filosofal-25-aniversario
,Cinemark Hoyts,Quilmes,,PAW PATROL: LA DINO PELÍCULA,2D Doblada,12:40,,,,https://www.cinemark.com.ar/peliculas/paw-patrol-la-dino-pelicula
,Cinemark Hoyts,Quilmes,,PAW PATROL: LA DINO PELÍCULA,2D Doblada,16:00,,,,https://www.cinemark.com.ar/peliculas/paw-patrol-la-dino-pelicula
,Cinemark Hoyts,Quilmes,,MINIONS & MONSTRUOS,2D Doblada,12:50,,,,https://www.cinemark.com.ar/peliculas/minions-monstruos
,Cinemark Hoyts,Quilmes,,MINIONS & MONSTRUOS,2D Doblada,15:00,,,,https://www.cinemark.com.ar/peliculas/minions-monstruos
,Cinemark Hoyts,Quilmes,,TOY STORY 5,4D 3D Doblada,13:00,,,,https://www.cinemark.com.ar/peliculas/toy-story-5
,Cinemark Hoyts,Quilmes,,SPIDER-MAN: UN NUEVO DÍA,2D Doblada,13:00,,,,https://www.cinemark.com.ar/peliculas/spider-man-un-nuevo-dia
,Cinemark Hoyts,Quilmes,,SPIDER-MAN: UN NUEVO DÍA,2D Doblada,13:30,,,,https://www.cinemark.com.ar/peliculas/spider-man-un-nuevo-dia
,Cinemark Hoyts,Quilmes,,SPIDER-MAN: UN NUEVO DÍA,2D Doblada,16:10,,,,https://www.cinemark.com.ar/peliculas/spider-man-un-nuevo-dia
,Cinemark Hoyts,Quilmes,,SPIDER-MAN: UN NUEVO DÍA,2D Doblada,16:40,,,,https://www.cinemark.com.ar/peliculas/spider-man-un-nuevo-dia
,Cinemark Hoyts,Quilmes,,SPIDER-MAN: UN NUEVO DÍA,4D 3D Doblada,18:50,,,,https://www.cinemark.com.ar/peliculas/spider-man-un-nuevo-dia
,Cinemark Hoyts,Quilmes,,SPIDER-MAN: UN NUEVO DÍA,2D Doblada,19:20,,,,https://www.cinemark.com.ar/peliculas/spider-man-un-nuevo-dia
,Cinemark Hoyts,Quilmes,,SPIDER-MAN: UN NUEVO DÍA,3D Doblada,19:50,,,,https://www.cinemark.com.ar/peliculas/spider-man-un-nuevo-dia
,Cinemark Hoyts,Quilmes,,SPIDER-MAN: UN NUEVO DÍA,2D Doblada,21:50,,,,https://www.cinemark.com.ar/peliculas/spider-man-un-nuevo-dia
,Cinemark Hoyts,Quilmes,,SPIDER-MAN: UN NUEVO DÍA,2D Doblada,22:30,,,,https://www.cinemark.com.ar/peliculas/spider-man-un-nuevo-dia
,Cinemark Hoyts,Quilmes,,SPIDER-MAN: UN NUEVO DÍA,2D Doblada,23:00,,,,https://www.cinemark.com.ar/peliculas/spider-man-un-nuevo-dia
,Cinemark Hoyts,Quilmes,,IMPACTO MORTAL,2D Doblada,13:10,,,,https://www.cinemark.com.ar/peliculas/impacto-mortal
,Cinemark Hoyts,Quilmes,,IMPACTO MORTAL,2D Doblada,17:50,,,,https://www.cinemark.com.ar/peliculas/impacto-mortal
,Cinemark Hoyts,Quilmes,,IMPACTO MORTAL,2D Doblada,22:45,,,,https://www.cinemark.com.ar/peliculas/impacto-mortal
,Cinemark Hoyts,Quilmes,,LA MUERTE DE ROBIN HOOD,2D Doblada,13:15,,,,https://www.cinemark.com.ar/peliculas/la-muerte-de-robin-hood
,Cinemark Hoyts,Quilmes,,LA GUERRA DE LOS ÚLTIMOS,2D Doblada,13:40,,,,https://www.cinemark.com.ar/peliculas/la-guerra-de-los-ultimos
,Cinemark Hoyts,Quilmes,,LA GUERRA DE LOS ÚLTIMOS,2D Doblada,16:20,,,,https://www.cinemark.com.ar/peliculas/la-guerra-de-los-ultimos
,Cinemark Hoyts,Quilmes,,LA GUERRA DE LOS ÚLTIMOS,2D Doblada,19:10,,,,https://www.cinemark.com.ar/peliculas/la-guerra-de-los-ultimos
,Cinemark Hoyts,Quilmes,,LA GUERRA DE LOS ÚLTIMOS,2D Doblada,22:15,,,,https://www.cinemark.com.ar/peliculas/la-guerra-de-los-ultimos
,Cinemark Hoyts,Quilmes,,"YO, NARCISO",2D Doblada,14:05,,,,https://www.cinemark.com.ar/peliculas/yo-narciso
,Cinemark Hoyts,Quilmes,,"YO, NARCISO",2D Doblada,16:30,,,,https://www.cinemark.com.ar/peliculas/yo-narciso
,Cinemark Hoyts,Quilmes,,"YO, NARCISO",2D Doblada,19:35,,,,https://www.cinemark.com.ar/peliculas/yo-narciso
,Cinemark Hoyts,Quilmes,,"YO, NARCISO",2D Doblada,22:40,,,,https://www.cinemark.com.ar/peliculas/yo-narciso
,Cinemark Hoyts,Quilmes,,COYOTE VS ACME,2D Doblada,14:20,,,,https://www.cinemark.com.ar/peliculas/coyote-vs-acme
,Cinemark Hoyts,Quilmes,,COYOTE VS ACME,2D Doblada,16:50,,,,https://www.cinemark.com.ar/peliculas/coyote-vs-acme
,Cinemark Hoyts,Quilmes,,COYOTE VS ACME,2D Doblada,19:45,,,,https://www.cinemark.com.ar/peliculas/coyote-vs-acme
,Cinemark Hoyts,Quilmes,,COYOTE VS ACME,2D Doblada,22:20,,,,https://www.cinemark.com.ar/peliculas/coyote-vs-acme
,Cinemark Hoyts,Quilmes,,LA NOCHE DEL DEMONIO 6,2D Doblada,14:30,,,,https://www.cinemark.com.ar/peliculas/la-noche-del-demonio-estan-entre-nosotros
,Cinemark Hoyts,Quilmes,,LA NOCHE DEL DEMONIO 6,2D Doblada,17:00,,,,https://www.cinemark.com.ar/peliculas/la-noche-del-demonio-estan-entre-nosotros
,Cinemark Hoyts,Quilmes,,LA NOCHE DEL DEMONIO 6,2D Doblada,19:25,,,,https://www.cinemark.com.ar/peliculas/la-noche-del-demonio-estan-entre-nosotros
,Cinemark Hoyts,Quilmes,,LA NOCHE DEL DEMONIO 6,2D Doblada,20:30,,,,https://www.cinemark.com.ar/peliculas/la-noche-del-demonio-estan-entre-nosotros
,Cinemark Hoyts,Quilmes,,LA NOCHE DEL DEMONIO 6,2D Doblada,21:45,,,,https://www.cinemark.com.ar/peliculas/la-noche-del-demonio-estan-entre-nosotros
,Cinemark Hoyts,Quilmes,,LA NOCHE DEL DEMONIO 6,2D Doblada,22:50,,,,https://www.cinemark.com.ar/peliculas/la-noche-del-demonio-estan-entre-nosotros
,Cinemark Hoyts,Quilmes,,LA ODISEA,2D Doblada,14:50,,,,https://www.cinemark.com.ar/peliculas/la-odisea
,Cinemark Hoyts,Quilmes,,LA ODISEA,2D Doblada,18:30,,,,https://www.cinemark.com.ar/peliculas/la-odisea
,Cinemark Hoyts,Quilmes,,LA ODISEA,2D Doblada,22:10,,,,https://www.cinemark.com.ar/peliculas/la-odisea
,Cinemark Hoyts,Quilmes,,HARRY POTTER 25° ANIVERSARIO,4D 2D Doblada,15:20,,,,https://www.cinemark.com.ar/peliculas/harry-potter-y-la-piedra-filosofal-25-aniversario
,Cinemark Hoyts,Quilmes,,HARRY POTTER 25° ANIVERSARIO,2D Doblada,19:00,,,,https://www.cinemark.com.ar/peliculas/harry-potter-y-la-piedra-filosofal-25-aniversario
,Cinemark Hoyts,Quilmes,,HARRY POTTER 25° ANIVERSARIO,4D 2D Doblada,22:00,,,,https://www.cinemark.com.ar/peliculas/harry-potter-y-la-piedra-filosofal-25-aniversario
,Cinemark Hoyts,Quilmes,,LU & PAU,2D Doblada,15:50,,,,https://www.cinemark.com.ar/peliculas/lu-pau
,Cinemark Hoyts,Quilmes,,LU & PAU,2D Doblada,20:50,,,,https://www.cinemark.com.ar/peliculas/lu-pau
,Cinemark Hoyts,Quilmes,,EL FINAL DE LA CALLE OAK,2D Doblada,17:10,,,,https://www.cinemark.com.ar/peliculas/el-final-de-la-calle-oak
,Cinemark Hoyts,Quilmes,,SÓLO POR UNA NOCHE,2D Doblada,18:20,,,,https://www.cinemark.com.ar/peliculas/solo-por-una-noche
,Cinemark Hoyts,Quilmes,,SÓLO POR UNA NOCHE,2D Subtitulada,20:40,,,,https://www.cinemark.com.ar/peliculas/solo-por-una-noche
,Cinemark Hoyts,Quilmes,,SÓLO POR UNA NOCHE,2D Doblada,23:10,,,,https://www.cinemark.com.ar/peliculas/solo-por-una-noche
,Cinemark Hoyts,Caballito,,COYOTE VS ACME,2D Doblada,12:40,,,,https://www.cinemark.com.ar/peliculas/coyote-vs-acme
,Cinemark Hoyts,Caballito,,COYOTE VS ACME,2D Doblada,15:20,,,,https://www.cinemark.com.ar/peliculas/coyote-vs-acme
,Cinemark Hoyts,Caballito,,COYOTE VS ACME,2D Doblada,18:00,,,,https://www.cinemark.com.ar/peliculas/coyote-vs-acme
,Cinemark Hoyts,Caballito,,COYOTE VS ACME,2D Doblada,20:30,,,,https://www.cinemark.com.ar/peliculas/coyote-vs-acme
,Cinemark Hoyts,Caballito,,LA GUERRA DE LOS ÚLTIMOS,2D Subtitulada,12:50,,,,https://www.cinemark.com.ar/peliculas/la-guerra-de-los-ultimos
,Cinemark Hoyts,Caballito,,LA GUERRA DE LOS ÚLTIMOS,2D Subtitulada,17:40,,,,https://www.cinemark.com.ar/peliculas/la-guerra-de-los-ultimos
,Cinemark Hoyts,Caballito,,LA GUERRA DE LOS ÚLTIMOS,2D Subtitulada,22:50,,,,https://www.cinemark.com.ar/peliculas/la-guerra-de-los-ultimos
,Cinemark Hoyts,Caballito,,SPIDER-MAN: UN NUEVO DÍA,2D Subtitulada,13:10,,,,https://www.cinemark.com.ar/peliculas/spider-man-un-nuevo-dia
,Cinemark Hoyts,Caballito,,SPIDER-MAN: UN NUEVO DÍA,2D Subtitulada,16:20,,,,https://www.cinemark.com.ar/peliculas/spider-man-un-nuevo-dia
,Cinemark Hoyts,Caballito,,SPIDER-MAN: UN NUEVO DÍA,3D Doblada,19:30,,,,https://www.cinemark.com.ar/peliculas/spider-man-un-nuevo-dia
,Cinemark Hoyts,Caballito,,SPIDER-MAN: UN NUEVO DÍA,2D Subtitulada,22:40,,,,https://www.cinemark.com.ar/peliculas/spider-man-un-nuevo-dia
,Cinemark Hoyts,Caballito,,"YO, NARCISO",2D Doblada,14:10,,,,https://www.cinemark.com.ar/peliculas/yo-narciso
,Cinemark Hoyts,Caballito,,"YO, NARCISO",2D Doblada,16:30,,,,https://www.cinemark.com.ar/peliculas/yo-narciso
,Cinemark Hoyts,Caballito,,"YO, NARCISO",2D Doblada,20:40,,,,https://www.cinemark.com.ar/peliculas/yo-narciso
,Cinemark Hoyts,Caballito,,"YO, NARCISO",2D Doblada,22:30,,,,https://www.cinemark.com.ar/peliculas/yo-narciso
,Cinemark Hoyts,Caballito,,"YO, NARCISO",2D Doblada,23:00,,,,https://www.cinemark.com.ar/peliculas/yo-narciso
,Cinemark Hoyts,Caballito,,LA ODISEA,2D Subtitulada,14:50,,,,https://www.cinemark.com.ar/peliculas/la-odisea
,Cinemark Hoyts,Caballito,,LA ODISEA,2D Subtitulada,18:30,,,,https://www.cinemark.com.ar/peliculas/la-odisea
,Cinemark Hoyts,Caballito,,LA ODISEA,2D Subtitulada,22:10,,,,https://www.cinemark.com.ar/peliculas/la-odisea
,Cinemark Hoyts,Caballito,,PAW PATROL: LA DINO PELÍCULA,2D Doblada,15:30,,,,https://www.cinemark.com.ar/peliculas/paw-patrol-la-dino-pelicula
,Cinemark Hoyts,Caballito,,LA NOCHE DEL DEMONIO 6,2D Subtitulada,18:15,,,,https://www.cinemark.com.ar/peliculas/la-noche-del-demonio-estan-entre-nosotros
,Cinemark Hoyts,Caballito,,LA NOCHE DEL DEMONIO 6,2D Subtitulada,20:20,,,,https://www.cinemark.com.ar/peliculas/la-noche-del-demonio-estan-entre-nosotros
,Cinemark Hoyts,Caballito,,LA NOCHE DEL DEMONIO 6,2D Subtitulada,23:10,,,,https://www.cinemark.com.ar/peliculas/la-noche-del-demonio-estan-entre-nosotros
,Cinemark Hoyts,Caballito,,HARRY POTTER 25° ANIVERSARIO,2D Doblada,19:00,,,,https://www.cinemark.com.ar/peliculas/harry-potter-y-la-piedra-filosofal-25-aniversario
,Cinemark Hoyts,Abasto,,HARRY POTTER 25° ANIVERSARIO,DBOX 2D Doblada,16:30,,,,https://www.cinemark.com.ar/peliculas/harry-potter-y-la-piedra-filosofal-25-aniversario
,Cinemark Hoyts,Abasto,,HARRY POTTER 25° ANIVERSARIO,2D Doblada,16:30,,,,https://www.cinemark.com.ar/peliculas/harry-potter-y-la-piedra-filosofal-25-aniversario
,Cinemark Hoyts,Abasto,,HARRY POTTER 25° ANIVERSARIO,DBOX 2D Subtitulada,19:00,,,,https://www.cinemark.com.ar/peliculas/harry-potter-y-la-piedra-filosofal-25-aniversario
,Cinemark Hoyts,Abasto,,HARRY POTTER 25° ANIVERSARIO,2D Subtitulada,19:00,,,,https://www.cinemark.com.ar/peliculas/harry-potter-y-la-piedra-filosofal-25-aniversario
,Cinemark Hoyts,Moreno,,HARRY POTTER 25° ANIVERSARIO,2D Doblada,16:30,,,,https://www.cinemark.com.ar/peliculas/harry-potter-y-la-piedra-filosofal-25-aniversario
,Cinemark Hoyts,Moreno,,HARRY POTTER 25° ANIVERSARIO,DBOX 2D Subtitulada,19:00,,,,https://www.cinemark.com.ar/peliculas/harry-potter-y-la-piedra-filosofal-25-aniversario
,Cinemark Hoyts,Moreno,,HARRY POTTER 25° ANIVERSARIO,2D Subtitulada,19:00,,,,https://www.cinemark.com.ar/peliculas/harry-potter-y-la-piedra-filosofal-25-aniversario
,Cinemark Hoyts,Temperley,,HARRY POTTER 25° ANIVERSARIO,DBOX XD 2D Subtitulada,19:00,,,,https://www.cinemark.com.ar/peliculas/harry-potter-y-la-piedra-filosofal-25-aniversario
,Cinemark Hoyts,Temperley,,HARRY POTTER 25° ANIVERSARIO,XD 2D Subtitulada,19:00,,,,https://www.cinemark.com.ar/peliculas/harry-potter-y-la-piedra-filosofal-25-aniversario
,Cinemark Hoyts,Temperley,,HARRY POTTER 25° ANIVERSARIO,4D 2D Doblada,22:00,,,,https://www.cinemark.com.ar/peliculas/harry-potter-y-la-piedra-filosofal-25-aniversario
,Cinemark Hoyts,Soleil,,HARRY POTTER 25° ANIVERSARIO,2D Subtitulada,19:00,,,,https://www.cinemark.com.ar/peliculas/harry-potter-y-la-piedra-filosofal-25-aniversario
,Cinemark Hoyts,Puerto Madero,,HARRY POTTER 25° ANIVERSARIO,2D Subtitulada,19:00,,,,https://www.cinemark.com.ar/peliculas/harry-potter-y-la-piedra-filosofal-25-aniversario
