zona,cadena,cine,direccion,pelicula,formato,horario,precio_general,precio_jubilado,precio_menor,url_pelicula
CABA,Atlas Cines,Atlas Caballito,"Rivadavia 5071, Caballito",Avengers: Endgame,2D Doblada,12:20,,,,https://cartelera.ar/pelicula/vengadores-endgame
CABA,Atlas Cines,Atlas Caballito,"Rivadavia 5071, Caballito",Avengers: Endgame,4DX Doblada,14:40,,,,https://cartelera.ar/pelicula/vengadores-endgame
CABA,Atlas Cines,Atlas Caballito,"Rivadavia 5071, Caballito",Avengers: Endgame,2D Doblada,18:00,,,,https://cartelera.ar/pelicula/vengadores-endgame
CABA,Atlas Cines,Atlas Caballito,"Rivadavia 5071, Caballito",Avengers: Endgame,4DX Doblada,18:20,,,,https://cartelera.ar/pelicula/vengadores-endgame
CABA,Atlas Cines,Atlas Caballito,"Rivadavia 5071, Caballito",Avengers: Endgame,4DX Doblada,22:00,,,,https://cartelera.ar/pelicula/vengadores-endgame
CABA,Atlas Cines,Atlas Caballito,"Rivadavia 5071, Caballito",Avengers: Endgame,2D Subtitulada,22:20,,,,https://cartelera.ar/pelicula/vengadores-endgame
CABA,Atlas Cines,Atlas Caballito,"Rivadavia 5071, Caballito",El corazón de la bestia,2D Subtitulada,17:50,,,,https://cartelera.ar/pelicula/el-corazon-de-la-bestia
CABA,Atlas Cines,Atlas Caballito,"Rivadavia 5071, Caballito",El corazón de la bestia,2D Subtitulada,20:40,,,,https://cartelera.ar/pelicula/el-corazon-de-la-bestia
CABA,Atlas Cines,Atlas Caballito,"Rivadavia 5071, Caballito",El corazón de la bestia,2D Subtitulada,22:50,,,,https://cartelera.ar/pelicula/el-corazon-de-la-bestia
CABA,Atlas Cines,Atlas Caballito,"Rivadavia 5071, Caballito",La invitación,2D Subtitulada,20:00,,,,https://cartelera.ar/pelicula/la-invitacion
CABA,Atlas Cines,Atlas Caballito,"Rivadavia 5071, Caballito",La Odisea,2D Subtitulada,17:20,,,,https://cartelera.ar/pelicula/la-odisea
CABA,Atlas Cines,Atlas Caballito,"Rivadavia 5071, Caballito",Spider-Man: Un nuevo día,2D Doblada,12:30,,,,https://cartelera.ar/pelicula/spider-man-un-nuevo-dia
CABA,Atlas Cines,Atlas Caballito,"Rivadavia 5071, Caballito",Spider-Man: Un nuevo día,2D Doblada,15:40,,,,https://cartelera.ar/pelicula/spider-man-un-nuevo-dia
CABA,Atlas Cines,Atlas Caballito,"Rivadavia 5071, Caballito",PAW Patrol: La Dino Película,2D Doblada,12:20,,,,https://cartelera.ar/pelicula/paw-patrol-la-dino-pelicula
CABA,Atlas Cines,Atlas Caballito,"Rivadavia 5071, Caballito",PAW Patrol: La Dino Película,2D Doblada,14:40,,,,https://cartelera.ar/pelicula/paw-patrol-la-dino-pelicula
CABA,Atlas Cines,Atlas Caballito,"Rivadavia 5071, Caballito",Resident Evil: Noche Cero,4DX Doblada,12:20,,,,https://cartelera.ar/pelicula/resident-evil-noche-cero
CABA,Atlas Cines,Atlas Caballito,"Rivadavia 5071, Caballito",Resident Evil: Noche Cero,2D Doblada,13:30,,,,https://cartelera.ar/pelicula/resident-evil-noche-cero
CABA,Atlas Cines,Atlas Caballito,"Rivadavia 5071, Caballito",Resident Evil: Noche Cero,2D Doblada,18:40,,,,https://cartelera.ar/pelicula/resident-evil-noche-cero
CABA,Atlas Cines,Atlas Caballito,"Rivadavia 5071, Caballito",Resident Evil: Noche Cero,2D Subtitulada,20:50,,,,https://cartelera.ar/pelicula/resident-evil-noche-cero
CABA,Atlas Cines,Atlas Caballito,"Rivadavia 5071, Caballito",Resident Evil: Noche Cero,2D Subtitulada,23:00,,,,https://cartelera.ar/pelicula/resident-evil-noche-cero
CABA,Atlas Cines,Atlas Caballito,"Rivadavia 5071, Caballito",La isla olvidada,2D Doblada,12:40,,,,https://cartelera.ar/pelicula/la-isla-olvidada
CABA,Atlas Cines,Atlas Caballito,"Rivadavia 5071, Caballito",La isla olvidada,2D Doblada,15:00,,,,https://cartelera.ar/pelicula/la-isla-olvidada
CABA,Atlas Cines,Atlas Caballito,"Rivadavia 5071, Caballito",Digger,2D Subtitulada,14:20,,,,https://cartelera.ar/pelicula/digger
CABA,Atlas Cines,Atlas Caballito,"Rivadavia 5071, Caballito",Digger,2D Subtitulada,17:00,,,,https://cartelera.ar/pelicula/digger
CABA,Atlas Cines,Atlas Caballito,"Rivadavia 5071, Caballito",Digger,2D Subtitulada,19:40,,,,https://cartelera.ar/pelicula/digger
CABA,Atlas Cines,Atlas Caballito,"Rivadavia 5071, Caballito",Digger,2D Subtitulada,21:40,,,,https://cartelera.ar/pelicula/digger
CABA,Atlas Cines,Atlas Caballito,"Rivadavia 5071, Caballito",Digger,2D Subtitulada,22:30,,,,https://cartelera.ar/pelicula/digger
CABA,Atlas Cines,Atlas Caballito,"Rivadavia 5071, Caballito",Coyote vs. Acme,2D Doblada,15:30,,,,https://cartelera.ar/pelicula/coyote-vs-acme
CABA,Atlas Cines,Atlas Caballito,"Rivadavia 5071, Caballito",Yo Narciso,2D Doblada,16:00,,,,https://cartelera.ar/pelicula/yo-narciso
CABA,Atlas Cines,Atlas Caballito,"Rivadavia 5071, Caballito",Verity. La sombra de un engaño,2D Doblada,12:40,,,,https://cartelera.ar/pelicula/verity-la-sombra-de-un-engano
CABA,Atlas Cines,Atlas Caballito,"Rivadavia 5071, Caballito",Verity. La sombra de un engaño,2D Doblada,15:10,,,,https://cartelera.ar/pelicula/verity-la-sombra-de-un-engano
CABA,Atlas Cines,Atlas Caballito,"Rivadavia 5071, Caballito",Verity. La sombra de un engaño,2D Subtitulada,17:40,,,,https://cartelera.ar/pelicula/verity-la-sombra-de-un-engano
CABA,Atlas Cines,Atlas Caballito,"Rivadavia 5071, Caballito",Verity. La sombra de un engaño,2D Subtitulada,20:10,,,,https://cartelera.ar/pelicula/verity-la-sombra-de-un-engano
CABA,Atlas Cines,Atlas Caballito,"Rivadavia 5071, Caballito",Verity. La sombra de un engaño,2D Subtitulada,22:40,,,,https://cartelera.ar/pelicula/verity-la-sombra-de-un-engano
CABA,Atlas Cines,Atlas Caballito,"Rivadavia 5071, Caballito",Vértigo 2,2D Doblada,20:20,,,,https://cartelera.ar/pelicula/vertigo-2
CABA,Atlas Cines,Atlas Caballito,"Rivadavia 5071, Caballito",Vértigo 2,2D Doblada,22:40,,,,https://cartelera.ar/pelicula/vertigo-2
CABA,Atlas Cines,Atlas Caballito,"Rivadavia 5071, Caballito",Escondida en mi cabeza,2D Doblada,12:30,,,,https://cartelera.ar/pelicula/escondida-en-mi-cabeza
CABA,Atlas Cines,Atlas Caballito,"Rivadavia 5071, Caballito",Escondida en mi cabeza,2D Doblada,18:50,,,,https://cartelera.ar/pelicula/escondida-en-mi-cabeza
CABA,Atlas Cines,Atlas Caballito,"Rivadavia 5071, Caballito",Escondida en mi cabeza,2D Doblada,23:00,,,,https://cartelera.ar/pelicula/escondida-en-mi-cabeza
CABA,Atlas Cines,Atlas Caballito,"Rivadavia 5071, Caballito",Relajadas y muy peligrosas,2D Doblada,16:40,,,,https://cartelera.ar/pelicula/relajadas-y-muy-peligrosas
CABA,Atlas Cines,Atlas Caballito,"Rivadavia 5071, Caballito",Relajadas y muy peligrosas,2D Subtitulada,21:00,,,,https://cartelera.ar/pelicula/relajadas-y-muy-peligrosas
CABA,Atlas Cines,Atlas Caballito,"Rivadavia 5071, Caballito",Guardianes del museo 2 (Cats in the museum 2),2D Doblada,12:00,,,,https://cartelera.ar/pelicula/guardianes-del-museo-2-cats-in-the-museum-2
CABA,Atlas Cines,Atlas Caballito,"Rivadavia 5071, Caballito",Guardianes del museo 2 (Cats in the museum 2),2D Doblada,14:00,,,,https://cartelera.ar/pelicula/guardianes-del-museo-2-cats-in-the-museum-2
CABA,Atlas Cines,Atlas Caballito,"Rivadavia 5071, Caballito",Guardianes del museo 2 (Cats in the museum 2),2D Doblada,16:00,,,,https://cartelera.ar/pelicula/guardianes-del-museo-2-cats-in-the-museum-2
CABA,Atlas Cines,Atlas Caballito,"Rivadavia 5071, Caballito",Guardianes del museo 2 (Cats in the museum 2),2D Doblada,18:10,,,,https://cartelera.ar/pelicula/guardianes-del-museo-2-cats-in-the-museum-2
CABA,Cinemark Hoyts,Cinemark Palermo,"Beruti 3399, Palermo",Avengers: Endgame,2D Subtitulada,14:30,,,,https://www.cinemark.com.ar/peliculas/avengers-endgame-re-estreno
CABA,Cinemark Hoyts,Cinemark Palermo,"Beruti 3399, Palermo",Avengers: Endgame,2D Subtitulada,16:10,,,,https://www.cinemark.com.ar/peliculas/avengers-endgame-re-estreno
CABA,Cinemark Hoyts,Cinemark Palermo,"Beruti 3399, Palermo",Avengers: Endgame,3D Subtitulada,18:30,,,,https://www.cinemark.com.ar/peliculas/avengers-endgame-re-estreno
CABA,Cinemark Hoyts,Cinemark Palermo,"Beruti 3399, Palermo",Avengers: Endgame,2D Subtitulada,22:30,,,,https://www.cinemark.com.ar/peliculas/avengers-endgame-re-estreno
CABA,Cinemark Hoyts,Cinemark Palermo,"Beruti 3399, Palermo",Coyote vs. Acme,2D Doblada,13:40,,,,https://www.cinemark.com.ar/peliculas/coyote-vs-acme
CABA,Cinemark Hoyts,Cinemark Palermo,"Beruti 3399, Palermo",DIGGER,2D Subtitulada,13:00,,,,https://www.cinemark.com.ar/peliculas/digger
CABA,Cinemark Hoyts,Cinemark Palermo,"Beruti 3399, Palermo",DIGGER,2D Subtitulada,16:00,,,,https://www.cinemark.com.ar/peliculas/digger
CABA,Cinemark Hoyts,Cinemark Palermo,"Beruti 3399, Palermo",DIGGER,2D Subtitulada,19:00,,,,https://www.cinemark.com.ar/peliculas/digger
CABA,Cinemark Hoyts,Cinemark Palermo,"Beruti 3399, Palermo",DIGGER,2D Subtitulada,20:00,,,,https://www.cinemark.com.ar/peliculas/digger
CABA,Cinemark Hoyts,Cinemark Palermo,"Beruti 3399, Palermo",DIGGER,2D Subtitulada,22:00,,,,https://www.cinemark.com.ar/peliculas/digger
CABA,Cinemark Hoyts,Cinemark Palermo,"Beruti 3399, Palermo",DIGGER,2D Subtitulada,23:00,,,,https://www.cinemark.com.ar/peliculas/digger
CABA,Cinemark Hoyts,Cinemark Palermo,"Beruti 3399, Palermo",El corazón de la bestia,2D Subtitulada,12:20,,,,https://www.cinemark.com.ar/peliculas/el-corazon-de-la-bestia
CABA,Cinemark Hoyts,Cinemark Palermo,"Beruti 3399, Palermo",El corazón de la bestia,2D Subtitulada,14:40,,,,https://www.cinemark.com.ar/peliculas/el-corazon-de-la-bestia
CABA,Cinemark Hoyts,Cinemark Palermo,"Beruti 3399, Palermo",El corazón de la bestia,2D Subtitulada,17:10,,,,https://www.cinemark.com.ar/peliculas/el-corazon-de-la-bestia
CABA,Cinemark Hoyts,Cinemark Palermo,"Beruti 3399, Palermo",El corazón de la bestia,2D Subtitulada,19:40,,,,https://www.cinemark.com.ar/peliculas/el-corazon-de-la-bestia
CABA,Cinemark Hoyts,Cinemark Palermo,"Beruti 3399, Palermo",El corazón de la bestia,2D Subtitulada,22:20,,,,https://www.cinemark.com.ar/peliculas/el-corazon-de-la-bestia
CABA,Cinemark Hoyts,Cinemark Palermo,"Beruti 3399, Palermo",ESCONDIDA EN MI CABEZA,2D Doblada,12:50,,,,https://www.cinemark.com.ar/peliculas/escondida-en-mi-cabeza
CABA,Cinemark Hoyts,Cinemark Palermo,"Beruti 3399, Palermo",ESCONDIDA EN MI CABEZA,2D Doblada,18:00,,,,https://www.cinemark.com.ar/peliculas/escondida-en-mi-cabeza
CABA,Cinemark Hoyts,Cinemark Palermo,"Beruti 3399, Palermo",ESCONDIDA EN MI CABEZA,2D Doblada,22:50,,,,https://www.cinemark.com.ar/peliculas/escondida-en-mi-cabeza
CABA,Cinemark Hoyts,Cinemark Palermo,"Beruti 3399, Palermo",Hechizo de amor: La magia continúa,2D Subtitulada,15:10,,,,https://www.cinemark.com.ar/peliculas/hechizo-de-amor-la-magia-continua
CABA,Cinemark Hoyts,Cinemark Palermo,"Beruti 3399, Palermo",La invitación,2D Subtitulada,20:20,,,,https://www.cinemark.com.ar/peliculas/la-invitacion
CABA,Cinemark Hoyts,Cinemark Palermo,"Beruti 3399, Palermo",La isla olvidada,2D Doblada,13:10,,,,https://www.cinemark.com.ar/peliculas/la-isla-olvidada
CABA,Cinemark Hoyts,Cinemark Palermo,"Beruti 3399, Palermo",La isla olvidada,2D Doblada,15:40,,,,https://www.cinemark.com.ar/peliculas/la-isla-olvidada
CABA,Cinemark Hoyts,Cinemark Palermo,"Beruti 3399, Palermo",La isla olvidada,2D Doblada,18:10,,,,https://www.cinemark.com.ar/peliculas/la-isla-olvidada
CABA,Cinemark Hoyts,Cinemark Palermo,"Beruti 3399, Palermo",La Odisea,2D Subtitulada,12:00,,,,https://www.cinemark.com.ar/peliculas/la-odisea
CABA,Cinemark Hoyts,Cinemark Palermo,"Beruti 3399, Palermo",La Odisea,2D Subtitulada,15:50,,,,https://www.cinemark.com.ar/peliculas/la-odisea
CABA,Cinemark Hoyts,Cinemark Palermo,"Beruti 3399, Palermo",La Odisea,2D Subtitulada,22:00,,,,https://www.cinemark.com.ar/peliculas/la-odisea
CABA,Cinemark Hoyts,Cinemark Palermo,"Beruti 3399, Palermo",Resident Evil: Noche Cero,2D Subtitulada,12:40,,,,https://www.cinemark.com.ar/peliculas/resident-evil-noche-cero
CABA,Cinemark Hoyts,Cinemark Palermo,"Beruti 3399, Palermo",Resident Evil: Noche Cero,2D Doblada,15:00,,,,https://www.cinemark.com.ar/peliculas/resident-evil-noche-cero
CABA,Cinemark Hoyts,Cinemark Palermo,"Beruti 3399, Palermo",Resident Evil: Noche Cero,2D Subtitulada,17:20,,,,https://www.cinemark.com.ar/peliculas/resident-evil-noche-cero
CABA,Cinemark Hoyts,Cinemark Palermo,"Beruti 3399, Palermo",Resident Evil: Noche Cero,2D Subtitulada,19:50,,,,https://www.cinemark.com.ar/peliculas/resident-evil-noche-cero
CABA,Cinemark Hoyts,Cinemark Palermo,"Beruti 3399, Palermo",Resident Evil: Noche Cero,2D Subtitulada,20:40,,,,https://www.cinemark.com.ar/peliculas/resident-evil-noche-cero
CABA,Cinemark Hoyts,Cinemark Palermo,"Beruti 3399, Palermo",Resident Evil: Noche Cero,2D Subtitulada,22:10,,,,https://www.cinemark.com.ar/peliculas/resident-evil-noche-cero
CABA,Cinemark Hoyts,Cinemark Palermo,"Beruti 3399, Palermo",Resident Evil: Noche Cero,2D Subtitulada,23:10,,,,https://www.cinemark.com.ar/peliculas/resident-evil-noche-cero
CABA,Cinemark Hoyts,Cinemark Palermo,"Beruti 3399, Palermo",VERITY: LA SOMBRA DE UN ENGAÑO,2D Subtitulada,12:10,,,,https://www.cinemark.com.ar/peliculas/verity-la-sombra-de-un-engano
CABA,Cinemark Hoyts,Cinemark Palermo,"Beruti 3399, Palermo",VERITY: LA SOMBRA DE UN ENGAÑO,2D Subtitulada,13:50,,,,https://www.cinemark.com.ar/peliculas/verity-la-sombra-de-un-engano
CABA,Cinemark Hoyts,Cinemark Palermo,"Beruti 3399, Palermo",VERITY: LA SOMBRA DE UN ENGAÑO,2D Subtitulada,14:50,,,,https://www.cinemark.com.ar/peliculas/verity-la-sombra-de-un-engano
CABA,Cinemark Hoyts,Cinemark Palermo,"Beruti 3399, Palermo",VERITY: LA SOMBRA DE UN ENGAÑO,2D Subtitulada,16:30,,,,https://www.cinemark.com.ar/peliculas/verity-la-sombra-de-un-engano
CABA,Cinemark Hoyts,Cinemark Palermo,"Beruti 3399, Palermo",VERITY: LA SOMBRA DE UN ENGAÑO,2D Subtitulada,17:30,,,,https://www.cinemark.com.ar/peliculas/verity-la-sombra-de-un-engano
CABA,Cinemark Hoyts,Cinemark Palermo,"Beruti 3399, Palermo",VERITY: LA SOMBRA DE UN ENGAÑO,2D Subtitulada,19:10,,,,https://www.cinemark.com.ar/peliculas/verity-la-sombra-de-un-engano
CABA,Cinemark Hoyts,Cinemark Palermo,"Beruti 3399, Palermo",VERITY: LA SOMBRA DE UN ENGAÑO,2D Subtitulada,20:10,,,,https://www.cinemark.com.ar/peliculas/verity-la-sombra-de-un-engano
CABA,Cinemark Hoyts,Cinemark Palermo,"Beruti 3399, Palermo",VERITY: LA SOMBRA DE UN ENGAÑO,2D Subtitulada,21:50,,,,https://www.cinemark.com.ar/peliculas/verity-la-sombra-de-un-engano
CABA,Cinemark Hoyts,Cinemark Palermo,"Beruti 3399, Palermo",VERITY: LA SOMBRA DE UN ENGAÑO,2D Subtitulada,22:50,,,,https://www.cinemark.com.ar/peliculas/verity-la-sombra-de-un-engano
CABA,Cinemark Hoyts,Cinemark Palermo,"Beruti 3399, Palermo",Yo Narciso,2D Doblada,19:30,,,,https://www.cinemark.com.ar/peliculas/yo-narciso
CABA,Cinépolis,Cinépolis Recoleta,"Vicente López 2050, Recoleta",Avengers: Endgame,3D Subtitulada,13:40,,,,https://cartelera.ar/pelicula/vengadores-endgame
CABA,Cinépolis,Cinépolis Recoleta,"Vicente López 2050, Recoleta",Avengers: Endgame,3D Subtitulada,14:40,,,,https://cartelera.ar/pelicula/vengadores-endgame
CABA,Cinépolis,Cinépolis Recoleta,"Vicente López 2050, Recoleta",Avengers: Endgame,3D Subtitulada,17:40,,,,https://cartelera.ar/pelicula/vengadores-endgame
CABA,Cinépolis,Cinépolis Recoleta,"Vicente López 2050, Recoleta",Avengers: Endgame,3D Subtitulada,18:40,,,,https://cartelera.ar/pelicula/vengadores-endgame
CABA,Cinépolis,Cinépolis Recoleta,"Vicente López 2050, Recoleta",Avengers: Endgame,3D Subtitulada,21:40,,,,https://cartelera.ar/pelicula/vengadores-endgame
CABA,Cinépolis,Cinépolis Recoleta,"Vicente López 2050, Recoleta",Avengers: Endgame,2D Subtitulada,22:40,,,,https://cartelera.ar/pelicula/vengadores-endgame
CABA,Cinépolis,Cinépolis Recoleta,"Vicente López 2050, Recoleta",El corazón de la bestia,2D Subtitulada,12:20,,,,https://cartelera.ar/pelicula/el-corazon-de-la-bestia
CABA,Cinépolis,Cinépolis Recoleta,"Vicente López 2050, Recoleta",El corazón de la bestia,2D Subtitulada,14:50,,,,https://cartelera.ar/pelicula/el-corazon-de-la-bestia
CABA,Cinépolis,Cinépolis Recoleta,"Vicente López 2050, Recoleta",El corazón de la bestia,2D Subtitulada,17:15,,,,https://cartelera.ar/pelicula/el-corazon-de-la-bestia
CABA,Cinépolis,Cinépolis Recoleta,"Vicente López 2050, Recoleta",El corazón de la bestia,2D Subtitulada,19:40,,,,https://cartelera.ar/pelicula/el-corazon-de-la-bestia
CABA,Cinépolis,Cinépolis Recoleta,"Vicente López 2050, Recoleta",El corazón de la bestia,2D Subtitulada,22:10,,,,https://cartelera.ar/pelicula/el-corazon-de-la-bestia
CABA,Cinépolis,Cinépolis Recoleta,"Vicente López 2050, Recoleta",La invitación,2D Subtitulada,22:50,,,,https://cartelera.ar/pelicula/la-invitacion
CABA,Cinépolis,Cinépolis Recoleta,"Vicente López 2050, Recoleta",La Odisea,2D Subtitulada,19:15,,,,https://cartelera.ar/pelicula/la-odisea
CABA,Cinépolis,Cinépolis Recoleta,"Vicente López 2050, Recoleta",Resident Evil: Noche Cero,2D Subtitulada,17:00,,,,https://cartelera.ar/pelicula/resident-evil-noche-cero
CABA,Cinépolis,Cinépolis Recoleta,"Vicente López 2050, Recoleta",Resident Evil: Noche Cero,2D Subtitulada,20:00,,,,https://cartelera.ar/pelicula/resident-evil-noche-cero
CABA,Cinépolis,Cinépolis Recoleta,"Vicente López 2050, Recoleta",Resident Evil: Noche Cero,2D Subtitulada,22:15,,,,https://cartelera.ar/pelicula/resident-evil-noche-cero
CABA,Cinépolis,Cinépolis Recoleta,"Vicente López 2050, Recoleta",La isla olvidada,2D Doblada,12:10,,,,https://cartelera.ar/pelicula/la-isla-olvidada
CABA,Cinépolis,Cinépolis Recoleta,"Vicente López 2050, Recoleta",Digger,2D Subtitulada,13:30,,,,https://cartelera.ar/pelicula/digger
CABA,Cinépolis,Cinépolis Recoleta,"Vicente López 2050, Recoleta",Digger,2D Subtitulada,14:40,,,,https://cartelera.ar/pelicula/digger
CABA,Cinépolis,Cinépolis Recoleta,"Vicente López 2050, Recoleta",Digger,2D Subtitulada,16:20,,,,https://cartelera.ar/pelicula/digger
CABA,Cinépolis,Cinépolis Recoleta,"Vicente López 2050, Recoleta",Digger,2D Subtitulada,19:10,,,,https://cartelera.ar/pelicula/digger
CABA,Cinépolis,Cinépolis Recoleta,"Vicente López 2050, Recoleta",Digger,2D Subtitulada,19:40,,,,https://cartelera.ar/pelicula/digger
CABA,Cinépolis,Cinépolis Recoleta,"Vicente López 2050, Recoleta",Digger,2D Subtitulada,22:00,,,,https://cartelera.ar/pelicula/digger
CABA,Cinépolis,Cinépolis Recoleta,"Vicente López 2050, Recoleta",Digger,2D Subtitulada,22:30,,,,https://cartelera.ar/pelicula/digger
CABA,Cinépolis,Cinépolis Recoleta,"Vicente López 2050, Recoleta",Coyote vs. Acme,2D Doblada,12:30,,,,https://cartelera.ar/pelicula/coyote-vs-acme
CABA,Cinépolis,Cinépolis Recoleta,"Vicente López 2050, Recoleta",Coyote vs. Acme,2D Subtitulada,14:40,,,,https://cartelera.ar/pelicula/coyote-vs-acme
CABA,Cinépolis,Cinépolis Recoleta,"Vicente López 2050, Recoleta",Coyote vs. Acme,2D Subtitulada,17:10,,,,https://cartelera.ar/pelicula/coyote-vs-acme
CABA,Cinépolis,Cinépolis Recoleta,"Vicente López 2050, Recoleta",Linkin Park: Unshatter,2D Subtitulada,22:00,,,,https://cartelera.ar/pelicula/linkin-park-unshatter
CABA,Cinépolis,Cinépolis Recoleta,"Vicente López 2050, Recoleta",Tres adioses,2D Subtitulada,15:00,,,,https://cartelera.ar/pelicula/tres-adioses
CABA,Cinépolis,Cinépolis Recoleta,"Vicente López 2050, Recoleta",Her Private Hell,2D Subtitulada,14:30,,,,https://cartelera.ar/pelicula/her-private-hell
CABA,Cinépolis,Cinépolis Recoleta,"Vicente López 2050, Recoleta",Escondida en mi cabeza,2D Doblada,17:40,,,,https://cartelera.ar/pelicula/escondida-en-mi-cabeza
CABA,Cinépolis,Cinépolis Recoleta,"Vicente López 2050, Recoleta",Escondida en mi cabeza,2D Doblada,20:00,,,,https://cartelera.ar/pelicula/escondida-en-mi-cabeza
CABA,Cinépolis,Cinépolis Recoleta,"Vicente López 2050, Recoleta",Escondida en mi cabeza,2D Doblada,22:20,,,,https://cartelera.ar/pelicula/escondida-en-mi-cabeza
CABA,Cinépolis,Cinépolis Recoleta,"Vicente López 2050, Recoleta",Relajadas y muy peligrosas,2D Subtitulada,17:30,,,,https://cartelera.ar/pelicula/relajadas-y-muy-peligrosas
CABA,Cinépolis,Cinépolis Recoleta,"Vicente López 2050, Recoleta",Guardianes del museo 2 (Cats in the museum 2),2D Doblada,13:20,,,,https://cartelera.ar/pelicula/guardianes-del-museo-2-cats-in-the-museum-2
CABA,Cinépolis,Cinépolis Recoleta,"Vicente López 2050, Recoleta",Guardianes del museo 2 (Cats in the museum 2),2D Doblada,15:30,,,,https://cartelera.ar/pelicula/guardianes-del-museo-2-cats-in-the-museum-2
CABA,Cinépolis,Cinépolis Recoleta,"Vicente López 2050, Recoleta",Guardianes del museo 2 (Cats in the museum 2),2D Doblada,17:45,,,,https://cartelera.ar/pelicula/guardianes-del-museo-2-cats-in-the-museum-2
CABA,Cinépolis,Cinépolis Recoleta,"Vicente López 2050, Recoleta",Verity: La sombra del engaño,2D Subtitulada,14:30,,,,https://cartelera.ar/pelicula/verity-la-sombra-del-engano
CABA,Cinépolis,Cinépolis Recoleta,"Vicente López 2050, Recoleta",Verity: La sombra del engaño,2D Subtitulada,17:10,,,,https://cartelera.ar/pelicula/verity-la-sombra-del-engano
CABA,Cinépolis,Cinépolis Recoleta,"Vicente López 2050, Recoleta",Verity: La sombra del engaño,2D Subtitulada,19:50,,,,https://cartelera.ar/pelicula/verity-la-sombra-del-engano
CABA,Cinépolis,Cinépolis Recoleta,"Vicente López 2050, Recoleta",Verity: La sombra del engaño,2D Subtitulada,22:30,,,,https://cartelera.ar/pelicula/verity-la-sombra-del-engano
CABA,Cinépolis,Cinépolis Recoleta,"Vicente López 2050, Recoleta",Hangar rojo,2D Doblada,19:50,,,,https://cartelera.ar/pelicula/hangar-rojo
GBA Oeste,Cinemark Hoyts,Cinemark San Justo,Av. Brigadier Juan M. de Rosas 3910,AVENGERS: ENDGAME (RE ESTRENO),2D Doblada,12:00,,,,https://www.cinemark.com.ar/peliculas/avengers-endgame-re-estreno
GBA Oeste,Cinemark Hoyts,Cinemark San Justo,Av. Brigadier Juan M. de Rosas 3910,AVENGERS: ENDGAME (RE ESTRENO),3D Doblada,15:30,,,,https://www.cinemark.com.ar/peliculas/avengers-endgame-re-estreno
GBA Oeste,Cinemark Hoyts,Cinemark San Justo,Av. Brigadier Juan M. de Rosas 3910,AVENGERS: ENDGAME (RE ESTRENO),2D Doblada,19:05,,,,https://www.cinemark.com.ar/peliculas/avengers-endgame-re-estreno
GBA Oeste,Cinemark Hoyts,Cinemark San Justo,Av. Brigadier Juan M. de Rosas 3910,AVENGERS: ENDGAME (RE ESTRENO),2D Doblada,22:40,,,,https://www.cinemark.com.ar/peliculas/avengers-endgame-re-estreno
GBA Oeste,Cinemark Hoyts,Cinemark San Justo,Av. Brigadier Juan M. de Rosas 3910,Coyote vs. Acme,2D Doblada,16:50,,,,https://www.cinemark.com.ar/peliculas/coyote-vs-acme
GBA Oeste,Cinemark Hoyts,Cinemark San Justo,Av. Brigadier Juan M. de Rosas 3910,DIGGER,DBOX 2D Doblada,12:20,,,,https://www.cinemark.com.ar/peliculas/digger
GBA Oeste,Cinemark Hoyts,Cinemark San Justo,Av. Brigadier Juan M. de Rosas 3910,DIGGER,2D Doblada,12:20,,,,https://www.cinemark.com.ar/peliculas/digger
GBA Oeste,Cinemark Hoyts,Cinemark San Justo,Av. Brigadier Juan M. de Rosas 3910,DIGGER,DBOX 2D Doblada,15:00,,,,https://www.cinemark.com.ar/peliculas/digger
GBA Oeste,Cinemark Hoyts,Cinemark San Justo,Av. Brigadier Juan M. de Rosas 3910,DIGGER,2D Doblada,15:00,,,,https://www.cinemark.com.ar/peliculas/digger
GBA Oeste,Cinemark Hoyts,Cinemark San Justo,Av. Brigadier Juan M. de Rosas 3910,DIGGER,DBOX 2D Subtitulada,17:40,,,,https://www.cinemark.com.ar/peliculas/digger
GBA Oeste,Cinemark Hoyts,Cinemark San Justo,Av. Brigadier Juan M. de Rosas 3910,DIGGER,2D Subtitulada,17:40,,,,https://www.cinemark.com.ar/peliculas/digger
GBA Oeste,Cinemark Hoyts,Cinemark San Justo,Av. Brigadier Juan M. de Rosas 3910,DIGGER,DBOX 2D Doblada,20:20,,,,https://www.cinemark.com.ar/peliculas/digger
GBA Oeste,Cinemark Hoyts,Cinemark San Justo,Av. Brigadier Juan M. de Rosas 3910,DIGGER,2D Doblada,20:20,,,,https://www.cinemark.com.ar/peliculas/digger
GBA Oeste,Cinemark Hoyts,Cinemark San Justo,Av. Brigadier Juan M. de Rosas 3910,DIGGER,DBOX 2D Doblada,23:00,,,,https://www.cinemark.com.ar/peliculas/digger
GBA Oeste,Cinemark Hoyts,Cinemark San Justo,Av. Brigadier Juan M. de Rosas 3910,DIGGER,2D Doblada,23:00,,,,https://www.cinemark.com.ar/peliculas/digger
GBA Oeste,Cinemark Hoyts,Cinemark San Justo,Av. Brigadier Juan M. de Rosas 3910,El corazón de la bestia,2D Doblada,13:00,,,,https://www.cinemark.com.ar/peliculas/el-corazon-de-la-bestia
GBA Oeste,Cinemark Hoyts,Cinemark San Justo,Av. Brigadier Juan M. de Rosas 3910,El corazón de la bestia,2D Doblada,15:20,,,,https://www.cinemark.com.ar/peliculas/el-corazon-de-la-bestia
GBA Oeste,Cinemark Hoyts,Cinemark San Justo,Av. Brigadier Juan M. de Rosas 3910,El corazón de la bestia,2D Doblada,18:00,,,,https://www.cinemark.com.ar/peliculas/el-corazon-de-la-bestia
GBA Oeste,Cinemark Hoyts,Cinemark San Justo,Av. Brigadier Juan M. de Rosas 3910,El corazón de la bestia,2D Doblada,20:20,,,,https://www.cinemark.com.ar/peliculas/el-corazon-de-la-bestia
GBA Oeste,Cinemark Hoyts,Cinemark San Justo,Av. Brigadier Juan M. de Rosas 3910,El corazón de la bestia,2D Doblada,22:50,,,,https://www.cinemark.com.ar/peliculas/el-corazon-de-la-bestia
GBA Oeste,Cinemark Hoyts,Cinemark San Justo,Av. Brigadier Juan M. de Rosas 3910,La isla olvidada,2D Doblada,12:10,,,,https://www.cinemark.com.ar/peliculas/la-isla-olvidada
GBA Oeste,Cinemark Hoyts,Cinemark San Justo,Av. Brigadier Juan M. de Rosas 3910,La isla olvidada,2D Doblada,14:30,,,,https://www.cinemark.com.ar/peliculas/la-isla-olvidada
GBA Oeste,Cinemark Hoyts,Cinemark San Justo,Av. Brigadier Juan M. de Rosas 3910,Resident Evil: Noche Cero,2D Doblada,13:10,,,,https://www.cinemark.com.ar/peliculas/resident-evil-noche-cero
GBA Oeste,Cinemark Hoyts,Cinemark San Justo,Av. Brigadier Juan M. de Rosas 3910,Resident Evil: Noche Cero,2D Doblada,15:40,,,,https://www.cinemark.com.ar/peliculas/resident-evil-noche-cero
GBA Oeste,Cinemark Hoyts,Cinemark San Justo,Av. Brigadier Juan M. de Rosas 3910,Resident Evil: Noche Cero,2D Doblada,18:10,,,,https://www.cinemark.com.ar/peliculas/resident-evil-noche-cero
GBA Oeste,Cinemark Hoyts,Cinemark San Justo,Av. Brigadier Juan M. de Rosas 3910,Resident Evil: Noche Cero,2D Doblada,20:30,,,,https://www.cinemark.com.ar/peliculas/resident-evil-noche-cero
GBA Oeste,Cinemark Hoyts,Cinemark San Justo,Av. Brigadier Juan M. de Rosas 3910,Resident Evil: Noche Cero,2D Doblada,22:20,,,,https://www.cinemark.com.ar/peliculas/resident-evil-noche-cero
GBA Oeste,Cinemark Hoyts,Cinemark San Justo,Av. Brigadier Juan M. de Rosas 3910,Resident Evil: Noche Cero,2D Doblada,23:10,,,,https://www.cinemark.com.ar/peliculas/resident-evil-noche-cero
GBA Oeste,Cinemark Hoyts,Cinemark San Justo,Av. Brigadier Juan M. de Rosas 3910,Spider-Man: Un nuevo día,2D Doblada,19:15,,,,https://www.cinemark.com.ar/peliculas/spider-man-un-nuevo-dia
GBA Oeste,Cinemark Hoyts,Cinemark San Justo,Av. Brigadier Juan M. de Rosas 3910,VERITY: LA SOMBRA DE UN ENGAÑO,DBOX XD 2D Doblada,12:45,,,,https://www.cinemark.com.ar/peliculas/verity-la-sombra-de-un-engano
GBA Oeste,Cinemark Hoyts,Cinemark San Justo,Av. Brigadier Juan M. de Rosas 3910,VERITY: LA SOMBRA DE UN ENGAÑO,XD 2D Doblada,12:45,,,,https://www.cinemark.com.ar/peliculas/verity-la-sombra-de-un-engano
GBA Oeste,Cinemark Hoyts,Cinemark San Justo,Av. Brigadier Juan M. de Rosas 3910,VERITY: LA SOMBRA DE UN ENGAÑO,DBOX XD 2D Doblada,15:15,,,,https://www.cinemark.com.ar/peliculas/verity-la-sombra-de-un-engano
GBA Oeste,Cinemark Hoyts,Cinemark San Justo,Av. Brigadier Juan M. de Rosas 3910,VERITY: LA SOMBRA DE UN ENGAÑO,XD 2D Doblada,15:15,,,,https://www.cinemark.com.ar/peliculas/verity-la-sombra-de-un-engano
GBA Oeste,Cinemark Hoyts,Cinemark San Justo,Av. Brigadier Juan M. de Rosas 3910,VERITY: LA SOMBRA DE UN ENGAÑO,DBOX XD 2D Doblada,17:45,,,,https://www.cinemark.com.ar/peliculas/verity-la-sombra-de-un-engano
GBA Oeste,Cinemark Hoyts,Cinemark San Justo,Av. Brigadier Juan M. de Rosas 3910,VERITY: LA SOMBRA DE UN ENGAÑO,XD 2D Doblada,17:45,,,,https://www.cinemark.com.ar/peliculas/verity-la-sombra-de-un-engano
GBA Oeste,Cinemark Hoyts,Cinemark San Justo,Av. Brigadier Juan M. de Rosas 3910,VERITY: LA SOMBRA DE UN ENGAÑO,DBOX XD 2D Doblada,20:15,,,,https://www.cinemark.com.ar/peliculas/verity-la-sombra-de-un-engano
GBA Oeste,Cinemark Hoyts,Cinemark San Justo,Av. Brigadier Juan M. de Rosas 3910,VERITY: LA SOMBRA DE UN ENGAÑO,XD 2D Doblada,20:15,,,,https://www.cinemark.com.ar/peliculas/verity-la-sombra-de-un-engano
GBA Oeste,Cinemark Hoyts,Cinemark San Justo,Av. Brigadier Juan M. de Rosas 3910,VERITY: LA SOMBRA DE UN ENGAÑO,DBOX XD 2D Doblada,22:45,,,,https://www.cinemark.com.ar/peliculas/verity-la-sombra-de-un-engano
GBA Oeste,Cinemark Hoyts,Cinemark San Justo,Av. Brigadier Juan M. de Rosas 3910,VERITY: LA SOMBRA DE UN ENGAÑO,XD 2D Doblada,22:45,,,,https://www.cinemark.com.ar/peliculas/verity-la-sombra-de-un-engano
GBA Norte,Multiplex,Multiplex Pilar,"Las Magnolias 754, Palmas del Pilar",Avengers: Endgame,4D (3D) Doblada,12:30,,,,https://multiplex.com.ar/peliculas/avengers-endgame-re-estreno/
GBA Norte,Multiplex,Multiplex Pilar,"Las Magnolias 754, Palmas del Pilar",Avengers: Endgame,3D Doblada,13:20,,,,https://multiplex.com.ar/peliculas/avengers-endgame-re-estreno/
GBA Norte,Multiplex,Multiplex Pilar,"Las Magnolias 754, Palmas del Pilar",Avengers: Endgame,XTREMO 2D Doblada,14:00,,,,https://multiplex.com.ar/peliculas/avengers-endgame-re-estreno/
GBA Norte,Multiplex,Multiplex Pilar,"Las Magnolias 754, Palmas del Pilar",Avengers: Endgame,4D (3D) Doblada,15:50,,,,https://multiplex.com.ar/peliculas/avengers-endgame-re-estreno/
GBA Norte,Multiplex,Multiplex Pilar,"Las Magnolias 754, Palmas del Pilar",Avengers: Endgame,3D Doblada,16:40,,,,https://multiplex.com.ar/peliculas/avengers-endgame-re-estreno/
GBA Norte,Multiplex,Multiplex Pilar,"Las Magnolias 754, Palmas del Pilar",Avengers: Endgame,XTREMO 2D Doblada,17:30,,,,https://multiplex.com.ar/peliculas/avengers-endgame-re-estreno/
GBA Norte,Multiplex,Multiplex Pilar,"Las Magnolias 754, Palmas del Pilar",Avengers: Endgame,4D (3D) Doblada,19:20,,,,https://multiplex.com.ar/peliculas/avengers-endgame-re-estreno/
GBA Norte,Multiplex,Multiplex Pilar,"Las Magnolias 754, Palmas del Pilar",Avengers: Endgame,XTREMO 2D Doblada,21:10,,,,https://multiplex.com.ar/peliculas/avengers-endgame-re-estreno/
GBA Norte,Multiplex,Multiplex Pilar,"Las Magnolias 754, Palmas del Pilar",Cuentos Del Jardin Magico,2D Doblada,12:40,,,,https://multiplex.com.ar/peliculas/cuentos-del-jardin-magico/
GBA Norte,Multiplex,Multiplex Pilar,"Las Magnolias 754, Palmas del Pilar",Digger,PLATINUM 2D Subtitulada,12:20,,,,https://multiplex.com.ar/peliculas/digger/
GBA Norte,Multiplex,Multiplex Pilar,"Las Magnolias 754, Palmas del Pilar",Digger,2D Doblada,14:20,,,,https://multiplex.com.ar/peliculas/digger/
GBA Norte,Multiplex,Multiplex Pilar,"Las Magnolias 754, Palmas del Pilar",Digger,2D Doblada,15:50,,,,https://multiplex.com.ar/peliculas/digger/
GBA Norte,Multiplex,Multiplex Pilar,"Las Magnolias 754, Palmas del Pilar",Digger,PLATINUM 2D Subtitulada,17:10,,,,https://multiplex.com.ar/peliculas/digger/
GBA Norte,Multiplex,Multiplex Pilar,"Las Magnolias 754, Palmas del Pilar",Digger,PLATINUM 2D Subtitulada,19:40,,,,https://multiplex.com.ar/peliculas/digger/
GBA Norte,Multiplex,Multiplex Pilar,"Las Magnolias 754, Palmas del Pilar",Digger,2D Doblada,20:20,,,,https://multiplex.com.ar/peliculas/digger/
GBA Norte,Multiplex,Multiplex Pilar,"Las Magnolias 754, Palmas del Pilar",Digger,2D Subtitulada,22:50,,,,https://multiplex.com.ar/peliculas/digger/
GBA Norte,Multiplex,Multiplex Pilar,"Las Magnolias 754, Palmas del Pilar",El corazón de la bestia,2D Doblada,16:20,,,,https://multiplex.com.ar/peliculas/el-corazon-de-la-bestia/
GBA Norte,Multiplex,Multiplex Pilar,"Las Magnolias 754, Palmas del Pilar",El corazón de la bestia,2D Subtitulada,18:30,,,,https://multiplex.com.ar/peliculas/el-corazon-de-la-bestia/
GBA Norte,Multiplex,Multiplex Pilar,"Las Magnolias 754, Palmas del Pilar",El corazón de la bestia,2D Doblada,20:10,,,,https://multiplex.com.ar/peliculas/el-corazon-de-la-bestia/
GBA Norte,Multiplex,Multiplex Pilar,"Las Magnolias 754, Palmas del Pilar",Escondida en mi cabeza,2D Doblada,18:20,,,,https://multiplex.com.ar/peliculas/escondida-en-mi-cabeza/
GBA Norte,Multiplex,Multiplex Pilar,"Las Magnolias 754, Palmas del Pilar",Escondida en mi cabeza,2D Doblada,18:50,,,,https://multiplex.com.ar/peliculas/escondida-en-mi-cabeza/
GBA Norte,Multiplex,Multiplex Pilar,"Las Magnolias 754, Palmas del Pilar",Escondida en mi cabeza,2D Doblada,22:50,,,,https://multiplex.com.ar/peliculas/escondida-en-mi-cabeza/
GBA Norte,Multiplex,Multiplex Pilar,"Las Magnolias 754, Palmas del Pilar",Guardianes Del Museo 2,2D Doblada,12:10,,,,https://multiplex.com.ar/peliculas/guardianes-del-museo-2/
GBA Norte,Multiplex,Multiplex Pilar,"Las Magnolias 754, Palmas del Pilar",Guardianes Del Museo 2,2D Doblada,14:30,,,,https://multiplex.com.ar/peliculas/guardianes-del-museo-2/
GBA Norte,Multiplex,Multiplex Pilar,"Las Magnolias 754, Palmas del Pilar",Hangar rojo,2D Doblada,14:10,,,,https://multiplex.com.ar/peliculas/hangar-rojo/
GBA Norte,Multiplex,Multiplex Pilar,"Las Magnolias 754, Palmas del Pilar",La isla olvidada,2D Doblada,12:20,,,,https://multiplex.com.ar/peliculas/la-isla-olvidada/
GBA Norte,Multiplex,Multiplex Pilar,"Las Magnolias 754, Palmas del Pilar",La noche del demonio: Están entre nosotros,2D Doblada,22:20,,,,https://multiplex.com.ar/peliculas/la-noche-del-demonio-estan-entre-nosotros/
GBA Norte,Multiplex,Multiplex Pilar,"Las Magnolias 754, Palmas del Pilar",La Odisea,2D Subtitulada,16:30,,,,https://multiplex.com.ar/peliculas/la-odisea/
GBA Norte,Multiplex,Multiplex Pilar,"Las Magnolias 754, Palmas del Pilar",Linkin Park: Unshatter,2D Subtitulada,20:30,,,,https://multiplex.com.ar/peliculas/linkin-park-unshatter/
GBA Norte,Multiplex,Multiplex Pilar,"Las Magnolias 754, Palmas del Pilar",Relajadas y muy peligrosas,2D Doblada,14:00,,,,https://multiplex.com.ar/peliculas/relajadas-y-muy-peligrosas/
GBA Norte,Multiplex,Multiplex Pilar,"Las Magnolias 754, Palmas del Pilar",Resident Evil: Noche Cero,2D Doblada,12:10,,,,https://multiplex.com.ar/peliculas/resident-evil-noche-cero/
GBA Norte,Multiplex,Multiplex Pilar,"Las Magnolias 754, Palmas del Pilar",Resident Evil: Noche Cero,2D Doblada,16:50,,,,https://multiplex.com.ar/peliculas/resident-evil-noche-cero/
GBA Norte,Multiplex,Multiplex Pilar,"Las Magnolias 754, Palmas del Pilar",Resident Evil: Noche Cero,2D Doblada,21:00,,,,https://multiplex.com.ar/peliculas/resident-evil-noche-cero/
GBA Norte,Multiplex,Multiplex Pilar,"Las Magnolias 754, Palmas del Pilar",Resident Evil: Noche Cero,4D (2D) Doblada,22:50,,,,https://multiplex.com.ar/peliculas/resident-evil-noche-cero/
GBA Norte,Multiplex,Multiplex Pilar,"Las Magnolias 754, Palmas del Pilar",Resident Evil: Noche Cero,2D Doblada,23:00,,,,https://multiplex.com.ar/peliculas/resident-evil-noche-cero/
GBA Norte,Multiplex,Multiplex Pilar,"Las Magnolias 754, Palmas del Pilar",Spider-Man: Un nuevo día,2D Doblada,19:50,,,,https://multiplex.com.ar/peliculas/spider-man-un-dia-nuevo/
GBA Norte,Multiplex,Multiplex Pilar,"Las Magnolias 754, Palmas del Pilar",Verity. La sombra de un engaño,2D Doblada,13:20,,,,https://multiplex.com.ar/peliculas/verityla-sombra-de-un-engano/
GBA Norte,Multiplex,Multiplex Pilar,"Las Magnolias 754, Palmas del Pilar",Verity. La sombra de un engaño,PLATINUM 2D Subtitulada,14:50,,,,https://multiplex.com.ar/peliculas/verityla-sombra-de-un-engano/
GBA Norte,Multiplex,Multiplex Pilar,"Las Magnolias 754, Palmas del Pilar",Verity. La sombra de un engaño,2D Doblada,15:50,,,,https://multiplex.com.ar/peliculas/verityla-sombra-de-un-engano/
GBA Norte,Multiplex,Multiplex Pilar,"Las Magnolias 754, Palmas del Pilar",Verity. La sombra de un engaño,2D Doblada,18:10,,,,https://multiplex.com.ar/peliculas/verityla-sombra-de-un-engano/
GBA Norte,Multiplex,Multiplex Pilar,"Las Magnolias 754, Palmas del Pilar",Verity. La sombra de un engaño,2D Doblada,20:40,,,,https://multiplex.com.ar/peliculas/verityla-sombra-de-un-engano/
GBA Norte,Multiplex,Multiplex Pilar,"Las Magnolias 754, Palmas del Pilar",Verity. La sombra de un engaño,PLATINUM 2D Subtitulada,22:10,,,,https://multiplex.com.ar/peliculas/verityla-sombra-de-un-engano/
GBA Norte,Multiplex,Multiplex Pilar,"Las Magnolias 754, Palmas del Pilar",Verity. La sombra de un engaño,2D Doblada,23:00,,,,https://multiplex.com.ar/peliculas/verityla-sombra-de-un-engano/
GBA Norte,Multiplex,Multiplex Pilar,"Las Magnolias 754, Palmas del Pilar",Vértigo 2,2D Doblada,22:40,,,,https://multiplex.com.ar/peliculas/vertigo-2/
GBA Sur,Multiplex,Multiplex Canning,"Formosa 653, Canning (Shopping Las Toscas)",Avengers: Endgame,4D (3D) Doblada,14:00,,,,https://multiplex.com.ar/peliculas/avengers-endgame-re-estreno/
GBA Sur,Multiplex,Multiplex Canning,"Formosa 653, Canning (Shopping Las Toscas)",Avengers: Endgame,3D Doblada,15:00,,,,https://multiplex.com.ar/peliculas/avengers-endgame-re-estreno/
GBA Sur,Multiplex,Multiplex Canning,"Formosa 653, Canning (Shopping Las Toscas)",Avengers: Endgame,4D (3D) Doblada,17:20,,,,https://multiplex.com.ar/peliculas/avengers-endgame-re-estreno/
GBA Sur,Multiplex,Multiplex Canning,"Formosa 653, Canning (Shopping Las Toscas)",Avengers: Endgame,3D Doblada,18:30,,,,https://multiplex.com.ar/peliculas/avengers-endgame-re-estreno/
GBA Sur,Multiplex,Multiplex Canning,"Formosa 653, Canning (Shopping Las Toscas)",Avengers: Endgame,2D Subtitulada,22:00,,,,https://multiplex.com.ar/peliculas/avengers-endgame-re-estreno/
GBA Sur,Multiplex,Multiplex Canning,"Formosa 653, Canning (Shopping Las Toscas)",Coyote vs. Acme,2D Doblada,12:50,,,,https://multiplex.com.ar/peliculas/coyote-vs-acme/
GBA Sur,Multiplex,Multiplex Canning,"Formosa 653, Canning (Shopping Las Toscas)",Cuentos Del Jardin Magico,2D Doblada,12:20,,,,https://multiplex.com.ar/peliculas/cuentos-del-jardin-magico/
GBA Sur,Multiplex,Multiplex Canning,"Formosa 653, Canning (Shopping Las Toscas)",Digger,2D Doblada,17:45,,,,https://multiplex.com.ar/peliculas/digger/
GBA Sur,Multiplex,Multiplex Canning,"Formosa 653, Canning (Shopping Las Toscas)",Digger,2D Doblada,20:15,,,,https://multiplex.com.ar/peliculas/digger/
GBA Sur,Multiplex,Multiplex Canning,"Formosa 653, Canning (Shopping Las Toscas)",Digger,2D Doblada,22:45,,,,https://multiplex.com.ar/peliculas/digger/
GBA Sur,Multiplex,Multiplex Canning,"Formosa 653, Canning (Shopping Las Toscas)",El corazón de la bestia,2D Doblada,14:30,,,,https://multiplex.com.ar/peliculas/el-corazon-de-la-bestia/
GBA Sur,Multiplex,Multiplex Canning,"Formosa 653, Canning (Shopping Las Toscas)",El corazón de la bestia,2D Doblada,16:30,,,,https://multiplex.com.ar/peliculas/el-corazon-de-la-bestia/
GBA Sur,Multiplex,Multiplex Canning,"Formosa 653, Canning (Shopping Las Toscas)",El corazón de la bestia,2D Doblada,18:40,,,,https://multiplex.com.ar/peliculas/el-corazon-de-la-bestia/
GBA Sur,Multiplex,Multiplex Canning,"Formosa 653, Canning (Shopping Las Toscas)",El corazón de la bestia,2D Doblada,20:45,,,,https://multiplex.com.ar/peliculas/el-corazon-de-la-bestia/
GBA Sur,Multiplex,Multiplex Canning,"Formosa 653, Canning (Shopping Las Toscas)",Escondida en mi cabeza,2D Doblada,14:45,,,,https://multiplex.com.ar/peliculas/escondida-en-mi-cabeza/
GBA Sur,Multiplex,Multiplex Canning,"Formosa 653, Canning (Shopping Las Toscas)",Escondida en mi cabeza,2D Doblada,16:00,,,,https://multiplex.com.ar/peliculas/escondida-en-mi-cabeza/
GBA Sur,Multiplex,Multiplex Canning,"Formosa 653, Canning (Shopping Las Toscas)",Escondida en mi cabeza,2D Doblada,18:00,,,,https://multiplex.com.ar/peliculas/escondida-en-mi-cabeza/
GBA Sur,Multiplex,Multiplex Canning,"Formosa 653, Canning (Shopping Las Toscas)",Guardianes Del Museo 2,2D Doblada,12:50,,,,https://multiplex.com.ar/peliculas/guardianes-del-museo-2/
GBA Sur,Multiplex,Multiplex Canning,"Formosa 653, Canning (Shopping Las Toscas)",Guardianes Del Museo 2,2D Doblada,14:00,,,,https://multiplex.com.ar/peliculas/guardianes-del-museo-2/
GBA Sur,Multiplex,Multiplex Canning,"Formosa 653, Canning (Shopping Las Toscas)",Guardianes Del Museo 2,2D Doblada,15:50,,,,https://multiplex.com.ar/peliculas/guardianes-del-museo-2/
GBA Sur,Multiplex,Multiplex Canning,"Formosa 653, Canning (Shopping Las Toscas)",La isla olvidada,2D Doblada,13:45,,,,https://multiplex.com.ar/peliculas/la-isla-olvidada/
GBA Sur,Multiplex,Multiplex Canning,"Formosa 653, Canning (Shopping Las Toscas)",Resident Evil: Noche Cero,2D Doblada,16:45,,,,https://multiplex.com.ar/peliculas/resident-evil-noche-cero/
GBA Sur,Multiplex,Multiplex Canning,"Formosa 653, Canning (Shopping Las Toscas)",Resident Evil: Noche Cero,2D Doblada,18:40,,,,https://multiplex.com.ar/peliculas/resident-evil-noche-cero/
GBA Sur,Multiplex,Multiplex Canning,"Formosa 653, Canning (Shopping Las Toscas)",Resident Evil: Noche Cero,4D (2D) Doblada,20:40,,,,https://multiplex.com.ar/peliculas/resident-evil-noche-cero/
GBA Sur,Multiplex,Multiplex Canning,"Formosa 653, Canning (Shopping Las Toscas)",Resident Evil: Noche Cero,2D Doblada,20:50,,,,https://multiplex.com.ar/peliculas/resident-evil-noche-cero/
GBA Sur,Multiplex,Multiplex Canning,"Formosa 653, Canning (Shopping Las Toscas)",Resident Evil: Noche Cero,4D (2D) Doblada,22:40,,,,https://multiplex.com.ar/peliculas/resident-evil-noche-cero/
GBA Sur,Multiplex,Multiplex Canning,"Formosa 653, Canning (Shopping Las Toscas)",Resident Evil: Noche Cero,2D Doblada,22:50,,,,https://multiplex.com.ar/peliculas/resident-evil-noche-cero/
GBA Sur,Multiplex,Multiplex Canning,"Formosa 653, Canning (Shopping Las Toscas)",Toy Story 5,2D Doblada,12:20,,,,https://multiplex.com.ar/peliculas/toy-story-5/
GBA Sur,Multiplex,Multiplex Canning,"Formosa 653, Canning (Shopping Las Toscas)",Verity. La sombra de un engaño,2D Subtitulada,20:00,,,,https://multiplex.com.ar/peliculas/verityla-sombra-de-un-engano/
GBA Sur,Multiplex,Multiplex Canning,"Formosa 653, Canning (Shopping Las Toscas)",Verity. La sombra de un engaño,2D Subtitulada,22:20,,,,https://multiplex.com.ar/peliculas/verityla-sombra-de-un-engano/
GBA Sur,Multiplex,Multiplex Canning,"Formosa 653, Canning (Shopping Las Toscas)",Vértigo 2,2D Doblada,22:45,,,,https://multiplex.com.ar/peliculas/vertigo-2/
GBA Sur,Cinépolis,Cinépolis Avellaneda,"Av. Mitre 2702, Avellaneda",Avengers: Endgame,3D Doblada,14:00,,,,https://cartelera.ar/pelicula/vengadores-endgame
GBA Sur,Cinépolis,Cinépolis Avellaneda,"Av. Mitre 2702, Avellaneda",Avengers: Endgame,2D Doblada,14:30,,,,https://cartelera.ar/pelicula/vengadores-endgame
GBA Sur,Cinépolis,Cinépolis Avellaneda,"Av. Mitre 2702, Avellaneda",Avengers: Endgame,3D Doblada,18:00,,,,https://cartelera.ar/pelicula/vengadores-endgame
GBA Sur,Cinépolis,Cinépolis Avellaneda,"Av. Mitre 2702, Avellaneda",Avengers: Endgame,2D Subtitulada,18:30,,,,https://cartelera.ar/pelicula/vengadores-endgame
GBA Sur,Cinépolis,Cinépolis Avellaneda,"Av. Mitre 2702, Avellaneda",Avengers: Endgame,2D Doblada,21:30,,,,https://cartelera.ar/pelicula/vengadores-endgame
GBA Sur,Cinépolis,Cinépolis Avellaneda,"Av. Mitre 2702, Avellaneda",Avengers: Endgame,3D Subtitulada,22:00,,,,https://cartelera.ar/pelicula/vengadores-endgame
GBA Sur,Cinépolis,Cinépolis Avellaneda,"Av. Mitre 2702, Avellaneda",Avengers: Endgame,3D Doblada,22:30,,,,https://cartelera.ar/pelicula/vengadores-endgame
GBA Sur,Cinépolis,Cinépolis Avellaneda,"Av. Mitre 2702, Avellaneda",El corazón de la bestia,2D Doblada,13:20,,,,https://cartelera.ar/pelicula/el-corazon-de-la-bestia
GBA Sur,Cinépolis,Cinépolis Avellaneda,"Av. Mitre 2702, Avellaneda",El corazón de la bestia,2D Doblada,15:50,,,,https://cartelera.ar/pelicula/el-corazon-de-la-bestia
GBA Sur,Cinépolis,Cinépolis Avellaneda,"Av. Mitre 2702, Avellaneda",El corazón de la bestia,2D Doblada,18:20,,,,https://cartelera.ar/pelicula/el-corazon-de-la-bestia
GBA Sur,Cinépolis,Cinépolis Avellaneda,"Av. Mitre 2702, Avellaneda",El corazón de la bestia,2D Subtitulada,20:50,,,,https://cartelera.ar/pelicula/el-corazon-de-la-bestia
GBA Sur,Cinépolis,Cinépolis Avellaneda,"Av. Mitre 2702, Avellaneda",El corazón de la bestia,2D Doblada,23:20,,,,https://cartelera.ar/pelicula/el-corazon-de-la-bestia
GBA Sur,Cinépolis,Cinépolis Avellaneda,"Av. Mitre 2702, Avellaneda",La noche del demonio: Están entre nosotros,2D Doblada,23:10,,,,https://cartelera.ar/pelicula/la-noche-del-demonio-estan-entre-nosotros
GBA Sur,Cinépolis,Cinépolis Avellaneda,"Av. Mitre 2702, Avellaneda",Resident Evil: Noche Cero,2D Doblada,12:45,,,,https://cartelera.ar/pelicula/resident-evil-noche-cero
GBA Sur,Cinépolis,Cinépolis Avellaneda,"Av. Mitre 2702, Avellaneda",Resident Evil: Noche Cero,2D Doblada,13:45,,,,https://cartelera.ar/pelicula/resident-evil-noche-cero
GBA Sur,Cinépolis,Cinépolis Avellaneda,"Av. Mitre 2702, Avellaneda",Resident Evil: Noche Cero,2D Doblada,15:00,,,,https://cartelera.ar/pelicula/resident-evil-noche-cero
GBA Sur,Cinépolis,Cinépolis Avellaneda,"Av. Mitre 2702, Avellaneda",Resident Evil: Noche Cero,2D Doblada,16:00,,,,https://cartelera.ar/pelicula/resident-evil-noche-cero
GBA Sur,Cinépolis,Cinépolis Avellaneda,"Av. Mitre 2702, Avellaneda",Resident Evil: Noche Cero,2D Doblada,17:20,,,,https://cartelera.ar/pelicula/resident-evil-noche-cero
GBA Sur,Cinépolis,Cinépolis Avellaneda,"Av. Mitre 2702, Avellaneda",Resident Evil: Noche Cero,2D Doblada,18:20,,,,https://cartelera.ar/pelicula/resident-evil-noche-cero
GBA Sur,Cinépolis,Cinépolis Avellaneda,"Av. Mitre 2702, Avellaneda",Resident Evil: Noche Cero,2D Doblada,19:40,,,,https://cartelera.ar/pelicula/resident-evil-noche-cero
GBA Sur,Cinépolis,Cinépolis Avellaneda,"Av. Mitre 2702, Avellaneda",Resident Evil: Noche Cero,2D Doblada,20:40,,,,https://cartelera.ar/pelicula/resident-evil-noche-cero
GBA Sur,Cinépolis,Cinépolis Avellaneda,"Av. Mitre 2702, Avellaneda",Resident Evil: Noche Cero,2D Doblada,22:00,,,,https://cartelera.ar/pelicula/resident-evil-noche-cero
GBA Sur,Cinépolis,Cinépolis Avellaneda,"Av. Mitre 2702, Avellaneda",Resident Evil: Noche Cero,2D Subtitulada,23:00,,,,https://cartelera.ar/pelicula/resident-evil-noche-cero
GBA Sur,Cinépolis,Cinépolis Avellaneda,"Av. Mitre 2702, Avellaneda",La isla olvidada,2D Doblada,12:30,,,,https://cartelera.ar/pelicula/la-isla-olvidada
GBA Sur,Cinépolis,Cinépolis Avellaneda,"Av. Mitre 2702, Avellaneda",Digger,2D Doblada,13:10,,,,https://cartelera.ar/pelicula/digger
GBA Sur,Cinépolis,Cinépolis Avellaneda,"Av. Mitre 2702, Avellaneda",Digger,2D Doblada,16:10,,,,https://cartelera.ar/pelicula/digger
GBA Sur,Cinépolis,Cinépolis Avellaneda,"Av. Mitre 2702, Avellaneda",Digger,2D Doblada,19:10,,,,https://cartelera.ar/pelicula/digger
GBA Sur,Cinépolis,Cinépolis Avellaneda,"Av. Mitre 2702, Avellaneda",Digger,2D Subtitulada,22:10,,,,https://cartelera.ar/pelicula/digger
GBA Sur,Cinépolis,Cinépolis Avellaneda,"Av. Mitre 2702, Avellaneda",Coyote vs. Acme,2D Doblada,13:00,,,,https://cartelera.ar/pelicula/coyote-vs-acme
GBA Sur,Cinépolis,Cinépolis Avellaneda,"Av. Mitre 2702, Avellaneda",Coyote vs. Acme,2D Doblada,15:30,,,,https://cartelera.ar/pelicula/coyote-vs-acme
GBA Sur,Cinépolis,Cinépolis Avellaneda,"Av. Mitre 2702, Avellaneda",Coyote vs. Acme,2D Doblada,20:45,,,,https://cartelera.ar/pelicula/coyote-vs-acme
GBA Sur,Cinépolis,Cinépolis Avellaneda,"Av. Mitre 2702, Avellaneda",Yo Narciso,2D Doblada,15:20,,,,https://cartelera.ar/pelicula/yo-narciso
GBA Sur,Cinépolis,Cinépolis Avellaneda,"Av. Mitre 2702, Avellaneda",Yo Narciso,2D Doblada,20:50,,,,https://cartelera.ar/pelicula/yo-narciso
GBA Sur,Cinépolis,Cinépolis Avellaneda,"Av. Mitre 2702, Avellaneda",Linkin Park: Unshatter,2D Subtitulada,22:00,,,,https://cartelera.ar/pelicula/linkin-park-unshatter
GBA Sur,Cinépolis,Cinépolis Avellaneda,"Av. Mitre 2702, Avellaneda",Mahou Shoujo Madoka Magica: Walpurgis no Kaiten,2D Subtitulada,18:00,,,,https://cartelera.ar/pelicula/mahou-shoujo-madoka-magica-walpurgis-no-kaiten
GBA Sur,Cinépolis,Cinépolis Avellaneda,"Av. Mitre 2702, Avellaneda",Vértigo 2,2D Doblada,13:00,,,,https://cartelera.ar/pelicula/vertigo-2
GBA Sur,Cinépolis,Cinépolis Avellaneda,"Av. Mitre 2702, Avellaneda",Vértigo 2,2D Doblada,15:30,,,,https://cartelera.ar/pelicula/vertigo-2
GBA Sur,Cinépolis,Cinépolis Avellaneda,"Av. Mitre 2702, Avellaneda",Vértigo 2,2D Doblada,18:00,,,,https://cartelera.ar/pelicula/vertigo-2
GBA Sur,Cinépolis,Cinépolis Avellaneda,"Av. Mitre 2702, Avellaneda",Vértigo 2,2D Doblada,20:20,,,,https://cartelera.ar/pelicula/vertigo-2
GBA Sur,Cinépolis,Cinépolis Avellaneda,"Av. Mitre 2702, Avellaneda",Vértigo 2,2D Subtitulada,22:50,,,,https://cartelera.ar/pelicula/vertigo-2
GBA Sur,Cinépolis,Cinépolis Avellaneda,"Av. Mitre 2702, Avellaneda",Cuentos del jardín mágico (Pohádky po babicce),2D Doblada,14:00,,,,https://cartelera.ar/pelicula/cuentos-del-jardin-magico-pohadky-po-babicce
GBA Sur,Cinépolis,Cinépolis Avellaneda,"Av. Mitre 2702, Avellaneda",Cuentos del jardín mágico (Pohádky po babicce),2D Doblada,15:50,,,,https://cartelera.ar/pelicula/cuentos-del-jardin-magico-pohadky-po-babicce
GBA Sur,Cinépolis,Cinépolis Avellaneda,"Av. Mitre 2702, Avellaneda",Escondida en mi cabeza,2D Doblada,15:00,,,,https://cartelera.ar/pelicula/escondida-en-mi-cabeza
GBA Sur,Cinépolis,Cinépolis Avellaneda,"Av. Mitre 2702, Avellaneda",Escondida en mi cabeza,2D Doblada,17:20,,,,https://cartelera.ar/pelicula/escondida-en-mi-cabeza
GBA Sur,Cinépolis,Cinépolis Avellaneda,"Av. Mitre 2702, Avellaneda",Escondida en mi cabeza,2D Doblada,19:40,,,,https://cartelera.ar/pelicula/escondida-en-mi-cabeza
GBA Sur,Cinépolis,Cinépolis Avellaneda,"Av. Mitre 2702, Avellaneda",Escondida en mi cabeza,2D Doblada,23:15,,,,https://cartelera.ar/pelicula/escondida-en-mi-cabeza
GBA Sur,Cinépolis,Cinépolis Avellaneda,"Av. Mitre 2702, Avellaneda",Relajadas y muy peligrosas,2D Doblada,17:50,,,,https://cartelera.ar/pelicula/relajadas-y-muy-peligrosas
GBA Sur,Cinépolis,Cinépolis Avellaneda,"Av. Mitre 2702, Avellaneda",Relajadas y muy peligrosas,2D Doblada,20:10,,,,https://cartelera.ar/pelicula/relajadas-y-muy-peligrosas
GBA Sur,Cinépolis,Cinépolis Avellaneda,"Av. Mitre 2702, Avellaneda",Relajadas y muy peligrosas,2D Subtitulada,22:30,,,,https://cartelera.ar/pelicula/relajadas-y-muy-peligrosas
GBA Sur,Cinépolis,Cinépolis Avellaneda,"Av. Mitre 2702, Avellaneda",Guardianes del museo 2 (Cats in the museum 2),2D Doblada,12:50,,,,https://cartelera.ar/pelicula/guardianes-del-museo-2-cats-in-the-museum-2
GBA Sur,Cinépolis,Cinépolis Avellaneda,"Av. Mitre 2702, Avellaneda",Guardianes del museo 2 (Cats in the museum 2),2D Doblada,15:00,,,,https://cartelera.ar/pelicula/guardianes-del-museo-2-cats-in-the-museum-2
GBA Sur,Cinépolis,Cinépolis Avellaneda,"Av. Mitre 2702, Avellaneda",Guardianes del museo 2 (Cats in the museum 2),2D Doblada,17:10,,,,https://cartelera.ar/pelicula/guardianes-del-museo-2-cats-in-the-museum-2
GBA Sur,Cinépolis,Cinépolis Avellaneda,"Av. Mitre 2702, Avellaneda",Guardianes del museo 2 (Cats in the museum 2),2D Doblada,19:20,,,,https://cartelera.ar/pelicula/guardianes-del-museo-2-cats-in-the-museum-2
GBA Sur,Cinépolis,Cinépolis Avellaneda,"Av. Mitre 2702, Avellaneda",Verity: La sombra del engaño,2D Doblada,14:15,,,,https://cartelera.ar/pelicula/verity-la-sombra-del-engano
GBA Sur,Cinépolis,Cinépolis Avellaneda,"Av. Mitre 2702, Avellaneda",Verity: La sombra del engaño,2D Doblada,17:00,,,,https://cartelera.ar/pelicula/verity-la-sombra-del-engano
GBA Sur,Cinépolis,Cinépolis Avellaneda,"Av. Mitre 2702, Avellaneda",Verity: La sombra del engaño,2D Subtitulada,19:45,,,,https://cartelera.ar/pelicula/verity-la-sombra-del-engano
GBA Sur,Cinépolis,Cinépolis Avellaneda,"Av. Mitre 2702, Avellaneda",Verity: La sombra del engaño,2D Subtitulada,22:30,,,,https://cartelera.ar/pelicula/verity-la-sombra-del-engano
GBA Norte,Cinépolis,Cinépolis Pilar,"Panamericana Km. 50, Pilar",Avengers: Endgame,2D Doblada,14:30,,,,https://cartelera.ar/pelicula/vengadores-endgame
GBA Norte,Cinépolis,Cinépolis Pilar,"Panamericana Km. 50, Pilar",Avengers: Endgame,2D Doblada,15:20,,,,https://cartelera.ar/pelicula/vengadores-endgame
GBA Norte,Cinépolis,Cinépolis Pilar,"Panamericana Km. 50, Pilar",Avengers: Endgame,2D Doblada,18:30,,,,https://cartelera.ar/pelicula/vengadores-endgame
GBA Norte,Cinépolis,Cinépolis Pilar,"Panamericana Km. 50, Pilar",Avengers: Endgame,2D Doblada,19:15,,,,https://cartelera.ar/pelicula/vengadores-endgame
GBA Norte,Cinépolis,Cinépolis Pilar,"Panamericana Km. 50, Pilar",Avengers: Endgame,3D Doblada,22:30,,,,https://cartelera.ar/pelicula/vengadores-endgame
GBA Norte,Cinépolis,Cinépolis Pilar,"Panamericana Km. 50, Pilar",El corazón de la bestia,2D Doblada,13:00,,,,https://cartelera.ar/pelicula/el-corazon-de-la-bestia
GBA Norte,Cinépolis,Cinépolis Pilar,"Panamericana Km. 50, Pilar",El corazón de la bestia,2D Doblada,15:20,,,,https://cartelera.ar/pelicula/el-corazon-de-la-bestia
GBA Norte,Cinépolis,Cinépolis Pilar,"Panamericana Km. 50, Pilar",El corazón de la bestia,2D Doblada,17:45,,,,https://cartelera.ar/pelicula/el-corazon-de-la-bestia
GBA Norte,Cinépolis,Cinépolis Pilar,"Panamericana Km. 50, Pilar",El corazón de la bestia,2D Subtitulada,20:10,,,,https://cartelera.ar/pelicula/el-corazon-de-la-bestia
GBA Norte,Cinépolis,Cinépolis Pilar,"Panamericana Km. 50, Pilar",El corazón de la bestia,2D Doblada,22:30,,,,https://cartelera.ar/pelicula/el-corazon-de-la-bestia
GBA Norte,Cinépolis,Cinépolis Pilar,"Panamericana Km. 50, Pilar",Minions & monstruos,2D Doblada,12:50,,,,https://cartelera.ar/pelicula/minions-monstruos
GBA Norte,Cinépolis,Cinépolis Pilar,"Panamericana Km. 50, Pilar",Resident Evil: Noche Cero,2D Doblada,20:30,,,,https://cartelera.ar/pelicula/resident-evil-noche-cero
GBA Norte,Cinépolis,Cinépolis Pilar,"Panamericana Km. 50, Pilar",Resident Evil: Noche Cero,2D Doblada,22:45,,,,https://cartelera.ar/pelicula/resident-evil-noche-cero
GBA Norte,Cinépolis,Cinépolis Pilar,"Panamericana Km. 50, Pilar",La isla olvidada,2D Doblada,15:05,,,,https://cartelera.ar/pelicula/la-isla-olvidada
GBA Norte,Cinépolis,Cinépolis Pilar,"Panamericana Km. 50, Pilar",Digger,2D Subtitulada,13:20,,,,https://cartelera.ar/pelicula/digger
GBA Norte,Cinépolis,Cinépolis Pilar,"Panamericana Km. 50, Pilar",Digger,2D Doblada,16:10,,,,https://cartelera.ar/pelicula/digger
GBA Norte,Cinépolis,Cinépolis Pilar,"Panamericana Km. 50, Pilar",Digger,2D Subtitulada,19:00,,,,https://cartelera.ar/pelicula/digger
GBA Norte,Cinépolis,Cinépolis Pilar,"Panamericana Km. 50, Pilar",Digger,2D Subtitulada,21:50,,,,https://cartelera.ar/pelicula/digger
GBA Norte,Cinépolis,Cinépolis Pilar,"Panamericana Km. 50, Pilar",Coyote vs. Acme,2D Doblada,13:10,,,,https://cartelera.ar/pelicula/coyote-vs-acme
GBA Norte,Cinépolis,Cinépolis Pilar,"Panamericana Km. 50, Pilar",Coyote vs. Acme,2D Doblada,15:30,,,,https://cartelera.ar/pelicula/coyote-vs-acme
GBA Norte,Cinépolis,Cinépolis Pilar,"Panamericana Km. 50, Pilar",Linkin Park: Unshatter,2D Subtitulada,22:00,,,,https://cartelera.ar/pelicula/linkin-park-unshatter
GBA Norte,Cinépolis,Cinépolis Pilar,"Panamericana Km. 50, Pilar",Mahou Shoujo Madoka Magica: Walpurgis no Kaiten,2D Subtitulada,18:00,,,,https://cartelera.ar/pelicula/mahou-shoujo-madoka-magica-walpurgis-no-kaiten
GBA Norte,Cinépolis,Cinépolis Pilar,"Panamericana Km. 50, Pilar",Vértigo 2,2D Subtitulada,18:00,,,,https://cartelera.ar/pelicula/vertigo-2
GBA Norte,Cinépolis,Cinépolis Pilar,"Panamericana Km. 50, Pilar",Vértigo 2,2D Subtitulada,20:20,,,,https://cartelera.ar/pelicula/vertigo-2
GBA Norte,Cinépolis,Cinépolis Pilar,"Panamericana Km. 50, Pilar",Vértigo 2,2D Doblada,22:40,,,,https://cartelera.ar/pelicula/vertigo-2
GBA Norte,Cinépolis,Cinépolis Pilar,"Panamericana Km. 50, Pilar",Cuentos del jardín mágico (Pohádky po babicce),2D Doblada,14:15,,,,https://cartelera.ar/pelicula/cuentos-del-jardin-magico-pohadky-po-babicce
GBA Norte,Cinépolis,Cinépolis Pilar,"Panamericana Km. 50, Pilar",Cuentos del jardín mágico (Pohádky po babicce),2D Doblada,16:10,,,,https://cartelera.ar/pelicula/cuentos-del-jardin-magico-pohadky-po-babicce
GBA Norte,Cinépolis,Cinépolis Pilar,"Panamericana Km. 50, Pilar",Escondida en mi cabeza,2D Doblada,20:40,,,,https://cartelera.ar/pelicula/escondida-en-mi-cabeza
GBA Norte,Cinépolis,Cinépolis Pilar,"Panamericana Km. 50, Pilar",Escondida en mi cabeza,2D Doblada,23:00,,,,https://cartelera.ar/pelicula/escondida-en-mi-cabeza
GBA Norte,Cinépolis,Cinépolis Pilar,"Panamericana Km. 50, Pilar",Relajadas y muy peligrosas,2D Doblada,13:00,,,,https://cartelera.ar/pelicula/relajadas-y-muy-peligrosas
GBA Norte,Cinépolis,Cinépolis Pilar,"Panamericana Km. 50, Pilar",Relajadas y muy peligrosas,2D Doblada,17:30,,,,https://cartelera.ar/pelicula/relajadas-y-muy-peligrosas
GBA Norte,Cinépolis,Cinépolis Pilar,"Panamericana Km. 50, Pilar",Relajadas y muy peligrosas,2D Doblada,19:50,,,,https://cartelera.ar/pelicula/relajadas-y-muy-peligrosas
GBA Norte,Cinépolis,Cinépolis Pilar,"Panamericana Km. 50, Pilar",Relajadas y muy peligrosas,2D Doblada,23:10,,,,https://cartelera.ar/pelicula/relajadas-y-muy-peligrosas
GBA Norte,Cinépolis,Cinépolis Pilar,"Panamericana Km. 50, Pilar",Guardianes del museo 2 (Cats in the museum 2),2D Doblada,13:45,,,,https://cartelera.ar/pelicula/guardianes-del-museo-2-cats-in-the-museum-2
GBA Norte,Cinépolis,Cinépolis Pilar,"Panamericana Km. 50, Pilar",Guardianes del museo 2 (Cats in the museum 2),2D Doblada,16:00,,,,https://cartelera.ar/pelicula/guardianes-del-museo-2-cats-in-the-museum-2
GBA Norte,Cinépolis,Cinépolis Pilar,"Panamericana Km. 50, Pilar",Guardianes del museo 2 (Cats in the museum 2),2D Doblada,18:10,,,,https://cartelera.ar/pelicula/guardianes-del-museo-2-cats-in-the-museum-2
GBA Norte,Cinépolis,Cinépolis Pilar,"Panamericana Km. 50, Pilar",Verity: La sombra del engaño,2D Subtitulada,14:10,,,,https://cartelera.ar/pelicula/verity-la-sombra-del-engano
GBA Norte,Cinépolis,Cinépolis Pilar,"Panamericana Km. 50, Pilar",Verity: La sombra del engaño,2D Subtitulada,16:50,,,,https://cartelera.ar/pelicula/verity-la-sombra-del-engano
GBA Norte,Cinépolis,Cinépolis Pilar,"Panamericana Km. 50, Pilar",Verity: La sombra del engaño,2D Subtitulada,19:30,,,,https://cartelera.ar/pelicula/verity-la-sombra-del-engano
GBA Norte,Cinépolis,Cinépolis Pilar,"Panamericana Km. 50, Pilar",Verity: La sombra del engaño,2D Doblada,22:10,,,,https://cartelera.ar/pelicula/verity-la-sombra-del-engano
CABA,Cinemark Hoyts,Cinemark Caballito,"Av. La Plata 96, Caballito",Avengers: Endgame,2D Subtitulada,18:30,,,,https://www.cinemark.com.ar/peliculas/avengers-endgame-re-estreno
CABA,Cinemark Hoyts,Cinemark Caballito,"Av. La Plata 96, Caballito",Avengers: Endgame,2D Subtitulada,22:10,,,,https://www.cinemark.com.ar/peliculas/avengers-endgame-re-estreno
CABA,Cinemark Hoyts,Cinemark Caballito,"Av. La Plata 96, Caballito",DIGGER,2D Subtitulada,13:50,,,,https://www.cinemark.com.ar/peliculas/digger
CABA,Cinemark Hoyts,Cinemark Caballito,"Av. La Plata 96, Caballito",DIGGER,2D Subtitulada,16:40,,,,https://www.cinemark.com.ar/peliculas/digger
CABA,Cinemark Hoyts,Cinemark Caballito,"Av. La Plata 96, Caballito",DIGGER,2D Subtitulada,19:30,,,,https://www.cinemark.com.ar/peliculas/digger
CABA,Cinemark Hoyts,Cinemark Caballito,"Av. La Plata 96, Caballito",DIGGER,2D Subtitulada,22:30,,,,https://www.cinemark.com.ar/peliculas/digger
CABA,Cinemark Hoyts,Cinemark Caballito,"Av. La Plata 96, Caballito",El corazón de la bestia,2D Subtitulada,12:50,,,,https://www.cinemark.com.ar/peliculas/el-corazon-de-la-bestia
CABA,Cinemark Hoyts,Cinemark Caballito,"Av. La Plata 96, Caballito",El corazón de la bestia,2D Subtitulada,15:10,,,,https://www.cinemark.com.ar/peliculas/el-corazon-de-la-bestia
CABA,Cinemark Hoyts,Cinemark Caballito,"Av. La Plata 96, Caballito",El corazón de la bestia,2D Subtitulada,17:30,,,,https://www.cinemark.com.ar/peliculas/el-corazon-de-la-bestia
CABA,Cinemark Hoyts,Cinemark Caballito,"Av. La Plata 96, Caballito",El corazón de la bestia,2D Subtitulada,20:00,,,,https://www.cinemark.com.ar/peliculas/el-corazon-de-la-bestia
CABA,Cinemark Hoyts,Cinemark Caballito,"Av. La Plata 96, Caballito",El corazón de la bestia,2D Subtitulada,22:20,,,,https://www.cinemark.com.ar/peliculas/el-corazon-de-la-bestia
CABA,Cinemark Hoyts,Cinemark Caballito,"Av. La Plata 96, Caballito",La isla olvidada,2D Doblada,13:30,,,,https://www.cinemark.com.ar/peliculas/la-isla-olvidada
CABA,Cinemark Hoyts,Cinemark Caballito,"Av. La Plata 96, Caballito",La isla olvidada,2D Doblada,16:00,,,,https://www.cinemark.com.ar/peliculas/la-isla-olvidada
CABA,Cinemark Hoyts,Cinemark Caballito,"Av. La Plata 96, Caballito",La Odisea,2D Subtitulada,21:50,,,,https://www.cinemark.com.ar/peliculas/la-odisea
CABA,Cinemark Hoyts,Cinemark Caballito,"Av. La Plata 96, Caballito",Resident Evil: Noche Cero,2D Doblada,13:10,,,,https://www.cinemark.com.ar/peliculas/resident-evil-noche-cero
CABA,Cinemark Hoyts,Cinemark Caballito,"Av. La Plata 96, Caballito",Resident Evil: Noche Cero,2D Subtitulada,15:30,,,,https://www.cinemark.com.ar/peliculas/resident-evil-noche-cero
CABA,Cinemark Hoyts,Cinemark Caballito,"Av. La Plata 96, Caballito",Resident Evil: Noche Cero,2D Doblada,17:50,,,,https://www.cinemark.com.ar/peliculas/resident-evil-noche-cero
CABA,Cinemark Hoyts,Cinemark Caballito,"Av. La Plata 96, Caballito",Resident Evil: Noche Cero,2D Subtitulada,20:10,,,,https://www.cinemark.com.ar/peliculas/resident-evil-noche-cero
CABA,Cinemark Hoyts,Cinemark Caballito,"Av. La Plata 96, Caballito",Resident Evil: Noche Cero,2D Subtitulada,22:40,,,,https://www.cinemark.com.ar/peliculas/resident-evil-noche-cero
CABA,Cinemark Hoyts,Cinemark Caballito,"Av. La Plata 96, Caballito",Spider-Man: Un nuevo día,2D Subtitulada,13:00,,,,https://www.cinemark.com.ar/peliculas/spider-man-un-nuevo-dia
CABA,Cinemark Hoyts,Cinemark Caballito,"Av. La Plata 96, Caballito",VERITY: LA SOMBRA DE UN ENGAÑO,2D Subtitulada,12:20,,,,https://www.cinemark.com.ar/peliculas/verity-la-sombra-de-un-engano
CABA,Cinemark Hoyts,Cinemark Caballito,"Av. La Plata 96, Caballito",VERITY: LA SOMBRA DE UN ENGAÑO,2D Subtitulada,15:00,,,,https://www.cinemark.com.ar/peliculas/verity-la-sombra-de-un-engano
CABA,Cinemark Hoyts,Cinemark Caballito,"Av. La Plata 96, Caballito",VERITY: LA SOMBRA DE UN ENGAÑO,2D Subtitulada,16:20,,,,https://www.cinemark.com.ar/peliculas/verity-la-sombra-de-un-engano
CABA,Cinemark Hoyts,Cinemark Caballito,"Av. La Plata 96, Caballito",VERITY: LA SOMBRA DE UN ENGAÑO,2D Subtitulada,17:40,,,,https://www.cinemark.com.ar/peliculas/verity-la-sombra-de-un-engano
CABA,Cinemark Hoyts,Cinemark Caballito,"Av. La Plata 96, Caballito",VERITY: LA SOMBRA DE UN ENGAÑO,2D Subtitulada,19:10,,,,https://www.cinemark.com.ar/peliculas/verity-la-sombra-de-un-engano
CABA,Cinemark Hoyts,Cinemark Caballito,"Av. La Plata 96, Caballito",VERITY: LA SOMBRA DE UN ENGAÑO,2D Subtitulada,20:20,,,,https://www.cinemark.com.ar/peliculas/verity-la-sombra-de-un-engano
CABA,Cinemark Hoyts,Cinemark Caballito,"Av. La Plata 96, Caballito",VERITY: LA SOMBRA DE UN ENGAÑO,2D Subtitulada,22:50,,,,https://www.cinemark.com.ar/peliculas/verity-la-sombra-de-un-engano
GBA Oeste,Cinépolis,Cinépolis Luján,"Av. Constitución 1000, Luján",Avengers: Endgame,2D Doblada,14:30,,,,https://cartelera.ar/pelicula/vengadores-endgame
GBA Oeste,Cinépolis,Cinépolis Luján,"Av. Constitución 1000, Luján",Avengers: Endgame,2D Doblada,18:20,,,,https://cartelera.ar/pelicula/vengadores-endgame
GBA Oeste,Cinépolis,Cinépolis Luján,"Av. Constitución 1000, Luján",Avengers: Endgame,2D Subtitulada,22:00,,,,https://cartelera.ar/pelicula/vengadores-endgame
GBA Oeste,Cinépolis,Cinépolis Luján,"Av. Constitución 1000, Luján",El corazón de la bestia,2D Doblada,13:10,,,,https://cartelera.ar/pelicula/el-corazon-de-la-bestia
GBA Oeste,Cinépolis,Cinépolis Luján,"Av. Constitución 1000, Luján",El corazón de la bestia,2D Doblada,15:30,,,,https://cartelera.ar/pelicula/el-corazon-de-la-bestia
GBA Oeste,Cinépolis,Cinépolis Luján,"Av. Constitución 1000, Luján",El corazón de la bestia,2D Subtitulada,20:10,,,,https://cartelera.ar/pelicula/el-corazon-de-la-bestia
GBA Oeste,Cinépolis,Cinépolis Luján,"Av. Constitución 1000, Luján",El corazón de la bestia,2D Doblada,22:30,,,,https://cartelera.ar/pelicula/el-corazon-de-la-bestia
GBA Oeste,Cinépolis,Cinépolis Luján,"Av. Constitución 1000, Luján",Resident Evil: Noche Cero,2D Doblada,20:30,,,,https://cartelera.ar/pelicula/resident-evil-noche-cero
GBA Oeste,Cinépolis,Cinépolis Luján,"Av. Constitución 1000, Luján",Resident Evil: Noche Cero,2D Subtitulada,22:50,,,,https://cartelera.ar/pelicula/resident-evil-noche-cero
GBA Oeste,Cinépolis,Cinépolis Luján,"Av. Constitución 1000, Luján",La isla olvidada,2D Doblada,15:20,,,,https://cartelera.ar/pelicula/la-isla-olvidada
GBA Oeste,Cinépolis,Cinépolis Luján,"Av. Constitución 1000, Luján",Digger,2D Doblada,16:00,,,,https://cartelera.ar/pelicula/digger
GBA Oeste,Cinépolis,Cinépolis Luján,"Av. Constitución 1000, Luján",Digger,2D Subtitulada,19:00,,,,https://cartelera.ar/pelicula/digger
GBA Oeste,Cinépolis,Cinépolis Luján,"Av. Constitución 1000, Luján",Digger,2D Doblada,21:50,,,,https://cartelera.ar/pelicula/digger
GBA Oeste,Cinépolis,Cinépolis Luján,"Av. Constitución 1000, Luján",Coyote vs. Acme,2D Doblada,13:30,,,,https://cartelera.ar/pelicula/coyote-vs-acme
GBA Oeste,Cinépolis,Cinépolis Luján,"Av. Constitución 1000, Luján",Vértigo 2,2D Doblada,17:50,,,,https://cartelera.ar/pelicula/vertigo-2
GBA Oeste,Cinépolis,Cinépolis Luján,"Av. Constitución 1000, Luján",Vértigo 2,2D Subtitulada,20:20,,,,https://cartelera.ar/pelicula/vertigo-2
GBA Oeste,Cinépolis,Cinépolis Luján,"Av. Constitución 1000, Luján",Escondida en mi cabeza,2D Doblada,13:00,,,,https://cartelera.ar/pelicula/escondida-en-mi-cabeza
GBA Oeste,Cinépolis,Cinépolis Luján,"Av. Constitución 1000, Luján",Escondida en mi cabeza,2D Doblada,18:00,,,,https://cartelera.ar/pelicula/escondida-en-mi-cabeza
GBA Oeste,Cinépolis,Cinépolis Luján,"Av. Constitución 1000, Luján",Escondida en mi cabeza,2D Doblada,22:40,,,,https://cartelera.ar/pelicula/escondida-en-mi-cabeza
GBA Oeste,Cinépolis,Cinépolis Luján,"Av. Constitución 1000, Luján",Guardianes del museo 2 (Cats in the museum 2),2D Doblada,13:50,,,,https://cartelera.ar/pelicula/guardianes-del-museo-2-cats-in-the-museum-2
GBA Oeste,Cinépolis,Cinépolis Luján,"Av. Constitución 1000, Luján",Guardianes del museo 2 (Cats in the museum 2),2D Doblada,16:00,,,,https://cartelera.ar/pelicula/guardianes-del-museo-2-cats-in-the-museum-2
GBA Oeste,Cinépolis,Cinépolis Luján,"Av. Constitución 1000, Luján",Guardianes del museo 2 (Cats in the museum 2),2D Doblada,18:10,,,,https://cartelera.ar/pelicula/guardianes-del-museo-2-cats-in-the-museum-2
GBA Oeste,Cinépolis,Cinépolis Luján,"Av. Constitución 1000, Luján",Verity: La sombra del engaño,2D Doblada,14:10,,,,https://cartelera.ar/pelicula/verity-la-sombra-del-engano
GBA Oeste,Cinépolis,Cinépolis Luján,"Av. Constitución 1000, Luján",Verity: La sombra del engaño,2D Subtitulada,16:50,,,,https://cartelera.ar/pelicula/verity-la-sombra-del-engano
GBA Oeste,Cinépolis,Cinépolis Luján,"Av. Constitución 1000, Luján",Verity: La sombra del engaño,2D Doblada,19:30,,,,https://cartelera.ar/pelicula/verity-la-sombra-del-engano
GBA Oeste,Cinépolis,Cinépolis Luján,"Av. Constitución 1000, Luján",Verity: La sombra del engaño,2D Subtitulada,22:10,,,,https://cartelera.ar/pelicula/verity-la-sombra-del-engano
CABA,Multiplex,Multiplex Belgrano,"Vuelta de Obligado 2199, Belgrano",Avengers: Endgame,4D + 3D Subtitulada,13:30,,,,https://multiplex.com.ar/peliculas/avengers-endgame-re-estreno/
CABA,Multiplex,Multiplex Belgrano,"Vuelta de Obligado 2199, Belgrano",Avengers: Endgame,COMFORT PLUS 2D Doblada,15:10,,,,https://multiplex.com.ar/peliculas/avengers-endgame-re-estreno/
CABA,Multiplex,Multiplex Belgrano,"Vuelta de Obligado 2199, Belgrano",Avengers: Endgame,COMFORT PLUS 2D Subtitulada,18:35,,,,https://multiplex.com.ar/peliculas/avengers-endgame-re-estreno/
CABA,Multiplex,Multiplex Belgrano,"Vuelta de Obligado 2199, Belgrano",Avengers: Endgame,4D + 3D Doblada,19:00,,,,https://multiplex.com.ar/peliculas/avengers-endgame-re-estreno/
CABA,Multiplex,Multiplex Belgrano,"Vuelta de Obligado 2199, Belgrano",Avengers: Endgame,COMFORT PLUS 2D Subtitulada,22:00,,,,https://multiplex.com.ar/peliculas/avengers-endgame-re-estreno/
CABA,Multiplex,Multiplex Belgrano,"Vuelta de Obligado 2199, Belgrano",Coyote vs. Acme,COMFORT PLUS 2D Doblada,13:00,,,,https://multiplex.com.ar/peliculas/coyote-vs-acme/
CABA,Multiplex,Multiplex Belgrano,"Vuelta de Obligado 2199, Belgrano",Coyote vs. Acme,2D Subtitulada,18:20,,,,https://multiplex.com.ar/peliculas/coyote-vs-acme/
CABA,Multiplex,Multiplex Belgrano,"Vuelta de Obligado 2199, Belgrano",Coyote vs. Acme,2D Subtitulada,20:30,,,,https://multiplex.com.ar/peliculas/coyote-vs-acme/
CABA,Multiplex,Multiplex Belgrano,"Vuelta de Obligado 2199, Belgrano",Coyote vs. Acme,2D Subtitulada,22:35,,,,https://multiplex.com.ar/peliculas/coyote-vs-acme/
CABA,Multiplex,Multiplex Belgrano,"Vuelta de Obligado 2199, Belgrano",Cuentos Del Jardin Magico,2D Doblada,13:15,,,,https://multiplex.com.ar/peliculas/cuentos-del-jardin-magico/
CABA,Multiplex,Multiplex Belgrano,"Vuelta de Obligado 2199, Belgrano",Cuentos Del Jardin Magico,2D Doblada,14:45,,,,https://multiplex.com.ar/peliculas/cuentos-del-jardin-magico/
CABA,Multiplex,Multiplex Belgrano,"Vuelta de Obligado 2199, Belgrano",Digger,COMFORT PLUS 2D Subtitulada,13:00,,,,https://multiplex.com.ar/peliculas/digger/
CABA,Multiplex,Multiplex Belgrano,"Vuelta de Obligado 2199, Belgrano",Digger,COMFORT PLUS 2D Subtitulada,15:25,,,,https://multiplex.com.ar/peliculas/digger/
CABA,Multiplex,Multiplex Belgrano,"Vuelta de Obligado 2199, Belgrano",Digger,COMFORT PLUS 2D Subtitulada,17:50,,,,https://multiplex.com.ar/peliculas/digger/
CABA,Multiplex,Multiplex Belgrano,"Vuelta de Obligado 2199, Belgrano",Digger,2D + COMFORT PLUS Subtitulada,19:00,,,,https://multiplex.com.ar/peliculas/digger/
CABA,Multiplex,Multiplex Belgrano,"Vuelta de Obligado 2199, Belgrano",Digger,COMFORT PLUS 2D Subtitulada,20:15,,,,https://multiplex.com.ar/peliculas/digger/
CABA,Multiplex,Multiplex Belgrano,"Vuelta de Obligado 2199, Belgrano",Digger,2D + COMFORT PLUS Subtitulada,21:30,,,,https://multiplex.com.ar/peliculas/digger/
CABA,Multiplex,Multiplex Belgrano,"Vuelta de Obligado 2199, Belgrano",Digger,COMFORT PLUS 2D Subtitulada,22:40,,,,https://multiplex.com.ar/peliculas/digger/
CABA,Multiplex,Multiplex Belgrano,"Vuelta de Obligado 2199, Belgrano",El corazón de la bestia,COMFORT PLUS 2D Subtitulada,14:05,,,,https://multiplex.com.ar/peliculas/el-corazon-de-la-bestia/
CABA,Multiplex,Multiplex Belgrano,"Vuelta de Obligado 2199, Belgrano",El corazón de la bestia,COMFORT PLUS 2D Subtitulada,16:10,,,,https://multiplex.com.ar/peliculas/el-corazon-de-la-bestia/
CABA,Multiplex,Multiplex Belgrano,"Vuelta de Obligado 2199, Belgrano",El corazón de la bestia,COMFORT PLUS 2D Subtitulada,18:15,,,,https://multiplex.com.ar/peliculas/el-corazon-de-la-bestia/
CABA,Multiplex,Multiplex Belgrano,"Vuelta de Obligado 2199, Belgrano",El corazón de la bestia,COMFORT PLUS 2D Subtitulada,20:20,,,,https://multiplex.com.ar/peliculas/el-corazon-de-la-bestia/
CABA,Multiplex,Multiplex Belgrano,"Vuelta de Obligado 2199, Belgrano",El corazón de la bestia,COMFORT PLUS 2D Subtitulada,22:25,,,,https://multiplex.com.ar/peliculas/el-corazon-de-la-bestia/
CABA,Multiplex,Multiplex Belgrano,"Vuelta de Obligado 2199, Belgrano",Escondida en mi cabeza,2D Doblada,18:30,,,,https://multiplex.com.ar/peliculas/escondida-en-mi-cabeza/
CABA,Multiplex,Multiplex Belgrano,"Vuelta de Obligado 2199, Belgrano",Escondida en mi cabeza,2D Doblada,22:10,,,,https://multiplex.com.ar/peliculas/escondida-en-mi-cabeza/
CABA,Multiplex,Multiplex Belgrano,"Vuelta de Obligado 2199, Belgrano",Guardianes Del Museo 2,2D Doblada,15:00,,,,https://multiplex.com.ar/peliculas/guardianes-del-museo-2/
CABA,Multiplex,Multiplex Belgrano,"Vuelta de Obligado 2199, Belgrano",Guardianes Del Museo 2,2D Doblada,16:45,,,,https://multiplex.com.ar/peliculas/guardianes-del-museo-2/
CABA,Multiplex,Multiplex Belgrano,"Vuelta de Obligado 2199, Belgrano",Hangar rojo,2D Doblada,13:20,,,,https://multiplex.com.ar/peliculas/hangar-rojo/
CABA,Multiplex,Multiplex Belgrano,"Vuelta de Obligado 2199, Belgrano",Hangar rojo,2D Doblada,15:45,,,,https://multiplex.com.ar/peliculas/hangar-rojo/
CABA,Multiplex,Multiplex Belgrano,"Vuelta de Obligado 2199, Belgrano",Hangar rojo,2D Doblada,20:30,,,,https://multiplex.com.ar/peliculas/hangar-rojo/
CABA,Multiplex,Multiplex Belgrano,"Vuelta de Obligado 2199, Belgrano",La invitación,2D Subtitulada,19:50,,,,https://multiplex.com.ar/peliculas/la-invitacion/
CABA,Multiplex,Multiplex Belgrano,"Vuelta de Obligado 2199, Belgrano",La isla olvidada,2D Doblada,16:15,,,,https://multiplex.com.ar/peliculas/la-isla-olvidada/
CABA,Multiplex,Multiplex Belgrano,"Vuelta de Obligado 2199, Belgrano",La Odisea,2D + COMFORT PLUS Subtitulada,15:45,,,,https://multiplex.com.ar/peliculas/la-odisea/
CABA,Multiplex,Multiplex Belgrano,"Vuelta de Obligado 2199, Belgrano",La Odisea,2D Subtitulada,22:00,,,,https://multiplex.com.ar/peliculas/la-odisea/
CABA,Multiplex,Multiplex Belgrano,"Vuelta de Obligado 2199, Belgrano",Los Colores Del Tiempo,COMFORT PLUS 2D Subtitulada,13:00,,,,https://multiplex.com.ar/peliculas/los-colores-del-tiempo/
CABA,Multiplex,Multiplex Belgrano,"Vuelta de Obligado 2199, Belgrano",Los Colores Del Tiempo,COMFORT PLUS 2D Subtitulada,15:20,,,,https://multiplex.com.ar/peliculas/los-colores-del-tiempo/
CABA,Multiplex,Multiplex Belgrano,"Vuelta de Obligado 2199, Belgrano",Los Colores Del Tiempo,COMFORT PLUS 2D Subtitulada,17:40,,,,https://multiplex.com.ar/peliculas/los-colores-del-tiempo/
CABA,Multiplex,Multiplex Belgrano,"Vuelta de Obligado 2199, Belgrano",Los Colores Del Tiempo,COMFORT PLUS 2D Subtitulada,20:05,,,,https://multiplex.com.ar/peliculas/los-colores-del-tiempo/
CABA,Multiplex,Multiplex Belgrano,"Vuelta de Obligado 2199, Belgrano",Resident Evil: Noche Cero,2D + COMFORT PLUS Subtitulada,13:50,,,,https://multiplex.com.ar/peliculas/resident-evil-noche-cero/
CABA,Multiplex,Multiplex Belgrano,"Vuelta de Obligado 2199, Belgrano",Resident Evil: Noche Cero,4D + 2D Subtitulada,17:00,,,,https://multiplex.com.ar/peliculas/resident-evil-noche-cero/
CABA,Multiplex,Multiplex Belgrano,"Vuelta de Obligado 2199, Belgrano",Resident Evil: Noche Cero,4D + 2D Subtitulada,22:30,,,,https://multiplex.com.ar/peliculas/resident-evil-noche-cero/
CABA,Multiplex,Multiplex Belgrano,"Vuelta de Obligado 2199, Belgrano",Tres adioses,2D Subtitulada,13:20,,,,https://multiplex.com.ar/peliculas/tres-adioses/
CABA,Multiplex,Multiplex Belgrano,"Vuelta de Obligado 2199, Belgrano",Tres adioses,2D Subtitulada,17:30,,,,https://multiplex.com.ar/peliculas/tres-adioses/
CABA,Multiplex,Multiplex Belgrano,"Vuelta de Obligado 2199, Belgrano",Verity. La sombra de un engaño,COMFORT PLUS 2D Subtitulada,13:15,,,,https://multiplex.com.ar/peliculas/verityla-sombra-de-un-engano/
CABA,Multiplex,Multiplex Belgrano,"Vuelta de Obligado 2199, Belgrano",Verity. La sombra de un engaño,COMFORT PLUS 2D Subtitulada,15:30,,,,https://multiplex.com.ar/peliculas/verityla-sombra-de-un-engano/
CABA,Multiplex,Multiplex Belgrano,"Vuelta de Obligado 2199, Belgrano",Verity. La sombra de un engaño,COMFORT PLUS 2D Subtitulada,17:45,,,,https://multiplex.com.ar/peliculas/verityla-sombra-de-un-engano/
CABA,Multiplex,Multiplex Belgrano,"Vuelta de Obligado 2199, Belgrano",Verity. La sombra de un engaño,COMFORT PLUS 2D Subtitulada,20:00,,,,https://multiplex.com.ar/peliculas/verityla-sombra-de-un-engano/
CABA,Multiplex,Multiplex Belgrano,"Vuelta de Obligado 2199, Belgrano",Verity. La sombra de un engaño,COMFORT PLUS 2D Subtitulada,22:15,,,,https://multiplex.com.ar/peliculas/verityla-sombra-de-un-engano/
CABA,Multiplex,Multiplex Belgrano,"Vuelta de Obligado 2199, Belgrano",Vértigo 2,COMFORT PLUS 2D Subtitulada,22:30,,,,https://multiplex.com.ar/peliculas/vertigo-2/
CABA,Multiplex,Multiplex Lavalle,"Lavalle 780, CABA",Avengers: Endgame,4D (3D) Doblada,14:45,,,,https://multiplex.com.ar/peliculas/avengers-endgame-re-estreno/
CABA,Multiplex,Multiplex Lavalle,"Lavalle 780, CABA",Avengers: Endgame,XTREMO 2D Doblada,15:15,,,,https://multiplex.com.ar/peliculas/avengers-endgame-re-estreno/
CABA,Multiplex,Multiplex Lavalle,"Lavalle 780, CABA",Avengers: Endgame,XTREMO 2D Doblada,18:40,,,,https://multiplex.com.ar/peliculas/avengers-endgame-re-estreno/
CABA,Multiplex,Multiplex Lavalle,"Lavalle 780, CABA",Avengers: Endgame,4D (3D) Doblada,19:50,,,,https://multiplex.com.ar/peliculas/avengers-endgame-re-estreno/
CABA,Multiplex,Multiplex Lavalle,"Lavalle 780, CABA",Avengers: Endgame,XTREMO 2D Doblada,22:00,,,,https://multiplex.com.ar/peliculas/avengers-endgame-re-estreno/
CABA,Multiplex,Multiplex Lavalle,"Lavalle 780, CABA",Cuentos Del Jardin Magico,2D Doblada,13:35,,,,https://multiplex.com.ar/peliculas/cuentos-del-jardin-magico/
CABA,Multiplex,Multiplex Lavalle,"Lavalle 780, CABA",Cuentos Del Jardin Magico,2D Doblada,15:05,,,,https://multiplex.com.ar/peliculas/cuentos-del-jardin-magico/
CABA,Multiplex,Multiplex Lavalle,"Lavalle 780, CABA",Digger,2D Doblada,13:00,,,,https://multiplex.com.ar/peliculas/digger/
CABA,Multiplex,Multiplex Lavalle,"Lavalle 780, CABA",Digger,2D Doblada,15:20,,,,https://multiplex.com.ar/peliculas/digger/
CABA,Multiplex,Multiplex Lavalle,"Lavalle 780, CABA",Digger,2D Doblada,20:20,,,,https://multiplex.com.ar/peliculas/digger/
CABA,Multiplex,Multiplex Lavalle,"Lavalle 780, CABA",Digger,2D Doblada,22:45,,,,https://multiplex.com.ar/peliculas/digger/
CABA,Multiplex,Multiplex Lavalle,"Lavalle 780, CABA",El corazón de la bestia,2D Doblada,18:55,,,,https://multiplex.com.ar/peliculas/el-corazon-de-la-bestia/
CABA,Multiplex,Multiplex Lavalle,"Lavalle 780, CABA",El corazón de la bestia,2D Doblada,21:00,,,,https://multiplex.com.ar/peliculas/el-corazon-de-la-bestia/
CABA,Multiplex,Multiplex Lavalle,"Lavalle 780, CABA",El corazón de la bestia,2D Doblada,23:00,,,,https://multiplex.com.ar/peliculas/el-corazon-de-la-bestia/
CABA,Multiplex,Multiplex Lavalle,"Lavalle 780, CABA",Escondida en mi cabeza,2D Doblada,14:00,,,,https://multiplex.com.ar/peliculas/escondida-en-mi-cabeza/
CABA,Multiplex,Multiplex Lavalle,"Lavalle 780, CABA",Escondida en mi cabeza,2D Doblada,16:00,,,,https://multiplex.com.ar/peliculas/escondida-en-mi-cabeza/
CABA,Multiplex,Multiplex Lavalle,"Lavalle 780, CABA",Escondida en mi cabeza,2D Doblada,18:00,,,,https://multiplex.com.ar/peliculas/escondida-en-mi-cabeza/
CABA,Multiplex,Multiplex Lavalle,"Lavalle 780, CABA",Guardianes Del Museo 2,2D Doblada,13:40,,,,https://multiplex.com.ar/peliculas/guardianes-del-museo-2/
CABA,Multiplex,Multiplex Lavalle,"Lavalle 780, CABA",Guardianes Del Museo 2,2D Doblada,15:25,,,,https://multiplex.com.ar/peliculas/guardianes-del-museo-2/
CABA,Multiplex,Multiplex Lavalle,"Lavalle 780, CABA",Guardianes Del Museo 2,2D Doblada,17:10,,,,https://multiplex.com.ar/peliculas/guardianes-del-museo-2/
CABA,Multiplex,Multiplex Lavalle,"Lavalle 780, CABA",La isla olvidada,2D Doblada,13:50,,,,https://multiplex.com.ar/peliculas/la-isla-olvidada/
CABA,Multiplex,Multiplex Lavalle,"Lavalle 780, CABA",La noche del demonio: Están entre nosotros,2D Doblada,22:40,,,,https://multiplex.com.ar/peliculas/la-noche-del-demonio-estan-entre-nosotros/
CABA,Multiplex,Multiplex Lavalle,"Lavalle 780, CABA",Linkin Park: Unshatter,2D Subtitulada,20:00,,,,https://multiplex.com.ar/peliculas/linkin-park-unshatter/
CABA,Multiplex,Multiplex Lavalle,"Lavalle 780, CABA",Relajadas y muy peligrosas,2D Doblada,18:00,,,,https://multiplex.com.ar/peliculas/relajadas-y-muy-peligrosas/
CABA,Multiplex,Multiplex Lavalle,"Lavalle 780, CABA",Resident Evil: Noche Cero,4D (2D) Doblada,13:00,,,,https://multiplex.com.ar/peliculas/resident-evil-noche-cero/
CABA,Multiplex,Multiplex Lavalle,"Lavalle 780, CABA",Resident Evil: Noche Cero,2D Doblada,16:00,,,,https://multiplex.com.ar/peliculas/resident-evil-noche-cero/
CABA,Multiplex,Multiplex Lavalle,"Lavalle 780, CABA",Resident Evil: Noche Cero,4D (2D) Doblada,18:00,,,,https://multiplex.com.ar/peliculas/resident-evil-noche-cero/
CABA,Multiplex,Multiplex Lavalle,"Lavalle 780, CABA",Resident Evil: Noche Cero,2D Doblada,20:00,,,,https://multiplex.com.ar/peliculas/resident-evil-noche-cero/
CABA,Multiplex,Multiplex Lavalle,"Lavalle 780, CABA",Resident Evil: Noche Cero,2D Doblada,22:00,,,,https://multiplex.com.ar/peliculas/resident-evil-noche-cero/
CABA,Multiplex,Multiplex Lavalle,"Lavalle 780, CABA",Resident Evil: Noche Cero,4D (2D) Doblada,23:10,,,,https://multiplex.com.ar/peliculas/resident-evil-noche-cero/
CABA,Multiplex,Multiplex Lavalle,"Lavalle 780, CABA",Spider-Man: Un nuevo día,2D Doblada,17:40,,,,https://multiplex.com.ar/peliculas/spider-man-un-dia-nuevo/
CABA,Multiplex,Multiplex Lavalle,"Lavalle 780, CABA",Verity. La sombra de un engaño,2D Doblada,13:00,,,,https://multiplex.com.ar/peliculas/verityla-sombra-de-un-engano/
CABA,Multiplex,Multiplex Lavalle,"Lavalle 780, CABA",Verity. La sombra de un engaño,2D Doblada,16:30,,,,https://multiplex.com.ar/peliculas/verityla-sombra-de-un-engano/
CABA,Multiplex,Multiplex Lavalle,"Lavalle 780, CABA",Verity. La sombra de un engaño,2D Doblada,18:45,,,,https://multiplex.com.ar/peliculas/verityla-sombra-de-un-engano/
CABA,Multiplex,Multiplex Lavalle,"Lavalle 780, CABA",Verity. La sombra de un engaño,2D Doblada,20:55,,,,https://multiplex.com.ar/peliculas/verityla-sombra-de-un-engano/
CABA,Multiplex,Multiplex Lavalle,"Lavalle 780, CABA",Vértigo 2,2D Doblada,23:10,,,,https://multiplex.com.ar/peliculas/vertigo-2/
GBA Norte,Cinemark Hoyts,Cinemark Soleil,"Av. Brig. Juan M. de Rosas 658, Soleil Premium",Avengers: Endgame,2D Doblada,13:40,,,,https://www.cinemark.com.ar/peliculas/avengers-endgame-re-estreno
GBA Norte,Cinemark Hoyts,Cinemark Soleil,"Av. Brig. Juan M. de Rosas 658, Soleil Premium",Avengers: Endgame,3D Doblada,17:20,,,,https://www.cinemark.com.ar/peliculas/avengers-endgame-re-estreno
GBA Norte,Cinemark Hoyts,Cinemark Soleil,"Av. Brig. Juan M. de Rosas 658, Soleil Premium",Avengers: Endgame,2D Doblada,21:20,,,,https://www.cinemark.com.ar/peliculas/avengers-endgame-re-estreno
GBA Norte,Cinemark Hoyts,Cinemark Soleil,"Av. Brig. Juan M. de Rosas 658, Soleil Premium",Coyote vs. Acme,2D Doblada,14:20,,,,https://www.cinemark.com.ar/peliculas/coyote-vs-acme
GBA Norte,Cinemark Hoyts,Cinemark Soleil,"Av. Brig. Juan M. de Rosas 658, Soleil Premium",DIGGER,2D Doblada,13:30,,,,https://www.cinemark.com.ar/peliculas/digger
GBA Norte,Cinemark Hoyts,Cinemark Soleil,"Av. Brig. Juan M. de Rosas 658, Soleil Premium",DIGGER,2D Doblada,16:30,,,,https://www.cinemark.com.ar/peliculas/digger
GBA Norte,Cinemark Hoyts,Cinemark Soleil,"Av. Brig. Juan M. de Rosas 658, Soleil Premium",DIGGER,2D Doblada,19:30,,,,https://www.cinemark.com.ar/peliculas/digger
GBA Norte,Cinemark Hoyts,Cinemark Soleil,"Av. Brig. Juan M. de Rosas 658, Soleil Premium",DIGGER,2D Doblada,22:30,,,,https://www.cinemark.com.ar/peliculas/digger
GBA Norte,Cinemark Hoyts,Cinemark Soleil,"Av. Brig. Juan M. de Rosas 658, Soleil Premium",El corazón de la bestia,2D Doblada,16:55,,,,https://www.cinemark.com.ar/peliculas/el-corazon-de-la-bestia
GBA Norte,Cinemark Hoyts,Cinemark Soleil,"Av. Brig. Juan M. de Rosas 658, Soleil Premium",El corazón de la bestia,2D Doblada,19:20,,,,https://www.cinemark.com.ar/peliculas/el-corazon-de-la-bestia
GBA Norte,Cinemark Hoyts,Cinemark Soleil,"Av. Brig. Juan M. de Rosas 658, Soleil Premium",El corazón de la bestia,2D Doblada,21:50,,,,https://www.cinemark.com.ar/peliculas/el-corazon-de-la-bestia
GBA Norte,Cinemark Hoyts,Cinemark Soleil,"Av. Brig. Juan M. de Rosas 658, Soleil Premium",Insidious: Fuera del más allá,2D Doblada,23:10,,,,https://www.cinemark.com.ar/peliculas/la-noche-del-demonio-estan-entre-nosotros
GBA Norte,Cinemark Hoyts,Cinemark Soleil,"Av. Brig. Juan M. de Rosas 658, Soleil Premium",La isla olvidada,2D Doblada,15:00,,,,https://www.cinemark.com.ar/peliculas/la-isla-olvidada
GBA Norte,Cinemark Hoyts,Cinemark Soleil,"Av. Brig. Juan M. de Rosas 658, Soleil Premium",Resident Evil: Noche Cero,2D Doblada,14:50,,,,https://www.cinemark.com.ar/peliculas/resident-evil-noche-cero
GBA Norte,Cinemark Hoyts,Cinemark Soleil,"Av. Brig. Juan M. de Rosas 658, Soleil Premium",Resident Evil: Noche Cero,2D Doblada,17:10,,,,https://www.cinemark.com.ar/peliculas/resident-evil-noche-cero
GBA Norte,Cinemark Hoyts,Cinemark Soleil,"Av. Brig. Juan M. de Rosas 658, Soleil Premium",Resident Evil: Noche Cero,2D Doblada,17:40,,,,https://www.cinemark.com.ar/peliculas/resident-evil-noche-cero
GBA Norte,Cinemark Hoyts,Cinemark Soleil,"Av. Brig. Juan M. de Rosas 658, Soleil Premium",Resident Evil: Noche Cero,2D Doblada,19:40,,,,https://www.cinemark.com.ar/peliculas/resident-evil-noche-cero
GBA Norte,Cinemark Hoyts,Cinemark Soleil,"Av. Brig. Juan M. de Rosas 658, Soleil Premium",Resident Evil: Noche Cero,2D Doblada,22:20,,,,https://www.cinemark.com.ar/peliculas/resident-evil-noche-cero
GBA Norte,Cinemark Hoyts,Cinemark Soleil,"Av. Brig. Juan M. de Rosas 658, Soleil Premium",Spider-Man: Un nuevo día,2D Doblada,20:00,,,,https://www.cinemark.com.ar/peliculas/spider-man-un-nuevo-dia
GBA Norte,Cinemark Hoyts,Cinemark Soleil,"Av. Brig. Juan M. de Rosas 658, Soleil Premium",VERITY: LA SOMBRA DE UN ENGAÑO,2D Doblada,14:40,,,,https://www.cinemark.com.ar/peliculas/verity-la-sombra-de-un-engano
GBA Norte,Cinemark Hoyts,Cinemark Soleil,"Av. Brig. Juan M. de Rosas 658, Soleil Premium",VERITY: LA SOMBRA DE UN ENGAÑO,2D Doblada,17:30,,,,https://www.cinemark.com.ar/peliculas/verity-la-sombra-de-un-engano
GBA Norte,Cinemark Hoyts,Cinemark Soleil,"Av. Brig. Juan M. de Rosas 658, Soleil Premium",VERITY: LA SOMBRA DE UN ENGAÑO,2D Doblada,20:10,,,,https://www.cinemark.com.ar/peliculas/verity-la-sombra-de-un-engano
GBA Norte,Cinemark Hoyts,Cinemark Soleil,"Av. Brig. Juan M. de Rosas 658, Soleil Premium",VERITY: LA SOMBRA DE UN ENGAÑO,2D Doblada,22:50,,,,https://www.cinemark.com.ar/peliculas/verity-la-sombra-de-un-engano
CABA,Atlas Cines,Atlas Flores,"Rivera Indarte 44, Flores",Avengers: Endgame,2D Doblada,19:10,,,,https://cartelera.ar/pelicula/vengadores-endgame
CABA,Atlas Cines,Atlas Flores,"Rivera Indarte 44, Flores",El corazón de la bestia,2D Doblada,20:20,,,,https://cartelera.ar/pelicula/el-corazon-de-la-bestia
CABA,Atlas Cines,Atlas Flores,"Rivera Indarte 44, Flores",Spider-Man: Un nuevo día,2D Doblada,16:10,,,,https://cartelera.ar/pelicula/spider-man-un-nuevo-dia
CABA,Atlas Cines,Atlas Flores,"Rivera Indarte 44, Flores",Resident Evil: Noche Cero,2D Doblada,20:00,,,,https://cartelera.ar/pelicula/resident-evil-noche-cero
CABA,Atlas Cines,Atlas Flores,"Rivera Indarte 44, Flores",Pepita la Pistolera,2D Doblada,22:00,,,,https://cartelera.ar/pelicula/pepita-la-pistolera
CABA,Atlas Cines,Atlas Flores,"Rivera Indarte 44, Flores",La isla olvidada,2D Doblada,14:00,,,,https://cartelera.ar/pelicula/la-isla-olvidada
CABA,Atlas Cines,Atlas Flores,"Rivera Indarte 44, Flores",La isla olvidada,2D Doblada,15:40,,,,https://cartelera.ar/pelicula/la-isla-olvidada
CABA,Atlas Cines,Atlas Flores,"Rivera Indarte 44, Flores",Digger,2D Subtitulada,16:50,,,,https://cartelera.ar/pelicula/digger
CABA,Atlas Cines,Atlas Flores,"Rivera Indarte 44, Flores",Digger,2D Subtitulada,19:30,,,,https://cartelera.ar/pelicula/digger
CABA,Atlas Cines,Atlas Flores,"Rivera Indarte 44, Flores",Digger,2D Doblada,22:10,,,,https://cartelera.ar/pelicula/digger
CABA,Atlas Cines,Atlas Flores,"Rivera Indarte 44, Flores",Coyote vs. Acme,2D Doblada,14:30,,,,https://cartelera.ar/pelicula/coyote-vs-acme
CABA,Atlas Cines,Atlas Flores,"Rivera Indarte 44, Flores",Verity. La sombra de un engaño,2D Doblada,15:10,,,,https://cartelera.ar/pelicula/verity-la-sombra-de-un-engano
CABA,Atlas Cines,Atlas Flores,"Rivera Indarte 44, Flores",Verity. La sombra de un engaño,2D Doblada,17:40,,,,https://cartelera.ar/pelicula/verity-la-sombra-de-un-engano
CABA,Atlas Cines,Atlas Flores,"Rivera Indarte 44, Flores",Verity. La sombra de un engaño,2D Doblada,20:10,,,,https://cartelera.ar/pelicula/verity-la-sombra-de-un-engano
CABA,Atlas Cines,Atlas Flores,"Rivera Indarte 44, Flores",Verity. La sombra de un engaño,2D Doblada,22:40,,,,https://cartelera.ar/pelicula/verity-la-sombra-de-un-engano
CABA,Atlas Cines,Atlas Flores,"Rivera Indarte 44, Flores",Vértigo 2,2D Doblada,22:30,,,,https://cartelera.ar/pelicula/vertigo-2
CABA,Atlas Cines,Atlas Flores,"Rivera Indarte 44, Flores",Escondida en mi cabeza,2D Doblada,17:50,,,,https://cartelera.ar/pelicula/escondida-en-mi-cabeza
CABA,Atlas Cines,Atlas Flores,"Rivera Indarte 44, Flores",Escondida en mi cabeza,2D Doblada,22:50,,,,https://cartelera.ar/pelicula/escondida-en-mi-cabeza
CABA,Atlas Cines,Atlas Flores,"Rivera Indarte 44, Flores",Guardianes del museo 2 (Cats in the museum 2),2D Doblada,14:20,,,,https://cartelera.ar/pelicula/guardianes-del-museo-2-cats-in-the-museum-2
CABA,Atlas Cines,Atlas Flores,"Rivera Indarte 44, Flores",Guardianes del museo 2 (Cats in the museum 2),2D Doblada,16:20,,,,https://cartelera.ar/pelicula/guardianes-del-museo-2-cats-in-the-museum-2
CABA,Atlas Cines,Atlas Flores,"Rivera Indarte 44, Flores",Guardianes del museo 2 (Cats in the museum 2),2D Doblada,18:20,,,,https://cartelera.ar/pelicula/guardianes-del-museo-2-cats-in-the-museum-2
GBA Norte,Showcase,IMAX Showcase Norte,"Av. Ricardo Balbín 2550, Shopping Norcenter",Digger,IMAX Subtitulada,14:00,,,,https://cartelera.ar/pelicula/digger
GBA Norte,Showcase,IMAX Showcase Norte,"Av. Ricardo Balbín 2550, Shopping Norcenter",Digger,IMAX Subtitulada,16:50,,,,https://cartelera.ar/pelicula/digger
GBA Norte,Showcase,IMAX Showcase Norte,"Av. Ricardo Balbín 2550, Shopping Norcenter",Digger,IMAX Subtitulada,19:40,,,,https://cartelera.ar/pelicula/digger
GBA Norte,Showcase,IMAX Showcase Norte,"Av. Ricardo Balbín 2550, Shopping Norcenter",Digger,IMAX Subtitulada,22:30,,,,https://cartelera.ar/pelicula/digger
GBA Oeste,Showcase,Showcase Haedo,"Av. Rivadavia 16.200, Shopping Haedo",Digger,2D Subtitulada,14:20,,,,https://cartelera.ar/pelicula/digger
GBA Oeste,Showcase,Showcase Haedo,"Av. Rivadavia 16.200, Shopping Haedo",Digger,2D Subtitulada,17:05,,,,https://cartelera.ar/pelicula/digger
GBA Oeste,Showcase,Showcase Haedo,"Av. Rivadavia 16.200, Shopping Haedo",Digger,2D Subtitulada,19:50,,,,https://cartelera.ar/pelicula/digger
GBA Oeste,Showcase,Showcase Haedo,"Av. Rivadavia 16.200, Shopping Haedo",Digger,2D Subtitulada,22:35,,,,https://cartelera.ar/pelicula/digger
GBA Oeste,Showcase,Showcase Haedo,"Av. Rivadavia 16.200, Shopping Haedo",Verity. La sombra de un engaño,2D Subtitulada,14:30,,,,https://cartelera.ar/pelicula/verity-la-sombra-de-un-engano
GBA Oeste,Showcase,Showcase Haedo,"Av. Rivadavia 16.200, Shopping Haedo",Verity. La sombra de un engaño,2D Subtitulada,17:10,,,,https://cartelera.ar/pelicula/verity-la-sombra-de-un-engano
GBA Oeste,Showcase,Showcase Haedo,"Av. Rivadavia 16.200, Shopping Haedo",Verity. La sombra de un engaño,2D Subtitulada,19:45,,,,https://cartelera.ar/pelicula/verity-la-sombra-de-un-engano
GBA Oeste,Showcase,Showcase Haedo,"Av. Rivadavia 16.200, Shopping Haedo",Verity. La sombra de un engaño,2D Subtitulada,22:25,,,,https://cartelera.ar/pelicula/verity-la-sombra-de-un-engano
GBA Norte,Showcase,Showcase Norte (Norcenter),"Colectora Panamericana 3750, Norcenter",Digger,2D Subtitulada,14:20,,,,https://cartelera.ar/pelicula/digger
GBA Norte,Showcase,Showcase Norte (Norcenter),"Colectora Panamericana 3750, Norcenter",Digger,2D Subtitulada,17:05,,,,https://cartelera.ar/pelicula/digger
GBA Norte,Showcase,Showcase Norte (Norcenter),"Colectora Panamericana 3750, Norcenter",Digger,2D Subtitulada,19:50,,,,https://cartelera.ar/pelicula/digger
GBA Norte,Showcase,Showcase Norte (Norcenter),"Colectora Panamericana 3750, Norcenter",Digger,2D Subtitulada,22:35,,,,https://cartelera.ar/pelicula/digger
GBA Norte,Showcase,Showcase Norte (Norcenter),"Colectora Panamericana 3750, Norcenter",Verity. La sombra de un engaño,2D Subtitulada,14:30,,,,https://cartelera.ar/pelicula/verity-la-sombra-de-un-engano
GBA Norte,Showcase,Showcase Norte (Norcenter),"Colectora Panamericana 3750, Norcenter",Verity. La sombra de un engaño,2D Subtitulada,17:10,,,,https://cartelera.ar/pelicula/verity-la-sombra-de-un-engano
GBA Norte,Showcase,Showcase Norte (Norcenter),"Colectora Panamericana 3750, Norcenter",Verity. La sombra de un engaño,2D Subtitulada,19:45,,,,https://cartelera.ar/pelicula/verity-la-sombra-de-un-engano
GBA Norte,Showcase,Showcase Norte (Norcenter),"Colectora Panamericana 3750, Norcenter",Verity. La sombra de un engaño,2D Subtitulada,22:25,,,,https://cartelera.ar/pelicula/verity-la-sombra-de-un-engano
CABA,Cinemark Hoyts,Cinemark Puerto Madero,Av. Alicia Moreau de Justo 1920,Avengers: Endgame,2D Doblada,14:40,,,,https://www.cinemark.com.ar/peliculas/avengers-endgame-re-estreno
CABA,Cinemark Hoyts,Cinemark Puerto Madero,Av. Alicia Moreau de Justo 1920,Avengers: Endgame,2D Doblada,18:30,,,,https://www.cinemark.com.ar/peliculas/avengers-endgame-re-estreno
CABA,Cinemark Hoyts,Cinemark Puerto Madero,Av. Alicia Moreau de Justo 1920,Avengers: Endgame,2D Subtitulada,22:20,,,,https://www.cinemark.com.ar/peliculas/avengers-endgame-re-estreno
CABA,Cinemark Hoyts,Cinemark Puerto Madero,Av. Alicia Moreau de Justo 1920,Coyote vs. Acme,2D Doblada,15:00,,,,https://www.cinemark.com.ar/peliculas/coyote-vs-acme
CABA,Cinemark Hoyts,Cinemark Puerto Madero,Av. Alicia Moreau de Justo 1920,Coyote vs. Acme,2D Doblada,17:30,,,,https://www.cinemark.com.ar/peliculas/coyote-vs-acme
CABA,Cinemark Hoyts,Cinemark Puerto Madero,Av. Alicia Moreau de Justo 1920,DIGGER,2D Doblada,14:30,,,,https://www.cinemark.com.ar/peliculas/digger
CABA,Cinemark Hoyts,Cinemark Puerto Madero,Av. Alicia Moreau de Justo 1920,DIGGER,2D Doblada,17:20,,,,https://www.cinemark.com.ar/peliculas/digger
CABA,Cinemark Hoyts,Cinemark Puerto Madero,Av. Alicia Moreau de Justo 1920,DIGGER,2D Doblada,20:10,,,,https://www.cinemark.com.ar/peliculas/digger
CABA,Cinemark Hoyts,Cinemark Puerto Madero,Av. Alicia Moreau de Justo 1920,DIGGER,2D Doblada,22:00,,,,https://www.cinemark.com.ar/peliculas/digger
CABA,Cinemark Hoyts,Cinemark Puerto Madero,Av. Alicia Moreau de Justo 1920,DIGGER,2D Subtitulada,23:00,,,,https://www.cinemark.com.ar/peliculas/digger
CABA,Cinemark Hoyts,Cinemark Puerto Madero,Av. Alicia Moreau de Justo 1920,El corazón de la bestia,2D Doblada,15:10,,,,https://www.cinemark.com.ar/peliculas/el-corazon-de-la-bestia
CABA,Cinemark Hoyts,Cinemark Puerto Madero,Av. Alicia Moreau de Justo 1920,El corazón de la bestia,2D Doblada,17:40,,,,https://www.cinemark.com.ar/peliculas/el-corazon-de-la-bestia
CABA,Cinemark Hoyts,Cinemark Puerto Madero,Av. Alicia Moreau de Justo 1920,El corazón de la bestia,2D Subtitulada,20:10,,,,https://www.cinemark.com.ar/peliculas/el-corazon-de-la-bestia
CABA,Cinemark Hoyts,Cinemark Puerto Madero,Av. Alicia Moreau de Justo 1920,El corazón de la bestia,2D Subtitulada,22:40,,,,https://www.cinemark.com.ar/peliculas/el-corazon-de-la-bestia
CABA,Cinemark Hoyts,Cinemark Puerto Madero,Av. Alicia Moreau de Justo 1920,GUARDIANES DEL MUSEO 2,2D Doblada,14:50,,,,https://www.cinemark.com.ar/peliculas/guardianes-del-museo-2
CABA,Cinemark Hoyts,Cinemark Puerto Madero,Av. Alicia Moreau de Justo 1920,GUARDIANES DEL MUSEO 2,2D Doblada,17:10,,,,https://www.cinemark.com.ar/peliculas/guardianes-del-museo-2
CABA,Cinemark Hoyts,Cinemark Puerto Madero,Av. Alicia Moreau de Justo 1920,La Odisea,2D Subtitulada,21:40,,,,https://www.cinemark.com.ar/peliculas/la-odisea
CABA,Cinemark Hoyts,Cinemark Puerto Madero,Av. Alicia Moreau de Justo 1920,Resident Evil: Noche Cero,2D Doblada,15:50,,,,https://www.cinemark.com.ar/peliculas/resident-evil-noche-cero
CABA,Cinemark Hoyts,Cinemark Puerto Madero,Av. Alicia Moreau de Justo 1920,Resident Evil: Noche Cero,2D Doblada,18:10,,,,https://www.cinemark.com.ar/peliculas/resident-evil-noche-cero
CABA,Cinemark Hoyts,Cinemark Puerto Madero,Av. Alicia Moreau de Justo 1920,Resident Evil: Noche Cero,2D Subtitulada,20:30,,,,https://www.cinemark.com.ar/peliculas/resident-evil-noche-cero
CABA,Cinemark Hoyts,Cinemark Puerto Madero,Av. Alicia Moreau de Justo 1920,Resident Evil: Noche Cero,2D Doblada,23:00,,,,https://www.cinemark.com.ar/peliculas/resident-evil-noche-cero
CABA,Cinemark Hoyts,Cinemark Puerto Madero,Av. Alicia Moreau de Justo 1920,Spider-Man: Un nuevo día,2D Doblada,16:00,,,,https://www.cinemark.com.ar/peliculas/spider-man-un-nuevo-dia
CABA,Cinemark Hoyts,Cinemark Puerto Madero,Av. Alicia Moreau de Justo 1920,VERITY: LA SOMBRA DE UN ENGAÑO,2D Doblada,14:40,,,,https://www.cinemark.com.ar/peliculas/verity-la-sombra-de-un-engano
CABA,Cinemark Hoyts,Cinemark Puerto Madero,Av. Alicia Moreau de Justo 1920,VERITY: LA SOMBRA DE UN ENGAÑO,2D Doblada,17:15,,,,https://www.cinemark.com.ar/peliculas/verity-la-sombra-de-un-engano
CABA,Cinemark Hoyts,Cinemark Puerto Madero,Av. Alicia Moreau de Justo 1920,VERITY: LA SOMBRA DE UN ENGAÑO,2D Subtitulada,19:15,,,,https://www.cinemark.com.ar/peliculas/verity-la-sombra-de-un-engano
CABA,Cinemark Hoyts,Cinemark Puerto Madero,Av. Alicia Moreau de Justo 1920,VERITY: LA SOMBRA DE UN ENGAÑO,2D Doblada,20:00,,,,https://www.cinemark.com.ar/peliculas/verity-la-sombra-de-un-engano
CABA,Cinemark Hoyts,Cinemark Puerto Madero,Av. Alicia Moreau de Justo 1920,VERITY: LA SOMBRA DE UN ENGAÑO,2D Subtitulada,22:40,,,,https://www.cinemark.com.ar/peliculas/verity-la-sombra-de-un-engano
CABA,Cinemark Hoyts,Cinemark Puerto Madero,Av. Alicia Moreau de Justo 1920,VÉRTIGO 2: PUNTO MUERTO,2D Doblada,20:15,,,,https://www.cinemark.com.ar/peliculas/vertigo-2-punto-muerto
CABA,Cinemark Hoyts,Cinemark Puerto Madero,Av. Alicia Moreau de Justo 1920,VÉRTIGO 2: PUNTO MUERTO,2D Subtitulada,22:50,,,,https://www.cinemark.com.ar/peliculas/vertigo-2-punto-muerto
CABA,Cinemark Hoyts,Cinemark Puerto Madero,Av. Alicia Moreau de Justo 1920,Yo Narciso,2D Doblada,19:20,,,,https://www.cinemark.com.ar/peliculas/yo-narciso
CABA,Atlas Cines,Atlas Patio Bullrich,"Av. del Libertador 750, Patio Bullrich",Digger,2D Subtitulada,16:00,,,,https://cartelera.ar/pelicula/digger
CABA,Atlas Cines,Atlas Patio Bullrich,"Av. del Libertador 750, Patio Bullrich",Digger,2D Subtitulada,18:40,,,,https://cartelera.ar/pelicula/digger
CABA,Atlas Cines,Atlas Patio Bullrich,"Av. del Libertador 750, Patio Bullrich",Digger,2D Subtitulada,21:20,,,,https://cartelera.ar/pelicula/digger
GBA Norte,Atlas Cines,Atlas Nordelta,"Av. de los Lagos 7008, Nordelta Centro Comercial",Digger,2D Subtitulada,17:00,,,,https://cartelera.ar/pelicula/digger
GBA Norte,Atlas Cines,Atlas Nordelta,"Av. de los Lagos 7008, Nordelta Centro Comercial",Digger,2D Subtitulada,19:40,,,,https://cartelera.ar/pelicula/digger
GBA Norte,Atlas Cines,Atlas Nordelta,"Av. de los Lagos 7008, Nordelta Centro Comercial",Digger,2D Subtitulada,22:20,,,,https://cartelera.ar/pelicula/digger
GBA Norte,Atlas Cines,Atlas Nordelta,"Av. de los Lagos 7008, Nordelta Centro Comercial",Verity. La sombra de un engaño,2D Subtitulada,20:10,,,,https://cartelera.ar/pelicula/verity-la-sombra-de-un-engano
GBA Norte,Atlas Cines,Atlas Nordelta,"Av. de los Lagos 7008, Nordelta Centro Comercial",Verity. La sombra de un engaño,2D Subtitulada,22:40,,,,https://cartelera.ar/pelicula/verity-la-sombra-de-un-engano
CABA,Cinépolis,Cinépolis Houssay,"Av. Corrientes 917, Buenos Aires",Digger,2D Subtitulada,19:00,,,,https://cartelera.ar/pelicula/digger
CABA,Cinépolis,Cinépolis Houssay,"Av. Corrientes 917, Buenos Aires",Digger,2D Subtitulada,22:00,,,,https://cartelera.ar/pelicula/digger
CABA,Cinépolis,Cinépolis Houssay,"Av. Corrientes 917, Buenos Aires",Verity: La sombra del engaño,2D Subtitulada,19:45,,,,https://cartelera.ar/pelicula/verity-la-sombra-del-engano
CABA,Cinépolis,Cinépolis Houssay,"Av. Corrientes 917, Buenos Aires",Verity: La sombra del engaño,2D Subtitulada,22:20,,,,https://cartelera.ar/pelicula/verity-la-sombra-del-engano
CABA,Atlas Cines,Atlas Alcorta,"Jerónimo Salguero 3172, Alcorta Shopping",Digger,2D Subtitulada,19:00,,,,https://cartelera.ar/pelicula/digger
CABA,Atlas Cines,Atlas Alcorta,"Jerónimo Salguero 3172, Alcorta Shopping",Digger,2D Subtitulada,21:40,,,,https://cartelera.ar/pelicula/digger
GBA Oeste,Cinépolis,Cinépolis Merlo,Av. Juan Domingo Perón 24098,Digger,2D Doblada,19:40,,,,https://cartelera.ar/pelicula/digger
GBA Oeste,Cinépolis,Cinépolis Merlo,Av. Juan Domingo Perón 24098,Digger,2D Subtitulada,22:30,,,,https://cartelera.ar/pelicula/digger
GBA Oeste,Cinépolis,Cinépolis Merlo,Av. Juan Domingo Perón 24098,Verity: La sombra del engaño,2D Doblada,19:20,,,,https://cartelera.ar/pelicula/verity-la-sombra-del-engano
GBA Oeste,Cinépolis,Cinépolis Merlo,Av. Juan Domingo Perón 24098,Verity: La sombra del engaño,2D Subtitulada,22:00,,,,https://cartelera.ar/pelicula/verity-la-sombra-del-engano
GBA Sur,Showcase,Showcase Quilmes,"Av. Calchaquí 3950, Quilmes Factory",Digger,2D Subtitulada,19:50,,,,https://cartelera.ar/pelicula/digger
GBA Sur,Showcase,Showcase Quilmes,"Av. Calchaquí 3950, Quilmes Factory",Digger,2D Subtitulada,22:35,,,,https://cartelera.ar/pelicula/digger
GBA Sur,Showcase,Showcase Quilmes,"Av. Calchaquí 3950, Quilmes Factory",Verity. La sombra de un engaño,2D Subtitulada,19:45,,,,https://cartelera.ar/pelicula/verity-la-sombra-de-un-engano
GBA Sur,Showcase,Showcase Quilmes,"Av. Calchaquí 3950, Quilmes Factory",Verity. La sombra de un engaño,2D Subtitulada,22:25,,,,https://cartelera.ar/pelicula/verity-la-sombra-de-un-engano
,Cinemark Hoyts,DOT,,VERITY: LA SOMBRA DE UN ENGAÑO,XD 2D Subtitulada,11:30,,,,https://www.cinemark.com.ar/peliculas/verity-la-sombra-de-un-engano
,Cinemark Hoyts,DOT,,VERITY: LA SOMBRA DE UN ENGAÑO,XD 2D Subtitulada,14:10,,,,https://www.cinemark.com.ar/peliculas/verity-la-sombra-de-un-engano
,Cinemark Hoyts,DOT,,VERITY: LA SOMBRA DE UN ENGAÑO,XD 2D Subtitulada,16:50,,,,https://www.cinemark.com.ar/peliculas/verity-la-sombra-de-un-engano
,Cinemark Hoyts,DOT,,VERITY: LA SOMBRA DE UN ENGAÑO,XD 2D Subtitulada,19:30,,,,https://www.cinemark.com.ar/peliculas/verity-la-sombra-de-un-engano
,Cinemark Hoyts,DOT,,VERITY: LA SOMBRA DE UN ENGAÑO,XD 2D Subtitulada,22:10,,,,https://www.cinemark.com.ar/peliculas/verity-la-sombra-de-un-engano
,Cinemark Hoyts,DOT,,DIGGER,2D Subtitulada,13:30,,,,https://www.cinemark.com.ar/peliculas/digger
,Cinemark Hoyts,DOT,,DIGGER,2D Subtitulada,16:30,,,,https://www.cinemark.com.ar/peliculas/digger
,Cinemark Hoyts,DOT,,DIGGER,2D Subtitulada,19:30,,,,https://www.cinemark.com.ar/peliculas/digger
,Cinemark Hoyts,DOT,,DIGGER,2D Subtitulada,22:30,,,,https://www.cinemark.com.ar/peliculas/digger
,Cinemark Hoyts,Temperley,,VERITY: LA SOMBRA DE UN ENGAÑO,DBOX XD 2D Doblada,12:00,,,,https://www.cinemark.com.ar/peliculas/verity-la-sombra-de-un-engano
,Cinemark Hoyts,Temperley,,VERITY: LA SOMBRA DE UN ENGAÑO,XD 2D Doblada,12:00,,,,https://www.cinemark.com.ar/peliculas/verity-la-sombra-de-un-engano
,Cinemark Hoyts,Temperley,,VERITY: LA SOMBRA DE UN ENGAÑO,DBOX XD 2D Doblada,14:45,,,,https://www.cinemark.com.ar/peliculas/verity-la-sombra-de-un-engano
,Cinemark Hoyts,Temperley,,VERITY: LA SOMBRA DE UN ENGAÑO,XD 2D Doblada,14:45,,,,https://www.cinemark.com.ar/peliculas/verity-la-sombra-de-un-engano
,Cinemark Hoyts,Temperley,,VERITY: LA SOMBRA DE UN ENGAÑO,DBOX XD 2D Doblada,17:30,,,,https://www.cinemark.com.ar/peliculas/verity-la-sombra-de-un-engano
,Cinemark Hoyts,Temperley,,VERITY: LA SOMBRA DE UN ENGAÑO,XD 2D Doblada,17:30,,,,https://www.cinemark.com.ar/peliculas/verity-la-sombra-de-un-engano
,Cinemark Hoyts,Temperley,,VERITY: LA SOMBRA DE UN ENGAÑO,DBOX XD 2D Doblada,20:10,,,,https://www.cinemark.com.ar/peliculas/verity-la-sombra-de-un-engano
,Cinemark Hoyts,Temperley,,VERITY: LA SOMBRA DE UN ENGAÑO,XD 2D Doblada,20:10,,,,https://www.cinemark.com.ar/peliculas/verity-la-sombra-de-un-engano
,Cinemark Hoyts,Temperley,,VERITY: LA SOMBRA DE UN ENGAÑO,DBOX XD 2D Doblada,22:50,,,,https://www.cinemark.com.ar/peliculas/verity-la-sombra-de-un-engano
,Cinemark Hoyts,Temperley,,VERITY: LA SOMBRA DE UN ENGAÑO,XD 2D Doblada,22:50,,,,https://www.cinemark.com.ar/peliculas/verity-la-sombra-de-un-engano
,Cinemark Hoyts,Temperley,,RESIDENT EVIL: NOCHE CERO,2D Doblada,12:00,,,,https://www.cinemark.com.ar/peliculas/resident-evil-noche-cero
,Cinemark Hoyts,Temperley,,RESIDENT EVIL: NOCHE CERO,4D 2D Doblada,12:15,,,,https://www.cinemark.com.ar/peliculas/resident-evil-noche-cero
,Cinemark Hoyts,Temperley,,RESIDENT EVIL: NOCHE CERO,2D Doblada,13:45,,,,https://www.cinemark.com.ar/peliculas/resident-evil-noche-cero
,Cinemark Hoyts,Temperley,,RESIDENT EVIL: NOCHE CERO,2D Doblada,14:25,,,,https://www.cinemark.com.ar/peliculas/resident-evil-noche-cero
,Cinemark Hoyts,Temperley,,RESIDENT EVIL: NOCHE CERO,2D Doblada,16:45,,,,https://www.cinemark.com.ar/peliculas/resident-evil-noche-cero
,Cinemark Hoyts,Temperley,,RESIDENT EVIL: NOCHE CERO,2D Doblada,19:15,,,,https://www.cinemark.com.ar/peliculas/resident-evil-noche-cero
,Cinemark Hoyts,Temperley,,RESIDENT EVIL: NOCHE CERO,2D Doblada,20:15,,,,https://www.cinemark.com.ar/peliculas/resident-evil-noche-cero
,Cinemark Hoyts,Temperley,,RESIDENT EVIL: NOCHE CERO,2D Doblada,21:45,,,,https://www.cinemark.com.ar/peliculas/resident-evil-noche-cero
,Cinemark Hoyts,Temperley,,RESIDENT EVIL: NOCHE CERO,2D Doblada,22:45,,,,https://www.cinemark.com.ar/peliculas/resident-evil-noche-cero
,Cinemark Hoyts,Temperley,,ESCONDIDA EN MI CABEZA,2D Doblada,12:00,,,,https://www.cinemark.com.ar/peliculas/escondida-en-mi-cabeza
,Cinemark Hoyts,Temperley,,ESCONDIDA EN MI CABEZA,2D Doblada,17:10,,,,https://www.cinemark.com.ar/peliculas/escondida-en-mi-cabeza
,Cinemark Hoyts,Temperley,,ESCONDIDA EN MI CABEZA,2D Doblada,22:20,,,,https://www.cinemark.com.ar/peliculas/escondida-en-mi-cabeza
,Cinemark Hoyts,Temperley,,LA ISLA OLVIDADA,DBOX 2D Doblada,12:35,,,,https://www.cinemark.com.ar/peliculas/la-isla-olvidada
,Cinemark Hoyts,Temperley,,LA ISLA OLVIDADA,2D Doblada,12:35,,,,https://www.cinemark.com.ar/peliculas/la-isla-olvidada
,Cinemark Hoyts,Temperley,,GUARDIANES DEL MUSEO 2,2D Doblada,12:45,,,,https://www.cinemark.com.ar/peliculas/guardianes-del-museo-2
,Cinemark Hoyts,Temperley,,GUARDIANES DEL MUSEO 2,2D Doblada,15:10,,,,https://www.cinemark.com.ar/peliculas/guardianes-del-museo-2
,Cinemark Hoyts,Temperley,,GUARDIANES DEL MUSEO 2,2D Doblada,17:35,,,,https://www.cinemark.com.ar/peliculas/guardianes-del-museo-2
,Cinemark Hoyts,Temperley,,DIGGER,DBOX 2D Doblada,13:00,,,,https://www.cinemark.com.ar/peliculas/digger
,Cinemark Hoyts,Temperley,,DIGGER,2D Doblada,13:00,,,,https://www.cinemark.com.ar/peliculas/digger
,Cinemark Hoyts,Temperley,,DIGGER,DBOX 2D Doblada,16:00,,,,https://www.cinemark.com.ar/peliculas/digger
,Cinemark Hoyts,Temperley,,DIGGER,2D Doblada,16:00,,,,https://www.cinemark.com.ar/peliculas/digger
,Cinemark Hoyts,Temperley,,DIGGER,DBOX 2D Doblada,19:00,,,,https://www.cinemark.com.ar/peliculas/digger
,Cinemark Hoyts,Temperley,,DIGGER,2D Doblada,19:00,,,,https://www.cinemark.com.ar/peliculas/digger
,Cinemark Hoyts,Temperley,,DIGGER,DBOX 2D Doblada,22:00,,,,https://www.cinemark.com.ar/peliculas/digger
,Cinemark Hoyts,Temperley,,DIGGER,2D Doblada,22:00,,,,https://www.cinemark.com.ar/peliculas/digger
,Cinemark Hoyts,Temperley,,VÉRTIGO 2: PUNTO MUERTO,2D Doblada,14:20,,,,https://www.cinemark.com.ar/peliculas/vertigo-2-punto-muerto
,Cinemark Hoyts,Temperley,,VÉRTIGO 2: PUNTO MUERTO,2D Doblada,19:40,,,,https://www.cinemark.com.ar/peliculas/vertigo-2-punto-muerto
,Cinemark Hoyts,Temperley,,VÉRTIGO 2: PUNTO MUERTO,2D Doblada,22:15,,,,https://www.cinemark.com.ar/peliculas/vertigo-2-punto-muerto
,Cinemark Hoyts,Temperley,,AVENGERS: ENDGAME (RE ESTRENO),4D 3D IV Doblada,14:30,,,,https://www.cinemark.com.ar/peliculas/avengers-endgame-re-estreno
,Cinemark Hoyts,Temperley,,AVENGERS: ENDGAME (RE ESTRENO),4D 3D IV Doblada,18:30,,,,https://www.cinemark.com.ar/peliculas/avengers-endgame-re-estreno
,Cinemark Hoyts,Temperley,,AVENGERS: ENDGAME (RE ESTRENO),4D 3D IV Doblada,22:30,,,,https://www.cinemark.com.ar/peliculas/avengers-endgame-re-estreno
,Cinemark Hoyts,Temperley,,COYOTE VS ACME,DBOX 2D Doblada,15:15,,,,https://www.cinemark.com.ar/peliculas/coyote-vs-acme
,Cinemark Hoyts,Temperley,,COYOTE VS ACME,2D Doblada,15:15,,,,https://www.cinemark.com.ar/peliculas/coyote-vs-acme
,Cinemark Hoyts,Temperley,,SPIDER-MAN: UN NUEVO DÍA,2D Doblada,17:00,,,,https://www.cinemark.com.ar/peliculas/spider-man-un-nuevo-dia
,Cinemark Hoyts,Temperley,,EL CORAZÓN DE LA BESTIA,DBOX 2D Doblada,17:50,,,,https://www.cinemark.com.ar/peliculas/el-corazon-de-la-bestia
,Cinemark Hoyts,Temperley,,EL CORAZÓN DE LA BESTIA,2D Doblada,17:50,,,,https://www.cinemark.com.ar/peliculas/el-corazon-de-la-bestia
,Cinemark Hoyts,Temperley,,EL CORAZÓN DE LA BESTIA,DBOX 2D Doblada,20:25,,,,https://www.cinemark.com.ar/peliculas/el-corazon-de-la-bestia
,Cinemark Hoyts,Temperley,,EL CORAZÓN DE LA BESTIA,2D Doblada,20:25,,,,https://www.cinemark.com.ar/peliculas/el-corazon-de-la-bestia
,Cinemark Hoyts,Temperley,,EL CORAZÓN DE LA BESTIA,DBOX 2D Subtitulada,23:00,,,,https://www.cinemark.com.ar/peliculas/el-corazon-de-la-bestia
,Cinemark Hoyts,Temperley,,EL CORAZÓN DE LA BESTIA,2D Subtitulada,23:00,,,,https://www.cinemark.com.ar/peliculas/el-corazon-de-la-bestia
,Cinemark Hoyts,Temperley,,LA NOCHE DEL DEMONIO 6,2D Doblada,19:45,,,,https://www.cinemark.com.ar/peliculas/la-noche-del-demonio-estan-entre-nosotros
,Cinemark Hoyts,Unicenter,,EL CORAZÓN DE LA BESTIA,2D Subtitulada,12:10,,,,https://www.cinemark.com.ar/peliculas/el-corazon-de-la-bestia
,Cinemark Hoyts,Unicenter,,EL CORAZÓN DE LA BESTIA,2D Subtitulada,14:40,,,,https://www.cinemark.com.ar/peliculas/el-corazon-de-la-bestia
,Cinemark Hoyts,Unicenter,,EL CORAZÓN DE LA BESTIA,2D Subtitulada,17:10,,,,https://www.cinemark.com.ar/peliculas/el-corazon-de-la-bestia
,Cinemark Hoyts,Unicenter,,EL CORAZÓN DE LA BESTIA,2D Subtitulada,19:40,,,,https://www.cinemark.com.ar/peliculas/el-corazon-de-la-bestia
,Cinemark Hoyts,Unicenter,,EL CORAZÓN DE LA BESTIA,2D Subtitulada,22:10,,,,https://www.cinemark.com.ar/peliculas/el-corazon-de-la-bestia
,Cinemark Hoyts,Unicenter,,LA ISLA OLVIDADA,2D Doblada,12:15,,,,https://www.cinemark.com.ar/peliculas/la-isla-olvidada
,Cinemark Hoyts,Unicenter,,LA ISLA OLVIDADA,2D Doblada,14:50,,,,https://www.cinemark.com.ar/peliculas/la-isla-olvidada
,Cinemark Hoyts,Unicenter,,LA ISLA OLVIDADA,2D Doblada,17:20,,,,https://www.cinemark.com.ar/peliculas/la-isla-olvidada
,Cinemark Hoyts,Unicenter,,VERITY: LA SOMBRA DE UN ENGAÑO,DBOX 2D Subtitulada,12:20,,,,https://www.cinemark.com.ar/peliculas/verity-la-sombra-de-un-engano
,Cinemark Hoyts,Unicenter,,VERITY: LA SOMBRA DE UN ENGAÑO,2D Subtitulada,12:20,,,,https://www.cinemark.com.ar/peliculas/verity-la-sombra-de-un-engano
,Cinemark Hoyts,Unicenter,,VERITY: LA SOMBRA DE UN ENGAÑO,PREMIER 2D Subtitulada,13:00,,,,https://www.cinemark.com.ar/peliculas/verity-la-sombra-de-un-engano
,Cinemark Hoyts,Unicenter,,VERITY: LA SOMBRA DE UN ENGAÑO,DBOX 2D Subtitulada,15:00,,,,https://www.cinemark.com.ar/peliculas/verity-la-sombra-de-un-engano
,Cinemark Hoyts,Unicenter,,VERITY: LA SOMBRA DE UN ENGAÑO,2D Subtitulada,15:00,,,,https://www.cinemark.com.ar/peliculas/verity-la-sombra-de-un-engano
,Cinemark Hoyts,Unicenter,,VERITY: LA SOMBRA DE UN ENGAÑO,PREMIER 2D Subtitulada,15:50,,,,https://www.cinemark.com.ar/peliculas/verity-la-sombra-de-un-engano
,Cinemark Hoyts,Unicenter,,VERITY: LA SOMBRA DE UN ENGAÑO,DBOX 2D Subtitulada,17:30,,,,https://www.cinemark.com.ar/peliculas/verity-la-sombra-de-un-engano
,Cinemark Hoyts,Unicenter,,VERITY: LA SOMBRA DE UN ENGAÑO,2D Subtitulada,17:30,,,,https://www.cinemark.com.ar/peliculas/verity-la-sombra-de-un-engano
,Cinemark Hoyts,Unicenter,,VERITY: LA SOMBRA DE UN ENGAÑO,PREMIER 2D Subtitulada,18:40,,,,https://www.cinemark.com.ar/peliculas/verity-la-sombra-de-un-engano
,Cinemark Hoyts,Unicenter,,VERITY: LA SOMBRA DE UN ENGAÑO,DBOX 2D Subtitulada,20:00,,,,https://www.cinemark.com.ar/peliculas/verity-la-sombra-de-un-engano
,Cinemark Hoyts,Unicenter,,VERITY: LA SOMBRA DE UN ENGAÑO,2D Subtitulada,20:00,,,,https://www.cinemark.com.ar/peliculas/verity-la-sombra-de-un-engano
,Cinemark Hoyts,Unicenter,,VERITY: LA SOMBRA DE UN ENGAÑO,2D Subtitulada,20:25,,,,https://www.cinemark.com.ar/peliculas/verity-la-sombra-de-un-engano
,Cinemark Hoyts,Unicenter,,VERITY: LA SOMBRA DE UN ENGAÑO,PREMIER 2D Subtitulada,21:30,,,,https://www.cinemark.com.ar/peliculas/verity-la-sombra-de-un-engano
,Cinemark Hoyts,Unicenter,,VERITY: LA SOMBRA DE UN ENGAÑO,DBOX 2D Subtitulada,22:30,,,,https://www.cinemark.com.ar/peliculas/verity-la-sombra-de-un-engano
,Cinemark Hoyts,Unicenter,,VERITY: LA SOMBRA DE UN ENGAÑO,2D Subtitulada,22:30,,,,https://www.cinemark.com.ar/peliculas/verity-la-sombra-de-un-engano
,Cinemark Hoyts,Unicenter,,VERITY: LA SOMBRA DE UN ENGAÑO,2D Subtitulada,23:00,,,,https://www.cinemark.com.ar/peliculas/verity-la-sombra-de-un-engano
,Cinemark Hoyts,Unicenter,,DIGGER,DBOX 2D Subtitulada,12:30,,,,https://www.cinemark.com.ar/peliculas/digger
,Cinemark Hoyts,Unicenter,,DIGGER,2D Subtitulada,12:30,,,,https://www.cinemark.com.ar/peliculas/digger
,Cinemark Hoyts,Unicenter,,DIGGER,PREMIER 2D Subtitulada,13:30,,,,https://www.cinemark.com.ar/peliculas/digger
,Cinemark Hoyts,Unicenter,,DIGGER,DBOX 2D Subtitulada,15:20,,,,https://www.cinemark.com.ar/peliculas/digger
,Cinemark Hoyts,Unicenter,,DIGGER,2D Subtitulada,15:20,,,,https://www.cinemark.com.ar/peliculas/digger
,Cinemark Hoyts,Unicenter,,DIGGER,PREMIER 2D Subtitulada,16:20,,,,https://www.cinemark.com.ar/peliculas/digger
,Cinemark Hoyts,Unicenter,,DIGGER,DBOX 2D Subtitulada,18:10,,,,https://www.cinemark.com.ar/peliculas/digger
,Cinemark Hoyts,Unicenter,,DIGGER,2D Subtitulada,18:10,,,,https://www.cinemark.com.ar/peliculas/digger
,Cinemark Hoyts,Unicenter,,DIGGER,PREMIER 2D Subtitulada,19:10,,,,https://www.cinemark.com.ar/peliculas/digger
,Cinemark Hoyts,Unicenter,,DIGGER,2D Subtitulada,20:20,,,,https://www.cinemark.com.ar/peliculas/digger
,Cinemark Hoyts,Unicenter,,DIGGER,DBOX 2D Subtitulada,21:00,,,,https://www.cinemark.com.ar/peliculas/digger
,Cinemark Hoyts,Unicenter,,DIGGER,2D Subtitulada,21:00,,,,https://www.cinemark.com.ar/peliculas/digger
,Cinemark Hoyts,Unicenter,,DIGGER,PREMIER 2D Subtitulada,22:00,,,,https://www.cinemark.com.ar/peliculas/digger
,Cinemark Hoyts,Unicenter,,DIGGER,2D Subtitulada,22:55,,,,https://www.cinemark.com.ar/peliculas/digger
,Cinemark Hoyts,Unicenter,,RESIDENT EVIL: NOCHE CERO,2D Subtitulada,12:35,,,,https://www.cinemark.com.ar/peliculas/resident-evil-noche-cero
,Cinemark Hoyts,Unicenter,,RESIDENT EVIL: NOCHE CERO,2D Doblada,13:10,,,,https://www.cinemark.com.ar/peliculas/resident-evil-noche-cero
,Cinemark Hoyts,Unicenter,,RESIDENT EVIL: NOCHE CERO,2D Subtitulada,14:45,,,,https://www.cinemark.com.ar/peliculas/resident-evil-noche-cero
,Cinemark Hoyts,Unicenter,,RESIDENT EVIL: NOCHE CERO,2D Doblada,15:30,,,,https://www.cinemark.com.ar/peliculas/resident-evil-noche-cero
,Cinemark Hoyts,Unicenter,,RESIDENT EVIL: NOCHE CERO,2D Subtitulada,17:05,,,,https://www.cinemark.com.ar/peliculas/resident-evil-noche-cero
,Cinemark Hoyts,Unicenter,,RESIDENT EVIL: NOCHE CERO,2D Doblada,17:45,,,,https://www.cinemark.com.ar/peliculas/resident-evil-noche-cero
,Cinemark Hoyts,Unicenter,,RESIDENT EVIL: NOCHE CERO,2D Subtitulada,19:20,,,,https://www.cinemark.com.ar/peliculas/resident-evil-noche-cero
,Cinemark Hoyts,Unicenter,,RESIDENT EVIL: NOCHE CERO,2D Doblada,20:05,,,,https://www.cinemark.com.ar/peliculas/resident-evil-noche-cero
,Cinemark Hoyts,Unicenter,,RESIDENT EVIL: NOCHE CERO,2D Subtitulada,21:40,,,,https://www.cinemark.com.ar/peliculas/resident-evil-noche-cero
,Cinemark Hoyts,Unicenter,,RESIDENT EVIL: NOCHE CERO,2D Subtitulada,22:40,,,,https://www.cinemark.com.ar/peliculas/resident-evil-noche-cero
,Cinemark Hoyts,Unicenter,,RESIDENT EVIL: NOCHE CERO,2D Doblada,23:10,,,,https://www.cinemark.com.ar/peliculas/resident-evil-noche-cero
,Cinemark Hoyts,Unicenter,,COYOTE VS ACME,2D Doblada,12:45,,,,https://www.cinemark.com.ar/peliculas/coyote-vs-acme
,Cinemark Hoyts,Unicenter,,COYOTE VS ACME,2D Doblada,15:15,,,,https://www.cinemark.com.ar/peliculas/coyote-vs-acme
,Cinemark Hoyts,Unicenter,,COYOTE VS ACME,2D Doblada,17:55,,,,https://www.cinemark.com.ar/peliculas/coyote-vs-acme
,Cinemark Hoyts,Unicenter,,PAW PATROL: LA DINO PELÍCULA,2D Doblada,12:50,,,,https://www.cinemark.com.ar/peliculas/paw-patrol-la-dino-pelicula
,Cinemark Hoyts,Unicenter,,PAW PATROL: LA DINO PELÍCULA,2D Doblada,15:10,,,,https://www.cinemark.com.ar/peliculas/paw-patrol-la-dino-pelicula
,Cinemark Hoyts,Unicenter,,ESCONDIDA EN MI CABEZA,2D Doblada,13:00,,,,https://www.cinemark.com.ar/peliculas/escondida-en-mi-cabeza
,Cinemark Hoyts,Unicenter,,ESCONDIDA EN MI CABEZA,2D Doblada,17:40,,,,https://www.cinemark.com.ar/peliculas/escondida-en-mi-cabeza
,Cinemark Hoyts,Unicenter,,ESCONDIDA EN MI CABEZA,2D Doblada,23:05,,,,https://www.cinemark.com.ar/peliculas/escondida-en-mi-cabeza
,Cinemark Hoyts,Unicenter,,GUARDIANES DEL MUSEO 2,2D Doblada,13:20,,,,https://www.cinemark.com.ar/peliculas/guardianes-del-museo-2
,Cinemark Hoyts,Unicenter,,GUARDIANES DEL MUSEO 2,2D Doblada,15:40,,,,https://www.cinemark.com.ar/peliculas/guardianes-del-museo-2
,Cinemark Hoyts,Unicenter,,GUARDIANES DEL MUSEO 2,2D Doblada,17:50,,,,https://www.cinemark.com.ar/peliculas/guardianes-del-museo-2
,Cinemark Hoyts,Unicenter,,SPIDER-MAN: UN NUEVO DÍA,2D Doblada,13:45,,,,https://www.cinemark.com.ar/peliculas/spider-man-un-nuevo-dia
,Cinemark Hoyts,Unicenter,,SPIDER-MAN: UN NUEVO DÍA,2D Subtitulada,19:30,,,,https://www.cinemark.com.ar/peliculas/spider-man-un-nuevo-dia
,Cinemark Hoyts,Unicenter,,SPIDER-MAN: UN NUEVO DÍA,2D Subtitulada,22:50,,,,https://www.cinemark.com.ar/peliculas/spider-man-un-nuevo-dia
,Cinemark Hoyts,Unicenter,,AVENGERS: ENDGAME (RE ESTRENO),4D 3D IV Doblada,14:00,,,,https://www.cinemark.com.ar/peliculas/avengers-endgame-re-estreno
,Cinemark Hoyts,Unicenter,,AVENGERS: ENDGAME (RE ESTRENO),4D 3D IV Doblada,18:00,,,,https://www.cinemark.com.ar/peliculas/avengers-endgame-re-estreno
,Cinemark Hoyts,Unicenter,,AVENGERS: ENDGAME (RE ESTRENO),4D 3D IV Subtitulada,22:00,,,,https://www.cinemark.com.ar/peliculas/avengers-endgame-re-estreno
,Cinemark Hoyts,Unicenter,,LA ODISEA,2D Subtitulada,14:30,,,,https://www.cinemark.com.ar/peliculas/la-odisea
,Cinemark Hoyts,Unicenter,,LA ODISEA,2D Subtitulada,18:05,,,,https://www.cinemark.com.ar/peliculas/la-odisea
,Cinemark Hoyts,Unicenter,,LA ODISEA,2D Subtitulada,21:30,,,,https://www.cinemark.com.ar/peliculas/la-odisea
,Cinemark Hoyts,Unicenter,,"YO, NARCISO",2D Doblada,15:25,,,,https://www.cinemark.com.ar/peliculas/yo-narciso
,Cinemark Hoyts,Unicenter,,"YO, NARCISO",2D Doblada,20:30,,,,https://www.cinemark.com.ar/peliculas/yo-narciso
,Cinemark Hoyts,Unicenter,,PMMM: WALPURGISNACHT RISING,2D Subtitulada,17:00,,,,https://www.cinemark.com.ar/peliculas/puella-magi-madoka-magica-walpurgisnacht-rising
,Cinemark Hoyts,Unicenter,,HECHIZO DE AMOR: LA MAGIA CONTINUA,2D Subtitulada,17:25,,,,https://www.cinemark.com.ar/peliculas/hechizo-de-amor-la-magia-continua
,Cinemark Hoyts,Unicenter,,VÉRTIGO 2: PUNTO MUERTO,2D Subtitulada,20:10,,,,https://www.cinemark.com.ar/peliculas/vertigo-2-punto-muerto
,Cinemark Hoyts,Unicenter,,VÉRTIGO 2: PUNTO MUERTO,2D Subtitulada,22:30,,,,https://www.cinemark.com.ar/peliculas/vertigo-2-punto-muerto
,Cinemark Hoyts,Unicenter,,RELAJADAS Y MUY PELIGROSAS,2D Subtitulada,20:15,,,,https://www.cinemark.com.ar/peliculas/relajadas-y-muy-peligrosas
,Cinemark Hoyts,Tortugas,,VERITY: LA SOMBRA DE UN ENGAÑO,DBOX XD 2D Doblada,12:30,,,,https://www.cinemark.com.ar/peliculas/verity-la-sombra-de-un-engano
,Cinemark Hoyts,Tortugas,,VERITY: LA SOMBRA DE UN ENGAÑO,XD 2D Doblada,12:30,,,,https://www.cinemark.com.ar/peliculas/verity-la-sombra-de-un-engano
,Cinemark Hoyts,Tortugas,,VERITY: LA SOMBRA DE UN ENGAÑO,DBOX XD 2D Doblada,15:00,,,,https://www.cinemark.com.ar/peliculas/verity-la-sombra-de-un-engano
,Cinemark Hoyts,Tortugas,,VERITY: LA SOMBRA DE UN ENGAÑO,XD 2D Doblada,15:00,,,,https://www.cinemark.com.ar/peliculas/verity-la-sombra-de-un-engano
,Cinemark Hoyts,Tortugas,,VERITY: LA SOMBRA DE UN ENGAÑO,DBOX XD 2D Doblada,17:30,,,,https://www.cinemark.com.ar/peliculas/verity-la-sombra-de-un-engano
,Cinemark Hoyts,Tortugas,,VERITY: LA SOMBRA DE UN ENGAÑO,XD 2D Doblada,17:30,,,,https://www.cinemark.com.ar/peliculas/verity-la-sombra-de-un-engano
,Cinemark Hoyts,Tortugas,,VERITY: LA SOMBRA DE UN ENGAÑO,DBOX XD 2D Doblada,20:00,,,,https://www.cinemark.com.ar/peliculas/verity-la-sombra-de-un-engano
,Cinemark Hoyts,Tortugas,,VERITY: LA SOMBRA DE UN ENGAÑO,XD 2D Doblada,20:00,,,,https://www.cinemark.com.ar/peliculas/verity-la-sombra-de-un-engano
,Cinemark Hoyts,Tortugas,,VERITY: LA SOMBRA DE UN ENGAÑO,DBOX XD 2D Doblada,22:30,,,,https://www.cinemark.com.ar/peliculas/verity-la-sombra-de-un-engano
,Cinemark Hoyts,Tortugas,,VERITY: LA SOMBRA DE UN ENGAÑO,XD 2D Doblada,22:30,,,,https://www.cinemark.com.ar/peliculas/verity-la-sombra-de-un-engano
,Cinemark Hoyts,Tortugas,,DIGGER,DBOX 2D Doblada,13:30,,,,https://www.cinemark.com.ar/peliculas/digger
,Cinemark Hoyts,Tortugas,,DIGGER,2D Doblada,13:30,,,,https://www.cinemark.com.ar/peliculas/digger
,Cinemark Hoyts,Tortugas,,DIGGER,DBOX 2D Doblada,16:20,,,,https://www.cinemark.com.ar/peliculas/digger
,Cinemark Hoyts,Tortugas,,DIGGER,2D Doblada,16:20,,,,https://www.cinemark.com.ar/peliculas/digger
,Cinemark Hoyts,Tortugas,,DIGGER,DBOX 2D Doblada,19:10,,,,https://www.cinemark.com.ar/peliculas/digger
,Cinemark Hoyts,Tortugas,,DIGGER,2D Doblada,19:10,,,,https://www.cinemark.com.ar/peliculas/digger
,Cinemark Hoyts,Tortugas,,DIGGER,DBOX 2D Doblada,22:00,,,,https://www.cinemark.com.ar/peliculas/digger
,Cinemark Hoyts,Tortugas,,DIGGER,2D Doblada,22:00,,,,https://www.cinemark.com.ar/peliculas/digger
,Cinemark Hoyts,Abasto,,VERITY: LA SOMBRA DE UN ENGAÑO,DBOX 2D Doblada,12:40,,,,https://www.cinemark.com.ar/peliculas/verity-la-sombra-de-un-engano
,Cinemark Hoyts,Abasto,,VERITY: LA SOMBRA DE UN ENGAÑO,2D Doblada,12:40,,,,https://www.cinemark.com.ar/peliculas/verity-la-sombra-de-un-engano
,Cinemark Hoyts,Abasto,,VERITY: LA SOMBRA DE UN ENGAÑO,2D Doblada,14:00,,,,https://www.cinemark.com.ar/peliculas/verity-la-sombra-de-un-engano
,Cinemark Hoyts,Abasto,,VERITY: LA SOMBRA DE UN ENGAÑO,DBOX 2D Doblada,15:15,,,,https://www.cinemark.com.ar/peliculas/verity-la-sombra-de-un-engano
,Cinemark Hoyts,Abasto,,VERITY: LA SOMBRA DE UN ENGAÑO,2D Doblada,15:15,,,,https://www.cinemark.com.ar/peliculas/verity-la-sombra-de-un-engano
,Cinemark Hoyts,Abasto,,VERITY: LA SOMBRA DE UN ENGAÑO,DBOX 2D Doblada,17:50,,,,https://www.cinemark.com.ar/peliculas/verity-la-sombra-de-un-engano
,Cinemark Hoyts,Abasto,,VERITY: LA SOMBRA DE UN ENGAÑO,2D Doblada,17:50,,,,https://www.cinemark.com.ar/peliculas/verity-la-sombra-de-un-engano
,Cinemark Hoyts,Abasto,,VERITY: LA SOMBRA DE UN ENGAÑO,2D Doblada,19:30,,,,https://www.cinemark.com.ar/peliculas/verity-la-sombra-de-un-engano
,Cinemark Hoyts,Abasto,,VERITY: LA SOMBRA DE UN ENGAÑO,DBOX 2D Doblada,20:25,,,,https://www.cinemark.com.ar/peliculas/verity-la-sombra-de-un-engano
,Cinemark Hoyts,Abasto,,VERITY: LA SOMBRA DE UN ENGAÑO,2D Doblada,20:25,,,,https://www.cinemark.com.ar/peliculas/verity-la-sombra-de-un-engano
,Cinemark Hoyts,Abasto,,VERITY: LA SOMBRA DE UN ENGAÑO,2D Doblada,22:20,,,,https://www.cinemark.com.ar/peliculas/verity-la-sombra-de-un-engano
,Cinemark Hoyts,Abasto,,VERITY: LA SOMBRA DE UN ENGAÑO,DBOX 2D Subtitulada,23:00,,,,https://www.cinemark.com.ar/peliculas/verity-la-sombra-de-un-engano
,Cinemark Hoyts,Abasto,,VERITY: LA SOMBRA DE UN ENGAÑO,2D Subtitulada,23:00,,,,https://www.cinemark.com.ar/peliculas/verity-la-sombra-de-un-engano
,Cinemark Hoyts,Abasto,,DIGGER,DBOX 2D Doblada,13:00,,,,https://www.cinemark.com.ar/peliculas/digger
,Cinemark Hoyts,Abasto,,DIGGER,2D Doblada,13:00,,,,https://www.cinemark.com.ar/peliculas/digger
,Cinemark Hoyts,Abasto,,DIGGER,DBOX 2D Doblada,15:55,,,,https://www.cinemark.com.ar/peliculas/digger
,Cinemark Hoyts,Abasto,,DIGGER,2D Doblada,15:55,,,,https://www.cinemark.com.ar/peliculas/digger
,Cinemark Hoyts,Abasto,,DIGGER,DBOX 2D Subtitulada,19:00,,,,https://www.cinemark.com.ar/peliculas/digger
,Cinemark Hoyts,Abasto,,DIGGER,2D Subtitulada,19:00,,,,https://www.cinemark.com.ar/peliculas/digger
,Cinemark Hoyts,Abasto,,DIGGER,DBOX 2D Subtitulada,22:00,,,,https://www.cinemark.com.ar/peliculas/digger
,Cinemark Hoyts,Abasto,,DIGGER,2D Subtitulada,22:00,,,,https://www.cinemark.com.ar/peliculas/digger
,Cinemark Hoyts,Abasto,,DIGGER,2D Subtitulada,23:00,,,,https://www.cinemark.com.ar/peliculas/digger
,Cinemark Hoyts,Abasto,,SPIDER-MAN: UN NUEVO DÍA,2D Doblada,13:00,,,,https://www.cinemark.com.ar/peliculas/spider-man-un-nuevo-dia
,Cinemark Hoyts,Abasto,,SPIDER-MAN: UN NUEVO DÍA,2D Doblada,16:10,,,,https://www.cinemark.com.ar/peliculas/spider-man-un-nuevo-dia
,Cinemark Hoyts,Abasto,,SPIDER-MAN: UN NUEVO DÍA,2D Doblada,19:20,,,,https://www.cinemark.com.ar/peliculas/spider-man-un-nuevo-dia
,Cinemark Hoyts,Abasto,,EL CORAZÓN DE LA BESTIA,2D Doblada,13:10,,,,https://www.cinemark.com.ar/peliculas/el-corazon-de-la-bestia
,Cinemark Hoyts,Abasto,,EL CORAZÓN DE LA BESTIA,2D Doblada,15:30,,,,https://www.cinemark.com.ar/peliculas/el-corazon-de-la-bestia
,Cinemark Hoyts,Abasto,,EL CORAZÓN DE LA BESTIA,2D Doblada,17:50,,,,https://www.cinemark.com.ar/peliculas/el-corazon-de-la-bestia
,Cinemark Hoyts,Abasto,,EL CORAZÓN DE LA BESTIA,2D Subtitulada,20:20,,,,https://www.cinemark.com.ar/peliculas/el-corazon-de-la-bestia
,Cinemark Hoyts,Abasto,,EL CORAZÓN DE LA BESTIA,2D Doblada,22:45,,,,https://www.cinemark.com.ar/peliculas/el-corazon-de-la-bestia
,Cinemark Hoyts,Abasto,,GUARDIANES DEL MUSEO 2,2D Doblada,13:15,,,,https://www.cinemark.com.ar/peliculas/guardianes-del-museo-2
,Cinemark Hoyts,Abasto,,GUARDIANES DEL MUSEO 2,2D Doblada,15:30,,,,https://www.cinemark.com.ar/peliculas/guardianes-del-museo-2
,Cinemark Hoyts,Abasto,,GUARDIANES DEL MUSEO 2,2D Doblada,18:00,,,,https://www.cinemark.com.ar/peliculas/guardianes-del-museo-2
,Cinemark Hoyts,Abasto,,RESIDENT EVIL: NOCHE CERO,DBOX 2D Doblada,13:20,,,,https://www.cinemark.com.ar/peliculas/resident-evil-noche-cero
,Cinemark Hoyts,Abasto,,RESIDENT EVIL: NOCHE CERO,2D Doblada,13:20,,,,https://www.cinemark.com.ar/peliculas/resident-evil-noche-cero
,Cinemark Hoyts,Abasto,,RESIDENT EVIL: NOCHE CERO,2D Doblada,14:40,,,,https://www.cinemark.com.ar/peliculas/resident-evil-noche-cero
,Cinemark Hoyts,Abasto,,RESIDENT EVIL: NOCHE CERO,DBOX 2D Doblada,15:40,,,,https://www.cinemark.com.ar/peliculas/resident-evil-noche-cero
,Cinemark Hoyts,Abasto,,RESIDENT EVIL: NOCHE CERO,2D Doblada,15:40,,,,https://www.cinemark.com.ar/peliculas/resident-evil-noche-cero
,Cinemark Hoyts,Abasto,,RESIDENT EVIL: NOCHE CERO,2D Doblada,17:10,,,,https://www.cinemark.com.ar/peliculas/resident-evil-noche-cero
,Cinemark Hoyts,Abasto,,RESIDENT EVIL: NOCHE CERO,DBOX 2D Doblada,18:10,,,,https://www.cinemark.com.ar/peliculas/resident-evil-noche-cero
,Cinemark Hoyts,Abasto,,RESIDENT EVIL: NOCHE CERO,2D Doblada,18:10,,,,https://www.cinemark.com.ar/peliculas/resident-evil-noche-cero
,Cinemark Hoyts,Abasto,,RESIDENT EVIL: NOCHE CERO,2D Doblada,19:30,,,,https://www.cinemark.com.ar/peliculas/resident-evil-noche-cero
,Cinemark Hoyts,Abasto,,RESIDENT EVIL: NOCHE CERO,DBOX 2D Doblada,20:30,,,,https://www.cinemark.com.ar/peliculas/resident-evil-noche-cero
,Cinemark Hoyts,Abasto,,RESIDENT EVIL: NOCHE CERO,2D Doblada,20:30,,,,https://www.cinemark.com.ar/peliculas/resident-evil-noche-cero
,Cinemark Hoyts,Abasto,,RESIDENT EVIL: NOCHE CERO,2D Doblada,21:50,,,,https://www.cinemark.com.ar/peliculas/resident-evil-noche-cero
,Cinemark Hoyts,Abasto,,RESIDENT EVIL: NOCHE CERO,DBOX 2D Doblada,22:50,,,,https://www.cinemark.com.ar/peliculas/resident-evil-noche-cero
,Cinemark Hoyts,Abasto,,RESIDENT EVIL: NOCHE CERO,2D Doblada,22:50,,,,https://www.cinemark.com.ar/peliculas/resident-evil-noche-cero
,Cinemark Hoyts,Abasto,,ESCONDIDA EN MI CABEZA,2D Doblada,13:20,,,,https://www.cinemark.com.ar/peliculas/escondida-en-mi-cabeza
,Cinemark Hoyts,Abasto,,ESCONDIDA EN MI CABEZA,2D Doblada,18:10,,,,https://www.cinemark.com.ar/peliculas/escondida-en-mi-cabeza
,Cinemark Hoyts,Abasto,,ESCONDIDA EN MI CABEZA,2D Doblada,20:30,,,,https://www.cinemark.com.ar/peliculas/escondida-en-mi-cabeza
,Cinemark Hoyts,Abasto,,COYOTE VS ACME,2D Doblada,13:30,,,,https://www.cinemark.com.ar/peliculas/coyote-vs-acme
,Cinemark Hoyts,Abasto,,COYOTE VS ACME,2D Doblada,16:00,,,,https://www.cinemark.com.ar/peliculas/coyote-vs-acme
,Cinemark Hoyts,Abasto,,COYOTE VS ACME,2D Doblada,18:30,,,,https://www.cinemark.com.ar/peliculas/coyote-vs-acme
,Cinemark Hoyts,Abasto,,LA ISLA OLVIDADA,2D Doblada,14:30,,,,https://www.cinemark.com.ar/peliculas/la-isla-olvidada
,Cinemark Hoyts,Abasto,,LA ISLA OLVIDADA,2D Doblada,17:00,,,,https://www.cinemark.com.ar/peliculas/la-isla-olvidada
,Cinemark Hoyts,Abasto,,AVENGERS: ENDGAME (RE ESTRENO),2D Doblada,14:35,,,,https://www.cinemark.com.ar/peliculas/avengers-endgame-re-estreno
,Cinemark Hoyts,Abasto,,AVENGERS: ENDGAME (RE ESTRENO),3D Doblada,18:20,,,,https://www.cinemark.com.ar/peliculas/avengers-endgame-re-estreno
,Cinemark Hoyts,Abasto,,AVENGERS: ENDGAME (RE ESTRENO),2D Doblada,21:00,,,,https://www.cinemark.com.ar/peliculas/avengers-endgame-re-estreno
,Cinemark Hoyts,Abasto,,AVENGERS: ENDGAME (RE ESTRENO),2D Doblada,22:10,,,,https://www.cinemark.com.ar/peliculas/avengers-endgame-re-estreno
,Cinemark Hoyts,Abasto,,"YO, NARCISO",2D Doblada,15:45,,,,https://www.cinemark.com.ar/peliculas/yo-narciso
,Cinemark Hoyts,Abasto,,PMMM: WALPURGISNACHT RISING,2D Subtitulada,17:00,,,,https://www.cinemark.com.ar/peliculas/puella-magi-madoka-magica-walpurgisnacht-rising
,Cinemark Hoyts,Abasto,,PMMM: WALPURGISNACHT RISING,2D Subtitulada,20:00,,,,https://www.cinemark.com.ar/peliculas/puella-magi-madoka-magica-walpurgisnacht-rising
,Cinemark Hoyts,Abasto,,VÉRTIGO 2: PUNTO MUERTO,2D Doblada,20:20,,,,https://www.cinemark.com.ar/peliculas/vertigo-2-punto-muerto
,Cinemark Hoyts,Abasto,,VÉRTIGO 2: PUNTO MUERTO,2D Doblada,22:40,,,,https://www.cinemark.com.ar/peliculas/vertigo-2-punto-muerto
,Cinemark Hoyts,Abasto,,LA ODISEA,2D Doblada,22:30,,,,https://www.cinemark.com.ar/peliculas/la-odisea
,Cinemark Hoyts,Abasto,,LA NOCHE DEL DEMONIO 6,2D Doblada,22:50,,,,https://www.cinemark.com.ar/peliculas/la-noche-del-demonio-estan-entre-nosotros
,Cinemark Hoyts,Malvinas Argentinas,,VERITY: LA SOMBRA DE UN ENGAÑO,DBOX XD 2D Doblada,12:45,,,,https://www.cinemark.com.ar/peliculas/verity-la-sombra-de-un-engano
,Cinemark Hoyts,Malvinas Argentinas,,VERITY: LA SOMBRA DE UN ENGAÑO,XD 2D Doblada,12:45,,,,https://www.cinemark.com.ar/peliculas/verity-la-sombra-de-un-engano
,Cinemark Hoyts,Malvinas Argentinas,,VERITY: LA SOMBRA DE UN ENGAÑO,DBOX XD 2D Doblada,15:15,,,,https://www.cinemark.com.ar/peliculas/verity-la-sombra-de-un-engano
,Cinemark Hoyts,Malvinas Argentinas,,VERITY: LA SOMBRA DE UN ENGAÑO,XD 2D Doblada,15:15,,,,https://www.cinemark.com.ar/peliculas/verity-la-sombra-de-un-engano
,Cinemark Hoyts,Malvinas Argentinas,,VERITY: LA SOMBRA DE UN ENGAÑO,DBOX XD 2D Doblada,17:45,,,,https://www.cinemark.com.ar/peliculas/verity-la-sombra-de-un-engano
,Cinemark Hoyts,Malvinas Argentinas,,VERITY: LA SOMBRA DE UN ENGAÑO,XD 2D Doblada,17:45,,,,https://www.cinemark.com.ar/peliculas/verity-la-sombra-de-un-engano
,Cinemark Hoyts,Malvinas Argentinas,,VERITY: LA SOMBRA DE UN ENGAÑO,DBOX XD 2D Doblada,20:15,,,,https://www.cinemark.com.ar/peliculas/verity-la-sombra-de-un-engano
,Cinemark Hoyts,Malvinas Argentinas,,VERITY: LA SOMBRA DE UN ENGAÑO,XD 2D Doblada,20:15,,,,https://www.cinemark.com.ar/peliculas/verity-la-sombra-de-un-engano
,Cinemark Hoyts,Malvinas Argentinas,,VERITY: LA SOMBRA DE UN ENGAÑO,DBOX XD 2D Doblada,22:45,,,,https://www.cinemark.com.ar/peliculas/verity-la-sombra-de-un-engano
,Cinemark Hoyts,Malvinas Argentinas,,VERITY: LA SOMBRA DE UN ENGAÑO,XD 2D Doblada,22:45,,,,https://www.cinemark.com.ar/peliculas/verity-la-sombra-de-un-engano
,Cinemark Hoyts,Malvinas Argentinas,,DIGGER,DBOX 2D Doblada,13:00,,,,https://www.cinemark.com.ar/peliculas/digger
,Cinemark Hoyts,Malvinas Argentinas,,DIGGER,2D Doblada,13:00,,,,https://www.cinemark.com.ar/peliculas/digger
,Cinemark Hoyts,Malvinas Argentinas,,DIGGER,DBOX 2D Doblada,16:00,,,,https://www.cinemark.com.ar/peliculas/digger
,Cinemark Hoyts,Malvinas Argentinas,,DIGGER,2D Doblada,16:00,,,,https://www.cinemark.com.ar/peliculas/digger
,Cinemark Hoyts,Malvinas Argentinas,,DIGGER,DBOX 2D Doblada,19:00,,,,https://www.cinemark.com.ar/peliculas/digger
,Cinemark Hoyts,Malvinas Argentinas,,DIGGER,2D Doblada,19:00,,,,https://www.cinemark.com.ar/peliculas/digger
,Cinemark Hoyts,Malvinas Argentinas,,DIGGER,DBOX 2D Subtitulada,22:10,,,,https://www.cinemark.com.ar/peliculas/digger
,Cinemark Hoyts,Malvinas Argentinas,,DIGGER,2D Subtitulada,22:10,,,,https://www.cinemark.com.ar/peliculas/digger
,Cinemark Hoyts,Moron,,DIGGER,DBOX 2D Doblada,13:00,,,,https://www.cinemark.com.ar/peliculas/digger
,Cinemark Hoyts,Moron,,DIGGER,2D Doblada,13:00,,,,https://www.cinemark.com.ar/peliculas/digger
,Cinemark Hoyts,Moron,,DIGGER,DBOX 2D Doblada,16:00,,,,https://www.cinemark.com.ar/peliculas/digger
,Cinemark Hoyts,Moron,,DIGGER,2D Doblada,16:00,,,,https://www.cinemark.com.ar/peliculas/digger
,Cinemark Hoyts,Moron,,DIGGER,DBOX 2D Doblada,19:00,,,,https://www.cinemark.com.ar/peliculas/digger
,Cinemark Hoyts,Moron,,DIGGER,2D Doblada,19:00,,,,https://www.cinemark.com.ar/peliculas/digger
,Cinemark Hoyts,Moron,,DIGGER,DBOX 2D Doblada,22:00,,,,https://www.cinemark.com.ar/peliculas/digger
,Cinemark Hoyts,Moron,,DIGGER,2D Doblada,22:00,,,,https://www.cinemark.com.ar/peliculas/digger
,Cinemark Hoyts,Moron,,VERITY: LA SOMBRA DE UN ENGAÑO,DBOX 2D Doblada,14:20,,,,https://www.cinemark.com.ar/peliculas/verity-la-sombra-de-un-engano
,Cinemark Hoyts,Moron,,VERITY: LA SOMBRA DE UN ENGAÑO,2D Doblada,14:20,,,,https://www.cinemark.com.ar/peliculas/verity-la-sombra-de-un-engano
,Cinemark Hoyts,Moron,,VERITY: LA SOMBRA DE UN ENGAÑO,DBOX 2D Doblada,17:00,,,,https://www.cinemark.com.ar/peliculas/verity-la-sombra-de-un-engano
,Cinemark Hoyts,Moron,,VERITY: LA SOMBRA DE UN ENGAÑO,2D Doblada,17:00,,,,https://www.cinemark.com.ar/peliculas/verity-la-sombra-de-un-engano
,Cinemark Hoyts,Moron,,VERITY: LA SOMBRA DE UN ENGAÑO,DBOX 2D Doblada,19:30,,,,https://www.cinemark.com.ar/peliculas/verity-la-sombra-de-un-engano
,Cinemark Hoyts,Moron,,VERITY: LA SOMBRA DE UN ENGAÑO,2D Doblada,19:30,,,,https://www.cinemark.com.ar/peliculas/verity-la-sombra-de-un-engano
,Cinemark Hoyts,Moron,,VERITY: LA SOMBRA DE UN ENGAÑO,DBOX 2D Doblada,22:10,,,,https://www.cinemark.com.ar/peliculas/verity-la-sombra-de-un-engano
,Cinemark Hoyts,Moron,,VERITY: LA SOMBRA DE UN ENGAÑO,2D Doblada,22:10,,,,https://www.cinemark.com.ar/peliculas/verity-la-sombra-de-un-engano
,Cinemark Hoyts,Alto Avellaneda,,LA ISLA OLVIDADA,2D Doblada,13:00,,,,https://www.cinemark.com.ar/peliculas/la-isla-olvidada
,Cinemark Hoyts,Alto Avellaneda,,RESIDENT EVIL: NOCHE CERO,2D Doblada,13:20,,,,https://www.cinemark.com.ar/peliculas/resident-evil-noche-cero
,Cinemark Hoyts,Alto Avellaneda,,RESIDENT EVIL: NOCHE CERO,2D Doblada,15:50,,,,https://www.cinemark.com.ar/peliculas/resident-evil-noche-cero
,Cinemark Hoyts,Alto Avellaneda,,RESIDENT EVIL: NOCHE CERO,2D Doblada,18:10,,,,https://www.cinemark.com.ar/peliculas/resident-evil-noche-cero
,Cinemark Hoyts,Alto Avellaneda,,RESIDENT EVIL: NOCHE CERO,2D Doblada,20:30,,,,https://www.cinemark.com.ar/peliculas/resident-evil-noche-cero
,Cinemark Hoyts,Alto Avellaneda,,RESIDENT EVIL: NOCHE CERO,2D Doblada,22:50,,,,https://www.cinemark.com.ar/peliculas/resident-evil-noche-cero
,Cinemark Hoyts,Alto Avellaneda,,DIGGER,DBOX 2D Doblada,13:30,,,,https://www.cinemark.com.ar/peliculas/digger
,Cinemark Hoyts,Alto Avellaneda,,DIGGER,2D Doblada,13:30,,,,https://www.cinemark.com.ar/peliculas/digger
,Cinemark Hoyts,Alto Avellaneda,,DIGGER,DBOX 2D Subtitulada,16:30,,,,https://www.cinemark.com.ar/peliculas/digger
,Cinemark Hoyts,Alto Avellaneda,,DIGGER,2D Subtitulada,16:30,,,,https://www.cinemark.com.ar/peliculas/digger
,Cinemark Hoyts,Alto Avellaneda,,DIGGER,DBOX 2D Doblada,19:30,,,,https://www.cinemark.com.ar/peliculas/digger
,Cinemark Hoyts,Alto Avellaneda,,DIGGER,2D Doblada,19:30,,,,https://www.cinemark.com.ar/peliculas/digger
,Cinemark Hoyts,Alto Avellaneda,,DIGGER,DBOX 2D Doblada,22:30,,,,https://www.cinemark.com.ar/peliculas/digger
,Cinemark Hoyts,Alto Avellaneda,,DIGGER,2D Doblada,22:30,,,,https://www.cinemark.com.ar/peliculas/digger
,Cinemark Hoyts,Alto Avellaneda,,COYOTE VS ACME,2D Doblada,13:30,,,,https://www.cinemark.com.ar/peliculas/coyote-vs-acme
,Cinemark Hoyts,Alto Avellaneda,,GUARDIANES DEL MUSEO 2,2D Doblada,13:40,,,,https://www.cinemark.com.ar/peliculas/guardianes-del-museo-2
,Cinemark Hoyts,Alto Avellaneda,,GUARDIANES DEL MUSEO 2,2D Doblada,15:50,,,,https://www.cinemark.com.ar/peliculas/guardianes-del-museo-2
,Cinemark Hoyts,Alto Avellaneda,,AVENGERS: ENDGAME (RE ESTRENO),2D Doblada,13:45,,,,https://www.cinemark.com.ar/peliculas/avengers-endgame-re-estreno
,Cinemark Hoyts,Alto Avellaneda,,AVENGERS: ENDGAME (RE ESTRENO),4D 3D IV Doblada,14:10,,,,https://www.cinemark.com.ar/peliculas/avengers-endgame-re-estreno
,Cinemark Hoyts,Alto Avellaneda,,AVENGERS: ENDGAME (RE ESTRENO),2D Doblada,17:30,,,,https://www.cinemark.com.ar/peliculas/avengers-endgame-re-estreno
,Cinemark Hoyts,Alto Avellaneda,,AVENGERS: ENDGAME (RE ESTRENO),4D 3D IV Doblada,18:00,,,,https://www.cinemark.com.ar/peliculas/avengers-endgame-re-estreno
,Cinemark Hoyts,Alto Avellaneda,,AVENGERS: ENDGAME (RE ESTRENO),2D Doblada,21:20,,,,https://www.cinemark.com.ar/peliculas/avengers-endgame-re-estreno
,Cinemark Hoyts,Alto Avellaneda,,AVENGERS: ENDGAME (RE ESTRENO),4D 3D IV Doblada,21:50,,,,https://www.cinemark.com.ar/peliculas/avengers-endgame-re-estreno
,Cinemark Hoyts,Alto Avellaneda,,VERITY: LA SOMBRA DE UN ENGAÑO,DBOX XD 2D Doblada,14:30,,,,https://www.cinemark.com.ar/peliculas/verity-la-sombra-de-un-engano
,Cinemark Hoyts,Alto Avellaneda,,VERITY: LA SOMBRA DE UN ENGAÑO,XD 2D Doblada,14:30,,,,https://www.cinemark.com.ar/peliculas/verity-la-sombra-de-un-engano
,Cinemark Hoyts,Alto Avellaneda,,VERITY: LA SOMBRA DE UN ENGAÑO,DBOX XD 2D Doblada,17:20,,,,https://www.cinemark.com.ar/peliculas/verity-la-sombra-de-un-engano
,Cinemark Hoyts,Alto Avellaneda,,VERITY: LA SOMBRA DE UN ENGAÑO,XD 2D Doblada,17:20,,,,https://www.cinemark.com.ar/peliculas/verity-la-sombra-de-un-engano
,Cinemark Hoyts,Alto Avellaneda,,VERITY: LA SOMBRA DE UN ENGAÑO,DBOX XD 2D Doblada,20:10,,,,https://www.cinemark.com.ar/peliculas/verity-la-sombra-de-un-engano
,Cinemark Hoyts,Alto Avellaneda,,VERITY: LA SOMBRA DE UN ENGAÑO,XD 2D Doblada,20:10,,,,https://www.cinemark.com.ar/peliculas/verity-la-sombra-de-un-engano
,Cinemark Hoyts,Alto Avellaneda,,VERITY: LA SOMBRA DE UN ENGAÑO,DBOX XD 2D Doblada,22:50,,,,https://www.cinemark.com.ar/peliculas/verity-la-sombra-de-un-engano
,Cinemark Hoyts,Alto Avellaneda,,VERITY: LA SOMBRA DE UN ENGAÑO,XD 2D Doblada,22:50,,,,https://www.cinemark.com.ar/peliculas/verity-la-sombra-de-un-engano
,Cinemark Hoyts,Alto Avellaneda,,EL CORAZÓN DE LA BESTIA,2D Doblada,15:30,,,,https://www.cinemark.com.ar/peliculas/el-corazon-de-la-bestia
,Cinemark Hoyts,Alto Avellaneda,,EL CORAZÓN DE LA BESTIA,2D Doblada,17:50,,,,https://www.cinemark.com.ar/peliculas/el-corazon-de-la-bestia
,Cinemark Hoyts,Alto Avellaneda,,EL CORAZÓN DE LA BESTIA,2D Doblada,20:10,,,,https://www.cinemark.com.ar/peliculas/el-corazon-de-la-bestia
,Cinemark Hoyts,Alto Avellaneda,,EL CORAZÓN DE LA BESTIA,2D Doblada,22:40,,,,https://www.cinemark.com.ar/peliculas/el-corazon-de-la-bestia
,Cinemark Hoyts,Alto Avellaneda,,LA NOCHE DEL DEMONIO 6,2D Doblada,16:00,,,,https://www.cinemark.com.ar/peliculas/la-noche-del-demonio-estan-entre-nosotros
,Cinemark Hoyts,Alto Avellaneda,,VÉRTIGO 2: PUNTO MUERTO,2D Doblada,18:00,,,,https://www.cinemark.com.ar/peliculas/vertigo-2-punto-muerto
,Cinemark Hoyts,Alto Avellaneda,,VÉRTIGO 2: PUNTO MUERTO,2D Doblada,23:00,,,,https://www.cinemark.com.ar/peliculas/vertigo-2-punto-muerto
,Cinemark Hoyts,Alto Avellaneda,,LA ODISEA,2D Doblada,18:30,,,,https://www.cinemark.com.ar/peliculas/la-odisea
,Cinemark Hoyts,Alto Avellaneda,,ESCONDIDA EN MI CABEZA,2D Doblada,20:30,,,,https://www.cinemark.com.ar/peliculas/escondida-en-mi-cabeza
,Cinemark Hoyts,Alto Avellaneda,,SPIDER-MAN: UN NUEVO DÍA,2D Doblada,22:10,,,,https://www.cinemark.com.ar/peliculas/spider-man-un-nuevo-dia
,Cinemark Hoyts,Moreno,,DIGGER,DBOX 2D Doblada,13:40,,,,https://www.cinemark.com.ar/peliculas/digger
,Cinemark Hoyts,Moreno,,DIGGER,2D Doblada,13:40,,,,https://www.cinemark.com.ar/peliculas/digger
,Cinemark Hoyts,Moreno,,DIGGER,DBOX 2D Doblada,16:40,,,,https://www.cinemark.com.ar/peliculas/digger
,Cinemark Hoyts,Moreno,,DIGGER,2D Doblada,16:40,,,,https://www.cinemark.com.ar/peliculas/digger
,Cinemark Hoyts,Moreno,,DIGGER,DBOX 2D Subtitulada,19:30,,,,https://www.cinemark.com.ar/peliculas/digger
,Cinemark Hoyts,Moreno,,DIGGER,2D Subtitulada,19:30,,,,https://www.cinemark.com.ar/peliculas/digger
,Cinemark Hoyts,Moreno,,DIGGER,DBOX 2D Doblada,22:20,,,,https://www.cinemark.com.ar/peliculas/digger
,Cinemark Hoyts,Moreno,,DIGGER,2D Doblada,22:20,,,,https://www.cinemark.com.ar/peliculas/digger
,Cinemark Hoyts,Moreno,,VERITY: LA SOMBRA DE UN ENGAÑO,DBOX 2D Doblada,14:30,,,,https://www.cinemark.com.ar/peliculas/verity-la-sombra-de-un-engano
,Cinemark Hoyts,Moreno,,VERITY: LA SOMBRA DE UN ENGAÑO,2D Doblada,14:30,,,,https://www.cinemark.com.ar/peliculas/verity-la-sombra-de-un-engano
,Cinemark Hoyts,Moreno,,VERITY: LA SOMBRA DE UN ENGAÑO,DBOX 2D Doblada,17:10,,,,https://www.cinemark.com.ar/peliculas/verity-la-sombra-de-un-engano
,Cinemark Hoyts,Moreno,,VERITY: LA SOMBRA DE UN ENGAÑO,2D Doblada,17:10,,,,https://www.cinemark.com.ar/peliculas/verity-la-sombra-de-un-engano
,Cinemark Hoyts,Moreno,,VERITY: LA SOMBRA DE UN ENGAÑO,DBOX 2D Doblada,19:50,,,,https://www.cinemark.com.ar/peliculas/verity-la-sombra-de-un-engano
,Cinemark Hoyts,Moreno,,VERITY: LA SOMBRA DE UN ENGAÑO,2D Doblada,19:50,,,,https://www.cinemark.com.ar/peliculas/verity-la-sombra-de-un-engano
,Cinemark Hoyts,Moreno,,VERITY: LA SOMBRA DE UN ENGAÑO,DBOX 2D Doblada,22:30,,,,https://www.cinemark.com.ar/peliculas/verity-la-sombra-de-un-engano
,Cinemark Hoyts,Moreno,,VERITY: LA SOMBRA DE UN ENGAÑO,2D Doblada,22:30,,,,https://www.cinemark.com.ar/peliculas/verity-la-sombra-de-un-engano
,Cinemark Hoyts,Quilmes,,DIGGER,2D Doblada,13:40,,,,https://www.cinemark.com.ar/peliculas/digger
,Cinemark Hoyts,Quilmes,,DIGGER,2D Doblada,16:50,,,,https://www.cinemark.com.ar/peliculas/digger
,Cinemark Hoyts,Quilmes,,DIGGER,2D Doblada,19:40,,,,https://www.cinemark.com.ar/peliculas/digger
,Cinemark Hoyts,Quilmes,,DIGGER,2D Subtitulada,22:30,,,,https://www.cinemark.com.ar/peliculas/digger
,Cinemark Hoyts,Quilmes,,VERITY: LA SOMBRA DE UN ENGAÑO,2D Doblada,13:50,,,,https://www.cinemark.com.ar/peliculas/verity-la-sombra-de-un-engano
,Cinemark Hoyts,Quilmes,,VERITY: LA SOMBRA DE UN ENGAÑO,2D Doblada,16:30,,,,https://www.cinemark.com.ar/peliculas/verity-la-sombra-de-un-engano
,Cinemark Hoyts,Quilmes,,VERITY: LA SOMBRA DE UN ENGAÑO,2D Doblada,19:20,,,,https://www.cinemark.com.ar/peliculas/verity-la-sombra-de-un-engano
,Cinemark Hoyts,Quilmes,,VERITY: LA SOMBRA DE UN ENGAÑO,2D Doblada,22:00,,,,https://www.cinemark.com.ar/peliculas/verity-la-sombra-de-un-engano
,Cinemark Hoyts,Quilmes,,PMMM: WALPURGISNACHT RISING,2D Subtitulada,17:00,,,,https://www.cinemark.com.ar/peliculas/puella-magi-madoka-magica-walpurgisnacht-rising
