zona,cadena,cine,direccion,pelicula,formato,horario,precio_general,precio_jubilado,precio_menor,url_pelicula
GBA Norte,Cinemark Hoyts,Hoyts Unicenter,"Paraná 3745, Unicenter Shopping",Avengers: Endgame (re Estreno),2D Doblada,14:10,,,,https://www.cinemark.com.ar/peliculas/avengers-endgame-re-estreno
GBA Norte,Cinemark Hoyts,Hoyts Unicenter,"Paraná 3745, Unicenter Shopping",Avengers: Endgame (re Estreno),DBOX 2D Doblada,14:10,,,,https://www.cinemark.com.ar/peliculas/avengers-endgame-re-estreno
GBA Norte,Cinemark Hoyts,Hoyts Unicenter,"Paraná 3745, Unicenter Shopping",Avengers: Endgame (re Estreno),4D 3D IV Subtitulada,14:30,,,,https://www.cinemark.com.ar/peliculas/avengers-endgame-re-estreno
GBA Norte,Cinemark Hoyts,Hoyts Unicenter,"Paraná 3745, Unicenter Shopping",Avengers: Endgame (re Estreno),2D Doblada,18:00,,,,https://www.cinemark.com.ar/peliculas/avengers-endgame-re-estreno
GBA Norte,Cinemark Hoyts,Hoyts Unicenter,"Paraná 3745, Unicenter Shopping",Avengers: Endgame (re Estreno),DBOX 2D Doblada,18:00,,,,https://www.cinemark.com.ar/peliculas/avengers-endgame-re-estreno
GBA Norte,Cinemark Hoyts,Hoyts Unicenter,"Paraná 3745, Unicenter Shopping",Avengers: Endgame (re Estreno),4D 3D IV Doblada,18:30,,,,https://www.cinemark.com.ar/peliculas/avengers-endgame-re-estreno
GBA Norte,Cinemark Hoyts,Hoyts Unicenter,"Paraná 3745, Unicenter Shopping",Avengers: Endgame (re Estreno),PREMIER 2D Subtitulada,21:30,,,,https://www.cinemark.com.ar/peliculas/avengers-endgame-re-estreno
GBA Norte,Cinemark Hoyts,Hoyts Unicenter,"Paraná 3745, Unicenter Shopping",Avengers: Endgame (re Estreno),2D Subtitulada,22:00,,,,https://www.cinemark.com.ar/peliculas/avengers-endgame-re-estreno
GBA Norte,Cinemark Hoyts,Hoyts Unicenter,"Paraná 3745, Unicenter Shopping",Avengers: Endgame (re Estreno),DBOX 2D Subtitulada,22:00,,,,https://www.cinemark.com.ar/peliculas/avengers-endgame-re-estreno
GBA Norte,Cinemark Hoyts,Hoyts Unicenter,"Paraná 3745, Unicenter Shopping",Avengers: Endgame (re Estreno),4D 3D IV Subtitulada,22:30,,,,https://www.cinemark.com.ar/peliculas/avengers-endgame-re-estreno
GBA Norte,Cinemark Hoyts,Hoyts Unicenter,"Paraná 3745, Unicenter Shopping",Avengers: Endgame (re Estreno),PREMIER 2D Subtitulada,22:30,,,,https://www.cinemark.com.ar/peliculas/avengers-endgame-re-estreno
GBA Norte,Cinemark Hoyts,Hoyts Unicenter,"Paraná 3745, Unicenter Shopping",Bajo tus pies,2D Doblada,17:10,,,,https://www.cinemark.com.ar/peliculas/bajo-tus-pies
GBA Norte,Cinemark Hoyts,Hoyts Unicenter,"Paraná 3745, Unicenter Shopping",Bajo tus pies,2D Doblada,22:20,,,,https://www.cinemark.com.ar/peliculas/bajo-tus-pies
GBA Norte,Cinemark Hoyts,Hoyts Unicenter,"Paraná 3745, Unicenter Shopping",Coyote vs. Acme,2D Doblada,12:00,,,,https://www.cinemark.com.ar/peliculas/coyote-vs-acme
GBA Norte,Cinemark Hoyts,Hoyts Unicenter,"Paraná 3745, Unicenter Shopping",Coyote vs. Acme,2D Doblada,14:25,,,,https://www.cinemark.com.ar/peliculas/coyote-vs-acme
GBA Norte,Cinemark Hoyts,Hoyts Unicenter,"Paraná 3745, Unicenter Shopping",Coyote vs. Acme,2D Doblada,16:55,,,,https://www.cinemark.com.ar/peliculas/coyote-vs-acme
GBA Norte,Cinemark Hoyts,Hoyts Unicenter,"Paraná 3745, Unicenter Shopping",Coyote vs. Acme,2D Doblada,19:30,,,,https://www.cinemark.com.ar/peliculas/coyote-vs-acme
GBA Norte,Cinemark Hoyts,Hoyts Unicenter,"Paraná 3745, Unicenter Shopping",El corazón de la bestia,2D Doblada,13:00,,,,https://www.cinemark.com.ar/peliculas/el-corazon-de-la-bestia
GBA Norte,Cinemark Hoyts,Hoyts Unicenter,"Paraná 3745, Unicenter Shopping",El corazón de la bestia,2D Doblada,15:10,,,,https://www.cinemark.com.ar/peliculas/el-corazon-de-la-bestia
GBA Norte,Cinemark Hoyts,Hoyts Unicenter,"Paraná 3745, Unicenter Shopping",El corazón de la bestia,2D Subtitulada,17:35,,,,https://www.cinemark.com.ar/peliculas/el-corazon-de-la-bestia
GBA Norte,Cinemark Hoyts,Hoyts Unicenter,"Paraná 3745, Unicenter Shopping",El corazón de la bestia,2D Subtitulada,20:00,,,,https://www.cinemark.com.ar/peliculas/el-corazon-de-la-bestia
GBA Norte,Cinemark Hoyts,Hoyts Unicenter,"Paraná 3745, Unicenter Shopping",El corazón de la bestia,2D Subtitulada,21:50,,,,https://www.cinemark.com.ar/peliculas/el-corazon-de-la-bestia
GBA Norte,Cinemark Hoyts,Hoyts Unicenter,"Paraná 3745, Unicenter Shopping",El corazón de la bestia,2D Subtitulada,22:15,,,,https://www.cinemark.com.ar/peliculas/el-corazon-de-la-bestia
GBA Norte,Cinemark Hoyts,Hoyts Unicenter,"Paraná 3745, Unicenter Shopping",El último gran golpe,2D Subtitulada,12:50,,,,https://www.cinemark.com.ar/peliculas/el-ultimo-gran-golpe
GBA Norte,Cinemark Hoyts,Hoyts Unicenter,"Paraná 3745, Unicenter Shopping",El último gran golpe,2D Subtitulada,17:50,,,,https://www.cinemark.com.ar/peliculas/el-ultimo-gran-golpe
GBA Norte,Cinemark Hoyts,Hoyts Unicenter,"Paraná 3745, Unicenter Shopping",El último gran golpe,2D Subtitulada,23:00,,,,https://www.cinemark.com.ar/peliculas/el-ultimo-gran-golpe
GBA Norte,Cinemark Hoyts,Hoyts Unicenter,"Paraná 3745, Unicenter Shopping",Encantador,2D Doblada,15:20,,,,https://www.cinemark.com.ar/peliculas/encantador
GBA Norte,Cinemark Hoyts,Hoyts Unicenter,"Paraná 3745, Unicenter Shopping",Encantador,2D Doblada,20:20,,,,https://www.cinemark.com.ar/peliculas/encantador
GBA Norte,Cinemark Hoyts,Hoyts Unicenter,"Paraná 3745, Unicenter Shopping",Hechizo de amor: La magia continúa,2D Subtitulada,14:45,,,,https://www.cinemark.com.ar/peliculas/hechizo-de-amor-la-magia-continua
GBA Norte,Cinemark Hoyts,Hoyts Unicenter,"Paraná 3745, Unicenter Shopping",Hechizo de amor: La magia continúa,2D Doblada,19:40,,,,https://www.cinemark.com.ar/peliculas/hechizo-de-amor-la-magia-continua
GBA Norte,Cinemark Hoyts,Hoyts Unicenter,"Paraná 3745, Unicenter Shopping",La isla olvidada,2D Doblada,12:20,,,,https://www.cinemark.com.ar/peliculas/la-isla-olvidada
GBA Norte,Cinemark Hoyts,Hoyts Unicenter,"Paraná 3745, Unicenter Shopping",La isla olvidada,3D Doblada,14:40,,,,https://www.cinemark.com.ar/peliculas/la-isla-olvidada
GBA Norte,Cinemark Hoyts,Hoyts Unicenter,"Paraná 3745, Unicenter Shopping",La isla olvidada,2D Doblada,17:00,,,,https://www.cinemark.com.ar/peliculas/la-isla-olvidada
GBA Norte,Cinemark Hoyts,Hoyts Unicenter,"Paraná 3745, Unicenter Shopping",La isla olvidada,2D Doblada,19:20,,,,https://www.cinemark.com.ar/peliculas/la-isla-olvidada
GBA Norte,Cinemark Hoyts,Hoyts Unicenter,"Paraná 3745, Unicenter Shopping",La isla olvidada,2D Doblada,21:40,,,,https://www.cinemark.com.ar/peliculas/la-isla-olvidada
GBA Norte,Cinemark Hoyts,Hoyts Unicenter,"Paraná 3745, Unicenter Shopping",La Noche del Demonio 6,2D Subtitulada,15:40,,,,https://www.cinemark.com.ar/peliculas/la-noche-del-demonio-estan-entre-nosotros
GBA Norte,Cinemark Hoyts,Hoyts Unicenter,"Paraná 3745, Unicenter Shopping",La Noche del Demonio 6,2D Subtitulada,22:40,,,,https://www.cinemark.com.ar/peliculas/la-noche-del-demonio-estan-entre-nosotros
GBA Norte,Cinemark Hoyts,Hoyts Unicenter,"Paraná 3745, Unicenter Shopping",La Odisea,2D Doblada,14:00,,,,https://www.cinemark.com.ar/peliculas/la-odisea
GBA Norte,Cinemark Hoyts,Hoyts Unicenter,"Paraná 3745, Unicenter Shopping",La Odisea,PREMIER 2D Subtitulada,14:00,,,,https://www.cinemark.com.ar/peliculas/la-odisea
GBA Norte,Cinemark Hoyts,Hoyts Unicenter,"Paraná 3745, Unicenter Shopping",La Odisea,2D Subtitulada,17:30,,,,https://www.cinemark.com.ar/peliculas/la-odisea
GBA Norte,Cinemark Hoyts,Hoyts Unicenter,"Paraná 3745, Unicenter Shopping",La Odisea,PREMIER 2D Subtitulada,18:00,,,,https://www.cinemark.com.ar/peliculas/la-odisea
GBA Norte,Cinemark Hoyts,Hoyts Unicenter,"Paraná 3745, Unicenter Shopping",La Odisea,2D Subtitulada,21:00,,,,https://www.cinemark.com.ar/peliculas/la-odisea
GBA Norte,Cinemark Hoyts,Hoyts Unicenter,"Paraná 3745, Unicenter Shopping",La Odisea,2D Subtitulada,22:30,,,,https://www.cinemark.com.ar/peliculas/la-odisea
GBA Norte,Cinemark Hoyts,Hoyts Unicenter,"Paraná 3745, Unicenter Shopping",LINKIN PARK: UNSHATTER,2D Subtitulada,20:00,,,,https://www.cinemark.com.ar/peliculas/linkin-park-unshatter
GBA Norte,Cinemark Hoyts,Hoyts Unicenter,"Paraná 3745, Unicenter Shopping",PAW Patrol: La Dino Película,2D Doblada,12:55,,,,https://www.cinemark.com.ar/peliculas/paw-patrol-la-dino-pelicula
GBA Norte,Cinemark Hoyts,Hoyts Unicenter,"Paraná 3745, Unicenter Shopping",PAW Patrol: La Dino Película,2D Doblada,15:00,,,,https://www.cinemark.com.ar/peliculas/paw-patrol-la-dino-pelicula
GBA Norte,Cinemark Hoyts,Hoyts Unicenter,"Paraná 3745, Unicenter Shopping",Pepita la Pistolera,2D Doblada,12:20,,,,https://www.cinemark.com.ar/peliculas/pepita-la-pistolera
GBA Norte,Cinemark Hoyts,Hoyts Unicenter,"Paraná 3745, Unicenter Shopping",Pepita la Pistolera,2D Doblada,17:35,,,,https://www.cinemark.com.ar/peliculas/pepita-la-pistolera
GBA Norte,Cinemark Hoyts,Hoyts Unicenter,"Paraná 3745, Unicenter Shopping",Resident Evil: Noche Cero,2D Doblada,12:45,,,,https://www.cinemark.com.ar/peliculas/resident-evil-noche-cero
GBA Norte,Cinemark Hoyts,Hoyts Unicenter,"Paraná 3745, Unicenter Shopping",Resident Evil: Noche Cero,DBOX 2D Doblada,12:45,,,,https://www.cinemark.com.ar/peliculas/resident-evil-noche-cero
GBA Norte,Cinemark Hoyts,Hoyts Unicenter,"Paraná 3745, Unicenter Shopping",Resident Evil: Noche Cero,2D Subtitulada,13:45,,,,https://www.cinemark.com.ar/peliculas/resident-evil-noche-cero
GBA Norte,Cinemark Hoyts,Hoyts Unicenter,"Paraná 3745, Unicenter Shopping",Resident Evil: Noche Cero,DBOX 2D Subtitulada,13:45,,,,https://www.cinemark.com.ar/peliculas/resident-evil-noche-cero
GBA Norte,Cinemark Hoyts,Hoyts Unicenter,"Paraná 3745, Unicenter Shopping",Resident Evil: Noche Cero,2D Doblada,14:45,,,,https://www.cinemark.com.ar/peliculas/resident-evil-noche-cero
GBA Norte,Cinemark Hoyts,Hoyts Unicenter,"Paraná 3745, Unicenter Shopping",Resident Evil: Noche Cero,DBOX 2D Doblada,14:45,,,,https://www.cinemark.com.ar/peliculas/resident-evil-noche-cero
GBA Norte,Cinemark Hoyts,Hoyts Unicenter,"Paraná 3745, Unicenter Shopping",Resident Evil: Noche Cero,2D Subtitulada,15:45,,,,https://www.cinemark.com.ar/peliculas/resident-evil-noche-cero
GBA Norte,Cinemark Hoyts,Hoyts Unicenter,"Paraná 3745, Unicenter Shopping",Resident Evil: Noche Cero,DBOX 2D Subtitulada,15:45,,,,https://www.cinemark.com.ar/peliculas/resident-evil-noche-cero
GBA Norte,Cinemark Hoyts,Hoyts Unicenter,"Paraná 3745, Unicenter Shopping",Resident Evil: Noche Cero,2D Doblada,16:45,,,,https://www.cinemark.com.ar/peliculas/resident-evil-noche-cero
GBA Norte,Cinemark Hoyts,Hoyts Unicenter,"Paraná 3745, Unicenter Shopping",Resident Evil: Noche Cero,DBOX 2D Doblada,16:45,,,,https://www.cinemark.com.ar/peliculas/resident-evil-noche-cero
GBA Norte,Cinemark Hoyts,Hoyts Unicenter,"Paraná 3745, Unicenter Shopping",Resident Evil: Noche Cero,2D Subtitulada,17:45,,,,https://www.cinemark.com.ar/peliculas/resident-evil-noche-cero
GBA Norte,Cinemark Hoyts,Hoyts Unicenter,"Paraná 3745, Unicenter Shopping",Resident Evil: Noche Cero,DBOX 2D Subtitulada,17:45,,,,https://www.cinemark.com.ar/peliculas/resident-evil-noche-cero
GBA Norte,Cinemark Hoyts,Hoyts Unicenter,"Paraná 3745, Unicenter Shopping",Resident Evil: Noche Cero,2D Doblada,19:10,,,,https://www.cinemark.com.ar/peliculas/resident-evil-noche-cero
GBA Norte,Cinemark Hoyts,Hoyts Unicenter,"Paraná 3745, Unicenter Shopping",Resident Evil: Noche Cero,DBOX 2D Doblada,19:10,,,,https://www.cinemark.com.ar/peliculas/resident-evil-noche-cero
GBA Norte,Cinemark Hoyts,Hoyts Unicenter,"Paraná 3745, Unicenter Shopping",Resident Evil: Noche Cero,2D Subtitulada,19:40,,,,https://www.cinemark.com.ar/peliculas/resident-evil-noche-cero
GBA Norte,Cinemark Hoyts,Hoyts Unicenter,"Paraná 3745, Unicenter Shopping",Resident Evil: Noche Cero,DBOX 2D Subtitulada,19:40,,,,https://www.cinemark.com.ar/peliculas/resident-evil-noche-cero
GBA Norte,Cinemark Hoyts,Hoyts Unicenter,"Paraná 3745, Unicenter Shopping",Resident Evil: Noche Cero,2D Doblada,21:10,,,,https://www.cinemark.com.ar/peliculas/resident-evil-noche-cero
GBA Norte,Cinemark Hoyts,Hoyts Unicenter,"Paraná 3745, Unicenter Shopping",Resident Evil: Noche Cero,DBOX 2D Doblada,21:10,,,,https://www.cinemark.com.ar/peliculas/resident-evil-noche-cero
GBA Norte,Cinemark Hoyts,Hoyts Unicenter,"Paraná 3745, Unicenter Shopping",Resident Evil: Noche Cero,2D Subtitulada,21:35,,,,https://www.cinemark.com.ar/peliculas/resident-evil-noche-cero
GBA Norte,Cinemark Hoyts,Hoyts Unicenter,"Paraná 3745, Unicenter Shopping",Resident Evil: Noche Cero,DBOX 2D Subtitulada,21:35,,,,https://www.cinemark.com.ar/peliculas/resident-evil-noche-cero
GBA Norte,Cinemark Hoyts,Hoyts Unicenter,"Paraná 3745, Unicenter Shopping",Resident Evil: Noche Cero,2D Subtitulada,22:45,,,,https://www.cinemark.com.ar/peliculas/resident-evil-noche-cero
GBA Norte,Cinemark Hoyts,Hoyts Unicenter,"Paraná 3745, Unicenter Shopping",Resident Evil: Noche Cero,2D Doblada,23:10,,,,https://www.cinemark.com.ar/peliculas/resident-evil-noche-cero
GBA Norte,Cinemark Hoyts,Hoyts Unicenter,"Paraná 3745, Unicenter Shopping",Resident Evil: Noche Cero,DBOX 2D Doblada,23:10,,,,https://www.cinemark.com.ar/peliculas/resident-evil-noche-cero
GBA Norte,Cinemark Hoyts,Hoyts Unicenter,"Paraná 3745, Unicenter Shopping",Spider-Man: Un nuevo día,PREMIER 2D Subtitulada,12:10,,,,https://www.cinemark.com.ar/peliculas/spider-man-un-nuevo-dia
GBA Norte,Cinemark Hoyts,Hoyts Unicenter,"Paraná 3745, Unicenter Shopping",Spider-Man: Un nuevo día,2D Doblada,12:40,,,,https://www.cinemark.com.ar/peliculas/spider-man-un-nuevo-dia
GBA Norte,Cinemark Hoyts,Hoyts Unicenter,"Paraná 3745, Unicenter Shopping",Spider-Man: Un nuevo día,PREMIER 2D Subtitulada,15:20,,,,https://www.cinemark.com.ar/peliculas/spider-man-un-nuevo-dia
GBA Norte,Cinemark Hoyts,Hoyts Unicenter,"Paraná 3745, Unicenter Shopping",Spider-Man: Un nuevo día,2D Subtitulada,15:50,,,,https://www.cinemark.com.ar/peliculas/spider-man-un-nuevo-dia
GBA Norte,Cinemark Hoyts,Hoyts Unicenter,"Paraná 3745, Unicenter Shopping",Spider-Man: Un nuevo día,PREMIER 2D Subtitulada,18:30,,,,https://www.cinemark.com.ar/peliculas/spider-man-un-nuevo-dia
GBA Norte,Cinemark Hoyts,Hoyts Unicenter,"Paraná 3745, Unicenter Shopping",Spider-Man: Un nuevo día,3D Subtitulada,19:00,,,,https://www.cinemark.com.ar/peliculas/spider-man-un-nuevo-dia
GBA Norte,Cinemark Hoyts,Hoyts Unicenter,"Paraná 3745, Unicenter Shopping",Spider-Man: Un nuevo día,2D Doblada,19:20,,,,https://www.cinemark.com.ar/peliculas/spider-man-un-nuevo-dia
GBA Norte,Cinemark Hoyts,Hoyts Unicenter,"Paraná 3745, Unicenter Shopping",Spider-Man: Un nuevo día,2D Subtitulada,22:10,,,,https://www.cinemark.com.ar/peliculas/spider-man-un-nuevo-dia
GBA Norte,Cinemark Hoyts,Hoyts Unicenter,"Paraná 3745, Unicenter Shopping",Toy Story 5,2D Doblada,12:30,,,,https://www.cinemark.com.ar/peliculas/toy-story-5
GBA Norte,Cinemark Hoyts,Hoyts Unicenter,"Paraná 3745, Unicenter Shopping",Toy Story 5,2D Doblada,14:35,,,,https://www.cinemark.com.ar/peliculas/toy-story-5
GBA Norte,Cinemark Hoyts,Hoyts Unicenter,"Paraná 3745, Unicenter Shopping",Toy Story 5,2D Doblada,16:50,,,,https://www.cinemark.com.ar/peliculas/toy-story-5
GBA Norte,Cinemark Hoyts,Hoyts Unicenter,"Paraná 3745, Unicenter Shopping",Yo Narciso,2D Doblada,13:10,,,,https://www.cinemark.com.ar/peliculas/yo-narciso
GBA Norte,Cinemark Hoyts,Hoyts Unicenter,"Paraná 3745, Unicenter Shopping",Yo Narciso,2D Doblada,18:10,,,,https://www.cinemark.com.ar/peliculas/yo-narciso
GBA Norte,Cinemark Hoyts,Hoyts Unicenter,"Paraná 3745, Unicenter Shopping",Yo Narciso,2D Doblada,20:30,,,,https://www.cinemark.com.ar/peliculas/yo-narciso
GBA Sur,Cinemark Hoyts,Hoyts Temperley,Av. Hipólito Yrigoyen 10.700,Avengers: Endgame (re Estreno),DBOX XD 2D IV Doblada,14:00,,,,https://www.cinemark.com.ar/peliculas/avengers-endgame-re-estreno
GBA Sur,Cinemark Hoyts,Hoyts Temperley,Av. Hipólito Yrigoyen 10.700,Avengers: Endgame (re Estreno),XD 2D IV Doblada,14:00,,,,https://www.cinemark.com.ar/peliculas/avengers-endgame-re-estreno
GBA Sur,Cinemark Hoyts,Hoyts Temperley,Av. Hipólito Yrigoyen 10.700,Avengers: Endgame (re Estreno),4D 3D IV Doblada,14:30,,,,https://www.cinemark.com.ar/peliculas/avengers-endgame-re-estreno
GBA Sur,Cinemark Hoyts,Hoyts Temperley,Av. Hipólito Yrigoyen 10.700,Avengers: Endgame (re Estreno),DBOX XD 3D IV Doblada,18:00,,,,https://www.cinemark.com.ar/peliculas/avengers-endgame-re-estreno
GBA Sur,Cinemark Hoyts,Hoyts Temperley,Av. Hipólito Yrigoyen 10.700,Avengers: Endgame (re Estreno),XD 3D IV Doblada,18:00,,,,https://www.cinemark.com.ar/peliculas/avengers-endgame-re-estreno
GBA Sur,Cinemark Hoyts,Hoyts Temperley,Av. Hipólito Yrigoyen 10.700,Avengers: Endgame (re Estreno),4D 3D IV Doblada,18:30,,,,https://www.cinemark.com.ar/peliculas/avengers-endgame-re-estreno
GBA Sur,Cinemark Hoyts,Hoyts Temperley,Av. Hipólito Yrigoyen 10.700,Avengers: Endgame (re Estreno),DBOX XD 2D IV Doblada,22:00,,,,https://www.cinemark.com.ar/peliculas/avengers-endgame-re-estreno
GBA Sur,Cinemark Hoyts,Hoyts Temperley,Av. Hipólito Yrigoyen 10.700,Avengers: Endgame (re Estreno),XD 2D IV Doblada,22:00,,,,https://www.cinemark.com.ar/peliculas/avengers-endgame-re-estreno
GBA Sur,Cinemark Hoyts,Hoyts Temperley,Av. Hipólito Yrigoyen 10.700,Avengers: Endgame (re Estreno),4D 3D IV Doblada,22:30,,,,https://www.cinemark.com.ar/peliculas/avengers-endgame-re-estreno
GBA Sur,Cinemark Hoyts,Hoyts Temperley,Av. Hipólito Yrigoyen 10.700,Coyote vs. Acme,2D Doblada,12:30,,,,https://www.cinemark.com.ar/peliculas/coyote-vs-acme
GBA Sur,Cinemark Hoyts,Hoyts Temperley,Av. Hipólito Yrigoyen 10.700,Coyote vs. Acme,2D Doblada,15:00,,,,https://www.cinemark.com.ar/peliculas/coyote-vs-acme
GBA Sur,Cinemark Hoyts,Hoyts Temperley,Av. Hipólito Yrigoyen 10.700,Coyote vs. Acme,2D Doblada,17:40,,,,https://www.cinemark.com.ar/peliculas/coyote-vs-acme
GBA Sur,Cinemark Hoyts,Hoyts Temperley,Av. Hipólito Yrigoyen 10.700,El corazón de la bestia,2D Doblada,12:15,,,,https://www.cinemark.com.ar/peliculas/el-corazon-de-la-bestia
GBA Sur,Cinemark Hoyts,Hoyts Temperley,Av. Hipólito Yrigoyen 10.700,El corazón de la bestia,2D Doblada,14:50,,,,https://www.cinemark.com.ar/peliculas/el-corazon-de-la-bestia
GBA Sur,Cinemark Hoyts,Hoyts Temperley,Av. Hipólito Yrigoyen 10.700,El corazón de la bestia,2D Doblada,17:30,,,,https://www.cinemark.com.ar/peliculas/el-corazon-de-la-bestia
GBA Sur,Cinemark Hoyts,Hoyts Temperley,Av. Hipólito Yrigoyen 10.700,El corazón de la bestia,2D Doblada,20:15,,,,https://www.cinemark.com.ar/peliculas/el-corazon-de-la-bestia
GBA Sur,Cinemark Hoyts,Hoyts Temperley,Av. Hipólito Yrigoyen 10.700,El corazón de la bestia,2D Doblada,22:45,,,,https://www.cinemark.com.ar/peliculas/el-corazon-de-la-bestia
GBA Sur,Cinemark Hoyts,Hoyts Temperley,Av. Hipólito Yrigoyen 10.700,El último gran golpe,2D Doblada,16:00,,,,https://www.cinemark.com.ar/peliculas/el-ultimo-gran-golpe
GBA Sur,Cinemark Hoyts,Hoyts Temperley,Av. Hipólito Yrigoyen 10.700,El último gran golpe,2D Doblada,22:10,,,,https://www.cinemark.com.ar/peliculas/el-ultimo-gran-golpe
GBA Sur,Cinemark Hoyts,Hoyts Temperley,Av. Hipólito Yrigoyen 10.700,La isla olvidada,2D Doblada,14:10,,,,https://www.cinemark.com.ar/peliculas/la-isla-olvidada
GBA Sur,Cinemark Hoyts,Hoyts Temperley,Av. Hipólito Yrigoyen 10.700,La isla olvidada,DBOX 2D Doblada,14:10,,,,https://www.cinemark.com.ar/peliculas/la-isla-olvidada
GBA Sur,Cinemark Hoyts,Hoyts Temperley,Av. Hipólito Yrigoyen 10.700,La isla olvidada,2D Doblada,17:00,,,,https://www.cinemark.com.ar/peliculas/la-isla-olvidada
GBA Sur,Cinemark Hoyts,Hoyts Temperley,Av. Hipólito Yrigoyen 10.700,La isla olvidada,DBOX 2D Doblada,17:00,,,,https://www.cinemark.com.ar/peliculas/la-isla-olvidada
GBA Sur,Cinemark Hoyts,Hoyts Temperley,Av. Hipólito Yrigoyen 10.700,La isla olvidada,2D Doblada,19:50,,,,https://www.cinemark.com.ar/peliculas/la-isla-olvidada
GBA Sur,Cinemark Hoyts,Hoyts Temperley,Av. Hipólito Yrigoyen 10.700,La isla olvidada,DBOX 2D Doblada,19:50,,,,https://www.cinemark.com.ar/peliculas/la-isla-olvidada
GBA Sur,Cinemark Hoyts,Hoyts Temperley,Av. Hipólito Yrigoyen 10.700,La Noche del Demonio 6,2D Doblada,20:20,,,,https://www.cinemark.com.ar/peliculas/la-noche-del-demonio-estan-entre-nosotros
GBA Sur,Cinemark Hoyts,Hoyts Temperley,Av. Hipólito Yrigoyen 10.700,La Noche del Demonio 6,2D Doblada,22:50,,,,https://www.cinemark.com.ar/peliculas/la-noche-del-demonio-estan-entre-nosotros
GBA Sur,Cinemark Hoyts,Hoyts Temperley,Av. Hipólito Yrigoyen 10.700,La Odisea,2D Doblada,22:20,,,,https://www.cinemark.com.ar/peliculas/la-odisea
GBA Sur,Cinemark Hoyts,Hoyts Temperley,Av. Hipólito Yrigoyen 10.700,La Odisea,DBOX 2D Doblada,22:20,,,,https://www.cinemark.com.ar/peliculas/la-odisea
GBA Sur,Cinemark Hoyts,Hoyts Temperley,Av. Hipólito Yrigoyen 10.700,Resident Evil: Noche Cero,2D Doblada,12:00,,,,https://www.cinemark.com.ar/peliculas/resident-evil-noche-cero
GBA Sur,Cinemark Hoyts,Hoyts Temperley,Av. Hipólito Yrigoyen 10.700,Resident Evil: Noche Cero,DBOX 2D Doblada,12:00,,,,https://www.cinemark.com.ar/peliculas/resident-evil-noche-cero
GBA Sur,Cinemark Hoyts,Hoyts Temperley,Av. Hipólito Yrigoyen 10.700,Resident Evil: Noche Cero,2D Doblada,13:00,,,,https://www.cinemark.com.ar/peliculas/resident-evil-noche-cero
GBA Sur,Cinemark Hoyts,Hoyts Temperley,Av. Hipólito Yrigoyen 10.700,Resident Evil: Noche Cero,2D Doblada,14:15,,,,https://www.cinemark.com.ar/peliculas/resident-evil-noche-cero
GBA Sur,Cinemark Hoyts,Hoyts Temperley,Av. Hipólito Yrigoyen 10.700,Resident Evil: Noche Cero,DBOX 2D Doblada,14:15,,,,https://www.cinemark.com.ar/peliculas/resident-evil-noche-cero
GBA Sur,Cinemark Hoyts,Hoyts Temperley,Av. Hipólito Yrigoyen 10.700,Resident Evil: Noche Cero,2D Doblada,15:15,,,,https://www.cinemark.com.ar/peliculas/resident-evil-noche-cero
GBA Sur,Cinemark Hoyts,Hoyts Temperley,Av. Hipólito Yrigoyen 10.700,Resident Evil: Noche Cero,2D Doblada,16:40,,,,https://www.cinemark.com.ar/peliculas/resident-evil-noche-cero
GBA Sur,Cinemark Hoyts,Hoyts Temperley,Av. Hipólito Yrigoyen 10.700,Resident Evil: Noche Cero,DBOX 2D Doblada,16:40,,,,https://www.cinemark.com.ar/peliculas/resident-evil-noche-cero
GBA Sur,Cinemark Hoyts,Hoyts Temperley,Av. Hipólito Yrigoyen 10.700,Resident Evil: Noche Cero,2D Doblada,17:40,,,,https://www.cinemark.com.ar/peliculas/resident-evil-noche-cero
GBA Sur,Cinemark Hoyts,Hoyts Temperley,Av. Hipólito Yrigoyen 10.700,Resident Evil: Noche Cero,2D Doblada,19:10,,,,https://www.cinemark.com.ar/peliculas/resident-evil-noche-cero
GBA Sur,Cinemark Hoyts,Hoyts Temperley,Av. Hipólito Yrigoyen 10.700,Resident Evil: Noche Cero,DBOX 2D Doblada,19:10,,,,https://www.cinemark.com.ar/peliculas/resident-evil-noche-cero
GBA Sur,Cinemark Hoyts,Hoyts Temperley,Av. Hipólito Yrigoyen 10.700,Resident Evil: Noche Cero,2D Doblada,20:10,,,,https://www.cinemark.com.ar/peliculas/resident-evil-noche-cero
GBA Sur,Cinemark Hoyts,Hoyts Temperley,Av. Hipólito Yrigoyen 10.700,Resident Evil: Noche Cero,2D Doblada,21:30,,,,https://www.cinemark.com.ar/peliculas/resident-evil-noche-cero
GBA Sur,Cinemark Hoyts,Hoyts Temperley,Av. Hipólito Yrigoyen 10.700,Resident Evil: Noche Cero,DBOX 2D Doblada,21:30,,,,https://www.cinemark.com.ar/peliculas/resident-evil-noche-cero
GBA Sur,Cinemark Hoyts,Hoyts Temperley,Av. Hipólito Yrigoyen 10.700,Resident Evil: Noche Cero,2D Doblada,22:30,,,,https://www.cinemark.com.ar/peliculas/resident-evil-noche-cero
GBA Sur,Cinemark Hoyts,Hoyts Temperley,Av. Hipólito Yrigoyen 10.700,Resident Evil: Noche Cero,2D Subtitulada,23:00,,,,https://www.cinemark.com.ar/peliculas/resident-evil-noche-cero
GBA Sur,Cinemark Hoyts,Hoyts Temperley,Av. Hipólito Yrigoyen 10.700,Spider-Man: Un nuevo día,2D Doblada,12:50,,,,https://www.cinemark.com.ar/peliculas/spider-man-un-nuevo-dia
GBA Sur,Cinemark Hoyts,Hoyts Temperley,Av. Hipólito Yrigoyen 10.700,Spider-Man: Un nuevo día,2D Doblada,16:10,,,,https://www.cinemark.com.ar/peliculas/spider-man-un-nuevo-dia
GBA Sur,Cinemark Hoyts,Hoyts Temperley,Av. Hipólito Yrigoyen 10.700,Spider-Man: Un nuevo día,2D Doblada,19:30,,,,https://www.cinemark.com.ar/peliculas/spider-man-un-nuevo-dia
GBA Sur,Cinemark Hoyts,Hoyts Temperley,Av. Hipólito Yrigoyen 10.700,Toy Story 5,4D 3D Doblada,12:00,,,,https://www.cinemark.com.ar/peliculas/toy-story-5
GBA Sur,Cinemark Hoyts,Hoyts Temperley,Av. Hipólito Yrigoyen 10.700,Toy Story 5,2D Doblada,13:30,,,,https://www.cinemark.com.ar/peliculas/toy-story-5
GBA Sur,Cinemark Hoyts,Hoyts Temperley,Av. Hipólito Yrigoyen 10.700,Yo Narciso,2D Doblada,19:20,,,,https://www.cinemark.com.ar/peliculas/yo-narciso
GBA Norte,Multiplex,Multiplex Pilar,"Las Magnolias 754, Palmas del Pilar",Avengers: Endgame (re Estreno),PLATINUM 2D Subtitulada,12:10,,,,https://multiplex.com.ar/peliculas/avengers-endgame-re-estreno/
GBA Norte,Multiplex,Multiplex Pilar,"Las Magnolias 754, Palmas del Pilar",Avengers: Endgame (re Estreno),4D (3D) Doblada,12:30,,,,https://multiplex.com.ar/peliculas/avengers-endgame-re-estreno/
GBA Norte,Multiplex,Multiplex Pilar,"Las Magnolias 754, Palmas del Pilar",Avengers: Endgame (re Estreno),3D Doblada,13:20,,,,https://multiplex.com.ar/peliculas/avengers-endgame-re-estreno/
GBA Norte,Multiplex,Multiplex Pilar,"Las Magnolias 754, Palmas del Pilar",Avengers: Endgame (re Estreno),2D XTREMO Doblada,15:00,,,,https://multiplex.com.ar/peliculas/avengers-endgame-re-estreno/
GBA Norte,Multiplex,Multiplex Pilar,"Las Magnolias 754, Palmas del Pilar",Avengers: Endgame (re Estreno),3D Doblada,16:50,,,,https://multiplex.com.ar/peliculas/avengers-endgame-re-estreno/
GBA Norte,Multiplex,Multiplex Pilar,"Las Magnolias 754, Palmas del Pilar",Avengers: Endgame (re Estreno),4D (3D) Doblada,18:00,,,,https://multiplex.com.ar/peliculas/avengers-endgame-re-estreno/
GBA Norte,Multiplex,Multiplex Pilar,"Las Magnolias 754, Palmas del Pilar",Avengers: Endgame (re Estreno),2D XTREMO Doblada,18:30,,,,https://multiplex.com.ar/peliculas/avengers-endgame-re-estreno/
GBA Norte,Multiplex,Multiplex Pilar,"Las Magnolias 754, Palmas del Pilar",Avengers: Endgame (re Estreno),PLATINUM 2D Subtitulada,18:50,,,,https://multiplex.com.ar/peliculas/avengers-endgame-re-estreno/
GBA Norte,Multiplex,Multiplex Pilar,"Las Magnolias 754, Palmas del Pilar",Avengers: Endgame (re Estreno),3D Doblada,20:50,,,,https://multiplex.com.ar/peliculas/avengers-endgame-re-estreno/
GBA Norte,Multiplex,Multiplex Pilar,"Las Magnolias 754, Palmas del Pilar",Avengers: Endgame (re Estreno),4D (3D) Doblada,21:30,,,,https://multiplex.com.ar/peliculas/avengers-endgame-re-estreno/
GBA Norte,Multiplex,Multiplex Pilar,"Las Magnolias 754, Palmas del Pilar",Avengers: Endgame (re Estreno),2D XTREMO Doblada,22:00,,,,https://multiplex.com.ar/peliculas/avengers-endgame-re-estreno/
GBA Norte,Multiplex,Multiplex Pilar,"Las Magnolias 754, Palmas del Pilar",Coyote vs. Acme,2D Doblada,13:10,,,,https://multiplex.com.ar/peliculas/coyote-vs-acme/
GBA Norte,Multiplex,Multiplex Pilar,"Las Magnolias 754, Palmas del Pilar",Coyote vs. Acme,2D Doblada,15:10,,,,https://multiplex.com.ar/peliculas/coyote-vs-acme/
GBA Norte,Multiplex,Multiplex Pilar,"Las Magnolias 754, Palmas del Pilar",Coyote vs. Acme,2D Doblada,17:30,,,,https://multiplex.com.ar/peliculas/coyote-vs-acme/
GBA Norte,Multiplex,Multiplex Pilar,"Las Magnolias 754, Palmas del Pilar",El corazón de la bestia,2D Doblada,12:50,,,,https://multiplex.com.ar/peliculas/el-corazon-de-la-bestia/
GBA Norte,Multiplex,Multiplex Pilar,"Las Magnolias 754, Palmas del Pilar",El corazón de la bestia,2D Subtitulada,17:50,,,,https://multiplex.com.ar/peliculas/el-corazon-de-la-bestia/
GBA Norte,Multiplex,Multiplex Pilar,"Las Magnolias 754, Palmas del Pilar",El corazón de la bestia,2D Doblada,20:00,,,,https://multiplex.com.ar/peliculas/el-corazon-de-la-bestia/
GBA Norte,Multiplex,Multiplex Pilar,"Las Magnolias 754, Palmas del Pilar",El corazón de la bestia,2D Subtitulada,22:20,,,,https://multiplex.com.ar/peliculas/el-corazon-de-la-bestia/
GBA Norte,Multiplex,Multiplex Pilar,"Las Magnolias 754, Palmas del Pilar",El último gran golpe,2D Doblada,16:20,,,,https://multiplex.com.ar/peliculas/el-ultimo-gran-golpe/
GBA Norte,Multiplex,Multiplex Pilar,"Las Magnolias 754, Palmas del Pilar",El último gran golpe,2D Doblada,22:50,,,,https://multiplex.com.ar/peliculas/el-ultimo-gran-golpe/
GBA Norte,Multiplex,Multiplex Pilar,"Las Magnolias 754, Palmas del Pilar",Her Private Hell,2D Subtitulada,22:30,,,,https://cartelera.ar/pelicula/her-private-hell
GBA Norte,Multiplex,Multiplex Pilar,"Las Magnolias 754, Palmas del Pilar",La isla olvidada,2D Doblada,12:40,,,,https://multiplex.com.ar/peliculas/la-isla-olvidada/
GBA Norte,Multiplex,Multiplex Pilar,"Las Magnolias 754, Palmas del Pilar",La isla olvidada,2D Doblada,14:40,,,,https://multiplex.com.ar/peliculas/la-isla-olvidada/
GBA Norte,Multiplex,Multiplex Pilar,"Las Magnolias 754, Palmas del Pilar",La isla olvidada,2D Doblada,17:00,,,,https://multiplex.com.ar/peliculas/la-isla-olvidada/
GBA Norte,Multiplex,Multiplex Pilar,"Las Magnolias 754, Palmas del Pilar",La noche del demonio: Están entre nosotros,2D Doblada,22:40,,,,https://multiplex.com.ar/peliculas/la-noche-del-demonio-estan-entre-nosotros/
GBA Norte,Multiplex,Multiplex Pilar,"Las Magnolias 754, Palmas del Pilar",La Odisea,2D Subtitulada,13:00,,,,https://multiplex.com.ar/peliculas/la-odisea/
GBA Norte,Multiplex,Multiplex Pilar,"Las Magnolias 754, Palmas del Pilar",La Odisea,PLATINUM 2D Subtitulada,15:30,,,,https://multiplex.com.ar/peliculas/la-odisea/
GBA Norte,Multiplex,Multiplex Pilar,"Las Magnolias 754, Palmas del Pilar",La Odisea,2D Subtitulada,19:10,,,,https://multiplex.com.ar/peliculas/la-odisea/
GBA Norte,Multiplex,Multiplex Pilar,"Las Magnolias 754, Palmas del Pilar",La Odisea,PLATINUM 2D Subtitulada,22:10,,,,https://multiplex.com.ar/peliculas/la-odisea/
GBA Norte,Multiplex,Multiplex Pilar,"Las Magnolias 754, Palmas del Pilar",Linkin Park: Unshatter,2D Subtitulada,20:30,,,,https://multiplex.com.ar/peliculas/linkin-park-unshatter/
GBA Norte,Multiplex,Multiplex Pilar,"Las Magnolias 754, Palmas del Pilar",Resident Evil: Noche Cero,2D Doblada,12:10,,,,https://multiplex.com.ar/peliculas/resident-evil-noche-cero/
GBA Norte,Multiplex,Multiplex Pilar,"Las Magnolias 754, Palmas del Pilar",Resident Evil: Noche Cero,2D Doblada,14:10,,,,https://multiplex.com.ar/peliculas/resident-evil-noche-cero/
GBA Norte,Multiplex,Multiplex Pilar,"Las Magnolias 754, Palmas del Pilar",Resident Evil: Noche Cero,4D (2D) Doblada,15:50,,,,https://multiplex.com.ar/peliculas/resident-evil-noche-cero/
GBA Norte,Multiplex,Multiplex Pilar,"Las Magnolias 754, Palmas del Pilar",Resident Evil: Noche Cero,2D Doblada,16:10,,,,https://multiplex.com.ar/peliculas/resident-evil-noche-cero/
GBA Norte,Multiplex,Multiplex Pilar,"Las Magnolias 754, Palmas del Pilar",Resident Evil: Noche Cero,2D Doblada,18:10,,,,https://multiplex.com.ar/peliculas/resident-evil-noche-cero/
GBA Norte,Multiplex,Multiplex Pilar,"Las Magnolias 754, Palmas del Pilar",Resident Evil: Noche Cero,2D Doblada,20:10,,,,https://multiplex.com.ar/peliculas/resident-evil-noche-cero/
GBA Norte,Multiplex,Multiplex Pilar,"Las Magnolias 754, Palmas del Pilar",Resident Evil: Noche Cero,2D Doblada,22:30,,,,https://multiplex.com.ar/peliculas/resident-evil-noche-cero/
GBA Norte,Multiplex,Multiplex Pilar,"Las Magnolias 754, Palmas del Pilar",Spider-man: Un Dia Nuevo,2D Doblada,12:10,,,,https://multiplex.com.ar/peliculas/spider-man-un-dia-nuevo/
GBA Norte,Multiplex,Multiplex Pilar,"Las Magnolias 754, Palmas del Pilar",Spider-man: Un Dia Nuevo,2D Doblada,14:50,,,,https://multiplex.com.ar/peliculas/spider-man-un-dia-nuevo/
GBA Norte,Multiplex,Multiplex Pilar,"Las Magnolias 754, Palmas del Pilar",Spider-man: Un Dia Nuevo,2D Doblada,19:40,,,,https://multiplex.com.ar/peliculas/spider-man-un-dia-nuevo/
GBA Norte,Multiplex,Multiplex Pilar,"Las Magnolias 754, Palmas del Pilar",Su Propio Infierno,2D Subtitulada,22:30,,,,https://multiplex.com.ar/peliculas/su-propio-infierno/
GBA Norte,Multiplex,Multiplex Pilar,"Las Magnolias 754, Palmas del Pilar",Yo Narciso,2D Doblada,18:20,,,,https://multiplex.com.ar/peliculas/yo-narciso/
GBA Norte,Cinemark Hoyts,Cinemark Tortugas,"Ramal Pilar km 36,5, Tortuguitas TOM",Avengers: Endgame (re Estreno),DBOX XD 2D IV Doblada,14:00,,,,https://www.cinemark.com.ar/peliculas/avengers-endgame-re-estreno
GBA Norte,Cinemark Hoyts,Cinemark Tortugas,"Ramal Pilar km 36,5, Tortuguitas TOM",Avengers: Endgame (re Estreno),XD 2D IV Doblada,14:00,,,,https://www.cinemark.com.ar/peliculas/avengers-endgame-re-estreno
GBA Norte,Cinemark Hoyts,Cinemark Tortugas,"Ramal Pilar km 36,5, Tortuguitas TOM",Avengers: Endgame (re Estreno),DBOX XD 3D IV Doblada,18:00,,,,https://www.cinemark.com.ar/peliculas/avengers-endgame-re-estreno
GBA Norte,Cinemark Hoyts,Cinemark Tortugas,"Ramal Pilar km 36,5, Tortuguitas TOM",Avengers: Endgame (re Estreno),XD 3D IV Doblada,18:00,,,,https://www.cinemark.com.ar/peliculas/avengers-endgame-re-estreno
GBA Norte,Cinemark Hoyts,Cinemark Tortugas,"Ramal Pilar km 36,5, Tortuguitas TOM",Avengers: Endgame (re Estreno),2D Subtitulada,21:20,,,,https://www.cinemark.com.ar/peliculas/avengers-endgame-re-estreno
GBA Norte,Cinemark Hoyts,Cinemark Tortugas,"Ramal Pilar km 36,5, Tortuguitas TOM",Avengers: Endgame (re Estreno),DBOX XD 2D IV Doblada,22:00,,,,https://www.cinemark.com.ar/peliculas/avengers-endgame-re-estreno
GBA Norte,Cinemark Hoyts,Cinemark Tortugas,"Ramal Pilar km 36,5, Tortuguitas TOM",Avengers: Endgame (re Estreno),XD 2D IV Doblada,22:00,,,,https://www.cinemark.com.ar/peliculas/avengers-endgame-re-estreno
GBA Norte,Cinemark Hoyts,Cinemark Tortugas,"Ramal Pilar km 36,5, Tortuguitas TOM",Coyote vs. Acme,2D Doblada,13:20,,,,https://www.cinemark.com.ar/peliculas/coyote-vs-acme
GBA Norte,Cinemark Hoyts,Cinemark Tortugas,"Ramal Pilar km 36,5, Tortuguitas TOM",Coyote vs. Acme,2D Doblada,16:00,,,,https://www.cinemark.com.ar/peliculas/coyote-vs-acme
GBA Norte,Cinemark Hoyts,Cinemark Tortugas,"Ramal Pilar km 36,5, Tortuguitas TOM",Coyote vs. Acme,2D Doblada,18:40,,,,https://www.cinemark.com.ar/peliculas/coyote-vs-acme
GBA Norte,Cinemark Hoyts,Cinemark Tortugas,"Ramal Pilar km 36,5, Tortuguitas TOM",El corazón de la bestia,2D Doblada,12:30,,,,https://www.cinemark.com.ar/peliculas/el-corazon-de-la-bestia
GBA Norte,Cinemark Hoyts,Cinemark Tortugas,"Ramal Pilar km 36,5, Tortuguitas TOM",El corazón de la bestia,2D Doblada,14:50,,,,https://www.cinemark.com.ar/peliculas/el-corazon-de-la-bestia
GBA Norte,Cinemark Hoyts,Cinemark Tortugas,"Ramal Pilar km 36,5, Tortuguitas TOM",El corazón de la bestia,2D Doblada,17:40,,,,https://www.cinemark.com.ar/peliculas/el-corazon-de-la-bestia
GBA Norte,Cinemark Hoyts,Cinemark Tortugas,"Ramal Pilar km 36,5, Tortuguitas TOM",El corazón de la bestia,2D Doblada,20:20,,,,https://www.cinemark.com.ar/peliculas/el-corazon-de-la-bestia
GBA Norte,Cinemark Hoyts,Cinemark Tortugas,"Ramal Pilar km 36,5, Tortuguitas TOM",El corazón de la bestia,2D Doblada,22:40,,,,https://www.cinemark.com.ar/peliculas/el-corazon-de-la-bestia
GBA Norte,Cinemark Hoyts,Cinemark Tortugas,"Ramal Pilar km 36,5, Tortuguitas TOM",El último gran golpe,2D Doblada,12:50,,,,https://www.cinemark.com.ar/peliculas/el-ultimo-gran-golpe
GBA Norte,Cinemark Hoyts,Cinemark Tortugas,"Ramal Pilar km 36,5, Tortuguitas TOM",El último gran golpe,2D Doblada,21:30,,,,https://www.cinemark.com.ar/peliculas/el-ultimo-gran-golpe
GBA Norte,Cinemark Hoyts,Cinemark Tortugas,"Ramal Pilar km 36,5, Tortuguitas TOM",La isla olvidada,2D Doblada,12:40,,,,https://www.cinemark.com.ar/peliculas/la-isla-olvidada
GBA Norte,Cinemark Hoyts,Cinemark Tortugas,"Ramal Pilar km 36,5, Tortuguitas TOM",La isla olvidada,3D Doblada,15:10,,,,https://www.cinemark.com.ar/peliculas/la-isla-olvidada
GBA Norte,Cinemark Hoyts,Cinemark Tortugas,"Ramal Pilar km 36,5, Tortuguitas TOM",La isla olvidada,2D Doblada,17:50,,,,https://www.cinemark.com.ar/peliculas/la-isla-olvidada
GBA Norte,Cinemark Hoyts,Cinemark Tortugas,"Ramal Pilar km 36,5, Tortuguitas TOM",La isla olvidada,2D Doblada,20:30,,,,https://www.cinemark.com.ar/peliculas/la-isla-olvidada
GBA Norte,Cinemark Hoyts,Cinemark Tortugas,"Ramal Pilar km 36,5, Tortuguitas TOM",La Noche del Demonio 6,2D Doblada,13:30,,,,https://www.cinemark.com.ar/peliculas/la-noche-del-demonio-estan-entre-nosotros
GBA Norte,Cinemark Hoyts,Cinemark Tortugas,"Ramal Pilar km 36,5, Tortuguitas TOM",La Noche del Demonio 6,2D Doblada,16:10,,,,https://www.cinemark.com.ar/peliculas/la-noche-del-demonio-estan-entre-nosotros
GBA Norte,Cinemark Hoyts,Cinemark Tortugas,"Ramal Pilar km 36,5, Tortuguitas TOM",La Noche del Demonio 6,2D Doblada,18:50,,,,https://www.cinemark.com.ar/peliculas/la-noche-del-demonio-estan-entre-nosotros
GBA Norte,Cinemark Hoyts,Cinemark Tortugas,"Ramal Pilar km 36,5, Tortuguitas TOM",La Noche del Demonio 6,2D Doblada,23:00,,,,https://www.cinemark.com.ar/peliculas/la-noche-del-demonio-estan-entre-nosotros
GBA Norte,Cinemark Hoyts,Cinemark Tortugas,"Ramal Pilar km 36,5, Tortuguitas TOM",La Odisea,2D Doblada,15:30,,,,https://www.cinemark.com.ar/peliculas/la-odisea
GBA Norte,Cinemark Hoyts,Cinemark Tortugas,"Ramal Pilar km 36,5, Tortuguitas TOM",La Odisea,2D Doblada,21:10,,,,https://www.cinemark.com.ar/peliculas/la-odisea
GBA Norte,Cinemark Hoyts,Cinemark Tortugas,"Ramal Pilar km 36,5, Tortuguitas TOM",Resident Evil: Noche Cero,2D Doblada,13:10,,,,https://www.cinemark.com.ar/peliculas/resident-evil-noche-cero
GBA Norte,Cinemark Hoyts,Cinemark Tortugas,"Ramal Pilar km 36,5, Tortuguitas TOM",Resident Evil: Noche Cero,2D Doblada,14:30,,,,https://www.cinemark.com.ar/peliculas/resident-evil-noche-cero
GBA Norte,Cinemark Hoyts,Cinemark Tortugas,"Ramal Pilar km 36,5, Tortuguitas TOM",Resident Evil: Noche Cero,DBOX 2D Doblada,14:30,,,,https://www.cinemark.com.ar/peliculas/resident-evil-noche-cero
GBA Norte,Cinemark Hoyts,Cinemark Tortugas,"Ramal Pilar km 36,5, Tortuguitas TOM",Resident Evil: Noche Cero,2D Doblada,15:40,,,,https://www.cinemark.com.ar/peliculas/resident-evil-noche-cero
GBA Norte,Cinemark Hoyts,Cinemark Tortugas,"Ramal Pilar km 36,5, Tortuguitas TOM",Resident Evil: Noche Cero,2D Doblada,17:00,,,,https://www.cinemark.com.ar/peliculas/resident-evil-noche-cero
GBA Norte,Cinemark Hoyts,Cinemark Tortugas,"Ramal Pilar km 36,5, Tortuguitas TOM",Resident Evil: Noche Cero,DBOX 2D Doblada,17:00,,,,https://www.cinemark.com.ar/peliculas/resident-evil-noche-cero
GBA Norte,Cinemark Hoyts,Cinemark Tortugas,"Ramal Pilar km 36,5, Tortuguitas TOM",Resident Evil: Noche Cero,2D Doblada,18:10,,,,https://www.cinemark.com.ar/peliculas/resident-evil-noche-cero
GBA Norte,Cinemark Hoyts,Cinemark Tortugas,"Ramal Pilar km 36,5, Tortuguitas TOM",Resident Evil: Noche Cero,2D Doblada,19:30,,,,https://www.cinemark.com.ar/peliculas/resident-evil-noche-cero
GBA Norte,Cinemark Hoyts,Cinemark Tortugas,"Ramal Pilar km 36,5, Tortuguitas TOM",Resident Evil: Noche Cero,DBOX 2D Doblada,19:30,,,,https://www.cinemark.com.ar/peliculas/resident-evil-noche-cero
GBA Norte,Cinemark Hoyts,Cinemark Tortugas,"Ramal Pilar km 36,5, Tortuguitas TOM",Resident Evil: Noche Cero,2D Doblada,20:40,,,,https://www.cinemark.com.ar/peliculas/resident-evil-noche-cero
GBA Norte,Cinemark Hoyts,Cinemark Tortugas,"Ramal Pilar km 36,5, Tortuguitas TOM",Resident Evil: Noche Cero,2D Doblada,21:50,,,,https://www.cinemark.com.ar/peliculas/resident-evil-noche-cero
GBA Norte,Cinemark Hoyts,Cinemark Tortugas,"Ramal Pilar km 36,5, Tortuguitas TOM",Resident Evil: Noche Cero,DBOX 2D Doblada,21:50,,,,https://www.cinemark.com.ar/peliculas/resident-evil-noche-cero
GBA Norte,Cinemark Hoyts,Cinemark Tortugas,"Ramal Pilar km 36,5, Tortuguitas TOM",Resident Evil: Noche Cero,2D Doblada,22:50,,,,https://www.cinemark.com.ar/peliculas/resident-evil-noche-cero
GBA Norte,Cinemark Hoyts,Cinemark Tortugas,"Ramal Pilar km 36,5, Tortuguitas TOM",Spider-Man: Un nuevo día,2D Doblada,12:10,,,,https://www.cinemark.com.ar/peliculas/spider-man-un-nuevo-dia
GBA Norte,Cinemark Hoyts,Cinemark Tortugas,"Ramal Pilar km 36,5, Tortuguitas TOM",Spider-Man: Un nuevo día,2D Doblada,15:20,,,,https://www.cinemark.com.ar/peliculas/spider-man-un-nuevo-dia
GBA Norte,Cinemark Hoyts,Cinemark Tortugas,"Ramal Pilar km 36,5, Tortuguitas TOM",Spider-Man: Un nuevo día,2D Doblada,18:30,,,,https://www.cinemark.com.ar/peliculas/spider-man-un-nuevo-dia
GBA Norte,Cinemark Hoyts,Cinemark Tortugas,"Ramal Pilar km 36,5, Tortuguitas TOM",Spider-Man: Un nuevo día,2D Doblada,21:40,,,,https://www.cinemark.com.ar/peliculas/spider-man-un-nuevo-dia
GBA Norte,Cinemark Hoyts,Cinemark Tortugas,"Ramal Pilar km 36,5, Tortuguitas TOM",Yo Narciso,2D Doblada,19:10,,,,https://www.cinemark.com.ar/peliculas/yo-narciso
GBA Oeste,Cinemark Hoyts,Hoyts Morón,"J.M. de Rosas 658, Plaza Oeste Shopping",Avengers: Endgame (re Estreno),2D Doblada,14:20,,,,https://www.cinemark.com.ar/peliculas/avengers-endgame-re-estreno
GBA Oeste,Cinemark Hoyts,Hoyts Morón,"J.M. de Rosas 658, Plaza Oeste Shopping",Avengers: Endgame (re Estreno),DBOX 2D Doblada,14:20,,,,https://www.cinemark.com.ar/peliculas/avengers-endgame-re-estreno
GBA Oeste,Cinemark Hoyts,Hoyts Morón,"J.M. de Rosas 658, Plaza Oeste Shopping",Avengers: Endgame (re Estreno),2D Doblada,18:10,,,,https://www.cinemark.com.ar/peliculas/avengers-endgame-re-estreno
GBA Oeste,Cinemark Hoyts,Hoyts Morón,"J.M. de Rosas 658, Plaza Oeste Shopping",Avengers: Endgame (re Estreno),DBOX 2D Doblada,18:10,,,,https://www.cinemark.com.ar/peliculas/avengers-endgame-re-estreno
GBA Oeste,Cinemark Hoyts,Hoyts Morón,"J.M. de Rosas 658, Plaza Oeste Shopping",Avengers: Endgame (re Estreno),2D Doblada,22:00,,,,https://www.cinemark.com.ar/peliculas/avengers-endgame-re-estreno
GBA Oeste,Cinemark Hoyts,Hoyts Morón,"J.M. de Rosas 658, Plaza Oeste Shopping",Avengers: Endgame (re Estreno),DBOX 2D Doblada,22:00,,,,https://www.cinemark.com.ar/peliculas/avengers-endgame-re-estreno
GBA Oeste,Cinemark Hoyts,Hoyts Morón,"J.M. de Rosas 658, Plaza Oeste Shopping",Coyote vs. Acme,2D Doblada,12:40,,,,https://www.cinemark.com.ar/peliculas/coyote-vs-acme
GBA Oeste,Cinemark Hoyts,Hoyts Morón,"J.M. de Rosas 658, Plaza Oeste Shopping",Coyote vs. Acme,2D Doblada,15:10,,,,https://www.cinemark.com.ar/peliculas/coyote-vs-acme
GBA Oeste,Cinemark Hoyts,Hoyts Morón,"J.M. de Rosas 658, Plaza Oeste Shopping",Coyote vs. Acme,2D Doblada,17:40,,,,https://www.cinemark.com.ar/peliculas/coyote-vs-acme
GBA Oeste,Cinemark Hoyts,Hoyts Morón,"J.M. de Rosas 658, Plaza Oeste Shopping",El corazón de la bestia,2D Doblada,13:10,,,,https://www.cinemark.com.ar/peliculas/el-corazon-de-la-bestia
GBA Oeste,Cinemark Hoyts,Hoyts Morón,"J.M. de Rosas 658, Plaza Oeste Shopping",El corazón de la bestia,2D Doblada,15:30,,,,https://www.cinemark.com.ar/peliculas/el-corazon-de-la-bestia
GBA Oeste,Cinemark Hoyts,Hoyts Morón,"J.M. de Rosas 658, Plaza Oeste Shopping",El corazón de la bestia,2D Doblada,18:00,,,,https://www.cinemark.com.ar/peliculas/el-corazon-de-la-bestia
GBA Oeste,Cinemark Hoyts,Hoyts Morón,"J.M. de Rosas 658, Plaza Oeste Shopping",El corazón de la bestia,2D Doblada,20:30,,,,https://www.cinemark.com.ar/peliculas/el-corazon-de-la-bestia
GBA Oeste,Cinemark Hoyts,Hoyts Morón,"J.M. de Rosas 658, Plaza Oeste Shopping",El corazón de la bestia,2D Doblada,22:50,,,,https://www.cinemark.com.ar/peliculas/el-corazon-de-la-bestia
GBA Oeste,Cinemark Hoyts,Hoyts Morón,"J.M. de Rosas 658, Plaza Oeste Shopping",La isla olvidada,2D Doblada,12:20,,,,https://www.cinemark.com.ar/peliculas/la-isla-olvidada
GBA Oeste,Cinemark Hoyts,Hoyts Morón,"J.M. de Rosas 658, Plaza Oeste Shopping",La isla olvidada,DBOX 2D Doblada,12:20,,,,https://www.cinemark.com.ar/peliculas/la-isla-olvidada
GBA Oeste,Cinemark Hoyts,Hoyts Morón,"J.M. de Rosas 658, Plaza Oeste Shopping",La isla olvidada,3D Doblada,14:00,,,,https://www.cinemark.com.ar/peliculas/la-isla-olvidada
GBA Oeste,Cinemark Hoyts,Hoyts Morón,"J.M. de Rosas 658, Plaza Oeste Shopping",La isla olvidada,2D Doblada,16:30,,,,https://www.cinemark.com.ar/peliculas/la-isla-olvidada
GBA Oeste,Cinemark Hoyts,Hoyts Morón,"J.M. de Rosas 658, Plaza Oeste Shopping",La isla olvidada,2D Doblada,19:10,,,,https://www.cinemark.com.ar/peliculas/la-isla-olvidada
GBA Oeste,Cinemark Hoyts,Hoyts Morón,"J.M. de Rosas 658, Plaza Oeste Shopping",La Noche del Demonio 6,2D Doblada,14:50,,,,https://www.cinemark.com.ar/peliculas/la-noche-del-demonio-estan-entre-nosotros
GBA Oeste,Cinemark Hoyts,Hoyts Morón,"J.M. de Rosas 658, Plaza Oeste Shopping",La Noche del Demonio 6,DBOX 2D Doblada,14:50,,,,https://www.cinemark.com.ar/peliculas/la-noche-del-demonio-estan-entre-nosotros
GBA Oeste,Cinemark Hoyts,Hoyts Morón,"J.M. de Rosas 658, Plaza Oeste Shopping",La Noche del Demonio 6,2D Doblada,17:20,,,,https://www.cinemark.com.ar/peliculas/la-noche-del-demonio-estan-entre-nosotros
GBA Oeste,Cinemark Hoyts,Hoyts Morón,"J.M. de Rosas 658, Plaza Oeste Shopping",La Noche del Demonio 6,DBOX 2D Doblada,17:20,,,,https://www.cinemark.com.ar/peliculas/la-noche-del-demonio-estan-entre-nosotros
GBA Oeste,Cinemark Hoyts,Hoyts Morón,"J.M. de Rosas 658, Plaza Oeste Shopping",La Noche del Demonio 6,2D Doblada,20:00,,,,https://www.cinemark.com.ar/peliculas/la-noche-del-demonio-estan-entre-nosotros
GBA Oeste,Cinemark Hoyts,Hoyts Morón,"J.M. de Rosas 658, Plaza Oeste Shopping",La Noche del Demonio 6,DBOX 2D Doblada,20:00,,,,https://www.cinemark.com.ar/peliculas/la-noche-del-demonio-estan-entre-nosotros
GBA Oeste,Cinemark Hoyts,Hoyts Morón,"J.M. de Rosas 658, Plaza Oeste Shopping",La Noche del Demonio 6,2D Doblada,22:40,,,,https://www.cinemark.com.ar/peliculas/la-noche-del-demonio-estan-entre-nosotros
GBA Oeste,Cinemark Hoyts,Hoyts Morón,"J.M. de Rosas 658, Plaza Oeste Shopping",La Noche del Demonio 6,DBOX 2D Doblada,22:40,,,,https://www.cinemark.com.ar/peliculas/la-noche-del-demonio-estan-entre-nosotros
GBA Oeste,Cinemark Hoyts,Hoyts Morón,"J.M. de Rosas 658, Plaza Oeste Shopping",La Odisea,2D Doblada,22:30,,,,https://www.cinemark.com.ar/peliculas/la-odisea
GBA Oeste,Cinemark Hoyts,Hoyts Morón,"J.M. de Rosas 658, Plaza Oeste Shopping",Resident Evil: Noche Cero,2D Doblada,12:50,,,,https://www.cinemark.com.ar/peliculas/resident-evil-noche-cero
GBA Oeste,Cinemark Hoyts,Hoyts Morón,"J.M. de Rosas 658, Plaza Oeste Shopping",Resident Evil: Noche Cero,2D Doblada,13:40,,,,https://www.cinemark.com.ar/peliculas/resident-evil-noche-cero
GBA Oeste,Cinemark Hoyts,Hoyts Morón,"J.M. de Rosas 658, Plaza Oeste Shopping",Resident Evil: Noche Cero,2D Doblada,15:00,,,,https://www.cinemark.com.ar/peliculas/resident-evil-noche-cero
GBA Oeste,Cinemark Hoyts,Hoyts Morón,"J.M. de Rosas 658, Plaza Oeste Shopping",Resident Evil: Noche Cero,2D Doblada,16:00,,,,https://www.cinemark.com.ar/peliculas/resident-evil-noche-cero
GBA Oeste,Cinemark Hoyts,Hoyts Morón,"J.M. de Rosas 658, Plaza Oeste Shopping",Resident Evil: Noche Cero,2D Doblada,17:30,,,,https://www.cinemark.com.ar/peliculas/resident-evil-noche-cero
GBA Oeste,Cinemark Hoyts,Hoyts Morón,"J.M. de Rosas 658, Plaza Oeste Shopping",Resident Evil: Noche Cero,2D Doblada,18:20,,,,https://www.cinemark.com.ar/peliculas/resident-evil-noche-cero
GBA Oeste,Cinemark Hoyts,Hoyts Morón,"J.M. de Rosas 658, Plaza Oeste Shopping",Resident Evil: Noche Cero,2D Subtitulada,19:50,,,,https://www.cinemark.com.ar/peliculas/resident-evil-noche-cero
GBA Oeste,Cinemark Hoyts,Hoyts Morón,"J.M. de Rosas 658, Plaza Oeste Shopping",Resident Evil: Noche Cero,2D Doblada,20:40,,,,https://www.cinemark.com.ar/peliculas/resident-evil-noche-cero
GBA Oeste,Cinemark Hoyts,Hoyts Morón,"J.M. de Rosas 658, Plaza Oeste Shopping",Resident Evil: Noche Cero,2D Doblada,22:10,,,,https://www.cinemark.com.ar/peliculas/resident-evil-noche-cero
GBA Oeste,Cinemark Hoyts,Hoyts Morón,"J.M. de Rosas 658, Plaza Oeste Shopping",Resident Evil: Noche Cero,2D Subtitulada,23:00,,,,https://www.cinemark.com.ar/peliculas/resident-evil-noche-cero
GBA Oeste,Cinemark Hoyts,Hoyts Morón,"J.M. de Rosas 658, Plaza Oeste Shopping",Spider-Man: Un nuevo día,2D Doblada,12:30,,,,https://www.cinemark.com.ar/peliculas/spider-man-un-nuevo-dia
GBA Oeste,Cinemark Hoyts,Hoyts Morón,"J.M. de Rosas 658, Plaza Oeste Shopping",Spider-Man: Un nuevo día,3D Doblada,15:40,,,,https://www.cinemark.com.ar/peliculas/spider-man-un-nuevo-dia
GBA Oeste,Cinemark Hoyts,Hoyts Morón,"J.M. de Rosas 658, Plaza Oeste Shopping",Spider-Man: Un nuevo día,2D Doblada,19:00,,,,https://www.cinemark.com.ar/peliculas/spider-man-un-nuevo-dia
GBA Oeste,Cinemark Hoyts,Hoyts Morón,"J.M. de Rosas 658, Plaza Oeste Shopping",Spider-Man: Un nuevo día,2D Doblada,22:20,,,,https://www.cinemark.com.ar/peliculas/spider-man-un-nuevo-dia
GBA Oeste,Cinemark Hoyts,Hoyts Morón,"J.M. de Rosas 658, Plaza Oeste Shopping",Yo Narciso,2D Doblada,20:10,,,,https://www.cinemark.com.ar/peliculas/yo-narciso
GBA Oeste,Cinemark Hoyts,Hoyts Morón,"J.M. de Rosas 658, Plaza Oeste Shopping",Yo Narciso,2D Doblada,21:50,,,,https://www.cinemark.com.ar/peliculas/yo-narciso
GBA Oeste,Cinemark Hoyts,Hoyts Moreno,"Av. Victorica 1128, Nine Shopping",Avengers: Endgame (re Estreno),2D Doblada,14:20,,,,https://www.cinemark.com.ar/peliculas/avengers-endgame-re-estreno
GBA Oeste,Cinemark Hoyts,Hoyts Moreno,"Av. Victorica 1128, Nine Shopping",Avengers: Endgame (re Estreno),DBOX 2D Doblada,14:20,,,,https://www.cinemark.com.ar/peliculas/avengers-endgame-re-estreno
GBA Oeste,Cinemark Hoyts,Hoyts Moreno,"Av. Victorica 1128, Nine Shopping",Avengers: Endgame (re Estreno),2D Doblada,18:10,,,,https://www.cinemark.com.ar/peliculas/avengers-endgame-re-estreno
GBA Oeste,Cinemark Hoyts,Hoyts Moreno,"Av. Victorica 1128, Nine Shopping",Avengers: Endgame (re Estreno),DBOX 2D Doblada,18:10,,,,https://www.cinemark.com.ar/peliculas/avengers-endgame-re-estreno
GBA Oeste,Cinemark Hoyts,Hoyts Moreno,"Av. Victorica 1128, Nine Shopping",Avengers: Endgame (re Estreno),2D Doblada,22:00,,,,https://www.cinemark.com.ar/peliculas/avengers-endgame-re-estreno
GBA Oeste,Cinemark Hoyts,Hoyts Moreno,"Av. Victorica 1128, Nine Shopping",Avengers: Endgame (re Estreno),DBOX 2D Doblada,22:00,,,,https://www.cinemark.com.ar/peliculas/avengers-endgame-re-estreno
GBA Oeste,Cinemark Hoyts,Hoyts Moreno,"Av. Victorica 1128, Nine Shopping",Bajo tus pies,2D Doblada,22:50,,,,https://www.cinemark.com.ar/peliculas/bajo-tus-pies
GBA Oeste,Cinemark Hoyts,Hoyts Moreno,"Av. Victorica 1128, Nine Shopping",Coyote vs. Acme,2D Doblada,12:30,,,,https://www.cinemark.com.ar/peliculas/coyote-vs-acme
GBA Oeste,Cinemark Hoyts,Hoyts Moreno,"Av. Victorica 1128, Nine Shopping",Coyote vs. Acme,2D Doblada,15:00,,,,https://www.cinemark.com.ar/peliculas/coyote-vs-acme
GBA Oeste,Cinemark Hoyts,Hoyts Moreno,"Av. Victorica 1128, Nine Shopping",Coyote vs. Acme,2D Doblada,17:30,,,,https://www.cinemark.com.ar/peliculas/coyote-vs-acme
GBA Oeste,Cinemark Hoyts,Hoyts Moreno,"Av. Victorica 1128, Nine Shopping",Coyote vs. Acme,2D Doblada,20:10,,,,https://www.cinemark.com.ar/peliculas/coyote-vs-acme
GBA Oeste,Cinemark Hoyts,Hoyts Moreno,"Av. Victorica 1128, Nine Shopping",El corazón de la bestia,2D Doblada,14:40,,,,https://www.cinemark.com.ar/peliculas/el-corazon-de-la-bestia
GBA Oeste,Cinemark Hoyts,Hoyts Moreno,"Av. Victorica 1128, Nine Shopping",El corazón de la bestia,2D Doblada,17:10,,,,https://www.cinemark.com.ar/peliculas/el-corazon-de-la-bestia
GBA Oeste,Cinemark Hoyts,Hoyts Moreno,"Av. Victorica 1128, Nine Shopping",El corazón de la bestia,2D Doblada,19:40,,,,https://www.cinemark.com.ar/peliculas/el-corazon-de-la-bestia
GBA Oeste,Cinemark Hoyts,Hoyts Moreno,"Av. Victorica 1128, Nine Shopping",El corazón de la bestia,2D Doblada,22:10,,,,https://www.cinemark.com.ar/peliculas/el-corazon-de-la-bestia
GBA Oeste,Cinemark Hoyts,Hoyts Moreno,"Av. Victorica 1128, Nine Shopping",El último gran golpe,2D Doblada,12:45,,,,https://www.cinemark.com.ar/peliculas/el-ultimo-gran-golpe
GBA Oeste,Cinemark Hoyts,Hoyts Moreno,"Av. Victorica 1128, Nine Shopping",El último gran golpe,2D Doblada,15:20,,,,https://www.cinemark.com.ar/peliculas/el-ultimo-gran-golpe
GBA Oeste,Cinemark Hoyts,Hoyts Moreno,"Av. Victorica 1128, Nine Shopping",El último gran golpe,2D Doblada,17:50,,,,https://www.cinemark.com.ar/peliculas/el-ultimo-gran-golpe
GBA Oeste,Cinemark Hoyts,Hoyts Moreno,"Av. Victorica 1128, Nine Shopping",El último gran golpe,2D Doblada,22:40,,,,https://www.cinemark.com.ar/peliculas/el-ultimo-gran-golpe
GBA Oeste,Cinemark Hoyts,Hoyts Moreno,"Av. Victorica 1128, Nine Shopping",La isla olvidada,2D Doblada,13:50,,,,https://www.cinemark.com.ar/peliculas/la-isla-olvidada
GBA Oeste,Cinemark Hoyts,Hoyts Moreno,"Av. Victorica 1128, Nine Shopping",La isla olvidada,3D Doblada,16:20,,,,https://www.cinemark.com.ar/peliculas/la-isla-olvidada
GBA Oeste,Cinemark Hoyts,Hoyts Moreno,"Av. Victorica 1128, Nine Shopping",La isla olvidada,2D Doblada,18:50,,,,https://www.cinemark.com.ar/peliculas/la-isla-olvidada
GBA Oeste,Cinemark Hoyts,Hoyts Moreno,"Av. Victorica 1128, Nine Shopping",La isla olvidada,2D Doblada,21:50,,,,https://www.cinemark.com.ar/peliculas/la-isla-olvidada
GBA Oeste,Cinemark Hoyts,Hoyts Moreno,"Av. Victorica 1128, Nine Shopping",La Noche del Demonio 6,2D Doblada,14:50,,,,https://www.cinemark.com.ar/peliculas/la-noche-del-demonio-estan-entre-nosotros
GBA Oeste,Cinemark Hoyts,Hoyts Moreno,"Av. Victorica 1128, Nine Shopping",La Noche del Demonio 6,2D Doblada,17:20,,,,https://www.cinemark.com.ar/peliculas/la-noche-del-demonio-estan-entre-nosotros
GBA Oeste,Cinemark Hoyts,Hoyts Moreno,"Av. Victorica 1128, Nine Shopping",La Noche del Demonio 6,2D Doblada,19:50,,,,https://www.cinemark.com.ar/peliculas/la-noche-del-demonio-estan-entre-nosotros
GBA Oeste,Cinemark Hoyts,Hoyts Moreno,"Av. Victorica 1128, Nine Shopping",La Noche del Demonio 6,2D Doblada,22:45,,,,https://www.cinemark.com.ar/peliculas/la-noche-del-demonio-estan-entre-nosotros
GBA Oeste,Cinemark Hoyts,Hoyts Moreno,"Av. Victorica 1128, Nine Shopping",La Odisea,2D Doblada,19:20,,,,https://www.cinemark.com.ar/peliculas/la-odisea
GBA Oeste,Cinemark Hoyts,Hoyts Moreno,"Av. Victorica 1128, Nine Shopping",LINKIN PARK: UNSHATTER,2D Subtitulada,20:00,,,,https://www.cinemark.com.ar/peliculas/linkin-park-unshatter
GBA Oeste,Cinemark Hoyts,Hoyts Moreno,"Av. Victorica 1128, Nine Shopping",Resident Evil: Noche Cero,2D Doblada,12:50,,,,https://www.cinemark.com.ar/peliculas/resident-evil-noche-cero
GBA Oeste,Cinemark Hoyts,Hoyts Moreno,"Av. Victorica 1128, Nine Shopping",Resident Evil: Noche Cero,2D Doblada,14:10,,,,https://www.cinemark.com.ar/peliculas/resident-evil-noche-cero
GBA Oeste,Cinemark Hoyts,Hoyts Moreno,"Av. Victorica 1128, Nine Shopping",Resident Evil: Noche Cero,2D Doblada,15:10,,,,https://www.cinemark.com.ar/peliculas/resident-evil-noche-cero
GBA Oeste,Cinemark Hoyts,Hoyts Moreno,"Av. Victorica 1128, Nine Shopping",Resident Evil: Noche Cero,2D Doblada,16:40,,,,https://www.cinemark.com.ar/peliculas/resident-evil-noche-cero
GBA Oeste,Cinemark Hoyts,Hoyts Moreno,"Av. Victorica 1128, Nine Shopping",Resident Evil: Noche Cero,2D Doblada,17:40,,,,https://www.cinemark.com.ar/peliculas/resident-evil-noche-cero
GBA Oeste,Cinemark Hoyts,Hoyts Moreno,"Av. Victorica 1128, Nine Shopping",Resident Evil: Noche Cero,2D Doblada,19:10,,,,https://www.cinemark.com.ar/peliculas/resident-evil-noche-cero
GBA Oeste,Cinemark Hoyts,Hoyts Moreno,"Av. Victorica 1128, Nine Shopping",Resident Evil: Noche Cero,2D Doblada,21:40,,,,https://www.cinemark.com.ar/peliculas/resident-evil-noche-cero
GBA Oeste,Cinemark Hoyts,Hoyts Moreno,"Av. Victorica 1128, Nine Shopping",Resident Evil: Noche Cero,2D Doblada,22:20,,,,https://www.cinemark.com.ar/peliculas/resident-evil-noche-cero
GBA Oeste,Cinemark Hoyts,Hoyts Moreno,"Av. Victorica 1128, Nine Shopping",Resident Evil: Noche Cero,2D Doblada,23:00,,,,https://www.cinemark.com.ar/peliculas/resident-evil-noche-cero
GBA Oeste,Cinemark Hoyts,Hoyts Moreno,"Av. Victorica 1128, Nine Shopping",Spider-Man: Un nuevo día,2D Doblada,12:40,,,,https://www.cinemark.com.ar/peliculas/spider-man-un-nuevo-dia
GBA Oeste,Cinemark Hoyts,Hoyts Moreno,"Av. Victorica 1128, Nine Shopping",Spider-Man: Un nuevo día,DBOX 2D Doblada,12:40,,,,https://www.cinemark.com.ar/peliculas/spider-man-un-nuevo-dia
GBA Oeste,Cinemark Hoyts,Hoyts Moreno,"Av. Victorica 1128, Nine Shopping",Spider-Man: Un nuevo día,3D Doblada,15:50,,,,https://www.cinemark.com.ar/peliculas/spider-man-un-nuevo-dia
GBA Oeste,Cinemark Hoyts,Hoyts Moreno,"Av. Victorica 1128, Nine Shopping",Spider-Man: Un nuevo día,DBOX 3D Doblada,15:50,,,,https://www.cinemark.com.ar/peliculas/spider-man-un-nuevo-dia
GBA Oeste,Cinemark Hoyts,Hoyts Moreno,"Av. Victorica 1128, Nine Shopping",Spider-Man: Un nuevo día,2D Doblada,19:15,,,,https://www.cinemark.com.ar/peliculas/spider-man-un-nuevo-dia
GBA Oeste,Cinemark Hoyts,Hoyts Moreno,"Av. Victorica 1128, Nine Shopping",Spider-Man: Un nuevo día,DBOX 2D Doblada,19:15,,,,https://www.cinemark.com.ar/peliculas/spider-man-un-nuevo-dia
GBA Oeste,Cinemark Hoyts,Hoyts Moreno,"Av. Victorica 1128, Nine Shopping",Spider-Man: Un nuevo día,2D Doblada,22:30,,,,https://www.cinemark.com.ar/peliculas/spider-man-un-nuevo-dia
GBA Oeste,Cinemark Hoyts,Hoyts Moreno,"Av. Victorica 1128, Nine Shopping",Spider-Man: Un nuevo día,DBOX 2D Doblada,22:30,,,,https://www.cinemark.com.ar/peliculas/spider-man-un-nuevo-dia
GBA Oeste,Cinemark Hoyts,Hoyts Moreno,"Av. Victorica 1128, Nine Shopping",Tadeo : El Explorador Y La Lampara Maravillosa,2D Doblada,17:00,,,,https://www.cinemark.com.ar/peliculas/tadeo-el-explorador-y-la-lampara-maravillosa
GBA Oeste,Cinemark Hoyts,Hoyts Moreno,"Av. Victorica 1128, Nine Shopping",Toy Story 5,2D Doblada,14:30,,,,https://www.cinemark.com.ar/peliculas/toy-story-5
GBA Oeste,Cinemark Hoyts,Hoyts Moreno,"Av. Victorica 1128, Nine Shopping",Yo Narciso,2D Doblada,20:20,,,,https://www.cinemark.com.ar/peliculas/yo-narciso
CABA,Cinépolis,Cinépolis Houssay,"Av. Corrientes 917, Buenos Aires",Los Colores Del Tiempo,2D Subtitulada,12:50,,,,https://cartelera.ar/pelicula/los-colores-del-tiempo
CABA,Cinépolis,Cinépolis Houssay,"Av. Corrientes 917, Buenos Aires",El corazón de la bestia,2D Doblada,18:00,,,,https://cartelera.ar/pelicula/el-corazon-de-la-bestia
CABA,Cinépolis,Cinépolis Houssay,"Av. Corrientes 917, Buenos Aires",El corazón de la bestia,2D Subtitulada,20:20,,,,https://cartelera.ar/pelicula/el-corazon-de-la-bestia
CABA,Cinépolis,Cinépolis Houssay,"Av. Corrientes 917, Buenos Aires",El corazón de la bestia,2D Doblada,22:45,,,,https://cartelera.ar/pelicula/el-corazon-de-la-bestia
CABA,Cinépolis,Cinépolis Houssay,"Av. Corrientes 917, Buenos Aires",La Odisea,2D Subtitulada,19:30,,,,https://cartelera.ar/pelicula/la-odisea
CABA,Cinépolis,Cinépolis Houssay,"Av. Corrientes 917, Buenos Aires",Resident Evil: Noche Cero,2D Doblada,15:30,,,,https://cartelera.ar/pelicula/resident-evil-noche-cero
CABA,Cinépolis,Cinépolis Houssay,"Av. Corrientes 917, Buenos Aires",Resident Evil: Noche Cero,2D Doblada,17:45,,,,https://cartelera.ar/pelicula/resident-evil-noche-cero
CABA,Cinépolis,Cinépolis Houssay,"Av. Corrientes 917, Buenos Aires",Resident Evil: Noche Cero,2D Subtitulada,20:00,,,,https://cartelera.ar/pelicula/resident-evil-noche-cero
CABA,Cinépolis,Cinépolis Houssay,"Av. Corrientes 917, Buenos Aires",Resident Evil: Noche Cero,2D Subtitulada,22:15,,,,https://cartelera.ar/pelicula/resident-evil-noche-cero
CABA,Cinépolis,Cinépolis Houssay,"Av. Corrientes 917, Buenos Aires",Resident Evil: Noche Cero,2D Subtitulada,23:00,,,,https://cartelera.ar/pelicula/resident-evil-noche-cero
CABA,Cinépolis,Cinépolis Houssay,"Av. Corrientes 917, Buenos Aires",La isla olvidada,2D Doblada,12:30,,,,https://cartelera.ar/pelicula/la-isla-olvidada
CABA,Cinépolis,Cinépolis Houssay,"Av. Corrientes 917, Buenos Aires",La isla olvidada,3D Doblada,15:30,,,,https://cartelera.ar/pelicula/la-isla-olvidada
CABA,Cinépolis,Cinépolis Houssay,"Av. Corrientes 917, Buenos Aires",La isla olvidada,2D Doblada,17:10,,,,https://cartelera.ar/pelicula/la-isla-olvidada
CABA,Cinépolis,Cinépolis Houssay,"Av. Corrientes 917, Buenos Aires",Coyote vs. Acme,2D Doblada,14:50,,,,https://cartelera.ar/pelicula/coyote-vs-acme
CABA,Cinépolis,Cinépolis Houssay,"Av. Corrientes 917, Buenos Aires",Tres adioses,2D Subtitulada,12:50,,,,https://cartelera.ar/pelicula/tres-adioses
CABA,Cinépolis,Cinépolis Houssay,"Av. Corrientes 917, Buenos Aires",Avengers: Endgame Bonus - Infinity Vision,3D Doblada,14:30,,,,https://cartelera.ar/pelicula/avengers-endgame-bonus-infinity-vision
CABA,Cinépolis,Cinépolis Houssay,"Av. Corrientes 917, Buenos Aires",Avengers: Endgame Bonus - Infinity Vision,2D Subtitulada,18:15,,,,https://cartelera.ar/pelicula/avengers-endgame-bonus-infinity-vision
CABA,Cinépolis,Cinépolis Houssay,"Av. Corrientes 917, Buenos Aires",Avengers: Endgame Bonus - Infinity Vision,2D Subtitulada,22:00,,,,https://cartelera.ar/pelicula/avengers-endgame-bonus-infinity-vision
CABA,Cinépolis,Cinépolis Recoleta,"Vicente López 2050, Recoleta",El corazón de la bestia,2D Subtitulada,12:30,,,,https://cartelera.ar/pelicula/el-corazon-de-la-bestia
CABA,Cinépolis,Cinépolis Recoleta,"Vicente López 2050, Recoleta",El corazón de la bestia,2D Subtitulada,15:00,,,,https://cartelera.ar/pelicula/el-corazon-de-la-bestia
CABA,Cinépolis,Cinépolis Recoleta,"Vicente López 2050, Recoleta",El corazón de la bestia,2D Subtitulada,17:20,,,,https://cartelera.ar/pelicula/el-corazon-de-la-bestia
CABA,Cinépolis,Cinépolis Recoleta,"Vicente López 2050, Recoleta",El corazón de la bestia,2D Subtitulada,19:45,,,,https://cartelera.ar/pelicula/el-corazon-de-la-bestia
CABA,Cinépolis,Cinépolis Recoleta,"Vicente López 2050, Recoleta",El corazón de la bestia,2D Subtitulada,22:10,,,,https://cartelera.ar/pelicula/el-corazon-de-la-bestia
CABA,Cinépolis,Cinépolis Recoleta,"Vicente López 2050, Recoleta",La invitación,2D Subtitulada,22:00,,,,https://cartelera.ar/pelicula/la-invitacion
CABA,Cinépolis,Cinépolis Recoleta,"Vicente López 2050, Recoleta",La Odisea,2D Subtitulada,15:00,,,,https://cartelera.ar/pelicula/la-odisea
CABA,Cinépolis,Cinépolis Recoleta,"Vicente López 2050, Recoleta",La Odisea,2D Subtitulada,18:50,,,,https://cartelera.ar/pelicula/la-odisea
CABA,Cinépolis,Cinépolis Recoleta,"Vicente López 2050, Recoleta",La Odisea,2D Subtitulada,22:30,,,,https://cartelera.ar/pelicula/la-odisea
CABA,Cinépolis,Cinépolis Recoleta,"Vicente López 2050, Recoleta",Una quinta en Portugal,2D Doblada,14:30,,,,https://cartelera.ar/pelicula/una-quinta-en-portugal
CABA,Cinépolis,Cinépolis Recoleta,"Vicente López 2050, Recoleta",Hechizo de amor: La magia continúa,2D Subtitulada,19:00,,,,https://cartelera.ar/pelicula/hechizo-de-amor-la-magia-continua
CABA,Cinépolis,Cinépolis Recoleta,"Vicente López 2050, Recoleta",Resident Evil: Noche Cero,2D Subtitulada,13:15,,,,https://cartelera.ar/pelicula/resident-evil-noche-cero
CABA,Cinépolis,Cinépolis Recoleta,"Vicente López 2050, Recoleta",Resident Evil: Noche Cero,2D Subtitulada,15:30,,,,https://cartelera.ar/pelicula/resident-evil-noche-cero
CABA,Cinépolis,Cinépolis Recoleta,"Vicente López 2050, Recoleta",Resident Evil: Noche Cero,2D Subtitulada,17:40,,,,https://cartelera.ar/pelicula/resident-evil-noche-cero
CABA,Cinépolis,Cinépolis Recoleta,"Vicente López 2050, Recoleta",Resident Evil: Noche Cero,2D Subtitulada,20:00,,,,https://cartelera.ar/pelicula/resident-evil-noche-cero
CABA,Cinépolis,Cinépolis Recoleta,"Vicente López 2050, Recoleta",Resident Evil: Noche Cero,2D Subtitulada,22:20,,,,https://cartelera.ar/pelicula/resident-evil-noche-cero
CABA,Cinépolis,Cinépolis Recoleta,"Vicente López 2050, Recoleta",Resident Evil: Noche Cero,2D Subtitulada,23:00,,,,https://cartelera.ar/pelicula/resident-evil-noche-cero
CABA,Cinépolis,Cinépolis Recoleta,"Vicente López 2050, Recoleta",La isla olvidada,2D Doblada,12:40,,,,https://cartelera.ar/pelicula/la-isla-olvidada
CABA,Cinépolis,Cinépolis Recoleta,"Vicente López 2050, Recoleta",La isla olvidada,3D Doblada,15:10,,,,https://cartelera.ar/pelicula/la-isla-olvidada
CABA,Cinépolis,Cinépolis Recoleta,"Vicente López 2050, Recoleta",La isla olvidada,2D Doblada,17:45,,,,https://cartelera.ar/pelicula/la-isla-olvidada
CABA,Cinépolis,Cinépolis Recoleta,"Vicente López 2050, Recoleta",Coyote vs. Acme,2D Subtitulada,14:00,,,,https://cartelera.ar/pelicula/coyote-vs-acme
CABA,Cinépolis,Cinépolis Recoleta,"Vicente López 2050, Recoleta",Coyote vs. Acme,2D Subtitulada,16:30,,,,https://cartelera.ar/pelicula/coyote-vs-acme
CABA,Cinépolis,Cinépolis Recoleta,"Vicente López 2050, Recoleta",Yo Narciso,2D Doblada,19:45,,,,https://cartelera.ar/pelicula/yo-narciso
CABA,Cinépolis,Cinépolis Recoleta,"Vicente López 2050, Recoleta",Linkin Park: Unshatter,2D Subtitulada,22:00,,,,https://cartelera.ar/pelicula/linkin-park-unshatter
CABA,Cinépolis,Cinépolis Recoleta,"Vicente López 2050, Recoleta",Tres adioses,2D Subtitulada,17:10,,,,https://cartelera.ar/pelicula/tres-adioses
CABA,Cinépolis,Cinépolis Recoleta,"Vicente López 2050, Recoleta",Tres adioses,2D Subtitulada,20:15,,,,https://cartelera.ar/pelicula/tres-adioses
CABA,Cinépolis,Cinépolis Recoleta,"Vicente López 2050, Recoleta",Avengers: Endgame Bonus - Infinity Vision,3D Subtitulada,13:30,,,,https://cartelera.ar/pelicula/avengers-endgame-bonus-infinity-vision
CABA,Cinépolis,Cinépolis Recoleta,"Vicente López 2050, Recoleta",Avengers: Endgame Bonus - Infinity Vision,2D Subtitulada,14:00,,,,https://cartelera.ar/pelicula/avengers-endgame-bonus-infinity-vision
CABA,Cinépolis,Cinépolis Recoleta,"Vicente López 2050, Recoleta",Avengers: Endgame Bonus - Infinity Vision,3D Subtitulada,14:30,,,,https://cartelera.ar/pelicula/avengers-endgame-bonus-infinity-vision
CABA,Cinépolis,Cinépolis Recoleta,"Vicente López 2050, Recoleta",Avengers: Endgame Bonus - Infinity Vision,3D Subtitulada,17:30,,,,https://cartelera.ar/pelicula/avengers-endgame-bonus-infinity-vision
CABA,Cinépolis,Cinépolis Recoleta,"Vicente López 2050, Recoleta",Avengers: Endgame Bonus - Infinity Vision,2D Subtitulada,18:00,,,,https://cartelera.ar/pelicula/avengers-endgame-bonus-infinity-vision
CABA,Cinépolis,Cinépolis Recoleta,"Vicente López 2050, Recoleta",Avengers: Endgame Bonus - Infinity Vision,3D Subtitulada,18:30,,,,https://cartelera.ar/pelicula/avengers-endgame-bonus-infinity-vision
CABA,Cinépolis,Cinépolis Recoleta,"Vicente López 2050, Recoleta",Avengers: Endgame Bonus - Infinity Vision,3D Subtitulada,22:00,,,,https://cartelera.ar/pelicula/avengers-endgame-bonus-infinity-vision
CABA,Cinépolis,Cinépolis Recoleta,"Vicente López 2050, Recoleta",Avengers: Endgame Bonus - Infinity Vision,2D Subtitulada,22:15,,,,https://cartelera.ar/pelicula/avengers-endgame-bonus-infinity-vision
CABA,Cinépolis,Cinépolis Recoleta,"Vicente López 2050, Recoleta",Avengers: Endgame Bonus - Infinity Vision,3D Subtitulada,22:30,,,,https://cartelera.ar/pelicula/avengers-endgame-bonus-infinity-vision
CABA,Cinépolis,Cinépolis Recoleta,"Vicente López 2050, Recoleta",Her Private Hell,2D Subtitulada,20:00,,,,https://cartelera.ar/pelicula/her-private-hell
CABA,Atlas Cines,Atlas Caballito,"Rivadavia 5071, Caballito",El corazón de la bestia,2D Doblada,13:20,,,,https://cartelera.ar/pelicula/el-corazon-de-la-bestia
CABA,Atlas Cines,Atlas Caballito,"Rivadavia 5071, Caballito",El corazón de la bestia,2D Doblada,15:40,,,,https://cartelera.ar/pelicula/el-corazon-de-la-bestia
CABA,Atlas Cines,Atlas Caballito,"Rivadavia 5071, Caballito",El corazón de la bestia,2D Subtitulada,18:00,,,,https://cartelera.ar/pelicula/el-corazon-de-la-bestia
CABA,Atlas Cines,Atlas Caballito,"Rivadavia 5071, Caballito",El corazón de la bestia,2D Subtitulada,20:20,,,,https://cartelera.ar/pelicula/el-corazon-de-la-bestia
CABA,Atlas Cines,Atlas Caballito,"Rivadavia 5071, Caballito",El corazón de la bestia,2D Subtitulada,22:40,,,,https://cartelera.ar/pelicula/el-corazon-de-la-bestia
CABA,Atlas Cines,Atlas Caballito,"Rivadavia 5071, Caballito",La invitación,2D Subtitulada,20:00,,,,https://cartelera.ar/pelicula/la-invitacion
CABA,Atlas Cines,Atlas Caballito,"Rivadavia 5071, Caballito",La Odisea,2D Subtitulada,18:30,,,,https://cartelera.ar/pelicula/la-odisea
CABA,Atlas Cines,Atlas Caballito,"Rivadavia 5071, Caballito",Spider-Man: Un nuevo día,2D Doblada,14:20,,,,https://cartelera.ar/pelicula/spider-man-un-nuevo-dia
CABA,Atlas Cines,Atlas Caballito,"Rivadavia 5071, Caballito",Spider-Man: Un nuevo día,2D Doblada,22:00,,,,https://cartelera.ar/pelicula/spider-man-un-nuevo-dia
CABA,Atlas Cines,Atlas Caballito,"Rivadavia 5071, Caballito",Minions & monstruos,2D Doblada,13:00,,,,https://cartelera.ar/pelicula/minions-monstruos
CABA,Atlas Cines,Atlas Caballito,"Rivadavia 5071, Caballito",PAW Patrol: La Dino Película,2D Doblada,13:20,,,,https://cartelera.ar/pelicula/paw-patrol-la-dino-pelicula
CABA,Atlas Cines,Atlas Caballito,"Rivadavia 5071, Caballito",PAW Patrol: La Dino Película,2D Doblada,15:30,,,,https://cartelera.ar/pelicula/paw-patrol-la-dino-pelicula
CABA,Atlas Cines,Atlas Caballito,"Rivadavia 5071, Caballito",Resident Evil: Noche Cero,2D Doblada,12:30,,,,https://cartelera.ar/pelicula/resident-evil-noche-cero
CABA,Atlas Cines,Atlas Caballito,"Rivadavia 5071, Caballito",Resident Evil: Noche Cero,2D Doblada,12:50,,,,https://cartelera.ar/pelicula/resident-evil-noche-cero
CABA,Atlas Cines,Atlas Caballito,"Rivadavia 5071, Caballito",Resident Evil: Noche Cero,2D Doblada,15:00,,,,https://cartelera.ar/pelicula/resident-evil-noche-cero
CABA,Atlas Cines,Atlas Caballito,"Rivadavia 5071, Caballito",Resident Evil: Noche Cero,2D Doblada,17:10,,,,https://cartelera.ar/pelicula/resident-evil-noche-cero
CABA,Atlas Cines,Atlas Caballito,"Rivadavia 5071, Caballito",Resident Evil: Noche Cero,2D Subtitulada,20:40,,,,https://cartelera.ar/pelicula/resident-evil-noche-cero
CABA,Atlas Cines,Atlas Caballito,"Rivadavia 5071, Caballito",Resident Evil: Noche Cero,2D Doblada,22:20,,,,https://cartelera.ar/pelicula/resident-evil-noche-cero
CABA,Atlas Cines,Atlas Caballito,"Rivadavia 5071, Caballito",Resident Evil: Noche Cero,2D Subtitulada,22:50,,,,https://cartelera.ar/pelicula/resident-evil-noche-cero
CABA,Atlas Cines,Atlas Caballito,"Rivadavia 5071, Caballito",La isla olvidada,3D Doblada,12:50,,,,https://cartelera.ar/pelicula/la-isla-olvidada
CABA,Atlas Cines,Atlas Caballito,"Rivadavia 5071, Caballito",La isla olvidada,2D Doblada,13:40,,,,https://cartelera.ar/pelicula/la-isla-olvidada
CABA,Atlas Cines,Atlas Caballito,"Rivadavia 5071, Caballito",La isla olvidada,3D Doblada,15:20,,,,https://cartelera.ar/pelicula/la-isla-olvidada
CABA,Atlas Cines,Atlas Caballito,"Rivadavia 5071, Caballito",La isla olvidada,2D Doblada,16:00,,,,https://cartelera.ar/pelicula/la-isla-olvidada
CABA,Atlas Cines,Atlas Caballito,"Rivadavia 5071, Caballito",La isla olvidada,3D Doblada,17:40,,,,https://cartelera.ar/pelicula/la-isla-olvidada
CABA,Atlas Cines,Atlas Caballito,"Rivadavia 5071, Caballito",La isla olvidada,2D Doblada,18:20,,,,https://cartelera.ar/pelicula/la-isla-olvidada
CABA,Atlas Cines,Atlas Caballito,"Rivadavia 5071, Caballito",La isla olvidada,2D Doblada,20:00,,,,https://cartelera.ar/pelicula/la-isla-olvidada
CABA,Atlas Cines,Atlas Caballito,"Rivadavia 5071, Caballito",Coyote vs. Acme,2D Doblada,13:00,,,,https://cartelera.ar/pelicula/coyote-vs-acme
CABA,Atlas Cines,Atlas Caballito,"Rivadavia 5071, Caballito",Coyote vs. Acme,2D Doblada,15:20,,,,https://cartelera.ar/pelicula/coyote-vs-acme
CABA,Atlas Cines,Atlas Caballito,"Rivadavia 5071, Caballito",Coyote vs. Acme,2D Doblada,17:40,,,,https://cartelera.ar/pelicula/coyote-vs-acme
CABA,Atlas Cines,Atlas Caballito,"Rivadavia 5071, Caballito",Yo Narciso,2D Doblada,18:00,,,,https://cartelera.ar/pelicula/yo-narciso
CABA,Atlas Cines,Atlas Caballito,"Rivadavia 5071, Caballito",Yo Narciso,2D Doblada,20:10,,,,https://cartelera.ar/pelicula/yo-narciso
CABA,Atlas Cines,Atlas Caballito,"Rivadavia 5071, Caballito",El último gran golpe,2D Subtitulada,20:00,,,,https://cartelera.ar/pelicula/el-ultimo-gran-golpe
CABA,Atlas Cines,Atlas Caballito,"Rivadavia 5071, Caballito",Bajo tus pies,2D Doblada,22:20,,,,https://cartelera.ar/pelicula/bajo-tus-pies
CABA,Atlas Cines,Atlas Caballito,"Rivadavia 5071, Caballito",Her Private Hell,2D Subtitulada,22:20,,,,https://cartelera.ar/pelicula/her-private-hell
CABA,Atlas Cines,Atlas Caballito,"Rivadavia 5071, Caballito",Avengers: Endgame,4DX Doblada,14:40,,,,https://cartelera.ar/pelicula/avengers-endgame
CABA,Atlas Cines,Atlas Caballito,"Rivadavia 5071, Caballito",Avengers: Endgame,2D Doblada,15:00,,,,https://cartelera.ar/pelicula/avengers-endgame
CABA,Atlas Cines,Atlas Caballito,"Rivadavia 5071, Caballito",Avengers: Endgame,4DX Doblada,18:20,,,,https://cartelera.ar/pelicula/avengers-endgame
CABA,Atlas Cines,Atlas Caballito,"Rivadavia 5071, Caballito",Avengers: Endgame,2D Doblada,19:20,,,,https://cartelera.ar/pelicula/avengers-endgame
CABA,Atlas Cines,Atlas Caballito,"Rivadavia 5071, Caballito",Avengers: Endgame,4DX Doblada,22:00,,,,https://cartelera.ar/pelicula/avengers-endgame
CABA,Atlas Cines,Atlas Caballito,"Rivadavia 5071, Caballito",Avengers: Endgame,2D Subtitulada,22:20,,,,https://cartelera.ar/pelicula/avengers-endgame
CABA,Atlas Cines,Atlas Caballito,"Rivadavia 5071, Caballito",La Noche del Demonio:estan Ent,2D Doblada,23:00,,,,https://cartelera.ar/pelicula/la-noche-del-demonio-estan-ent
CABA,Atlas Cines,Atlas Caballito,"Rivadavia 5071, Caballito",Hechizo de Amor:la Magia Cont,2D Doblada,17:20,,,,https://cartelera.ar/pelicula/hechizo-de-amor-la-magia-cont
GBA Sur,Cinemark Hoyts,Hoyts Quilmes,Av. Calchaquí 3950,Avengers: Endgame (re Estreno),2D Doblada,14:00,,,,https://www.cinemark.com.ar/peliculas/avengers-endgame-re-estreno
GBA Sur,Cinemark Hoyts,Hoyts Quilmes,Av. Calchaquí 3950,Avengers: Endgame (re Estreno),4D 3D IV Doblada,14:30,,,,https://www.cinemark.com.ar/peliculas/avengers-endgame-re-estreno
GBA Sur,Cinemark Hoyts,Hoyts Quilmes,Av. Calchaquí 3950,Avengers: Endgame (re Estreno),2D Doblada,18:00,,,,https://www.cinemark.com.ar/peliculas/avengers-endgame-re-estreno
GBA Sur,Cinemark Hoyts,Hoyts Quilmes,Av. Calchaquí 3950,Avengers: Endgame (re Estreno),4D 3D IV Doblada,18:30,,,,https://www.cinemark.com.ar/peliculas/avengers-endgame-re-estreno
GBA Sur,Cinemark Hoyts,Hoyts Quilmes,Av. Calchaquí 3950,Avengers: Endgame (re Estreno),2D Subtitulada,22:00,,,,https://www.cinemark.com.ar/peliculas/avengers-endgame-re-estreno
GBA Sur,Cinemark Hoyts,Hoyts Quilmes,Av. Calchaquí 3950,Avengers: Endgame (re Estreno),4D 3D IV Doblada,22:30,,,,https://www.cinemark.com.ar/peliculas/avengers-endgame-re-estreno
GBA Sur,Cinemark Hoyts,Hoyts Quilmes,Av. Calchaquí 3950,Bajo tus pies,2D Doblada,15:10,,,,https://www.cinemark.com.ar/peliculas/bajo-tus-pies
GBA Sur,Cinemark Hoyts,Hoyts Quilmes,Av. Calchaquí 3950,Bajo tus pies,2D Doblada,20:20,,,,https://www.cinemark.com.ar/peliculas/bajo-tus-pies
GBA Sur,Cinemark Hoyts,Hoyts Quilmes,Av. Calchaquí 3950,Coyote vs. Acme,2D Doblada,12:40,,,,https://www.cinemark.com.ar/peliculas/coyote-vs-acme
GBA Sur,Cinemark Hoyts,Hoyts Quilmes,Av. Calchaquí 3950,Coyote vs. Acme,2D Doblada,15:00,,,,https://www.cinemark.com.ar/peliculas/coyote-vs-acme
GBA Sur,Cinemark Hoyts,Hoyts Quilmes,Av. Calchaquí 3950,Coyote vs. Acme,2D Doblada,17:30,,,,https://www.cinemark.com.ar/peliculas/coyote-vs-acme
GBA Sur,Cinemark Hoyts,Hoyts Quilmes,Av. Calchaquí 3950,El corazón de la bestia,2D Doblada,14:00,,,,https://www.cinemark.com.ar/peliculas/el-corazon-de-la-bestia
GBA Sur,Cinemark Hoyts,Hoyts Quilmes,Av. Calchaquí 3950,El corazón de la bestia,2D Doblada,16:30,,,,https://www.cinemark.com.ar/peliculas/el-corazon-de-la-bestia
GBA Sur,Cinemark Hoyts,Hoyts Quilmes,Av. Calchaquí 3950,El corazón de la bestia,2D Doblada,19:00,,,,https://www.cinemark.com.ar/peliculas/el-corazon-de-la-bestia
GBA Sur,Cinemark Hoyts,Hoyts Quilmes,Av. Calchaquí 3950,El corazón de la bestia,2D Doblada,21:50,,,,https://www.cinemark.com.ar/peliculas/el-corazon-de-la-bestia
GBA Sur,Cinemark Hoyts,Hoyts Quilmes,Av. Calchaquí 3950,El corazón de la bestia,2D Doblada,22:50,,,,https://www.cinemark.com.ar/peliculas/el-corazon-de-la-bestia
GBA Sur,Cinemark Hoyts,Hoyts Quilmes,Av. Calchaquí 3950,El último gran golpe,2D Doblada,14:50,,,,https://www.cinemark.com.ar/peliculas/el-ultimo-gran-golpe
GBA Sur,Cinemark Hoyts,Hoyts Quilmes,Av. Calchaquí 3950,El último gran golpe,2D Doblada,17:30,,,,https://www.cinemark.com.ar/peliculas/el-ultimo-gran-golpe
GBA Sur,Cinemark Hoyts,Hoyts Quilmes,Av. Calchaquí 3950,El último gran golpe,2D Doblada,20:10,,,,https://www.cinemark.com.ar/peliculas/el-ultimo-gran-golpe
GBA Sur,Cinemark Hoyts,Hoyts Quilmes,Av. Calchaquí 3950,El último gran golpe,2D Doblada,23:00,,,,https://www.cinemark.com.ar/peliculas/el-ultimo-gran-golpe
GBA Sur,Cinemark Hoyts,Hoyts Quilmes,Av. Calchaquí 3950,Encantador,2D Doblada,17:40,,,,https://www.cinemark.com.ar/peliculas/encantador
GBA Sur,Cinemark Hoyts,Hoyts Quilmes,Av. Calchaquí 3950,Encantador,2D Doblada,22:35,,,,https://www.cinemark.com.ar/peliculas/encantador
GBA Sur,Cinemark Hoyts,Hoyts Quilmes,Av. Calchaquí 3950,Hechizo de amor: La magia continúa,2D Doblada,16:20,,,,https://www.cinemark.com.ar/peliculas/hechizo-de-amor-la-magia-continua
GBA Sur,Cinemark Hoyts,Hoyts Quilmes,Av. Calchaquí 3950,La isla olvidada,2D Doblada,14:20,,,,https://www.cinemark.com.ar/peliculas/la-isla-olvidada
GBA Sur,Cinemark Hoyts,Hoyts Quilmes,Av. Calchaquí 3950,La isla olvidada,3D Doblada,17:00,,,,https://www.cinemark.com.ar/peliculas/la-isla-olvidada
GBA Sur,Cinemark Hoyts,Hoyts Quilmes,Av. Calchaquí 3950,La isla olvidada,2D Doblada,19:40,,,,https://www.cinemark.com.ar/peliculas/la-isla-olvidada
GBA Sur,Cinemark Hoyts,Hoyts Quilmes,Av. Calchaquí 3950,La isla olvidada,2D Doblada,22:15,,,,https://www.cinemark.com.ar/peliculas/la-isla-olvidada
GBA Sur,Cinemark Hoyts,Hoyts Quilmes,Av. Calchaquí 3950,La Noche del Demonio 6,2D Doblada,14:20,,,,https://www.cinemark.com.ar/peliculas/la-noche-del-demonio-estan-entre-nosotros
GBA Sur,Cinemark Hoyts,Hoyts Quilmes,Av. Calchaquí 3950,La Noche del Demonio 6,2D Doblada,16:45,,,,https://www.cinemark.com.ar/peliculas/la-noche-del-demonio-estan-entre-nosotros
GBA Sur,Cinemark Hoyts,Hoyts Quilmes,Av. Calchaquí 3950,La Noche del Demonio 6,2D Doblada,19:30,,,,https://www.cinemark.com.ar/peliculas/la-noche-del-demonio-estan-entre-nosotros
GBA Sur,Cinemark Hoyts,Hoyts Quilmes,Av. Calchaquí 3950,La Noche del Demonio 6,2D Doblada,22:10,,,,https://www.cinemark.com.ar/peliculas/la-noche-del-demonio-estan-entre-nosotros
GBA Sur,Cinemark Hoyts,Hoyts Quilmes,Av. Calchaquí 3950,La Odisea,2D Doblada,19:10,,,,https://www.cinemark.com.ar/peliculas/la-odisea
GBA Sur,Cinemark Hoyts,Hoyts Quilmes,Av. Calchaquí 3950,LINKIN PARK: UNSHATTER,2D Subtitulada,20:00,,,,https://www.cinemark.com.ar/peliculas/linkin-park-unshatter
GBA Sur,Cinemark Hoyts,Hoyts Quilmes,Av. Calchaquí 3950,Resident Evil: Noche Cero,2D Doblada,13:15,,,,https://www.cinemark.com.ar/peliculas/resident-evil-noche-cero
GBA Sur,Cinemark Hoyts,Hoyts Quilmes,Av. Calchaquí 3950,Resident Evil: Noche Cero,2D Doblada,14:30,,,,https://www.cinemark.com.ar/peliculas/resident-evil-noche-cero
GBA Sur,Cinemark Hoyts,Hoyts Quilmes,Av. Calchaquí 3950,Resident Evil: Noche Cero,2D Doblada,15:30,,,,https://www.cinemark.com.ar/peliculas/resident-evil-noche-cero
GBA Sur,Cinemark Hoyts,Hoyts Quilmes,Av. Calchaquí 3950,Resident Evil: Noche Cero,2D Doblada,16:50,,,,https://www.cinemark.com.ar/peliculas/resident-evil-noche-cero
GBA Sur,Cinemark Hoyts,Hoyts Quilmes,Av. Calchaquí 3950,Resident Evil: Noche Cero,2D Doblada,17:45,,,,https://www.cinemark.com.ar/peliculas/resident-evil-noche-cero
GBA Sur,Cinemark Hoyts,Hoyts Quilmes,Av. Calchaquí 3950,Resident Evil: Noche Cero,2D Doblada,19:10,,,,https://www.cinemark.com.ar/peliculas/resident-evil-noche-cero
GBA Sur,Cinemark Hoyts,Hoyts Quilmes,Av. Calchaquí 3950,Resident Evil: Noche Cero,2D Subtitulada,20:00,,,,https://www.cinemark.com.ar/peliculas/resident-evil-noche-cero
GBA Sur,Cinemark Hoyts,Hoyts Quilmes,Av. Calchaquí 3950,Resident Evil: Noche Cero,2D Doblada,21:30,,,,https://www.cinemark.com.ar/peliculas/resident-evil-noche-cero
GBA Sur,Cinemark Hoyts,Hoyts Quilmes,Av. Calchaquí 3950,Resident Evil: Noche Cero,2D Doblada,22:20,,,,https://www.cinemark.com.ar/peliculas/resident-evil-noche-cero
GBA Sur,Cinemark Hoyts,Hoyts Quilmes,Av. Calchaquí 3950,Spider-Man: Un nuevo día,2D Doblada,13:00,,,,https://www.cinemark.com.ar/peliculas/spider-man-un-nuevo-dia
GBA Sur,Cinemark Hoyts,Hoyts Quilmes,Av. Calchaquí 3950,Spider-Man: Un nuevo día,3D Doblada,16:10,,,,https://www.cinemark.com.ar/peliculas/spider-man-un-nuevo-dia
GBA Sur,Cinemark Hoyts,Hoyts Quilmes,Av. Calchaquí 3950,Spider-Man: Un nuevo día,2D Doblada,19:20,,,,https://www.cinemark.com.ar/peliculas/spider-man-un-nuevo-dia
GBA Sur,Cinemark Hoyts,Hoyts Quilmes,Av. Calchaquí 3950,Spider-Man: Un nuevo día,3D Doblada,22:40,,,,https://www.cinemark.com.ar/peliculas/spider-man-un-nuevo-dia
GBA Sur,Cinemark Hoyts,Hoyts Quilmes,Av. Calchaquí 3950,Toy Story 5,2D Doblada,13:50,,,,https://www.cinemark.com.ar/peliculas/toy-story-5
GBA Sur,Cinemark Hoyts,Hoyts Quilmes,Av. Calchaquí 3950,Yo Narciso,2D Doblada,22:45,,,,https://www.cinemark.com.ar/peliculas/yo-narciso
GBA Sur,Multiplex,Multiplex Canning,"Formosa 653, Canning (Shopping Las Toscas)",Avengers: Endgame (re Estreno),4D (3D) Doblada,14:15,,,,https://multiplex.com.ar/peliculas/avengers-endgame-re-estreno/
GBA Sur,Multiplex,Multiplex Canning,"Formosa 653, Canning (Shopping Las Toscas)",Avengers: Endgame (re Estreno),2D Doblada,15:00,,,,https://multiplex.com.ar/peliculas/avengers-endgame-re-estreno/
GBA Sur,Multiplex,Multiplex Canning,"Formosa 653, Canning (Shopping Las Toscas)",Avengers: Endgame (re Estreno),2D XTREMO Doblada,18:30,,,,https://multiplex.com.ar/peliculas/avengers-endgame-re-estreno/
GBA Sur,Multiplex,Multiplex Canning,"Formosa 653, Canning (Shopping Las Toscas)",Avengers: Endgame (re Estreno),2D Doblada,19:10,,,,https://multiplex.com.ar/peliculas/avengers-endgame-re-estreno/
GBA Sur,Multiplex,Multiplex Canning,"Formosa 653, Canning (Shopping Las Toscas)",Avengers: Endgame (re Estreno),4D (3D) Doblada,19:30,,,,https://multiplex.com.ar/peliculas/avengers-endgame-re-estreno/
GBA Sur,Multiplex,Multiplex Canning,"Formosa 653, Canning (Shopping Las Toscas)",Avengers: Endgame (re Estreno),2D XTREMO Subtitulada,22:00,,,,https://multiplex.com.ar/peliculas/avengers-endgame-re-estreno/
GBA Sur,Multiplex,Multiplex Canning,"Formosa 653, Canning (Shopping Las Toscas)",Coyote vs. Acme,2D Doblada,12:50,,,,https://multiplex.com.ar/peliculas/coyote-vs-acme/
GBA Sur,Multiplex,Multiplex Canning,"Formosa 653, Canning (Shopping Las Toscas)",Coyote vs. Acme,2D Doblada,13:45,,,,https://multiplex.com.ar/peliculas/coyote-vs-acme/
GBA Sur,Multiplex,Multiplex Canning,"Formosa 653, Canning (Shopping Las Toscas)",El corazón de la bestia,2D Doblada,13:45,,,,https://multiplex.com.ar/peliculas/el-corazon-de-la-bestia/
GBA Sur,Multiplex,Multiplex Canning,"Formosa 653, Canning (Shopping Las Toscas)",El corazón de la bestia,2D Doblada,16:00,,,,https://multiplex.com.ar/peliculas/el-corazon-de-la-bestia/
GBA Sur,Multiplex,Multiplex Canning,"Formosa 653, Canning (Shopping Las Toscas)",El corazón de la bestia,2D Doblada,20:45,,,,https://multiplex.com.ar/peliculas/el-corazon-de-la-bestia/
GBA Sur,Multiplex,Multiplex Canning,"Formosa 653, Canning (Shopping Las Toscas)",El corazón de la bestia,2D Subtitulada,22:50,,,,https://multiplex.com.ar/peliculas/el-corazon-de-la-bestia/
GBA Sur,Multiplex,Multiplex Canning,"Formosa 653, Canning (Shopping Las Toscas)",El último gran golpe,2D Doblada,22:30,,,,https://multiplex.com.ar/peliculas/el-ultimo-gran-golpe/
GBA Sur,Multiplex,Multiplex Canning,"Formosa 653, Canning (Shopping Las Toscas)",La isla olvidada,2D Doblada,13:40,,,,https://multiplex.com.ar/peliculas/la-isla-olvidada/
GBA Sur,Multiplex,Multiplex Canning,"Formosa 653, Canning (Shopping Las Toscas)",La isla olvidada,2D Doblada,15:50,,,,https://multiplex.com.ar/peliculas/la-isla-olvidada/
GBA Sur,Multiplex,Multiplex Canning,"Formosa 653, Canning (Shopping Las Toscas)",La isla olvidada,2D Doblada,18:00,,,,https://multiplex.com.ar/peliculas/la-isla-olvidada/
GBA Sur,Multiplex,Multiplex Canning,"Formosa 653, Canning (Shopping Las Toscas)",La noche del demonio: Están entre nosotros,2D Doblada,20:20,,,,https://multiplex.com.ar/peliculas/la-noche-del-demonio-estan-entre-nosotros/
GBA Sur,Multiplex,Multiplex Canning,"Formosa 653, Canning (Shopping Las Toscas)",La noche del demonio: Están entre nosotros,2D Doblada,22:45,,,,https://multiplex.com.ar/peliculas/la-noche-del-demonio-estan-entre-nosotros/
GBA Sur,Multiplex,Multiplex Canning,"Formosa 653, Canning (Shopping Las Toscas)",La Odisea,2D Doblada,16:00,,,,https://multiplex.com.ar/peliculas/la-odisea/
GBA Sur,Multiplex,Multiplex Canning,"Formosa 653, Canning (Shopping Las Toscas)",Resident Evil: Noche Cero,2D Doblada,14:50,,,,https://multiplex.com.ar/peliculas/resident-evil-noche-cero/
GBA Sur,Multiplex,Multiplex Canning,"Formosa 653, Canning (Shopping Las Toscas)",Resident Evil: Noche Cero,2D Doblada,16:40,,,,https://multiplex.com.ar/peliculas/resident-evil-noche-cero/
GBA Sur,Multiplex,Multiplex Canning,"Formosa 653, Canning (Shopping Las Toscas)",Resident Evil: Noche Cero,4D (2D) Doblada,17:35,,,,https://multiplex.com.ar/peliculas/resident-evil-noche-cero/
GBA Sur,Multiplex,Multiplex Canning,"Formosa 653, Canning (Shopping Las Toscas)",Resident Evil: Noche Cero,2D Doblada,18:50,,,,https://multiplex.com.ar/peliculas/resident-evil-noche-cero/
GBA Sur,Multiplex,Multiplex Canning,"Formosa 653, Canning (Shopping Las Toscas)",Resident Evil: Noche Cero,2D Doblada,20:50,,,,https://multiplex.com.ar/peliculas/resident-evil-noche-cero/
GBA Sur,Multiplex,Multiplex Canning,"Formosa 653, Canning (Shopping Las Toscas)",Resident Evil: Noche Cero,2D Doblada,22:40,,,,https://multiplex.com.ar/peliculas/resident-evil-noche-cero/
GBA Sur,Multiplex,Multiplex Canning,"Formosa 653, Canning (Shopping Las Toscas)",Resident Evil: Noche Cero,4D (2D) Doblada,22:50,,,,https://multiplex.com.ar/peliculas/resident-evil-noche-cero/
GBA Sur,Multiplex,Multiplex Canning,"Formosa 653, Canning (Shopping Las Toscas)",Spider-man: Un Dia Nuevo,2D Doblada,18:00,,,,https://multiplex.com.ar/peliculas/spider-man-un-dia-nuevo/
GBA Sur,Multiplex,Multiplex Canning,"Formosa 653, Canning (Shopping Las Toscas)",Toy Story 5,2D Doblada,12:45,,,,https://multiplex.com.ar/peliculas/toy-story-5/
GBA Sur,Cinépolis,Cinépolis Avellaneda,"Av. Mitre 2702, Avellaneda",El corazón de la bestia,2D Doblada,13:20,,,,https://cartelera.ar/pelicula/el-corazon-de-la-bestia
GBA Sur,Cinépolis,Cinépolis Avellaneda,"Av. Mitre 2702, Avellaneda",El corazón de la bestia,2D Doblada,15:50,,,,https://cartelera.ar/pelicula/el-corazon-de-la-bestia
GBA Sur,Cinépolis,Cinépolis Avellaneda,"Av. Mitre 2702, Avellaneda",El corazón de la bestia,2D Doblada,18:20,,,,https://cartelera.ar/pelicula/el-corazon-de-la-bestia
GBA Sur,Cinépolis,Cinépolis Avellaneda,"Av. Mitre 2702, Avellaneda",El corazón de la bestia,2D Doblada,20:50,,,,https://cartelera.ar/pelicula/el-corazon-de-la-bestia
GBA Sur,Cinépolis,Cinépolis Avellaneda,"Av. Mitre 2702, Avellaneda",El corazón de la bestia,2D Doblada,23:20,,,,https://cartelera.ar/pelicula/el-corazon-de-la-bestia
GBA Sur,Cinépolis,Cinépolis Avellaneda,"Av. Mitre 2702, Avellaneda",La noche del demonio: Están entre nosotros,2D Doblada,16:45,,,,https://cartelera.ar/pelicula/la-noche-del-demonio-estan-entre-nosotros
GBA Sur,Cinépolis,Cinépolis Avellaneda,"Av. Mitre 2702, Avellaneda",La noche del demonio: Están entre nosotros,2D Doblada,23:30,,,,https://cartelera.ar/pelicula/la-noche-del-demonio-estan-entre-nosotros
GBA Sur,Cinépolis,Cinépolis Avellaneda,"Av. Mitre 2702, Avellaneda",Resident Evil: Noche Cero,2D Doblada,13:00,,,,https://cartelera.ar/pelicula/resident-evil-noche-cero
GBA Sur,Cinépolis,Cinépolis Avellaneda,"Av. Mitre 2702, Avellaneda",Resident Evil: Noche Cero,2D Doblada,14:30,,,,https://cartelera.ar/pelicula/resident-evil-noche-cero
GBA Sur,Cinépolis,Cinépolis Avellaneda,"Av. Mitre 2702, Avellaneda",Resident Evil: Noche Cero,2D Doblada,15:30,,,,https://cartelera.ar/pelicula/resident-evil-noche-cero
GBA Sur,Cinépolis,Cinépolis Avellaneda,"Av. Mitre 2702, Avellaneda",Resident Evil: Noche Cero,2D Doblada,17:00,,,,https://cartelera.ar/pelicula/resident-evil-noche-cero
GBA Sur,Cinépolis,Cinépolis Avellaneda,"Av. Mitre 2702, Avellaneda",Resident Evil: Noche Cero,2D Doblada,18:00,,,,https://cartelera.ar/pelicula/resident-evil-noche-cero
GBA Sur,Cinépolis,Cinépolis Avellaneda,"Av. Mitre 2702, Avellaneda",Resident Evil: Noche Cero,2D Doblada,19:30,,,,https://cartelera.ar/pelicula/resident-evil-noche-cero
GBA Sur,Cinépolis,Cinépolis Avellaneda,"Av. Mitre 2702, Avellaneda",Resident Evil: Noche Cero,2D Subtitulada,20:30,,,,https://cartelera.ar/pelicula/resident-evil-noche-cero
GBA Sur,Cinépolis,Cinépolis Avellaneda,"Av. Mitre 2702, Avellaneda",Resident Evil: Noche Cero,2D Doblada,22:00,,,,https://cartelera.ar/pelicula/resident-evil-noche-cero
GBA Sur,Cinépolis,Cinépolis Avellaneda,"Av. Mitre 2702, Avellaneda",Resident Evil: Noche Cero,2D Subtitulada,23:00,,,,https://cartelera.ar/pelicula/resident-evil-noche-cero
GBA Sur,Cinépolis,Cinépolis Avellaneda,"Av. Mitre 2702, Avellaneda",Pepita la Pistolera,2D Doblada,22:30,,,,https://cartelera.ar/pelicula/pepita-la-pistolera
GBA Sur,Cinépolis,Cinépolis Avellaneda,"Av. Mitre 2702, Avellaneda",La isla olvidada,3D Doblada,13:00,,,,https://cartelera.ar/pelicula/la-isla-olvidada
GBA Sur,Cinépolis,Cinépolis Avellaneda,"Av. Mitre 2702, Avellaneda",La isla olvidada,2D Doblada,14:45,,,,https://cartelera.ar/pelicula/la-isla-olvidada
GBA Sur,Cinépolis,Cinépolis Avellaneda,"Av. Mitre 2702, Avellaneda",La isla olvidada,3D Doblada,15:40,,,,https://cartelera.ar/pelicula/la-isla-olvidada
GBA Sur,Cinépolis,Cinépolis Avellaneda,"Av. Mitre 2702, Avellaneda",La isla olvidada,2D Doblada,17:30,,,,https://cartelera.ar/pelicula/la-isla-olvidada
GBA Sur,Cinépolis,Cinépolis Avellaneda,"Av. Mitre 2702, Avellaneda",La isla olvidada,3D Doblada,18:20,,,,https://cartelera.ar/pelicula/la-isla-olvidada
GBA Sur,Cinépolis,Cinépolis Avellaneda,"Av. Mitre 2702, Avellaneda",La isla olvidada,2D Doblada,20:10,,,,https://cartelera.ar/pelicula/la-isla-olvidada
GBA Sur,Cinépolis,Cinépolis Avellaneda,"Av. Mitre 2702, Avellaneda",Coyote vs. Acme,2D Doblada,13:00,,,,https://cartelera.ar/pelicula/coyote-vs-acme
GBA Sur,Cinépolis,Cinépolis Avellaneda,"Av. Mitre 2702, Avellaneda",Coyote vs. Acme,2D Doblada,13:45,,,,https://cartelera.ar/pelicula/coyote-vs-acme
GBA Sur,Cinépolis,Cinépolis Avellaneda,"Av. Mitre 2702, Avellaneda",Coyote vs. Acme,2D Doblada,15:40,,,,https://cartelera.ar/pelicula/coyote-vs-acme
GBA Sur,Cinépolis,Cinépolis Avellaneda,"Av. Mitre 2702, Avellaneda",Coyote vs. Acme,2D Doblada,18:20,,,,https://cartelera.ar/pelicula/coyote-vs-acme
GBA Sur,Cinépolis,Cinépolis Avellaneda,"Av. Mitre 2702, Avellaneda",Yo Narciso,2D Doblada,16:30,,,,https://cartelera.ar/pelicula/yo-narciso
GBA Sur,Cinépolis,Cinépolis Avellaneda,"Av. Mitre 2702, Avellaneda",Yo Narciso,2D Doblada,21:00,,,,https://cartelera.ar/pelicula/yo-narciso
GBA Sur,Cinépolis,Cinépolis Avellaneda,"Av. Mitre 2702, Avellaneda",Linkin Park: Unshatter,2D Subtitulada,22:00,,,,https://cartelera.ar/pelicula/linkin-park-unshatter
GBA Sur,Cinépolis,Cinépolis Avellaneda,"Av. Mitre 2702, Avellaneda",La última copa,2D Subtitulada,19:00,,,,https://cartelera.ar/pelicula/la-ultima-copa
GBA Sur,Cinépolis,Cinépolis Avellaneda,"Av. Mitre 2702, Avellaneda",Una breve historia de Amor,2D Subtitulada,21:30,,,,https://cartelera.ar/pelicula/una-breve-historia-de-amor
GBA Sur,Cinépolis,Cinépolis Avellaneda,"Av. Mitre 2702, Avellaneda",Avengers: Endgame Bonus - Infinity Vision,2D Doblada,13:30,,,,https://cartelera.ar/pelicula/avengers-endgame-bonus-infinity-vision
GBA Sur,Cinépolis,Cinépolis Avellaneda,"Av. Mitre 2702, Avellaneda",Avengers: Endgame Bonus - Infinity Vision,3D Doblada,13:50,,,,https://cartelera.ar/pelicula/avengers-endgame-bonus-infinity-vision
GBA Sur,Cinépolis,Cinépolis Avellaneda,"Av. Mitre 2702, Avellaneda",Avengers: Endgame Bonus - Infinity Vision,2D Doblada,14:45,,,,https://cartelera.ar/pelicula/avengers-endgame-bonus-infinity-vision
GBA Sur,Cinépolis,Cinépolis Avellaneda,"Av. Mitre 2702, Avellaneda",Avengers: Endgame Bonus - Infinity Vision,2D Doblada,17:30,,,,https://cartelera.ar/pelicula/avengers-endgame-bonus-infinity-vision
GBA Sur,Cinépolis,Cinépolis Avellaneda,"Av. Mitre 2702, Avellaneda",Avengers: Endgame Bonus - Infinity Vision,3D Doblada,18:00,,,,https://cartelera.ar/pelicula/avengers-endgame-bonus-infinity-vision
GBA Sur,Cinépolis,Cinépolis Avellaneda,"Av. Mitre 2702, Avellaneda",Avengers: Endgame Bonus - Infinity Vision,2D Doblada,18:45,,,,https://cartelera.ar/pelicula/avengers-endgame-bonus-infinity-vision
GBA Sur,Cinépolis,Cinépolis Avellaneda,"Av. Mitre 2702, Avellaneda",Avengers: Endgame Bonus - Infinity Vision,2D Doblada,21:30,,,,https://cartelera.ar/pelicula/avengers-endgame-bonus-infinity-vision
GBA Sur,Cinépolis,Cinépolis Avellaneda,"Av. Mitre 2702, Avellaneda",Avengers: Endgame Bonus - Infinity Vision,3D Subtitulada,22:00,,,,https://cartelera.ar/pelicula/avengers-endgame-bonus-infinity-vision
GBA Sur,Cinépolis,Cinépolis Avellaneda,"Av. Mitre 2702, Avellaneda",Avengers: Endgame Bonus - Infinity Vision,3D Doblada,22:40,,,,https://cartelera.ar/pelicula/avengers-endgame-bonus-infinity-vision
GBA Sur,Cinépolis,Cinépolis Avellaneda,"Av. Mitre 2702, Avellaneda",Tadeo : El Explorador Y La Lampara Maravillosa,2D Doblada,14:15,,,,https://cartelera.ar/pelicula/tadeo-el-explorador-y-la-lampara-maravillosa
GBA Sur,Cinépolis,Cinépolis Avellaneda,"Av. Mitre 2702, Avellaneda",El último gran golpe,2D Doblada,21:00,,,,https://cartelera.ar/pelicula/el-ultimo-gran-golpe
GBA Sur,Cinépolis,Cinépolis Avellaneda,"Av. Mitre 2702, Avellaneda",El último gran golpe,2D Doblada,23:30,,,,https://cartelera.ar/pelicula/el-ultimo-gran-golpe
GBA Sur,Cinépolis,Cinépolis Avellaneda,"Av. Mitre 2702, Avellaneda",Bajo tus pies,2D Doblada,19:30,,,,https://cartelera.ar/pelicula/bajo-tus-pies
GBA Sur,Cinépolis,Cinépolis Avellaneda,"Av. Mitre 2702, Avellaneda",Bajo tus pies,2D Doblada,23:00,,,,https://cartelera.ar/pelicula/bajo-tus-pies
GBA Oeste,Cinépolis,Cinépolis Merlo,Av. Juan Domingo Perón 24098,El corazón de la bestia,2D Doblada,17:50,,,,https://cartelera.ar/pelicula/el-corazon-de-la-bestia
GBA Oeste,Cinépolis,Cinépolis Merlo,Av. Juan Domingo Perón 24098,El corazón de la bestia,2D Doblada,20:15,,,,https://cartelera.ar/pelicula/el-corazon-de-la-bestia
GBA Oeste,Cinépolis,Cinépolis Merlo,Av. Juan Domingo Perón 24098,El corazón de la bestia,2D Doblada,22:40,,,,https://cartelera.ar/pelicula/el-corazon-de-la-bestia
GBA Oeste,Cinépolis,Cinépolis Merlo,Av. Juan Domingo Perón 24098,Spider-Man: Un nuevo día,2D Doblada,22:20,,,,https://cartelera.ar/pelicula/spider-man-un-nuevo-dia
GBA Oeste,Cinépolis,Cinépolis Merlo,Av. Juan Domingo Perón 24098,Minions & monstruos,2D Doblada,13:30,,,,https://cartelera.ar/pelicula/minions-monstruos
GBA Oeste,Cinépolis,Cinépolis Merlo,Av. Juan Domingo Perón 24098,Minions & monstruos,2D Doblada,15:40,,,,https://cartelera.ar/pelicula/minions-monstruos
GBA Oeste,Cinépolis,Cinépolis Merlo,Av. Juan Domingo Perón 24098,La noche del demonio: Están entre nosotros,2D Doblada,20:30,,,,https://cartelera.ar/pelicula/la-noche-del-demonio-estan-entre-nosotros
GBA Oeste,Cinépolis,Cinépolis Merlo,Av. Juan Domingo Perón 24098,Resident Evil: Noche Cero,2D Doblada,13:10,,,,https://cartelera.ar/pelicula/resident-evil-noche-cero
GBA Oeste,Cinépolis,Cinépolis Merlo,Av. Juan Domingo Perón 24098,Resident Evil: Noche Cero,2D Doblada,15:30,,,,https://cartelera.ar/pelicula/resident-evil-noche-cero
GBA Oeste,Cinépolis,Cinépolis Merlo,Av. Juan Domingo Perón 24098,Resident Evil: Noche Cero,2D Doblada,17:40,,,,https://cartelera.ar/pelicula/resident-evil-noche-cero
GBA Oeste,Cinépolis,Cinépolis Merlo,Av. Juan Domingo Perón 24098,Resident Evil: Noche Cero,2D Doblada,20:00,,,,https://cartelera.ar/pelicula/resident-evil-noche-cero
GBA Oeste,Cinépolis,Cinépolis Merlo,Av. Juan Domingo Perón 24098,Resident Evil: Noche Cero,2D Doblada,20:50,,,,https://cartelera.ar/pelicula/resident-evil-noche-cero
GBA Oeste,Cinépolis,Cinépolis Merlo,Av. Juan Domingo Perón 24098,Resident Evil: Noche Cero,2D Doblada,23:00,,,,https://cartelera.ar/pelicula/resident-evil-noche-cero
GBA Oeste,Cinépolis,Cinépolis Merlo,Av. Juan Domingo Perón 24098,La isla olvidada,2D Doblada,13:00,,,,https://cartelera.ar/pelicula/la-isla-olvidada
GBA Oeste,Cinépolis,Cinépolis Merlo,Av. Juan Domingo Perón 24098,La isla olvidada,3D Doblada,15:30,,,,https://cartelera.ar/pelicula/la-isla-olvidada
GBA Oeste,Cinépolis,Cinépolis Merlo,Av. Juan Domingo Perón 24098,La isla olvidada,2D Doblada,18:00,,,,https://cartelera.ar/pelicula/la-isla-olvidada
GBA Oeste,Cinépolis,Cinépolis Merlo,Av. Juan Domingo Perón 24098,Coyote vs. Acme,2D Doblada,13:40,,,,https://cartelera.ar/pelicula/coyote-vs-acme
GBA Oeste,Cinépolis,Cinépolis Merlo,Av. Juan Domingo Perón 24098,Coyote vs. Acme,2D Doblada,16:10,,,,https://cartelera.ar/pelicula/coyote-vs-acme
GBA Oeste,Cinépolis,Cinépolis Merlo,Av. Juan Domingo Perón 24098,Coyote vs. Acme,2D Doblada,18:30,,,,https://cartelera.ar/pelicula/coyote-vs-acme
GBA Oeste,Cinépolis,Cinépolis Merlo,Av. Juan Domingo Perón 24098,Avengers: Endgame Bonus - Infinity Vision,3D Doblada,14:20,,,,https://cartelera.ar/pelicula/avengers-endgame-bonus-infinity-vision
GBA Oeste,Cinépolis,Cinépolis Merlo,Av. Juan Domingo Perón 24098,Avengers: Endgame Bonus - Infinity Vision,2D Doblada,15:10,,,,https://cartelera.ar/pelicula/avengers-endgame-bonus-infinity-vision
GBA Oeste,Cinépolis,Cinépolis Merlo,Av. Juan Domingo Perón 24098,Avengers: Endgame Bonus - Infinity Vision,3D Doblada,18:10,,,,https://cartelera.ar/pelicula/avengers-endgame-bonus-infinity-vision
GBA Oeste,Cinépolis,Cinépolis Merlo,Av. Juan Domingo Perón 24098,Avengers: Endgame Bonus - Infinity Vision,2D Doblada,19:00,,,,https://cartelera.ar/pelicula/avengers-endgame-bonus-infinity-vision
GBA Oeste,Cinépolis,Cinépolis Merlo,Av. Juan Domingo Perón 24098,Avengers: Endgame Bonus - Infinity Vision,3D Doblada,22:00,,,,https://cartelera.ar/pelicula/avengers-endgame-bonus-infinity-vision
GBA Oeste,Cinépolis,Cinépolis Merlo,Av. Juan Domingo Perón 24098,Avengers: Endgame Bonus - Infinity Vision,3D Subtitulada,22:50,,,,https://cartelera.ar/pelicula/avengers-endgame-bonus-infinity-vision
GBA Oeste,Cinépolis,Cinépolis Merlo,Av. Juan Domingo Perón 24098,Bajo tus pies,2D Doblada,23:10,,,,https://cartelera.ar/pelicula/bajo-tus-pies
CABA,Multiplex,Multiplex Lavalle,"Lavalle 780, CABA",Avengers: Endgame (re Estreno),4D (3D) Doblada,13:00,,,,https://multiplex.com.ar/peliculas/avengers-endgame-re-estreno/
CABA,Multiplex,Multiplex Lavalle,"Lavalle 780, CABA",Avengers: Endgame (re Estreno),2D XTREMO Doblada,15:15,,,,https://multiplex.com.ar/peliculas/avengers-endgame-re-estreno/
CABA,Multiplex,Multiplex Lavalle,"Lavalle 780, CABA",Avengers: Endgame (re Estreno),3D Doblada,16:35,,,,https://multiplex.com.ar/peliculas/avengers-endgame-re-estreno/
CABA,Multiplex,Multiplex Lavalle,"Lavalle 780, CABA",Avengers: Endgame (re Estreno),4D (3D) Doblada,18:05,,,,https://multiplex.com.ar/peliculas/avengers-endgame-re-estreno/
CABA,Multiplex,Multiplex Lavalle,"Lavalle 780, CABA",Avengers: Endgame (re Estreno),2D XTREMO Doblada,18:40,,,,https://multiplex.com.ar/peliculas/avengers-endgame-re-estreno/
CABA,Multiplex,Multiplex Lavalle,"Lavalle 780, CABA",Avengers: Endgame (re Estreno),2D Doblada,19:50,,,,https://multiplex.com.ar/peliculas/avengers-endgame-re-estreno/
CABA,Multiplex,Multiplex Lavalle,"Lavalle 780, CABA",Avengers: Endgame (re Estreno),4D (3D) Doblada,21:30,,,,https://multiplex.com.ar/peliculas/avengers-endgame-re-estreno/
CABA,Multiplex,Multiplex Lavalle,"Lavalle 780, CABA",Avengers: Endgame (re Estreno),2D XTREMO Doblada,22:05,,,,https://multiplex.com.ar/peliculas/avengers-endgame-re-estreno/
CABA,Multiplex,Multiplex Lavalle,"Lavalle 780, CABA",Coyote vs. Acme,2D Doblada,13:10,,,,https://multiplex.com.ar/peliculas/coyote-vs-acme/
CABA,Multiplex,Multiplex Lavalle,"Lavalle 780, CABA",Coyote vs. Acme,2D Doblada,15:05,,,,https://multiplex.com.ar/peliculas/coyote-vs-acme/
CABA,Multiplex,Multiplex Lavalle,"Lavalle 780, CABA",Coyote vs. Acme,2D Doblada,19:05,,,,https://multiplex.com.ar/peliculas/coyote-vs-acme/
CABA,Multiplex,Multiplex Lavalle,"Lavalle 780, CABA",El corazón de la bestia,2D Doblada,14:45,,,,https://multiplex.com.ar/peliculas/el-corazon-de-la-bestia/
CABA,Multiplex,Multiplex Lavalle,"Lavalle 780, CABA",El corazón de la bestia,2D Doblada,16:45,,,,https://multiplex.com.ar/peliculas/el-corazon-de-la-bestia/
CABA,Multiplex,Multiplex Lavalle,"Lavalle 780, CABA",El corazón de la bestia,2D Doblada,18:45,,,,https://multiplex.com.ar/peliculas/el-corazon-de-la-bestia/
CABA,Multiplex,Multiplex Lavalle,"Lavalle 780, CABA",El corazón de la bestia,2D Doblada,20:45,,,,https://multiplex.com.ar/peliculas/el-corazon-de-la-bestia/
CABA,Multiplex,Multiplex Lavalle,"Lavalle 780, CABA",El corazón de la bestia,2D Doblada,22:45,,,,https://multiplex.com.ar/peliculas/el-corazon-de-la-bestia/
CABA,Multiplex,Multiplex Lavalle,"Lavalle 780, CABA",El último gran golpe,2D Doblada,13:05,,,,https://multiplex.com.ar/peliculas/el-ultimo-gran-golpe/
CABA,Multiplex,Multiplex Lavalle,"Lavalle 780, CABA",El último gran golpe,2D Doblada,17:05,,,,https://multiplex.com.ar/peliculas/el-ultimo-gran-golpe/
CABA,Multiplex,Multiplex Lavalle,"Lavalle 780, CABA",El último gran golpe,2D Doblada,21:05,,,,https://multiplex.com.ar/peliculas/el-ultimo-gran-golpe/
CABA,Multiplex,Multiplex Lavalle,"Lavalle 780, CABA",El último gran golpe,2D Doblada,23:10,,,,https://multiplex.com.ar/peliculas/el-ultimo-gran-golpe/
CABA,Multiplex,Multiplex Lavalle,"Lavalle 780, CABA",La isla olvidada,2D Doblada,13:00,,,,https://multiplex.com.ar/peliculas/la-isla-olvidada/
CABA,Multiplex,Multiplex Lavalle,"Lavalle 780, CABA",La isla olvidada,2D Doblada,15:00,,,,https://multiplex.com.ar/peliculas/la-isla-olvidada/
CABA,Multiplex,Multiplex Lavalle,"Lavalle 780, CABA",La isla olvidada,2D Doblada,17:05,,,,https://multiplex.com.ar/peliculas/la-isla-olvidada/
CABA,Multiplex,Multiplex Lavalle,"Lavalle 780, CABA",La isla olvidada,2D Doblada,19:05,,,,https://multiplex.com.ar/peliculas/la-isla-olvidada/
CABA,Multiplex,Multiplex Lavalle,"Lavalle 780, CABA",La noche del demonio: Están entre nosotros,2D Doblada,23:05,,,,https://multiplex.com.ar/peliculas/la-noche-del-demonio-estan-entre-nosotros/
CABA,Multiplex,Multiplex Lavalle,"Lavalle 780, CABA",Linkin Park: Unshatter,2D Subtitulada,20:00,,,,https://multiplex.com.ar/peliculas/linkin-park-unshatter/
CABA,Multiplex,Multiplex Lavalle,"Lavalle 780, CABA",Resident Evil: Noche Cero,2D Doblada,13:25,,,,https://multiplex.com.ar/peliculas/resident-evil-noche-cero/
CABA,Multiplex,Multiplex Lavalle,"Lavalle 780, CABA",Resident Evil: Noche Cero,2D Doblada,15:10,,,,https://multiplex.com.ar/peliculas/resident-evil-noche-cero/
CABA,Multiplex,Multiplex Lavalle,"Lavalle 780, CABA",Resident Evil: Noche Cero,4D (2D) Doblada,16:20,,,,https://multiplex.com.ar/peliculas/resident-evil-noche-cero/
CABA,Multiplex,Multiplex Lavalle,"Lavalle 780, CABA",Resident Evil: Noche Cero,2D Doblada,21:05,,,,https://multiplex.com.ar/peliculas/resident-evil-noche-cero/
CABA,Multiplex,Multiplex Lavalle,"Lavalle 780, CABA",Resident Evil: Noche Cero,2D Doblada,23:15,,,,https://multiplex.com.ar/peliculas/resident-evil-noche-cero/
CABA,Multiplex,Multiplex Lavalle,"Lavalle 780, CABA",Spider-man: Un Dia Nuevo,3D Doblada,13:50,,,,https://multiplex.com.ar/peliculas/spider-man-un-dia-nuevo/
CABA,Multiplex,Multiplex Lavalle,"Lavalle 780, CABA",Spider-man: Un Dia Nuevo,2D Doblada,17:05,,,,https://multiplex.com.ar/peliculas/spider-man-un-dia-nuevo/
CABA,Multiplex,Multiplex Lavalle,"Lavalle 780, CABA",Spider-man: Un Dia Nuevo,3D Doblada,22:30,,,,https://multiplex.com.ar/peliculas/spider-man-un-dia-nuevo/
CABA,Multiplex,Multiplex Belgrano,"Vuelta de Obligado 2199, Belgrano",Avengers: Endgame (re Estreno),4D + 3D Subtitulada,13:30,,,,https://multiplex.com.ar/peliculas/avengers-endgame-re-estreno/
CABA,Multiplex,Multiplex Belgrano,"Vuelta de Obligado 2199, Belgrano",Avengers: Endgame (re Estreno),COMFORT PLUS 2D Doblada,15:10,,,,https://multiplex.com.ar/peliculas/avengers-endgame-re-estreno/
CABA,Multiplex,Multiplex Belgrano,"Vuelta de Obligado 2199, Belgrano",Avengers: Endgame (re Estreno),4D + 3D Doblada,17:00,,,,https://multiplex.com.ar/peliculas/avengers-endgame-re-estreno/
CABA,Multiplex,Multiplex Belgrano,"Vuelta de Obligado 2199, Belgrano",Avengers: Endgame (re Estreno),2D XTREMO Subtitulada,18:35,,,,https://multiplex.com.ar/peliculas/avengers-endgame-re-estreno/
CABA,Multiplex,Multiplex Belgrano,"Vuelta de Obligado 2199, Belgrano",Avengers: Endgame (re Estreno),4D + 3D Subtitulada,20:30,,,,https://multiplex.com.ar/peliculas/avengers-endgame-re-estreno/
CABA,Multiplex,Multiplex Belgrano,"Vuelta de Obligado 2199, Belgrano",Avengers: Endgame (re Estreno),2D XTREMO Subtitulada,22:00,,,,https://multiplex.com.ar/peliculas/avengers-endgame-re-estreno/
CABA,Multiplex,Multiplex Belgrano,"Vuelta de Obligado 2199, Belgrano",Coyote vs. Acme,COMFORT PLUS 2D Doblada,13:00,,,,https://multiplex.com.ar/peliculas/coyote-vs-acme/
CABA,Multiplex,Multiplex Belgrano,"Vuelta de Obligado 2199, Belgrano",Coyote vs. Acme,2D Doblada,16:15,,,,https://multiplex.com.ar/peliculas/coyote-vs-acme/
CABA,Multiplex,Multiplex Belgrano,"Vuelta de Obligado 2199, Belgrano",Coyote vs. Acme,2D Subtitulada,18:20,,,,https://multiplex.com.ar/peliculas/coyote-vs-acme/
CABA,Multiplex,Multiplex Belgrano,"Vuelta de Obligado 2199, Belgrano",Coyote vs. Acme,2D Subtitulada,20:30,,,,https://multiplex.com.ar/peliculas/coyote-vs-acme/
CABA,Multiplex,Multiplex Belgrano,"Vuelta de Obligado 2199, Belgrano",Coyote vs. Acme,2D Subtitulada,22:35,,,,https://multiplex.com.ar/peliculas/coyote-vs-acme/
CABA,Multiplex,Multiplex Belgrano,"Vuelta de Obligado 2199, Belgrano",El corazón de la bestia,COMFORT PLUS 2D Subtitulada,14:05,,,,https://multiplex.com.ar/peliculas/el-corazon-de-la-bestia/
CABA,Multiplex,Multiplex Belgrano,"Vuelta de Obligado 2199, Belgrano",El corazón de la bestia,COMFORT PLUS 2D Subtitulada,16:10,,,,https://multiplex.com.ar/peliculas/el-corazon-de-la-bestia/
CABA,Multiplex,Multiplex Belgrano,"Vuelta de Obligado 2199, Belgrano",El corazón de la bestia,COMFORT PLUS 2D Subtitulada,18:15,,,,https://multiplex.com.ar/peliculas/el-corazon-de-la-bestia/
CABA,Multiplex,Multiplex Belgrano,"Vuelta de Obligado 2199, Belgrano",El corazón de la bestia,COMFORT PLUS 2D Subtitulada,20:20,,,,https://multiplex.com.ar/peliculas/el-corazon-de-la-bestia/
CABA,Multiplex,Multiplex Belgrano,"Vuelta de Obligado 2199, Belgrano",El corazón de la bestia,COMFORT PLUS 2D Subtitulada,22:25,,,,https://multiplex.com.ar/peliculas/el-corazon-de-la-bestia/
CABA,Multiplex,Multiplex Belgrano,"Vuelta de Obligado 2199, Belgrano",El último gran golpe,COMFORT PLUS 2D Subtitulada,19:50,,,,https://multiplex.com.ar/peliculas/el-ultimo-gran-golpe/
CABA,Multiplex,Multiplex Belgrano,"Vuelta de Obligado 2199, Belgrano",El último gran golpe,COMFORT PLUS 2D Subtitulada,22:00,,,,https://multiplex.com.ar/peliculas/el-ultimo-gran-golpe/
CABA,Multiplex,Multiplex Belgrano,"Vuelta de Obligado 2199, Belgrano",Hechizo de amor: La magia continúa,2D Subtitulada,13:50,,,,https://multiplex.com.ar/peliculas/hechizo-de-amor-la-magia-continua/
CABA,Multiplex,Multiplex Belgrano,"Vuelta de Obligado 2199, Belgrano",Hechizo de amor: La magia continúa,COMFORT PLUS 2D Subtitulada,22:30,,,,https://multiplex.com.ar/peliculas/hechizo-de-amor-la-magia-continua/
CABA,Multiplex,Multiplex Belgrano,"Vuelta de Obligado 2199, Belgrano",Her Private Hell,2D Subtitulada,22:30,,,,https://cartelera.ar/pelicula/her-private-hell
CABA,Multiplex,Multiplex Belgrano,"Vuelta de Obligado 2199, Belgrano",La invitación,2D Subtitulada,16:15,,,,https://multiplex.com.ar/peliculas/la-invitacion/
CABA,Multiplex,Multiplex Belgrano,"Vuelta de Obligado 2199, Belgrano",La invitación,2D Subtitulada,20:20,,,,https://multiplex.com.ar/peliculas/la-invitacion/
CABA,Multiplex,Multiplex Belgrano,"Vuelta de Obligado 2199, Belgrano",La isla olvidada,COMFORT PLUS 2D Doblada,13:00,,,,https://multiplex.com.ar/peliculas/la-isla-olvidada/
CABA,Multiplex,Multiplex Belgrano,"Vuelta de Obligado 2199, Belgrano",La isla olvidada,2D Doblada,15:40,,,,https://multiplex.com.ar/peliculas/la-isla-olvidada/
CABA,Multiplex,Multiplex Belgrano,"Vuelta de Obligado 2199, Belgrano",La isla olvidada,2D Doblada,17:55,,,,https://multiplex.com.ar/peliculas/la-isla-olvidada/
CABA,Multiplex,Multiplex Belgrano,"Vuelta de Obligado 2199, Belgrano",La Odisea,2D + COMFORT PLUS Subtitulada,13:20,,,,https://multiplex.com.ar/peliculas/la-odisea/
CABA,Multiplex,Multiplex Belgrano,"Vuelta de Obligado 2199, Belgrano",La Odisea,2D + COMFORT PLUS Subtitulada,16:35,,,,https://multiplex.com.ar/peliculas/la-odisea/
CABA,Multiplex,Multiplex Belgrano,"Vuelta de Obligado 2199, Belgrano",La Odisea,COMFORT PLUS 2D Subtitulada,19:25,,,,https://multiplex.com.ar/peliculas/la-odisea/
CABA,Multiplex,Multiplex Belgrano,"Vuelta de Obligado 2199, Belgrano",La Odisea,2D + COMFORT PLUS Subtitulada,22:10,,,,https://multiplex.com.ar/peliculas/la-odisea/
CABA,Multiplex,Multiplex Belgrano,"Vuelta de Obligado 2199, Belgrano",Los Colores Del Tiempo,2D Subtitulada,13:45,,,,https://multiplex.com.ar/peliculas/los-colores-del-tiempo/
CABA,Multiplex,Multiplex Belgrano,"Vuelta de Obligado 2199, Belgrano",Los Colores Del Tiempo,COMFORT PLUS 2D Subtitulada,15:10,,,,https://multiplex.com.ar/peliculas/los-colores-del-tiempo/
CABA,Multiplex,Multiplex Belgrano,"Vuelta de Obligado 2199, Belgrano",Los Colores Del Tiempo,COMFORT PLUS 2D Subtitulada,17:35,,,,https://multiplex.com.ar/peliculas/los-colores-del-tiempo/
CABA,Multiplex,Multiplex Belgrano,"Vuelta de Obligado 2199, Belgrano",Los Colores Del Tiempo,COMFORT PLUS 2D Subtitulada,20:05,,,,https://multiplex.com.ar/peliculas/los-colores-del-tiempo/
CABA,Multiplex,Multiplex Belgrano,"Vuelta de Obligado 2199, Belgrano",Obsesión,2D Subtitulada,22:10,,,,https://multiplex.com.ar/peliculas/obsesion/
CABA,Multiplex,Multiplex Belgrano,"Vuelta de Obligado 2199, Belgrano",Resident Evil: Noche Cero,COMFORT PLUS 2D Subtitulada,17:35,,,,https://multiplex.com.ar/peliculas/resident-evil-noche-cero/
CABA,Multiplex,Multiplex Belgrano,"Vuelta de Obligado 2199, Belgrano",Resident Evil: Noche Cero,2D Doblada,18:25,,,,https://multiplex.com.ar/peliculas/resident-evil-noche-cero/
CABA,Multiplex,Multiplex Belgrano,"Vuelta de Obligado 2199, Belgrano",Resident Evil: Noche Cero,2D Subtitulada,20:10,,,,https://multiplex.com.ar/peliculas/resident-evil-noche-cero/
CABA,Multiplex,Multiplex Belgrano,"Vuelta de Obligado 2199, Belgrano",Resident Evil: Noche Cero,COMFORT PLUS 2D Subtitulada,22:40,,,,https://multiplex.com.ar/peliculas/resident-evil-noche-cero/
CABA,Multiplex,Multiplex Belgrano,"Vuelta de Obligado 2199, Belgrano",Su Propio Infierno,2D Subtitulada,22:30,,,,https://multiplex.com.ar/peliculas/su-propio-infierno/
CABA,Multiplex,Multiplex Belgrano,"Vuelta de Obligado 2199, Belgrano",Toy Story 5,2D Doblada,13:30,,,,https://multiplex.com.ar/peliculas/toy-story-5/
CABA,Multiplex,Multiplex Belgrano,"Vuelta de Obligado 2199, Belgrano",Tres adioses,COMFORT PLUS 2D Subtitulada,13:00,,,,https://multiplex.com.ar/peliculas/tres-adioses/
CABA,Multiplex,Multiplex Belgrano,"Vuelta de Obligado 2199, Belgrano",Tres adioses,COMFORT PLUS 2D Subtitulada,15:15,,,,https://multiplex.com.ar/peliculas/tres-adioses/
CABA,Multiplex,Multiplex Belgrano,"Vuelta de Obligado 2199, Belgrano",Tres adioses,2D + COMFORT PLUS Subtitulada,19:50,,,,https://multiplex.com.ar/peliculas/tres-adioses/
CABA,Multiplex,Multiplex Belgrano,"Vuelta de Obligado 2199, Belgrano",Una quinta en Portugal,COMFORT PLUS 2D Subtitulada,13:00,,,,https://multiplex.com.ar/peliculas/una-quinta-en-portugal/
CABA,Multiplex,Multiplex Belgrano,"Vuelta de Obligado 2199, Belgrano",Una quinta en Portugal,COMFORT PLUS 2D Subtitulada,15:15,,,,https://multiplex.com.ar/peliculas/una-quinta-en-portugal/
CABA,Multiplex,Multiplex Belgrano,"Vuelta de Obligado 2199, Belgrano",Una quinta en Portugal,COMFORT PLUS 2D Subtitulada,17:30,,,,https://multiplex.com.ar/peliculas/una-quinta-en-portugal/
GBA Oeste,Cinépolis,Cinépolis Luján,"Av. Constitución 1000, Luján",El corazón de la bestia,2D Doblada,13:00,,,,https://cartelera.ar/pelicula/el-corazon-de-la-bestia
GBA Oeste,Cinépolis,Cinépolis Luján,"Av. Constitución 1000, Luján",El corazón de la bestia,2D Doblada,17:40,,,,https://cartelera.ar/pelicula/el-corazon-de-la-bestia
GBA Oeste,Cinépolis,Cinépolis Luján,"Av. Constitución 1000, Luján",El corazón de la bestia,2D Doblada,20:00,,,,https://cartelera.ar/pelicula/el-corazon-de-la-bestia
GBA Oeste,Cinépolis,Cinépolis Luján,"Av. Constitución 1000, Luján",El corazón de la bestia,2D Doblada,22:20,,,,https://cartelera.ar/pelicula/el-corazon-de-la-bestia
GBA Oeste,Cinépolis,Cinépolis Luján,"Av. Constitución 1000, Luján",La noche del demonio: Están entre nosotros,2D Doblada,22:00,,,,https://cartelera.ar/pelicula/la-noche-del-demonio-estan-entre-nosotros
GBA Oeste,Cinépolis,Cinépolis Luján,"Av. Constitución 1000, Luján",Hechizo de amor: La magia continúa,2D Doblada,16:10,,,,https://cartelera.ar/pelicula/hechizo-de-amor-la-magia-continua
GBA Oeste,Cinépolis,Cinépolis Luján,"Av. Constitución 1000, Luján",Resident Evil: Noche Cero,2D Doblada,13:30,,,,https://cartelera.ar/pelicula/resident-evil-noche-cero
GBA Oeste,Cinépolis,Cinépolis Luján,"Av. Constitución 1000, Luján",Resident Evil: Noche Cero,2D Doblada,15:40,,,,https://cartelera.ar/pelicula/resident-evil-noche-cero
GBA Oeste,Cinépolis,Cinépolis Luján,"Av. Constitución 1000, Luján",Resident Evil: Noche Cero,2D Doblada,17:50,,,,https://cartelera.ar/pelicula/resident-evil-noche-cero
GBA Oeste,Cinépolis,Cinépolis Luján,"Av. Constitución 1000, Luján",Resident Evil: Noche Cero,2D Doblada,20:10,,,,https://cartelera.ar/pelicula/resident-evil-noche-cero
GBA Oeste,Cinépolis,Cinépolis Luján,"Av. Constitución 1000, Luján",Resident Evil: Noche Cero,2D Doblada,22:30,,,,https://cartelera.ar/pelicula/resident-evil-noche-cero
GBA Oeste,Cinépolis,Cinépolis Luján,"Av. Constitución 1000, Luján",La isla olvidada,2D Doblada,13:00,,,,https://cartelera.ar/pelicula/la-isla-olvidada
GBA Oeste,Cinépolis,Cinépolis Luján,"Av. Constitución 1000, Luján",La isla olvidada,2D Doblada,15:30,,,,https://cartelera.ar/pelicula/la-isla-olvidada
GBA Oeste,Cinépolis,Cinépolis Luján,"Av. Constitución 1000, Luján",La isla olvidada,3D Doblada,17:00,,,,https://cartelera.ar/pelicula/la-isla-olvidada
GBA Oeste,Cinépolis,Cinépolis Luján,"Av. Constitución 1000, Luján",La isla olvidada,2D Doblada,19:30,,,,https://cartelera.ar/pelicula/la-isla-olvidada
GBA Oeste,Cinépolis,Cinépolis Luján,"Av. Constitución 1000, Luján",Coyote vs. Acme,2D Doblada,13:30,,,,https://cartelera.ar/pelicula/coyote-vs-acme
GBA Oeste,Cinépolis,Cinépolis Luján,"Av. Constitución 1000, Luján",Coyote vs. Acme,2D Doblada,15:50,,,,https://cartelera.ar/pelicula/coyote-vs-acme
GBA Oeste,Cinépolis,Cinépolis Luján,"Av. Constitución 1000, Luján",Coyote vs. Acme,2D Doblada,18:10,,,,https://cartelera.ar/pelicula/coyote-vs-acme
GBA Oeste,Cinépolis,Cinépolis Luján,"Av. Constitución 1000, Luján",Yo Narciso,2D Doblada,15:20,,,,https://cartelera.ar/pelicula/yo-narciso
GBA Oeste,Cinépolis,Cinépolis Luján,"Av. Constitución 1000, Luján",La última copa,2D Subtitulada,19:00,,,,https://cartelera.ar/pelicula/la-ultima-copa
GBA Oeste,Cinépolis,Cinépolis Luján,"Av. Constitución 1000, Luján",Una breve historia de Amor,2D Subtitulada,21:30,,,,https://cartelera.ar/pelicula/una-breve-historia-de-amor
GBA Oeste,Cinépolis,Cinépolis Luján,"Av. Constitución 1000, Luján",Avengers: Endgame Bonus - Infinity Vision,2D Doblada,13:20,,,,https://cartelera.ar/pelicula/avengers-endgame-bonus-infinity-vision
GBA Oeste,Cinépolis,Cinépolis Luján,"Av. Constitución 1000, Luján",Avengers: Endgame Bonus - Infinity Vision,2D Doblada,17:50,,,,https://cartelera.ar/pelicula/avengers-endgame-bonus-infinity-vision
GBA Oeste,Cinépolis,Cinépolis Luján,"Av. Constitución 1000, Luján",Avengers: Endgame Bonus - Infinity Vision,2D Doblada,21:30,,,,https://cartelera.ar/pelicula/avengers-endgame-bonus-infinity-vision
GBA Oeste,Cinépolis,Cinépolis Luján,"Av. Constitución 1000, Luján",El último gran golpe,2D Doblada,20:30,,,,https://cartelera.ar/pelicula/el-ultimo-gran-golpe
GBA Oeste,Cinépolis,Cinépolis Luján,"Av. Constitución 1000, Luján",El último gran golpe,2D Doblada,22:50,,,,https://cartelera.ar/pelicula/el-ultimo-gran-golpe
GBA Norte,Cinépolis,Cinépolis Pilar,"Panamericana Km. 50, Pilar",El corazón de la bestia,2D Doblada,13:00,,,,https://cartelera.ar/pelicula/el-corazon-de-la-bestia
GBA Norte,Cinépolis,Cinépolis Pilar,"Panamericana Km. 50, Pilar",El corazón de la bestia,2D Doblada,15:20,,,,https://cartelera.ar/pelicula/el-corazon-de-la-bestia
GBA Norte,Cinépolis,Cinépolis Pilar,"Panamericana Km. 50, Pilar",El corazón de la bestia,2D Doblada,17:40,,,,https://cartelera.ar/pelicula/el-corazon-de-la-bestia
GBA Norte,Cinépolis,Cinépolis Pilar,"Panamericana Km. 50, Pilar",El corazón de la bestia,2D Subtitulada,20:00,,,,https://cartelera.ar/pelicula/el-corazon-de-la-bestia
GBA Norte,Cinépolis,Cinépolis Pilar,"Panamericana Km. 50, Pilar",El corazón de la bestia,2D Doblada,22:30,,,,https://cartelera.ar/pelicula/el-corazon-de-la-bestia
GBA Norte,Cinépolis,Cinépolis Pilar,"Panamericana Km. 50, Pilar",La Odisea,2D Doblada,19:10,,,,https://cartelera.ar/pelicula/la-odisea
GBA Norte,Cinépolis,Cinépolis Pilar,"Panamericana Km. 50, Pilar",Spider-Man: Un nuevo día,2D Doblada,15:50,,,,https://cartelera.ar/pelicula/spider-man-un-nuevo-dia
GBA Norte,Cinépolis,Cinépolis Pilar,"Panamericana Km. 50, Pilar",Spider-Man: Un nuevo día,2D Doblada,18:50,,,,https://cartelera.ar/pelicula/spider-man-un-nuevo-dia
GBA Norte,Cinépolis,Cinépolis Pilar,"Panamericana Km. 50, Pilar",Minions & monstruos,2D Doblada,14:30,,,,https://cartelera.ar/pelicula/minions-monstruos
GBA Norte,Cinépolis,Cinépolis Pilar,"Panamericana Km. 50, Pilar",Hechizo de amor: La magia continúa,2D Doblada,13:00,,,,https://cartelera.ar/pelicula/hechizo-de-amor-la-magia-continua
GBA Norte,Cinépolis,Cinépolis Pilar,"Panamericana Km. 50, Pilar",Resident Evil: Noche Cero,2D Doblada,13:00,,,,https://cartelera.ar/pelicula/resident-evil-noche-cero
GBA Norte,Cinépolis,Cinépolis Pilar,"Panamericana Km. 50, Pilar",Resident Evil: Noche Cero,2D Doblada,15:10,,,,https://cartelera.ar/pelicula/resident-evil-noche-cero
GBA Norte,Cinépolis,Cinépolis Pilar,"Panamericana Km. 50, Pilar",Resident Evil: Noche Cero,2D Doblada,17:20,,,,https://cartelera.ar/pelicula/resident-evil-noche-cero
GBA Norte,Cinépolis,Cinépolis Pilar,"Panamericana Km. 50, Pilar",Resident Evil: Noche Cero,2D Subtitulada,19:40,,,,https://cartelera.ar/pelicula/resident-evil-noche-cero
GBA Norte,Cinépolis,Cinépolis Pilar,"Panamericana Km. 50, Pilar",Resident Evil: Noche Cero,2D Doblada,20:40,,,,https://cartelera.ar/pelicula/resident-evil-noche-cero
GBA Norte,Cinépolis,Cinépolis Pilar,"Panamericana Km. 50, Pilar",Resident Evil: Noche Cero,2D Subtitulada,22:00,,,,https://cartelera.ar/pelicula/resident-evil-noche-cero
GBA Norte,Cinépolis,Cinépolis Pilar,"Panamericana Km. 50, Pilar",La isla olvidada,2D Doblada,13:10,,,,https://cartelera.ar/pelicula/la-isla-olvidada
GBA Norte,Cinépolis,Cinépolis Pilar,"Panamericana Km. 50, Pilar",La isla olvidada,3D Doblada,15:40,,,,https://cartelera.ar/pelicula/la-isla-olvidada
GBA Norte,Cinépolis,Cinépolis Pilar,"Panamericana Km. 50, Pilar",La isla olvidada,2D Doblada,18:10,,,,https://cartelera.ar/pelicula/la-isla-olvidada
GBA Norte,Cinépolis,Cinépolis Pilar,"Panamericana Km. 50, Pilar",Coyote vs. Acme,2D Doblada,13:00,,,,https://cartelera.ar/pelicula/coyote-vs-acme
GBA Norte,Cinépolis,Cinépolis Pilar,"Panamericana Km. 50, Pilar",Coyote vs. Acme,2D Doblada,16:45,,,,https://cartelera.ar/pelicula/coyote-vs-acme
GBA Norte,Cinépolis,Cinépolis Pilar,"Panamericana Km. 50, Pilar",Linkin Park: Unshatter,2D Subtitulada,22:00,,,,https://cartelera.ar/pelicula/linkin-park-unshatter
GBA Norte,Cinépolis,Cinépolis Pilar,"Panamericana Km. 50, Pilar",La última copa,2D Subtitulada,19:00,,,,https://cartelera.ar/pelicula/la-ultima-copa
GBA Norte,Cinépolis,Cinépolis Pilar,"Panamericana Km. 50, Pilar",Una breve historia de Amor,2D Subtitulada,21:30,,,,https://cartelera.ar/pelicula/una-breve-historia-de-amor
GBA Norte,Cinépolis,Cinépolis Pilar,"Panamericana Km. 50, Pilar",Avengers: Endgame Bonus - Infinity Vision,2D Subtitulada,13:10,,,,https://cartelera.ar/pelicula/avengers-endgame-bonus-infinity-vision
GBA Norte,Cinépolis,Cinépolis Pilar,"Panamericana Km. 50, Pilar",Avengers: Endgame Bonus - Infinity Vision,3D Doblada,14:00,,,,https://cartelera.ar/pelicula/avengers-endgame-bonus-infinity-vision
GBA Norte,Cinépolis,Cinépolis Pilar,"Panamericana Km. 50, Pilar",Avengers: Endgame Bonus - Infinity Vision,2D Doblada,15:00,,,,https://cartelera.ar/pelicula/avengers-endgame-bonus-infinity-vision
GBA Norte,Cinépolis,Cinépolis Pilar,"Panamericana Km. 50, Pilar",Avengers: Endgame Bonus - Infinity Vision,3D Doblada,18:00,,,,https://cartelera.ar/pelicula/avengers-endgame-bonus-infinity-vision
GBA Norte,Cinépolis,Cinépolis Pilar,"Panamericana Km. 50, Pilar",Avengers: Endgame Bonus - Infinity Vision,2D Doblada,19:00,,,,https://cartelera.ar/pelicula/avengers-endgame-bonus-infinity-vision
GBA Norte,Cinépolis,Cinépolis Pilar,"Panamericana Km. 50, Pilar",Avengers: Endgame Bonus - Infinity Vision,2D Doblada,21:40,,,,https://cartelera.ar/pelicula/avengers-endgame-bonus-infinity-vision
GBA Norte,Cinépolis,Cinépolis Pilar,"Panamericana Km. 50, Pilar",Avengers: Endgame Bonus - Infinity Vision,3D Doblada,22:40,,,,https://cartelera.ar/pelicula/avengers-endgame-bonus-infinity-vision
GBA Norte,Cinépolis,Cinépolis Pilar,"Panamericana Km. 50, Pilar",El último gran golpe,2D Subtitulada,19:40,,,,https://cartelera.ar/pelicula/el-ultimo-gran-golpe
GBA Norte,Cinépolis,Cinépolis Pilar,"Panamericana Km. 50, Pilar",El último gran golpe,2D Doblada,22:50,,,,https://cartelera.ar/pelicula/el-ultimo-gran-golpe
GBA Norte,Cinépolis,Cinépolis Pilar,"Panamericana Km. 50, Pilar",Her Private Hell,2D Subtitulada,23:00,,,,https://cartelera.ar/pelicula/her-private-hell
GBA Norte,Cinépolis,Cinépolis Pilar,"Panamericana Km. 50, Pilar",Encantador,2D Doblada,17:00,,,,https://cartelera.ar/pelicula/encantador
GBA Sur,Showcase,Showcase Quilmes,"Av. Calchaquí 3950, Quilmes Factory",El corazón de la bestia,2D Doblada,14:45,,,,https://cartelera.ar/pelicula/el-corazon-de-la-bestia
GBA Sur,Showcase,Showcase Quilmes,"Av. Calchaquí 3950, Quilmes Factory",El corazón de la bestia,2D Subtitulada,17:00,,,,https://cartelera.ar/pelicula/el-corazon-de-la-bestia
GBA Sur,Showcase,Showcase Quilmes,"Av. Calchaquí 3950, Quilmes Factory",El corazón de la bestia,2D Doblada,19:30,,,,https://cartelera.ar/pelicula/el-corazon-de-la-bestia
GBA Sur,Showcase,Showcase Quilmes,"Av. Calchaquí 3950, Quilmes Factory",El corazón de la bestia,2D Subtitulada,21:50,,,,https://cartelera.ar/pelicula/el-corazon-de-la-bestia
GBA Sur,Showcase,Showcase Quilmes,"Av. Calchaquí 3950, Quilmes Factory",La Odisea,2D Doblada,15:40,,,,https://cartelera.ar/pelicula/la-odisea
GBA Sur,Showcase,Showcase Quilmes,"Av. Calchaquí 3950, Quilmes Factory",La Odisea,2D Subtitulada,22:10,,,,https://cartelera.ar/pelicula/la-odisea
GBA Sur,Showcase,Showcase Quilmes,"Av. Calchaquí 3950, Quilmes Factory",Spider-Man: Un nuevo día,2D Doblada,13:25,,,,https://cartelera.ar/pelicula/spider-man-un-nuevo-dia
GBA Sur,Showcase,Showcase Quilmes,"Av. Calchaquí 3950, Quilmes Factory",Spider-Man: Un nuevo día,2D Doblada,16:25,,,,https://cartelera.ar/pelicula/spider-man-un-nuevo-dia
GBA Sur,Showcase,Showcase Quilmes,"Av. Calchaquí 3950, Quilmes Factory",Spider-Man: Un nuevo día,2D Doblada,19:25,,,,https://cartelera.ar/pelicula/spider-man-un-nuevo-dia
GBA Sur,Showcase,Showcase Quilmes,"Av. Calchaquí 3950, Quilmes Factory",Spider-Man: Un nuevo día,2D Doblada,22:20,,,,https://cartelera.ar/pelicula/spider-man-un-nuevo-dia
GBA Sur,Showcase,Showcase Quilmes,"Av. Calchaquí 3950, Quilmes Factory",La noche del demonio: Están entre nosotros,2D Doblada,14:50,,,,https://cartelera.ar/pelicula/la-noche-del-demonio-estan-entre-nosotros
GBA Sur,Showcase,Showcase Quilmes,"Av. Calchaquí 3950, Quilmes Factory",La noche del demonio: Están entre nosotros,2D Doblada,19:55,,,,https://cartelera.ar/pelicula/la-noche-del-demonio-estan-entre-nosotros
GBA Sur,Showcase,Showcase Quilmes,"Av. Calchaquí 3950, Quilmes Factory",La noche del demonio: Están entre nosotros,2D Doblada,22:15,,,,https://cartelera.ar/pelicula/la-noche-del-demonio-estan-entre-nosotros
GBA Sur,Showcase,Showcase Quilmes,"Av. Calchaquí 3950, Quilmes Factory",Hechizo de amor: La magia continúa,2D Doblada,17:10,,,,https://cartelera.ar/pelicula/hechizo-de-amor-la-magia-continua
GBA Sur,Showcase,Showcase Quilmes,"Av. Calchaquí 3950, Quilmes Factory",Resident Evil: Noche Cero,2D Doblada,15:30,,,,https://cartelera.ar/pelicula/resident-evil-noche-cero
GBA Sur,Showcase,Showcase Quilmes,"Av. Calchaquí 3950, Quilmes Factory",Resident Evil: Noche Cero,2D Doblada,17:40,,,,https://cartelera.ar/pelicula/resident-evil-noche-cero
GBA Sur,Showcase,Showcase Quilmes,"Av. Calchaquí 3950, Quilmes Factory",Resident Evil: Noche Cero,2D Doblada,19:50,,,,https://cartelera.ar/pelicula/resident-evil-noche-cero
GBA Sur,Showcase,Showcase Quilmes,"Av. Calchaquí 3950, Quilmes Factory",Resident Evil: Noche Cero,2D Subtitulada,20:15,,,,https://cartelera.ar/pelicula/resident-evil-noche-cero
GBA Sur,Showcase,Showcase Quilmes,"Av. Calchaquí 3950, Quilmes Factory",Resident Evil: Noche Cero,2D Doblada,22:00,,,,https://cartelera.ar/pelicula/resident-evil-noche-cero
GBA Sur,Showcase,Showcase Quilmes,"Av. Calchaquí 3950, Quilmes Factory",Resident Evil: Noche Cero,2D Subtitulada,22:25,,,,https://cartelera.ar/pelicula/resident-evil-noche-cero
GBA Sur,Showcase,Showcase Quilmes,"Av. Calchaquí 3950, Quilmes Factory",La isla olvidada,2D Doblada,15:15,,,,https://cartelera.ar/pelicula/la-isla-olvidada
GBA Sur,Showcase,Showcase Quilmes,"Av. Calchaquí 3950, Quilmes Factory",La isla olvidada,2D Doblada,17:50,,,,https://cartelera.ar/pelicula/la-isla-olvidada
GBA Sur,Showcase,Showcase Quilmes,"Av. Calchaquí 3950, Quilmes Factory",La isla olvidada,2D Doblada,19:15,,,,https://cartelera.ar/pelicula/la-isla-olvidada
GBA Sur,Showcase,Showcase Quilmes,"Av. Calchaquí 3950, Quilmes Factory",Coyote vs. Acme,2D Doblada,15:05,,,,https://cartelera.ar/pelicula/coyote-vs-acme
GBA Sur,Showcase,Showcase Quilmes,"Av. Calchaquí 3950, Quilmes Factory",Coyote vs. Acme,2D Doblada,17:25,,,,https://cartelera.ar/pelicula/coyote-vs-acme
GBA Sur,Showcase,Showcase Quilmes,"Av. Calchaquí 3950, Quilmes Factory",Coyote vs. Acme,2D Doblada,19:40,,,,https://cartelera.ar/pelicula/coyote-vs-acme
GBA Sur,Showcase,Showcase Quilmes,"Av. Calchaquí 3950, Quilmes Factory",Yo Narciso,2D Doblada,22:05,,,,https://cartelera.ar/pelicula/yo-narciso
GBA Sur,Showcase,Showcase Quilmes,"Av. Calchaquí 3950, Quilmes Factory",Avengers: Endgame Bonus - Infinity Vision,3D Doblada,15:00,,,,https://cartelera.ar/pelicula/avengers-endgame-bonus-infinity-vision
GBA Sur,Showcase,Showcase Quilmes,"Av. Calchaquí 3950, Quilmes Factory",Avengers: Endgame Bonus - Infinity Vision,2D Subtitulada,18:45,,,,https://cartelera.ar/pelicula/avengers-endgame-bonus-infinity-vision
GBA Sur,Showcase,Showcase Quilmes,"Av. Calchaquí 3950, Quilmes Factory",Avengers: Endgame Bonus - Infinity Vision,2D Subtitulada,22:30,,,,https://cartelera.ar/pelicula/avengers-endgame-bonus-infinity-vision
GBA Norte,Showcase,Showcase Norte (Norcenter),"Colectora Panamericana 3750, Norcenter",Los Colores Del Tiempo,2D Subtitulada,16:35,,,,https://cartelera.ar/pelicula/los-colores-del-tiempo
GBA Norte,Showcase,Showcase Norte (Norcenter),"Colectora Panamericana 3750, Norcenter",El corazón de la bestia,2D Subtitulada,14:55,,,,https://cartelera.ar/pelicula/el-corazon-de-la-bestia
GBA Norte,Showcase,Showcase Norte (Norcenter),"Colectora Panamericana 3750, Norcenter",El corazón de la bestia,2D Subtitulada,17:20,,,,https://cartelera.ar/pelicula/el-corazon-de-la-bestia
GBA Norte,Showcase,Showcase Norte (Norcenter),"Colectora Panamericana 3750, Norcenter",El corazón de la bestia,2D Subtitulada,19:55,,,,https://cartelera.ar/pelicula/el-corazon-de-la-bestia
GBA Norte,Showcase,Showcase Norte (Norcenter),"Colectora Panamericana 3750, Norcenter",El corazón de la bestia,2D Subtitulada,22:20,,,,https://cartelera.ar/pelicula/el-corazon-de-la-bestia
GBA Norte,Showcase,Showcase Norte (Norcenter),"Colectora Panamericana 3750, Norcenter",La invitación,2D Subtitulada,14:25,,,,https://cartelera.ar/pelicula/la-invitacion
GBA Norte,Showcase,Showcase Norte (Norcenter),"Colectora Panamericana 3750, Norcenter",La invitación,2D Subtitulada,16:50,,,,https://cartelera.ar/pelicula/la-invitacion
GBA Norte,Showcase,Showcase Norte (Norcenter),"Colectora Panamericana 3750, Norcenter",La invitación,2D Subtitulada,19:15,,,,https://cartelera.ar/pelicula/la-invitacion
GBA Norte,Showcase,Showcase Norte (Norcenter),"Colectora Panamericana 3750, Norcenter",La invitación,2D Subtitulada,21:50,,,,https://cartelera.ar/pelicula/la-invitacion
GBA Norte,Showcase,Showcase Norte (Norcenter),"Colectora Panamericana 3750, Norcenter",La Odisea,2D Subtitulada,15:30,,,,https://cartelera.ar/pelicula/la-odisea
GBA Norte,Showcase,Showcase Norte (Norcenter),"Colectora Panamericana 3750, Norcenter",La Odisea,2D Subtitulada,18:30,,,,https://cartelera.ar/pelicula/la-odisea
GBA Norte,Showcase,Showcase Norte (Norcenter),"Colectora Panamericana 3750, Norcenter",La Odisea,2D Subtitulada,19:00,,,,https://cartelera.ar/pelicula/la-odisea
GBA Norte,Showcase,Showcase Norte (Norcenter),"Colectora Panamericana 3750, Norcenter",La Odisea,2D Subtitulada,21:45,,,,https://cartelera.ar/pelicula/la-odisea
GBA Norte,Showcase,Showcase Norte (Norcenter),"Colectora Panamericana 3750, Norcenter",Spider-Man: Un nuevo día,2D Doblada,13:30,,,,https://cartelera.ar/pelicula/spider-man-un-nuevo-dia
GBA Norte,Showcase,Showcase Norte (Norcenter),"Colectora Panamericana 3750, Norcenter",Spider-Man: Un nuevo día,2D Doblada,16:30,,,,https://cartelera.ar/pelicula/spider-man-un-nuevo-dia
GBA Norte,Showcase,Showcase Norte (Norcenter),"Colectora Panamericana 3750, Norcenter",Spider-Man: Un nuevo día,2D Doblada,19:10,,,,https://cartelera.ar/pelicula/spider-man-un-nuevo-dia
GBA Norte,Showcase,Showcase Norte (Norcenter),"Colectora Panamericana 3750, Norcenter",Spider-Man: Un nuevo día,2D Subtitulada,19:30,,,,https://cartelera.ar/pelicula/spider-man-un-nuevo-dia
GBA Norte,Showcase,Showcase Norte (Norcenter),"Colectora Panamericana 3750, Norcenter",Spider-Man: Un nuevo día,2D Subtitulada,22:10,,,,https://cartelera.ar/pelicula/spider-man-un-nuevo-dia
GBA Norte,Showcase,Showcase Norte (Norcenter),"Colectora Panamericana 3750, Norcenter",Toy Story 5,2D Doblada,14:45,,,,https://cartelera.ar/pelicula/toy-story-5
GBA Norte,Showcase,Showcase Norte (Norcenter),"Colectora Panamericana 3750, Norcenter",Toy Story 5,2D Doblada,17:10,,,,https://cartelera.ar/pelicula/toy-story-5
GBA Norte,Showcase,Showcase Norte (Norcenter),"Colectora Panamericana 3750, Norcenter",El Final de la Calle Oak,2D Doblada,14:15,,,,https://cartelera.ar/pelicula/el-final-de-la-calle-oak
GBA Norte,Showcase,Showcase Norte (Norcenter),"Colectora Panamericana 3750, Norcenter",PAW Patrol: La Dino Película,2D Doblada,13:50,,,,https://cartelera.ar/pelicula/paw-patrol-la-dino-pelicula
GBA Norte,Showcase,Showcase Norte (Norcenter),"Colectora Panamericana 3750, Norcenter",La noche del demonio: Están entre nosotros,2D Subtitulada,22:40,,,,https://cartelera.ar/pelicula/la-noche-del-demonio-estan-entre-nosotros
GBA Norte,Showcase,Showcase Norte (Norcenter),"Colectora Panamericana 3750, Norcenter",Hechizo de amor: La magia continúa,2D Doblada,16:40,,,,https://cartelera.ar/pelicula/hechizo-de-amor-la-magia-continua
GBA Norte,Showcase,Showcase Norte (Norcenter),"Colectora Panamericana 3750, Norcenter",Hechizo de amor: La magia continúa,2D Subtitulada,19:35,,,,https://cartelera.ar/pelicula/hechizo-de-amor-la-magia-continua
GBA Norte,Showcase,Showcase Norte (Norcenter),"Colectora Panamericana 3750, Norcenter",Hechizo de amor: La magia continúa,2D Subtitulada,22:25,,,,https://cartelera.ar/pelicula/hechizo-de-amor-la-magia-continua
GBA Norte,Showcase,Showcase Norte (Norcenter),"Colectora Panamericana 3750, Norcenter",Resident Evil: Noche Cero,2D Subtitulada,14:50,,,,https://cartelera.ar/pelicula/resident-evil-noche-cero
GBA Norte,Showcase,Showcase Norte (Norcenter),"Colectora Panamericana 3750, Norcenter",Resident Evil: Noche Cero,2D Doblada,15:25,,,,https://cartelera.ar/pelicula/resident-evil-noche-cero
GBA Norte,Showcase,Showcase Norte (Norcenter),"Colectora Panamericana 3750, Norcenter",Resident Evil: Noche Cero,2D Subtitulada,17:15,,,,https://cartelera.ar/pelicula/resident-evil-noche-cero
GBA Norte,Showcase,Showcase Norte (Norcenter),"Colectora Panamericana 3750, Norcenter",Resident Evil: Noche Cero,2D Doblada,17:40,,,,https://cartelera.ar/pelicula/resident-evil-noche-cero
GBA Norte,Showcase,Showcase Norte (Norcenter),"Colectora Panamericana 3750, Norcenter",Resident Evil: Noche Cero,2D Subtitulada,19:50,,,,https://cartelera.ar/pelicula/resident-evil-noche-cero
GBA Norte,Showcase,Showcase Norte (Norcenter),"Colectora Panamericana 3750, Norcenter",Resident Evil: Noche Cero,2D Doblada,20:10,,,,https://cartelera.ar/pelicula/resident-evil-noche-cero
GBA Norte,Showcase,Showcase Norte (Norcenter),"Colectora Panamericana 3750, Norcenter",Resident Evil: Noche Cero,2D Subtitulada,22:15,,,,https://cartelera.ar/pelicula/resident-evil-noche-cero
GBA Norte,Showcase,Showcase Norte (Norcenter),"Colectora Panamericana 3750, Norcenter",Resident Evil: Noche Cero,2D Doblada,22:35,,,,https://cartelera.ar/pelicula/resident-evil-noche-cero
GBA Norte,Showcase,Showcase Norte (Norcenter),"Colectora Panamericana 3750, Norcenter",Pepita la Pistolera,2D Doblada,15:55,,,,https://cartelera.ar/pelicula/pepita-la-pistolera
GBA Norte,Showcase,Showcase Norte (Norcenter),"Colectora Panamericana 3750, Norcenter",Pepita la Pistolera,2D Doblada,21:40,,,,https://cartelera.ar/pelicula/pepita-la-pistolera
GBA Norte,Showcase,Showcase Norte (Norcenter),"Colectora Panamericana 3750, Norcenter",La isla olvidada,2D Doblada,14:35,,,,https://cartelera.ar/pelicula/la-isla-olvidada
GBA Norte,Showcase,Showcase Norte (Norcenter),"Colectora Panamericana 3750, Norcenter",La isla olvidada,2D Doblada,17:05,,,,https://cartelera.ar/pelicula/la-isla-olvidada
GBA Norte,Showcase,Showcase Norte (Norcenter),"Colectora Panamericana 3750, Norcenter",La isla olvidada,2D Doblada,19:30,,,,https://cartelera.ar/pelicula/la-isla-olvidada
GBA Norte,Showcase,Showcase Norte (Norcenter),"Colectora Panamericana 3750, Norcenter",La isla olvidada,2D Doblada,21:55,,,,https://cartelera.ar/pelicula/la-isla-olvidada
GBA Norte,Showcase,Showcase Norte (Norcenter),"Colectora Panamericana 3750, Norcenter",Coyote vs. Acme,2D Doblada,14:20,,,,https://cartelera.ar/pelicula/coyote-vs-acme
GBA Norte,Showcase,Showcase Norte (Norcenter),"Colectora Panamericana 3750, Norcenter",Coyote vs. Acme,2D Doblada,17:00,,,,https://cartelera.ar/pelicula/coyote-vs-acme
GBA Norte,Showcase,Showcase Norte (Norcenter),"Colectora Panamericana 3750, Norcenter",Coyote vs. Acme,2D Doblada,19:20,,,,https://cartelera.ar/pelicula/coyote-vs-acme
GBA Norte,Showcase,Showcase Norte (Norcenter),"Colectora Panamericana 3750, Norcenter",Coyote vs. Acme,2D Doblada,22:05,,,,https://cartelera.ar/pelicula/coyote-vs-acme
GBA Norte,Showcase,Showcase Norte (Norcenter),"Colectora Panamericana 3750, Norcenter",Yo Narciso,2D Doblada,17:30,,,,https://cartelera.ar/pelicula/yo-narciso
GBA Norte,Showcase,Showcase Norte (Norcenter),"Colectora Panamericana 3750, Norcenter",Yo Narciso,2D Doblada,19:45,,,,https://cartelera.ar/pelicula/yo-narciso
GBA Norte,Showcase,Showcase Norte (Norcenter),"Colectora Panamericana 3750, Norcenter",Avengers: Endgame Bonus - Infinity Vision,3D Doblada,15:00,,,,https://cartelera.ar/pelicula/avengers-endgame-bonus-infinity-vision
GBA Norte,Showcase,Showcase Norte (Norcenter),"Colectora Panamericana 3750, Norcenter",Avengers: Endgame Bonus - Infinity Vision,2D Doblada,16:45,,,,https://cartelera.ar/pelicula/avengers-endgame-bonus-infinity-vision
GBA Norte,Showcase,Showcase Norte (Norcenter),"Colectora Panamericana 3750, Norcenter",Avengers: Endgame Bonus - Infinity Vision,3D Subtitulada,18:45,,,,https://cartelera.ar/pelicula/avengers-endgame-bonus-infinity-vision
GBA Norte,Showcase,Showcase Norte (Norcenter),"Colectora Panamericana 3750, Norcenter",Avengers: Endgame Bonus - Infinity Vision,2D Subtitulada,20:30,,,,https://cartelera.ar/pelicula/avengers-endgame-bonus-infinity-vision
GBA Norte,Showcase,Showcase Norte (Norcenter),"Colectora Panamericana 3750, Norcenter",Avengers: Endgame Bonus - Infinity Vision,2D Subtitulada,22:30,,,,https://cartelera.ar/pelicula/avengers-endgame-bonus-infinity-vision
GBA Norte,Showcase,Showcase Norte (Norcenter),"Colectora Panamericana 3750, Norcenter",Tadeo : El Explorador Y La Lampara Maravillosa,2D Doblada,14:30,,,,https://cartelera.ar/pelicula/tadeo-el-explorador-y-la-lampara-maravillosa
GBA Norte,Showcase,Showcase Norte (Norcenter),"Colectora Panamericana 3750, Norcenter",El último gran golpe,2D Subtitulada,19:40,,,,https://cartelera.ar/pelicula/el-ultimo-gran-golpe
GBA Norte,Showcase,Showcase Norte (Norcenter),"Colectora Panamericana 3750, Norcenter",El último gran golpe,2D Subtitulada,22:00,,,,https://cartelera.ar/pelicula/el-ultimo-gran-golpe
GBA Norte,Showcase,Showcase Norte (Norcenter),"Colectora Panamericana 3750, Norcenter",El árbol mágico,2D Doblada,14:05,,,,https://cartelera.ar/pelicula/el-arbol-magico
GBA Norte,Showcase,Showcase Norte (Norcenter),"Colectora Panamericana 3750, Norcenter",El árbol mágico,2D Doblada,16:35,,,,https://cartelera.ar/pelicula/el-arbol-magico
GBA Norte,Showcase,Showcase Norte (Norcenter),"Colectora Panamericana 3750, Norcenter",Bajo tus pies,2D Doblada,15:10,,,,https://cartelera.ar/pelicula/bajo-tus-pies
GBA Norte,Showcase,Showcase Norte (Norcenter),"Colectora Panamericana 3750, Norcenter",Bajo tus pies,2D Doblada,19:25,,,,https://cartelera.ar/pelicula/bajo-tus-pies
GBA Norte,Showcase,Showcase Norte (Norcenter),"Colectora Panamericana 3750, Norcenter",Her Private Hell,2D Subtitulada,22:35,,,,https://cartelera.ar/pelicula/her-private-hell
GBA Norte,Showcase,Showcase Norte (Norcenter),"Colectora Panamericana 3750, Norcenter",La guerra de los últimos,2D Subtitulada,14:00,,,,https://cartelera.ar/pelicula/la-guerra-de-los-ultimos
GBA Norte,Showcase,Showcase Norte (Norcenter),"Colectora Panamericana 3750, Norcenter",La guerra de los últimos,2D Subtitulada,22:05,,,,https://cartelera.ar/pelicula/la-guerra-de-los-ultimos
CABA,Showcase,Showcase Belgrano,"Monroe 1655, Belgrano",El corazón de la bestia,2D Subtitulada,14:55,,,,https://cartelera.ar/pelicula/el-corazon-de-la-bestia
CABA,Showcase,Showcase Belgrano,"Monroe 1655, Belgrano",El corazón de la bestia,2D Subtitulada,17:25,,,,https://cartelera.ar/pelicula/el-corazon-de-la-bestia
CABA,Showcase,Showcase Belgrano,"Monroe 1655, Belgrano",El corazón de la bestia,2D Subtitulada,19:50,,,,https://cartelera.ar/pelicula/el-corazon-de-la-bestia
CABA,Showcase,Showcase Belgrano,"Monroe 1655, Belgrano",El corazón de la bestia,2D Subtitulada,22:15,,,,https://cartelera.ar/pelicula/el-corazon-de-la-bestia
CABA,Showcase,Showcase Belgrano,"Monroe 1655, Belgrano",La invitación,2D Subtitulada,17:15,,,,https://cartelera.ar/pelicula/la-invitacion
CABA,Showcase,Showcase Belgrano,"Monroe 1655, Belgrano",La invitación,2D Subtitulada,22:35,,,,https://cartelera.ar/pelicula/la-invitacion
CABA,Showcase,Showcase Belgrano,"Monroe 1655, Belgrano",La Odisea,2D Subtitulada,15:25,,,,https://cartelera.ar/pelicula/la-odisea
CABA,Showcase,Showcase Belgrano,"Monroe 1655, Belgrano",La Odisea,2D Subtitulada,19:00,,,,https://cartelera.ar/pelicula/la-odisea
CABA,Showcase,Showcase Belgrano,"Monroe 1655, Belgrano",La Odisea,2D Subtitulada,22:05,,,,https://cartelera.ar/pelicula/la-odisea
CABA,Showcase,Showcase Belgrano,"Monroe 1655, Belgrano",Spider-Man: Un nuevo día,2D Doblada,13:30,,,,https://cartelera.ar/pelicula/spider-man-un-nuevo-dia
CABA,Showcase,Showcase Belgrano,"Monroe 1655, Belgrano",Spider-Man: Un nuevo día,2D Doblada,16:30,,,,https://cartelera.ar/pelicula/spider-man-un-nuevo-dia
CABA,Showcase,Showcase Belgrano,"Monroe 1655, Belgrano",Spider-Man: Un nuevo día,2D Subtitulada,19:30,,,,https://cartelera.ar/pelicula/spider-man-un-nuevo-dia
CABA,Showcase,Showcase Belgrano,"Monroe 1655, Belgrano",Hechizo de amor: La magia continúa,2D Subtitulada,13:45,,,,https://cartelera.ar/pelicula/hechizo-de-amor-la-magia-continua
CABA,Showcase,Showcase Belgrano,"Monroe 1655, Belgrano",Hechizo de amor: La magia continúa,2D Subtitulada,16:35,,,,https://cartelera.ar/pelicula/hechizo-de-amor-la-magia-continua
CABA,Showcase,Showcase Belgrano,"Monroe 1655, Belgrano",Hechizo de amor: La magia continúa,2D Subtitulada,19:25,,,,https://cartelera.ar/pelicula/hechizo-de-amor-la-magia-continua
CABA,Showcase,Showcase Belgrano,"Monroe 1655, Belgrano",Resident Evil: Noche Cero,2D Subtitulada,15:20,,,,https://cartelera.ar/pelicula/resident-evil-noche-cero
CABA,Showcase,Showcase Belgrano,"Monroe 1655, Belgrano",Resident Evil: Noche Cero,2D Subtitulada,17:45,,,,https://cartelera.ar/pelicula/resident-evil-noche-cero
CABA,Showcase,Showcase Belgrano,"Monroe 1655, Belgrano",Resident Evil: Noche Cero,2D Subtitulada,20:00,,,,https://cartelera.ar/pelicula/resident-evil-noche-cero
CABA,Showcase,Showcase Belgrano,"Monroe 1655, Belgrano",Resident Evil: Noche Cero,2D Subtitulada,22:00,,,,https://cartelera.ar/pelicula/resident-evil-noche-cero
CABA,Showcase,Showcase Belgrano,"Monroe 1655, Belgrano",Resident Evil: Noche Cero,2D Subtitulada,22:25,,,,https://cartelera.ar/pelicula/resident-evil-noche-cero
CABA,Showcase,Showcase Belgrano,"Monroe 1655, Belgrano",La isla olvidada,2D Doblada,14:35,,,,https://cartelera.ar/pelicula/la-isla-olvidada
CABA,Showcase,Showcase Belgrano,"Monroe 1655, Belgrano",La isla olvidada,2D Doblada,17:05,,,,https://cartelera.ar/pelicula/la-isla-olvidada
CABA,Showcase,Showcase Belgrano,"Monroe 1655, Belgrano",La isla olvidada,2D Doblada,19:35,,,,https://cartelera.ar/pelicula/la-isla-olvidada
CABA,Showcase,Showcase Belgrano,"Monroe 1655, Belgrano",Coyote vs. Acme,2D Doblada,15:15,,,,https://cartelera.ar/pelicula/coyote-vs-acme
CABA,Showcase,Showcase Belgrano,"Monroe 1655, Belgrano",Coyote vs. Acme,2D Doblada,17:50,,,,https://cartelera.ar/pelicula/coyote-vs-acme
CABA,Showcase,Showcase Belgrano,"Monroe 1655, Belgrano",Avengers: Endgame Bonus - Infinity Vision,3D Doblada,14:45,,,,https://cartelera.ar/pelicula/avengers-endgame-bonus-infinity-vision
CABA,Showcase,Showcase Belgrano,"Monroe 1655, Belgrano",Avengers: Endgame Bonus - Infinity Vision,3D Subtitulada,18:30,,,,https://cartelera.ar/pelicula/avengers-endgame-bonus-infinity-vision
CABA,Showcase,Showcase Belgrano,"Monroe 1655, Belgrano",Avengers: Endgame Bonus - Infinity Vision,2D Subtitulada,20:15,,,,https://cartelera.ar/pelicula/avengers-endgame-bonus-infinity-vision
CABA,Showcase,Showcase Belgrano,"Monroe 1655, Belgrano",Avengers: Endgame Bonus - Infinity Vision,2D Subtitulada,22:10,,,,https://cartelera.ar/pelicula/avengers-endgame-bonus-infinity-vision
CABA,Showcase,Showcase Belgrano,"Monroe 1655, Belgrano",El último gran golpe,2D Subtitulada,19:40,,,,https://cartelera.ar/pelicula/el-ultimo-gran-golpe
CABA,Showcase,Showcase Belgrano,"Monroe 1655, Belgrano",El último gran golpe,2D Subtitulada,22:20,,,,https://cartelera.ar/pelicula/el-ultimo-gran-golpe
CABA,Showcase,Showcase Belgrano,"Monroe 1655, Belgrano",El árbol mágico,2D Doblada,14:10,,,,https://cartelera.ar/pelicula/el-arbol-magico
CABA,Showcase,Showcase Belgrano,"Monroe 1655, Belgrano",El árbol mágico,2D Doblada,16:45,,,,https://cartelera.ar/pelicula/el-arbol-magico
CABA,Showcase,Showcase Belgrano,"Monroe 1655, Belgrano",Bajo tus pies,2D Doblada,15:00,,,,https://cartelera.ar/pelicula/bajo-tus-pies
CABA,Showcase,Showcase Belgrano,"Monroe 1655, Belgrano",Her Private Hell,2D Subtitulada,22:35,,,,https://cartelera.ar/pelicula/her-private-hell
CABA,Showcase,Showcase Belgrano,"Monroe 1655, Belgrano",La guerra de los últimos,2D Subtitulada,22:30,,,,https://cartelera.ar/pelicula/la-guerra-de-los-ultimos
CABA,Showcase,Showcase Belgrano,"Monroe 1655, Belgrano",Linkin Park: Unshattered,2D Subtitulada,20:10,,,,https://cartelera.ar/pelicula/linkin-park-unshattered
GBA Oeste,Showcase,Showcase Haedo,"Av. Rivadavia 16.200, Shopping Haedo",El corazón de la bestia,2D Doblada,14:35,,,,https://cartelera.ar/pelicula/el-corazon-de-la-bestia
GBA Oeste,Showcase,Showcase Haedo,"Av. Rivadavia 16.200, Shopping Haedo",El corazón de la bestia,2D Subtitulada,17:00,,,,https://cartelera.ar/pelicula/el-corazon-de-la-bestia
GBA Oeste,Showcase,Showcase Haedo,"Av. Rivadavia 16.200, Shopping Haedo",El corazón de la bestia,2D Doblada,19:25,,,,https://cartelera.ar/pelicula/el-corazon-de-la-bestia
GBA Oeste,Showcase,Showcase Haedo,"Av. Rivadavia 16.200, Shopping Haedo",El corazón de la bestia,2D Subtitulada,22:00,,,,https://cartelera.ar/pelicula/el-corazon-de-la-bestia
GBA Oeste,Showcase,Showcase Haedo,"Av. Rivadavia 16.200, Shopping Haedo",La Odisea,2D Doblada,15:25,,,,https://cartelera.ar/pelicula/la-odisea
GBA Oeste,Showcase,Showcase Haedo,"Av. Rivadavia 16.200, Shopping Haedo",La Odisea,2D Subtitulada,19:05,,,,https://cartelera.ar/pelicula/la-odisea
GBA Oeste,Showcase,Showcase Haedo,"Av. Rivadavia 16.200, Shopping Haedo",La Odisea,2D Subtitulada,21:45,,,,https://cartelera.ar/pelicula/la-odisea
GBA Oeste,Showcase,Showcase Haedo,"Av. Rivadavia 16.200, Shopping Haedo",Spider-Man: Un nuevo día,2D Doblada,16:10,,,,https://cartelera.ar/pelicula/spider-man-un-nuevo-dia
GBA Oeste,Showcase,Showcase Haedo,"Av. Rivadavia 16.200, Shopping Haedo",Spider-Man: Un nuevo día,2D Doblada,19:20,,,,https://cartelera.ar/pelicula/spider-man-un-nuevo-dia
GBA Oeste,Showcase,Showcase Haedo,"Av. Rivadavia 16.200, Shopping Haedo",Spider-Man: Un nuevo día,2D Doblada,22:25,,,,https://cartelera.ar/pelicula/spider-man-un-nuevo-dia
GBA Oeste,Showcase,Showcase Haedo,"Av. Rivadavia 16.200, Shopping Haedo",Toy Story 5,2D Doblada,14:10,,,,https://cartelera.ar/pelicula/toy-story-5
GBA Oeste,Showcase,Showcase Haedo,"Av. Rivadavia 16.200, Shopping Haedo",Toy Story 5,2D Doblada,16:40,,,,https://cartelera.ar/pelicula/toy-story-5
GBA Oeste,Showcase,Showcase Haedo,"Av. Rivadavia 16.200, Shopping Haedo",La noche del demonio: Están entre nosotros,2D Doblada,14:15,,,,https://cartelera.ar/pelicula/la-noche-del-demonio-estan-entre-nosotros
GBA Oeste,Showcase,Showcase Haedo,"Av. Rivadavia 16.200, Shopping Haedo",La noche del demonio: Están entre nosotros,2D Doblada,16:45,,,,https://cartelera.ar/pelicula/la-noche-del-demonio-estan-entre-nosotros
GBA Oeste,Showcase,Showcase Haedo,"Av. Rivadavia 16.200, Shopping Haedo",La noche del demonio: Están entre nosotros,2D Doblada,19:15,,,,https://cartelera.ar/pelicula/la-noche-del-demonio-estan-entre-nosotros
GBA Oeste,Showcase,Showcase Haedo,"Av. Rivadavia 16.200, Shopping Haedo",La noche del demonio: Están entre nosotros,2D Doblada,22:40,,,,https://cartelera.ar/pelicula/la-noche-del-demonio-estan-entre-nosotros
GBA Oeste,Showcase,Showcase Haedo,"Av. Rivadavia 16.200, Shopping Haedo",Hechizo de amor: La magia continúa,2D Subtitulada,19:10,,,,https://cartelera.ar/pelicula/hechizo-de-amor-la-magia-continua
GBA Oeste,Showcase,Showcase Haedo,"Av. Rivadavia 16.200, Shopping Haedo",Resident Evil: Noche Cero,2D Doblada,15:05,,,,https://cartelera.ar/pelicula/resident-evil-noche-cero
GBA Oeste,Showcase,Showcase Haedo,"Av. Rivadavia 16.200, Shopping Haedo",Resident Evil: Noche Cero,2D Subtitulada,15:30,,,,https://cartelera.ar/pelicula/resident-evil-noche-cero
GBA Oeste,Showcase,Showcase Haedo,"Av. Rivadavia 16.200, Shopping Haedo",Resident Evil: Noche Cero,2D Doblada,17:20,,,,https://cartelera.ar/pelicula/resident-evil-noche-cero
GBA Oeste,Showcase,Showcase Haedo,"Av. Rivadavia 16.200, Shopping Haedo",Resident Evil: Noche Cero,2D Subtitulada,17:50,,,,https://cartelera.ar/pelicula/resident-evil-noche-cero
GBA Oeste,Showcase,Showcase Haedo,"Av. Rivadavia 16.200, Shopping Haedo",Resident Evil: Noche Cero,2D Doblada,19:40,,,,https://cartelera.ar/pelicula/resident-evil-noche-cero
GBA Oeste,Showcase,Showcase Haedo,"Av. Rivadavia 16.200, Shopping Haedo",Resident Evil: Noche Cero,2D Subtitulada,20:10,,,,https://cartelera.ar/pelicula/resident-evil-noche-cero
GBA Oeste,Showcase,Showcase Haedo,"Av. Rivadavia 16.200, Shopping Haedo",Resident Evil: Noche Cero,2D Doblada,22:05,,,,https://cartelera.ar/pelicula/resident-evil-noche-cero
GBA Oeste,Showcase,Showcase Haedo,"Av. Rivadavia 16.200, Shopping Haedo",Resident Evil: Noche Cero,2D Subtitulada,22:35,,,,https://cartelera.ar/pelicula/resident-evil-noche-cero
GBA Oeste,Showcase,Showcase Haedo,"Av. Rivadavia 16.200, Shopping Haedo",Pepita la Pistolera,2D Doblada,19:45,,,,https://cartelera.ar/pelicula/pepita-la-pistolera
GBA Oeste,Showcase,Showcase Haedo,"Av. Rivadavia 16.200, Shopping Haedo",La isla olvidada,2D Doblada,14:00,,,,https://cartelera.ar/pelicula/la-isla-olvidada
GBA Oeste,Showcase,Showcase Haedo,"Av. Rivadavia 16.200, Shopping Haedo",La isla olvidada,2D Doblada,16:30,,,,https://cartelera.ar/pelicula/la-isla-olvidada
GBA Oeste,Showcase,Showcase Haedo,"Av. Rivadavia 16.200, Shopping Haedo",La isla olvidada,2D Doblada,19:00,,,,https://cartelera.ar/pelicula/la-isla-olvidada
GBA Oeste,Showcase,Showcase Haedo,"Av. Rivadavia 16.200, Shopping Haedo",La isla olvidada,2D Doblada,21:30,,,,https://cartelera.ar/pelicula/la-isla-olvidada
GBA Oeste,Showcase,Showcase Haedo,"Av. Rivadavia 16.200, Shopping Haedo",Coyote vs. Acme,2D Doblada,14:55,,,,https://cartelera.ar/pelicula/coyote-vs-acme
GBA Oeste,Showcase,Showcase Haedo,"Av. Rivadavia 16.200, Shopping Haedo",Coyote vs. Acme,2D Doblada,17:25,,,,https://cartelera.ar/pelicula/coyote-vs-acme
GBA Oeste,Showcase,Showcase Haedo,"Av. Rivadavia 16.200, Shopping Haedo",Coyote vs. Acme,2D Doblada,19:50,,,,https://cartelera.ar/pelicula/coyote-vs-acme
GBA Oeste,Showcase,Showcase Haedo,"Av. Rivadavia 16.200, Shopping Haedo",Coyote vs. Acme,2D Doblada,22:20,,,,https://cartelera.ar/pelicula/coyote-vs-acme
GBA Oeste,Showcase,Showcase Haedo,"Av. Rivadavia 16.200, Shopping Haedo",Yo Narciso,2D Doblada,14:40,,,,https://cartelera.ar/pelicula/yo-narciso
GBA Oeste,Showcase,Showcase Haedo,"Av. Rivadavia 16.200, Shopping Haedo",Yo Narciso,2D Doblada,17:15,,,,https://cartelera.ar/pelicula/yo-narciso
GBA Oeste,Showcase,Showcase Haedo,"Av. Rivadavia 16.200, Shopping Haedo",Yo Narciso,2D Doblada,19:35,,,,https://cartelera.ar/pelicula/yo-narciso
GBA Oeste,Showcase,Showcase Haedo,"Av. Rivadavia 16.200, Shopping Haedo",Yo Narciso,2D Doblada,21:55,,,,https://cartelera.ar/pelicula/yo-narciso
GBA Oeste,Showcase,Showcase Haedo,"Av. Rivadavia 16.200, Shopping Haedo",Avengers: Endgame Bonus - Infinity Vision,3D Doblada,15:00,,,,https://cartelera.ar/pelicula/avengers-endgame-bonus-infinity-vision
GBA Oeste,Showcase,Showcase Haedo,"Av. Rivadavia 16.200, Shopping Haedo",Avengers: Endgame Bonus - Infinity Vision,3D Subtitulada,18:45,,,,https://cartelera.ar/pelicula/avengers-endgame-bonus-infinity-vision
GBA Oeste,Showcase,Showcase Haedo,"Av. Rivadavia 16.200, Shopping Haedo",Avengers: Endgame Bonus - Infinity Vision,2D Subtitulada,20:30,,,,https://cartelera.ar/pelicula/avengers-endgame-bonus-infinity-vision
GBA Oeste,Showcase,Showcase Haedo,"Av. Rivadavia 16.200, Shopping Haedo",Avengers: Endgame Bonus - Infinity Vision,2D Doblada,22:10,,,,https://cartelera.ar/pelicula/avengers-endgame-bonus-infinity-vision
GBA Oeste,Showcase,Showcase Haedo,"Av. Rivadavia 16.200, Shopping Haedo",Avengers: Endgame Bonus - Infinity Vision,2D Subtitulada,22:30,,,,https://cartelera.ar/pelicula/avengers-endgame-bonus-infinity-vision
GBA Oeste,Showcase,Showcase Haedo,"Av. Rivadavia 16.200, Shopping Haedo",Tadeo : El Explorador Y La Lampara Maravillosa,2D Doblada,15:20,,,,https://cartelera.ar/pelicula/tadeo-el-explorador-y-la-lampara-maravillosa
GBA Oeste,Showcase,Showcase Haedo,"Av. Rivadavia 16.200, Shopping Haedo",El último gran golpe,2D Doblada,14:45,,,,https://cartelera.ar/pelicula/el-ultimo-gran-golpe
GBA Oeste,Showcase,Showcase Haedo,"Av. Rivadavia 16.200, Shopping Haedo",El último gran golpe,2D Doblada,17:10,,,,https://cartelera.ar/pelicula/el-ultimo-gran-golpe
GBA Oeste,Showcase,Showcase Haedo,"Av. Rivadavia 16.200, Shopping Haedo",El último gran golpe,2D Subtitulada,22:15,,,,https://cartelera.ar/pelicula/el-ultimo-gran-golpe
GBA Oeste,Showcase,Showcase Haedo,"Av. Rivadavia 16.200, Shopping Haedo",El árbol mágico,2D Doblada,17:40,,,,https://cartelera.ar/pelicula/el-arbol-magico
GBA Oeste,Showcase,Showcase Haedo,"Av. Rivadavia 16.200, Shopping Haedo",Bajo tus pies,2D Doblada,14:50,,,,https://cartelera.ar/pelicula/bajo-tus-pies
GBA Oeste,Showcase,Showcase Haedo,"Av. Rivadavia 16.200, Shopping Haedo",Bajo tus pies,2D Doblada,19:30,,,,https://cartelera.ar/pelicula/bajo-tus-pies
GBA Oeste,Showcase,Showcase Haedo,"Av. Rivadavia 16.200, Shopping Haedo",Encantador,2D Doblada,17:05,,,,https://cartelera.ar/pelicula/encantador
GBA Oeste,Showcase,Showcase Haedo,"Av. Rivadavia 16.200, Shopping Haedo",Encantador,2D Doblada,21:50,,,,https://cartelera.ar/pelicula/encantador
GBA Norte,Atlas Cines,Atlas Nordelta,"Av. de los Lagos 7008, Nordelta Centro Comercial",El corazón de la bestia,2D Doblada,16:50,,,,https://cartelera.ar/pelicula/el-corazon-de-la-bestia
GBA Norte,Atlas Cines,Atlas Nordelta,"Av. de los Lagos 7008, Nordelta Centro Comercial",El corazón de la bestia,2D Subtitulada,19:00,,,,https://cartelera.ar/pelicula/el-corazon-de-la-bestia
GBA Norte,Atlas Cines,Atlas Nordelta,"Av. de los Lagos 7008, Nordelta Centro Comercial",El corazón de la bestia,2D Subtitulada,22:10,,,,https://cartelera.ar/pelicula/el-corazon-de-la-bestia
GBA Norte,Atlas Cines,Atlas Nordelta,"Av. de los Lagos 7008, Nordelta Centro Comercial",La invitación,2D Subtitulada,20:20,,,,https://cartelera.ar/pelicula/la-invitacion
GBA Norte,Atlas Cines,Atlas Nordelta,"Av. de los Lagos 7008, Nordelta Centro Comercial",La Odisea,2D Subtitulada,21:20,,,,https://cartelera.ar/pelicula/la-odisea
GBA Norte,Atlas Cines,Atlas Nordelta,"Av. de los Lagos 7008, Nordelta Centro Comercial",Spider-Man: Un nuevo día,2D Doblada,14:00,,,,https://cartelera.ar/pelicula/spider-man-un-nuevo-dia
GBA Norte,Atlas Cines,Atlas Nordelta,"Av. de los Lagos 7008, Nordelta Centro Comercial",Spider-Man: Un nuevo día,2D Doblada,17:00,,,,https://cartelera.ar/pelicula/spider-man-un-nuevo-dia
GBA Norte,Atlas Cines,Atlas Nordelta,"Av. de los Lagos 7008, Nordelta Centro Comercial",Minions & monstruos,2D Doblada,14:10,,,,https://cartelera.ar/pelicula/minions-monstruos
GBA Norte,Atlas Cines,Atlas Nordelta,"Av. de los Lagos 7008, Nordelta Centro Comercial",Minions & monstruos,2D Doblada,16:10,,,,https://cartelera.ar/pelicula/minions-monstruos
GBA Norte,Atlas Cines,Atlas Nordelta,"Av. de los Lagos 7008, Nordelta Centro Comercial",Resident Evil: Noche Cero,2D Doblada,18:20,,,,https://cartelera.ar/pelicula/resident-evil-noche-cero
GBA Norte,Atlas Cines,Atlas Nordelta,"Av. de los Lagos 7008, Nordelta Centro Comercial",Resident Evil: Noche Cero,2D Subtitulada,22:40,,,,https://cartelera.ar/pelicula/resident-evil-noche-cero
GBA Norte,Atlas Cines,Atlas Nordelta,"Av. de los Lagos 7008, Nordelta Centro Comercial",La isla olvidada,2D Doblada,14:30,,,,https://cartelera.ar/pelicula/la-isla-olvidada
GBA Norte,Atlas Cines,Atlas Nordelta,"Av. de los Lagos 7008, Nordelta Centro Comercial",La isla olvidada,3D Doblada,15:30,,,,https://cartelera.ar/pelicula/la-isla-olvidada
GBA Norte,Atlas Cines,Atlas Nordelta,"Av. de los Lagos 7008, Nordelta Centro Comercial",La isla olvidada,2D Doblada,17:50,,,,https://cartelera.ar/pelicula/la-isla-olvidada
GBA Norte,Atlas Cines,Atlas Nordelta,"Av. de los Lagos 7008, Nordelta Centro Comercial",La isla olvidada,2D Doblada,20:00,,,,https://cartelera.ar/pelicula/la-isla-olvidada
GBA Norte,Atlas Cines,Atlas Nordelta,"Av. de los Lagos 7008, Nordelta Centro Comercial",Yo Narciso,2D Doblada,22:30,,,,https://cartelera.ar/pelicula/yo-narciso
GBA Norte,Atlas Cines,Atlas Nordelta,"Av. de los Lagos 7008, Nordelta Centro Comercial",Tres adioses,2D Subtitulada,19:50,,,,https://cartelera.ar/pelicula/tres-adioses
GBA Norte,Atlas Cines,Atlas Nordelta,"Av. de los Lagos 7008, Nordelta Centro Comercial",El último gran golpe,2D Subtitulada,22:20,,,,https://cartelera.ar/pelicula/el-ultimo-gran-golpe
GBA Norte,Atlas Cines,Atlas Nordelta,"Av. de los Lagos 7008, Nordelta Centro Comercial",El árbol mágico,2D Doblada,16:30,,,,https://cartelera.ar/pelicula/el-arbol-magico
GBA Norte,Atlas Cines,Atlas Nordelta,"Av. de los Lagos 7008, Nordelta Centro Comercial",Avengers: Endgame,2D Doblada,18:50,,,,https://cartelera.ar/pelicula/avengers-endgame
GBA Sur,Atlas Cines,Atlas Catan,"Camino de Cintura 2727, Shopping Catan",El corazón de la bestia,2D Doblada,14:10,,,,https://cartelera.ar/pelicula/el-corazon-de-la-bestia
GBA Sur,Atlas Cines,Atlas Catan,"Camino de Cintura 2727, Shopping Catan",El corazón de la bestia,2D Doblada,20:00,,,,https://cartelera.ar/pelicula/el-corazon-de-la-bestia
GBA Sur,Atlas Cines,Atlas Catan,"Camino de Cintura 2727, Shopping Catan",El corazón de la bestia,2D Doblada,22:10,,,,https://cartelera.ar/pelicula/el-corazon-de-la-bestia
GBA Sur,Atlas Cines,Atlas Catan,"Camino de Cintura 2727, Shopping Catan",Spider-Man: Un nuevo día,2D Doblada,21:40,,,,https://cartelera.ar/pelicula/spider-man-un-nuevo-dia
GBA Sur,Atlas Cines,Atlas Catan,"Camino de Cintura 2727, Shopping Catan",Resident Evil: Noche Cero,2D Doblada,15:50,,,,https://cartelera.ar/pelicula/resident-evil-noche-cero
GBA Sur,Atlas Cines,Atlas Catan,"Camino de Cintura 2727, Shopping Catan",Resident Evil: Noche Cero,2D Doblada,18:00,,,,https://cartelera.ar/pelicula/resident-evil-noche-cero
GBA Sur,Atlas Cines,Atlas Catan,"Camino de Cintura 2727, Shopping Catan",Resident Evil: Noche Cero,2D Doblada,20:10,,,,https://cartelera.ar/pelicula/resident-evil-noche-cero
GBA Sur,Atlas Cines,Atlas Catan,"Camino de Cintura 2727, Shopping Catan",Resident Evil: Noche Cero,2D Doblada,22:20,,,,https://cartelera.ar/pelicula/resident-evil-noche-cero
GBA Sur,Atlas Cines,Atlas Catan,"Camino de Cintura 2727, Shopping Catan",La isla olvidada,2D Doblada,15:00,,,,https://cartelera.ar/pelicula/la-isla-olvidada
GBA Sur,Atlas Cines,Atlas Catan,"Camino de Cintura 2727, Shopping Catan",La isla olvidada,2D Doblada,17:10,,,,https://cartelera.ar/pelicula/la-isla-olvidada
GBA Sur,Atlas Cines,Atlas Catan,"Camino de Cintura 2727, Shopping Catan",La isla olvidada,2D Doblada,19:20,,,,https://cartelera.ar/pelicula/la-isla-olvidada
GBA Sur,Atlas Cines,Atlas Catan,"Camino de Cintura 2727, Shopping Catan",Coyote vs. Acme,2D Doblada,16:00,,,,https://cartelera.ar/pelicula/coyote-vs-acme
GBA Sur,Atlas Cines,Atlas Catan,"Camino de Cintura 2727, Shopping Catan",Avengers: Endgame,4DX Doblada,14:00,,,,https://cartelera.ar/pelicula/avengers-endgame
GBA Sur,Atlas Cines,Atlas Catan,"Camino de Cintura 2727, Shopping Catan",Avengers: Endgame,2D Doblada,16:30,,,,https://cartelera.ar/pelicula/avengers-endgame
GBA Sur,Atlas Cines,Atlas Catan,"Camino de Cintura 2727, Shopping Catan",Avengers: Endgame,4DX Doblada,17:40,,,,https://cartelera.ar/pelicula/avengers-endgame
GBA Sur,Atlas Cines,Atlas Catan,"Camino de Cintura 2727, Shopping Catan",Avengers: Endgame,2D Doblada,18:20,,,,https://cartelera.ar/pelicula/avengers-endgame
GBA Sur,Atlas Cines,Atlas Catan,"Camino de Cintura 2727, Shopping Catan",Avengers: Endgame,4DX Doblada,21:20,,,,https://cartelera.ar/pelicula/avengers-endgame
GBA Sur,Atlas Cines,Atlas Catan,"Camino de Cintura 2727, Shopping Catan",Encantador,2D Doblada,22:00,,,,https://cartelera.ar/pelicula/encantador
GBA Sur,Atlas Cines,Atlas Catan,"Camino de Cintura 2727, Shopping Catan",La Noche del Demonio:estan Ent,2D Doblada,19:00,,,,https://cartelera.ar/pelicula/la-noche-del-demonio-estan-ent
CABA,Cine Independiente,Cine Gaumont,"Av. Rivadavia 1635, Congreso",Los domingos,2D Doblada,16:30,,,,https://cartelera.ar/pelicula/los-domingos
CABA,Cine Independiente,Cine Gaumont,"Av. Rivadavia 1635, Congreso",Pepita la Pistolera,2D Doblada,16:15,,,,https://cartelera.ar/pelicula/pepita-la-pistolera
CABA,Cine Independiente,Cine Gaumont,"Av. Rivadavia 1635, Congreso",Pepita la Pistolera,2D Doblada,22:00,,,,https://cartelera.ar/pelicula/pepita-la-pistolera
CABA,Cine Independiente,Cine Gaumont,"Av. Rivadavia 1635, Congreso",La noche está marchándose ya,2D Doblada,22:30,,,,https://cartelera.ar/pelicula/la-noche-esta-marchandose-ya
CABA,Cine Independiente,Cine Gaumont,"Av. Rivadavia 1635, Congreso",Una directora extraordinaria,2D Doblada,20:30,,,,https://cartelera.ar/pelicula/una-directora-extraordinaria
CABA,Cine Independiente,Cine Gaumont,"Av. Rivadavia 1635, Congreso",Canelones,2D Doblada,16:00,,,,https://cartelera.ar/pelicula/canelones
CABA,Cine Independiente,Cine Gaumont,"Av. Rivadavia 1635, Congreso",Yo Narciso,2D Doblada,14:00,,,,https://cartelera.ar/pelicula/yo-narciso
CABA,Cine Independiente,Cine Gaumont,"Av. Rivadavia 1635, Congreso",Yo Narciso,2D Doblada,18:00,,,,https://cartelera.ar/pelicula/yo-narciso
CABA,Cine Independiente,Cine Gaumont,"Av. Rivadavia 1635, Congreso",Suite Juárez,2D Doblada,15:00,,,,https://cartelera.ar/pelicula/suite-juarez
CABA,Cine Independiente,Cine Gaumont,"Av. Rivadavia 1635, Congreso",Lo Malo del Amor,2D Doblada,18:45,,,,https://cartelera.ar/pelicula/lo-malo-del-amor
CABA,Cine Independiente,Cine Gaumont,"Av. Rivadavia 1635, Congreso",Los días posibles - Trilogía de la ternura,2D Doblada,14:30,,,,https://cartelera.ar/pelicula/los-dias-posibles-trilogia-de-la-ternura
CABA,Cine Independiente,Cine Gaumont,"Av. Rivadavia 1635, Congreso",Encantador,2D Doblada,21:45,,,,https://cartelera.ar/pelicula/encantador
CABA,Cine Independiente,Cine Gaumont,"Av. Rivadavia 1635, Congreso",Psicosis,2D Subtitulada,19:30,,,,https://cartelera.ar/pelicula/psicosis
CABA,Cine Independiente,Cine Gaumont,"Av. Rivadavia 1635, Congreso",Los Calvos,2D Doblada,20:00,,,,https://cartelera.ar/pelicula/los-calvos
CABA,Atlas Cines,Atlas Flores,"Rivera Indarte 44, Flores",El corazón de la bestia,2D Doblada,15:40,,,,https://cartelera.ar/pelicula/el-corazon-de-la-bestia
CABA,Atlas Cines,Atlas Flores,"Rivera Indarte 44, Flores",El corazón de la bestia,2D Doblada,20:00,,,,https://cartelera.ar/pelicula/el-corazon-de-la-bestia
CABA,Atlas Cines,Atlas Flores,"Rivera Indarte 44, Flores",El corazón de la bestia,2D Doblada,22:20,,,,https://cartelera.ar/pelicula/el-corazon-de-la-bestia
CABA,Atlas Cines,Atlas Flores,"Rivera Indarte 44, Flores",Spider-Man: Un nuevo día,2D Doblada,14:40,,,,https://cartelera.ar/pelicula/spider-man-un-nuevo-dia
CABA,Atlas Cines,Atlas Flores,"Rivera Indarte 44, Flores",Spider-Man: Un nuevo día,2D Doblada,17:40,,,,https://cartelera.ar/pelicula/spider-man-un-nuevo-dia
CABA,Atlas Cines,Atlas Flores,"Rivera Indarte 44, Flores",Resident Evil: Noche Cero,2D Doblada,18:00,,,,https://cartelera.ar/pelicula/resident-evil-noche-cero
CABA,Atlas Cines,Atlas Flores,"Rivera Indarte 44, Flores",Resident Evil: Noche Cero,2D Doblada,20:40,,,,https://cartelera.ar/pelicula/resident-evil-noche-cero
CABA,Atlas Cines,Atlas Flores,"Rivera Indarte 44, Flores",Resident Evil: Noche Cero,2D Doblada,22:50,,,,https://cartelera.ar/pelicula/resident-evil-noche-cero
CABA,Atlas Cines,Atlas Flores,"Rivera Indarte 44, Flores",La isla olvidada,2D Doblada,14:20,,,,https://cartelera.ar/pelicula/la-isla-olvidada
CABA,Atlas Cines,Atlas Flores,"Rivera Indarte 44, Flores",La isla olvidada,3D Doblada,16:00,,,,https://cartelera.ar/pelicula/la-isla-olvidada
CABA,Atlas Cines,Atlas Flores,"Rivera Indarte 44, Flores",La isla olvidada,2D Doblada,16:40,,,,https://cartelera.ar/pelicula/la-isla-olvidada
CABA,Atlas Cines,Atlas Flores,"Rivera Indarte 44, Flores",La isla olvidada,2D Doblada,19:00,,,,https://cartelera.ar/pelicula/la-isla-olvidada
CABA,Atlas Cines,Atlas Flores,"Rivera Indarte 44, Flores",Coyote vs. Acme,2D Doblada,15:20,,,,https://cartelera.ar/pelicula/coyote-vs-acme
CABA,Atlas Cines,Atlas Flores,"Rivera Indarte 44, Flores",Coyote vs. Acme,2D Doblada,17:40,,,,https://cartelera.ar/pelicula/coyote-vs-acme
CABA,Atlas Cines,Atlas Flores,"Rivera Indarte 44, Flores",El último gran golpe,2D Doblada,20:10,,,,https://cartelera.ar/pelicula/el-ultimo-gran-golpe
CABA,Atlas Cines,Atlas Flores,"Rivera Indarte 44, Flores",Avengers: Endgame,3D Doblada,18:20,,,,https://cartelera.ar/pelicula/avengers-endgame
CABA,Atlas Cines,Atlas Flores,"Rivera Indarte 44, Flores",Avengers: Endgame,2D Doblada,21:20,,,,https://cartelera.ar/pelicula/avengers-endgame
CABA,Atlas Cines,Atlas Flores,"Rivera Indarte 44, Flores",Encantador,2D Doblada,22:00,,,,https://cartelera.ar/pelicula/encantador
CABA,Atlas Cines,Atlas Flores,"Rivera Indarte 44, Flores",La Noche del Demonio:estan Ent,2D Doblada,22:30,,,,https://cartelera.ar/pelicula/la-noche-del-demonio-estan-ent
GBA Norte,Showcase,IMAX Showcase Norte,"Av. Ricardo Balbín 2550, Shopping Norcenter",La Odisea,IMAX Subtitulada,16:35,,,,https://cartelera.ar/pelicula/la-odisea
GBA Norte,Showcase,IMAX Showcase Norte,"Av. Ricardo Balbín 2550, Shopping Norcenter",Resident Evil: Noche Cero,IMAX Subtitulada,14:20,,,,https://cartelera.ar/pelicula/resident-evil-noche-cero
GBA Norte,Showcase,IMAX Showcase Norte,"Av. Ricardo Balbín 2550, Shopping Norcenter",Resident Evil: Noche Cero,IMAX Subtitulada,20:10,,,,https://cartelera.ar/pelicula/resident-evil-noche-cero
GBA Norte,Showcase,IMAX Showcase Norte,"Av. Ricardo Balbín 2550, Shopping Norcenter",Avengers: Endgame Bonus - Infinity Vision,IMAX Subtitulada,22:25,,,,https://cartelera.ar/pelicula/avengers-endgame-bonus-infinity-vision
CABA,Atlas Cines,Atlas Alcorta,"Jerónimo Salguero 3172, Alcorta Shopping",El corazón de la bestia,2D Subtitulada,17:00,,,,https://cartelera.ar/pelicula/el-corazon-de-la-bestia
CABA,Atlas Cines,Atlas Alcorta,"Jerónimo Salguero 3172, Alcorta Shopping",El corazón de la bestia,2D Subtitulada,20:10,,,,https://cartelera.ar/pelicula/el-corazon-de-la-bestia
CABA,Atlas Cines,Atlas Alcorta,"Jerónimo Salguero 3172, Alcorta Shopping",El corazón de la bestia,2D Subtitulada,22:20,,,,https://cartelera.ar/pelicula/el-corazon-de-la-bestia
CABA,Atlas Cines,Atlas Alcorta,"Jerónimo Salguero 3172, Alcorta Shopping",La invitación,2D Subtitulada,19:20,,,,https://cartelera.ar/pelicula/la-invitacion
CABA,Atlas Cines,Atlas Alcorta,"Jerónimo Salguero 3172, Alcorta Shopping",La isla olvidada,2D Doblada,14:40,,,,https://cartelera.ar/pelicula/la-isla-olvidada
CABA,Atlas Cines,Atlas Alcorta,"Jerónimo Salguero 3172, Alcorta Shopping",La isla olvidada,2D Doblada,15:50,,,,https://cartelera.ar/pelicula/la-isla-olvidada
CABA,Atlas Cines,Atlas Alcorta,"Jerónimo Salguero 3172, Alcorta Shopping",La isla olvidada,2D Doblada,18:00,,,,https://cartelera.ar/pelicula/la-isla-olvidada
CABA,Atlas Cines,Atlas Alcorta,"Jerónimo Salguero 3172, Alcorta Shopping",El último gran golpe,2D Subtitulada,21:40,,,,https://cartelera.ar/pelicula/el-ultimo-gran-golpe
CABA,Atlas Cines,Atlas Liniers,"Av. Rivadavia 11177, Liniers",El corazón de la bestia,2D Doblada,19:10,,,,https://cartelera.ar/pelicula/el-corazon-de-la-bestia
CABA,Atlas Cines,Atlas Liniers,"Av. Rivadavia 11177, Liniers",El corazón de la bestia,2D Doblada,21:30,,,,https://cartelera.ar/pelicula/el-corazon-de-la-bestia
CABA,Atlas Cines,Atlas Liniers,"Av. Rivadavia 11177, Liniers",Resident Evil: Noche Cero,2D Doblada,19:40,,,,https://cartelera.ar/pelicula/resident-evil-noche-cero
CABA,Atlas Cines,Atlas Liniers,"Av. Rivadavia 11177, Liniers",Resident Evil: Noche Cero,2D Doblada,21:50,,,,https://cartelera.ar/pelicula/resident-evil-noche-cero
CABA,Atlas Cines,Atlas Liniers,"Av. Rivadavia 11177, Liniers",La isla olvidada,3D Doblada,15:00,,,,https://cartelera.ar/pelicula/la-isla-olvidada
CABA,Atlas Cines,Atlas Liniers,"Av. Rivadavia 11177, Liniers",La isla olvidada,2D Doblada,16:00,,,,https://cartelera.ar/pelicula/la-isla-olvidada
CABA,Atlas Cines,Atlas Liniers,"Av. Rivadavia 11177, Liniers",La isla olvidada,2D Doblada,17:30,,,,https://cartelera.ar/pelicula/la-isla-olvidada
CABA,Atlas Cines,Atlas Liniers,"Av. Rivadavia 11177, Liniers",La isla olvidada,2D Doblada,18:20,,,,https://cartelera.ar/pelicula/la-isla-olvidada
CABA,Atlas Cines,Atlas Liniers,"Av. Rivadavia 11177, Liniers",Coyote vs. Acme,2D Doblada,15:10,,,,https://cartelera.ar/pelicula/coyote-vs-acme
CABA,Atlas Cines,Atlas Liniers,"Av. Rivadavia 11177, Liniers",Coyote vs. Acme,2D Doblada,16:50,,,,https://cartelera.ar/pelicula/coyote-vs-acme
CABA,Atlas Cines,Atlas Liniers,"Av. Rivadavia 11177, Liniers",El último gran golpe,2D Doblada,20:40,,,,https://cartelera.ar/pelicula/el-ultimo-gran-golpe
CABA,Atlas Cines,Atlas Liniers,"Av. Rivadavia 11177, Liniers",Avengers: Endgame,2D Doblada,17:10,,,,https://cartelera.ar/pelicula/avengers-endgame
CABA,Atlas Cines,Atlas Liniers,"Av. Rivadavia 11177, Liniers",Avengers: Endgame,2D Doblada,21:00,,,,https://cartelera.ar/pelicula/avengers-endgame
CABA,Atlas Cines,Atlas Patio Bullrich,"Av. del Libertador 750, Patio Bullrich",Los Colores Del Tiempo,2D Subtitulada,16:40,,,,https://cartelera.ar/pelicula/los-colores-del-tiempo
CABA,Atlas Cines,Atlas Patio Bullrich,"Av. del Libertador 750, Patio Bullrich",Los Colores Del Tiempo,2D Subtitulada,19:10,,,,https://cartelera.ar/pelicula/los-colores-del-tiempo
CABA,Atlas Cines,Atlas Patio Bullrich,"Av. del Libertador 750, Patio Bullrich",El corazón de la bestia,2D Subtitulada,16:30,,,,https://cartelera.ar/pelicula/el-corazon-de-la-bestia
CABA,Atlas Cines,Atlas Patio Bullrich,"Av. del Libertador 750, Patio Bullrich",El corazón de la bestia,2D Subtitulada,18:50,,,,https://cartelera.ar/pelicula/el-corazon-de-la-bestia
CABA,Atlas Cines,Atlas Patio Bullrich,"Av. del Libertador 750, Patio Bullrich",El corazón de la bestia,2D Subtitulada,21:10,,,,https://cartelera.ar/pelicula/el-corazon-de-la-bestia
CABA,Atlas Cines,Atlas Patio Bullrich,"Av. del Libertador 750, Patio Bullrich",La invitación,2D Subtitulada,19:40,,,,https://cartelera.ar/pelicula/la-invitacion
CABA,Atlas Cines,Atlas Patio Bullrich,"Av. del Libertador 750, Patio Bullrich",Una quinta en Portugal,2D Doblada,21:00,,,,https://cartelera.ar/pelicula/una-quinta-en-portugal
CABA,Atlas Cines,Atlas Patio Bullrich,"Av. del Libertador 750, Patio Bullrich",Yo Narciso,2D Doblada,22:00,,,,https://cartelera.ar/pelicula/yo-narciso
CABA,Atlas Cines,Atlas Patio Bullrich,"Av. del Libertador 750, Patio Bullrich",El Gran Falsificador,2D Subtitulada,17:10,,,,https://cartelera.ar/pelicula/el-gran-falsificador
CABA,Atlas Cines,Atlas Patio Bullrich,"Av. del Libertador 750, Patio Bullrich",Tres adioses,2D Subtitulada,16:00,,,,https://cartelera.ar/pelicula/tres-adioses
CABA,Atlas Cines,Atlas Patio Bullrich,"Av. del Libertador 750, Patio Bullrich",Tres adioses,2D Subtitulada,18:30,,,,https://cartelera.ar/pelicula/tres-adioses
CABA,Atlas Cines,Atlas Patio Bullrich,"Av. del Libertador 750, Patio Bullrich",Tres adioses,2D Subtitulada,21:40,,,,https://cartelera.ar/pelicula/tres-adioses
CABA,Cine Independiente,CineArte Cacodelphia,"Roque Sáenz Peña 1150, Buenos Aires",Los Colores Del Tiempo,2D Subtitulada,16:10,,,,https://cartelera.ar/pelicula/los-colores-del-tiempo
CABA,Cine Independiente,CineArte Cacodelphia,"Roque Sáenz Peña 1150, Buenos Aires",La invitación,2D Subtitulada,16:50,,,,https://cartelera.ar/pelicula/la-invitacion
CABA,Cine Independiente,CineArte Cacodelphia,"Roque Sáenz Peña 1150, Buenos Aires",Tres adioses,2D Subtitulada,16:30,,,,https://cartelera.ar/pelicula/tres-adioses
CABA,Cine Independiente,CineArte Cacodelphia,"Roque Sáenz Peña 1150, Buenos Aires",Tres adioses,2D Subtitulada,18:30,,,,https://cartelera.ar/pelicula/tres-adioses
CABA,Cine Independiente,CineArte Cacodelphia,"Roque Sáenz Peña 1150, Buenos Aires",Bajo tus pies,2D Doblada,18:50,,,,https://cartelera.ar/pelicula/bajo-tus-pies
CABA,Cine Independiente,CineArte Cacodelphia,"Roque Sáenz Peña 1150, Buenos Aires",Gatica el Mono,2D Doblada,19:00,,,,https://cartelera.ar/pelicula/gatica-el-mono
CABA,Cine Independiente,CineArte Cacodelphia,"Roque Sáenz Peña 1150, Buenos Aires",Gatica el Mono,2D Doblada,20:40,,,,https://cartelera.ar/pelicula/gatica-el-mono
CABA,Cine Independiente,CineArte Cacodelphia,"Roque Sáenz Peña 1150, Buenos Aires",Gatica el Mono,2D Doblada,20:50,,,,https://cartelera.ar/pelicula/gatica-el-mono
,Cinemark Hoyts,DOT,,COYOTE VS ACME,2D Doblada,11:40,,,,https://www.cinemark.com.ar/peliculas/coyote-vs-acme
,Cinemark Hoyts,DOT,,COYOTE VS ACME,2D Doblada,14:20,,,,https://www.cinemark.com.ar/peliculas/coyote-vs-acme
,Cinemark Hoyts,DOT,,COYOTE VS ACME,2D Doblada,17:00,,,,https://www.cinemark.com.ar/peliculas/coyote-vs-acme
,Cinemark Hoyts,DOT,,COYOTE VS ACME,2D Doblada,19:30,,,,https://www.cinemark.com.ar/peliculas/coyote-vs-acme
,Cinemark Hoyts,DOT,,LA ISLA OLVIDADA,2D Doblada,12:00,,,,https://www.cinemark.com.ar/peliculas/la-isla-olvidada
,Cinemark Hoyts,DOT,,LA ISLA OLVIDADA,3D Doblada,14:40,,,,https://www.cinemark.com.ar/peliculas/la-isla-olvidada
,Cinemark Hoyts,DOT,,LA ISLA OLVIDADA,2D Doblada,17:10,,,,https://www.cinemark.com.ar/peliculas/la-isla-olvidada
,Cinemark Hoyts,DOT,,LA ISLA OLVIDADA,2D Doblada,19:50,,,,https://www.cinemark.com.ar/peliculas/la-isla-olvidada
,Cinemark Hoyts,DOT,,EL CORAZÓN DE LA BESTIA,2D Subtitulada,12:20,,,,https://www.cinemark.com.ar/peliculas/el-corazon-de-la-bestia
,Cinemark Hoyts,DOT,,EL CORAZÓN DE LA BESTIA,2D Subtitulada,14:50,,,,https://www.cinemark.com.ar/peliculas/el-corazon-de-la-bestia
,Cinemark Hoyts,DOT,,EL CORAZÓN DE LA BESTIA,2D Subtitulada,17:30,,,,https://www.cinemark.com.ar/peliculas/el-corazon-de-la-bestia
,Cinemark Hoyts,DOT,,EL CORAZÓN DE LA BESTIA,2D Subtitulada,20:10,,,,https://www.cinemark.com.ar/peliculas/el-corazon-de-la-bestia
,Cinemark Hoyts,DOT,,EL CORAZÓN DE LA BESTIA,2D Subtitulada,22:40,,,,https://www.cinemark.com.ar/peliculas/el-corazon-de-la-bestia
,Cinemark Hoyts,DOT,,RESIDENT EVIL: NOCHE CERO,2D Doblada,12:30,,,,https://www.cinemark.com.ar/peliculas/resident-evil-noche-cero
,Cinemark Hoyts,DOT,,RESIDENT EVIL: NOCHE CERO,2D Subtitulada,13:00,,,,https://www.cinemark.com.ar/peliculas/resident-evil-noche-cero
,Cinemark Hoyts,DOT,,RESIDENT EVIL: NOCHE CERO,2D Doblada,15:00,,,,https://www.cinemark.com.ar/peliculas/resident-evil-noche-cero
,Cinemark Hoyts,DOT,,RESIDENT EVIL: NOCHE CERO,2D Subtitulada,15:30,,,,https://www.cinemark.com.ar/peliculas/resident-evil-noche-cero
,Cinemark Hoyts,DOT,,RESIDENT EVIL: NOCHE CERO,2D Subtitulada,17:30,,,,https://www.cinemark.com.ar/peliculas/resident-evil-noche-cero
,Cinemark Hoyts,DOT,,RESIDENT EVIL: NOCHE CERO,2D Subtitulada,18:10,,,,https://www.cinemark.com.ar/peliculas/resident-evil-noche-cero
,Cinemark Hoyts,DOT,,RESIDENT EVIL: NOCHE CERO,2D Subtitulada,20:00,,,,https://www.cinemark.com.ar/peliculas/resident-evil-noche-cero
,Cinemark Hoyts,DOT,,RESIDENT EVIL: NOCHE CERO,2D Subtitulada,20:30,,,,https://www.cinemark.com.ar/peliculas/resident-evil-noche-cero
,Cinemark Hoyts,DOT,,RESIDENT EVIL: NOCHE CERO,2D Subtitulada,22:20,,,,https://www.cinemark.com.ar/peliculas/resident-evil-noche-cero
,Cinemark Hoyts,DOT,,RESIDENT EVIL: NOCHE CERO,2D Subtitulada,23:10,,,,https://www.cinemark.com.ar/peliculas/resident-evil-noche-cero
,Cinemark Hoyts,DOT,,SPIDER-MAN: UN NUEVO DÍA,PREMIER 2D Subtitulada,12:40,,,,https://www.cinemark.com.ar/peliculas/spider-man-un-nuevo-dia
,Cinemark Hoyts,DOT,,SPIDER-MAN: UN NUEVO DÍA,PREMIER 2D Subtitulada,16:00,,,,https://www.cinemark.com.ar/peliculas/spider-man-un-nuevo-dia
,Cinemark Hoyts,DOT,,SPIDER-MAN: UN NUEVO DÍA,PREMIER 2D Subtitulada,19:15,,,,https://www.cinemark.com.ar/peliculas/spider-man-un-nuevo-dia
,Cinemark Hoyts,DOT,,SPIDER-MAN: UN NUEVO DÍA,2D Subtitulada,22:10,,,,https://www.cinemark.com.ar/peliculas/spider-man-un-nuevo-dia
,Cinemark Hoyts,DOT,,HECHIZO DE AMOR: LA MAGIA CONTINUA,2D Subtitulada,13:25,,,,https://www.cinemark.com.ar/peliculas/hechizo-de-amor-la-magia-continua
,Cinemark Hoyts,DOT,,AVENGERS: ENDGAME (RE ESTRENO),XD 2D IV Doblada,14:00,,,,https://www.cinemark.com.ar/peliculas/avengers-endgame-re-estreno
,Cinemark Hoyts,DOT,,AVENGERS: ENDGAME (RE ESTRENO),4D 3D IV Subtitulada,14:30,,,,https://www.cinemark.com.ar/peliculas/avengers-endgame-re-estreno
,Cinemark Hoyts,DOT,,AVENGERS: ENDGAME (RE ESTRENO),XD 3D IV Subtitulada,18:00,,,,https://www.cinemark.com.ar/peliculas/avengers-endgame-re-estreno
,Cinemark Hoyts,DOT,,AVENGERS: ENDGAME (RE ESTRENO),4D 3D IV Doblada,18:30,,,,https://www.cinemark.com.ar/peliculas/avengers-endgame-re-estreno
,Cinemark Hoyts,DOT,,AVENGERS: ENDGAME (RE ESTRENO),2D Subtitulada,19:00,,,,https://www.cinemark.com.ar/peliculas/avengers-endgame-re-estreno
,Cinemark Hoyts,DOT,,AVENGERS: ENDGAME (RE ESTRENO),PREMIER 2D Subtitulada,21:30,,,,https://www.cinemark.com.ar/peliculas/avengers-endgame-re-estreno
,Cinemark Hoyts,DOT,,AVENGERS: ENDGAME (RE ESTRENO),XD 2D IV Subtitulada,22:00,,,,https://www.cinemark.com.ar/peliculas/avengers-endgame-re-estreno
,Cinemark Hoyts,DOT,,AVENGERS: ENDGAME (RE ESTRENO),4D 3D IV Subtitulada,22:30,,,,https://www.cinemark.com.ar/peliculas/avengers-endgame-re-estreno
,Cinemark Hoyts,DOT,,LA ODISEA,PREMIER 2D Subtitulada,14:10,,,,https://www.cinemark.com.ar/peliculas/la-odisea
,Cinemark Hoyts,DOT,,LA ODISEA,PREMIER 2D Subtitulada,17:50,,,,https://www.cinemark.com.ar/peliculas/la-odisea
,Cinemark Hoyts,DOT,,LA ODISEA,2D Subtitulada,22:30,,,,https://www.cinemark.com.ar/peliculas/la-odisea
,Cinemark Hoyts,DOT,,LA ODISEA,PREMIER 2D Subtitulada,22:30,,,,https://www.cinemark.com.ar/peliculas/la-odisea
,Cinemark Hoyts,DOT,,"YO, NARCISO",2D Doblada,16:30,,,,https://www.cinemark.com.ar/peliculas/yo-narciso
,Cinemark Hoyts,DOT,,"YO, NARCISO",2D Doblada,22:50,,,,https://www.cinemark.com.ar/peliculas/yo-narciso
,Cinemark Hoyts,Palermo,,HECHIZO DE AMOR: LA MAGIA CONTINUA,2D Subtitulada,12:00,,,,https://www.cinemark.com.ar/peliculas/hechizo-de-amor-la-magia-continua
,Cinemark Hoyts,Palermo,,HECHIZO DE AMOR: LA MAGIA CONTINUA,2D Subtitulada,14:50,,,,https://www.cinemark.com.ar/peliculas/hechizo-de-amor-la-magia-continua
,Cinemark Hoyts,Palermo,,HECHIZO DE AMOR: LA MAGIA CONTINUA,2D Subtitulada,20:10,,,,https://www.cinemark.com.ar/peliculas/hechizo-de-amor-la-magia-continua
,Cinemark Hoyts,Palermo,,EL CORAZÓN DE LA BESTIA,2D Subtitulada,12:10,,,,https://www.cinemark.com.ar/peliculas/el-corazon-de-la-bestia
,Cinemark Hoyts,Palermo,,EL CORAZÓN DE LA BESTIA,2D Subtitulada,14:40,,,,https://www.cinemark.com.ar/peliculas/el-corazon-de-la-bestia
,Cinemark Hoyts,Palermo,,EL CORAZÓN DE LA BESTIA,2D Subtitulada,17:10,,,,https://www.cinemark.com.ar/peliculas/el-corazon-de-la-bestia
,Cinemark Hoyts,Palermo,,EL CORAZÓN DE LA BESTIA,2D Subtitulada,19:40,,,,https://www.cinemark.com.ar/peliculas/el-corazon-de-la-bestia
,Cinemark Hoyts,Palermo,,EL CORAZÓN DE LA BESTIA,2D Subtitulada,22:10,,,,https://www.cinemark.com.ar/peliculas/el-corazon-de-la-bestia
,Cinemark Hoyts,Palermo,,COYOTE VS ACME,2D Doblada,12:10,,,,https://www.cinemark.com.ar/peliculas/coyote-vs-acme
,Cinemark Hoyts,Palermo,,COYOTE VS ACME,2D Doblada,14:40,,,,https://www.cinemark.com.ar/peliculas/coyote-vs-acme
,Cinemark Hoyts,Palermo,,COYOTE VS ACME,2D Doblada,17:20,,,,https://www.cinemark.com.ar/peliculas/coyote-vs-acme
,Cinemark Hoyts,Palermo,,BAJO TUS PIES,2D Doblada,12:30,,,,https://www.cinemark.com.ar/peliculas/bajo-tus-pies
,Cinemark Hoyts,Palermo,,BAJO TUS PIES,2D Doblada,15:00,,,,https://www.cinemark.com.ar/peliculas/bajo-tus-pies
,Cinemark Hoyts,Palermo,,RESIDENT EVIL: NOCHE CERO,2D Subtitulada,12:50,,,,https://www.cinemark.com.ar/peliculas/resident-evil-noche-cero
,Cinemark Hoyts,Palermo,,RESIDENT EVIL: NOCHE CERO,2D Doblada,15:10,,,,https://www.cinemark.com.ar/peliculas/resident-evil-noche-cero
,Cinemark Hoyts,Palermo,,RESIDENT EVIL: NOCHE CERO,2D Subtitulada,17:20,,,,https://www.cinemark.com.ar/peliculas/resident-evil-noche-cero
,Cinemark Hoyts,Palermo,,RESIDENT EVIL: NOCHE CERO,2D Subtitulada,17:30,,,,https://www.cinemark.com.ar/peliculas/resident-evil-noche-cero
,Cinemark Hoyts,Palermo,,RESIDENT EVIL: NOCHE CERO,2D Subtitulada,20:00,,,,https://www.cinemark.com.ar/peliculas/resident-evil-noche-cero
,Cinemark Hoyts,Palermo,,RESIDENT EVIL: NOCHE CERO,2D Subtitulada,22:20,,,,https://www.cinemark.com.ar/peliculas/resident-evil-noche-cero
,Cinemark Hoyts,Palermo,,RESIDENT EVIL: NOCHE CERO,2D Subtitulada,22:50,,,,https://www.cinemark.com.ar/peliculas/resident-evil-noche-cero
,Cinemark Hoyts,Palermo,,LA ISLA OLVIDADA,2D Doblada,13:00,,,,https://www.cinemark.com.ar/peliculas/la-isla-olvidada
,Cinemark Hoyts,Palermo,,LA ISLA OLVIDADA,2D Doblada,15:30,,,,https://www.cinemark.com.ar/peliculas/la-isla-olvidada
,Cinemark Hoyts,Palermo,,LA ISLA OLVIDADA,2D Doblada,18:00,,,,https://www.cinemark.com.ar/peliculas/la-isla-olvidada
,Cinemark Hoyts,Palermo,,LA ISLA OLVIDADA,2D Doblada,20:40,,,,https://www.cinemark.com.ar/peliculas/la-isla-olvidada
,Cinemark Hoyts,Palermo,,SPIDER-MAN: UN NUEVO DÍA,2D Subtitulada,13:20,,,,https://www.cinemark.com.ar/peliculas/spider-man-un-nuevo-dia
,Cinemark Hoyts,Palermo,,SPIDER-MAN: UN NUEVO DÍA,2D Subtitulada,19:00,,,,https://www.cinemark.com.ar/peliculas/spider-man-un-nuevo-dia
,Cinemark Hoyts,Palermo,,LA ODISEA,2D Subtitulada,13:50,,,,https://www.cinemark.com.ar/peliculas/la-odisea
,Cinemark Hoyts,Palermo,,LA ODISEA,2D Subtitulada,17:40,,,,https://www.cinemark.com.ar/peliculas/la-odisea
,Cinemark Hoyts,Palermo,,LA ODISEA,2D Subtitulada,21:30,,,,https://www.cinemark.com.ar/peliculas/la-odisea
,Cinemark Hoyts,Palermo,,TRES ADIOSES,2D Subtitulada,14:00,,,,https://www.cinemark.com.ar/peliculas/tres-adioses
,Cinemark Hoyts,Palermo,,AVENGERS: ENDGAME (RE ESTRENO),2D Subtitulada,14:30,,,,https://www.cinemark.com.ar/peliculas/avengers-endgame-re-estreno
,Cinemark Hoyts,Palermo,,AVENGERS: ENDGAME (RE ESTRENO),2D Subtitulada,18:30,,,,https://www.cinemark.com.ar/peliculas/avengers-endgame-re-estreno
,Cinemark Hoyts,Palermo,,AVENGERS: ENDGAME (RE ESTRENO),2D Subtitulada,22:30,,,,https://www.cinemark.com.ar/peliculas/avengers-endgame-re-estreno
,Cinemark Hoyts,Palermo,,"YO, NARCISO",2D Doblada,16:40,,,,https://www.cinemark.com.ar/peliculas/yo-narciso
,Cinemark Hoyts,Palermo,,"YO, NARCISO",2D Doblada,22:30,,,,https://www.cinemark.com.ar/peliculas/yo-narciso
,Cinemark Hoyts,Palermo,,EL ÚLTIMO GRAN GOLPE,2D Subtitulada,16:50,,,,https://www.cinemark.com.ar/peliculas/el-ultimo-gran-golpe
,Cinemark Hoyts,Palermo,,EL ÚLTIMO GRAN GOLPE,2D Subtitulada,22:10,,,,https://www.cinemark.com.ar/peliculas/el-ultimo-gran-golpe
,Cinemark Hoyts,Palermo,,LA INVITACIÓN,2D Subtitulada,17:40,,,,https://www.cinemark.com.ar/peliculas/la-invitacion
,Cinemark Hoyts,Palermo,,LA INVITACIÓN,2D Subtitulada,23:00,,,,https://www.cinemark.com.ar/peliculas/la-invitacion
,Cinemark Hoyts,Palermo,,PEPITA LA PISTOLERA,2D Doblada,19:30,,,,https://www.cinemark.com.ar/peliculas/pepita-la-pistolera
,Cinemark Hoyts,Palermo,,LINKIN PARK: UNSHATTER,2D Subtitulada,20:00,,,,https://www.cinemark.com.ar/peliculas/linkin-park-unshatter
,Cinemark Hoyts,Palermo,,SU PROPIO INFIERNO,2D Subtitulada,22:00,,,,https://www.cinemark.com.ar/peliculas/su-propio-infierno
,Cinemark Hoyts,Palermo,,LA NOCHE DEL DEMONIO 6,2D Subtitulada,23:10,,,,https://www.cinemark.com.ar/peliculas/la-noche-del-demonio-estan-entre-nosotros
,Cinemark Hoyts,Alto Avellaneda,,LA ISLA OLVIDADA,DBOX 2D Doblada,12:30,,,,https://www.cinemark.com.ar/peliculas/la-isla-olvidada
,Cinemark Hoyts,Alto Avellaneda,,LA ISLA OLVIDADA,2D Doblada,12:30,,,,https://www.cinemark.com.ar/peliculas/la-isla-olvidada
,Cinemark Hoyts,Alto Avellaneda,,LA ISLA OLVIDADA,DBOX 3D Doblada,15:00,,,,https://www.cinemark.com.ar/peliculas/la-isla-olvidada
,Cinemark Hoyts,Alto Avellaneda,,LA ISLA OLVIDADA,3D Doblada,15:00,,,,https://www.cinemark.com.ar/peliculas/la-isla-olvidada
,Cinemark Hoyts,Alto Avellaneda,,LA ISLA OLVIDADA,DBOX 2D Doblada,17:30,,,,https://www.cinemark.com.ar/peliculas/la-isla-olvidada
,Cinemark Hoyts,Alto Avellaneda,,LA ISLA OLVIDADA,2D Doblada,17:30,,,,https://www.cinemark.com.ar/peliculas/la-isla-olvidada
,Cinemark Hoyts,Alto Avellaneda,,LA ISLA OLVIDADA,DBOX 2D Doblada,20:00,,,,https://www.cinemark.com.ar/peliculas/la-isla-olvidada
,Cinemark Hoyts,Alto Avellaneda,,LA ISLA OLVIDADA,2D Doblada,20:00,,,,https://www.cinemark.com.ar/peliculas/la-isla-olvidada
,Cinemark Hoyts,Alto Avellaneda,,COYOTE VS ACME,2D Doblada,12:40,,,,https://www.cinemark.com.ar/peliculas/coyote-vs-acme
,Cinemark Hoyts,Alto Avellaneda,,COYOTE VS ACME,2D Doblada,15:25,,,,https://www.cinemark.com.ar/peliculas/coyote-vs-acme
,Cinemark Hoyts,Alto Avellaneda,,COYOTE VS ACME,2D Doblada,17:50,,,,https://www.cinemark.com.ar/peliculas/coyote-vs-acme
,Cinemark Hoyts,Alto Avellaneda,,EL CORAZÓN DE LA BESTIA,2D Doblada,12:50,,,,https://www.cinemark.com.ar/peliculas/el-corazon-de-la-bestia
,Cinemark Hoyts,Alto Avellaneda,,EL CORAZÓN DE LA BESTIA,2D Doblada,15:10,,,,https://www.cinemark.com.ar/peliculas/el-corazon-de-la-bestia
,Cinemark Hoyts,Alto Avellaneda,,EL CORAZÓN DE LA BESTIA,2D Doblada,17:40,,,,https://www.cinemark.com.ar/peliculas/el-corazon-de-la-bestia
,Cinemark Hoyts,Alto Avellaneda,,EL CORAZÓN DE LA BESTIA,2D Doblada,20:10,,,,https://www.cinemark.com.ar/peliculas/el-corazon-de-la-bestia
,Cinemark Hoyts,Alto Avellaneda,,EL CORAZÓN DE LA BESTIA,2D Doblada,22:40,,,,https://www.cinemark.com.ar/peliculas/el-corazon-de-la-bestia
,Cinemark Hoyts,Alto Avellaneda,,"YO, NARCISO",2D Doblada,13:00,,,,https://www.cinemark.com.ar/peliculas/yo-narciso
,Cinemark Hoyts,Alto Avellaneda,,"YO, NARCISO",2D Doblada,19:00,,,,https://www.cinemark.com.ar/peliculas/yo-narciso
,Cinemark Hoyts,Alto Avellaneda,,SPIDER-MAN: UN NUEVO DÍA,2D Doblada,13:40,,,,https://www.cinemark.com.ar/peliculas/spider-man-un-nuevo-dia
,Cinemark Hoyts,Alto Avellaneda,,SPIDER-MAN: UN NUEVO DÍA,2D Doblada,17:00,,,,https://www.cinemark.com.ar/peliculas/spider-man-un-nuevo-dia
,Cinemark Hoyts,Alto Avellaneda,,SPIDER-MAN: UN NUEVO DÍA,2D Doblada,22:50,,,,https://www.cinemark.com.ar/peliculas/spider-man-un-nuevo-dia
,Cinemark Hoyts,Alto Avellaneda,,RESIDENT EVIL: NOCHE CERO,2D Doblada,13:50,,,,https://www.cinemark.com.ar/peliculas/resident-evil-noche-cero
,Cinemark Hoyts,Alto Avellaneda,,RESIDENT EVIL: NOCHE CERO,2D Doblada,16:10,,,,https://www.cinemark.com.ar/peliculas/resident-evil-noche-cero
,Cinemark Hoyts,Alto Avellaneda,,RESIDENT EVIL: NOCHE CERO,2D Doblada,18:50,,,,https://www.cinemark.com.ar/peliculas/resident-evil-noche-cero
,Cinemark Hoyts,Alto Avellaneda,,RESIDENT EVIL: NOCHE CERO,2D Doblada,20:30,,,,https://www.cinemark.com.ar/peliculas/resident-evil-noche-cero
,Cinemark Hoyts,Alto Avellaneda,,RESIDENT EVIL: NOCHE CERO,2D Doblada,21:20,,,,https://www.cinemark.com.ar/peliculas/resident-evil-noche-cero
,Cinemark Hoyts,Alto Avellaneda,,RESIDENT EVIL: NOCHE CERO,DBOX 2D Doblada,23:00,,,,https://www.cinemark.com.ar/peliculas/resident-evil-noche-cero
,Cinemark Hoyts,Alto Avellaneda,,RESIDENT EVIL: NOCHE CERO,2D Doblada,23:00,,,,https://www.cinemark.com.ar/peliculas/resident-evil-noche-cero
,Cinemark Hoyts,Alto Avellaneda,,AVENGERS: ENDGAME (RE ESTRENO),DBOX XD 2D IV Doblada,14:00,,,,https://www.cinemark.com.ar/peliculas/avengers-endgame-re-estreno
,Cinemark Hoyts,Alto Avellaneda,,AVENGERS: ENDGAME (RE ESTRENO),XD 2D IV Doblada,14:00,,,,https://www.cinemark.com.ar/peliculas/avengers-endgame-re-estreno
,Cinemark Hoyts,Alto Avellaneda,,AVENGERS: ENDGAME (RE ESTRENO),4D 3D IV Doblada,14:30,,,,https://www.cinemark.com.ar/peliculas/avengers-endgame-re-estreno
,Cinemark Hoyts,Alto Avellaneda,,AVENGERS: ENDGAME (RE ESTRENO),DBOX XD 3D IV Doblada,18:00,,,,https://www.cinemark.com.ar/peliculas/avengers-endgame-re-estreno
,Cinemark Hoyts,Alto Avellaneda,,AVENGERS: ENDGAME (RE ESTRENO),XD 3D IV Doblada,18:00,,,,https://www.cinemark.com.ar/peliculas/avengers-endgame-re-estreno
,Cinemark Hoyts,Alto Avellaneda,,AVENGERS: ENDGAME (RE ESTRENO),4D 3D IV Doblada,18:30,,,,https://www.cinemark.com.ar/peliculas/avengers-endgame-re-estreno
,Cinemark Hoyts,Alto Avellaneda,,AVENGERS: ENDGAME (RE ESTRENO),DBOX XD 2D IV Doblada,22:00,,,,https://www.cinemark.com.ar/peliculas/avengers-endgame-re-estreno
,Cinemark Hoyts,Alto Avellaneda,,AVENGERS: ENDGAME (RE ESTRENO),XD 2D IV Doblada,22:00,,,,https://www.cinemark.com.ar/peliculas/avengers-endgame-re-estreno
,Cinemark Hoyts,Alto Avellaneda,,AVENGERS: ENDGAME (RE ESTRENO),4D 3D IV Doblada,22:30,,,,https://www.cinemark.com.ar/peliculas/avengers-endgame-re-estreno
,Cinemark Hoyts,Alto Avellaneda,,LA ODISEA,2D Doblada,15:20,,,,https://www.cinemark.com.ar/peliculas/la-odisea
,Cinemark Hoyts,Alto Avellaneda,,LA ODISEA,2D Doblada,21:50,,,,https://www.cinemark.com.ar/peliculas/la-odisea
,Cinemark Hoyts,Alto Avellaneda,,LA NOCHE DEL DEMONIO 6,2D Doblada,20:20,,,,https://www.cinemark.com.ar/peliculas/la-noche-del-demonio-estan-entre-nosotros
,Cinemark Hoyts,Alto Avellaneda,,LA NOCHE DEL DEMONIO 6,2D Doblada,23:10,,,,https://www.cinemark.com.ar/peliculas/la-noche-del-demonio-estan-entre-nosotros
,Cinemark Hoyts,San Justo,,LA ISLA OLVIDADA,2D Doblada,12:30,,,,https://www.cinemark.com.ar/peliculas/la-isla-olvidada
,Cinemark Hoyts,San Justo,,LA ISLA OLVIDADA,3D Doblada,15:00,,,,https://www.cinemark.com.ar/peliculas/la-isla-olvidada
,Cinemark Hoyts,San Justo,,LA ISLA OLVIDADA,2D Doblada,17:25,,,,https://www.cinemark.com.ar/peliculas/la-isla-olvidada
,Cinemark Hoyts,San Justo,,LA ISLA OLVIDADA,2D Doblada,20:00,,,,https://www.cinemark.com.ar/peliculas/la-isla-olvidada
,Cinemark Hoyts,San Justo,,RESIDENT EVIL: NOCHE CERO,2D Doblada,12:45,,,,https://www.cinemark.com.ar/peliculas/resident-evil-noche-cero
,Cinemark Hoyts,San Justo,,RESIDENT EVIL: NOCHE CERO,2D Doblada,15:15,,,,https://www.cinemark.com.ar/peliculas/resident-evil-noche-cero
,Cinemark Hoyts,San Justo,,RESIDENT EVIL: NOCHE CERO,2D Doblada,17:40,,,,https://www.cinemark.com.ar/peliculas/resident-evil-noche-cero
,Cinemark Hoyts,San Justo,,RESIDENT EVIL: NOCHE CERO,2D Doblada,19:50,,,,https://www.cinemark.com.ar/peliculas/resident-evil-noche-cero
,Cinemark Hoyts,San Justo,,RESIDENT EVIL: NOCHE CERO,2D Doblada,20:50,,,,https://www.cinemark.com.ar/peliculas/resident-evil-noche-cero
,Cinemark Hoyts,San Justo,,RESIDENT EVIL: NOCHE CERO,2D Doblada,22:15,,,,https://www.cinemark.com.ar/peliculas/resident-evil-noche-cero
,Cinemark Hoyts,San Justo,,RESIDENT EVIL: NOCHE CERO,2D Doblada,23:00,,,,https://www.cinemark.com.ar/peliculas/resident-evil-noche-cero
,Cinemark Hoyts,San Justo,,COYOTE VS ACME,2D Doblada,13:00,,,,https://www.cinemark.com.ar/peliculas/coyote-vs-acme
,Cinemark Hoyts,San Justo,,COYOTE VS ACME,2D Doblada,15:30,,,,https://www.cinemark.com.ar/peliculas/coyote-vs-acme
,Cinemark Hoyts,San Justo,,COYOTE VS ACME,2D Doblada,18:15,,,,https://www.cinemark.com.ar/peliculas/coyote-vs-acme
,Cinemark Hoyts,San Justo,,EL CORAZÓN DE LA BESTIA,2D Doblada,13:15,,,,https://www.cinemark.com.ar/peliculas/el-corazon-de-la-bestia
,Cinemark Hoyts,San Justo,,EL CORAZÓN DE LA BESTIA,2D Doblada,15:40,,,,https://www.cinemark.com.ar/peliculas/el-corazon-de-la-bestia
,Cinemark Hoyts,San Justo,,EL CORAZÓN DE LA BESTIA,2D Doblada,18:10,,,,https://www.cinemark.com.ar/peliculas/el-corazon-de-la-bestia
,Cinemark Hoyts,San Justo,,EL CORAZÓN DE LA BESTIA,2D Doblada,20:30,,,,https://www.cinemark.com.ar/peliculas/el-corazon-de-la-bestia
,Cinemark Hoyts,San Justo,,EL CORAZÓN DE LA BESTIA,2D Doblada,22:50,,,,https://www.cinemark.com.ar/peliculas/el-corazon-de-la-bestia
,Cinemark Hoyts,San Justo,,SPIDER-MAN: UN NUEVO DÍA,2D Doblada,13:20,,,,https://www.cinemark.com.ar/peliculas/spider-man-un-nuevo-dia
,Cinemark Hoyts,San Justo,,SPIDER-MAN: UN NUEVO DÍA,2D Doblada,16:30,,,,https://www.cinemark.com.ar/peliculas/spider-man-un-nuevo-dia
,Cinemark Hoyts,San Justo,,SPIDER-MAN: UN NUEVO DÍA,2D Doblada,19:40,,,,https://www.cinemark.com.ar/peliculas/spider-man-un-nuevo-dia
,Cinemark Hoyts,San Justo,,AVENGERS: ENDGAME (RE ESTRENO),DBOX XD 2D IV Doblada,13:40,,,,https://www.cinemark.com.ar/peliculas/avengers-endgame-re-estreno
,Cinemark Hoyts,San Justo,,AVENGERS: ENDGAME (RE ESTRENO),XD 2D IV Doblada,13:40,,,,https://www.cinemark.com.ar/peliculas/avengers-endgame-re-estreno
,Cinemark Hoyts,San Justo,,AVENGERS: ENDGAME (RE ESTRENO),XD 3D IV Doblada,18:00,,,,https://www.cinemark.com.ar/peliculas/avengers-endgame-re-estreno
,Cinemark Hoyts,San Justo,,AVENGERS: ENDGAME (RE ESTRENO),DBOX XD 2D IV Doblada,22:00,,,,https://www.cinemark.com.ar/peliculas/avengers-endgame-re-estreno
,Cinemark Hoyts,San Justo,,AVENGERS: ENDGAME (RE ESTRENO),XD 2D IV Doblada,22:00,,,,https://www.cinemark.com.ar/peliculas/avengers-endgame-re-estreno
,Cinemark Hoyts,San Justo,,AVENGERS: ENDGAME (RE ESTRENO),2D Doblada,22:30,,,,https://www.cinemark.com.ar/peliculas/avengers-endgame-re-estreno
,Cinemark Hoyts,San Justo,,LA NOCHE DEL DEMONIO 6,2D Doblada,22:45,,,,https://www.cinemark.com.ar/peliculas/la-noche-del-demonio-estan-entre-nosotros
,Cinemark Hoyts,Malvinas Argentinas,,SPIDER-MAN: UN NUEVO DÍA,2D Doblada,12:40,,,,https://www.cinemark.com.ar/peliculas/spider-man-un-nuevo-dia
,Cinemark Hoyts,Malvinas Argentinas,,SPIDER-MAN: UN NUEVO DÍA,2D Doblada,16:00,,,,https://www.cinemark.com.ar/peliculas/spider-man-un-nuevo-dia
,Cinemark Hoyts,Malvinas Argentinas,,SPIDER-MAN: UN NUEVO DÍA,2D Doblada,19:10,,,,https://www.cinemark.com.ar/peliculas/spider-man-un-nuevo-dia
,Cinemark Hoyts,Malvinas Argentinas,,SPIDER-MAN: UN NUEVO DÍA,2D Doblada,22:30,,,,https://www.cinemark.com.ar/peliculas/spider-man-un-nuevo-dia
,Cinemark Hoyts,Malvinas Argentinas,,LA ISLA OLVIDADA,2D Doblada,12:45,,,,https://www.cinemark.com.ar/peliculas/la-isla-olvidada
,Cinemark Hoyts,Malvinas Argentinas,,LA ISLA OLVIDADA,3D Doblada,15:15,,,,https://www.cinemark.com.ar/peliculas/la-isla-olvidada
,Cinemark Hoyts,Malvinas Argentinas,,LA ISLA OLVIDADA,2D Doblada,17:45,,,,https://www.cinemark.com.ar/peliculas/la-isla-olvidada
,Cinemark Hoyts,Malvinas Argentinas,,LA ISLA OLVIDADA,2D Doblada,20:30,,,,https://www.cinemark.com.ar/peliculas/la-isla-olvidada
,Cinemark Hoyts,Malvinas Argentinas,,EL CORAZÓN DE LA BESTIA,2D Doblada,12:50,,,,https://www.cinemark.com.ar/peliculas/el-corazon-de-la-bestia
,Cinemark Hoyts,Malvinas Argentinas,,EL CORAZÓN DE LA BESTIA,2D Doblada,15:10,,,,https://www.cinemark.com.ar/peliculas/el-corazon-de-la-bestia
,Cinemark Hoyts,Malvinas Argentinas,,EL CORAZÓN DE LA BESTIA,2D Doblada,17:30,,,,https://www.cinemark.com.ar/peliculas/el-corazon-de-la-bestia
,Cinemark Hoyts,Malvinas Argentinas,,EL CORAZÓN DE LA BESTIA,2D Doblada,20:00,,,,https://www.cinemark.com.ar/peliculas/el-corazon-de-la-bestia
,Cinemark Hoyts,Malvinas Argentinas,,EL CORAZÓN DE LA BESTIA,2D Doblada,22:20,,,,https://www.cinemark.com.ar/peliculas/el-corazon-de-la-bestia
,Cinemark Hoyts,Malvinas Argentinas,,LA NOCHE DEL DEMONIO 6,2D Doblada,12:55,,,,https://www.cinemark.com.ar/peliculas/la-noche-del-demonio-estan-entre-nosotros
,Cinemark Hoyts,Malvinas Argentinas,,LA NOCHE DEL DEMONIO 6,2D Doblada,15:15,,,,https://www.cinemark.com.ar/peliculas/la-noche-del-demonio-estan-entre-nosotros
,Cinemark Hoyts,Malvinas Argentinas,,LA NOCHE DEL DEMONIO 6,2D Doblada,17:35,,,,https://www.cinemark.com.ar/peliculas/la-noche-del-demonio-estan-entre-nosotros
,Cinemark Hoyts,Malvinas Argentinas,,LA NOCHE DEL DEMONIO 6,2D Doblada,22:50,,,,https://www.cinemark.com.ar/peliculas/la-noche-del-demonio-estan-entre-nosotros
,Cinemark Hoyts,Malvinas Argentinas,,RESIDENT EVIL: NOCHE CERO,DBOX 2D Doblada,13:10,,,,https://www.cinemark.com.ar/peliculas/resident-evil-noche-cero
,Cinemark Hoyts,Malvinas Argentinas,,RESIDENT EVIL: NOCHE CERO,2D Doblada,13:10,,,,https://www.cinemark.com.ar/peliculas/resident-evil-noche-cero
,Cinemark Hoyts,Malvinas Argentinas,,RESIDENT EVIL: NOCHE CERO,2D Doblada,14:30,,,,https://www.cinemark.com.ar/peliculas/resident-evil-noche-cero
,Cinemark Hoyts,Malvinas Argentinas,,RESIDENT EVIL: NOCHE CERO,DBOX 2D Doblada,15:30,,,,https://www.cinemark.com.ar/peliculas/resident-evil-noche-cero
,Cinemark Hoyts,Malvinas Argentinas,,RESIDENT EVIL: NOCHE CERO,2D Doblada,15:30,,,,https://www.cinemark.com.ar/peliculas/resident-evil-noche-cero
,Cinemark Hoyts,Malvinas Argentinas,,RESIDENT EVIL: NOCHE CERO,2D Doblada,17:00,,,,https://www.cinemark.com.ar/peliculas/resident-evil-noche-cero
,Cinemark Hoyts,Malvinas Argentinas,,RESIDENT EVIL: NOCHE CERO,DBOX 2D Doblada,17:40,,,,https://www.cinemark.com.ar/peliculas/resident-evil-noche-cero
,Cinemark Hoyts,Malvinas Argentinas,,RESIDENT EVIL: NOCHE CERO,2D Doblada,17:40,,,,https://www.cinemark.com.ar/peliculas/resident-evil-noche-cero
,Cinemark Hoyts,Malvinas Argentinas,,RESIDENT EVIL: NOCHE CERO,2D Doblada,19:20,,,,https://www.cinemark.com.ar/peliculas/resident-evil-noche-cero
,Cinemark Hoyts,Malvinas Argentinas,,RESIDENT EVIL: NOCHE CERO,DBOX 2D Doblada,20:10,,,,https://www.cinemark.com.ar/peliculas/resident-evil-noche-cero
,Cinemark Hoyts,Malvinas Argentinas,,RESIDENT EVIL: NOCHE CERO,2D Doblada,20:10,,,,https://www.cinemark.com.ar/peliculas/resident-evil-noche-cero
,Cinemark Hoyts,Malvinas Argentinas,,RESIDENT EVIL: NOCHE CERO,2D Doblada,21:50,,,,https://www.cinemark.com.ar/peliculas/resident-evil-noche-cero
,Cinemark Hoyts,Malvinas Argentinas,,RESIDENT EVIL: NOCHE CERO,DBOX 2D Doblada,22:40,,,,https://www.cinemark.com.ar/peliculas/resident-evil-noche-cero
,Cinemark Hoyts,Malvinas Argentinas,,RESIDENT EVIL: NOCHE CERO,2D Doblada,22:40,,,,https://www.cinemark.com.ar/peliculas/resident-evil-noche-cero
,Cinemark Hoyts,Malvinas Argentinas,,TOY STORY 5,2D Doblada,13:30,,,,https://www.cinemark.com.ar/peliculas/toy-story-5
,Cinemark Hoyts,Malvinas Argentinas,,TOY STORY 5,2D Doblada,15:50,,,,https://www.cinemark.com.ar/peliculas/toy-story-5
,Cinemark Hoyts,Malvinas Argentinas,,COYOTE VS ACME,2D Doblada,13:50,,,,https://www.cinemark.com.ar/peliculas/coyote-vs-acme
,Cinemark Hoyts,Malvinas Argentinas,,COYOTE VS ACME,2D Doblada,16:30,,,,https://www.cinemark.com.ar/peliculas/coyote-vs-acme
,Cinemark Hoyts,Malvinas Argentinas,,COYOTE VS ACME,2D Doblada,19:00,,,,https://www.cinemark.com.ar/peliculas/coyote-vs-acme
,Cinemark Hoyts,Malvinas Argentinas,,AVENGERS: ENDGAME (RE ESTRENO),DBOX XD 2D IV Doblada,14:00,,,,https://www.cinemark.com.ar/peliculas/avengers-endgame-re-estreno
,Cinemark Hoyts,Malvinas Argentinas,,AVENGERS: ENDGAME (RE ESTRENO),XD 2D IV Doblada,14:00,,,,https://www.cinemark.com.ar/peliculas/avengers-endgame-re-estreno
,Cinemark Hoyts,Malvinas Argentinas,,AVENGERS: ENDGAME (RE ESTRENO),DBOX XD 3D IV Doblada,18:00,,,,https://www.cinemark.com.ar/peliculas/avengers-endgame-re-estreno
,Cinemark Hoyts,Malvinas Argentinas,,AVENGERS: ENDGAME (RE ESTRENO),XD 3D IV Doblada,18:00,,,,https://www.cinemark.com.ar/peliculas/avengers-endgame-re-estreno
,Cinemark Hoyts,Malvinas Argentinas,,AVENGERS: ENDGAME (RE ESTRENO),2D Doblada,21:30,,,,https://www.cinemark.com.ar/peliculas/avengers-endgame-re-estreno
,Cinemark Hoyts,Malvinas Argentinas,,AVENGERS: ENDGAME (RE ESTRENO),DBOX XD 2D IV Doblada,22:00,,,,https://www.cinemark.com.ar/peliculas/avengers-endgame-re-estreno
,Cinemark Hoyts,Malvinas Argentinas,,AVENGERS: ENDGAME (RE ESTRENO),XD 2D IV Doblada,22:00,,,,https://www.cinemark.com.ar/peliculas/avengers-endgame-re-estreno
,Cinemark Hoyts,Malvinas Argentinas,,BAJO TUS PIES,2D Doblada,14:40,,,,https://www.cinemark.com.ar/peliculas/bajo-tus-pies
,Cinemark Hoyts,Malvinas Argentinas,,BAJO TUS PIES,2D Doblada,19:50,,,,https://www.cinemark.com.ar/peliculas/bajo-tus-pies
,Cinemark Hoyts,Malvinas Argentinas,,EL ÚLTIMO GRAN GOLPE,2D Doblada,17:10,,,,https://www.cinemark.com.ar/peliculas/el-ultimo-gran-golpe
,Cinemark Hoyts,Malvinas Argentinas,,EL ÚLTIMO GRAN GOLPE,2D Doblada,22:10,,,,https://www.cinemark.com.ar/peliculas/el-ultimo-gran-golpe
,Cinemark Hoyts,Malvinas Argentinas,,LA ODISEA,2D Doblada,18:10,,,,https://www.cinemark.com.ar/peliculas/la-odisea
,Cinemark Hoyts,Malvinas Argentinas,,LA ODISEA,2D Doblada,21:40,,,,https://www.cinemark.com.ar/peliculas/la-odisea
,Cinemark Hoyts,Malvinas Argentinas,,LINKIN PARK: UNSHATTER,2D Subtitulada,20:00,,,,https://www.cinemark.com.ar/peliculas/linkin-park-unshatter
,Cinemark Hoyts,Malvinas Argentinas,,"YO, NARCISO",2D Doblada,23:00,,,,https://www.cinemark.com.ar/peliculas/yo-narciso
,Cinemark Hoyts,Caballito,,LA ISLA OLVIDADA,2D Doblada,12:40,,,,https://www.cinemark.com.ar/peliculas/la-isla-olvidada
,Cinemark Hoyts,Caballito,,LA ISLA OLVIDADA,3D Doblada,15:10,,,,https://www.cinemark.com.ar/peliculas/la-isla-olvidada
,Cinemark Hoyts,Caballito,,LA ISLA OLVIDADA,2D Doblada,17:40,,,,https://www.cinemark.com.ar/peliculas/la-isla-olvidada
,Cinemark Hoyts,Caballito,,LA ISLA OLVIDADA,2D Doblada,20:20,,,,https://www.cinemark.com.ar/peliculas/la-isla-olvidada
,Cinemark Hoyts,Caballito,,EL CORAZÓN DE LA BESTIA,2D Subtitulada,12:50,,,,https://www.cinemark.com.ar/peliculas/el-corazon-de-la-bestia
,Cinemark Hoyts,Caballito,,EL CORAZÓN DE LA BESTIA,2D Subtitulada,15:20,,,,https://www.cinemark.com.ar/peliculas/el-corazon-de-la-bestia
,Cinemark Hoyts,Caballito,,EL CORAZÓN DE LA BESTIA,2D Subtitulada,17:50,,,,https://www.cinemark.com.ar/peliculas/el-corazon-de-la-bestia
,Cinemark Hoyts,Caballito,,EL CORAZÓN DE LA BESTIA,2D Subtitulada,20:10,,,,https://www.cinemark.com.ar/peliculas/el-corazon-de-la-bestia
,Cinemark Hoyts,Caballito,,EL CORAZÓN DE LA BESTIA,2D Subtitulada,22:30,,,,https://www.cinemark.com.ar/peliculas/el-corazon-de-la-bestia
,Cinemark Hoyts,Caballito,,COYOTE VS ACME,2D Doblada,13:00,,,,https://www.cinemark.com.ar/peliculas/coyote-vs-acme
,Cinemark Hoyts,Caballito,,COYOTE VS ACME,2D Doblada,15:30,,,,https://www.cinemark.com.ar/peliculas/coyote-vs-acme
,Cinemark Hoyts,Caballito,,COYOTE VS ACME,2D Doblada,18:00,,,,https://www.cinemark.com.ar/peliculas/coyote-vs-acme
,Cinemark Hoyts,Caballito,,RESIDENT EVIL: NOCHE CERO,2D Doblada,13:00,,,,https://www.cinemark.com.ar/peliculas/resident-evil-noche-cero
,Cinemark Hoyts,Caballito,,RESIDENT EVIL: NOCHE CERO,2D Subtitulada,15:15,,,,https://www.cinemark.com.ar/peliculas/resident-evil-noche-cero
,Cinemark Hoyts,Caballito,,RESIDENT EVIL: NOCHE CERO,2D Doblada,17:30,,,,https://www.cinemark.com.ar/peliculas/resident-evil-noche-cero
,Cinemark Hoyts,Caballito,,RESIDENT EVIL: NOCHE CERO,2D Subtitulada,20:00,,,,https://www.cinemark.com.ar/peliculas/resident-evil-noche-cero
,Cinemark Hoyts,Caballito,,RESIDENT EVIL: NOCHE CERO,2D Subtitulada,22:20,,,,https://www.cinemark.com.ar/peliculas/resident-evil-noche-cero
,Cinemark Hoyts,Caballito,,RESIDENT EVIL: NOCHE CERO,2D Subtitulada,23:00,,,,https://www.cinemark.com.ar/peliculas/resident-evil-noche-cero
,Cinemark Hoyts,Caballito,,AVENGERS: ENDGAME (RE ESTRENO),2D Subtitulada,14:10,,,,https://www.cinemark.com.ar/peliculas/avengers-endgame-re-estreno
,Cinemark Hoyts,Caballito,,AVENGERS: ENDGAME (RE ESTRENO),2D Subtitulada,18:10,,,,https://www.cinemark.com.ar/peliculas/avengers-endgame-re-estreno
,Cinemark Hoyts,Caballito,,AVENGERS: ENDGAME (RE ESTRENO),2D Subtitulada,22:00,,,,https://www.cinemark.com.ar/peliculas/avengers-endgame-re-estreno
,Cinemark Hoyts,Caballito,,LA ODISEA,2D Subtitulada,15:00,,,,https://www.cinemark.com.ar/peliculas/la-odisea
,Cinemark Hoyts,Caballito,,LA ODISEA,2D Subtitulada,22:10,,,,https://www.cinemark.com.ar/peliculas/la-odisea
,Cinemark Hoyts,Caballito,,SPIDER-MAN: UN NUEVO DÍA,2D Subtitulada,19:00,,,,https://www.cinemark.com.ar/peliculas/spider-man-un-nuevo-dia
,Cinemark Hoyts,Caballito,,SPIDER-MAN: UN NUEVO DÍA,2D Subtitulada,22:50,,,,https://www.cinemark.com.ar/peliculas/spider-man-un-nuevo-dia
,Cinemark Hoyts,Caballito,,"YO, NARCISO",2D Doblada,20:30,,,,https://www.cinemark.com.ar/peliculas/yo-narciso
,Cinemark Hoyts,Abasto,,LA NOCHE DEL DEMONIO 6,2D Doblada,13:00,,,,https://www.cinemark.com.ar/peliculas/la-noche-del-demonio-estan-entre-nosotros
,Cinemark Hoyts,Abasto,,LA NOCHE DEL DEMONIO 6,2D Doblada,15:30,,,,https://www.cinemark.com.ar/peliculas/la-noche-del-demonio-estan-entre-nosotros
,Cinemark Hoyts,Abasto,,LA NOCHE DEL DEMONIO 6,2D Doblada,18:00,,,,https://www.cinemark.com.ar/peliculas/la-noche-del-demonio-estan-entre-nosotros
,Cinemark Hoyts,Abasto,,LA NOCHE DEL DEMONIO 6,2D Doblada,20:25,,,,https://www.cinemark.com.ar/peliculas/la-noche-del-demonio-estan-entre-nosotros
,Cinemark Hoyts,Abasto,,LA NOCHE DEL DEMONIO 6,2D Doblada,23:00,,,,https://www.cinemark.com.ar/peliculas/la-noche-del-demonio-estan-entre-nosotros
,Cinemark Hoyts,Abasto,,TOY STORY 5,2D Doblada,13:00,,,,https://www.cinemark.com.ar/peliculas/toy-story-5
,Cinemark Hoyts,Abasto,,TOY STORY 5,2D Doblada,15:20,,,,https://www.cinemark.com.ar/peliculas/toy-story-5
,Cinemark Hoyts,Abasto,,SPIDER-MAN: UN NUEVO DÍA,2D Doblada,13:10,,,,https://www.cinemark.com.ar/peliculas/spider-man-un-nuevo-dia
,Cinemark Hoyts,Abasto,,SPIDER-MAN: UN NUEVO DÍA,2D Doblada,16:20,,,,https://www.cinemark.com.ar/peliculas/spider-man-un-nuevo-dia
,Cinemark Hoyts,Abasto,,SPIDER-MAN: UN NUEVO DÍA,2D Doblada,22:40,,,,https://www.cinemark.com.ar/peliculas/spider-man-un-nuevo-dia
,Cinemark Hoyts,Abasto,,RESIDENT EVIL: NOCHE CERO,DBOX 2D Doblada,13:30,,,,https://www.cinemark.com.ar/peliculas/resident-evil-noche-cero
,Cinemark Hoyts,Abasto,,RESIDENT EVIL: NOCHE CERO,2D Doblada,13:30,,,,https://www.cinemark.com.ar/peliculas/resident-evil-noche-cero
,Cinemark Hoyts,Abasto,,RESIDENT EVIL: NOCHE CERO,DBOX 2D Doblada,15:00,,,,https://www.cinemark.com.ar/peliculas/resident-evil-noche-cero
,Cinemark Hoyts,Abasto,,RESIDENT EVIL: NOCHE CERO,2D Doblada,15:00,,,,https://www.cinemark.com.ar/peliculas/resident-evil-noche-cero
,Cinemark Hoyts,Abasto,,RESIDENT EVIL: NOCHE CERO,DBOX 2D Subtitulada,16:00,,,,https://www.cinemark.com.ar/peliculas/resident-evil-noche-cero
,Cinemark Hoyts,Abasto,,RESIDENT EVIL: NOCHE CERO,2D Subtitulada,16:00,,,,https://www.cinemark.com.ar/peliculas/resident-evil-noche-cero
,Cinemark Hoyts,Abasto,,RESIDENT EVIL: NOCHE CERO,2D Doblada,16:30,,,,https://www.cinemark.com.ar/peliculas/resident-evil-noche-cero
,Cinemark Hoyts,Abasto,,RESIDENT EVIL: NOCHE CERO,DBOX 2D Doblada,17:20,,,,https://www.cinemark.com.ar/peliculas/resident-evil-noche-cero
,Cinemark Hoyts,Abasto,,RESIDENT EVIL: NOCHE CERO,2D Doblada,17:20,,,,https://www.cinemark.com.ar/peliculas/resident-evil-noche-cero
,Cinemark Hoyts,Abasto,,RESIDENT EVIL: NOCHE CERO,DBOX 2D Doblada,18:20,,,,https://www.cinemark.com.ar/peliculas/resident-evil-noche-cero
,Cinemark Hoyts,Abasto,,RESIDENT EVIL: NOCHE CERO,2D Doblada,18:20,,,,https://www.cinemark.com.ar/peliculas/resident-evil-noche-cero
,Cinemark Hoyts,Abasto,,RESIDENT EVIL: NOCHE CERO,DBOX 2D Doblada,19:40,,,,https://www.cinemark.com.ar/peliculas/resident-evil-noche-cero
,Cinemark Hoyts,Abasto,,RESIDENT EVIL: NOCHE CERO,2D Doblada,19:40,,,,https://www.cinemark.com.ar/peliculas/resident-evil-noche-cero
,Cinemark Hoyts,Abasto,,RESIDENT EVIL: NOCHE CERO,DBOX 2D Subtitulada,20:35,,,,https://www.cinemark.com.ar/peliculas/resident-evil-noche-cero
,Cinemark Hoyts,Abasto,,RESIDENT EVIL: NOCHE CERO,2D Subtitulada,20:35,,,,https://www.cinemark.com.ar/peliculas/resident-evil-noche-cero
,Cinemark Hoyts,Abasto,,RESIDENT EVIL: NOCHE CERO,DBOX 2D Doblada,22:10,,,,https://www.cinemark.com.ar/peliculas/resident-evil-noche-cero
,Cinemark Hoyts,Abasto,,RESIDENT EVIL: NOCHE CERO,2D Doblada,22:10,,,,https://www.cinemark.com.ar/peliculas/resident-evil-noche-cero
,Cinemark Hoyts,Abasto,,RESIDENT EVIL: NOCHE CERO,2D Doblada,22:40,,,,https://www.cinemark.com.ar/peliculas/resident-evil-noche-cero
,Cinemark Hoyts,Abasto,,RESIDENT EVIL: NOCHE CERO,DBOX 2D Subtitulada,23:00,,,,https://www.cinemark.com.ar/peliculas/resident-evil-noche-cero
,Cinemark Hoyts,Abasto,,RESIDENT EVIL: NOCHE CERO,2D Subtitulada,23:00,,,,https://www.cinemark.com.ar/peliculas/resident-evil-noche-cero
,Cinemark Hoyts,Abasto,,EL CORAZÓN DE LA BESTIA,2D Doblada,13:30,,,,https://www.cinemark.com.ar/peliculas/el-corazon-de-la-bestia
,Cinemark Hoyts,Abasto,,EL CORAZÓN DE LA BESTIA,2D Doblada,15:50,,,,https://www.cinemark.com.ar/peliculas/el-corazon-de-la-bestia
,Cinemark Hoyts,Abasto,,EL CORAZÓN DE LA BESTIA,2D Subtitulada,18:10,,,,https://www.cinemark.com.ar/peliculas/el-corazon-de-la-bestia
,Cinemark Hoyts,Abasto,,EL CORAZÓN DE LA BESTIA,2D Doblada,20:30,,,,https://www.cinemark.com.ar/peliculas/el-corazon-de-la-bestia
,Cinemark Hoyts,Abasto,,EL CORAZÓN DE LA BESTIA,2D Doblada,22:50,,,,https://www.cinemark.com.ar/peliculas/el-corazon-de-la-bestia
,Cinemark Hoyts,Abasto,,COLONY: ZONA CERO,2D Doblada,13:50,,,,https://www.cinemark.com.ar/peliculas/colony-zona-cero
,Cinemark Hoyts,Abasto,,COYOTE VS ACME,2D Doblada,14:00,,,,https://www.cinemark.com.ar/peliculas/coyote-vs-acme
,Cinemark Hoyts,Abasto,,COYOTE VS ACME,2D Doblada,16:40,,,,https://www.cinemark.com.ar/peliculas/coyote-vs-acme
,Cinemark Hoyts,Abasto,,COYOTE VS ACME,2D Doblada,19:10,,,,https://www.cinemark.com.ar/peliculas/coyote-vs-acme
,Cinemark Hoyts,Abasto,,COYOTE VS ACME,2D Doblada,21:40,,,,https://www.cinemark.com.ar/peliculas/coyote-vs-acme
,Cinemark Hoyts,Abasto,,LA ISLA OLVIDADA,2D Doblada,14:10,,,,https://www.cinemark.com.ar/peliculas/la-isla-olvidada
,Cinemark Hoyts,Abasto,,LA ISLA OLVIDADA,3D Doblada,16:40,,,,https://www.cinemark.com.ar/peliculas/la-isla-olvidada
,Cinemark Hoyts,Abasto,,LA ISLA OLVIDADA,2D Doblada,19:20,,,,https://www.cinemark.com.ar/peliculas/la-isla-olvidada
,Cinemark Hoyts,Abasto,,LA ISLA OLVIDADA,2D Doblada,21:50,,,,https://www.cinemark.com.ar/peliculas/la-isla-olvidada
,Cinemark Hoyts,Abasto,,BAJO TUS PIES,2D Doblada,14:20,,,,https://www.cinemark.com.ar/peliculas/bajo-tus-pies
,Cinemark Hoyts,Abasto,,BAJO TUS PIES,2D Doblada,19:50,,,,https://www.cinemark.com.ar/peliculas/bajo-tus-pies
,Cinemark Hoyts,Abasto,,AVENGERS: ENDGAME (RE ESTRENO),DBOX 2D Doblada,14:30,,,,https://www.cinemark.com.ar/peliculas/avengers-endgame-re-estreno
,Cinemark Hoyts,Abasto,,AVENGERS: ENDGAME (RE ESTRENO),2D Doblada,14:30,,,,https://www.cinemark.com.ar/peliculas/avengers-endgame-re-estreno
,Cinemark Hoyts,Abasto,,AVENGERS: ENDGAME (RE ESTRENO),DBOX 2D Doblada,18:30,,,,https://www.cinemark.com.ar/peliculas/avengers-endgame-re-estreno
,Cinemark Hoyts,Abasto,,AVENGERS: ENDGAME (RE ESTRENO),2D Doblada,18:30,,,,https://www.cinemark.com.ar/peliculas/avengers-endgame-re-estreno
,Cinemark Hoyts,Abasto,,AVENGERS: ENDGAME (RE ESTRENO),2D Doblada,19:00,,,,https://www.cinemark.com.ar/peliculas/avengers-endgame-re-estreno
,Cinemark Hoyts,Abasto,,AVENGERS: ENDGAME (RE ESTRENO),DBOX 2D Subtitulada,22:30,,,,https://www.cinemark.com.ar/peliculas/avengers-endgame-re-estreno
,Cinemark Hoyts,Abasto,,AVENGERS: ENDGAME (RE ESTRENO),2D Subtitulada,22:30,,,,https://www.cinemark.com.ar/peliculas/avengers-endgame-re-estreno
,Cinemark Hoyts,Abasto,,LA ODISEA,2D Doblada,14:40,,,,https://www.cinemark.com.ar/peliculas/la-odisea
,Cinemark Hoyts,Abasto,,LA ODISEA,2D Doblada,18:20,,,,https://www.cinemark.com.ar/peliculas/la-odisea
,Cinemark Hoyts,Abasto,,LA ODISEA,2D Doblada,22:00,,,,https://www.cinemark.com.ar/peliculas/la-odisea
,Cinemark Hoyts,Abasto,,PMMM LA REBELION,2D Subtitulada,16:50,,,,https://www.cinemark.com.ar/peliculas/puella-magi-madoka-magica-la-rebelion
,Cinemark Hoyts,Abasto,,EL ÚLTIMO GRAN GOLPE,2D Doblada,17:40,,,,https://www.cinemark.com.ar/peliculas/el-ultimo-gran-golpe
,Cinemark Hoyts,Abasto,,EL ÚLTIMO GRAN GOLPE,2D Doblada,23:00,,,,https://www.cinemark.com.ar/peliculas/el-ultimo-gran-golpe
,Cinemark Hoyts,Abasto,,LINKIN PARK: UNSHATTER,2D Subtitulada,20:00,,,,https://www.cinemark.com.ar/peliculas/linkin-park-unshatter
,Cinemark Hoyts,Abasto,,HECHIZO DE AMOR: LA MAGIA CONTINUA,2D Doblada,20:10,,,,https://www.cinemark.com.ar/peliculas/hechizo-de-amor-la-magia-continua
,Cinemark Hoyts,Abasto,,"YO, NARCISO",2D Doblada,22:20,,,,https://www.cinemark.com.ar/peliculas/yo-narciso
,Cinemark Hoyts,Soleil,,AVENGERS: ENDGAME (RE ESTRENO),2D Doblada,13:40,,,,https://www.cinemark.com.ar/peliculas/avengers-endgame-re-estreno
,Cinemark Hoyts,Soleil,,AVENGERS: ENDGAME (RE ESTRENO),2D Doblada,17:30,,,,https://www.cinemark.com.ar/peliculas/avengers-endgame-re-estreno
,Cinemark Hoyts,Soleil,,AVENGERS: ENDGAME (RE ESTRENO),2D Doblada,22:00,,,,https://www.cinemark.com.ar/peliculas/avengers-endgame-re-estreno
,Cinemark Hoyts,Soleil,,RESIDENT EVIL: NOCHE CERO,2D Doblada,14:20,,,,https://www.cinemark.com.ar/peliculas/resident-evil-noche-cero
,Cinemark Hoyts,Soleil,,RESIDENT EVIL: NOCHE CERO,2D Subtitulada,16:50,,,,https://www.cinemark.com.ar/peliculas/resident-evil-noche-cero
,Cinemark Hoyts,Soleil,,RESIDENT EVIL: NOCHE CERO,2D Doblada,19:30,,,,https://www.cinemark.com.ar/peliculas/resident-evil-noche-cero
,Cinemark Hoyts,Soleil,,RESIDENT EVIL: NOCHE CERO,2D Doblada,21:00,,,,https://www.cinemark.com.ar/peliculas/resident-evil-noche-cero
,Cinemark Hoyts,Soleil,,RESIDENT EVIL: NOCHE CERO,2D Doblada,22:30,,,,https://www.cinemark.com.ar/peliculas/resident-evil-noche-cero
,Cinemark Hoyts,Soleil,,RESIDENT EVIL: NOCHE CERO,2D Subtitulada,23:10,,,,https://www.cinemark.com.ar/peliculas/resident-evil-noche-cero
,Cinemark Hoyts,Soleil,,LA ISLA OLVIDADA,2D Doblada,14:40,,,,https://www.cinemark.com.ar/peliculas/la-isla-olvidada
,Cinemark Hoyts,Soleil,,LA ISLA OLVIDADA,3D Doblada,17:20,,,,https://www.cinemark.com.ar/peliculas/la-isla-olvidada
,Cinemark Hoyts,Soleil,,LA ISLA OLVIDADA,2D Doblada,19:50,,,,https://www.cinemark.com.ar/peliculas/la-isla-olvidada
,Cinemark Hoyts,Soleil,,COYOTE VS ACME,2D Doblada,15:00,,,,https://www.cinemark.com.ar/peliculas/coyote-vs-acme
,Cinemark Hoyts,Soleil,,COYOTE VS ACME,2D Doblada,18:00,,,,https://www.cinemark.com.ar/peliculas/coyote-vs-acme
,Cinemark Hoyts,Soleil,,EL CORAZÓN DE LA BESTIA,2D Doblada,15:15,,,,https://www.cinemark.com.ar/peliculas/el-corazon-de-la-bestia
,Cinemark Hoyts,Soleil,,EL CORAZÓN DE LA BESTIA,2D Doblada,17:40,,,,https://www.cinemark.com.ar/peliculas/el-corazon-de-la-bestia
,Cinemark Hoyts,Soleil,,EL CORAZÓN DE LA BESTIA,2D Doblada,20:00,,,,https://www.cinemark.com.ar/peliculas/el-corazon-de-la-bestia
,Cinemark Hoyts,Soleil,,EL CORAZÓN DE LA BESTIA,2D Doblada,22:20,,,,https://www.cinemark.com.ar/peliculas/el-corazon-de-la-bestia
,Cinemark Hoyts,Soleil,,SPIDER-MAN: UN NUEVO DÍA,2D Doblada,16:00,,,,https://www.cinemark.com.ar/peliculas/spider-man-un-nuevo-dia
,Cinemark Hoyts,Soleil,,SPIDER-MAN: UN NUEVO DÍA,2D Doblada,21:40,,,,https://www.cinemark.com.ar/peliculas/spider-man-un-nuevo-dia
,Cinemark Hoyts,Soleil,,LA NOCHE DEL DEMONIO 6,2D Doblada,19:10,,,,https://www.cinemark.com.ar/peliculas/la-noche-del-demonio-estan-entre-nosotros
,Cinemark Hoyts,Soleil,,LA NOCHE DEL DEMONIO 6,2D Doblada,21:50,,,,https://www.cinemark.com.ar/peliculas/la-noche-del-demonio-estan-entre-nosotros
,Cinemark Hoyts,Puerto Madero,,LA ODISEA,2D Subtitulada,15:00,,,,https://www.cinemark.com.ar/peliculas/la-odisea
,Cinemark Hoyts,Puerto Madero,,LA ODISEA,2D Subtitulada,18:40,,,,https://www.cinemark.com.ar/peliculas/la-odisea
,Cinemark Hoyts,Puerto Madero,,LA ODISEA,2D Subtitulada,22:20,,,,https://www.cinemark.com.ar/peliculas/la-odisea
,Cinemark Hoyts,Puerto Madero,,LA ISLA OLVIDADA,2D Doblada,15:00,,,,https://www.cinemark.com.ar/peliculas/la-isla-olvidada
,Cinemark Hoyts,Puerto Madero,,LA ISLA OLVIDADA,3D Doblada,17:15,,,,https://www.cinemark.com.ar/peliculas/la-isla-olvidada
,Cinemark Hoyts,Puerto Madero,,LA ISLA OLVIDADA,2D Doblada,19:30,,,,https://www.cinemark.com.ar/peliculas/la-isla-olvidada
,Cinemark Hoyts,Puerto Madero,,RESIDENT EVIL: NOCHE CERO,2D Doblada,15:00,,,,https://www.cinemark.com.ar/peliculas/resident-evil-noche-cero
,Cinemark Hoyts,Puerto Madero,,RESIDENT EVIL: NOCHE CERO,2D Subtitulada,15:30,,,,https://www.cinemark.com.ar/peliculas/resident-evil-noche-cero
,Cinemark Hoyts,Puerto Madero,,RESIDENT EVIL: NOCHE CERO,2D Doblada,17:30,,,,https://www.cinemark.com.ar/peliculas/resident-evil-noche-cero
,Cinemark Hoyts,Puerto Madero,,RESIDENT EVIL: NOCHE CERO,2D Subtitulada,18:00,,,,https://www.cinemark.com.ar/peliculas/resident-evil-noche-cero
,Cinemark Hoyts,Puerto Madero,,RESIDENT EVIL: NOCHE CERO,2D Doblada,19:50,,,,https://www.cinemark.com.ar/peliculas/resident-evil-noche-cero
,Cinemark Hoyts,Puerto Madero,,RESIDENT EVIL: NOCHE CERO,2D Subtitulada,20:30,,,,https://www.cinemark.com.ar/peliculas/resident-evil-noche-cero
,Cinemark Hoyts,Puerto Madero,,RESIDENT EVIL: NOCHE CERO,2D Doblada,22:10,,,,https://www.cinemark.com.ar/peliculas/resident-evil-noche-cero
,Cinemark Hoyts,Puerto Madero,,RESIDENT EVIL: NOCHE CERO,2D Subtitulada,23:00,,,,https://www.cinemark.com.ar/peliculas/resident-evil-noche-cero
,Cinemark Hoyts,Puerto Madero,,"YO, NARCISO",2D Doblada,15:00,,,,https://www.cinemark.com.ar/peliculas/yo-narciso
,Cinemark Hoyts,Puerto Madero,,"YO, NARCISO",2D Doblada,20:00,,,,https://www.cinemark.com.ar/peliculas/yo-narciso
,Cinemark Hoyts,Puerto Madero,,"YO, NARCISO",2D Doblada,23:00,,,,https://www.cinemark.com.ar/peliculas/yo-narciso
,Cinemark Hoyts,Puerto Madero,,EL CORAZÓN DE LA BESTIA,2D Doblada,15:10,,,,https://www.cinemark.com.ar/peliculas/el-corazon-de-la-bestia
,Cinemark Hoyts,Puerto Madero,,EL CORAZÓN DE LA BESTIA,2D Doblada,17:40,,,,https://www.cinemark.com.ar/peliculas/el-corazon-de-la-bestia
,Cinemark Hoyts,Puerto Madero,,EL CORAZÓN DE LA BESTIA,2D Subtitulada,20:10,,,,https://www.cinemark.com.ar/peliculas/el-corazon-de-la-bestia
,Cinemark Hoyts,Puerto Madero,,EL CORAZÓN DE LA BESTIA,2D Subtitulada,22:50,,,,https://www.cinemark.com.ar/peliculas/el-corazon-de-la-bestia
,Cinemark Hoyts,Puerto Madero,,COYOTE VS ACME,2D Doblada,16:00,,,,https://www.cinemark.com.ar/peliculas/coyote-vs-acme
,Cinemark Hoyts,Puerto Madero,,COYOTE VS ACME,2D Doblada,18:40,,,,https://www.cinemark.com.ar/peliculas/coyote-vs-acme
,Cinemark Hoyts,Puerto Madero,,SPIDER-MAN: UN NUEVO DÍA,2D Doblada,16:30,,,,https://www.cinemark.com.ar/peliculas/spider-man-un-nuevo-dia
,Cinemark Hoyts,Puerto Madero,,SPIDER-MAN: UN NUEVO DÍA,2D Doblada,19:45,,,,https://www.cinemark.com.ar/peliculas/spider-man-un-nuevo-dia
,Cinemark Hoyts,Puerto Madero,,LA NOCHE DEL DEMONIO 6,2D Doblada,17:20,,,,https://www.cinemark.com.ar/peliculas/la-noche-del-demonio-estan-entre-nosotros
,Cinemark Hoyts,Puerto Madero,,LA NOCHE DEL DEMONIO 6,2D Doblada,22:30,,,,https://www.cinemark.com.ar/peliculas/la-noche-del-demonio-estan-entre-nosotros
,Cinemark Hoyts,Puerto Madero,,AVENGERS: ENDGAME (RE ESTRENO),2D Subtitulada,21:30,,,,https://www.cinemark.com.ar/peliculas/avengers-endgame-re-estreno
,Cinemark Hoyts,Puerto Madero,,AVENGERS: ENDGAME (RE ESTRENO),2D Doblada,22:00,,,,https://www.cinemark.com.ar/peliculas/avengers-endgame-re-estreno
