zona,cadena,cine,direccion,pelicula,formato,horario,precio_general,precio_jubilado,precio_menor,url_pelicula
CABA,Atlas Cines,Atlas Alcorta,"Jerónimo Salguero 3172, Alcorta Shopping",Spider-Man: Un nuevo día,2D Doblada,15:00,24000,17000,17000,https://cartelera.ar/pelicula/spider-man-un-nuevo-dia
CABA,Atlas Cines,Atlas Alcorta,"Jerónimo Salguero 3172, Alcorta Shopping",PAW Patrol: La Dino Película,2D Doblada,15:30,24000,17000,17000,https://cartelera.ar/pelicula/paw-patrol-la-dino-pelicula
CABA,Atlas Cines,Atlas Alcorta,"Jerónimo Salguero 3172, Alcorta Shopping",PAW Patrol: La Dino Película,2D Doblada,17:30,24000,17000,17000,https://cartelera.ar/pelicula/paw-patrol-la-dino-pelicula
CABA,Atlas Cines,Atlas Alcorta,"Jerónimo Salguero 3172, Alcorta Shopping",Yo Narciso,2D Doblada,18:00,24000,17000,17000,https://cartelera.ar/pelicula/yo-narciso
CABA,Atlas Cines,Atlas Alcorta,"Jerónimo Salguero 3172, Alcorta Shopping",Yo Narciso,2D Doblada,19:30,24000,17000,17000,https://cartelera.ar/pelicula/yo-narciso
CABA,Atlas Cines,Atlas Alcorta,"Jerónimo Salguero 3172, Alcorta Shopping",Yo Narciso,2D Doblada,20:10,24000,17000,17000,https://cartelera.ar/pelicula/yo-narciso
CABA,Atlas Cines,Atlas Alcorta,"Jerónimo Salguero 3172, Alcorta Shopping",Yo Narciso,2D Doblada,22:20,24000,17000,17000,https://cartelera.ar/pelicula/yo-narciso
CABA,Atlas Cines,Atlas Alcorta,"Jerónimo Salguero 3172, Alcorta Shopping",La Odisea,2D Subtitulada,21:30,24000,17000,17000,https://cartelera.ar/pelicula/la-odisea
CABA,Atlas Cines,Atlas Caballito,"Rivadavia 5071, Caballito",Yo Narciso,2D Doblada,12:00,18000,14000,14000,https://cartelera.ar/pelicula/yo-narciso
CABA,Atlas Cines,Atlas Caballito,"Rivadavia 5071, Caballito",Yo Narciso,2D Doblada,14:00,18000,14000,14000,https://cartelera.ar/pelicula/yo-narciso
CABA,Atlas Cines,Atlas Caballito,"Rivadavia 5071, Caballito",Yo Narciso,2D Doblada,16:10,18000,14000,14000,https://cartelera.ar/pelicula/yo-narciso
CABA,Atlas Cines,Atlas Caballito,"Rivadavia 5071, Caballito",Yo Narciso,2D Doblada,18:20,18000,14000,14000,https://cartelera.ar/pelicula/yo-narciso
CABA,Atlas Cines,Atlas Caballito,"Rivadavia 5071, Caballito",Yo Narciso,2D Doblada,20:40,18000,14000,14000,https://cartelera.ar/pelicula/yo-narciso
CABA,Atlas Cines,Atlas Caballito,"Rivadavia 5071, Caballito",Yo Narciso,2D Doblada,22:50,18000,14000,14000,https://cartelera.ar/pelicula/yo-narciso
CABA,Atlas Cines,Atlas Caballito,"Rivadavia 5071, Caballito",La Odisea,2D Subtitulada,12:10,18000,14000,14000,https://cartelera.ar/pelicula/la-odisea
CABA,Atlas Cines,Atlas Caballito,"Rivadavia 5071, Caballito",La Odisea,2D Subtitulada,17:00,18000,14000,14000,https://cartelera.ar/pelicula/la-odisea
CABA,Atlas Cines,Atlas Caballito,"Rivadavia 5071, Caballito",La Odisea,2D Subtitulada,19:20,18000,14000,14000,https://cartelera.ar/pelicula/la-odisea
CABA,Atlas Cines,Atlas Caballito,"Rivadavia 5071, Caballito",La Odisea,2D Subtitulada,22:00,18000,14000,14000,https://cartelera.ar/pelicula/la-odisea
CABA,Atlas Cines,Atlas Caballito,"Rivadavia 5071, Caballito",Moana,2D Doblada,12:30,18000,14000,14000,https://cartelera.ar/pelicula/moana
CABA,Atlas Cines,Atlas Caballito,"Rivadavia 5071, Caballito",PAW Patrol: La Dino Película,2D Doblada,12:30,18000,14000,14000,https://cartelera.ar/pelicula/paw-patrol-la-dino-pelicula
CABA,Atlas Cines,Atlas Caballito,"Rivadavia 5071, Caballito",PAW Patrol: La Dino Película,2D Doblada,14:30,18000,14000,14000,https://cartelera.ar/pelicula/paw-patrol-la-dino-pelicula
CABA,Atlas Cines,Atlas Caballito,"Rivadavia 5071, Caballito",Spider-Man: Un nuevo día,4DX Doblada,12:30,17000,13500,13500,https://cartelera.ar/pelicula/spider-man-un-nuevo-dia
CABA,Atlas Cines,Atlas Caballito,"Rivadavia 5071, Caballito",Spider-Man: Un nuevo día,4DX Doblada,15:40,17000,13500,13500,https://cartelera.ar/pelicula/spider-man-un-nuevo-dia
CABA,Atlas Cines,Atlas Caballito,"Rivadavia 5071, Caballito",Spider-Man: Un nuevo día,4DX Doblada,18:40,17000,13500,13500,https://cartelera.ar/pelicula/spider-man-un-nuevo-dia
CABA,Atlas Cines,Atlas Caballito,"Rivadavia 5071, Caballito",Spider-Man: Un nuevo día,4DX Doblada,21:40,17000,13500,13500,https://cartelera.ar/pelicula/spider-man-un-nuevo-dia
CABA,Atlas Cines,Atlas Caballito,"Rivadavia 5071, Caballito",Spider-Man: Un nuevo día,2D Doblada,12:50,18000,14000,14000,https://cartelera.ar/pelicula/spider-man-un-nuevo-dia
CABA,Atlas Cines,Atlas Caballito,"Rivadavia 5071, Caballito",Spider-Man: Un nuevo día,2D Doblada,13:30,18000,14000,14000,https://cartelera.ar/pelicula/spider-man-un-nuevo-dia
CABA,Atlas Cines,Atlas Caballito,"Rivadavia 5071, Caballito",Spider-Man: Un nuevo día,2D Doblada,16:00,18000,14000,14000,https://cartelera.ar/pelicula/spider-man-un-nuevo-dia
CABA,Atlas Cines,Atlas Caballito,"Rivadavia 5071, Caballito",Spider-Man: Un nuevo día,2D Doblada,17:50,18000,14000,14000,https://cartelera.ar/pelicula/spider-man-un-nuevo-dia
CABA,Atlas Cines,Atlas Caballito,"Rivadavia 5071, Caballito",Spider-Man: Un nuevo día,2D Doblada,19:00,18000,14000,14000,https://cartelera.ar/pelicula/spider-man-un-nuevo-dia
CABA,Atlas Cines,Atlas Caballito,"Rivadavia 5071, Caballito",Spider-Man: Un nuevo día,2D Doblada,22:50,18000,14000,14000,https://cartelera.ar/pelicula/spider-man-un-nuevo-dia
CABA,Atlas Cines,Atlas Caballito,"Rivadavia 5071, Caballito",Spider-Man: Un nuevo día,3D Doblada,16:30,21000,17000,17000,https://cartelera.ar/pelicula/spider-man-un-nuevo-dia
CABA,Atlas Cines,Atlas Caballito,"Rivadavia 5071, Caballito",Spider-Man: Un nuevo día,2D Subtitulada,19:30,18000,14000,14000,https://cartelera.ar/pelicula/spider-man-un-nuevo-dia
CABA,Atlas Cines,Atlas Caballito,"Rivadavia 5071, Caballito",Spider-Man: Un nuevo día,2D Subtitulada,22:30,18000,14000,14000,https://cartelera.ar/pelicula/spider-man-un-nuevo-dia
CABA,Atlas Cines,Atlas Caballito,"Rivadavia 5071, Caballito",Toy Story 5,2D Doblada,12:30,18000,14000,14000,https://cartelera.ar/pelicula/toy-story-5
CABA,Atlas Cines,Atlas Caballito,"Rivadavia 5071, Caballito",Toy Story 5,2D Doblada,14:50,18000,14000,14000,https://cartelera.ar/pelicula/toy-story-5
CABA,Atlas Cines,Atlas Caballito,"Rivadavia 5071, Caballito",Insidious: Fuera del más allá,2D Doblada,13:10,18000,14000,14000,https://cartelera.ar/pelicula/insidious-fuera-del-mas-alla
CABA,Atlas Cines,Atlas Caballito,"Rivadavia 5071, Caballito",Insidious: Fuera del más allá,2D Doblada,15:30,18000,14000,14000,https://cartelera.ar/pelicula/insidious-fuera-del-mas-alla
CABA,Atlas Cines,Atlas Caballito,"Rivadavia 5071, Caballito",Insidious: Fuera del más allá,2D Doblada,17:50,18000,14000,14000,https://cartelera.ar/pelicula/insidious-fuera-del-mas-alla
CABA,Atlas Cines,Atlas Caballito,"Rivadavia 5071, Caballito",Insidious: Fuera del más allá,2D Doblada,20:10,18000,14000,14000,https://cartelera.ar/pelicula/insidious-fuera-del-mas-alla
CABA,Atlas Cines,Atlas Caballito,"Rivadavia 5071, Caballito",Insidious: Fuera del más allá,2D Subtitulada,22:30,18000,14000,14000,https://cartelera.ar/pelicula/insidious-fuera-del-mas-alla
CABA,Atlas Cines,Atlas Caballito,"Rivadavia 5071, Caballito",Minions & monstruos,2D Doblada,15:00,18000,14000,14000,https://cartelera.ar/pelicula/minions-monstruos
CABA,Atlas Cines,Atlas Caballito,"Rivadavia 5071, Caballito",El Final de la Calle Oak,2D Doblada,15:40,18000,14000,14000,https://cartelera.ar/pelicula/el-final-de-la-calle-oak
CABA,Atlas Cines,Atlas Caballito,"Rivadavia 5071, Caballito",El Final de la Calle Oak,2D Doblada,20:40,18000,14000,14000,https://cartelera.ar/pelicula/el-final-de-la-calle-oak
CABA,Atlas Cines,Atlas Caballito,"Rivadavia 5071, Caballito",El Final de la Calle Oak,2D Subtitulada,22:50,18000,14000,14000,https://cartelera.ar/pelicula/el-final-de-la-calle-oak
CABA,Atlas Cines,Atlas Caballito,"Rivadavia 5071, Caballito",La Muerte De Robin Hood,2D Subtitulada,16:40,18000,14000,14000,https://cartelera.ar/pelicula/la-muerte-de-robin-hood
CABA,Atlas Cines,Atlas Caballito,"Rivadavia 5071, Caballito",La Muerte De Robin Hood,2D Subtitulada,20:30,18000,14000,14000,https://cartelera.ar/pelicula/la-muerte-de-robin-hood
CABA,Atlas Cines,Atlas Caballito,"Rivadavia 5071, Caballito",Tu Corazón Será Destrozado,2D Doblada,17:10,18000,14000,14000,https://cartelera.ar/pelicula/tu-corazon-sera-destrozado
CABA,Atlas Cines,Atlas Caballito,"Rivadavia 5071, Caballito",Canelones,2D Doblada,20:00,18000,14000,14000,https://cartelera.ar/pelicula/canelones
CABA,Atlas Cines,Atlas Caballito,"Rivadavia 5071, Caballito",La invitación,2D Subtitulada,22:10,18000,14000,14000,https://cartelera.ar/pelicula/la-invitacion
CABA,Atlas Cines,Atlas Caballito,"Rivadavia 5071, Caballito","Adolescencia, sexo y muerte en campamento Miasma",2D Subtitulada,23:10,18000,14000,14000,https://cartelera.ar/pelicula/adolescencia-sexo-y-muerte-en-campamento-miasma
CABA,Atlas Cines,Atlas Flores,"Rivera Indarte 44, Flores",Yo Narciso,2D Doblada,14:00,13000,10000,10000,https://cartelera.ar/pelicula/yo-narciso
CABA,Atlas Cines,Atlas Flores,"Rivera Indarte 44, Flores",Yo Narciso,2D Doblada,15:10,13000,10000,10000,https://cartelera.ar/pelicula/yo-narciso
CABA,Atlas Cines,Atlas Flores,"Rivera Indarte 44, Flores",Yo Narciso,2D Doblada,17:20,13000,10000,10000,https://cartelera.ar/pelicula/yo-narciso
CABA,Atlas Cines,Atlas Flores,"Rivera Indarte 44, Flores",Yo Narciso,2D Doblada,19:30,13000,10000,10000,https://cartelera.ar/pelicula/yo-narciso
CABA,Atlas Cines,Atlas Flores,"Rivera Indarte 44, Flores",Yo Narciso,2D Doblada,21:40,13000,10000,10000,https://cartelera.ar/pelicula/yo-narciso
CABA,Atlas Cines,Atlas Flores,"Rivera Indarte 44, Flores",Spider-Man: Un nuevo día,2D Doblada,14:00,13000,10000,10000,https://cartelera.ar/pelicula/spider-man-un-nuevo-dia
CABA,Atlas Cines,Atlas Flores,"Rivera Indarte 44, Flores",Spider-Man: Un nuevo día,2D Doblada,16:00,13000,10000,10000,https://cartelera.ar/pelicula/spider-man-un-nuevo-dia
CABA,Atlas Cines,Atlas Flores,"Rivera Indarte 44, Flores",Spider-Man: Un nuevo día,2D Doblada,19:00,13000,10000,10000,https://cartelera.ar/pelicula/spider-man-un-nuevo-dia
CABA,Atlas Cines,Atlas Flores,"Rivera Indarte 44, Flores",Spider-Man: Un nuevo día,2D Doblada,22:10,13000,10000,10000,https://cartelera.ar/pelicula/spider-man-un-nuevo-dia
CABA,Atlas Cines,Atlas Flores,"Rivera Indarte 44, Flores",Spider-Man: Un nuevo día,3D Doblada,17:00,15400,12400,12400,https://cartelera.ar/pelicula/spider-man-un-nuevo-dia
CABA,Atlas Cines,Atlas Flores,"Rivera Indarte 44, Flores",Toy Story 5,2D Doblada,14:20,13000,10000,10000,https://cartelera.ar/pelicula/toy-story-5
CABA,Atlas Cines,Atlas Flores,"Rivera Indarte 44, Flores",PAW Patrol: La Dino Película,2D Doblada,15:10,13000,10000,10000,https://cartelera.ar/pelicula/paw-patrol-la-dino-pelicula
CABA,Atlas Cines,Atlas Flores,"Rivera Indarte 44, Flores",PAW Patrol: La Dino Película,2D Doblada,17:10,13000,10000,10000,https://cartelera.ar/pelicula/paw-patrol-la-dino-pelicula
CABA,Atlas Cines,Atlas Flores,"Rivera Indarte 44, Flores",La Odisea,2D Doblada,16:40,13000,10000,10000,https://cartelera.ar/pelicula/la-odisea
CABA,Atlas Cines,Atlas Flores,"Rivera Indarte 44, Flores",La Odisea,2D Doblada,19:10,13000,10000,10000,https://cartelera.ar/pelicula/la-odisea
CABA,Atlas Cines,Atlas Flores,"Rivera Indarte 44, Flores",El Final de la Calle Oak,2D Doblada,19:50,13000,10000,10000,https://cartelera.ar/pelicula/el-final-de-la-calle-oak
CABA,Atlas Cines,Atlas Flores,"Rivera Indarte 44, Flores",El Final de la Calle Oak,2D Doblada,22:40,13000,10000,10000,https://cartelera.ar/pelicula/el-final-de-la-calle-oak
CABA,Atlas Cines,Atlas Flores,"Rivera Indarte 44, Flores",Insidious: Fuera del más allá,2D Doblada,20:10,13000,10000,10000,https://cartelera.ar/pelicula/insidious-fuera-del-mas-alla
CABA,Atlas Cines,Atlas Flores,"Rivera Indarte 44, Flores",Insidious: Fuera del más allá,2D Doblada,22:20,13000,10000,10000,https://cartelera.ar/pelicula/insidious-fuera-del-mas-alla
CABA,Atlas Cines,Atlas Flores,"Rivera Indarte 44, Flores",Canelones,2D Doblada,22:00,13000,10000,10000,https://cartelera.ar/pelicula/canelones
CABA,Atlas Cines,Atlas Liniers,"Av. Rivadavia 11177, Liniers",Spider-Man: Un nuevo día,3D Doblada,14:30,15400,12400,12400,https://cartelera.ar/pelicula/spider-man-un-nuevo-dia
CABA,Atlas Cines,Atlas Liniers,"Av. Rivadavia 11177, Liniers",Spider-Man: Un nuevo día,3D Doblada,17:30,15400,12400,12400,https://cartelera.ar/pelicula/spider-man-un-nuevo-dia
CABA,Atlas Cines,Atlas Liniers,"Av. Rivadavia 11177, Liniers",Spider-Man: Un nuevo día,2D Doblada,15:50,15000,11600,11600,https://cartelera.ar/pelicula/spider-man-un-nuevo-dia
CABA,Atlas Cines,Atlas Liniers,"Av. Rivadavia 11177, Liniers",Spider-Man: Un nuevo día,2D Doblada,18:50,15000,11600,11600,https://cartelera.ar/pelicula/spider-man-un-nuevo-dia
CABA,Atlas Cines,Atlas Liniers,"Av. Rivadavia 11177, Liniers",Spider-Man: Un nuevo día,2D Doblada,20:40,15000,11600,11600,https://cartelera.ar/pelicula/spider-man-un-nuevo-dia
CABA,Atlas Cines,Atlas Liniers,"Av. Rivadavia 11177, Liniers",Spider-Man: Un nuevo día,2D Doblada,21:50,15000,11600,11600,https://cartelera.ar/pelicula/spider-man-un-nuevo-dia
CABA,Atlas Cines,Atlas Liniers,"Av. Rivadavia 11177, Liniers",PAW Patrol: La Dino Película,2D Doblada,15:00,15000,11600,11600,https://cartelera.ar/pelicula/paw-patrol-la-dino-pelicula
CABA,Atlas Cines,Atlas Liniers,"Av. Rivadavia 11177, Liniers",PAW Patrol: La Dino Película,2D Doblada,17:10,15000,11600,11600,https://cartelera.ar/pelicula/paw-patrol-la-dino-pelicula
CABA,Atlas Cines,Atlas Liniers,"Av. Rivadavia 11177, Liniers",El Final de la Calle Oak,2D Doblada,15:20,15000,11600,11600,https://cartelera.ar/pelicula/el-final-de-la-calle-oak
CABA,Atlas Cines,Atlas Liniers,"Av. Rivadavia 11177, Liniers",El Final de la Calle Oak,2D Doblada,19:10,15000,11600,11600,https://cartelera.ar/pelicula/el-final-de-la-calle-oak
CABA,Atlas Cines,Atlas Liniers,"Av. Rivadavia 11177, Liniers",Insidious: Fuera del más allá,2D Doblada,17:30,15000,11600,11600,https://cartelera.ar/pelicula/insidious-fuera-del-mas-alla
CABA,Atlas Cines,Atlas Liniers,"Av. Rivadavia 11177, Liniers",Insidious: Fuera del más allá,2D Doblada,19:50,15000,11600,11600,https://cartelera.ar/pelicula/insidious-fuera-del-mas-alla
CABA,Atlas Cines,Atlas Liniers,"Av. Rivadavia 11177, Liniers",Insidious: Fuera del más allá,2D Doblada,22:10,15000,11600,11600,https://cartelera.ar/pelicula/insidious-fuera-del-mas-alla
CABA,Atlas Cines,Atlas Liniers,"Av. Rivadavia 11177, Liniers",Yo Narciso,2D Doblada,21:20,15000,11600,11600,https://cartelera.ar/pelicula/yo-narciso
CABA,Atlas Cines,Atlas Patio Bullrich,"Av. del Libertador 750, Patio Bullrich",La Muerte De Robin Hood,2D Subtitulada,16:00,17000,13500,13500,https://cartelera.ar/pelicula/la-muerte-de-robin-hood
CABA,Atlas Cines,Atlas Patio Bullrich,"Av. del Libertador 750, Patio Bullrich",La Muerte De Robin Hood,2D Subtitulada,21:20,17000,13500,13500,https://cartelera.ar/pelicula/la-muerte-de-robin-hood
CABA,Atlas Cines,Atlas Patio Bullrich,"Av. del Libertador 750, Patio Bullrich",La invitación,2D Subtitulada,16:40,17000,13500,13500,https://cartelera.ar/pelicula/la-invitacion
CABA,Atlas Cines,Atlas Patio Bullrich,"Av. del Libertador 750, Patio Bullrich",La invitación,2D Subtitulada,21:40,17000,13500,13500,https://cartelera.ar/pelicula/la-invitacion
CABA,Atlas Cines,Atlas Patio Bullrich,"Av. del Libertador 750, Patio Bullrich",La Odisea,2D Subtitulada,17:20,17000,13500,13500,https://cartelera.ar/pelicula/la-odisea
CABA,Atlas Cines,Atlas Patio Bullrich,"Av. del Libertador 750, Patio Bullrich",La Odisea,2D Subtitulada,20:40,17000,13500,13500,https://cartelera.ar/pelicula/la-odisea
CABA,Atlas Cines,Atlas Patio Bullrich,"Av. del Libertador 750, Patio Bullrich",Yo Narciso,2D Doblada,17:40,17000,13500,13500,https://cartelera.ar/pelicula/yo-narciso
CABA,Atlas Cines,Atlas Patio Bullrich,"Av. del Libertador 750, Patio Bullrich",Yo Narciso,2D Doblada,19:50,17000,13500,13500,https://cartelera.ar/pelicula/yo-narciso
CABA,Atlas Cines,Atlas Patio Bullrich,"Av. del Libertador 750, Patio Bullrich",Yo Narciso,2D Doblada,22:00,17000,13500,13500,https://cartelera.ar/pelicula/yo-narciso
CABA,Atlas Cines,Atlas Patio Bullrich,"Av. del Libertador 750, Patio Bullrich",Los Colores Del Tiempo,2D Subtitulada,18:40,17000,13500,13500,https://cartelera.ar/pelicula/los-colores-del-tiempo
CABA,Atlas Cines,Atlas Patio Bullrich,"Av. del Libertador 750, Patio Bullrich",El Gran Falsificador,2D Subtitulada,19:00,17000,13500,13500,https://cartelera.ar/pelicula/el-gran-falsificador
CABA,Cine Independiente,Cine Gaumont,"Av. Rivadavia 1635, Congreso",Yo Narciso,2D Doblada,14:30,2500,1300,1300,https://cartelera.ar/pelicula/yo-narciso
CABA,Cine Independiente,Cine Gaumont,"Av. Rivadavia 1635, Congreso",Yo Narciso,2D Doblada,17:15,2500,1300,1300,https://cartelera.ar/pelicula/yo-narciso
CABA,Cine Independiente,Cine Gaumont,"Av. Rivadavia 1635, Congreso",Yo Narciso,2D Doblada,22:00,2500,1300,1300,https://cartelera.ar/pelicula/yo-narciso
CABA,Cine Independiente,Cine Gaumont,"Av. Rivadavia 1635, Congreso",Canelones,2D Doblada,14:45,2500,1300,1300,https://cartelera.ar/pelicula/canelones
CABA,Cine Independiente,Cine Gaumont,"Av. Rivadavia 1635, Congreso",Canelones,2D Doblada,19:30,2500,1300,1300,https://cartelera.ar/pelicula/canelones
CABA,Cine Independiente,Cine Gaumont,"Av. Rivadavia 1635, Congreso",Una directora extraordinaria,2D Doblada,15:00,2500,1300,1300,https://cartelera.ar/pelicula/una-directora-extraordinaria
CABA,Cine Independiente,Cine Gaumont,"Av. Rivadavia 1635, Congreso",Los Colores Del Tiempo,2D Subtitulada,16:30,2500,1300,1300,https://cartelera.ar/pelicula/los-colores-del-tiempo
CABA,Cine Independiente,Cine Gaumont,"Av. Rivadavia 1635, Congreso",Amarga Navidad,2D Doblada,17:00,2500,1300,1300,https://cartelera.ar/pelicula/amarga-navidad
CABA,Cine Independiente,Cine Gaumont,"Av. Rivadavia 1635, Congreso",P3nd3jo5,2D Doblada,19:00,2500,1300,1300,https://cartelera.ar/pelicula/p3nd3jo5
CABA,Cine Independiente,Cine Gaumont,"Av. Rivadavia 1635, Congreso",Ahí donde no estás,2D Doblada,19:15,2500,1300,1300,https://cartelera.ar/pelicula/ahi-donde-no-estas
CABA,Cine Independiente,Cine Gaumont,"Av. Rivadavia 1635, Congreso",Guerra de Verano,2D Doblada,21:00,2500,1300,1300,https://cartelera.ar/pelicula/guerra-de-verano
CABA,Cine Independiente,Cine Gaumont,"Av. Rivadavia 1635, Congreso",Un trago de infierno,2D Doblada,21:30,2500,1300,1300,https://cartelera.ar/pelicula/un-trago-de-infierno
CABA,Cine Independiente,Cine Gaumont,"Av. Rivadavia 1635, Congreso",Sin Ley (Lawless),2D Doblada,23:00,2500,1300,1300,https://cartelera.ar/pelicula/sin-ley-lawless
CABA,Cinemark Hoyts,Cinemark Caballito,"Av. La Plata 96, Caballito",Spider-Man: Un nuevo día,2D Subtitulada,12:40,20000,16000,16000,https://cartelera.ar/pelicula/spider-man-un-nuevo-dia
CABA,Cinemark Hoyts,Cinemark Caballito,"Av. La Plata 96, Caballito",Spider-Man: Un nuevo día,2D Subtitulada,15:50,20000,16000,16000,https://cartelera.ar/pelicula/spider-man-un-nuevo-dia
CABA,Cinemark Hoyts,Cinemark Caballito,"Av. La Plata 96, Caballito",Spider-Man: Un nuevo día,2D Subtitulada,16:30,20000,16000,16000,https://cartelera.ar/pelicula/spider-man-un-nuevo-dia
CABA,Cinemark Hoyts,Cinemark Caballito,"Av. La Plata 96, Caballito",Spider-Man: Un nuevo día,2D Subtitulada,19:00,20000,16000,16000,https://cartelera.ar/pelicula/spider-man-un-nuevo-dia
CABA,Cinemark Hoyts,Cinemark Caballito,"Av. La Plata 96, Caballito",Spider-Man: Un nuevo día,2D Subtitulada,22:10,20000,16000,16000,https://cartelera.ar/pelicula/spider-man-un-nuevo-dia
CABA,Cinemark Hoyts,Cinemark Caballito,"Av. La Plata 96, Caballito",Spider-Man: Un nuevo día,2D Subtitulada,22:50,20000,16000,16000,https://cartelera.ar/pelicula/spider-man-un-nuevo-dia
CABA,Cinemark Hoyts,Cinemark Caballito,"Av. La Plata 96, Caballito",Spider-Man: Un nuevo día,3D Doblada,13:20,26200,7300,7300,https://cartelera.ar/pelicula/spider-man-un-nuevo-dia
CABA,Cinemark Hoyts,Cinemark Caballito,"Av. La Plata 96, Caballito",Spider-Man: Un nuevo día,3D Doblada,19:40,26200,7300,7300,https://cartelera.ar/pelicula/spider-man-un-nuevo-dia
CABA,Cinemark Hoyts,Cinemark Caballito,"Av. La Plata 96, Caballito",Insidious: Fuera del más allá,2D Subtitulada,12:50,20000,16000,16000,https://cartelera.ar/pelicula/insidious-fuera-del-mas-alla
CABA,Cinemark Hoyts,Cinemark Caballito,"Av. La Plata 96, Caballito",Insidious: Fuera del más allá,2D Subtitulada,15:20,20000,16000,16000,https://cartelera.ar/pelicula/insidious-fuera-del-mas-alla
CABA,Cinemark Hoyts,Cinemark Caballito,"Av. La Plata 96, Caballito",Insidious: Fuera del más allá,2D Subtitulada,17:50,20000,16000,16000,https://cartelera.ar/pelicula/insidious-fuera-del-mas-alla
CABA,Cinemark Hoyts,Cinemark Caballito,"Av. La Plata 96, Caballito",Insidious: Fuera del más allá,2D Subtitulada,20:20,20000,16000,16000,https://cartelera.ar/pelicula/insidious-fuera-del-mas-alla
CABA,Cinemark Hoyts,Cinemark Caballito,"Av. La Plata 96, Caballito",Insidious: Fuera del más allá,2D Subtitulada,23:00,20000,16000,16000,https://cartelera.ar/pelicula/insidious-fuera-del-mas-alla
CABA,Cinemark Hoyts,Cinemark Caballito,"Av. La Plata 96, Caballito",PAW Patrol: La Dino Película,2D Doblada,13:15,20000,16000,16000,https://cartelera.ar/pelicula/paw-patrol-la-dino-pelicula
CABA,Cinemark Hoyts,Cinemark Caballito,"Av. La Plata 96, Caballito",PAW Patrol: La Dino Película,2D Doblada,15:25,20000,16000,16000,https://cartelera.ar/pelicula/paw-patrol-la-dino-pelicula
CABA,Cinemark Hoyts,Cinemark Caballito,"Av. La Plata 96, Caballito",Yo Narciso,2D Doblada,13:40,20000,16000,16000,https://cartelera.ar/pelicula/yo-narciso
CABA,Cinemark Hoyts,Cinemark Caballito,"Av. La Plata 96, Caballito",Yo Narciso,2D Doblada,16:00,20000,16000,16000,https://cartelera.ar/pelicula/yo-narciso
CABA,Cinemark Hoyts,Cinemark Caballito,"Av. La Plata 96, Caballito",Yo Narciso,2D Doblada,17:40,20000,16000,16000,https://cartelera.ar/pelicula/yo-narciso
CABA,Cinemark Hoyts,Cinemark Caballito,"Av. La Plata 96, Caballito",Yo Narciso,2D Doblada,18:20,20000,16000,16000,https://cartelera.ar/pelicula/yo-narciso
CABA,Cinemark Hoyts,Cinemark Caballito,"Av. La Plata 96, Caballito",Yo Narciso,2D Doblada,20:00,20000,16000,16000,https://cartelera.ar/pelicula/yo-narciso
CABA,Cinemark Hoyts,Cinemark Caballito,"Av. La Plata 96, Caballito",Yo Narciso,2D Doblada,20:40,20000,16000,16000,https://cartelera.ar/pelicula/yo-narciso
CABA,Cinemark Hoyts,Cinemark Caballito,"Av. La Plata 96, Caballito",Yo Narciso,2D Doblada,22:50,20000,16000,16000,https://cartelera.ar/pelicula/yo-narciso
CABA,Cinemark Hoyts,Cinemark Caballito,"Av. La Plata 96, Caballito",La Odisea,2D Subtitulada,14:20,20000,16000,16000,https://cartelera.ar/pelicula/la-odisea
CABA,Cinemark Hoyts,Cinemark Caballito,"Av. La Plata 96, Caballito",La Odisea,2D Subtitulada,18:10,20000,16000,16000,https://cartelera.ar/pelicula/la-odisea
CABA,Cinemark Hoyts,Cinemark Caballito,"Av. La Plata 96, Caballito",La Odisea,2D Subtitulada,21:50,20000,16000,16000,https://cartelera.ar/pelicula/la-odisea
CABA,Cinemark Hoyts,Cinemark Caballito,"Av. La Plata 96, Caballito",La Odisea,2D Subtitulada,22:30,20000,16000,16000,https://cartelera.ar/pelicula/la-odisea
CABA,Cinemark Hoyts,Cinemark Palermo,"Beruti 3399, Palermo",Yo Narciso,2D Doblada,12:00,20000,16000,16000,https://cartelera.ar/pelicula/yo-narciso
CABA,Cinemark Hoyts,Cinemark Palermo,"Beruti 3399, Palermo",Yo Narciso,2D Doblada,13:10,20000,16000,16000,https://cartelera.ar/pelicula/yo-narciso
CABA,Cinemark Hoyts,Cinemark Palermo,"Beruti 3399, Palermo",Yo Narciso,2D Doblada,14:30,20000,16000,16000,https://cartelera.ar/pelicula/yo-narciso
CABA,Cinemark Hoyts,Cinemark Palermo,"Beruti 3399, Palermo",Yo Narciso,2D Doblada,15:30,20000,16000,16000,https://cartelera.ar/pelicula/yo-narciso
CABA,Cinemark Hoyts,Cinemark Palermo,"Beruti 3399, Palermo",Yo Narciso,2D Doblada,17:00,20000,16000,16000,https://cartelera.ar/pelicula/yo-narciso
CABA,Cinemark Hoyts,Cinemark Palermo,"Beruti 3399, Palermo",Yo Narciso,2D Doblada,17:50,20000,16000,16000,https://cartelera.ar/pelicula/yo-narciso
CABA,Cinemark Hoyts,Cinemark Palermo,"Beruti 3399, Palermo",Yo Narciso,2D Doblada,19:30,20000,16000,16000,https://cartelera.ar/pelicula/yo-narciso
CABA,Cinemark Hoyts,Cinemark Palermo,"Beruti 3399, Palermo",Yo Narciso,2D Doblada,20:20,20000,16000,16000,https://cartelera.ar/pelicula/yo-narciso
CABA,Cinemark Hoyts,Cinemark Palermo,"Beruti 3399, Palermo",Yo Narciso,2D Doblada,21:50,20000,16000,16000,https://cartelera.ar/pelicula/yo-narciso
CABA,Cinemark Hoyts,Cinemark Palermo,"Beruti 3399, Palermo",Yo Narciso,2D Doblada,22:40,20000,16000,16000,https://cartelera.ar/pelicula/yo-narciso
CABA,Cinemark Hoyts,Cinemark Palermo,"Beruti 3399, Palermo",Insidious: Fuera del más allá,2D Subtitulada,12:10,20000,16000,16000,https://cartelera.ar/pelicula/insidious-fuera-del-mas-alla
CABA,Cinemark Hoyts,Cinemark Palermo,"Beruti 3399, Palermo",Insidious: Fuera del más allá,2D Subtitulada,14:40,20000,16000,16000,https://cartelera.ar/pelicula/insidious-fuera-del-mas-alla
CABA,Cinemark Hoyts,Cinemark Palermo,"Beruti 3399, Palermo",Insidious: Fuera del más allá,2D Subtitulada,17:10,20000,16000,16000,https://cartelera.ar/pelicula/insidious-fuera-del-mas-alla
CABA,Cinemark Hoyts,Cinemark Palermo,"Beruti 3399, Palermo",Insidious: Fuera del más allá,2D Subtitulada,19:40,20000,16000,16000,https://cartelera.ar/pelicula/insidious-fuera-del-mas-alla
CABA,Cinemark Hoyts,Cinemark Palermo,"Beruti 3399, Palermo",Insidious: Fuera del más allá,2D Subtitulada,22:10,20000,16000,16000,https://cartelera.ar/pelicula/insidious-fuera-del-mas-alla
CABA,Cinemark Hoyts,Cinemark Palermo,"Beruti 3399, Palermo",Insidious: Fuera del más allá,2D Subtitulada,23:10,20000,16000,16000,https://cartelera.ar/pelicula/insidious-fuera-del-mas-alla
CABA,Cinemark Hoyts,Cinemark Palermo,"Beruti 3399, Palermo",Toy Story 5,2D Doblada,12:20,20000,16000,16000,https://cartelera.ar/pelicula/toy-story-5
CABA,Cinemark Hoyts,Cinemark Palermo,"Beruti 3399, Palermo",PAW Patrol: La Dino Película,2D Doblada,12:40,20000,16000,16000,https://cartelera.ar/pelicula/paw-patrol-la-dino-pelicula
CABA,Cinemark Hoyts,Cinemark Palermo,"Beruti 3399, Palermo",PAW Patrol: La Dino Película,2D Doblada,15:00,20000,16000,16000,https://cartelera.ar/pelicula/paw-patrol-la-dino-pelicula
CABA,Cinemark Hoyts,Cinemark Palermo,"Beruti 3399, Palermo",El Final de la Calle Oak,2D Subtitulada,12:50,20000,16000,16000,https://cartelera.ar/pelicula/el-final-de-la-calle-oak
CABA,Cinemark Hoyts,Cinemark Palermo,"Beruti 3399, Palermo",El Final de la Calle Oak,2D Subtitulada,15:20,20000,16000,16000,https://cartelera.ar/pelicula/el-final-de-la-calle-oak
CABA,Cinemark Hoyts,Cinemark Palermo,"Beruti 3399, Palermo",El Final de la Calle Oak,2D Subtitulada,20:10,20000,16000,16000,https://cartelera.ar/pelicula/el-final-de-la-calle-oak
CABA,Cinemark Hoyts,Cinemark Palermo,"Beruti 3399, Palermo",Spider-Man: Un nuevo día,2D Subtitulada,13:00,20000,16000,16000,https://cartelera.ar/pelicula/spider-man-un-nuevo-dia
CABA,Cinemark Hoyts,Cinemark Palermo,"Beruti 3399, Palermo",Spider-Man: Un nuevo día,2D Subtitulada,16:10,20000,16000,16000,https://cartelera.ar/pelicula/spider-man-un-nuevo-dia
CABA,Cinemark Hoyts,Cinemark Palermo,"Beruti 3399, Palermo",Spider-Man: Un nuevo día,2D Subtitulada,19:20,20000,16000,16000,https://cartelera.ar/pelicula/spider-man-un-nuevo-dia
CABA,Cinemark Hoyts,Cinemark Palermo,"Beruti 3399, Palermo",Spider-Man: Un nuevo día,2D Subtitulada,19:50,20000,16000,16000,https://cartelera.ar/pelicula/spider-man-un-nuevo-dia
CABA,Cinemark Hoyts,Cinemark Palermo,"Beruti 3399, Palermo",Spider-Man: Un nuevo día,2D Subtitulada,22:00,20000,16000,16000,https://cartelera.ar/pelicula/spider-man-un-nuevo-dia
CABA,Cinemark Hoyts,Cinemark Palermo,"Beruti 3399, Palermo",Spider-Man: Un nuevo día,2D Subtitulada,22:30,20000,16000,16000,https://cartelera.ar/pelicula/spider-man-un-nuevo-dia
CABA,Cinemark Hoyts,Cinemark Palermo,"Beruti 3399, Palermo",Spider-Man: Un nuevo día,2D Doblada,13:30,20000,16000,16000,https://cartelera.ar/pelicula/spider-man-un-nuevo-dia
CABA,Cinemark Hoyts,Cinemark Palermo,"Beruti 3399, Palermo",Spider-Man: Un nuevo día,2D Doblada,16:40,20000,16000,16000,https://cartelera.ar/pelicula/spider-man-un-nuevo-dia
CABA,Cinemark Hoyts,Cinemark Palermo,"Beruti 3399, Palermo",Spider-Man: Un nuevo día,3D Subtitulada,15:40,26400,7300,7300,https://cartelera.ar/pelicula/spider-man-un-nuevo-dia
CABA,Cinemark Hoyts,Cinemark Palermo,"Beruti 3399, Palermo",Spider-Man: Un nuevo día,3D Subtitulada,18:50,26400,7300,7300,https://cartelera.ar/pelicula/spider-man-un-nuevo-dia
CABA,Cinemark Hoyts,Cinemark Palermo,"Beruti 3399, Palermo",La Odisea,2D Subtitulada,14:00,20000,16000,16000,https://cartelera.ar/pelicula/la-odisea
CABA,Cinemark Hoyts,Cinemark Palermo,"Beruti 3399, Palermo",La Odisea,2D Subtitulada,15:00,20000,16000,16000,https://cartelera.ar/pelicula/la-odisea
CABA,Cinemark Hoyts,Cinemark Palermo,"Beruti 3399, Palermo",La Odisea,2D Subtitulada,17:40,20000,16000,16000,https://cartelera.ar/pelicula/la-odisea
CABA,Cinemark Hoyts,Cinemark Palermo,"Beruti 3399, Palermo",La Odisea,2D Subtitulada,18:40,20000,16000,16000,https://cartelera.ar/pelicula/la-odisea
CABA,Cinemark Hoyts,Cinemark Palermo,"Beruti 3399, Palermo",La Odisea,2D Subtitulada,21:20,20000,16000,16000,https://cartelera.ar/pelicula/la-odisea
CABA,Cinemark Hoyts,Cinemark Palermo,"Beruti 3399, Palermo",La Odisea,2D Subtitulada,22:20,20000,16000,16000,https://cartelera.ar/pelicula/la-odisea
CABA,Cinemark Hoyts,Cinemark Palermo,"Beruti 3399, Palermo",La invitación,2D Subtitulada,17:20,20000,16000,16000,https://cartelera.ar/pelicula/la-invitacion
CABA,Cinemark Hoyts,Cinemark Palermo,"Beruti 3399, Palermo",La invitación,2D Subtitulada,20:30,20000,16000,16000,https://cartelera.ar/pelicula/la-invitacion
CABA,Cinemark Hoyts,Cinemark Palermo,"Beruti 3399, Palermo",La invitación,2D Subtitulada,23:00,20000,16000,16000,https://cartelera.ar/pelicula/la-invitacion
CABA,Cinemark Hoyts,Cinemark Palermo,"Beruti 3399, Palermo",Mi vecino Totoro,2D Subtitulada,18:00,20000,16000,16000,https://cartelera.ar/pelicula/mi-vecino-totoro
CABA,Cinemark Hoyts,Cinemark Palermo,"Beruti 3399, Palermo",La Muerte De Robin Hood,2D Subtitulada,22:50,20000,16000,16000,https://cartelera.ar/pelicula/la-muerte-de-robin-hood
CABA,Cinemark Hoyts,Cinemark Puerto Madero,Av. Alicia Moreau de Justo 1920,Spider-Man: Un nuevo día,2D Doblada,13:00,19800,15800,15800,https://cartelera.ar/pelicula/spider-man-un-nuevo-dia
CABA,Cinemark Hoyts,Cinemark Puerto Madero,Av. Alicia Moreau de Justo 1920,Spider-Man: Un nuevo día,2D Doblada,13:30,19800,15800,15800,https://cartelera.ar/pelicula/spider-man-un-nuevo-dia
CABA,Cinemark Hoyts,Cinemark Puerto Madero,Av. Alicia Moreau de Justo 1920,Spider-Man: Un nuevo día,2D Doblada,16:10,19800,15800,15800,https://cartelera.ar/pelicula/spider-man-un-nuevo-dia
CABA,Cinemark Hoyts,Cinemark Puerto Madero,Av. Alicia Moreau de Justo 1920,Spider-Man: Un nuevo día,2D Doblada,16:40,19800,15800,15800,https://cartelera.ar/pelicula/spider-man-un-nuevo-dia
CABA,Cinemark Hoyts,Cinemark Puerto Madero,Av. Alicia Moreau de Justo 1920,Spider-Man: Un nuevo día,2D Doblada,19:20,19800,15800,15800,https://cartelera.ar/pelicula/spider-man-un-nuevo-dia
CABA,Cinemark Hoyts,Cinemark Puerto Madero,Av. Alicia Moreau de Justo 1920,Spider-Man: Un nuevo día,3D Doblada,14:30,26000,7300,7300,https://cartelera.ar/pelicula/spider-man-un-nuevo-dia
CABA,Cinemark Hoyts,Cinemark Puerto Madero,Av. Alicia Moreau de Justo 1920,Spider-Man: Un nuevo día,3D Doblada,18:20,26000,7300,7300,https://cartelera.ar/pelicula/spider-man-un-nuevo-dia
CABA,Cinemark Hoyts,Cinemark Puerto Madero,Av. Alicia Moreau de Justo 1920,Spider-Man: Un nuevo día,2D Subtitulada,22:30,19800,15800,15800,https://cartelera.ar/pelicula/spider-man-un-nuevo-dia
CABA,Cinemark Hoyts,Cinemark Puerto Madero,Av. Alicia Moreau de Justo 1920,Insidious: Fuera del más allá,2D Doblada,13:00,19800,15800,15800,https://cartelera.ar/pelicula/insidious-fuera-del-mas-alla
CABA,Cinemark Hoyts,Cinemark Puerto Madero,Av. Alicia Moreau de Justo 1920,Insidious: Fuera del más allá,2D Doblada,15:30,19800,15800,15800,https://cartelera.ar/pelicula/insidious-fuera-del-mas-alla
CABA,Cinemark Hoyts,Cinemark Puerto Madero,Av. Alicia Moreau de Justo 1920,Insidious: Fuera del más allá,2D Doblada,18:00,19800,15800,15800,https://cartelera.ar/pelicula/insidious-fuera-del-mas-alla
CABA,Cinemark Hoyts,Cinemark Puerto Madero,Av. Alicia Moreau de Justo 1920,Insidious: Fuera del más allá,2D Doblada,20:20,19800,15800,15800,https://cartelera.ar/pelicula/insidious-fuera-del-mas-alla
CABA,Cinemark Hoyts,Cinemark Puerto Madero,Av. Alicia Moreau de Justo 1920,Insidious: Fuera del más allá,2D Doblada,22:10,19800,15800,15800,https://cartelera.ar/pelicula/insidious-fuera-del-mas-alla
CABA,Cinemark Hoyts,Cinemark Puerto Madero,Av. Alicia Moreau de Justo 1920,Insidious: Fuera del más allá,2D Doblada,22:50,19800,15800,15800,https://cartelera.ar/pelicula/insidious-fuera-del-mas-alla
CABA,Cinemark Hoyts,Cinemark Puerto Madero,Av. Alicia Moreau de Justo 1920,Yo Narciso,2D Doblada,13:00,19800,15800,15800,https://cartelera.ar/pelicula/yo-narciso
CABA,Cinemark Hoyts,Cinemark Puerto Madero,Av. Alicia Moreau de Justo 1920,Yo Narciso,2D Doblada,14:00,19800,15800,15800,https://cartelera.ar/pelicula/yo-narciso
CABA,Cinemark Hoyts,Cinemark Puerto Madero,Av. Alicia Moreau de Justo 1920,Yo Narciso,2D Doblada,15:15,19800,15800,15800,https://cartelera.ar/pelicula/yo-narciso
CABA,Cinemark Hoyts,Cinemark Puerto Madero,Av. Alicia Moreau de Justo 1920,Yo Narciso,2D Doblada,17:30,19800,15800,15800,https://cartelera.ar/pelicula/yo-narciso
CABA,Cinemark Hoyts,Cinemark Puerto Madero,Av. Alicia Moreau de Justo 1920,Yo Narciso,2D Doblada,19:45,19800,15800,15800,https://cartelera.ar/pelicula/yo-narciso
CABA,Cinemark Hoyts,Cinemark Puerto Madero,Av. Alicia Moreau de Justo 1920,Yo Narciso,2D Doblada,20:15,19800,15800,15800,https://cartelera.ar/pelicula/yo-narciso
CABA,Cinemark Hoyts,Cinemark Puerto Madero,Av. Alicia Moreau de Justo 1920,Yo Narciso,2D Doblada,22:00,19800,15800,15800,https://cartelera.ar/pelicula/yo-narciso
CABA,Cinemark Hoyts,Cinemark Puerto Madero,Av. Alicia Moreau de Justo 1920,Yo Narciso,2D Doblada,22:40,19800,15800,15800,https://cartelera.ar/pelicula/yo-narciso
CABA,Cinemark Hoyts,Cinemark Puerto Madero,Av. Alicia Moreau de Justo 1920,PAW Patrol: La Dino Película,2D Doblada,13:30,19800,15800,15800,https://cartelera.ar/pelicula/paw-patrol-la-dino-pelicula
CABA,Cinemark Hoyts,Cinemark Puerto Madero,Av. Alicia Moreau de Justo 1920,PAW Patrol: La Dino Película,2D Doblada,15:45,19800,15800,15800,https://cartelera.ar/pelicula/paw-patrol-la-dino-pelicula
CABA,Cinemark Hoyts,Cinemark Puerto Madero,Av. Alicia Moreau de Justo 1920,La Odisea,2D Subtitulada,14:10,19800,15800,15800,https://cartelera.ar/pelicula/la-odisea
CABA,Cinemark Hoyts,Cinemark Puerto Madero,Av. Alicia Moreau de Justo 1920,La Odisea,2D Subtitulada,18:10,19800,15800,15800,https://cartelera.ar/pelicula/la-odisea
CABA,Cinemark Hoyts,Cinemark Puerto Madero,Av. Alicia Moreau de Justo 1920,La Odisea,2D Subtitulada,19:00,19800,15800,15800,https://cartelera.ar/pelicula/la-odisea
CABA,Cinemark Hoyts,Cinemark Puerto Madero,Av. Alicia Moreau de Justo 1920,La Odisea,2D Subtitulada,21:50,19800,15800,15800,https://cartelera.ar/pelicula/la-odisea
CABA,Cinemark Hoyts,Cinemark Puerto Madero,Av. Alicia Moreau de Justo 1920,La Odisea,2D Doblada,22:30,19800,15800,15800,https://cartelera.ar/pelicula/la-odisea
CABA,Cinemark Hoyts,Cinemark Puerto Madero,Av. Alicia Moreau de Justo 1920,El Final de la Calle Oak,2D Doblada,16:20,19800,15800,15800,https://cartelera.ar/pelicula/el-final-de-la-calle-oak
CABA,Cinemark Hoyts,Cinemark Puerto Madero,Av. Alicia Moreau de Justo 1920,Mi vecino Totoro,2D Doblada,18:00,19800,15800,15800,https://cartelera.ar/pelicula/mi-vecino-totoro
CABA,Cinépolis,Cinépolis Houssay,"Av. Corrientes 917, Buenos Aires",Spider-Man: Un nuevo día,2D Doblada,13:00,10000,11000,11000,https://cartelera.ar/pelicula/spider-man-un-nuevo-dia
CABA,Cinépolis,Cinépolis Houssay,"Av. Corrientes 917, Buenos Aires",Spider-Man: Un nuevo día,2D Doblada,16:00,10000,11000,11000,https://cartelera.ar/pelicula/spider-man-un-nuevo-dia
CABA,Cinépolis,Cinépolis Houssay,"Av. Corrientes 917, Buenos Aires",Spider-Man: Un nuevo día,3D Doblada,16:30,11500,11000,11000,https://cartelera.ar/pelicula/spider-man-un-nuevo-dia
CABA,Cinépolis,Cinépolis Houssay,"Av. Corrientes 917, Buenos Aires",Spider-Man: Un nuevo día,3D Doblada,19:30,11500,11000,11000,https://cartelera.ar/pelicula/spider-man-un-nuevo-dia
CABA,Cinépolis,Cinépolis Houssay,"Av. Corrientes 917, Buenos Aires",Spider-Man: Un nuevo día,3D Doblada,22:00,11500,11000,11000,https://cartelera.ar/pelicula/spider-man-un-nuevo-dia
CABA,Cinépolis,Cinépolis Houssay,"Av. Corrientes 917, Buenos Aires",Spider-Man: Un nuevo día,2D Subtitulada,19:00,10000,11000,11000,https://cartelera.ar/pelicula/spider-man-un-nuevo-dia
CABA,Cinépolis,Cinépolis Houssay,"Av. Corrientes 917, Buenos Aires",PAW Patrol: La Dino Película,2D Doblada,13:15,10000,11000,11000,https://cartelera.ar/pelicula/paw-patrol-la-dino-pelicula
CABA,Cinépolis,Cinépolis Houssay,"Av. Corrientes 917, Buenos Aires",PAW Patrol: La Dino Película,2D Doblada,14:00,10000,11000,11000,https://cartelera.ar/pelicula/paw-patrol-la-dino-pelicula
CABA,Cinépolis,Cinépolis Houssay,"Av. Corrientes 917, Buenos Aires",Toy Story 5,2D Doblada,14:15,10000,11000,11000,https://cartelera.ar/pelicula/toy-story-5
CABA,Cinépolis,Cinépolis Houssay,"Av. Corrientes 917, Buenos Aires",La noche del demonio: Están entre nosotros,2D Doblada,15:45,10000,11000,11000,https://cartelera.ar/pelicula/la-noche-del-demonio-estan-entre-nosotros
CABA,Cinépolis,Cinépolis Houssay,"Av. Corrientes 917, Buenos Aires",La noche del demonio: Están entre nosotros,2D Doblada,23:00,10000,11000,11000,https://cartelera.ar/pelicula/la-noche-del-demonio-estan-entre-nosotros
CABA,Cinépolis,Cinépolis Houssay,"Av. Corrientes 917, Buenos Aires",Yo Narciso,2D Doblada,16:15,10000,11000,11000,https://cartelera.ar/pelicula/yo-narciso
CABA,Cinépolis,Cinépolis Houssay,"Av. Corrientes 917, Buenos Aires",Yo Narciso,2D Doblada,18:30,10000,11000,11000,https://cartelera.ar/pelicula/yo-narciso
CABA,Cinépolis,Cinépolis Houssay,"Av. Corrientes 917, Buenos Aires",Yo Narciso,2D Doblada,20:45,10000,11000,11000,https://cartelera.ar/pelicula/yo-narciso
CABA,Cinépolis,Cinépolis Houssay,"Av. Corrientes 917, Buenos Aires",Yo Narciso,2D Doblada,22:30,10000,11000,11000,https://cartelera.ar/pelicula/yo-narciso
CABA,Cinépolis,Cinépolis Houssay,"Av. Corrientes 917, Buenos Aires",La Odisea,2D Subtitulada,18:15,10000,11000,11000,https://cartelera.ar/pelicula/la-odisea
CABA,Cinépolis,Cinépolis Houssay,"Av. Corrientes 917, Buenos Aires",La Odisea,2D Subtitulada,21:45,10000,11000,11000,https://cartelera.ar/pelicula/la-odisea
CABA,Cinépolis,Cinépolis Recoleta,"Vicente López 2050, Recoleta",La Odisea,2D Subtitulada,11:45,19000,15000,15000,https://cartelera.ar/pelicula/la-odisea
CABA,Cinépolis,Cinépolis Recoleta,"Vicente López 2050, Recoleta",La Odisea,2D Subtitulada,14:20,19000,15000,15000,https://cartelera.ar/pelicula/la-odisea
CABA,Cinépolis,Cinépolis Recoleta,"Vicente López 2050, Recoleta",La Odisea,2D Subtitulada,15:20,19000,15000,15000,https://cartelera.ar/pelicula/la-odisea
CABA,Cinépolis,Cinépolis Recoleta,"Vicente López 2050, Recoleta",La Odisea,2D Subtitulada,18:00,19000,15000,15000,https://cartelera.ar/pelicula/la-odisea
CABA,Cinépolis,Cinépolis Recoleta,"Vicente López 2050, Recoleta",La Odisea,2D Subtitulada,19:00,19000,15000,15000,https://cartelera.ar/pelicula/la-odisea
CABA,Cinépolis,Cinépolis Recoleta,"Vicente López 2050, Recoleta",La Odisea,2D Subtitulada,21:45,19000,15000,15000,https://cartelera.ar/pelicula/la-odisea
CABA,Cinépolis,Cinépolis Recoleta,"Vicente López 2050, Recoleta",La Odisea,2D Subtitulada,22:45,19000,15000,15000,https://cartelera.ar/pelicula/la-odisea
CABA,Cinépolis,Cinépolis Recoleta,"Vicente López 2050, Recoleta",Yo Narciso,2D Doblada,11:50,19000,15000,15000,https://cartelera.ar/pelicula/yo-narciso
CABA,Cinépolis,Cinépolis Recoleta,"Vicente López 2050, Recoleta",Yo Narciso,2D Doblada,13:30,19000,15000,15000,https://cartelera.ar/pelicula/yo-narciso
CABA,Cinépolis,Cinépolis Recoleta,"Vicente López 2050, Recoleta",Yo Narciso,2D Doblada,14:10,19000,15000,15000,https://cartelera.ar/pelicula/yo-narciso
CABA,Cinépolis,Cinépolis Recoleta,"Vicente López 2050, Recoleta",Yo Narciso,2D Doblada,15:50,19000,15000,15000,https://cartelera.ar/pelicula/yo-narciso
CABA,Cinépolis,Cinépolis Recoleta,"Vicente López 2050, Recoleta",Yo Narciso,2D Doblada,16:30,19000,15000,15000,https://cartelera.ar/pelicula/yo-narciso
CABA,Cinépolis,Cinépolis Recoleta,"Vicente López 2050, Recoleta",Yo Narciso,2D Doblada,18:10,19000,15000,15000,https://cartelera.ar/pelicula/yo-narciso
CABA,Cinépolis,Cinépolis Recoleta,"Vicente López 2050, Recoleta",Yo Narciso,2D Doblada,18:45,19000,15000,15000,https://cartelera.ar/pelicula/yo-narciso
CABA,Cinépolis,Cinépolis Recoleta,"Vicente López 2050, Recoleta",Yo Narciso,2D Doblada,20:30,19000,15000,15000,https://cartelera.ar/pelicula/yo-narciso
CABA,Cinépolis,Cinépolis Recoleta,"Vicente López 2050, Recoleta",Yo Narciso,2D Doblada,21:50,19000,15000,15000,https://cartelera.ar/pelicula/yo-narciso
CABA,Cinépolis,Cinépolis Recoleta,"Vicente López 2050, Recoleta",Yo Narciso,2D Doblada,22:50,19000,15000,15000,https://cartelera.ar/pelicula/yo-narciso
CABA,Cinépolis,Cinépolis Recoleta,"Vicente López 2050, Recoleta",Spider-Man: Un nuevo día,2D Doblada,12:00,19000,15000,15000,https://cartelera.ar/pelicula/spider-man-un-nuevo-dia
CABA,Cinépolis,Cinépolis Recoleta,"Vicente López 2050, Recoleta",Spider-Man: Un nuevo día,2D Subtitulada,12:50,19000,15000,15000,https://cartelera.ar/pelicula/spider-man-un-nuevo-dia
CABA,Cinépolis,Cinépolis Recoleta,"Vicente López 2050, Recoleta",Spider-Man: Un nuevo día,2D Subtitulada,15:15,19000,15000,15000,https://cartelera.ar/pelicula/spider-man-un-nuevo-dia
CABA,Cinépolis,Cinépolis Recoleta,"Vicente López 2050, Recoleta",Spider-Man: Un nuevo día,2D Subtitulada,16:00,19000,15000,15000,https://cartelera.ar/pelicula/spider-man-un-nuevo-dia
CABA,Cinépolis,Cinépolis Recoleta,"Vicente López 2050, Recoleta",Spider-Man: Un nuevo día,2D Subtitulada,18:30,19000,15000,15000,https://cartelera.ar/pelicula/spider-man-un-nuevo-dia
CABA,Cinépolis,Cinépolis Recoleta,"Vicente López 2050, Recoleta",Spider-Man: Un nuevo día,2D Subtitulada,19:20,19000,15000,15000,https://cartelera.ar/pelicula/spider-man-un-nuevo-dia
CABA,Cinépolis,Cinépolis Recoleta,"Vicente López 2050, Recoleta",Spider-Man: Un nuevo día,2D Subtitulada,20:00,19000,15000,15000,https://cartelera.ar/pelicula/spider-man-un-nuevo-dia
CABA,Cinépolis,Cinépolis Recoleta,"Vicente López 2050, Recoleta",Spider-Man: Un nuevo día,2D Subtitulada,22:30,19000,15000,15000,https://cartelera.ar/pelicula/spider-man-un-nuevo-dia
CABA,Cinépolis,Cinépolis Recoleta,"Vicente López 2050, Recoleta",Spider-Man: Un nuevo día,3D Subtitulada,13:40,24000,15000,15000,https://cartelera.ar/pelicula/spider-man-un-nuevo-dia
CABA,Cinépolis,Cinépolis Recoleta,"Vicente López 2050, Recoleta",Spider-Man: Un nuevo día,3D Subtitulada,16:50,24000,15000,15000,https://cartelera.ar/pelicula/spider-man-un-nuevo-dia
CABA,Cinépolis,Cinépolis Recoleta,"Vicente López 2050, Recoleta",Spider-Man: Un nuevo día,3D Subtitulada,20:00,24000,15000,15000,https://cartelera.ar/pelicula/spider-man-un-nuevo-dia
CABA,Cinépolis,Cinépolis Recoleta,"Vicente López 2050, Recoleta",Spider-Man: Un nuevo día,3D Subtitulada,23:10,24000,15000,15000,https://cartelera.ar/pelicula/spider-man-un-nuevo-dia
CABA,Cinépolis,Cinépolis Recoleta,"Vicente López 2050, Recoleta",PAW Patrol: La Dino Película,2D Doblada,12:10,19000,15000,15000,https://cartelera.ar/pelicula/paw-patrol-la-dino-pelicula
CABA,Cinépolis,Cinépolis Recoleta,"Vicente López 2050, Recoleta",PAW Patrol: La Dino Película,2D Doblada,15:45,19000,15000,15000,https://cartelera.ar/pelicula/paw-patrol-la-dino-pelicula
CABA,Cinépolis,Cinépolis Recoleta,"Vicente López 2050, Recoleta",Mi vecino Totoro,2D Subtitulada,13:30,19000,15000,15000,https://cartelera.ar/pelicula/mi-vecino-totoro
CABA,Cinépolis,Cinépolis Recoleta,"Vicente López 2050, Recoleta",Los Colores Del Tiempo,2D Subtitulada,14:00,19000,15000,15000,https://cartelera.ar/pelicula/los-colores-del-tiempo
CABA,Cinépolis,Cinépolis Recoleta,"Vicente López 2050, Recoleta",El Gran Falsificador,2D Subtitulada,14:15,19000,15000,15000,https://cartelera.ar/pelicula/el-gran-falsificador
CABA,Cinépolis,Cinépolis Recoleta,"Vicente López 2050, Recoleta",El Gran Falsificador,2D Subtitulada,19:20,19000,15000,15000,https://cartelera.ar/pelicula/el-gran-falsificador
CABA,Cinépolis,Cinépolis Recoleta,"Vicente López 2050, Recoleta","Adolescencia, sexo y muerte en campamento Miasma",2D Subtitulada,16:45,19000,15000,15000,https://cartelera.ar/pelicula/adolescencia-sexo-y-muerte-en-campamento-miasma
CABA,Cinépolis,Cinépolis Recoleta,"Vicente López 2050, Recoleta",La Muerte De Robin Hood,2D Subtitulada,17:00,19000,15000,15000,https://cartelera.ar/pelicula/la-muerte-de-robin-hood
CABA,Cinépolis,Cinépolis Recoleta,"Vicente López 2050, Recoleta",La Muerte De Robin Hood,2D Subtitulada,22:15,19000,15000,15000,https://cartelera.ar/pelicula/la-muerte-de-robin-hood
CABA,Cinépolis,Cinépolis Recoleta,"Vicente López 2050, Recoleta",La noche del demonio: Están entre nosotros,2D Subtitulada,18:00,19000,15000,15000,https://cartelera.ar/pelicula/la-noche-del-demonio-estan-entre-nosotros
CABA,Cinépolis,Cinépolis Recoleta,"Vicente López 2050, Recoleta",La noche del demonio: Están entre nosotros,2D Subtitulada,20:30,19000,15000,15000,https://cartelera.ar/pelicula/la-noche-del-demonio-estan-entre-nosotros
CABA,Cinépolis,Cinépolis Recoleta,"Vicente López 2050, Recoleta",La noche del demonio: Están entre nosotros,2D Subtitulada,23:30,19000,15000,15000,https://cartelera.ar/pelicula/la-noche-del-demonio-estan-entre-nosotros
CABA,Cinépolis,Cinépolis Recoleta,"Vicente López 2050, Recoleta",La invitación,2D Subtitulada,21:00,19000,15000,15000,https://cartelera.ar/pelicula/la-invitacion
CABA,Cinépolis,Cinépolis Recoleta,"Vicente López 2050, Recoleta",La invitación,2D Subtitulada,23:00,19000,15000,15000,https://cartelera.ar/pelicula/la-invitacion
CABA,Cinépolis,Cinépolis Recoleta,"Vicente López 2050, Recoleta",El Final de la Calle Oak,2D Subtitulada,23:10,19000,15000,15000,https://cartelera.ar/pelicula/el-final-de-la-calle-oak
CABA,Cinemark Hoyts,Hoyts Abasto,"Av. Corrientes 3247, Abasto Shopping",Spider-Man: Un nuevo día,2D Doblada,12:30,18800,15000,15000,https://cartelera.ar/pelicula/spider-man-un-nuevo-dia
CABA,Cinemark Hoyts,Hoyts Abasto,"Av. Corrientes 3247, Abasto Shopping",Spider-Man: Un nuevo día,2D Doblada,13:00,18800,15000,15000,https://cartelera.ar/pelicula/spider-man-un-nuevo-dia
CABA,Cinemark Hoyts,Hoyts Abasto,"Av. Corrientes 3247, Abasto Shopping",Spider-Man: Un nuevo día,2D Doblada,13:30,18800,15000,15000,https://cartelera.ar/pelicula/spider-man-un-nuevo-dia
CABA,Cinemark Hoyts,Hoyts Abasto,"Av. Corrientes 3247, Abasto Shopping",Spider-Man: Un nuevo día,2D Doblada,15:40,18800,15000,15000,https://cartelera.ar/pelicula/spider-man-un-nuevo-dia
CABA,Cinemark Hoyts,Hoyts Abasto,"Av. Corrientes 3247, Abasto Shopping",Spider-Man: Un nuevo día,2D Doblada,16:10,18800,15000,15000,https://cartelera.ar/pelicula/spider-man-un-nuevo-dia
CABA,Cinemark Hoyts,Hoyts Abasto,"Av. Corrientes 3247, Abasto Shopping",Spider-Man: Un nuevo día,2D Doblada,16:40,18800,15000,15000,https://cartelera.ar/pelicula/spider-man-un-nuevo-dia
CABA,Cinemark Hoyts,Hoyts Abasto,"Av. Corrientes 3247, Abasto Shopping",Spider-Man: Un nuevo día,2D Doblada,18:50,18800,15000,15000,https://cartelera.ar/pelicula/spider-man-un-nuevo-dia
CABA,Cinemark Hoyts,Hoyts Abasto,"Av. Corrientes 3247, Abasto Shopping",Spider-Man: Un nuevo día,2D Doblada,19:20,18800,15000,15000,https://cartelera.ar/pelicula/spider-man-un-nuevo-dia
CABA,Cinemark Hoyts,Hoyts Abasto,"Av. Corrientes 3247, Abasto Shopping",Spider-Man: Un nuevo día,2D Doblada,22:00,18800,15000,15000,https://cartelera.ar/pelicula/spider-man-un-nuevo-dia
CABA,Cinemark Hoyts,Hoyts Abasto,"Av. Corrientes 3247, Abasto Shopping",Spider-Man: Un nuevo día,2D Doblada,22:30,18800,15000,15000,https://cartelera.ar/pelicula/spider-man-un-nuevo-dia
CABA,Cinemark Hoyts,Hoyts Abasto,"Av. Corrientes 3247, Abasto Shopping",Spider-Man: Un nuevo día,3D Doblada,14:30,24600,7300,7300,https://cartelera.ar/pelicula/spider-man-un-nuevo-dia
CABA,Cinemark Hoyts,Hoyts Abasto,"Av. Corrientes 3247, Abasto Shopping",Spider-Man: Un nuevo día,3D Doblada,17:40,24600,7300,7300,https://cartelera.ar/pelicula/spider-man-un-nuevo-dia
CABA,Cinemark Hoyts,Hoyts Abasto,"Av. Corrientes 3247, Abasto Shopping",Spider-Man: Un nuevo día,3D Doblada,21:00,24600,7300,7300,https://cartelera.ar/pelicula/spider-man-un-nuevo-dia
CABA,Cinemark Hoyts,Hoyts Abasto,"Av. Corrientes 3247, Abasto Shopping",Spider-Man: Un nuevo día,2D Subtitulada,19:50,18800,15000,15000,https://cartelera.ar/pelicula/spider-man-un-nuevo-dia
CABA,Cinemark Hoyts,Hoyts Abasto,"Av. Corrientes 3247, Abasto Shopping",Spider-Man: Un nuevo día,2D Subtitulada,23:00,18800,15000,15000,https://cartelera.ar/pelicula/spider-man-un-nuevo-dia
CABA,Cinemark Hoyts,Hoyts Abasto,"Av. Corrientes 3247, Abasto Shopping",Yo Narciso,2D Doblada,12:40,18800,15000,15000,https://cartelera.ar/pelicula/yo-narciso
CABA,Cinemark Hoyts,Hoyts Abasto,"Av. Corrientes 3247, Abasto Shopping",Yo Narciso,2D Doblada,13:30,18800,15000,15000,https://cartelera.ar/pelicula/yo-narciso
CABA,Cinemark Hoyts,Hoyts Abasto,"Av. Corrientes 3247, Abasto Shopping",Yo Narciso,2D Doblada,15:00,18800,15000,15000,https://cartelera.ar/pelicula/yo-narciso
CABA,Cinemark Hoyts,Hoyts Abasto,"Av. Corrientes 3247, Abasto Shopping",Yo Narciso,2D Doblada,15:50,18800,15000,15000,https://cartelera.ar/pelicula/yo-narciso
CABA,Cinemark Hoyts,Hoyts Abasto,"Av. Corrientes 3247, Abasto Shopping",Yo Narciso,2D Doblada,17:20,18800,15000,15000,https://cartelera.ar/pelicula/yo-narciso
CABA,Cinemark Hoyts,Hoyts Abasto,"Av. Corrientes 3247, Abasto Shopping",Yo Narciso,2D Doblada,18:10,18800,15000,15000,https://cartelera.ar/pelicula/yo-narciso
CABA,Cinemark Hoyts,Hoyts Abasto,"Av. Corrientes 3247, Abasto Shopping",Yo Narciso,2D Doblada,19:40,18800,15000,15000,https://cartelera.ar/pelicula/yo-narciso
CABA,Cinemark Hoyts,Hoyts Abasto,"Av. Corrientes 3247, Abasto Shopping",Yo Narciso,2D Doblada,20:30,18800,15000,15000,https://cartelera.ar/pelicula/yo-narciso
CABA,Cinemark Hoyts,Hoyts Abasto,"Av. Corrientes 3247, Abasto Shopping",Yo Narciso,2D Doblada,22:10,18800,15000,15000,https://cartelera.ar/pelicula/yo-narciso
CABA,Cinemark Hoyts,Hoyts Abasto,"Av. Corrientes 3247, Abasto Shopping",Yo Narciso,2D Doblada,22:50,18800,15000,15000,https://cartelera.ar/pelicula/yo-narciso
CABA,Cinemark Hoyts,Hoyts Abasto,"Av. Corrientes 3247, Abasto Shopping",Insidious: Fuera del más allá,2D Doblada,12:50,18800,15000,15000,https://cartelera.ar/pelicula/insidious-fuera-del-mas-alla
CABA,Cinemark Hoyts,Hoyts Abasto,"Av. Corrientes 3247, Abasto Shopping",Insidious: Fuera del más allá,2D Doblada,15:30,18800,15000,15000,https://cartelera.ar/pelicula/insidious-fuera-del-mas-alla
CABA,Cinemark Hoyts,Hoyts Abasto,"Av. Corrientes 3247, Abasto Shopping",Insidious: Fuera del más allá,2D Doblada,18:10,18800,15000,15000,https://cartelera.ar/pelicula/insidious-fuera-del-mas-alla
CABA,Cinemark Hoyts,Hoyts Abasto,"Av. Corrientes 3247, Abasto Shopping",Insidious: Fuera del más allá,2D Doblada,20:10,18800,15000,15000,https://cartelera.ar/pelicula/insidious-fuera-del-mas-alla
CABA,Cinemark Hoyts,Hoyts Abasto,"Av. Corrientes 3247, Abasto Shopping",Insidious: Fuera del más allá,2D Doblada,20:40,18800,15000,15000,https://cartelera.ar/pelicula/insidious-fuera-del-mas-alla
CABA,Cinemark Hoyts,Hoyts Abasto,"Av. Corrientes 3247, Abasto Shopping",Insidious: Fuera del más allá,2D Doblada,22:40,18800,15000,15000,https://cartelera.ar/pelicula/insidious-fuera-del-mas-alla
CABA,Cinemark Hoyts,Hoyts Abasto,"Av. Corrientes 3247, Abasto Shopping",Insidious: Fuera del más allá,2D Doblada,23:10,18800,15000,15000,https://cartelera.ar/pelicula/insidious-fuera-del-mas-alla
CABA,Cinemark Hoyts,Hoyts Abasto,"Av. Corrientes 3247, Abasto Shopping",Toy Story 5,2D Doblada,13:30,18800,15000,15000,https://cartelera.ar/pelicula/toy-story-5
CABA,Cinemark Hoyts,Hoyts Abasto,"Av. Corrientes 3247, Abasto Shopping",Toy Story 5,2D Doblada,16:00,18800,15000,15000,https://cartelera.ar/pelicula/toy-story-5
CABA,Cinemark Hoyts,Hoyts Abasto,"Av. Corrientes 3247, Abasto Shopping",PAW Patrol: La Dino Película,2D Doblada,13:40,18800,15000,15000,https://cartelera.ar/pelicula/paw-patrol-la-dino-pelicula
CABA,Cinemark Hoyts,Hoyts Abasto,"Av. Corrientes 3247, Abasto Shopping",PAW Patrol: La Dino Película,2D Doblada,15:50,18800,15000,15000,https://cartelera.ar/pelicula/paw-patrol-la-dino-pelicula
CABA,Cinemark Hoyts,Hoyts Abasto,"Av. Corrientes 3247, Abasto Shopping",PAW Patrol: La Dino Película,2D Doblada,18:30,18800,15000,15000,https://cartelera.ar/pelicula/paw-patrol-la-dino-pelicula
CABA,Cinemark Hoyts,Hoyts Abasto,"Av. Corrientes 3247, Abasto Shopping",La Odisea,2D Subtitulada,13:50,18800,15000,15000,https://cartelera.ar/pelicula/la-odisea
CABA,Cinemark Hoyts,Hoyts Abasto,"Av. Corrientes 3247, Abasto Shopping",La Odisea,2D Subtitulada,14:50,18800,15000,15000,https://cartelera.ar/pelicula/la-odisea
CABA,Cinemark Hoyts,Hoyts Abasto,"Av. Corrientes 3247, Abasto Shopping",La Odisea,2D Subtitulada,17:30,18800,15000,15000,https://cartelera.ar/pelicula/la-odisea
CABA,Cinemark Hoyts,Hoyts Abasto,"Av. Corrientes 3247, Abasto Shopping",La Odisea,2D Subtitulada,18:20,18800,15000,15000,https://cartelera.ar/pelicula/la-odisea
CABA,Cinemark Hoyts,Hoyts Abasto,"Av. Corrientes 3247, Abasto Shopping",La Odisea,2D Subtitulada,21:10,18800,15000,15000,https://cartelera.ar/pelicula/la-odisea
CABA,Cinemark Hoyts,Hoyts Abasto,"Av. Corrientes 3247, Abasto Shopping",La Odisea,2D Subtitulada,22:00,18800,15000,15000,https://cartelera.ar/pelicula/la-odisea
CABA,Cinemark Hoyts,Hoyts Abasto,"Av. Corrientes 3247, Abasto Shopping",El Final de la Calle Oak,2D Doblada,14:00,18800,15000,15000,https://cartelera.ar/pelicula/el-final-de-la-calle-oak
CABA,Cinemark Hoyts,Hoyts Abasto,"Av. Corrientes 3247, Abasto Shopping",El Final de la Calle Oak,2D Doblada,16:30,18800,15000,15000,https://cartelera.ar/pelicula/el-final-de-la-calle-oak
CABA,Cinemark Hoyts,Hoyts Abasto,"Av. Corrientes 3247, Abasto Shopping",El Final de la Calle Oak,2D Doblada,20:40,18800,15000,15000,https://cartelera.ar/pelicula/el-final-de-la-calle-oak
CABA,Cinemark Hoyts,Hoyts Abasto,"Av. Corrientes 3247, Abasto Shopping",El Final de la Calle Oak,2D Doblada,23:00,18800,15000,15000,https://cartelera.ar/pelicula/el-final-de-la-calle-oak
CABA,Cinemark Hoyts,Hoyts Abasto,"Av. Corrientes 3247, Abasto Shopping",Mi vecino Totoro,2D Doblada,18:00,18800,15000,15000,https://cartelera.ar/pelicula/mi-vecino-totoro
CABA,Cinemark Hoyts,Hoyts Abasto,"Av. Corrientes 3247, Abasto Shopping",La invitación,2D Subtitulada,19:30,18800,15000,15000,https://cartelera.ar/pelicula/la-invitacion
CABA,Cinemark Hoyts,Hoyts Abasto,"Av. Corrientes 3247, Abasto Shopping",La Muerte De Robin Hood,2D Subtitulada,22:10,18800,15000,15000,https://cartelera.ar/pelicula/la-muerte-de-robin-hood
CABA,Cinemark Hoyts,Hoyts Dot Baires,"Vedia 3626, Dot Baires Mall, Saavedra",Yo Narciso,2D Doblada,11:40,18000,14400,14400,https://cartelera.ar/pelicula/yo-narciso
CABA,Cinemark Hoyts,Hoyts Dot Baires,"Vedia 3626, Dot Baires Mall, Saavedra",Yo Narciso,2D Doblada,12:00,18000,14400,14400,https://cartelera.ar/pelicula/yo-narciso
CABA,Cinemark Hoyts,Hoyts Dot Baires,"Vedia 3626, Dot Baires Mall, Saavedra",Yo Narciso,2D Doblada,14:10,18000,14400,14400,https://cartelera.ar/pelicula/yo-narciso
CABA,Cinemark Hoyts,Hoyts Dot Baires,"Vedia 3626, Dot Baires Mall, Saavedra",Yo Narciso,2D Doblada,14:20,18000,14400,14400,https://cartelera.ar/pelicula/yo-narciso
CABA,Cinemark Hoyts,Hoyts Dot Baires,"Vedia 3626, Dot Baires Mall, Saavedra",Yo Narciso,2D Doblada,17:00,18000,14400,14400,https://cartelera.ar/pelicula/yo-narciso
CABA,Cinemark Hoyts,Hoyts Dot Baires,"Vedia 3626, Dot Baires Mall, Saavedra",Yo Narciso,2D Doblada,19:10,18000,14400,14400,https://cartelera.ar/pelicula/yo-narciso
CABA,Cinemark Hoyts,Hoyts Dot Baires,"Vedia 3626, Dot Baires Mall, Saavedra",Yo Narciso,2D Doblada,20:00,18000,14400,14400,https://cartelera.ar/pelicula/yo-narciso
CABA,Cinemark Hoyts,Hoyts Dot Baires,"Vedia 3626, Dot Baires Mall, Saavedra",Yo Narciso,2D Doblada,21:30,18000,14400,14400,https://cartelera.ar/pelicula/yo-narciso
CABA,Cinemark Hoyts,Hoyts Dot Baires,"Vedia 3626, Dot Baires Mall, Saavedra",Yo Narciso,2D Doblada,22:20,18000,14400,14400,https://cartelera.ar/pelicula/yo-narciso
CABA,Cinemark Hoyts,Hoyts Dot Baires,"Vedia 3626, Dot Baires Mall, Saavedra",Yo Narciso,2D Doblada,22:30,18000,14400,14400,https://cartelera.ar/pelicula/yo-narciso
CABA,Cinemark Hoyts,Hoyts Dot Baires,"Vedia 3626, Dot Baires Mall, Saavedra",Spider-Man: Un nuevo día,2D Subtitulada,11:50,18000,14400,14400,https://cartelera.ar/pelicula/spider-man-un-nuevo-dia
CABA,Cinemark Hoyts,Hoyts Dot Baires,"Vedia 3626, Dot Baires Mall, Saavedra",Spider-Man: Un nuevo día,2D Subtitulada,12:00,18000,14400,14400,https://cartelera.ar/pelicula/spider-man-un-nuevo-dia
CABA,Cinemark Hoyts,Hoyts Dot Baires,"Vedia 3626, Dot Baires Mall, Saavedra",Spider-Man: Un nuevo día,2D Subtitulada,15:10,18000,14400,14400,https://cartelera.ar/pelicula/spider-man-un-nuevo-dia
CABA,Cinemark Hoyts,Hoyts Dot Baires,"Vedia 3626, Dot Baires Mall, Saavedra",Spider-Man: Un nuevo día,2D Subtitulada,16:30,18000,14400,14400,https://cartelera.ar/pelicula/spider-man-un-nuevo-dia
CABA,Cinemark Hoyts,Hoyts Dot Baires,"Vedia 3626, Dot Baires Mall, Saavedra",Spider-Man: Un nuevo día,2D Subtitulada,18:20,18000,14400,14400,https://cartelera.ar/pelicula/spider-man-un-nuevo-dia
CABA,Cinemark Hoyts,Hoyts Dot Baires,"Vedia 3626, Dot Baires Mall, Saavedra",Spider-Man: Un nuevo día,2D Subtitulada,18:30,18000,14400,14400,https://cartelera.ar/pelicula/spider-man-un-nuevo-dia
CABA,Cinemark Hoyts,Hoyts Dot Baires,"Vedia 3626, Dot Baires Mall, Saavedra",Spider-Man: Un nuevo día,2D Subtitulada,19:40,18000,14400,14400,https://cartelera.ar/pelicula/spider-man-un-nuevo-dia
CABA,Cinemark Hoyts,Hoyts Dot Baires,"Vedia 3626, Dot Baires Mall, Saavedra",Spider-Man: Un nuevo día,2D Subtitulada,21:40,18000,14400,14400,https://cartelera.ar/pelicula/spider-man-un-nuevo-dia
CABA,Cinemark Hoyts,Hoyts Dot Baires,"Vedia 3626, Dot Baires Mall, Saavedra",Spider-Man: Un nuevo día,2D Subtitulada,22:50,18000,14400,14400,https://cartelera.ar/pelicula/spider-man-un-nuevo-dia
CABA,Cinemark Hoyts,Hoyts Dot Baires,"Vedia 3626, Dot Baires Mall, Saavedra",Spider-Man: Un nuevo día,3D Subtitulada,13:00,23400,7300,7300,https://cartelera.ar/pelicula/spider-man-un-nuevo-dia
CABA,Cinemark Hoyts,Hoyts Dot Baires,"Vedia 3626, Dot Baires Mall, Saavedra",Spider-Man: Un nuevo día,3D Subtitulada,19:20,23400,7300,7300,https://cartelera.ar/pelicula/spider-man-un-nuevo-dia
CABA,Cinemark Hoyts,Hoyts Dot Baires,"Vedia 3626, Dot Baires Mall, Saavedra",Spider-Man: Un nuevo día,3D Subtitulada,22:30,23400,7300,7300,https://cartelera.ar/pelicula/spider-man-un-nuevo-dia
CABA,Cinemark Hoyts,Hoyts Dot Baires,"Vedia 3626, Dot Baires Mall, Saavedra",Spider-Man: Un nuevo día,2D Doblada,13:20,18000,14400,14400,https://cartelera.ar/pelicula/spider-man-un-nuevo-dia
CABA,Cinemark Hoyts,Hoyts Dot Baires,"Vedia 3626, Dot Baires Mall, Saavedra",Spider-Man: Un nuevo día,3D Doblada,16:10,23400,7300,7300,https://cartelera.ar/pelicula/spider-man-un-nuevo-dia
CABA,Cinemark Hoyts,Hoyts Dot Baires,"Vedia 3626, Dot Baires Mall, Saavedra",PAW Patrol: La Dino Película,2D Doblada,13:10,18000,14400,14400,https://cartelera.ar/pelicula/paw-patrol-la-dino-pelicula
CABA,Cinemark Hoyts,Hoyts Dot Baires,"Vedia 3626, Dot Baires Mall, Saavedra",PAW Patrol: La Dino Película,2D Doblada,15:40,18000,14400,14400,https://cartelera.ar/pelicula/paw-patrol-la-dino-pelicula
CABA,Cinemark Hoyts,Hoyts Dot Baires,"Vedia 3626, Dot Baires Mall, Saavedra",La Odisea,2D Subtitulada,13:20,18000,14400,14400,https://cartelera.ar/pelicula/la-odisea
CABA,Cinemark Hoyts,Hoyts Dot Baires,"Vedia 3626, Dot Baires Mall, Saavedra",La Odisea,2D Subtitulada,17:20,18000,14400,14400,https://cartelera.ar/pelicula/la-odisea
CABA,Cinemark Hoyts,Hoyts Dot Baires,"Vedia 3626, Dot Baires Mall, Saavedra",La Odisea,2D Subtitulada,18:50,18000,14400,14400,https://cartelera.ar/pelicula/la-odisea
CABA,Cinemark Hoyts,Hoyts Dot Baires,"Vedia 3626, Dot Baires Mall, Saavedra",La Odisea,2D Subtitulada,21:30,18000,14400,14400,https://cartelera.ar/pelicula/la-odisea
CABA,Cinemark Hoyts,Hoyts Dot Baires,"Vedia 3626, Dot Baires Mall, Saavedra",La Odisea,2D Subtitulada,22:20,18000,14400,14400,https://cartelera.ar/pelicula/la-odisea
CABA,Cinemark Hoyts,Hoyts Dot Baires,"Vedia 3626, Dot Baires Mall, Saavedra",El Final de la Calle Oak,2D Subtitulada,13:50,18000,14400,14400,https://cartelera.ar/pelicula/el-final-de-la-calle-oak
CABA,Cinemark Hoyts,Hoyts Dot Baires,"Vedia 3626, Dot Baires Mall, Saavedra",El Final de la Calle Oak,2D Subtitulada,20:20,18000,14400,14400,https://cartelera.ar/pelicula/el-final-de-la-calle-oak
CABA,Cinemark Hoyts,Hoyts Dot Baires,"Vedia 3626, Dot Baires Mall, Saavedra",Insidious: Fuera del más allá,2D Subtitulada,14:00,18000,14400,14400,https://cartelera.ar/pelicula/insidious-fuera-del-mas-alla
CABA,Cinemark Hoyts,Hoyts Dot Baires,"Vedia 3626, Dot Baires Mall, Saavedra",Insidious: Fuera del más allá,2D Subtitulada,16:10,18000,14400,14400,https://cartelera.ar/pelicula/insidious-fuera-del-mas-alla
CABA,Cinemark Hoyts,Hoyts Dot Baires,"Vedia 3626, Dot Baires Mall, Saavedra",Insidious: Fuera del más allá,2D Subtitulada,16:50,18000,14400,14400,https://cartelera.ar/pelicula/insidious-fuera-del-mas-alla
CABA,Cinemark Hoyts,Hoyts Dot Baires,"Vedia 3626, Dot Baires Mall, Saavedra",Insidious: Fuera del más allá,2D Subtitulada,19:30,18000,14400,14400,https://cartelera.ar/pelicula/insidious-fuera-del-mas-alla
CABA,Cinemark Hoyts,Hoyts Dot Baires,"Vedia 3626, Dot Baires Mall, Saavedra",Insidious: Fuera del más allá,2D Subtitulada,22:00,18000,14400,14400,https://cartelera.ar/pelicula/insidious-fuera-del-mas-alla
CABA,Cinemark Hoyts,Hoyts Dot Baires,"Vedia 3626, Dot Baires Mall, Saavedra",Insidious: Fuera del más allá,2D Subtitulada,22:40,18000,14400,14400,https://cartelera.ar/pelicula/insidious-fuera-del-mas-alla
CABA,Cinemark Hoyts,Hoyts Dot Baires,"Vedia 3626, Dot Baires Mall, Saavedra",Mi vecino Totoro,2D Subtitulada,18:00,18000,14400,14400,https://cartelera.ar/pelicula/mi-vecino-totoro
CABA,Multiplex,Multiplex Belgrano,"Vuelta de Obligado 2199, Belgrano",Toy Story 5,2D Doblada,12:50,8000,5300,5300,https://cartelera.ar/pelicula/toy-story-5
CABA,Multiplex,Multiplex Belgrano,"Vuelta de Obligado 2199, Belgrano",Toy Story 5,2D Doblada,14:45,8000,5300,5300,https://cartelera.ar/pelicula/toy-story-5
CABA,Multiplex,Multiplex Belgrano,"Vuelta de Obligado 2199, Belgrano",Toy Story 5,2D Doblada,18:35,8000,5300,5300,https://cartelera.ar/pelicula/toy-story-5
CABA,Multiplex,Multiplex Belgrano,"Vuelta de Obligado 2199, Belgrano",Toy Story 5,2D Doblada,20:35,8000,5300,5300,https://cartelera.ar/pelicula/toy-story-5
CABA,Multiplex,Multiplex Belgrano,"Vuelta de Obligado 2199, Belgrano",Yo Narciso,2D Doblada,13:00,8000,5300,5300,https://cartelera.ar/pelicula/yo-narciso
CABA,Multiplex,Multiplex Belgrano,"Vuelta de Obligado 2199, Belgrano",Yo Narciso,2D Doblada,14:55,8000,5300,5300,https://cartelera.ar/pelicula/yo-narciso
CABA,Multiplex,Multiplex Belgrano,"Vuelta de Obligado 2199, Belgrano",Yo Narciso,2D Doblada,17:30,8000,5300,5300,https://cartelera.ar/pelicula/yo-narciso
CABA,Multiplex,Multiplex Belgrano,"Vuelta de Obligado 2199, Belgrano",Yo Narciso,2D Doblada,19:30,8000,5300,5300,https://cartelera.ar/pelicula/yo-narciso
CABA,Multiplex,Multiplex Belgrano,"Vuelta de Obligado 2199, Belgrano",Yo Narciso,2D Doblada,20:15,8000,5300,5300,https://cartelera.ar/pelicula/yo-narciso
CABA,Multiplex,Multiplex Belgrano,"Vuelta de Obligado 2199, Belgrano",Yo Narciso,2D Doblada,20:45,8000,5300,5300,https://cartelera.ar/pelicula/yo-narciso
CABA,Multiplex,Multiplex Belgrano,"Vuelta de Obligado 2199, Belgrano",Yo Narciso,2D Doblada,21:30,8000,5300,5300,https://cartelera.ar/pelicula/yo-narciso
CABA,Multiplex,Multiplex Belgrano,"Vuelta de Obligado 2199, Belgrano",Yo Narciso,2D Doblada,22:40,8000,5300,5300,https://cartelera.ar/pelicula/yo-narciso
CABA,Multiplex,Multiplex Belgrano,"Vuelta de Obligado 2199, Belgrano",PAW Patrol: La Dino Película,2D Doblada,13:00,8000,5300,5300,https://cartelera.ar/pelicula/paw-patrol-la-dino-pelicula
CABA,Multiplex,Multiplex Belgrano,"Vuelta de Obligado 2199, Belgrano",PAW Patrol: La Dino Película,2D Doblada,14:05,8000,5300,5300,https://cartelera.ar/pelicula/paw-patrol-la-dino-pelicula
CABA,Multiplex,Multiplex Belgrano,"Vuelta de Obligado 2199, Belgrano",PAW Patrol: La Dino Película,2D Doblada,16:45,8000,5300,5300,https://cartelera.ar/pelicula/paw-patrol-la-dino-pelicula
CABA,Multiplex,Multiplex Belgrano,"Vuelta de Obligado 2199, Belgrano",Spider-Man: Un nuevo día,2D Doblada,13:00,8000,5300,5300,https://cartelera.ar/pelicula/spider-man-un-nuevo-dia
CABA,Multiplex,Multiplex Belgrano,"Vuelta de Obligado 2199, Belgrano",Spider-Man: Un nuevo día,2D Doblada,14:50,8000,5300,5300,https://cartelera.ar/pelicula/spider-man-un-nuevo-dia
CABA,Multiplex,Multiplex Belgrano,"Vuelta de Obligado 2199, Belgrano",Spider-Man: Un nuevo día,2D Doblada,18:40,8000,5300,5300,https://cartelera.ar/pelicula/spider-man-un-nuevo-dia
CABA,Multiplex,Multiplex Belgrano,"Vuelta de Obligado 2199, Belgrano",Spider-Man: Un nuevo día,2D Subtitulada,13:15,8000,5300,5300,https://cartelera.ar/pelicula/spider-man-un-nuevo-dia
CABA,Multiplex,Multiplex Belgrano,"Vuelta de Obligado 2199, Belgrano",Spider-Man: Un nuevo día,2D Subtitulada,15:50,8000,5300,5300,https://cartelera.ar/pelicula/spider-man-un-nuevo-dia
CABA,Multiplex,Multiplex Belgrano,"Vuelta de Obligado 2199, Belgrano",Spider-Man: Un nuevo día,2D Subtitulada,16:45,8000,5300,5300,https://cartelera.ar/pelicula/spider-man-un-nuevo-dia
CABA,Multiplex,Multiplex Belgrano,"Vuelta de Obligado 2199, Belgrano",Spider-Man: Un nuevo día,2D Subtitulada,19:20,8000,5300,5300,https://cartelera.ar/pelicula/spider-man-un-nuevo-dia
CABA,Multiplex,Multiplex Belgrano,"Vuelta de Obligado 2199, Belgrano",Spider-Man: Un nuevo día,2D Subtitulada,22:40,8000,5300,5300,https://cartelera.ar/pelicula/spider-man-un-nuevo-dia
CABA,Multiplex,Multiplex Belgrano,"Vuelta de Obligado 2199, Belgrano",Minions & monstruos,2D Doblada,13:00,8000,5300,5300,https://cartelera.ar/pelicula/minions-monstruos
CABA,Multiplex,Multiplex Belgrano,"Vuelta de Obligado 2199, Belgrano",Minions & monstruos,2D Doblada,14:50,8000,5300,5300,https://cartelera.ar/pelicula/minions-monstruos
CABA,Multiplex,Multiplex Belgrano,"Vuelta de Obligado 2199, Belgrano",Minions & monstruos,2D Doblada,18:40,8000,5300,5300,https://cartelera.ar/pelicula/minions-monstruos
CABA,Multiplex,Multiplex Belgrano,"Vuelta de Obligado 2199, Belgrano",Los Colores Del Tiempo,2D Subtitulada,13:10,8000,5300,5300,https://cartelera.ar/pelicula/los-colores-del-tiempo
CABA,Multiplex,Multiplex Belgrano,"Vuelta de Obligado 2199, Belgrano",Los Colores Del Tiempo,2D Subtitulada,15:35,8000,5300,5300,https://cartelera.ar/pelicula/los-colores-del-tiempo
CABA,Multiplex,Multiplex Belgrano,"Vuelta de Obligado 2199, Belgrano",Los Colores Del Tiempo,2D Subtitulada,20:10,8000,5300,5300,https://cartelera.ar/pelicula/los-colores-del-tiempo
CABA,Multiplex,Multiplex Belgrano,"Vuelta de Obligado 2199, Belgrano",Los domingos,2D Doblada,13:40,8000,5300,5300,https://cartelera.ar/pelicula/los-domingos
CABA,Multiplex,Multiplex Belgrano,"Vuelta de Obligado 2199, Belgrano",Los domingos,2D Doblada,18:00,8000,5300,5300,https://cartelera.ar/pelicula/los-domingos
CABA,Multiplex,Multiplex Belgrano,"Vuelta de Obligado 2199, Belgrano",La Odisea,2D Subtitulada,14:15,8000,5300,5300,https://cartelera.ar/pelicula/la-odisea
CABA,Multiplex,Multiplex Belgrano,"Vuelta de Obligado 2199, Belgrano",La Odisea,2D Subtitulada,16:05,8000,5300,5300,https://cartelera.ar/pelicula/la-odisea
CABA,Multiplex,Multiplex Belgrano,"Vuelta de Obligado 2199, Belgrano",La Odisea,2D Subtitulada,17:30,8000,5300,5300,https://cartelera.ar/pelicula/la-odisea
CABA,Multiplex,Multiplex Belgrano,"Vuelta de Obligado 2199, Belgrano",La Odisea,2D Subtitulada,19:25,8000,5300,5300,https://cartelera.ar/pelicula/la-odisea
CABA,Multiplex,Multiplex Belgrano,"Vuelta de Obligado 2199, Belgrano",La Odisea,2D Subtitulada,21:30,8000,5300,5300,https://cartelera.ar/pelicula/la-odisea
CABA,Multiplex,Multiplex Belgrano,"Vuelta de Obligado 2199, Belgrano",La Odisea,2D Subtitulada,22:00,8000,5300,5300,https://cartelera.ar/pelicula/la-odisea
CABA,Multiplex,Multiplex Belgrano,"Vuelta de Obligado 2199, Belgrano",La Muerte De Robin Hood,2D Subtitulada,15:50,8000,5300,5300,https://cartelera.ar/pelicula/la-muerte-de-robin-hood
CABA,Multiplex,Multiplex Belgrano,"Vuelta de Obligado 2199, Belgrano",La Muerte De Robin Hood,2D Subtitulada,20:30,8000,5300,5300,https://cartelera.ar/pelicula/la-muerte-de-robin-hood
CABA,Multiplex,Multiplex Belgrano,"Vuelta de Obligado 2199, Belgrano",El Gran Falsificador,2D Subtitulada,15:55,8000,5300,5300,https://cartelera.ar/pelicula/el-gran-falsificador
CABA,Multiplex,Multiplex Belgrano,"Vuelta de Obligado 2199, Belgrano",El Gran Falsificador,2D Subtitulada,22:35,8000,5300,5300,https://cartelera.ar/pelicula/el-gran-falsificador
CABA,Multiplex,Multiplex Belgrano,"Vuelta de Obligado 2199, Belgrano",El Final de la Calle Oak,2D Subtitulada,16:40,8000,5300,5300,https://cartelera.ar/pelicula/el-final-de-la-calle-oak
CABA,Multiplex,Multiplex Belgrano,"Vuelta de Obligado 2199, Belgrano",El Final de la Calle Oak,2D Subtitulada,22:50,8000,5300,5300,https://cartelera.ar/pelicula/el-final-de-la-calle-oak
CABA,Multiplex,Multiplex Belgrano,"Vuelta de Obligado 2199, Belgrano",La invitación,2D Subtitulada,18:10,8000,5300,5300,https://cartelera.ar/pelicula/la-invitacion
CABA,Multiplex,Multiplex Belgrano,"Vuelta de Obligado 2199, Belgrano",La invitación,2D Subtitulada,22:10,8000,5300,5300,https://cartelera.ar/pelicula/la-invitacion
CABA,Multiplex,Multiplex Belgrano,"Vuelta de Obligado 2199, Belgrano",La noche del demonio: Están entre nosotros,2D Subtitulada,18:20,8000,5300,5300,https://cartelera.ar/pelicula/la-noche-del-demonio-estan-entre-nosotros
CABA,Multiplex,Multiplex Belgrano,"Vuelta de Obligado 2199, Belgrano",La noche del demonio: Están entre nosotros,2D Subtitulada,22:30,8000,5300,5300,https://cartelera.ar/pelicula/la-noche-del-demonio-estan-entre-nosotros
CABA,Multiplex,Multiplex Belgrano,"Vuelta de Obligado 2199, Belgrano","Adolescencia, sexo y muerte en campamento Miasma",2D Subtitulada,20:25,8000,5300,5300,https://cartelera.ar/pelicula/adolescencia-sexo-y-muerte-en-campamento-miasma
CABA,Multiplex,Multiplex Belgrano,"Vuelta de Obligado 2199, Belgrano",Obsesión,2D Subtitulada,22:40,8000,5300,5300,https://cartelera.ar/pelicula/obsesion
CABA,Multiplex,Multiplex Lavalle,"Lavalle 780, CABA",Minions & monstruos,2D Doblada,13:00,8000,5300,5300,https://cartelera.ar/pelicula/minions-monstruos
CABA,Multiplex,Multiplex Lavalle,"Lavalle 780, CABA",Minions & monstruos,2D Doblada,14:45,8000,5300,5300,https://cartelera.ar/pelicula/minions-monstruos
CABA,Multiplex,Multiplex Lavalle,"Lavalle 780, CABA",PAW Patrol: La Dino Película,2D Doblada,13:00,8000,5300,5300,https://cartelera.ar/pelicula/paw-patrol-la-dino-pelicula
CABA,Multiplex,Multiplex Lavalle,"Lavalle 780, CABA",PAW Patrol: La Dino Película,2D Doblada,16:30,8000,5300,5300,https://cartelera.ar/pelicula/paw-patrol-la-dino-pelicula
CABA,Multiplex,Multiplex Lavalle,"Lavalle 780, CABA",Spider-Man: Un nuevo día,3D Doblada,13:00,,,,https://cartelera.ar/pelicula/spider-man-un-nuevo-dia
CABA,Multiplex,Multiplex Lavalle,"Lavalle 780, CABA",Spider-Man: Un nuevo día,3D Doblada,15:30,,,,https://cartelera.ar/pelicula/spider-man-un-nuevo-dia
CABA,Multiplex,Multiplex Lavalle,"Lavalle 780, CABA",Spider-Man: Un nuevo día,3D Doblada,18:10,,,,https://cartelera.ar/pelicula/spider-man-un-nuevo-dia
CABA,Multiplex,Multiplex Lavalle,"Lavalle 780, CABA",Spider-Man: Un nuevo día,3D Doblada,20:50,,,,https://cartelera.ar/pelicula/spider-man-un-nuevo-dia
CABA,Multiplex,Multiplex Lavalle,"Lavalle 780, CABA",Spider-Man: Un nuevo día,2D Doblada,13:45,8000,5300,5300,https://cartelera.ar/pelicula/spider-man-un-nuevo-dia
CABA,Multiplex,Multiplex Lavalle,"Lavalle 780, CABA",Spider-Man: Un nuevo día,2D Doblada,16:30,8000,5300,5300,https://cartelera.ar/pelicula/spider-man-un-nuevo-dia
CABA,Multiplex,Multiplex Lavalle,"Lavalle 780, CABA",Spider-Man: Un nuevo día,2D Doblada,19:15,8000,5300,5300,https://cartelera.ar/pelicula/spider-man-un-nuevo-dia
CABA,Multiplex,Multiplex Lavalle,"Lavalle 780, CABA",Spider-Man: Un nuevo día,2D Doblada,20:30,8000,5300,5300,https://cartelera.ar/pelicula/spider-man-un-nuevo-dia
CABA,Multiplex,Multiplex Lavalle,"Lavalle 780, CABA",Spider-Man: Un nuevo día,2D Doblada,22:00,8000,5300,5300,https://cartelera.ar/pelicula/spider-man-un-nuevo-dia
CABA,Multiplex,Multiplex Lavalle,"Lavalle 780, CABA",Spider-Man: Un nuevo día,2D Doblada,22:45,8000,5300,5300,https://cartelera.ar/pelicula/spider-man-un-nuevo-dia
CABA,Multiplex,Multiplex Lavalle,"Lavalle 780, CABA",Spider-Man: Un nuevo día,XD Doblada,14:15,8000,5300,5300,https://cartelera.ar/pelicula/spider-man-un-nuevo-dia
CABA,Multiplex,Multiplex Lavalle,"Lavalle 780, CABA",Spider-Man: Un nuevo día,XD Doblada,17:00,8000,5300,5300,https://cartelera.ar/pelicula/spider-man-un-nuevo-dia
CABA,Multiplex,Multiplex Lavalle,"Lavalle 780, CABA",Spider-Man: Un nuevo día,XD Doblada,19:45,8000,5300,5300,https://cartelera.ar/pelicula/spider-man-un-nuevo-dia
CABA,Multiplex,Multiplex Lavalle,"Lavalle 780, CABA",La noche del demonio: Están entre nosotros,2D Doblada,13:15,8000,5300,5300,https://cartelera.ar/pelicula/la-noche-del-demonio-estan-entre-nosotros
CABA,Multiplex,Multiplex Lavalle,"Lavalle 780, CABA",La noche del demonio: Están entre nosotros,2D Doblada,16:30,8000,5300,5300,https://cartelera.ar/pelicula/la-noche-del-demonio-estan-entre-nosotros
CABA,Multiplex,Multiplex Lavalle,"Lavalle 780, CABA",La noche del demonio: Están entre nosotros,2D Doblada,18:30,8000,5300,5300,https://cartelera.ar/pelicula/la-noche-del-demonio-estan-entre-nosotros
CABA,Multiplex,Multiplex Lavalle,"Lavalle 780, CABA",La noche del demonio: Están entre nosotros,2D Doblada,20:10,8000,5300,5300,https://cartelera.ar/pelicula/la-noche-del-demonio-estan-entre-nosotros
CABA,Multiplex,Multiplex Lavalle,"Lavalle 780, CABA",La noche del demonio: Están entre nosotros,2D Doblada,23:30,8000,5300,5300,https://cartelera.ar/pelicula/la-noche-del-demonio-estan-entre-nosotros
CABA,Multiplex,Multiplex Lavalle,"Lavalle 780, CABA",La noche del demonio: Están entre nosotros,XD Doblada,22:45,8000,5300,5300,https://cartelera.ar/pelicula/la-noche-del-demonio-estan-entre-nosotros
CABA,Multiplex,Multiplex Lavalle,"Lavalle 780, CABA",El Final de la Calle Oak,2D Doblada,13:30,8000,5300,5300,https://cartelera.ar/pelicula/el-final-de-la-calle-oak
CABA,Multiplex,Multiplex Lavalle,"Lavalle 780, CABA",El Final de la Calle Oak,2D Doblada,14:40,8000,5300,5300,https://cartelera.ar/pelicula/el-final-de-la-calle-oak
CABA,Multiplex,Multiplex Lavalle,"Lavalle 780, CABA",El Final de la Calle Oak,2D Doblada,18:15,8000,5300,5300,https://cartelera.ar/pelicula/el-final-de-la-calle-oak
CABA,Multiplex,Multiplex Lavalle,"Lavalle 780, CABA",Toy Story 5,2D Doblada,15:20,8000,5300,5300,https://cartelera.ar/pelicula/toy-story-5
CABA,Multiplex,Multiplex Lavalle,"Lavalle 780, CABA",Toy Story 5,2D Doblada,17:25,8000,5300,5300,https://cartelera.ar/pelicula/toy-story-5
CABA,Multiplex,Multiplex Lavalle,"Lavalle 780, CABA",Yo Narciso,2D Doblada,15:30,8000,5300,5300,https://cartelera.ar/pelicula/yo-narciso
CABA,Multiplex,Multiplex Lavalle,"Lavalle 780, CABA",Yo Narciso,2D Doblada,17:25,8000,5300,5300,https://cartelera.ar/pelicula/yo-narciso
CABA,Multiplex,Multiplex Lavalle,"Lavalle 780, CABA",Yo Narciso,2D Doblada,19:20,8000,5300,5300,https://cartelera.ar/pelicula/yo-narciso
CABA,Multiplex,Multiplex Lavalle,"Lavalle 780, CABA",Yo Narciso,2D Doblada,21:15,8000,5300,5300,https://cartelera.ar/pelicula/yo-narciso
CABA,Multiplex,Multiplex Lavalle,"Lavalle 780, CABA",Yo Narciso,2D Doblada,23:10,8000,5300,5300,https://cartelera.ar/pelicula/yo-narciso
CABA,Multiplex,Multiplex Lavalle,"Lavalle 780, CABA",La Odisea,2D Doblada,19:30,8000,5300,5300,https://cartelera.ar/pelicula/la-odisea
CABA,Multiplex,Multiplex Lavalle,"Lavalle 780, CABA",La Odisea,2D Doblada,22:10,8000,5300,5300,https://cartelera.ar/pelicula/la-odisea
CABA,Multiplex,Multiplex Lavalle,"Lavalle 780, CABA",Obsesión,2D Doblada,23:10,8000,5300,5300,https://cartelera.ar/pelicula/obsesion
CABA,Showcase,Showcase Belgrano,"Monroe 1655, Belgrano",Spider-Man: Un nuevo día,2D Doblada,13:40,14000,5500,11000,https://cartelera.ar/pelicula/spider-man-un-nuevo-dia
CABA,Showcase,Showcase Belgrano,"Monroe 1655, Belgrano",Spider-Man: Un nuevo día,2D Doblada,16:40,14000,5500,11000,https://cartelera.ar/pelicula/spider-man-un-nuevo-dia
CABA,Showcase,Showcase Belgrano,"Monroe 1655, Belgrano",Spider-Man: Un nuevo día,2D Doblada,18:50,14000,5500,11000,https://cartelera.ar/pelicula/spider-man-un-nuevo-dia
CABA,Showcase,Showcase Belgrano,"Monroe 1655, Belgrano",Spider-Man: Un nuevo día,2D Doblada,21:50,14000,5500,11000,https://cartelera.ar/pelicula/spider-man-un-nuevo-dia
CABA,Showcase,Showcase Belgrano,"Monroe 1655, Belgrano",Spider-Man: Un nuevo día,2D Subtitulada,16:10,14000,5500,11000,https://cartelera.ar/pelicula/spider-man-un-nuevo-dia
CABA,Showcase,Showcase Belgrano,"Monroe 1655, Belgrano",Spider-Man: Un nuevo día,2D Subtitulada,19:10,14000,5500,11000,https://cartelera.ar/pelicula/spider-man-un-nuevo-dia
CABA,Showcase,Showcase Belgrano,"Monroe 1655, Belgrano",Spider-Man: Un nuevo día,2D Subtitulada,19:40,14000,5500,11000,https://cartelera.ar/pelicula/spider-man-un-nuevo-dia
CABA,Showcase,Showcase Belgrano,"Monroe 1655, Belgrano",Spider-Man: Un nuevo día,2D Subtitulada,22:10,14000,5500,11000,https://cartelera.ar/pelicula/spider-man-un-nuevo-dia
CABA,Showcase,Showcase Belgrano,"Monroe 1655, Belgrano",Spider-Man: Un nuevo día,2D Subtitulada,22:40,14000,5500,11000,https://cartelera.ar/pelicula/spider-man-un-nuevo-dia
CABA,Showcase,Showcase Belgrano,"Monroe 1655, Belgrano",Spider-Man: Un nuevo día,3D Doblada,16:20,15500,,12000,https://cartelera.ar/pelicula/spider-man-un-nuevo-dia
CABA,Showcase,Showcase Belgrano,"Monroe 1655, Belgrano",Spider-Man: Un nuevo día,3D Doblada,19:25,15500,,12000,https://cartelera.ar/pelicula/spider-man-un-nuevo-dia
CABA,Showcase,Showcase Belgrano,"Monroe 1655, Belgrano",El Final de la Calle Oak,2D Doblada,13:50,14000,5500,11000,https://cartelera.ar/pelicula/el-final-de-la-calle-oak
CABA,Showcase,Showcase Belgrano,"Monroe 1655, Belgrano",El Final de la Calle Oak,2D Subtitulada,16:55,14000,5500,11000,https://cartelera.ar/pelicula/el-final-de-la-calle-oak
CABA,Showcase,Showcase Belgrano,"Monroe 1655, Belgrano",El Final de la Calle Oak,2D Subtitulada,22:20,14000,5500,11000,https://cartelera.ar/pelicula/el-final-de-la-calle-oak
CABA,Showcase,Showcase Belgrano,"Monroe 1655, Belgrano",Mi vecino Totoro,2D Subtitulada,14:15,14000,5500,11000,https://cartelera.ar/pelicula/mi-vecino-totoro
CABA,Showcase,Showcase Belgrano,"Monroe 1655, Belgrano",PAW Patrol: La Dino Película,2D Doblada,14:25,14000,5500,11000,https://cartelera.ar/pelicula/paw-patrol-la-dino-pelicula
CABA,Showcase,Showcase Belgrano,"Monroe 1655, Belgrano",PAW Patrol: La Dino Película,2D Doblada,16:35,14000,5500,11000,https://cartelera.ar/pelicula/paw-patrol-la-dino-pelicula
CABA,Showcase,Showcase Belgrano,"Monroe 1655, Belgrano",La invitación,2D Subtitulada,14:30,14000,5500,11000,https://cartelera.ar/pelicula/la-invitacion
CABA,Showcase,Showcase Belgrano,"Monroe 1655, Belgrano",La invitación,2D Subtitulada,19:45,14000,5500,11000,https://cartelera.ar/pelicula/la-invitacion
CABA,Showcase,Showcase Belgrano,"Monroe 1655, Belgrano",La invitación,2D Subtitulada,22:15,14000,5500,11000,https://cartelera.ar/pelicula/la-invitacion
CABA,Showcase,Showcase Belgrano,"Monroe 1655, Belgrano",Toy Story 5,2D Doblada,14:35,14000,5500,11000,https://cartelera.ar/pelicula/toy-story-5
CABA,Showcase,Showcase Belgrano,"Monroe 1655, Belgrano",La noche del demonio: Están entre nosotros,2D Subtitulada,14:45,14000,5500,11000,https://cartelera.ar/pelicula/la-noche-del-demonio-estan-entre-nosotros
CABA,Showcase,Showcase Belgrano,"Monroe 1655, Belgrano",La noche del demonio: Están entre nosotros,2D Subtitulada,17:20,14000,5500,11000,https://cartelera.ar/pelicula/la-noche-del-demonio-estan-entre-nosotros
CABA,Showcase,Showcase Belgrano,"Monroe 1655, Belgrano",La noche del demonio: Están entre nosotros,2D Subtitulada,19:50,14000,5500,11000,https://cartelera.ar/pelicula/la-noche-del-demonio-estan-entre-nosotros
CABA,Showcase,Showcase Belgrano,"Monroe 1655, Belgrano",La noche del demonio: Están entre nosotros,2D Subtitulada,22:25,14000,5500,11000,https://cartelera.ar/pelicula/la-noche-del-demonio-estan-entre-nosotros
CABA,Showcase,Showcase Belgrano,"Monroe 1655, Belgrano",La Odisea,2D Subtitulada,15:00,14000,5500,11000,https://cartelera.ar/pelicula/la-odisea
CABA,Showcase,Showcase Belgrano,"Monroe 1655, Belgrano",La Odisea,2D Subtitulada,15:25,14000,5500,11000,https://cartelera.ar/pelicula/la-odisea
CABA,Showcase,Showcase Belgrano,"Monroe 1655, Belgrano",La Odisea,2D Subtitulada,18:35,14000,5500,11000,https://cartelera.ar/pelicula/la-odisea
CABA,Showcase,Showcase Belgrano,"Monroe 1655, Belgrano",La Odisea,2D Subtitulada,19:00,14000,5500,11000,https://cartelera.ar/pelicula/la-odisea
CABA,Showcase,Showcase Belgrano,"Monroe 1655, Belgrano",La Odisea,2D Subtitulada,22:05,14000,5500,11000,https://cartelera.ar/pelicula/la-odisea
CABA,Showcase,Showcase Belgrano,"Monroe 1655, Belgrano",La Odisea,2D Subtitulada,22:30,14000,5500,11000,https://cartelera.ar/pelicula/la-odisea
CABA,Showcase,Showcase Belgrano,"Monroe 1655, Belgrano",Yo Narciso,2D Doblada,15:25,14000,5500,11000,https://cartelera.ar/pelicula/yo-narciso
CABA,Showcase,Showcase Belgrano,"Monroe 1655, Belgrano",Yo Narciso,2D Doblada,17:45,14000,5500,11000,https://cartelera.ar/pelicula/yo-narciso
CABA,Showcase,Showcase Belgrano,"Monroe 1655, Belgrano",Yo Narciso,2D Doblada,20:00,14000,5500,11000,https://cartelera.ar/pelicula/yo-narciso
CABA,Showcase,Showcase Belgrano,"Monroe 1655, Belgrano",Yo Narciso,2D Doblada,22:20,14000,5500,11000,https://cartelera.ar/pelicula/yo-narciso
CABA,Showcase,Showcase Belgrano,"Monroe 1655, Belgrano",La Muerte De Robin Hood,2D Subtitulada,17:00,14000,5500,11000,https://cartelera.ar/pelicula/la-muerte-de-robin-hood
CABA,Showcase,Showcase Belgrano,"Monroe 1655, Belgrano",La Muerte De Robin Hood,2D Subtitulada,22:35,14000,5500,11000,https://cartelera.ar/pelicula/la-muerte-de-robin-hood
GBA Norte,Atlas Cines,Atlas Nordelta,"Av. de los Lagos 7008, Nordelta Centro Comercial",Minions & monstruos,2D Doblada,14:00,18000,14000,14000,https://cartelera.ar/pelicula/minions-monstruos
GBA Norte,Atlas Cines,Atlas Nordelta,"Av. de los Lagos 7008, Nordelta Centro Comercial",El Final de la Calle Oak,2D Doblada,14:00,18000,14000,14000,https://cartelera.ar/pelicula/el-final-de-la-calle-oak
GBA Norte,Atlas Cines,Atlas Nordelta,"Av. de los Lagos 7008, Nordelta Centro Comercial",Spider-Man: Un nuevo día,3D Doblada,14:30,15400,12400,12400,https://cartelera.ar/pelicula/spider-man-un-nuevo-dia
GBA Norte,Atlas Cines,Atlas Nordelta,"Av. de los Lagos 7008, Nordelta Centro Comercial",Spider-Man: Un nuevo día,2D Doblada,16:10,18000,14000,14000,https://cartelera.ar/pelicula/spider-man-un-nuevo-dia
GBA Norte,Atlas Cines,Atlas Nordelta,"Av. de los Lagos 7008, Nordelta Centro Comercial",Spider-Man: Un nuevo día,2D Doblada,17:30,18000,14000,14000,https://cartelera.ar/pelicula/spider-man-un-nuevo-dia
GBA Norte,Atlas Cines,Atlas Nordelta,"Av. de los Lagos 7008, Nordelta Centro Comercial",Spider-Man: Un nuevo día,2D Doblada,19:10,18000,14000,14000,https://cartelera.ar/pelicula/spider-man-un-nuevo-dia
GBA Norte,Atlas Cines,Atlas Nordelta,"Av. de los Lagos 7008, Nordelta Centro Comercial",Spider-Man: Un nuevo día,2D Subtitulada,22:20,18000,14000,14000,https://cartelera.ar/pelicula/spider-man-un-nuevo-dia
GBA Norte,Atlas Cines,Atlas Nordelta,"Av. de los Lagos 7008, Nordelta Centro Comercial",Toy Story 5,2D Doblada,14:40,18000,14000,14000,https://cartelera.ar/pelicula/toy-story-5
GBA Norte,Atlas Cines,Atlas Nordelta,"Av. de los Lagos 7008, Nordelta Centro Comercial",PAW Patrol: La Dino Película,2D Doblada,15:10,18000,14000,14000,https://cartelera.ar/pelicula/paw-patrol-la-dino-pelicula
GBA Norte,Atlas Cines,Atlas Nordelta,"Av. de los Lagos 7008, Nordelta Centro Comercial",PAW Patrol: La Dino Película,2D Doblada,17:10,18000,14000,14000,https://cartelera.ar/pelicula/paw-patrol-la-dino-pelicula
GBA Norte,Atlas Cines,Atlas Nordelta,"Av. de los Lagos 7008, Nordelta Centro Comercial",Yo Narciso,2D Doblada,16:00,18000,14000,14000,https://cartelera.ar/pelicula/yo-narciso
GBA Norte,Atlas Cines,Atlas Nordelta,"Av. de los Lagos 7008, Nordelta Centro Comercial",Yo Narciso,2D Doblada,18:10,18000,14000,14000,https://cartelera.ar/pelicula/yo-narciso
GBA Norte,Atlas Cines,Atlas Nordelta,"Av. de los Lagos 7008, Nordelta Centro Comercial",Yo Narciso,2D Doblada,20:20,18000,14000,14000,https://cartelera.ar/pelicula/yo-narciso
GBA Norte,Atlas Cines,Atlas Nordelta,"Av. de los Lagos 7008, Nordelta Centro Comercial",Yo Narciso,2D Doblada,22:30,18000,14000,14000,https://cartelera.ar/pelicula/yo-narciso
GBA Norte,Atlas Cines,Atlas Nordelta,"Av. de los Lagos 7008, Nordelta Centro Comercial",Tu Corazón Será Destrozado,2D Doblada,17:00,18000,14000,14000,https://cartelera.ar/pelicula/tu-corazon-sera-destrozado
GBA Norte,Atlas Cines,Atlas Nordelta,"Av. de los Lagos 7008, Nordelta Centro Comercial",La invitación,2D Subtitulada,19:20,18000,14000,14000,https://cartelera.ar/pelicula/la-invitacion
GBA Norte,Atlas Cines,Atlas Nordelta,"Av. de los Lagos 7008, Nordelta Centro Comercial",El Gran Falsificador,2D Subtitulada,19:50,18000,14000,14000,https://cartelera.ar/pelicula/el-gran-falsificador
GBA Norte,Atlas Cines,Atlas Nordelta,"Av. de los Lagos 7008, Nordelta Centro Comercial",La Odisea,2D Subtitulada,20:30,18000,14000,14000,https://cartelera.ar/pelicula/la-odisea
GBA Norte,Atlas Cines,Atlas Nordelta,"Av. de los Lagos 7008, Nordelta Centro Comercial",La Odisea,2D Subtitulada,21:40,18000,14000,14000,https://cartelera.ar/pelicula/la-odisea
GBA Norte,Atlas Cines,Atlas Nordelta,"Av. de los Lagos 7008, Nordelta Centro Comercial",La Muerte De Robin Hood,2D Subtitulada,22:30,18000,14000,14000,https://cartelera.ar/pelicula/la-muerte-de-robin-hood
GBA Norte,Cinemark Hoyts,Cinemark Soleil,"Av. Brig. Juan M. de Rosas 658, Soleil Premium",Spider-Man: Un nuevo día,2D Doblada,13:00,17400,12200,12200,https://cartelera.ar/pelicula/spider-man-un-nuevo-dia
GBA Norte,Cinemark Hoyts,Cinemark Soleil,"Av. Brig. Juan M. de Rosas 658, Soleil Premium",Spider-Man: Un nuevo día,2D Doblada,14:00,17400,12200,12200,https://cartelera.ar/pelicula/spider-man-un-nuevo-dia
GBA Norte,Cinemark Hoyts,Cinemark Soleil,"Av. Brig. Juan M. de Rosas 658, Soleil Premium",Spider-Man: Un nuevo día,2D Doblada,16:10,17400,12200,12200,https://cartelera.ar/pelicula/spider-man-un-nuevo-dia
GBA Norte,Cinemark Hoyts,Cinemark Soleil,"Av. Brig. Juan M. de Rosas 658, Soleil Premium",Spider-Man: Un nuevo día,2D Doblada,18:10,17400,12200,12200,https://cartelera.ar/pelicula/spider-man-un-nuevo-dia
GBA Norte,Cinemark Hoyts,Cinemark Soleil,"Av. Brig. Juan M. de Rosas 658, Soleil Premium",Spider-Man: Un nuevo día,2D Doblada,19:20,17400,12200,12200,https://cartelera.ar/pelicula/spider-man-un-nuevo-dia
GBA Norte,Cinemark Hoyts,Cinemark Soleil,"Av. Brig. Juan M. de Rosas 658, Soleil Premium",Spider-Man: Un nuevo día,2D Doblada,19:50,17400,12200,12200,https://cartelera.ar/pelicula/spider-man-un-nuevo-dia
GBA Norte,Cinemark Hoyts,Cinemark Soleil,"Av. Brig. Juan M. de Rosas 658, Soleil Premium",Spider-Man: Un nuevo día,2D Doblada,22:30,17400,12200,12200,https://cartelera.ar/pelicula/spider-man-un-nuevo-dia
GBA Norte,Cinemark Hoyts,Cinemark Soleil,"Av. Brig. Juan M. de Rosas 658, Soleil Premium",Spider-Man: Un nuevo día,2D Doblada,22:50,17400,12200,12200,https://cartelera.ar/pelicula/spider-man-un-nuevo-dia
GBA Norte,Cinemark Hoyts,Cinemark Soleil,"Av. Brig. Juan M. de Rosas 658, Soleil Premium",Spider-Man: Un nuevo día,3D Doblada,15:00,22800,7300,7300,https://cartelera.ar/pelicula/spider-man-un-nuevo-dia
GBA Norte,Cinemark Hoyts,Cinemark Soleil,"Av. Brig. Juan M. de Rosas 658, Soleil Premium",Spider-Man: Un nuevo día,3D Doblada,21:30,22800,7300,7300,https://cartelera.ar/pelicula/spider-man-un-nuevo-dia
GBA Norte,Cinemark Hoyts,Cinemark Soleil,"Av. Brig. Juan M. de Rosas 658, Soleil Premium",Insidious: Fuera del más allá,2D Doblada,13:10,17400,12200,12200,https://cartelera.ar/pelicula/insidious-fuera-del-mas-alla
GBA Norte,Cinemark Hoyts,Cinemark Soleil,"Av. Brig. Juan M. de Rosas 658, Soleil Premium",Insidious: Fuera del más allá,2D Doblada,15:40,17400,12200,12200,https://cartelera.ar/pelicula/insidious-fuera-del-mas-alla
GBA Norte,Cinemark Hoyts,Cinemark Soleil,"Av. Brig. Juan M. de Rosas 658, Soleil Premium",Insidious: Fuera del más allá,2D Doblada,17:50,17400,12200,12200,https://cartelera.ar/pelicula/insidious-fuera-del-mas-alla
GBA Norte,Cinemark Hoyts,Cinemark Soleil,"Av. Brig. Juan M. de Rosas 658, Soleil Premium",Insidious: Fuera del más allá,2D Doblada,20:30,17400,12200,12200,https://cartelera.ar/pelicula/insidious-fuera-del-mas-alla
GBA Norte,Cinemark Hoyts,Cinemark Soleil,"Av. Brig. Juan M. de Rosas 658, Soleil Premium",Insidious: Fuera del más allá,2D Doblada,23:00,17400,12200,12200,https://cartelera.ar/pelicula/insidious-fuera-del-mas-alla
GBA Norte,Cinemark Hoyts,Cinemark Soleil,"Av. Brig. Juan M. de Rosas 658, Soleil Premium",Yo Narciso,2D Doblada,13:30,17400,12200,12200,https://cartelera.ar/pelicula/yo-narciso
GBA Norte,Cinemark Hoyts,Cinemark Soleil,"Av. Brig. Juan M. de Rosas 658, Soleil Premium",Yo Narciso,2D Doblada,15:50,17400,12200,12200,https://cartelera.ar/pelicula/yo-narciso
GBA Norte,Cinemark Hoyts,Cinemark Soleil,"Av. Brig. Juan M. de Rosas 658, Soleil Premium",Yo Narciso,2D Doblada,18:05,17400,12200,12200,https://cartelera.ar/pelicula/yo-narciso
GBA Norte,Cinemark Hoyts,Cinemark Soleil,"Av. Brig. Juan M. de Rosas 658, Soleil Premium",Yo Narciso,2D Doblada,20:20,17400,12200,12200,https://cartelera.ar/pelicula/yo-narciso
GBA Norte,Cinemark Hoyts,Cinemark Soleil,"Av. Brig. Juan M. de Rosas 658, Soleil Premium",Yo Narciso,2D Doblada,22:40,17400,12200,12200,https://cartelera.ar/pelicula/yo-narciso
GBA Norte,Cinemark Hoyts,Cinemark Soleil,"Av. Brig. Juan M. de Rosas 658, Soleil Premium",PAW Patrol: La Dino Película,2D Doblada,13:50,17400,12200,12200,https://cartelera.ar/pelicula/paw-patrol-la-dino-pelicula
GBA Norte,Cinemark Hoyts,Cinemark Soleil,"Av. Brig. Juan M. de Rosas 658, Soleil Premium",PAW Patrol: La Dino Película,2D Doblada,16:00,17400,12200,12200,https://cartelera.ar/pelicula/paw-patrol-la-dino-pelicula
GBA Norte,Cinemark Hoyts,Cinemark Soleil,"Av. Brig. Juan M. de Rosas 658, Soleil Premium",El Final de la Calle Oak,2D Doblada,17:20,17400,12200,12200,https://cartelera.ar/pelicula/el-final-de-la-calle-oak
GBA Norte,Cinemark Hoyts,Cinemark Soleil,"Av. Brig. Juan M. de Rosas 658, Soleil Premium",La Odisea,2D Doblada,18:20,17400,12200,12200,https://cartelera.ar/pelicula/la-odisea
GBA Norte,Cinemark Hoyts,Cinemark Soleil,"Av. Brig. Juan M. de Rosas 658, Soleil Premium",La Odisea,2D Doblada,22:00,17400,12200,12200,https://cartelera.ar/pelicula/la-odisea
GBA Norte,Cinemark Hoyts,Cinemark Tortugas,"Ramal Pilar km 36,5, Tortuguitas TOM",Spider-Man: Un nuevo día,2D Doblada,12:40,18200,14600,14600,https://cartelera.ar/pelicula/spider-man-un-nuevo-dia
GBA Norte,Cinemark Hoyts,Cinemark Tortugas,"Ramal Pilar km 36,5, Tortuguitas TOM",Spider-Man: Un nuevo día,2D Doblada,12:50,18200,14600,14600,https://cartelera.ar/pelicula/spider-man-un-nuevo-dia
GBA Norte,Cinemark Hoyts,Cinemark Tortugas,"Ramal Pilar km 36,5, Tortuguitas TOM",Spider-Man: Un nuevo día,2D Doblada,14:00,18200,14600,14600,https://cartelera.ar/pelicula/spider-man-un-nuevo-dia
GBA Norte,Cinemark Hoyts,Cinemark Tortugas,"Ramal Pilar km 36,5, Tortuguitas TOM",Spider-Man: Un nuevo día,2D Doblada,14:50,18200,14600,14600,https://cartelera.ar/pelicula/spider-man-un-nuevo-dia
GBA Norte,Cinemark Hoyts,Cinemark Tortugas,"Ramal Pilar km 36,5, Tortuguitas TOM",Spider-Man: Un nuevo día,2D Doblada,15:50,18200,14600,14600,https://cartelera.ar/pelicula/spider-man-un-nuevo-dia
GBA Norte,Cinemark Hoyts,Cinemark Tortugas,"Ramal Pilar km 36,5, Tortuguitas TOM",Spider-Man: Un nuevo día,2D Doblada,18:10,18200,14600,14600,https://cartelera.ar/pelicula/spider-man-un-nuevo-dia
GBA Norte,Cinemark Hoyts,Cinemark Tortugas,"Ramal Pilar km 36,5, Tortuguitas TOM",Spider-Man: Un nuevo día,2D Doblada,19:00,18200,14600,14600,https://cartelera.ar/pelicula/spider-man-un-nuevo-dia
GBA Norte,Cinemark Hoyts,Cinemark Tortugas,"Ramal Pilar km 36,5, Tortuguitas TOM",Spider-Man: Un nuevo día,2D Doblada,19:30,18200,14600,14600,https://cartelera.ar/pelicula/spider-man-un-nuevo-dia
GBA Norte,Cinemark Hoyts,Cinemark Tortugas,"Ramal Pilar km 36,5, Tortuguitas TOM",Spider-Man: Un nuevo día,2D Doblada,21:20,18200,14600,14600,https://cartelera.ar/pelicula/spider-man-un-nuevo-dia
GBA Norte,Cinemark Hoyts,Cinemark Tortugas,"Ramal Pilar km 36,5, Tortuguitas TOM",Spider-Man: Un nuevo día,2D Doblada,22:10,18200,14600,14600,https://cartelera.ar/pelicula/spider-man-un-nuevo-dia
GBA Norte,Cinemark Hoyts,Cinemark Tortugas,"Ramal Pilar km 36,5, Tortuguitas TOM",Spider-Man: Un nuevo día,2D Doblada,22:50,18200,14600,14600,https://cartelera.ar/pelicula/spider-man-un-nuevo-dia
GBA Norte,Cinemark Hoyts,Cinemark Tortugas,"Ramal Pilar km 36,5, Tortuguitas TOM",Spider-Man: Un nuevo día,3D Doblada,16:10,23800,7300,7300,https://cartelera.ar/pelicula/spider-man-un-nuevo-dia
GBA Norte,Cinemark Hoyts,Cinemark Tortugas,"Ramal Pilar km 36,5, Tortuguitas TOM",Spider-Man: Un nuevo día,3D Doblada,19:20,23800,7300,7300,https://cartelera.ar/pelicula/spider-man-un-nuevo-dia
GBA Norte,Cinemark Hoyts,Cinemark Tortugas,"Ramal Pilar km 36,5, Tortuguitas TOM",Insidious: Fuera del más allá,2D Doblada,13:00,18200,14600,14600,https://cartelera.ar/pelicula/insidious-fuera-del-mas-alla
GBA Norte,Cinemark Hoyts,Cinemark Tortugas,"Ramal Pilar km 36,5, Tortuguitas TOM",Insidious: Fuera del más allá,2D Doblada,14:30,18200,14600,14600,https://cartelera.ar/pelicula/insidious-fuera-del-mas-alla
GBA Norte,Cinemark Hoyts,Cinemark Tortugas,"Ramal Pilar km 36,5, Tortuguitas TOM",Insidious: Fuera del más allá,2D Doblada,17:00,18200,14600,14600,https://cartelera.ar/pelicula/insidious-fuera-del-mas-alla
GBA Norte,Cinemark Hoyts,Cinemark Tortugas,"Ramal Pilar km 36,5, Tortuguitas TOM",Insidious: Fuera del más allá,2D Doblada,18:10,18200,14600,14600,https://cartelera.ar/pelicula/insidious-fuera-del-mas-alla
GBA Norte,Cinemark Hoyts,Cinemark Tortugas,"Ramal Pilar km 36,5, Tortuguitas TOM",Insidious: Fuera del más allá,2D Doblada,19:30,18200,14600,14600,https://cartelera.ar/pelicula/insidious-fuera-del-mas-alla
GBA Norte,Cinemark Hoyts,Cinemark Tortugas,"Ramal Pilar km 36,5, Tortuguitas TOM",Insidious: Fuera del más allá,2D Doblada,22:00,18200,14600,14600,https://cartelera.ar/pelicula/insidious-fuera-del-mas-alla
GBA Norte,Cinemark Hoyts,Cinemark Tortugas,"Ramal Pilar km 36,5, Tortuguitas TOM",Insidious: Fuera del más allá,2D Doblada,23:00,18200,14600,14600,https://cartelera.ar/pelicula/insidious-fuera-del-mas-alla
GBA Norte,Cinemark Hoyts,Cinemark Tortugas,"Ramal Pilar km 36,5, Tortuguitas TOM",Yo Narciso,2D Doblada,13:00,18200,14600,14600,https://cartelera.ar/pelicula/yo-narciso
GBA Norte,Cinemark Hoyts,Cinemark Tortugas,"Ramal Pilar km 36,5, Tortuguitas TOM",Yo Narciso,2D Doblada,15:20,18200,14600,14600,https://cartelera.ar/pelicula/yo-narciso
GBA Norte,Cinemark Hoyts,Cinemark Tortugas,"Ramal Pilar km 36,5, Tortuguitas TOM",Yo Narciso,2D Doblada,17:15,18200,14600,14600,https://cartelera.ar/pelicula/yo-narciso
GBA Norte,Cinemark Hoyts,Cinemark Tortugas,"Ramal Pilar km 36,5, Tortuguitas TOM",Yo Narciso,2D Doblada,17:40,18200,14600,14600,https://cartelera.ar/pelicula/yo-narciso
GBA Norte,Cinemark Hoyts,Cinemark Tortugas,"Ramal Pilar km 36,5, Tortuguitas TOM",Yo Narciso,2D Doblada,20:00,18200,14600,14600,https://cartelera.ar/pelicula/yo-narciso
GBA Norte,Cinemark Hoyts,Cinemark Tortugas,"Ramal Pilar km 36,5, Tortuguitas TOM",Yo Narciso,2D Doblada,20:40,18200,14600,14600,https://cartelera.ar/pelicula/yo-narciso
GBA Norte,Cinemark Hoyts,Cinemark Tortugas,"Ramal Pilar km 36,5, Tortuguitas TOM",Yo Narciso,2D Doblada,22:20,18200,14600,14600,https://cartelera.ar/pelicula/yo-narciso
GBA Norte,Cinemark Hoyts,Cinemark Tortugas,"Ramal Pilar km 36,5, Tortuguitas TOM",PAW Patrol: La Dino Película,2D Doblada,13:30,18200,14600,14600,https://cartelera.ar/pelicula/paw-patrol-la-dino-pelicula
GBA Norte,Cinemark Hoyts,Cinemark Tortugas,"Ramal Pilar km 36,5, Tortuguitas TOM",PAW Patrol: La Dino Película,2D Doblada,15:45,18200,14600,14600,https://cartelera.ar/pelicula/paw-patrol-la-dino-pelicula
GBA Norte,Cinemark Hoyts,Cinemark Tortugas,"Ramal Pilar km 36,5, Tortuguitas TOM",La Odisea,2D Doblada,14:10,18200,14600,14600,https://cartelera.ar/pelicula/la-odisea
GBA Norte,Cinemark Hoyts,Cinemark Tortugas,"Ramal Pilar km 36,5, Tortuguitas TOM",La Odisea,2D Doblada,17:50,18200,14600,14600,https://cartelera.ar/pelicula/la-odisea
GBA Norte,Cinemark Hoyts,Cinemark Tortugas,"Ramal Pilar km 36,5, Tortuguitas TOM",La Odisea,2D Doblada,21:30,18200,14600,14600,https://cartelera.ar/pelicula/la-odisea
GBA Norte,Cinemark Hoyts,Cinemark Tortugas,"Ramal Pilar km 36,5, Tortuguitas TOM",La Odisea,2D Doblada,22:30,18200,14600,14600,https://cartelera.ar/pelicula/la-odisea
GBA Norte,Cinemark Hoyts,Cinemark Tortugas,"Ramal Pilar km 36,5, Tortuguitas TOM",Toy Story 5,2D Doblada,15:30,18200,14600,14600,https://cartelera.ar/pelicula/toy-story-5
GBA Norte,Cinemark Hoyts,Cinemark Tortugas,"Ramal Pilar km 36,5, Tortuguitas TOM",Mi vecino Totoro,2D Doblada,18:00,18200,14600,14600,https://cartelera.ar/pelicula/mi-vecino-totoro
GBA Norte,Cinemark Hoyts,Cinemark Tortugas,"Ramal Pilar km 36,5, Tortuguitas TOM",El Final de la Calle Oak,2D Doblada,20:20,18200,14600,14600,https://cartelera.ar/pelicula/el-final-de-la-calle-oak
GBA Norte,Cinemark Hoyts,Cinemark Tortugas,"Ramal Pilar km 36,5, Tortuguitas TOM",La Muerte De Robin Hood,2D Doblada,22:40,18200,14600,14600,https://cartelera.ar/pelicula/la-muerte-de-robin-hood
GBA Norte,Cinépolis,Cinépolis Pilar,"Panamericana Km. 50, Pilar",Minions & monstruos,2D Doblada,12:00,15000,11400,11400,https://cartelera.ar/pelicula/minions-monstruos
GBA Norte,Cinépolis,Cinépolis Pilar,"Panamericana Km. 50, Pilar",PAW Patrol: La Dino Película,2D Doblada,12:00,15000,11400,11400,https://cartelera.ar/pelicula/paw-patrol-la-dino-pelicula
GBA Norte,Cinépolis,Cinépolis Pilar,"Panamericana Km. 50, Pilar",PAW Patrol: La Dino Película,2D Doblada,14:10,15000,11400,11400,https://cartelera.ar/pelicula/paw-patrol-la-dino-pelicula
GBA Norte,Cinépolis,Cinépolis Pilar,"Panamericana Km. 50, Pilar",Toy Story 5,2D Doblada,12:00,15000,11400,11400,https://cartelera.ar/pelicula/toy-story-5
GBA Norte,Cinépolis,Cinépolis Pilar,"Panamericana Km. 50, Pilar",Toy Story 5,2D Doblada,14:00,15000,11400,11400,https://cartelera.ar/pelicula/toy-story-5
GBA Norte,Cinépolis,Cinépolis Pilar,"Panamericana Km. 50, Pilar",Moana,2D Doblada,12:00,15000,11400,11400,https://cartelera.ar/pelicula/moana
GBA Norte,Cinépolis,Cinépolis Pilar,"Panamericana Km. 50, Pilar",Spider-Man: Un nuevo día,2D Doblada,12:50,15000,11400,11400,https://cartelera.ar/pelicula/spider-man-un-nuevo-dia
GBA Norte,Cinépolis,Cinépolis Pilar,"Panamericana Km. 50, Pilar",Spider-Man: Un nuevo día,2D Doblada,14:00,15000,11400,11400,https://cartelera.ar/pelicula/spider-man-un-nuevo-dia
GBA Norte,Cinépolis,Cinépolis Pilar,"Panamericana Km. 50, Pilar",Spider-Man: Un nuevo día,2D Doblada,17:00,15000,11400,11400,https://cartelera.ar/pelicula/spider-man-un-nuevo-dia
GBA Norte,Cinépolis,Cinépolis Pilar,"Panamericana Km. 50, Pilar",Spider-Man: Un nuevo día,3D Doblada,16:00,18000,11400,11400,https://cartelera.ar/pelicula/spider-man-un-nuevo-dia
GBA Norte,Cinépolis,Cinépolis Pilar,"Panamericana Km. 50, Pilar",Spider-Man: Un nuevo día,3D Doblada,20:00,18000,11400,11400,https://cartelera.ar/pelicula/spider-man-un-nuevo-dia
GBA Norte,Cinépolis,Cinépolis Pilar,"Panamericana Km. 50, Pilar",Spider-Man: Un nuevo día,2D Subtitulada,19:10,15000,11400,11400,https://cartelera.ar/pelicula/spider-man-un-nuevo-dia
GBA Norte,Cinépolis,Cinépolis Pilar,"Panamericana Km. 50, Pilar",Spider-Man: Un nuevo día,2D Subtitulada,23:00,15000,11400,11400,https://cartelera.ar/pelicula/spider-man-un-nuevo-dia
GBA Norte,Cinépolis,Cinépolis Pilar,"Panamericana Km. 50, Pilar",Yo Narciso,2D Doblada,13:00,15000,11400,11400,https://cartelera.ar/pelicula/yo-narciso
GBA Norte,Cinépolis,Cinépolis Pilar,"Panamericana Km. 50, Pilar",Yo Narciso,2D Doblada,15:20,15000,11400,11400,https://cartelera.ar/pelicula/yo-narciso
GBA Norte,Cinépolis,Cinépolis Pilar,"Panamericana Km. 50, Pilar",Yo Narciso,2D Doblada,16:30,15000,11400,11400,https://cartelera.ar/pelicula/yo-narciso
GBA Norte,Cinépolis,Cinépolis Pilar,"Panamericana Km. 50, Pilar",Yo Narciso,2D Doblada,17:50,15000,11400,11400,https://cartelera.ar/pelicula/yo-narciso
GBA Norte,Cinépolis,Cinépolis Pilar,"Panamericana Km. 50, Pilar",Yo Narciso,2D Doblada,19:00,15000,11400,11400,https://cartelera.ar/pelicula/yo-narciso
GBA Norte,Cinépolis,Cinépolis Pilar,"Panamericana Km. 50, Pilar",Yo Narciso,2D Doblada,20:30,15000,11400,11400,https://cartelera.ar/pelicula/yo-narciso
GBA Norte,Cinépolis,Cinépolis Pilar,"Panamericana Km. 50, Pilar",Yo Narciso,2D Doblada,21:20,15000,11400,11400,https://cartelera.ar/pelicula/yo-narciso
GBA Norte,Cinépolis,Cinépolis Pilar,"Panamericana Km. 50, Pilar",Yo Narciso,2D Doblada,22:50,15000,11400,11400,https://cartelera.ar/pelicula/yo-narciso
GBA Norte,Cinépolis,Cinépolis Pilar,"Panamericana Km. 50, Pilar",La noche del demonio: Están entre nosotros,2D Doblada,13:00,15000,11400,11400,https://cartelera.ar/pelicula/la-noche-del-demonio-estan-entre-nosotros
GBA Norte,Cinépolis,Cinépolis Pilar,"Panamericana Km. 50, Pilar",La noche del demonio: Están entre nosotros,2D Doblada,15:30,15000,11400,11400,https://cartelera.ar/pelicula/la-noche-del-demonio-estan-entre-nosotros
GBA Norte,Cinépolis,Cinépolis Pilar,"Panamericana Km. 50, Pilar",La noche del demonio: Están entre nosotros,2D Doblada,18:00,15000,11400,11400,https://cartelera.ar/pelicula/la-noche-del-demonio-estan-entre-nosotros
GBA Norte,Cinépolis,Cinépolis Pilar,"Panamericana Km. 50, Pilar",La noche del demonio: Están entre nosotros,2D Doblada,20:30,15000,11400,11400,https://cartelera.ar/pelicula/la-noche-del-demonio-estan-entre-nosotros
GBA Norte,Cinépolis,Cinépolis Pilar,"Panamericana Km. 50, Pilar",La noche del demonio: Están entre nosotros,2D Doblada,23:00,15000,11400,11400,https://cartelera.ar/pelicula/la-noche-del-demonio-estan-entre-nosotros
GBA Norte,Cinépolis,Cinépolis Pilar,"Panamericana Km. 50, Pilar",La Odisea,2D Subtitulada,14:20,15000,11400,11400,https://cartelera.ar/pelicula/la-odisea
GBA Norte,Cinépolis,Cinépolis Pilar,"Panamericana Km. 50, Pilar",La Odisea,2D Subtitulada,18:00,15000,11400,11400,https://cartelera.ar/pelicula/la-odisea
GBA Norte,Cinépolis,Cinépolis Pilar,"Panamericana Km. 50, Pilar",La Odisea,2D Subtitulada,21:40,15000,11400,11400,https://cartelera.ar/pelicula/la-odisea
GBA Norte,Cinépolis,Cinépolis Pilar,"Panamericana Km. 50, Pilar",La Odisea,2D Subtitulada,22:30,15000,11400,11400,https://cartelera.ar/pelicula/la-odisea
GBA Norte,Cinépolis,Cinépolis Pilar,"Panamericana Km. 50, Pilar",La Odisea,2D Doblada,19:20,15000,11400,11400,https://cartelera.ar/pelicula/la-odisea
GBA Norte,Cinépolis,Cinépolis Pilar,"Panamericana Km. 50, Pilar",La Muerte De Robin Hood,2D Doblada,14:45,15000,11400,11400,https://cartelera.ar/pelicula/la-muerte-de-robin-hood
GBA Norte,Cinépolis,Cinépolis Pilar,"Panamericana Km. 50, Pilar",La Muerte De Robin Hood,2D Subtitulada,22:30,15000,11400,11400,https://cartelera.ar/pelicula/la-muerte-de-robin-hood
GBA Norte,Cinépolis,Cinépolis Pilar,"Panamericana Km. 50, Pilar",Tu Corazón Será Destrozado,2D Doblada,16:20,15000,11400,11400,https://cartelera.ar/pelicula/tu-corazon-sera-destrozado
GBA Norte,Cinépolis,Cinépolis Pilar,"Panamericana Km. 50, Pilar",El Final de la Calle Oak,2D Doblada,17:40,15000,11400,11400,https://cartelera.ar/pelicula/el-final-de-la-calle-oak
GBA Norte,Cinépolis,Cinépolis Pilar,"Panamericana Km. 50, Pilar",El Final de la Calle Oak,2D Subtitulada,22:50,15000,11400,11400,https://cartelera.ar/pelicula/el-final-de-la-calle-oak
GBA Norte,Cinépolis,Cinépolis Pilar,"Panamericana Km. 50, Pilar",La invitación,2D Subtitulada,20:00,15000,11400,11400,https://cartelera.ar/pelicula/la-invitacion
GBA Norte,Cinemark Hoyts,Hoyts Unicenter,"Paraná 3745, Unicenter Shopping",Spider-Man: Un nuevo día,2D Subtitulada,11:00,17600,14000,14000,https://cartelera.ar/pelicula/spider-man-un-nuevo-dia
GBA Norte,Cinemark Hoyts,Hoyts Unicenter,"Paraná 3745, Unicenter Shopping",Spider-Man: Un nuevo día,2D Subtitulada,13:30,17600,14000,14000,https://cartelera.ar/pelicula/spider-man-un-nuevo-dia
GBA Norte,Cinemark Hoyts,Hoyts Unicenter,"Paraná 3745, Unicenter Shopping",Spider-Man: Un nuevo día,2D Subtitulada,14:10,17600,14000,14000,https://cartelera.ar/pelicula/spider-man-un-nuevo-dia
GBA Norte,Cinemark Hoyts,Hoyts Unicenter,"Paraná 3745, Unicenter Shopping",Spider-Man: Un nuevo día,2D Subtitulada,15:45,17600,14000,14000,https://cartelera.ar/pelicula/spider-man-un-nuevo-dia
GBA Norte,Cinemark Hoyts,Hoyts Unicenter,"Paraná 3745, Unicenter Shopping",Spider-Man: Un nuevo día,2D Subtitulada,16:40,17600,14000,14000,https://cartelera.ar/pelicula/spider-man-un-nuevo-dia
GBA Norte,Cinemark Hoyts,Hoyts Unicenter,"Paraná 3745, Unicenter Shopping",Spider-Man: Un nuevo día,2D Subtitulada,17:30,17600,14000,14000,https://cartelera.ar/pelicula/spider-man-un-nuevo-dia
GBA Norte,Cinemark Hoyts,Hoyts Unicenter,"Paraná 3745, Unicenter Shopping",Spider-Man: Un nuevo día,2D Subtitulada,19:50,17600,14000,14000,https://cartelera.ar/pelicula/spider-man-un-nuevo-dia
GBA Norte,Cinemark Hoyts,Hoyts Unicenter,"Paraná 3745, Unicenter Shopping",Spider-Man: Un nuevo día,2D Subtitulada,21:00,17600,14000,14000,https://cartelera.ar/pelicula/spider-man-un-nuevo-dia
GBA Norte,Cinemark Hoyts,Hoyts Unicenter,"Paraná 3745, Unicenter Shopping",Spider-Man: Un nuevo día,2D Subtitulada,23:05,17600,14000,14000,https://cartelera.ar/pelicula/spider-man-un-nuevo-dia
GBA Norte,Cinemark Hoyts,Hoyts Unicenter,"Paraná 3745, Unicenter Shopping",Spider-Man: Un nuevo día,2D Doblada,12:10,17600,14000,14000,https://cartelera.ar/pelicula/spider-man-un-nuevo-dia
GBA Norte,Cinemark Hoyts,Hoyts Unicenter,"Paraná 3745, Unicenter Shopping",Spider-Man: Un nuevo día,2D Doblada,12:40,17600,14000,14000,https://cartelera.ar/pelicula/spider-man-un-nuevo-dia
GBA Norte,Cinemark Hoyts,Hoyts Unicenter,"Paraná 3745, Unicenter Shopping",Spider-Man: Un nuevo día,2D Doblada,15:25,17600,14000,14000,https://cartelera.ar/pelicula/spider-man-un-nuevo-dia
GBA Norte,Cinemark Hoyts,Hoyts Unicenter,"Paraná 3745, Unicenter Shopping",Spider-Man: Un nuevo día,2D Doblada,18:35,17600,14000,14000,https://cartelera.ar/pelicula/spider-man-un-nuevo-dia
GBA Norte,Cinemark Hoyts,Hoyts Unicenter,"Paraná 3745, Unicenter Shopping",Spider-Man: Un nuevo día,2D Doblada,19:00,17600,14000,14000,https://cartelera.ar/pelicula/spider-man-un-nuevo-dia
GBA Norte,Cinemark Hoyts,Hoyts Unicenter,"Paraná 3745, Unicenter Shopping",Spider-Man: Un nuevo día,2D Doblada,21:45,17600,14000,14000,https://cartelera.ar/pelicula/spider-man-un-nuevo-dia
GBA Norte,Cinemark Hoyts,Hoyts Unicenter,"Paraná 3745, Unicenter Shopping",Spider-Man: Un nuevo día,2D Doblada,22:20,17600,14000,14000,https://cartelera.ar/pelicula/spider-man-un-nuevo-dia
GBA Norte,Cinemark Hoyts,Hoyts Unicenter,"Paraná 3745, Unicenter Shopping",Spider-Man: Un nuevo día,2D Doblada,23:00,17600,14000,14000,https://cartelera.ar/pelicula/spider-man-un-nuevo-dia
GBA Norte,Cinemark Hoyts,Hoyts Unicenter,"Paraná 3745, Unicenter Shopping",Spider-Man: Un nuevo día,3D Doblada,12:30,23000,7300,7300,https://cartelera.ar/pelicula/spider-man-un-nuevo-dia
GBA Norte,Cinemark Hoyts,Hoyts Unicenter,"Paraná 3745, Unicenter Shopping",Spider-Man: Un nuevo día,3D Doblada,13:10,23000,7300,7300,https://cartelera.ar/pelicula/spider-man-un-nuevo-dia
GBA Norte,Cinemark Hoyts,Hoyts Unicenter,"Paraná 3745, Unicenter Shopping",Spider-Man: Un nuevo día,3D Doblada,15:40,23000,7300,7300,https://cartelera.ar/pelicula/spider-man-un-nuevo-dia
GBA Norte,Cinemark Hoyts,Hoyts Unicenter,"Paraná 3745, Unicenter Shopping",Spider-Man: Un nuevo día,3D Doblada,16:20,23000,7300,7300,https://cartelera.ar/pelicula/spider-man-un-nuevo-dia
GBA Norte,Cinemark Hoyts,Hoyts Unicenter,"Paraná 3745, Unicenter Shopping",Spider-Man: Un nuevo día,3D Subtitulada,18:50,23000,7300,7300,https://cartelera.ar/pelicula/spider-man-un-nuevo-dia
GBA Norte,Cinemark Hoyts,Hoyts Unicenter,"Paraná 3745, Unicenter Shopping",Spider-Man: Un nuevo día,3D Subtitulada,19:30,23000,7300,7300,https://cartelera.ar/pelicula/spider-man-un-nuevo-dia
GBA Norte,Cinemark Hoyts,Hoyts Unicenter,"Paraná 3745, Unicenter Shopping",Spider-Man: Un nuevo día,3D Subtitulada,22:05,23000,7300,7300,https://cartelera.ar/pelicula/spider-man-un-nuevo-dia
GBA Norte,Cinemark Hoyts,Hoyts Unicenter,"Paraná 3745, Unicenter Shopping",Spider-Man: Un nuevo día,3D Subtitulada,22:40,23000,7300,7300,https://cartelera.ar/pelicula/spider-man-un-nuevo-dia
GBA Norte,Cinemark Hoyts,Hoyts Unicenter,"Paraná 3745, Unicenter Shopping",Yo Narciso,2D Doblada,11:30,17600,14000,14000,https://cartelera.ar/pelicula/yo-narciso
GBA Norte,Cinemark Hoyts,Hoyts Unicenter,"Paraná 3745, Unicenter Shopping",Yo Narciso,2D Doblada,12:45,17600,14000,14000,https://cartelera.ar/pelicula/yo-narciso
GBA Norte,Cinemark Hoyts,Hoyts Unicenter,"Paraná 3745, Unicenter Shopping",Yo Narciso,2D Doblada,12:50,17600,14000,14000,https://cartelera.ar/pelicula/yo-narciso
GBA Norte,Cinemark Hoyts,Hoyts Unicenter,"Paraná 3745, Unicenter Shopping",Yo Narciso,2D Doblada,13:40,17600,14000,14000,https://cartelera.ar/pelicula/yo-narciso
GBA Norte,Cinemark Hoyts,Hoyts Unicenter,"Paraná 3745, Unicenter Shopping",Yo Narciso,2D Doblada,13:45,17600,14000,14000,https://cartelera.ar/pelicula/yo-narciso
GBA Norte,Cinemark Hoyts,Hoyts Unicenter,"Paraná 3745, Unicenter Shopping",Yo Narciso,2D Doblada,14:55,17600,14000,14000,https://cartelera.ar/pelicula/yo-narciso
GBA Norte,Cinemark Hoyts,Hoyts Unicenter,"Paraná 3745, Unicenter Shopping",Yo Narciso,2D Doblada,15:50,17600,14000,14000,https://cartelera.ar/pelicula/yo-narciso
GBA Norte,Cinemark Hoyts,Hoyts Unicenter,"Paraná 3745, Unicenter Shopping",Yo Narciso,2D Doblada,16:00,17600,14000,14000,https://cartelera.ar/pelicula/yo-narciso
GBA Norte,Cinemark Hoyts,Hoyts Unicenter,"Paraná 3745, Unicenter Shopping",Yo Narciso,2D Doblada,17:10,17600,14000,14000,https://cartelera.ar/pelicula/yo-narciso
GBA Norte,Cinemark Hoyts,Hoyts Unicenter,"Paraná 3745, Unicenter Shopping",Yo Narciso,2D Doblada,18:10,17600,14000,14000,https://cartelera.ar/pelicula/yo-narciso
GBA Norte,Cinemark Hoyts,Hoyts Unicenter,"Paraná 3745, Unicenter Shopping",Yo Narciso,2D Doblada,18:15,17600,14000,14000,https://cartelera.ar/pelicula/yo-narciso
GBA Norte,Cinemark Hoyts,Hoyts Unicenter,"Paraná 3745, Unicenter Shopping",Yo Narciso,2D Doblada,19:40,17600,14000,14000,https://cartelera.ar/pelicula/yo-narciso
GBA Norte,Cinemark Hoyts,Hoyts Unicenter,"Paraná 3745, Unicenter Shopping",Yo Narciso,2D Doblada,20:30,17600,14000,14000,https://cartelera.ar/pelicula/yo-narciso
GBA Norte,Cinemark Hoyts,Hoyts Unicenter,"Paraná 3745, Unicenter Shopping",Yo Narciso,2D Doblada,20:40,17600,14000,14000,https://cartelera.ar/pelicula/yo-narciso
GBA Norte,Cinemark Hoyts,Hoyts Unicenter,"Paraná 3745, Unicenter Shopping",Yo Narciso,2D Doblada,22:00,17600,14000,14000,https://cartelera.ar/pelicula/yo-narciso
GBA Norte,Cinemark Hoyts,Hoyts Unicenter,"Paraná 3745, Unicenter Shopping",Yo Narciso,2D Doblada,22:45,17600,14000,14000,https://cartelera.ar/pelicula/yo-narciso
GBA Norte,Cinemark Hoyts,Hoyts Unicenter,"Paraná 3745, Unicenter Shopping",Yo Narciso,2D Doblada,23:00,17600,14000,14000,https://cartelera.ar/pelicula/yo-narciso
GBA Norte,Cinemark Hoyts,Hoyts Unicenter,"Paraná 3745, Unicenter Shopping",Insidious: Fuera del más allá,2D Doblada,12:20,17600,14000,14000,https://cartelera.ar/pelicula/insidious-fuera-del-mas-alla
GBA Norte,Cinemark Hoyts,Hoyts Unicenter,"Paraná 3745, Unicenter Shopping",Insidious: Fuera del más allá,2D Doblada,13:00,17600,14000,14000,https://cartelera.ar/pelicula/insidious-fuera-del-mas-alla
GBA Norte,Cinemark Hoyts,Hoyts Unicenter,"Paraná 3745, Unicenter Shopping",Insidious: Fuera del más allá,2D Doblada,14:50,17600,14000,14000,https://cartelera.ar/pelicula/insidious-fuera-del-mas-alla
GBA Norte,Cinemark Hoyts,Hoyts Unicenter,"Paraná 3745, Unicenter Shopping",Insidious: Fuera del más allá,2D Doblada,19:45,17600,14000,14000,https://cartelera.ar/pelicula/insidious-fuera-del-mas-alla
GBA Norte,Cinemark Hoyts,Hoyts Unicenter,"Paraná 3745, Unicenter Shopping",Insidious: Fuera del más allá,2D Doblada,22:10,17600,14000,14000,https://cartelera.ar/pelicula/insidious-fuera-del-mas-alla
GBA Norte,Cinemark Hoyts,Hoyts Unicenter,"Paraná 3745, Unicenter Shopping",Insidious: Fuera del más allá,2D Subtitulada,15:30,17600,14000,14000,https://cartelera.ar/pelicula/insidious-fuera-del-mas-alla
GBA Norte,Cinemark Hoyts,Hoyts Unicenter,"Paraná 3745, Unicenter Shopping",Insidious: Fuera del más allá,2D Subtitulada,17:15,17600,14000,14000,https://cartelera.ar/pelicula/insidious-fuera-del-mas-alla
GBA Norte,Cinemark Hoyts,Hoyts Unicenter,"Paraná 3745, Unicenter Shopping",Insidious: Fuera del más allá,2D Subtitulada,20:30,17600,14000,14000,https://cartelera.ar/pelicula/insidious-fuera-del-mas-alla
GBA Norte,Cinemark Hoyts,Hoyts Unicenter,"Paraná 3745, Unicenter Shopping",Insidious: Fuera del más allá,2D Subtitulada,22:50,17600,14000,14000,https://cartelera.ar/pelicula/insidious-fuera-del-mas-alla
GBA Norte,Cinemark Hoyts,Hoyts Unicenter,"Paraná 3745, Unicenter Shopping",Toy Story 5,2D Doblada,12:25,17600,14000,14000,https://cartelera.ar/pelicula/toy-story-5
GBA Norte,Cinemark Hoyts,Hoyts Unicenter,"Paraná 3745, Unicenter Shopping",Toy Story 5,2D Doblada,15:20,17600,14000,14000,https://cartelera.ar/pelicula/toy-story-5
GBA Norte,Cinemark Hoyts,Hoyts Unicenter,"Paraná 3745, Unicenter Shopping",Toy Story 5,2D Doblada,17:50,17600,14000,14000,https://cartelera.ar/pelicula/toy-story-5
GBA Norte,Cinemark Hoyts,Hoyts Unicenter,"Paraná 3745, Unicenter Shopping",PAW Patrol: La Dino Película,2D Doblada,12:35,17600,14000,14000,https://cartelera.ar/pelicula/paw-patrol-la-dino-pelicula
GBA Norte,Cinemark Hoyts,Hoyts Unicenter,"Paraná 3745, Unicenter Shopping",PAW Patrol: La Dino Película,2D Doblada,14:45,17600,14000,14000,https://cartelera.ar/pelicula/paw-patrol-la-dino-pelicula
GBA Norte,Cinemark Hoyts,Hoyts Unicenter,"Paraná 3745, Unicenter Shopping",PAW Patrol: La Dino Película,2D Doblada,17:00,17600,14000,14000,https://cartelera.ar/pelicula/paw-patrol-la-dino-pelicula
GBA Norte,Cinemark Hoyts,Hoyts Unicenter,"Paraná 3745, Unicenter Shopping",Minions & monstruos,2D Doblada,12:55,17600,14000,14000,https://cartelera.ar/pelicula/minions-monstruos
GBA Norte,Cinemark Hoyts,Hoyts Unicenter,"Paraná 3745, Unicenter Shopping",Minions & monstruos,2D Doblada,15:10,17600,14000,14000,https://cartelera.ar/pelicula/minions-monstruos
GBA Norte,Cinemark Hoyts,Hoyts Unicenter,"Paraná 3745, Unicenter Shopping",La Odisea,2D Subtitulada,13:20,17600,14000,14000,https://cartelera.ar/pelicula/la-odisea
GBA Norte,Cinemark Hoyts,Hoyts Unicenter,"Paraná 3745, Unicenter Shopping",La Odisea,2D Subtitulada,17:20,17600,14000,14000,https://cartelera.ar/pelicula/la-odisea
GBA Norte,Cinemark Hoyts,Hoyts Unicenter,"Paraná 3745, Unicenter Shopping",La Odisea,2D Subtitulada,18:40,17600,14000,14000,https://cartelera.ar/pelicula/la-odisea
GBA Norte,Cinemark Hoyts,Hoyts Unicenter,"Paraná 3745, Unicenter Shopping",La Odisea,2D Subtitulada,21:20,17600,14000,14000,https://cartelera.ar/pelicula/la-odisea
GBA Norte,Cinemark Hoyts,Hoyts Unicenter,"Paraná 3745, Unicenter Shopping",La Odisea,2D Subtitulada,22:25,17600,14000,14000,https://cartelera.ar/pelicula/la-odisea
GBA Norte,Cinemark Hoyts,Hoyts Unicenter,"Paraná 3745, Unicenter Shopping",La Odisea,2D Doblada,15:00,17600,14000,14000,https://cartelera.ar/pelicula/la-odisea
GBA Norte,Cinemark Hoyts,Hoyts Unicenter,"Paraná 3745, Unicenter Shopping",El Final de la Calle Oak,2D Doblada,17:30,17600,14000,14000,https://cartelera.ar/pelicula/el-final-de-la-calle-oak
GBA Norte,Cinemark Hoyts,Hoyts Unicenter,"Paraná 3745, Unicenter Shopping",El Final de la Calle Oak,2D Subtitulada,19:55,17600,14000,14000,https://cartelera.ar/pelicula/el-final-de-la-calle-oak
GBA Norte,Cinemark Hoyts,Hoyts Unicenter,"Paraná 3745, Unicenter Shopping",El Final de la Calle Oak,2D Subtitulada,22:15,17600,14000,14000,https://cartelera.ar/pelicula/el-final-de-la-calle-oak
GBA Norte,Cinemark Hoyts,Hoyts Unicenter,"Paraná 3745, Unicenter Shopping",Mi vecino Totoro,2D Subtitulada,18:00,17600,14000,14000,https://cartelera.ar/pelicula/mi-vecino-totoro
GBA Norte,Cinemark Hoyts,Hoyts Unicenter,"Paraná 3745, Unicenter Shopping",La invitación,2D Subtitulada,19:20,17600,14000,14000,https://cartelera.ar/pelicula/la-invitacion
GBA Norte,Cinemark Hoyts,Hoyts Unicenter,"Paraná 3745, Unicenter Shopping",La invitación,2D Subtitulada,20:35,17600,14000,14000,https://cartelera.ar/pelicula/la-invitacion
GBA Norte,Cinemark Hoyts,Hoyts Unicenter,"Paraná 3745, Unicenter Shopping",La Muerte De Robin Hood,2D Subtitulada,22:30,17600,14000,14000,https://cartelera.ar/pelicula/la-muerte-de-robin-hood
GBA Norte,Showcase,IMAX Showcase Norte,"Av. Ricardo Balbín 2550, Shopping Norcenter",La Odisea,IMAX Subtitulada,13:05,19500,,15000,https://cartelera.ar/pelicula/la-odisea
GBA Norte,Showcase,IMAX Showcase Norte,"Av. Ricardo Balbín 2550, Shopping Norcenter",La Odisea,IMAX Subtitulada,19:00,19500,,15000,https://cartelera.ar/pelicula/la-odisea
GBA Norte,Showcase,IMAX Showcase Norte,"Av. Ricardo Balbín 2550, Shopping Norcenter",La Odisea,IMAX Subtitulada,22:35,19500,,15000,https://cartelera.ar/pelicula/la-odisea
GBA Norte,Showcase,IMAX Showcase Norte,"Av. Ricardo Balbín 2550, Shopping Norcenter",El Final de la Calle Oak,IMAX Subtitulada,16:40,19500,,15000,https://cartelera.ar/pelicula/el-final-de-la-calle-oak
GBA Norte,Multiplex,Multiplex Pilar,"Las Magnolias 754, Palmas del Pilar",PAW Patrol: La Dino Película,2D Doblada,12:10,8000,5300,5300,https://cartelera.ar/pelicula/paw-patrol-la-dino-pelicula
GBA Norte,Multiplex,Multiplex Pilar,"Las Magnolias 754, Palmas del Pilar",PAW Patrol: La Dino Película,2D Doblada,13:50,8000,5300,5300,https://cartelera.ar/pelicula/paw-patrol-la-dino-pelicula
GBA Norte,Multiplex,Multiplex Pilar,"Las Magnolias 754, Palmas del Pilar",PAW Patrol: La Dino Película,2D Doblada,15:40,8000,5300,5300,https://cartelera.ar/pelicula/paw-patrol-la-dino-pelicula
GBA Norte,Multiplex,Multiplex Pilar,"Las Magnolias 754, Palmas del Pilar",Minions & monstruos,3D Doblada,12:10,,,,https://cartelera.ar/pelicula/minions-monstruos
GBA Norte,Multiplex,Multiplex Pilar,"Las Magnolias 754, Palmas del Pilar",Spider-Man: Un nuevo día,2D Subtitulada,12:20,8000,5300,5300,https://cartelera.ar/pelicula/spider-man-un-nuevo-dia
GBA Norte,Multiplex,Multiplex Pilar,"Las Magnolias 754, Palmas del Pilar",Spider-Man: Un nuevo día,2D Subtitulada,15:10,8000,5300,5300,https://cartelera.ar/pelicula/spider-man-un-nuevo-dia
GBA Norte,Multiplex,Multiplex Pilar,"Las Magnolias 754, Palmas del Pilar",Spider-Man: Un nuevo día,2D Subtitulada,20:20,8000,5300,5300,https://cartelera.ar/pelicula/spider-man-un-nuevo-dia
GBA Norte,Multiplex,Multiplex Pilar,"Las Magnolias 754, Palmas del Pilar",Spider-Man: Un nuevo día,2D Doblada,12:30,8000,5300,5300,https://cartelera.ar/pelicula/spider-man-un-nuevo-dia
GBA Norte,Multiplex,Multiplex Pilar,"Las Magnolias 754, Palmas del Pilar",Spider-Man: Un nuevo día,2D Doblada,12:50,8000,5300,5300,https://cartelera.ar/pelicula/spider-man-un-nuevo-dia
GBA Norte,Multiplex,Multiplex Pilar,"Las Magnolias 754, Palmas del Pilar",Spider-Man: Un nuevo día,2D Doblada,15:50,8000,5300,5300,https://cartelera.ar/pelicula/spider-man-un-nuevo-dia
GBA Norte,Multiplex,Multiplex Pilar,"Las Magnolias 754, Palmas del Pilar",Spider-Man: Un nuevo día,2D Doblada,17:30,8000,5300,5300,https://cartelera.ar/pelicula/spider-man-un-nuevo-dia
GBA Norte,Multiplex,Multiplex Pilar,"Las Magnolias 754, Palmas del Pilar",Spider-Man: Un nuevo día,2D Doblada,18:50,8000,5300,5300,https://cartelera.ar/pelicula/spider-man-un-nuevo-dia
GBA Norte,Multiplex,Multiplex Pilar,"Las Magnolias 754, Palmas del Pilar",Spider-Man: Un nuevo día,2D Doblada,21:40,8000,5300,5300,https://cartelera.ar/pelicula/spider-man-un-nuevo-dia
GBA Norte,Multiplex,Multiplex Pilar,"Las Magnolias 754, Palmas del Pilar",Spider-Man: Un nuevo día,XD Doblada,13:00,8000,5300,5300,https://cartelera.ar/pelicula/spider-man-un-nuevo-dia
GBA Norte,Multiplex,Multiplex Pilar,"Las Magnolias 754, Palmas del Pilar",Spider-Man: Un nuevo día,XD Doblada,16:00,8000,5300,5300,https://cartelera.ar/pelicula/spider-man-un-nuevo-dia
GBA Norte,Multiplex,Multiplex Pilar,"Las Magnolias 754, Palmas del Pilar",Spider-Man: Un nuevo día,XD Doblada,19:00,8000,5300,5300,https://cartelera.ar/pelicula/spider-man-un-nuevo-dia
GBA Norte,Multiplex,Multiplex Pilar,"Las Magnolias 754, Palmas del Pilar",Spider-Man: Un nuevo día,XD Doblada,22:00,8000,5300,5300,https://cartelera.ar/pelicula/spider-man-un-nuevo-dia
GBA Norte,Multiplex,Multiplex Pilar,"Las Magnolias 754, Palmas del Pilar",Spider-Man: Un nuevo día,3D Doblada,14:10,8000,5300,5300,https://cartelera.ar/pelicula/spider-man-un-nuevo-dia
GBA Norte,Multiplex,Multiplex Pilar,"Las Magnolias 754, Palmas del Pilar",Spider-Man: Un nuevo día,3D Doblada,17:00,8000,5300,5300,https://cartelera.ar/pelicula/spider-man-un-nuevo-dia
GBA Norte,Multiplex,Multiplex Pilar,"Las Magnolias 754, Palmas del Pilar",Spider-Man: Un nuevo día,3D Doblada,19:50,8000,5300,5300,https://cartelera.ar/pelicula/spider-man-un-nuevo-dia
GBA Norte,Multiplex,Multiplex Pilar,"Las Magnolias 754, Palmas del Pilar",Spider-Man: Un nuevo día,3D Doblada,22:40,8000,5300,5300,https://cartelera.ar/pelicula/spider-man-un-nuevo-dia
GBA Norte,Multiplex,Multiplex Pilar,"Las Magnolias 754, Palmas del Pilar",Toy Story 5,2D Doblada,12:50,8000,5300,5300,https://cartelera.ar/pelicula/toy-story-5
GBA Norte,Multiplex,Multiplex Pilar,"Las Magnolias 754, Palmas del Pilar",Toy Story 5,2D Doblada,15:00,8000,5300,5300,https://cartelera.ar/pelicula/toy-story-5
GBA Norte,Multiplex,Multiplex Pilar,"Las Magnolias 754, Palmas del Pilar",Yo Narciso,2D Doblada,13:10,8000,5300,5300,https://cartelera.ar/pelicula/yo-narciso
GBA Norte,Multiplex,Multiplex Pilar,"Las Magnolias 754, Palmas del Pilar",Yo Narciso,2D Doblada,15:10,8000,5300,5300,https://cartelera.ar/pelicula/yo-narciso
GBA Norte,Multiplex,Multiplex Pilar,"Las Magnolias 754, Palmas del Pilar",Yo Narciso,2D Doblada,17:10,8000,5300,5300,https://cartelera.ar/pelicula/yo-narciso
GBA Norte,Multiplex,Multiplex Pilar,"Las Magnolias 754, Palmas del Pilar",Yo Narciso,2D Doblada,19:10,8000,5300,5300,https://cartelera.ar/pelicula/yo-narciso
GBA Norte,Multiplex,Multiplex Pilar,"Las Magnolias 754, Palmas del Pilar",Yo Narciso,2D Doblada,21:10,8000,5300,5300,https://cartelera.ar/pelicula/yo-narciso
GBA Norte,Multiplex,Multiplex Pilar,"Las Magnolias 754, Palmas del Pilar",Yo Narciso,2D Doblada,23:10,8000,5300,5300,https://cartelera.ar/pelicula/yo-narciso
GBA Norte,Multiplex,Multiplex Pilar,"Las Magnolias 754, Palmas del Pilar",El Final de la Calle Oak,2D Doblada,13:20,8000,5300,5300,https://cartelera.ar/pelicula/el-final-de-la-calle-oak
GBA Norte,Multiplex,Multiplex Pilar,"Las Magnolias 754, Palmas del Pilar",El Final de la Calle Oak,2D Doblada,15:20,8000,5300,5300,https://cartelera.ar/pelicula/el-final-de-la-calle-oak
GBA Norte,Multiplex,Multiplex Pilar,"Las Magnolias 754, Palmas del Pilar",El Final de la Calle Oak,2D Doblada,17:20,8000,5300,5300,https://cartelera.ar/pelicula/el-final-de-la-calle-oak
GBA Norte,Multiplex,Multiplex Pilar,"Las Magnolias 754, Palmas del Pilar",La Odisea,2D Doblada,15:20,8000,5300,5300,https://cartelera.ar/pelicula/la-odisea
GBA Norte,Multiplex,Multiplex Pilar,"Las Magnolias 754, Palmas del Pilar",La Odisea,2D Doblada,19:30,8000,5300,5300,https://cartelera.ar/pelicula/la-odisea
GBA Norte,Multiplex,Multiplex Pilar,"Las Magnolias 754, Palmas del Pilar",La Odisea,2D Subtitulada,18:00,8000,5300,5300,https://cartelera.ar/pelicula/la-odisea
GBA Norte,Multiplex,Multiplex Pilar,"Las Magnolias 754, Palmas del Pilar",La Odisea,2D Subtitulada,21:20,8000,5300,5300,https://cartelera.ar/pelicula/la-odisea
GBA Norte,Multiplex,Multiplex Pilar,"Las Magnolias 754, Palmas del Pilar",La Odisea,2D Subtitulada,22:10,8000,5300,5300,https://cartelera.ar/pelicula/la-odisea
GBA Norte,Multiplex,Multiplex Pilar,"Las Magnolias 754, Palmas del Pilar",El Gran Falsificador,2D Subtitulada,17:20,8000,5300,5300,https://cartelera.ar/pelicula/el-gran-falsificador
GBA Norte,Multiplex,Multiplex Pilar,"Las Magnolias 754, Palmas del Pilar",La noche del demonio: Están entre nosotros,2D Doblada,18:40,8000,5300,5300,https://cartelera.ar/pelicula/la-noche-del-demonio-estan-entre-nosotros
GBA Norte,Multiplex,Multiplex Pilar,"Las Magnolias 754, Palmas del Pilar",La noche del demonio: Están entre nosotros,2D Doblada,20:50,8000,5300,5300,https://cartelera.ar/pelicula/la-noche-del-demonio-estan-entre-nosotros
GBA Norte,Multiplex,Multiplex Pilar,"Las Magnolias 754, Palmas del Pilar",La noche del demonio: Están entre nosotros,2D Doblada,23:00,8000,5300,5300,https://cartelera.ar/pelicula/la-noche-del-demonio-estan-entre-nosotros
GBA Norte,Multiplex,Multiplex Pilar,"Las Magnolias 754, Palmas del Pilar",La invitación,2D Subtitulada,20:00,8000,5300,5300,https://cartelera.ar/pelicula/la-invitacion
GBA Norte,Multiplex,Multiplex Pilar,"Las Magnolias 754, Palmas del Pilar",La Muerte De Robin Hood,2D Subtitulada,22:50,8000,5300,5300,https://cartelera.ar/pelicula/la-muerte-de-robin-hood
GBA Norte,Multiplex,Multiplex Pilar,"Las Magnolias 754, Palmas del Pilar",Obsesión,2D Doblada,23:10,8000,5300,5300,https://cartelera.ar/pelicula/obsesion
GBA Norte,Showcase,Showcase Norte (Norcenter),"Colectora Panamericana 3750, Norcenter",Spider-Man: Un nuevo día,2D Doblada,13:15,14000,5500,11000,https://cartelera.ar/pelicula/spider-man-un-nuevo-dia
GBA Norte,Showcase,Showcase Norte (Norcenter),"Colectora Panamericana 3750, Norcenter",Spider-Man: Un nuevo día,2D Doblada,15:20,14000,5500,11000,https://cartelera.ar/pelicula/spider-man-un-nuevo-dia
GBA Norte,Showcase,Showcase Norte (Norcenter),"Colectora Panamericana 3750, Norcenter",Spider-Man: Un nuevo día,2D Doblada,16:15,14000,5500,11000,https://cartelera.ar/pelicula/spider-man-un-nuevo-dia
GBA Norte,Showcase,Showcase Norte (Norcenter),"Colectora Panamericana 3750, Norcenter",Spider-Man: Un nuevo día,2D Doblada,18:25,14000,5500,11000,https://cartelera.ar/pelicula/spider-man-un-nuevo-dia
GBA Norte,Showcase,Showcase Norte (Norcenter),"Colectora Panamericana 3750, Norcenter",Spider-Man: Un nuevo día,2D Doblada,19:15,14000,5500,11000,https://cartelera.ar/pelicula/spider-man-un-nuevo-dia
GBA Norte,Showcase,Showcase Norte (Norcenter),"Colectora Panamericana 3750, Norcenter",Spider-Man: Un nuevo día,2D Doblada,22:15,14000,5500,11000,https://cartelera.ar/pelicula/spider-man-un-nuevo-dia
GBA Norte,Showcase,Showcase Norte (Norcenter),"Colectora Panamericana 3750, Norcenter",Spider-Man: Un nuevo día,3D Doblada,13:30,15500,,12000,https://cartelera.ar/pelicula/spider-man-un-nuevo-dia
GBA Norte,Showcase,Showcase Norte (Norcenter),"Colectora Panamericana 3750, Norcenter",Spider-Man: Un nuevo día,3D Doblada,16:30,15500,,12000,https://cartelera.ar/pelicula/spider-man-un-nuevo-dia
GBA Norte,Showcase,Showcase Norte (Norcenter),"Colectora Panamericana 3750, Norcenter",Spider-Man: Un nuevo día,3D Doblada,19:30,15500,,12000,https://cartelera.ar/pelicula/spider-man-un-nuevo-dia
GBA Norte,Showcase,Showcase Norte (Norcenter),"Colectora Panamericana 3750, Norcenter",Spider-Man: Un nuevo día,3D Doblada,22:30,15500,,12000,https://cartelera.ar/pelicula/spider-man-un-nuevo-dia
GBA Norte,Showcase,Showcase Norte (Norcenter),"Colectora Panamericana 3750, Norcenter",Spider-Man: Un nuevo día,2D Subtitulada,13:45,14000,5500,11000,https://cartelera.ar/pelicula/spider-man-un-nuevo-dia
GBA Norte,Showcase,Showcase Norte (Norcenter),"Colectora Panamericana 3750, Norcenter",Spider-Man: Un nuevo día,2D Subtitulada,16:00,14000,5500,11000,https://cartelera.ar/pelicula/spider-man-un-nuevo-dia
GBA Norte,Showcase,Showcase Norte (Norcenter),"Colectora Panamericana 3750, Norcenter",Spider-Man: Un nuevo día,2D Subtitulada,16:45,14000,5500,11000,https://cartelera.ar/pelicula/spider-man-un-nuevo-dia
GBA Norte,Showcase,Showcase Norte (Norcenter),"Colectora Panamericana 3750, Norcenter",Spider-Man: Un nuevo día,2D Subtitulada,19:00,14000,5500,11000,https://cartelera.ar/pelicula/spider-man-un-nuevo-dia
GBA Norte,Showcase,Showcase Norte (Norcenter),"Colectora Panamericana 3750, Norcenter",Spider-Man: Un nuevo día,2D Subtitulada,19:45,14000,5500,11000,https://cartelera.ar/pelicula/spider-man-un-nuevo-dia
GBA Norte,Showcase,Showcase Norte (Norcenter),"Colectora Panamericana 3750, Norcenter",Spider-Man: Un nuevo día,2D Subtitulada,22:00,14000,5500,11000,https://cartelera.ar/pelicula/spider-man-un-nuevo-dia
GBA Norte,Showcase,Showcase Norte (Norcenter),"Colectora Panamericana 3750, Norcenter",Spider-Man: Un nuevo día,2D Subtitulada,22:45,14000,5500,11000,https://cartelera.ar/pelicula/spider-man-un-nuevo-dia
GBA Norte,Showcase,Showcase Norte (Norcenter),"Colectora Panamericana 3750, Norcenter",PAW Patrol: La Dino Película,2D Doblada,13:40,14000,5500,11000,https://cartelera.ar/pelicula/paw-patrol-la-dino-pelicula
GBA Norte,Showcase,Showcase Norte (Norcenter),"Colectora Panamericana 3750, Norcenter",PAW Patrol: La Dino Película,2D Doblada,15:55,14000,5500,11000,https://cartelera.ar/pelicula/paw-patrol-la-dino-pelicula
GBA Norte,Showcase,Showcase Norte (Norcenter),"Colectora Panamericana 3750, Norcenter",Mi vecino Totoro,2D Doblada,13:55,14000,5500,11000,https://cartelera.ar/pelicula/mi-vecino-totoro
GBA Norte,Showcase,Showcase Norte (Norcenter),"Colectora Panamericana 3750, Norcenter",Mi vecino Totoro,2D Subtitulada,18:00,14000,5500,11000,https://cartelera.ar/pelicula/mi-vecino-totoro
GBA Norte,Showcase,Showcase Norte (Norcenter),"Colectora Panamericana 3750, Norcenter",Minions & monstruos,2D Doblada,14:00,14000,5500,11000,https://cartelera.ar/pelicula/minions-monstruos
GBA Norte,Showcase,Showcase Norte (Norcenter),"Colectora Panamericana 3750, Norcenter",Minions & monstruos,2D Doblada,16:10,14000,5500,11000,https://cartelera.ar/pelicula/minions-monstruos
GBA Norte,Showcase,Showcase Norte (Norcenter),"Colectora Panamericana 3750, Norcenter",La invitación,2D Subtitulada,14:10,14000,5500,11000,https://cartelera.ar/pelicula/la-invitacion
GBA Norte,Showcase,Showcase Norte (Norcenter),"Colectora Panamericana 3750, Norcenter",La invitación,2D Subtitulada,19:20,14000,5500,11000,https://cartelera.ar/pelicula/la-invitacion
GBA Norte,Showcase,Showcase Norte (Norcenter),"Colectora Panamericana 3750, Norcenter",La invitación,2D Subtitulada,21:45,14000,5500,11000,https://cartelera.ar/pelicula/la-invitacion
GBA Norte,Showcase,Showcase Norte (Norcenter),"Colectora Panamericana 3750, Norcenter",El Final de la Calle Oak,2D Doblada,14:30,14000,5500,11000,https://cartelera.ar/pelicula/el-final-de-la-calle-oak
GBA Norte,Showcase,Showcase Norte (Norcenter),"Colectora Panamericana 3750, Norcenter",El Final de la Calle Oak,2D Doblada,17:10,14000,5500,11000,https://cartelera.ar/pelicula/el-final-de-la-calle-oak
GBA Norte,Showcase,Showcase Norte (Norcenter),"Colectora Panamericana 3750, Norcenter",El Final de la Calle Oak,2D Subtitulada,20:05,14000,5500,11000,https://cartelera.ar/pelicula/el-final-de-la-calle-oak
GBA Norte,Showcase,Showcase Norte (Norcenter),"Colectora Panamericana 3750, Norcenter",El Final de la Calle Oak,2D Subtitulada,22:25,14000,5500,11000,https://cartelera.ar/pelicula/el-final-de-la-calle-oak
GBA Norte,Showcase,Showcase Norte (Norcenter),"Colectora Panamericana 3750, Norcenter",La noche del demonio: Están entre nosotros,2D Doblada,14:35,14000,5500,11000,https://cartelera.ar/pelicula/la-noche-del-demonio-estan-entre-nosotros
GBA Norte,Showcase,Showcase Norte (Norcenter),"Colectora Panamericana 3750, Norcenter",La noche del demonio: Están entre nosotros,2D Doblada,17:00,14000,5500,11000,https://cartelera.ar/pelicula/la-noche-del-demonio-estan-entre-nosotros
GBA Norte,Showcase,Showcase Norte (Norcenter),"Colectora Panamericana 3750, Norcenter",La noche del demonio: Están entre nosotros,2D Doblada,19:25,14000,5500,11000,https://cartelera.ar/pelicula/la-noche-del-demonio-estan-entre-nosotros
GBA Norte,Showcase,Showcase Norte (Norcenter),"Colectora Panamericana 3750, Norcenter",La noche del demonio: Están entre nosotros,2D Doblada,22:05,14000,5500,11000,https://cartelera.ar/pelicula/la-noche-del-demonio-estan-entre-nosotros
GBA Norte,Showcase,Showcase Norte (Norcenter),"Colectora Panamericana 3750, Norcenter",La noche del demonio: Están entre nosotros,2D Subtitulada,17:40,14000,5500,11000,https://cartelera.ar/pelicula/la-noche-del-demonio-estan-entre-nosotros
GBA Norte,Showcase,Showcase Norte (Norcenter),"Colectora Panamericana 3750, Norcenter",La noche del demonio: Están entre nosotros,2D Subtitulada,20:10,14000,5500,11000,https://cartelera.ar/pelicula/la-noche-del-demonio-estan-entre-nosotros
GBA Norte,Showcase,Showcase Norte (Norcenter),"Colectora Panamericana 3750, Norcenter",La noche del demonio: Están entre nosotros,2D Subtitulada,22:35,14000,5500,11000,https://cartelera.ar/pelicula/la-noche-del-demonio-estan-entre-nosotros
GBA Norte,Showcase,Showcase Norte (Norcenter),"Colectora Panamericana 3750, Norcenter",Toy Story 5,2D Doblada,14:55,14000,5500,11000,https://cartelera.ar/pelicula/toy-story-5
GBA Norte,Showcase,Showcase Norte (Norcenter),"Colectora Panamericana 3750, Norcenter",Toy Story 5,2D Doblada,17:25,14000,5500,11000,https://cartelera.ar/pelicula/toy-story-5
GBA Norte,Showcase,Showcase Norte (Norcenter),"Colectora Panamericana 3750, Norcenter",Toy Story 5,2D Doblada,19:50,14000,5500,11000,https://cartelera.ar/pelicula/toy-story-5
GBA Norte,Showcase,Showcase Norte (Norcenter),"Colectora Panamericana 3750, Norcenter",La Muerte De Robin Hood,2D Subtitulada,15:00,14000,5500,11000,https://cartelera.ar/pelicula/la-muerte-de-robin-hood
GBA Norte,Showcase,Showcase Norte (Norcenter),"Colectora Panamericana 3750, Norcenter",La Muerte De Robin Hood,2D Subtitulada,21:55,14000,5500,11000,https://cartelera.ar/pelicula/la-muerte-de-robin-hood
GBA Norte,Showcase,Showcase Norte (Norcenter),"Colectora Panamericana 3750, Norcenter",Yo Narciso,2D Doblada,15:05,14000,5500,11000,https://cartelera.ar/pelicula/yo-narciso
GBA Norte,Showcase,Showcase Norte (Norcenter),"Colectora Panamericana 3750, Norcenter",Yo Narciso,2D Doblada,15:25,14000,5500,11000,https://cartelera.ar/pelicula/yo-narciso
GBA Norte,Showcase,Showcase Norte (Norcenter),"Colectora Panamericana 3750, Norcenter",Yo Narciso,2D Doblada,17:20,14000,5500,11000,https://cartelera.ar/pelicula/yo-narciso
GBA Norte,Showcase,Showcase Norte (Norcenter),"Colectora Panamericana 3750, Norcenter",Yo Narciso,2D Doblada,17:45,14000,5500,11000,https://cartelera.ar/pelicula/yo-narciso
GBA Norte,Showcase,Showcase Norte (Norcenter),"Colectora Panamericana 3750, Norcenter",Yo Narciso,2D Doblada,19:35,14000,5500,11000,https://cartelera.ar/pelicula/yo-narciso
GBA Norte,Showcase,Showcase Norte (Norcenter),"Colectora Panamericana 3750, Norcenter",Yo Narciso,2D Doblada,20:00,14000,5500,11000,https://cartelera.ar/pelicula/yo-narciso
GBA Norte,Showcase,Showcase Norte (Norcenter),"Colectora Panamericana 3750, Norcenter",Yo Narciso,2D Doblada,21:50,14000,5500,11000,https://cartelera.ar/pelicula/yo-narciso
GBA Norte,Showcase,Showcase Norte (Norcenter),"Colectora Panamericana 3750, Norcenter",Yo Narciso,2D Doblada,22:20,14000,5500,11000,https://cartelera.ar/pelicula/yo-narciso
GBA Norte,Showcase,Showcase Norte (Norcenter),"Colectora Panamericana 3750, Norcenter",La Odisea,2D Subtitulada,15:10,14000,5500,11000,https://cartelera.ar/pelicula/la-odisea
GBA Norte,Showcase,Showcase Norte (Norcenter),"Colectora Panamericana 3750, Norcenter",La Odisea,2D Subtitulada,15:40,14000,5500,11000,https://cartelera.ar/pelicula/la-odisea
GBA Norte,Showcase,Showcase Norte (Norcenter),"Colectora Panamericana 3750, Norcenter",La Odisea,2D Subtitulada,18:40,14000,5500,11000,https://cartelera.ar/pelicula/la-odisea
GBA Norte,Showcase,Showcase Norte (Norcenter),"Colectora Panamericana 3750, Norcenter",La Odisea,2D Subtitulada,19:10,14000,5500,11000,https://cartelera.ar/pelicula/la-odisea
GBA Norte,Showcase,Showcase Norte (Norcenter),"Colectora Panamericana 3750, Norcenter",La Odisea,2D Subtitulada,21:30,14000,5500,11000,https://cartelera.ar/pelicula/la-odisea
GBA Norte,Showcase,Showcase Norte (Norcenter),"Colectora Panamericana 3750, Norcenter",La Odisea,2D Subtitulada,22:10,14000,5500,11000,https://cartelera.ar/pelicula/la-odisea
GBA Norte,Showcase,Showcase Norte (Norcenter),"Colectora Panamericana 3750, Norcenter",La Odisea,2D Subtitulada,22:40,14000,5500,11000,https://cartelera.ar/pelicula/la-odisea
GBA Norte,Showcase,Showcase Norte (Norcenter),"Colectora Panamericana 3750, Norcenter",La Odisea,2D Doblada,18:20,14000,5500,11000,https://cartelera.ar/pelicula/la-odisea
GBA Norte,Showcase,Showcase Norte (Norcenter),"Colectora Panamericana 3750, Norcenter",Moana,2D Doblada,16:35,14000,5500,11000,https://cartelera.ar/pelicula/moana
GBA Norte,Showcase,Showcase Norte (Norcenter),"Colectora Panamericana 3750, Norcenter",El Gran Falsificador,2D Subtitulada,19:40,14000,5500,11000,https://cartelera.ar/pelicula/el-gran-falsificador
GBA Norte,Showcase,Showcase Norte (Norcenter),"Colectora Panamericana 3750, Norcenter",Tu Corazón Será Destrozado,2D Subtitulada,22:10,14000,5500,11000,https://cartelera.ar/pelicula/tu-corazon-sera-destrozado
GBA Norte,Showcase,Showcase Norte (Norcenter),"Colectora Panamericana 3750, Norcenter",Obsesión,2D Subtitulada,22:25,14000,5500,11000,https://cartelera.ar/pelicula/obsesion
GBA Sur,Atlas Cines,Atlas Catan,"Camino de Cintura 2727, Shopping Catan",PAW Patrol: La Dino Película,2D Doblada,14:10,14000,10500,10500,https://cartelera.ar/pelicula/paw-patrol-la-dino-pelicula
GBA Sur,Atlas Cines,Atlas Catan,"Camino de Cintura 2727, Shopping Catan",PAW Patrol: La Dino Película,2D Doblada,16:10,14000,10500,10500,https://cartelera.ar/pelicula/paw-patrol-la-dino-pelicula
GBA Sur,Atlas Cines,Atlas Catan,"Camino de Cintura 2727, Shopping Catan",PAW Patrol: La Dino Película,2D Doblada,18:10,14000,10500,10500,https://cartelera.ar/pelicula/paw-patrol-la-dino-pelicula
GBA Sur,Atlas Cines,Atlas Catan,"Camino de Cintura 2727, Shopping Catan",Spider-Man: Un nuevo día,3D Doblada,14:20,17000,13500,13500,https://cartelera.ar/pelicula/spider-man-un-nuevo-dia
GBA Sur,Atlas Cines,Atlas Catan,"Camino de Cintura 2727, Shopping Catan",Spider-Man: Un nuevo día,3D Doblada,20:20,17000,13500,13500,https://cartelera.ar/pelicula/spider-man-un-nuevo-dia
GBA Sur,Atlas Cines,Atlas Catan,"Camino de Cintura 2727, Shopping Catan",Spider-Man: Un nuevo día,4DX Doblada,15:20,20000,15000,15000,https://cartelera.ar/pelicula/spider-man-un-nuevo-dia
GBA Sur,Atlas Cines,Atlas Catan,"Camino de Cintura 2727, Shopping Catan",Spider-Man: Un nuevo día,4DX Doblada,18:20,20000,15000,15000,https://cartelera.ar/pelicula/spider-man-un-nuevo-dia
GBA Sur,Atlas Cines,Atlas Catan,"Camino de Cintura 2727, Shopping Catan",Spider-Man: Un nuevo día,4DX Doblada,21:20,20000,15000,15000,https://cartelera.ar/pelicula/spider-man-un-nuevo-dia
GBA Sur,Atlas Cines,Atlas Catan,"Camino de Cintura 2727, Shopping Catan",Spider-Man: Un nuevo día,2D Doblada,15:50,14000,10500,10500,https://cartelera.ar/pelicula/spider-man-un-nuevo-dia
GBA Sur,Atlas Cines,Atlas Catan,"Camino de Cintura 2727, Shopping Catan",Spider-Man: Un nuevo día,2D Doblada,17:20,14000,10500,10500,https://cartelera.ar/pelicula/spider-man-un-nuevo-dia
GBA Sur,Atlas Cines,Atlas Catan,"Camino de Cintura 2727, Shopping Catan",Spider-Man: Un nuevo día,2D Doblada,18:50,14000,10500,10500,https://cartelera.ar/pelicula/spider-man-un-nuevo-dia
GBA Sur,Atlas Cines,Atlas Catan,"Camino de Cintura 2727, Shopping Catan",Spider-Man: Un nuevo día,2D Doblada,21:50,14000,10500,10500,https://cartelera.ar/pelicula/spider-man-un-nuevo-dia
GBA Sur,Atlas Cines,Atlas Catan,"Camino de Cintura 2727, Shopping Catan",Minions & monstruos,2D Doblada,14:40,14000,10500,10500,https://cartelera.ar/pelicula/minions-monstruos
GBA Sur,Atlas Cines,Atlas Catan,"Camino de Cintura 2727, Shopping Catan",Insidious: Fuera del más allá,2D Doblada,14:50,14000,10500,10500,https://cartelera.ar/pelicula/insidious-fuera-del-mas-alla
GBA Sur,Atlas Cines,Atlas Catan,"Camino de Cintura 2727, Shopping Catan",Insidious: Fuera del más allá,2D Doblada,17:10,14000,10500,10500,https://cartelera.ar/pelicula/insidious-fuera-del-mas-alla
GBA Sur,Atlas Cines,Atlas Catan,"Camino de Cintura 2727, Shopping Catan",Insidious: Fuera del más allá,2D Doblada,19:30,14000,10500,10500,https://cartelera.ar/pelicula/insidious-fuera-del-mas-alla
GBA Sur,Atlas Cines,Atlas Catan,"Camino de Cintura 2727, Shopping Catan",Insidious: Fuera del más allá,2D Doblada,21:50,14000,10500,10500,https://cartelera.ar/pelicula/insidious-fuera-del-mas-alla
GBA Sur,Atlas Cines,Atlas Catan,"Camino de Cintura 2727, Shopping Catan",Toy Story 5,2D Doblada,16:40,14000,10500,10500,https://cartelera.ar/pelicula/toy-story-5
GBA Sur,Atlas Cines,Atlas Catan,"Camino de Cintura 2727, Shopping Catan",Yo Narciso,2D Doblada,19:00,14000,10500,10500,https://cartelera.ar/pelicula/yo-narciso
GBA Sur,Atlas Cines,Atlas Catan,"Camino de Cintura 2727, Shopping Catan",El Final de la Calle Oak,2D Doblada,20:10,14000,10500,10500,https://cartelera.ar/pelicula/el-final-de-la-calle-oak
GBA Sur,Atlas Cines,Atlas Catan,"Camino de Cintura 2727, Shopping Catan",El Final de la Calle Oak,2D Doblada,22:20,14000,10500,10500,https://cartelera.ar/pelicula/el-final-de-la-calle-oak
GBA Sur,Atlas Cines,Atlas Catan,"Camino de Cintura 2727, Shopping Catan",La Odisea,2D Doblada,21:10,14000,10500,10500,https://cartelera.ar/pelicula/la-odisea
GBA Sur,Cinemark Hoyts,Cinemark Avellaneda,"Güemes 897, Alto Avellaneda Shopping",Spider-Man: Un nuevo día,2D Doblada,12:30,18800,15000,15000,https://cartelera.ar/pelicula/spider-man-un-nuevo-dia
GBA Sur,Cinemark Hoyts,Cinemark Avellaneda,"Güemes 897, Alto Avellaneda Shopping",Spider-Man: Un nuevo día,2D Doblada,12:50,18800,15000,15000,https://cartelera.ar/pelicula/spider-man-un-nuevo-dia
GBA Sur,Cinemark Hoyts,Cinemark Avellaneda,"Güemes 897, Alto Avellaneda Shopping",Spider-Man: Un nuevo día,2D Doblada,13:50,18800,15000,15000,https://cartelera.ar/pelicula/spider-man-un-nuevo-dia
GBA Sur,Cinemark Hoyts,Cinemark Avellaneda,"Güemes 897, Alto Avellaneda Shopping",Spider-Man: Un nuevo día,2D Doblada,15:40,18800,15000,15000,https://cartelera.ar/pelicula/spider-man-un-nuevo-dia
GBA Sur,Cinemark Hoyts,Cinemark Avellaneda,"Güemes 897, Alto Avellaneda Shopping",Spider-Man: Un nuevo día,2D Doblada,16:00,18800,15000,15000,https://cartelera.ar/pelicula/spider-man-un-nuevo-dia
GBA Sur,Cinemark Hoyts,Cinemark Avellaneda,"Güemes 897, Alto Avellaneda Shopping",Spider-Man: Un nuevo día,2D Doblada,17:00,18800,15000,15000,https://cartelera.ar/pelicula/spider-man-un-nuevo-dia
GBA Sur,Cinemark Hoyts,Cinemark Avellaneda,"Güemes 897, Alto Avellaneda Shopping",Spider-Man: Un nuevo día,2D Doblada,19:00,18800,15000,15000,https://cartelera.ar/pelicula/spider-man-un-nuevo-dia
GBA Sur,Cinemark Hoyts,Cinemark Avellaneda,"Güemes 897, Alto Avellaneda Shopping",Spider-Man: Un nuevo día,2D Doblada,19:20,18800,15000,15000,https://cartelera.ar/pelicula/spider-man-un-nuevo-dia
GBA Sur,Cinemark Hoyts,Cinemark Avellaneda,"Güemes 897, Alto Avellaneda Shopping",Spider-Man: Un nuevo día,2D Doblada,22:10,18800,15000,15000,https://cartelera.ar/pelicula/spider-man-un-nuevo-dia
GBA Sur,Cinemark Hoyts,Cinemark Avellaneda,"Güemes 897, Alto Avellaneda Shopping",Spider-Man: Un nuevo día,2D Doblada,22:30,18800,15000,15000,https://cartelera.ar/pelicula/spider-man-un-nuevo-dia
GBA Sur,Cinemark Hoyts,Cinemark Avellaneda,"Güemes 897, Alto Avellaneda Shopping",Spider-Man: Un nuevo día,3D Doblada,13:20,24400,7300,7300,https://cartelera.ar/pelicula/spider-man-un-nuevo-dia
GBA Sur,Cinemark Hoyts,Cinemark Avellaneda,"Güemes 897, Alto Avellaneda Shopping",Spider-Man: Un nuevo día,3D Doblada,16:40,24400,7300,7300,https://cartelera.ar/pelicula/spider-man-un-nuevo-dia
GBA Sur,Cinemark Hoyts,Cinemark Avellaneda,"Güemes 897, Alto Avellaneda Shopping",Spider-Man: Un nuevo día,3D Doblada,19:50,24400,7300,7300,https://cartelera.ar/pelicula/spider-man-un-nuevo-dia
GBA Sur,Cinemark Hoyts,Cinemark Avellaneda,"Güemes 897, Alto Avellaneda Shopping",Insidious: Fuera del más allá,2D Doblada,12:40,18800,15000,15000,https://cartelera.ar/pelicula/insidious-fuera-del-mas-alla
GBA Sur,Cinemark Hoyts,Cinemark Avellaneda,"Güemes 897, Alto Avellaneda Shopping",Insidious: Fuera del más allá,2D Doblada,15:10,18800,15000,15000,https://cartelera.ar/pelicula/insidious-fuera-del-mas-alla
GBA Sur,Cinemark Hoyts,Cinemark Avellaneda,"Güemes 897, Alto Avellaneda Shopping",Insidious: Fuera del más allá,2D Doblada,17:40,18800,15000,15000,https://cartelera.ar/pelicula/insidious-fuera-del-mas-alla
GBA Sur,Cinemark Hoyts,Cinemark Avellaneda,"Güemes 897, Alto Avellaneda Shopping",Insidious: Fuera del más allá,2D Doblada,20:10,18800,15000,15000,https://cartelera.ar/pelicula/insidious-fuera-del-mas-alla
GBA Sur,Cinemark Hoyts,Cinemark Avellaneda,"Güemes 897, Alto Avellaneda Shopping",Insidious: Fuera del más allá,2D Doblada,20:30,18800,15000,15000,https://cartelera.ar/pelicula/insidious-fuera-del-mas-alla
GBA Sur,Cinemark Hoyts,Cinemark Avellaneda,"Güemes 897, Alto Avellaneda Shopping",Insidious: Fuera del más allá,2D Doblada,22:40,18800,15000,15000,https://cartelera.ar/pelicula/insidious-fuera-del-mas-alla
GBA Sur,Cinemark Hoyts,Cinemark Avellaneda,"Güemes 897, Alto Avellaneda Shopping",Insidious: Fuera del más allá,2D Doblada,23:00,18800,15000,15000,https://cartelera.ar/pelicula/insidious-fuera-del-mas-alla
GBA Sur,Cinemark Hoyts,Cinemark Avellaneda,"Güemes 897, Alto Avellaneda Shopping",Yo Narciso,2D Doblada,13:00,18800,15000,15000,https://cartelera.ar/pelicula/yo-narciso
GBA Sur,Cinemark Hoyts,Cinemark Avellaneda,"Güemes 897, Alto Avellaneda Shopping",Yo Narciso,2D Doblada,15:20,18800,15000,15000,https://cartelera.ar/pelicula/yo-narciso
GBA Sur,Cinemark Hoyts,Cinemark Avellaneda,"Güemes 897, Alto Avellaneda Shopping",Yo Narciso,2D Doblada,17:30,18800,15000,15000,https://cartelera.ar/pelicula/yo-narciso
GBA Sur,Cinemark Hoyts,Cinemark Avellaneda,"Güemes 897, Alto Avellaneda Shopping",Yo Narciso,2D Doblada,19:50,18800,15000,15000,https://cartelera.ar/pelicula/yo-narciso
GBA Sur,Cinemark Hoyts,Cinemark Avellaneda,"Güemes 897, Alto Avellaneda Shopping",Yo Narciso,2D Doblada,20:20,18800,15000,15000,https://cartelera.ar/pelicula/yo-narciso
GBA Sur,Cinemark Hoyts,Cinemark Avellaneda,"Güemes 897, Alto Avellaneda Shopping",Yo Narciso,2D Doblada,22:00,18800,15000,15000,https://cartelera.ar/pelicula/yo-narciso
GBA Sur,Cinemark Hoyts,Cinemark Avellaneda,"Güemes 897, Alto Avellaneda Shopping",Yo Narciso,2D Doblada,23:00,18800,15000,15000,https://cartelera.ar/pelicula/yo-narciso
GBA Sur,Cinemark Hoyts,Cinemark Avellaneda,"Güemes 897, Alto Avellaneda Shopping",PAW Patrol: La Dino Película,2D Doblada,13:10,18800,15000,15000,https://cartelera.ar/pelicula/paw-patrol-la-dino-pelicula
GBA Sur,Cinemark Hoyts,Cinemark Avellaneda,"Güemes 897, Alto Avellaneda Shopping",PAW Patrol: La Dino Película,2D Doblada,18:00,18800,15000,15000,https://cartelera.ar/pelicula/paw-patrol-la-dino-pelicula
GBA Sur,Cinemark Hoyts,Cinemark Avellaneda,"Güemes 897, Alto Avellaneda Shopping",La Odisea,2D Doblada,14:00,18800,15000,15000,https://cartelera.ar/pelicula/la-odisea
GBA Sur,Cinemark Hoyts,Cinemark Avellaneda,"Güemes 897, Alto Avellaneda Shopping",La Odisea,2D Doblada,17:40,18800,15000,15000,https://cartelera.ar/pelicula/la-odisea
GBA Sur,Cinemark Hoyts,Cinemark Avellaneda,"Güemes 897, Alto Avellaneda Shopping",La Odisea,2D Doblada,21:30,18800,15000,15000,https://cartelera.ar/pelicula/la-odisea
GBA Sur,Cinemark Hoyts,Cinemark Avellaneda,"Güemes 897, Alto Avellaneda Shopping",Toy Story 5,2D Doblada,15:30,18800,15000,15000,https://cartelera.ar/pelicula/toy-story-5
GBA Sur,Cinemark Hoyts,Cinemark Avellaneda,"Güemes 897, Alto Avellaneda Shopping",El Final de la Calle Oak,2D Doblada,22:30,18800,15000,15000,https://cartelera.ar/pelicula/el-final-de-la-calle-oak
GBA Sur,Cinépolis,Cinépolis Avellaneda,"Av. Mitre 2702, Avellaneda",Spider-Man: Un nuevo día,3D Doblada,12:45,19600,12500,12500,https://cartelera.ar/pelicula/spider-man-un-nuevo-dia
GBA Sur,Cinépolis,Cinépolis Avellaneda,"Av. Mitre 2702, Avellaneda",Spider-Man: Un nuevo día,3D Doblada,13:45,19600,12500,12500,https://cartelera.ar/pelicula/spider-man-un-nuevo-dia
GBA Sur,Cinépolis,Cinépolis Avellaneda,"Av. Mitre 2702, Avellaneda",Spider-Man: Un nuevo día,3D Doblada,16:00,19600,12500,12500,https://cartelera.ar/pelicula/spider-man-un-nuevo-dia
GBA Sur,Cinépolis,Cinépolis Avellaneda,"Av. Mitre 2702, Avellaneda",Spider-Man: Un nuevo día,3D Doblada,17:00,19600,12500,12500,https://cartelera.ar/pelicula/spider-man-un-nuevo-dia
GBA Sur,Cinépolis,Cinépolis Avellaneda,"Av. Mitre 2702, Avellaneda",Spider-Man: Un nuevo día,3D Doblada,19:15,19600,12500,12500,https://cartelera.ar/pelicula/spider-man-un-nuevo-dia
GBA Sur,Cinépolis,Cinépolis Avellaneda,"Av. Mitre 2702, Avellaneda",Spider-Man: Un nuevo día,3D Doblada,20:15,19600,12500,12500,https://cartelera.ar/pelicula/spider-man-un-nuevo-dia
GBA Sur,Cinépolis,Cinépolis Avellaneda,"Av. Mitre 2702, Avellaneda",Spider-Man: Un nuevo día,3D Doblada,22:30,19600,12500,12500,https://cartelera.ar/pelicula/spider-man-un-nuevo-dia
GBA Sur,Cinépolis,Cinépolis Avellaneda,"Av. Mitre 2702, Avellaneda",Spider-Man: Un nuevo día,3D Doblada,23:30,19600,12500,12500,https://cartelera.ar/pelicula/spider-man-un-nuevo-dia
GBA Sur,Cinépolis,Cinépolis Avellaneda,"Av. Mitre 2702, Avellaneda",Spider-Man: Un nuevo día,2D Doblada,13:15,16600,12500,12500,https://cartelera.ar/pelicula/spider-man-un-nuevo-dia
GBA Sur,Cinépolis,Cinépolis Avellaneda,"Av. Mitre 2702, Avellaneda",Spider-Man: Un nuevo día,2D Doblada,15:00,16600,12500,12500,https://cartelera.ar/pelicula/spider-man-un-nuevo-dia
GBA Sur,Cinépolis,Cinépolis Avellaneda,"Av. Mitre 2702, Avellaneda",Spider-Man: Un nuevo día,2D Doblada,15:30,16600,12500,12500,https://cartelera.ar/pelicula/spider-man-un-nuevo-dia
GBA Sur,Cinépolis,Cinépolis Avellaneda,"Av. Mitre 2702, Avellaneda",Spider-Man: Un nuevo día,2D Doblada,16:30,16600,12500,12500,https://cartelera.ar/pelicula/spider-man-un-nuevo-dia
GBA Sur,Cinépolis,Cinépolis Avellaneda,"Av. Mitre 2702, Avellaneda",Spider-Man: Un nuevo día,2D Doblada,18:15,16600,12500,12500,https://cartelera.ar/pelicula/spider-man-un-nuevo-dia
GBA Sur,Cinépolis,Cinépolis Avellaneda,"Av. Mitre 2702, Avellaneda",Spider-Man: Un nuevo día,2D Doblada,18:45,16600,12500,12500,https://cartelera.ar/pelicula/spider-man-un-nuevo-dia
GBA Sur,Cinépolis,Cinépolis Avellaneda,"Av. Mitre 2702, Avellaneda",Spider-Man: Un nuevo día,2D Doblada,19:45,16600,12500,12500,https://cartelera.ar/pelicula/spider-man-un-nuevo-dia
GBA Sur,Cinépolis,Cinépolis Avellaneda,"Av. Mitre 2702, Avellaneda",Spider-Man: Un nuevo día,2D Doblada,21:30,16600,12500,12500,https://cartelera.ar/pelicula/spider-man-un-nuevo-dia
GBA Sur,Cinépolis,Cinépolis Avellaneda,"Av. Mitre 2702, Avellaneda",Spider-Man: Un nuevo día,2D Doblada,22:00,16600,12500,12500,https://cartelera.ar/pelicula/spider-man-un-nuevo-dia
GBA Sur,Cinépolis,Cinépolis Avellaneda,"Av. Mitre 2702, Avellaneda",Spider-Man: Un nuevo día,2D Doblada,23:00,16600,12500,12500,https://cartelera.ar/pelicula/spider-man-un-nuevo-dia
GBA Sur,Cinépolis,Cinépolis Avellaneda,"Av. Mitre 2702, Avellaneda",Spider-Man: Un nuevo día,2D Subtitulada,16:15,16600,12500,12500,https://cartelera.ar/pelicula/spider-man-un-nuevo-dia
GBA Sur,Cinépolis,Cinépolis Avellaneda,"Av. Mitre 2702, Avellaneda",Spider-Man: Un nuevo día,2D Subtitulada,19:30,16600,12500,12500,https://cartelera.ar/pelicula/spider-man-un-nuevo-dia
GBA Sur,Cinépolis,Cinépolis Avellaneda,"Av. Mitre 2702, Avellaneda",Spider-Man: Un nuevo día,2D Subtitulada,22:45,16600,12500,12500,https://cartelera.ar/pelicula/spider-man-un-nuevo-dia
GBA Sur,Cinépolis,Cinépolis Avellaneda,"Av. Mitre 2702, Avellaneda",Minions & monstruos,2D Doblada,12:45,16600,12500,12500,https://cartelera.ar/pelicula/minions-monstruos
GBA Sur,Cinépolis,Cinépolis Avellaneda,"Av. Mitre 2702, Avellaneda",Yo Narciso,2D Doblada,12:50,16600,12500,12500,https://cartelera.ar/pelicula/yo-narciso
GBA Sur,Cinépolis,Cinépolis Avellaneda,"Av. Mitre 2702, Avellaneda",Yo Narciso,2D Doblada,13:20,16600,12500,12500,https://cartelera.ar/pelicula/yo-narciso
GBA Sur,Cinépolis,Cinépolis Avellaneda,"Av. Mitre 2702, Avellaneda",Yo Narciso,2D Doblada,15:10,16600,12500,12500,https://cartelera.ar/pelicula/yo-narciso
GBA Sur,Cinépolis,Cinépolis Avellaneda,"Av. Mitre 2702, Avellaneda",Yo Narciso,2D Doblada,15:40,16600,12500,12500,https://cartelera.ar/pelicula/yo-narciso
GBA Sur,Cinépolis,Cinépolis Avellaneda,"Av. Mitre 2702, Avellaneda",Yo Narciso,2D Doblada,17:30,16600,12500,12500,https://cartelera.ar/pelicula/yo-narciso
GBA Sur,Cinépolis,Cinépolis Avellaneda,"Av. Mitre 2702, Avellaneda",Yo Narciso,2D Doblada,18:00,16600,12500,12500,https://cartelera.ar/pelicula/yo-narciso
GBA Sur,Cinépolis,Cinépolis Avellaneda,"Av. Mitre 2702, Avellaneda",Yo Narciso,2D Doblada,19:50,16600,12500,12500,https://cartelera.ar/pelicula/yo-narciso
GBA Sur,Cinépolis,Cinépolis Avellaneda,"Av. Mitre 2702, Avellaneda",Yo Narciso,2D Doblada,20:20,16600,12500,12500,https://cartelera.ar/pelicula/yo-narciso
GBA Sur,Cinépolis,Cinépolis Avellaneda,"Av. Mitre 2702, Avellaneda",Yo Narciso,2D Doblada,22:10,16600,12500,12500,https://cartelera.ar/pelicula/yo-narciso
GBA Sur,Cinépolis,Cinépolis Avellaneda,"Av. Mitre 2702, Avellaneda",Yo Narciso,2D Doblada,22:40,16600,12500,12500,https://cartelera.ar/pelicula/yo-narciso
GBA Sur,Cinépolis,Cinépolis Avellaneda,"Av. Mitre 2702, Avellaneda",Toy Story 5,2D Doblada,13:00,16600,12500,12500,https://cartelera.ar/pelicula/toy-story-5
GBA Sur,Cinépolis,Cinépolis Avellaneda,"Av. Mitre 2702, Avellaneda",La noche del demonio: Están entre nosotros,2D Doblada,13:00,16600,12500,12500,https://cartelera.ar/pelicula/la-noche-del-demonio-estan-entre-nosotros
GBA Sur,Cinépolis,Cinépolis Avellaneda,"Av. Mitre 2702, Avellaneda",La noche del demonio: Están entre nosotros,2D Doblada,15:30,16600,12500,12500,https://cartelera.ar/pelicula/la-noche-del-demonio-estan-entre-nosotros
GBA Sur,Cinépolis,Cinépolis Avellaneda,"Av. Mitre 2702, Avellaneda",La noche del demonio: Están entre nosotros,2D Doblada,18:10,16600,12500,12500,https://cartelera.ar/pelicula/la-noche-del-demonio-estan-entre-nosotros
GBA Sur,Cinépolis,Cinépolis Avellaneda,"Av. Mitre 2702, Avellaneda",La noche del demonio: Están entre nosotros,2D Doblada,20:50,16600,12500,12500,https://cartelera.ar/pelicula/la-noche-del-demonio-estan-entre-nosotros
GBA Sur,Cinépolis,Cinépolis Avellaneda,"Av. Mitre 2702, Avellaneda",La noche del demonio: Están entre nosotros,2D Doblada,23:30,16600,12500,12500,https://cartelera.ar/pelicula/la-noche-del-demonio-estan-entre-nosotros
GBA Sur,Cinépolis,Cinépolis Avellaneda,"Av. Mitre 2702, Avellaneda",El Final de la Calle Oak,2D Doblada,13:00,16600,12500,12500,https://cartelera.ar/pelicula/el-final-de-la-calle-oak
GBA Sur,Cinépolis,Cinépolis Avellaneda,"Av. Mitre 2702, Avellaneda",El Final de la Calle Oak,2D Doblada,15:30,16600,12500,12500,https://cartelera.ar/pelicula/el-final-de-la-calle-oak
GBA Sur,Cinépolis,Cinépolis Avellaneda,"Av. Mitre 2702, Avellaneda",El Final de la Calle Oak,2D Doblada,18:00,16600,12500,12500,https://cartelera.ar/pelicula/el-final-de-la-calle-oak
GBA Sur,Cinépolis,Cinépolis Avellaneda,"Av. Mitre 2702, Avellaneda",El Final de la Calle Oak,2D Doblada,20:00,16600,12500,12500,https://cartelera.ar/pelicula/el-final-de-la-calle-oak
GBA Sur,Cinépolis,Cinépolis Avellaneda,"Av. Mitre 2702, Avellaneda",El Final de la Calle Oak,2D Doblada,23:20,16600,12500,12500,https://cartelera.ar/pelicula/el-final-de-la-calle-oak
GBA Sur,Cinépolis,Cinépolis Avellaneda,"Av. Mitre 2702, Avellaneda",Moana,2D Doblada,13:15,16600,12500,12500,https://cartelera.ar/pelicula/moana
GBA Sur,Cinépolis,Cinépolis Avellaneda,"Av. Mitre 2702, Avellaneda",PAW Patrol: La Dino Película,2D Doblada,14:05,16600,12500,12500,https://cartelera.ar/pelicula/paw-patrol-la-dino-pelicula
GBA Sur,Cinépolis,Cinépolis Avellaneda,"Av. Mitre 2702, Avellaneda",PAW Patrol: La Dino Película,2D Doblada,16:25,16600,12500,12500,https://cartelera.ar/pelicula/paw-patrol-la-dino-pelicula
GBA Sur,Cinépolis,Cinépolis Avellaneda,"Av. Mitre 2702, Avellaneda",La Odisea,2D Doblada,14:30,16600,12500,12500,https://cartelera.ar/pelicula/la-odisea
GBA Sur,Cinépolis,Cinépolis Avellaneda,"Av. Mitre 2702, Avellaneda",La Odisea,2D Doblada,18:15,16600,12500,12500,https://cartelera.ar/pelicula/la-odisea
GBA Sur,Cinépolis,Cinépolis Avellaneda,"Av. Mitre 2702, Avellaneda",La Odisea,2D Doblada,22:00,16600,12500,12500,https://cartelera.ar/pelicula/la-odisea
GBA Sur,Cinépolis,Cinépolis Avellaneda,"Av. Mitre 2702, Avellaneda",La Odisea,2D Subtitulada,18:45,16600,12500,12500,https://cartelera.ar/pelicula/la-odisea
GBA Sur,Cinépolis,Cinépolis Avellaneda,"Av. Mitre 2702, Avellaneda",La Odisea,2D Subtitulada,22:30,16600,12500,12500,https://cartelera.ar/pelicula/la-odisea
GBA Sur,Cinépolis,Cinépolis Avellaneda,"Av. Mitre 2702, Avellaneda",Mi vecino Totoro,2D Doblada,14:45,16600,12500,12500,https://cartelera.ar/pelicula/mi-vecino-totoro
GBA Sur,Cinépolis,Cinépolis Avellaneda,"Av. Mitre 2702, Avellaneda",Tu Corazón Será Destrozado,2D Doblada,17:00,16600,12500,12500,https://cartelera.ar/pelicula/tu-corazon-sera-destrozado
GBA Sur,Cinépolis,Cinépolis Avellaneda,"Av. Mitre 2702, Avellaneda",La Muerte De Robin Hood,2D Doblada,20:30,16600,12500,12500,https://cartelera.ar/pelicula/la-muerte-de-robin-hood
GBA Sur,Cinépolis,Cinépolis Avellaneda,"Av. Mitre 2702, Avellaneda",La Muerte De Robin Hood,2D Doblada,22:30,16600,12500,12500,https://cartelera.ar/pelicula/la-muerte-de-robin-hood
GBA Sur,Cinemark Hoyts,Hoyts Quilmes,Av. Calchaquí 3950,La Odisea,2D Doblada,11:40,17400,14000,14000,https://cartelera.ar/pelicula/la-odisea
GBA Sur,Cinemark Hoyts,Hoyts Quilmes,Av. Calchaquí 3950,La Odisea,2D Doblada,14:55,17400,14000,14000,https://cartelera.ar/pelicula/la-odisea
GBA Sur,Cinemark Hoyts,Hoyts Quilmes,Av. Calchaquí 3950,La Odisea,2D Doblada,18:30,17400,14000,14000,https://cartelera.ar/pelicula/la-odisea
GBA Sur,Cinemark Hoyts,Hoyts Quilmes,Av. Calchaquí 3950,La Odisea,2D Doblada,19:40,17400,14000,14000,https://cartelera.ar/pelicula/la-odisea
GBA Sur,Cinemark Hoyts,Hoyts Quilmes,Av. Calchaquí 3950,La Odisea,2D Doblada,22:15,17400,14000,14000,https://cartelera.ar/pelicula/la-odisea
GBA Sur,Cinemark Hoyts,Hoyts Quilmes,Av. Calchaquí 3950,Yo Narciso,2D Doblada,12:15,17400,14000,14000,https://cartelera.ar/pelicula/yo-narciso
GBA Sur,Cinemark Hoyts,Hoyts Quilmes,Av. Calchaquí 3950,Yo Narciso,2D Doblada,13:00,17400,14000,14000,https://cartelera.ar/pelicula/yo-narciso
GBA Sur,Cinemark Hoyts,Hoyts Quilmes,Av. Calchaquí 3950,Yo Narciso,2D Doblada,14:30,17400,14000,14000,https://cartelera.ar/pelicula/yo-narciso
GBA Sur,Cinemark Hoyts,Hoyts Quilmes,Av. Calchaquí 3950,Yo Narciso,2D Doblada,15:20,17400,14000,14000,https://cartelera.ar/pelicula/yo-narciso
GBA Sur,Cinemark Hoyts,Hoyts Quilmes,Av. Calchaquí 3950,Yo Narciso,2D Doblada,16:50,17400,14000,14000,https://cartelera.ar/pelicula/yo-narciso
GBA Sur,Cinemark Hoyts,Hoyts Quilmes,Av. Calchaquí 3950,Yo Narciso,2D Doblada,17:40,17400,14000,14000,https://cartelera.ar/pelicula/yo-narciso
GBA Sur,Cinemark Hoyts,Hoyts Quilmes,Av. Calchaquí 3950,Yo Narciso,2D Doblada,19:10,17400,14000,14000,https://cartelera.ar/pelicula/yo-narciso
GBA Sur,Cinemark Hoyts,Hoyts Quilmes,Av. Calchaquí 3950,Yo Narciso,2D Doblada,20:00,17400,14000,14000,https://cartelera.ar/pelicula/yo-narciso
GBA Sur,Cinemark Hoyts,Hoyts Quilmes,Av. Calchaquí 3950,Yo Narciso,2D Doblada,21:30,17400,14000,14000,https://cartelera.ar/pelicula/yo-narciso
GBA Sur,Cinemark Hoyts,Hoyts Quilmes,Av. Calchaquí 3950,Yo Narciso,2D Doblada,22:20,17400,14000,14000,https://cartelera.ar/pelicula/yo-narciso
GBA Sur,Cinemark Hoyts,Hoyts Quilmes,Av. Calchaquí 3950,Insidious: Fuera del más allá,2D Doblada,12:15,17400,14000,14000,https://cartelera.ar/pelicula/insidious-fuera-del-mas-alla
GBA Sur,Cinemark Hoyts,Hoyts Quilmes,Av. Calchaquí 3950,Insidious: Fuera del más allá,2D Doblada,14:35,17400,14000,14000,https://cartelera.ar/pelicula/insidious-fuera-del-mas-alla
GBA Sur,Cinemark Hoyts,Hoyts Quilmes,Av. Calchaquí 3950,Insidious: Fuera del más allá,2D Doblada,17:00,17400,14000,14000,https://cartelera.ar/pelicula/insidious-fuera-del-mas-alla
GBA Sur,Cinemark Hoyts,Hoyts Quilmes,Av. Calchaquí 3950,Insidious: Fuera del más allá,2D Doblada,19:30,17400,14000,14000,https://cartelera.ar/pelicula/insidious-fuera-del-mas-alla
GBA Sur,Cinemark Hoyts,Hoyts Quilmes,Av. Calchaquí 3950,Insidious: Fuera del más allá,2D Doblada,20:20,17400,14000,14000,https://cartelera.ar/pelicula/insidious-fuera-del-mas-alla
GBA Sur,Cinemark Hoyts,Hoyts Quilmes,Av. Calchaquí 3950,Insidious: Fuera del más allá,2D Doblada,22:00,17400,14000,14000,https://cartelera.ar/pelicula/insidious-fuera-del-mas-alla
GBA Sur,Cinemark Hoyts,Hoyts Quilmes,Av. Calchaquí 3950,Insidious: Fuera del más allá,2D Doblada,23:00,17400,14000,14000,https://cartelera.ar/pelicula/insidious-fuera-del-mas-alla
GBA Sur,Cinemark Hoyts,Hoyts Quilmes,Av. Calchaquí 3950,Spider-Man: Un nuevo día,2D Doblada,12:20,17400,14000,14000,https://cartelera.ar/pelicula/spider-man-un-nuevo-dia
GBA Sur,Cinemark Hoyts,Hoyts Quilmes,Av. Calchaquí 3950,Spider-Man: Un nuevo día,2D Doblada,13:00,17400,14000,14000,https://cartelera.ar/pelicula/spider-man-un-nuevo-dia
GBA Sur,Cinemark Hoyts,Hoyts Quilmes,Av. Calchaquí 3950,Spider-Man: Un nuevo día,2D Doblada,13:20,17400,14000,14000,https://cartelera.ar/pelicula/spider-man-un-nuevo-dia
GBA Sur,Cinemark Hoyts,Hoyts Quilmes,Av. Calchaquí 3950,Spider-Man: Un nuevo día,2D Doblada,14:40,17400,14000,14000,https://cartelera.ar/pelicula/spider-man-un-nuevo-dia
GBA Sur,Cinemark Hoyts,Hoyts Quilmes,Av. Calchaquí 3950,Spider-Man: Un nuevo día,2D Doblada,15:30,17400,14000,14000,https://cartelera.ar/pelicula/spider-man-un-nuevo-dia
GBA Sur,Cinemark Hoyts,Hoyts Quilmes,Av. Calchaquí 3950,Spider-Man: Un nuevo día,2D Doblada,16:10,17400,14000,14000,https://cartelera.ar/pelicula/spider-man-un-nuevo-dia
GBA Sur,Cinemark Hoyts,Hoyts Quilmes,Av. Calchaquí 3950,Spider-Man: Un nuevo día,2D Doblada,17:50,17400,14000,14000,https://cartelera.ar/pelicula/spider-man-un-nuevo-dia
GBA Sur,Cinemark Hoyts,Hoyts Quilmes,Av. Calchaquí 3950,Spider-Man: Un nuevo día,2D Doblada,18:40,17400,14000,14000,https://cartelera.ar/pelicula/spider-man-un-nuevo-dia
GBA Sur,Cinemark Hoyts,Hoyts Quilmes,Av. Calchaquí 3950,Spider-Man: Un nuevo día,2D Doblada,19:20,17400,14000,14000,https://cartelera.ar/pelicula/spider-man-un-nuevo-dia
GBA Sur,Cinemark Hoyts,Hoyts Quilmes,Av. Calchaquí 3950,Spider-Man: Un nuevo día,2D Doblada,21:10,17400,14000,14000,https://cartelera.ar/pelicula/spider-man-un-nuevo-dia
GBA Sur,Cinemark Hoyts,Hoyts Quilmes,Av. Calchaquí 3950,Spider-Man: Un nuevo día,2D Doblada,21:50,17400,14000,14000,https://cartelera.ar/pelicula/spider-man-un-nuevo-dia
GBA Sur,Cinemark Hoyts,Hoyts Quilmes,Av. Calchaquí 3950,Spider-Man: Un nuevo día,2D Doblada,22:30,17400,14000,14000,https://cartelera.ar/pelicula/spider-man-un-nuevo-dia
GBA Sur,Cinemark Hoyts,Hoyts Quilmes,Av. Calchaquí 3950,Spider-Man: Un nuevo día,2D Doblada,22:50,17400,14000,14000,https://cartelera.ar/pelicula/spider-man-un-nuevo-dia
GBA Sur,Cinemark Hoyts,Hoyts Quilmes,Av. Calchaquí 3950,Spider-Man: Un nuevo día,3D Doblada,12:40,22600,7300,7300,https://cartelera.ar/pelicula/spider-man-un-nuevo-dia
GBA Sur,Cinemark Hoyts,Hoyts Quilmes,Av. Calchaquí 3950,Spider-Man: Un nuevo día,3D Doblada,15:50,22600,7300,7300,https://cartelera.ar/pelicula/spider-man-un-nuevo-dia
GBA Sur,Cinemark Hoyts,Hoyts Quilmes,Av. Calchaquí 3950,Spider-Man: Un nuevo día,3D Doblada,16:30,22600,7300,7300,https://cartelera.ar/pelicula/spider-man-un-nuevo-dia
GBA Sur,Cinemark Hoyts,Hoyts Quilmes,Av. Calchaquí 3950,Spider-Man: Un nuevo día,3D Doblada,19:00,22600,7300,7300,https://cartelera.ar/pelicula/spider-man-un-nuevo-dia
GBA Sur,Cinemark Hoyts,Hoyts Quilmes,Av. Calchaquí 3950,Spider-Man: Un nuevo día,3D Doblada,19:40,22600,7300,7300,https://cartelera.ar/pelicula/spider-man-un-nuevo-dia
GBA Sur,Cinemark Hoyts,Hoyts Quilmes,Av. Calchaquí 3950,Spider-Man: Un nuevo día,3D Doblada,22:10,22600,7300,7300,https://cartelera.ar/pelicula/spider-man-un-nuevo-dia
GBA Sur,Cinemark Hoyts,Hoyts Quilmes,Av. Calchaquí 3950,Minions & monstruos,2D Doblada,12:30,17400,14000,14000,https://cartelera.ar/pelicula/minions-monstruos
GBA Sur,Cinemark Hoyts,Hoyts Quilmes,Av. Calchaquí 3950,Minions & monstruos,2D Doblada,12:45,17400,14000,14000,https://cartelera.ar/pelicula/minions-monstruos
GBA Sur,Cinemark Hoyts,Hoyts Quilmes,Av. Calchaquí 3950,Minions & monstruos,2D Doblada,15:15,17400,14000,14000,https://cartelera.ar/pelicula/minions-monstruos
GBA Sur,Cinemark Hoyts,Hoyts Quilmes,Av. Calchaquí 3950,Minions & monstruos,2D Doblada,17:25,17400,14000,14000,https://cartelera.ar/pelicula/minions-monstruos
GBA Sur,Cinemark Hoyts,Hoyts Quilmes,Av. Calchaquí 3950,Toy Story 5,2D Doblada,13:10,17400,14000,14000,https://cartelera.ar/pelicula/toy-story-5
GBA Sur,Cinemark Hoyts,Hoyts Quilmes,Av. Calchaquí 3950,Toy Story 5,2D Doblada,15:40,17400,14000,14000,https://cartelera.ar/pelicula/toy-story-5
GBA Sur,Cinemark Hoyts,Hoyts Quilmes,Av. Calchaquí 3950,Toy Story 5,2D Doblada,18:10,17400,14000,14000,https://cartelera.ar/pelicula/toy-story-5
GBA Sur,Cinemark Hoyts,Hoyts Quilmes,Av. Calchaquí 3950,PAW Patrol: La Dino Película,2D Doblada,13:10,17400,14000,14000,https://cartelera.ar/pelicula/paw-patrol-la-dino-pelicula
GBA Sur,Cinemark Hoyts,Hoyts Quilmes,Av. Calchaquí 3950,PAW Patrol: La Dino Película,2D Doblada,15:25,17400,14000,14000,https://cartelera.ar/pelicula/paw-patrol-la-dino-pelicula
GBA Sur,Cinemark Hoyts,Hoyts Quilmes,Av. Calchaquí 3950,Mi vecino Totoro,2D Doblada,18:00,17400,14000,14000,https://cartelera.ar/pelicula/mi-vecino-totoro
GBA Sur,Cinemark Hoyts,Hoyts Quilmes,Av. Calchaquí 3950,El Final de la Calle Oak,2D Doblada,20:40,17400,14000,14000,https://cartelera.ar/pelicula/el-final-de-la-calle-oak
GBA Sur,Cinemark Hoyts,Hoyts Quilmes,Av. Calchaquí 3950,El Final de la Calle Oak,2D Doblada,23:10,17400,14000,14000,https://cartelera.ar/pelicula/el-final-de-la-calle-oak
GBA Sur,Cinemark Hoyts,Hoyts Quilmes,Av. Calchaquí 3950,La Muerte De Robin Hood,2D Doblada,23:15,17400,14000,14000,https://cartelera.ar/pelicula/la-muerte-de-robin-hood
GBA Sur,Cinemark Hoyts,Hoyts Temperley,Av. Hipólito Yrigoyen 10.700,Spider-Man: Un nuevo día,2D Doblada,12:00,15800,12600,12600,https://cartelera.ar/pelicula/spider-man-un-nuevo-dia
GBA Sur,Cinemark Hoyts,Hoyts Temperley,Av. Hipólito Yrigoyen 10.700,Spider-Man: Un nuevo día,2D Doblada,12:30,15800,12600,12600,https://cartelera.ar/pelicula/spider-man-un-nuevo-dia
GBA Sur,Cinemark Hoyts,Hoyts Temperley,Av. Hipólito Yrigoyen 10.700,Spider-Man: Un nuevo día,2D Doblada,15:10,15800,12600,12600,https://cartelera.ar/pelicula/spider-man-un-nuevo-dia
GBA Sur,Cinemark Hoyts,Hoyts Temperley,Av. Hipólito Yrigoyen 10.700,Spider-Man: Un nuevo día,2D Doblada,15:40,15800,12600,12600,https://cartelera.ar/pelicula/spider-man-un-nuevo-dia
GBA Sur,Cinemark Hoyts,Hoyts Temperley,Av. Hipólito Yrigoyen 10.700,Spider-Man: Un nuevo día,2D Doblada,17:15,15800,12600,12600,https://cartelera.ar/pelicula/spider-man-un-nuevo-dia
GBA Sur,Cinemark Hoyts,Hoyts Temperley,Av. Hipólito Yrigoyen 10.700,Spider-Man: Un nuevo día,2D Doblada,18:20,15800,12600,12600,https://cartelera.ar/pelicula/spider-man-un-nuevo-dia
GBA Sur,Cinemark Hoyts,Hoyts Temperley,Av. Hipólito Yrigoyen 10.700,Spider-Man: Un nuevo día,2D Doblada,18:50,15800,12600,12600,https://cartelera.ar/pelicula/spider-man-un-nuevo-dia
GBA Sur,Cinemark Hoyts,Hoyts Temperley,Av. Hipólito Yrigoyen 10.700,Spider-Man: Un nuevo día,2D Doblada,21:30,15800,12600,12600,https://cartelera.ar/pelicula/spider-man-un-nuevo-dia
GBA Sur,Cinemark Hoyts,Hoyts Temperley,Av. Hipólito Yrigoyen 10.700,Spider-Man: Un nuevo día,2D Doblada,22:00,15800,12600,12600,https://cartelera.ar/pelicula/spider-man-un-nuevo-dia
GBA Sur,Cinemark Hoyts,Hoyts Temperley,Av. Hipólito Yrigoyen 10.700,Spider-Man: Un nuevo día,3D Doblada,13:30,20600,7300,7300,https://cartelera.ar/pelicula/spider-man-un-nuevo-dia
GBA Sur,Cinemark Hoyts,Hoyts Temperley,Av. Hipólito Yrigoyen 10.700,Spider-Man: Un nuevo día,3D Doblada,16:40,20600,7300,7300,https://cartelera.ar/pelicula/spider-man-un-nuevo-dia
GBA Sur,Cinemark Hoyts,Hoyts Temperley,Av. Hipólito Yrigoyen 10.700,Spider-Man: Un nuevo día,3D Doblada,19:50,20600,7300,7300,https://cartelera.ar/pelicula/spider-man-un-nuevo-dia
GBA Sur,Cinemark Hoyts,Hoyts Temperley,Av. Hipólito Yrigoyen 10.700,Spider-Man: Un nuevo día,2D Subtitulada,22:50,15800,12600,12600,https://cartelera.ar/pelicula/spider-man-un-nuevo-dia
GBA Sur,Cinemark Hoyts,Hoyts Temperley,Av. Hipólito Yrigoyen 10.700,PAW Patrol: La Dino Película,2D Doblada,12:00,15800,12600,12600,https://cartelera.ar/pelicula/paw-patrol-la-dino-pelicula
GBA Sur,Cinemark Hoyts,Hoyts Temperley,Av. Hipólito Yrigoyen 10.700,PAW Patrol: La Dino Película,2D Doblada,13:15,15800,12600,12600,https://cartelera.ar/pelicula/paw-patrol-la-dino-pelicula
GBA Sur,Cinemark Hoyts,Hoyts Temperley,Av. Hipólito Yrigoyen 10.700,PAW Patrol: La Dino Película,2D Doblada,15:45,15800,12600,12600,https://cartelera.ar/pelicula/paw-patrol-la-dino-pelicula
GBA Sur,Cinemark Hoyts,Hoyts Temperley,Av. Hipólito Yrigoyen 10.700,Yo Narciso,2D Doblada,12:10,15800,12600,12600,https://cartelera.ar/pelicula/yo-narciso
GBA Sur,Cinemark Hoyts,Hoyts Temperley,Av. Hipólito Yrigoyen 10.700,Yo Narciso,2D Doblada,13:00,15800,12600,12600,https://cartelera.ar/pelicula/yo-narciso
GBA Sur,Cinemark Hoyts,Hoyts Temperley,Av. Hipólito Yrigoyen 10.700,Yo Narciso,2D Doblada,14:30,15800,12600,12600,https://cartelera.ar/pelicula/yo-narciso
GBA Sur,Cinemark Hoyts,Hoyts Temperley,Av. Hipólito Yrigoyen 10.700,Yo Narciso,2D Doblada,15:15,15800,12600,12600,https://cartelera.ar/pelicula/yo-narciso
GBA Sur,Cinemark Hoyts,Hoyts Temperley,Av. Hipólito Yrigoyen 10.700,Yo Narciso,2D Doblada,17:30,15800,12600,12600,https://cartelera.ar/pelicula/yo-narciso
GBA Sur,Cinemark Hoyts,Hoyts Temperley,Av. Hipólito Yrigoyen 10.700,Yo Narciso,2D Doblada,19:45,15800,12600,12600,https://cartelera.ar/pelicula/yo-narciso
GBA Sur,Cinemark Hoyts,Hoyts Temperley,Av. Hipólito Yrigoyen 10.700,Yo Narciso,2D Doblada,20:30,15800,12600,12600,https://cartelera.ar/pelicula/yo-narciso
GBA Sur,Cinemark Hoyts,Hoyts Temperley,Av. Hipólito Yrigoyen 10.700,Yo Narciso,2D Doblada,22:10,15800,12600,12600,https://cartelera.ar/pelicula/yo-narciso
GBA Sur,Cinemark Hoyts,Hoyts Temperley,Av. Hipólito Yrigoyen 10.700,Insidious: Fuera del más allá,2D Doblada,12:15,15800,12600,12600,https://cartelera.ar/pelicula/insidious-fuera-del-mas-alla
GBA Sur,Cinemark Hoyts,Hoyts Temperley,Av. Hipólito Yrigoyen 10.700,Insidious: Fuera del más allá,2D Doblada,14:40,15800,12600,12600,https://cartelera.ar/pelicula/insidious-fuera-del-mas-alla
GBA Sur,Cinemark Hoyts,Hoyts Temperley,Av. Hipólito Yrigoyen 10.700,Insidious: Fuera del más allá,2D Doblada,17:10,15800,12600,12600,https://cartelera.ar/pelicula/insidious-fuera-del-mas-alla
GBA Sur,Cinemark Hoyts,Hoyts Temperley,Av. Hipólito Yrigoyen 10.700,Insidious: Fuera del más allá,2D Doblada,19:40,15800,12600,12600,https://cartelera.ar/pelicula/insidious-fuera-del-mas-alla
GBA Sur,Cinemark Hoyts,Hoyts Temperley,Av. Hipólito Yrigoyen 10.700,Insidious: Fuera del más allá,2D Doblada,20:15,15800,12600,12600,https://cartelera.ar/pelicula/insidious-fuera-del-mas-alla
GBA Sur,Cinemark Hoyts,Hoyts Temperley,Av. Hipólito Yrigoyen 10.700,Insidious: Fuera del más allá,2D Doblada,22:15,15800,12600,12600,https://cartelera.ar/pelicula/insidious-fuera-del-mas-alla
GBA Sur,Cinemark Hoyts,Hoyts Temperley,Av. Hipólito Yrigoyen 10.700,Insidious: Fuera del más allá,2D Doblada,23:00,15800,12600,12600,https://cartelera.ar/pelicula/insidious-fuera-del-mas-alla
GBA Sur,Cinemark Hoyts,Hoyts Temperley,Av. Hipólito Yrigoyen 10.700,Toy Story 5,2D Doblada,14:00,15800,12600,12600,https://cartelera.ar/pelicula/toy-story-5
GBA Sur,Cinemark Hoyts,Hoyts Temperley,Av. Hipólito Yrigoyen 10.700,La Odisea,2D Doblada,14:10,15800,12600,12600,https://cartelera.ar/pelicula/la-odisea
GBA Sur,Cinemark Hoyts,Hoyts Temperley,Av. Hipólito Yrigoyen 10.700,La Odisea,2D Doblada,16:20,15800,12600,12600,https://cartelera.ar/pelicula/la-odisea
GBA Sur,Cinemark Hoyts,Hoyts Temperley,Av. Hipólito Yrigoyen 10.700,La Odisea,2D Doblada,17:50,15800,12600,12600,https://cartelera.ar/pelicula/la-odisea
GBA Sur,Cinemark Hoyts,Hoyts Temperley,Av. Hipólito Yrigoyen 10.700,La Odisea,2D Doblada,21:25,15800,12600,12600,https://cartelera.ar/pelicula/la-odisea
GBA Sur,Cinemark Hoyts,Hoyts Temperley,Av. Hipólito Yrigoyen 10.700,La Odisea,2D Doblada,22:25,15800,12600,12600,https://cartelera.ar/pelicula/la-odisea
GBA Sur,Cinemark Hoyts,Hoyts Temperley,Av. Hipólito Yrigoyen 10.700,Mi vecino Totoro,2D Doblada,18:00,15800,12600,12600,https://cartelera.ar/pelicula/mi-vecino-totoro
GBA Sur,Cinemark Hoyts,Hoyts Temperley,Av. Hipólito Yrigoyen 10.700,El Final de la Calle Oak,2D Doblada,20:00,15800,12600,12600,https://cartelera.ar/pelicula/el-final-de-la-calle-oak
GBA Sur,Cinemark Hoyts,Hoyts Temperley,Av. Hipólito Yrigoyen 10.700,La Muerte De Robin Hood,2D Doblada,22:45,15800,12600,12600,https://cartelera.ar/pelicula/la-muerte-de-robin-hood
GBA Sur,Multiplex,Multiplex Canning,"Formosa 653, Canning (Shopping Las Toscas)",Spider-Man: Un nuevo día,2D Doblada,12:05,8000,5300,5300,https://cartelera.ar/pelicula/spider-man-un-nuevo-dia
GBA Sur,Multiplex,Multiplex Canning,"Formosa 653, Canning (Shopping Las Toscas)",Spider-Man: Un nuevo día,2D Doblada,13:10,8000,5300,5300,https://cartelera.ar/pelicula/spider-man-un-nuevo-dia
GBA Sur,Multiplex,Multiplex Canning,"Formosa 653, Canning (Shopping Las Toscas)",Spider-Man: Un nuevo día,2D Doblada,13:50,8000,5300,5300,https://cartelera.ar/pelicula/spider-man-un-nuevo-dia
GBA Sur,Multiplex,Multiplex Canning,"Formosa 653, Canning (Shopping Las Toscas)",Spider-Man: Un nuevo día,2D Doblada,14:45,8000,5300,5300,https://cartelera.ar/pelicula/spider-man-un-nuevo-dia
GBA Sur,Multiplex,Multiplex Canning,"Formosa 653, Canning (Shopping Las Toscas)",Spider-Man: Un nuevo día,2D Doblada,16:00,8000,5300,5300,https://cartelera.ar/pelicula/spider-man-un-nuevo-dia
GBA Sur,Multiplex,Multiplex Canning,"Formosa 653, Canning (Shopping Las Toscas)",Spider-Man: Un nuevo día,2D Doblada,17:25,8000,5300,5300,https://cartelera.ar/pelicula/spider-man-un-nuevo-dia
GBA Sur,Multiplex,Multiplex Canning,"Formosa 653, Canning (Shopping Las Toscas)",Spider-Man: Un nuevo día,2D Doblada,19:00,8000,5300,5300,https://cartelera.ar/pelicula/spider-man-un-nuevo-dia
GBA Sur,Multiplex,Multiplex Canning,"Formosa 653, Canning (Shopping Las Toscas)",Spider-Man: Un nuevo día,2D Doblada,19:40,8000,5300,5300,https://cartelera.ar/pelicula/spider-man-un-nuevo-dia
GBA Sur,Multiplex,Multiplex Canning,"Formosa 653, Canning (Shopping Las Toscas)",Spider-Man: Un nuevo día,2D Doblada,20:05,8000,5300,5300,https://cartelera.ar/pelicula/spider-man-un-nuevo-dia
GBA Sur,Multiplex,Multiplex Canning,"Formosa 653, Canning (Shopping Las Toscas)",Spider-Man: Un nuevo día,2D Doblada,22:40,8000,5300,5300,https://cartelera.ar/pelicula/spider-man-un-nuevo-dia
GBA Sur,Multiplex,Multiplex Canning,"Formosa 653, Canning (Shopping Las Toscas)",Spider-Man: Un nuevo día,2D Doblada,22:45,8000,5300,5300,https://cartelera.ar/pelicula/spider-man-un-nuevo-dia
GBA Sur,Multiplex,Multiplex Canning,"Formosa 653, Canning (Shopping Las Toscas)",Spider-Man: Un nuevo día,3D Doblada,16:40,8000,5300,5300,https://cartelera.ar/pelicula/spider-man-un-nuevo-dia
GBA Sur,Multiplex,Multiplex Canning,"Formosa 653, Canning (Shopping Las Toscas)",PAW Patrol: La Dino Película,2D Doblada,12:40,8000,5300,5300,https://cartelera.ar/pelicula/paw-patrol-la-dino-pelicula
GBA Sur,Multiplex,Multiplex Canning,"Formosa 653, Canning (Shopping Las Toscas)",PAW Patrol: La Dino Película,2D Doblada,16:30,8000,5300,5300,https://cartelera.ar/pelicula/paw-patrol-la-dino-pelicula
GBA Sur,Multiplex,Multiplex Canning,"Formosa 653, Canning (Shopping Las Toscas)",Toy Story 5,2D Doblada,13:40,8000,5300,5300,https://cartelera.ar/pelicula/toy-story-5
GBA Sur,Multiplex,Multiplex Canning,"Formosa 653, Canning (Shopping Las Toscas)",Toy Story 5,2D Doblada,16:10,8000,5300,5300,https://cartelera.ar/pelicula/toy-story-5
GBA Sur,Multiplex,Multiplex Canning,"Formosa 653, Canning (Shopping Las Toscas)",Toy Story 5,2D Doblada,18:30,8000,5300,5300,https://cartelera.ar/pelicula/toy-story-5
GBA Sur,Multiplex,Multiplex Canning,"Formosa 653, Canning (Shopping Las Toscas)",Moana,2D Doblada,14:00,8000,5300,5300,https://cartelera.ar/pelicula/moana
GBA Sur,Multiplex,Multiplex Canning,"Formosa 653, Canning (Shopping Las Toscas)",Minions & monstruos,2D Doblada,14:30,8000,5300,5300,https://cartelera.ar/pelicula/minions-monstruos
GBA Sur,Multiplex,Multiplex Canning,"Formosa 653, Canning (Shopping Las Toscas)",Yo Narciso,2D Doblada,16:30,8000,5300,5300,https://cartelera.ar/pelicula/yo-narciso
GBA Sur,Multiplex,Multiplex Canning,"Formosa 653, Canning (Shopping Las Toscas)",Yo Narciso,2D Doblada,18:30,8000,5300,5300,https://cartelera.ar/pelicula/yo-narciso
GBA Sur,Multiplex,Multiplex Canning,"Formosa 653, Canning (Shopping Las Toscas)",Yo Narciso,2D Doblada,20:30,8000,5300,5300,https://cartelera.ar/pelicula/yo-narciso
GBA Sur,Multiplex,Multiplex Canning,"Formosa 653, Canning (Shopping Las Toscas)",Yo Narciso,2D Doblada,22:30,8000,5300,5300,https://cartelera.ar/pelicula/yo-narciso
GBA Sur,Multiplex,Multiplex Canning,"Formosa 653, Canning (Shopping Las Toscas)",El Final de la Calle Oak,2D Doblada,18:20,8000,5300,5300,https://cartelera.ar/pelicula/el-final-de-la-calle-oak
GBA Sur,Multiplex,Multiplex Canning,"Formosa 653, Canning (Shopping Las Toscas)",La noche del demonio: Están entre nosotros,2D Doblada,20:30,8000,5300,5300,https://cartelera.ar/pelicula/la-noche-del-demonio-estan-entre-nosotros
GBA Sur,Multiplex,Multiplex Canning,"Formosa 653, Canning (Shopping Las Toscas)",La noche del demonio: Están entre nosotros,2D Doblada,20:50,8000,5300,5300,https://cartelera.ar/pelicula/la-noche-del-demonio-estan-entre-nosotros
GBA Sur,Multiplex,Multiplex Canning,"Formosa 653, Canning (Shopping Las Toscas)",La noche del demonio: Están entre nosotros,2D Doblada,22:45,8000,5300,5300,https://cartelera.ar/pelicula/la-noche-del-demonio-estan-entre-nosotros
GBA Sur,Multiplex,Multiplex Canning,"Formosa 653, Canning (Shopping Las Toscas)",La Odisea,2D Subtitulada,22:00,8000,5300,5300,https://cartelera.ar/pelicula/la-odisea
GBA Sur,Multiplex,Multiplex Canning,"Formosa 653, Canning (Shopping Las Toscas)",Obsesión,2D Doblada,22:55,8000,5300,5300,https://cartelera.ar/pelicula/obsesion
GBA Sur,Showcase,Showcase Quilmes,"Av. Calchaquí 3950, Quilmes Factory",Spider-Man: Un nuevo día,2D Doblada,13:20,14000,5500,11000,https://cartelera.ar/pelicula/spider-man-un-nuevo-dia
GBA Sur,Showcase,Showcase Quilmes,"Av. Calchaquí 3950, Quilmes Factory",Spider-Man: Un nuevo día,2D Doblada,16:20,14000,5500,11000,https://cartelera.ar/pelicula/spider-man-un-nuevo-dia
GBA Sur,Showcase,Showcase Quilmes,"Av. Calchaquí 3950, Quilmes Factory",Spider-Man: Un nuevo día,2D Doblada,18:40,14000,5500,11000,https://cartelera.ar/pelicula/spider-man-un-nuevo-dia
GBA Sur,Showcase,Showcase Quilmes,"Av. Calchaquí 3950, Quilmes Factory",Spider-Man: Un nuevo día,2D Doblada,19:20,14000,5500,11000,https://cartelera.ar/pelicula/spider-man-un-nuevo-dia
GBA Sur,Showcase,Showcase Quilmes,"Av. Calchaquí 3950, Quilmes Factory",Spider-Man: Un nuevo día,2D Doblada,21:40,14000,5500,11000,https://cartelera.ar/pelicula/spider-man-un-nuevo-dia
GBA Sur,Showcase,Showcase Quilmes,"Av. Calchaquí 3950, Quilmes Factory",Spider-Man: Un nuevo día,2D Doblada,22:20,14000,5500,11000,https://cartelera.ar/pelicula/spider-man-un-nuevo-dia
GBA Sur,Showcase,Showcase Quilmes,"Av. Calchaquí 3950, Quilmes Factory",Spider-Man: Un nuevo día,3D Doblada,16:00,15500,,12000,https://cartelera.ar/pelicula/spider-man-un-nuevo-dia
GBA Sur,Showcase,Showcase Quilmes,"Av. Calchaquí 3950, Quilmes Factory",Spider-Man: Un nuevo día,3D Doblada,19:00,15500,,12000,https://cartelera.ar/pelicula/spider-man-un-nuevo-dia
GBA Sur,Showcase,Showcase Quilmes,"Av. Calchaquí 3950, Quilmes Factory",Spider-Man: Un nuevo día,2D Subtitulada,19:40,14000,5500,11000,https://cartelera.ar/pelicula/spider-man-un-nuevo-dia
GBA Sur,Showcase,Showcase Quilmes,"Av. Calchaquí 3950, Quilmes Factory",Spider-Man: Un nuevo día,2D Subtitulada,22:00,14000,5500,11000,https://cartelera.ar/pelicula/spider-man-un-nuevo-dia
GBA Sur,Showcase,Showcase Quilmes,"Av. Calchaquí 3950, Quilmes Factory",El Final de la Calle Oak,2D Doblada,13:30,14000,5500,11000,https://cartelera.ar/pelicula/el-final-de-la-calle-oak
GBA Sur,Showcase,Showcase Quilmes,"Av. Calchaquí 3950, Quilmes Factory",El Final de la Calle Oak,2D Doblada,15:45,14000,5500,11000,https://cartelera.ar/pelicula/el-final-de-la-calle-oak
GBA Sur,Showcase,Showcase Quilmes,"Av. Calchaquí 3950, Quilmes Factory",El Final de la Calle Oak,2D Doblada,18:00,14000,5500,11000,https://cartelera.ar/pelicula/el-final-de-la-calle-oak
GBA Sur,Showcase,Showcase Quilmes,"Av. Calchaquí 3950, Quilmes Factory",El Final de la Calle Oak,2D Doblada,20:10,14000,5500,11000,https://cartelera.ar/pelicula/el-final-de-la-calle-oak
GBA Sur,Showcase,Showcase Quilmes,"Av. Calchaquí 3950, Quilmes Factory",El Final de la Calle Oak,2D Doblada,22:25,14000,5500,11000,https://cartelera.ar/pelicula/el-final-de-la-calle-oak
GBA Sur,Showcase,Showcase Quilmes,"Av. Calchaquí 3950, Quilmes Factory",Minions & monstruos,2D Doblada,13:50,14000,5500,11000,https://cartelera.ar/pelicula/minions-monstruos
GBA Sur,Showcase,Showcase Quilmes,"Av. Calchaquí 3950, Quilmes Factory",PAW Patrol: La Dino Película,2D Doblada,14:00,14000,5500,11000,https://cartelera.ar/pelicula/paw-patrol-la-dino-pelicula
GBA Sur,Showcase,Showcase Quilmes,"Av. Calchaquí 3950, Quilmes Factory",PAW Patrol: La Dino Película,2D Doblada,16:05,14000,5500,11000,https://cartelera.ar/pelicula/paw-patrol-la-dino-pelicula
GBA Sur,Showcase,Showcase Quilmes,"Av. Calchaquí 3950, Quilmes Factory",Toy Story 5,2D Doblada,14:30,14000,5500,11000,https://cartelera.ar/pelicula/toy-story-5
GBA Sur,Showcase,Showcase Quilmes,"Av. Calchaquí 3950, Quilmes Factory",Toy Story 5,2D Doblada,17:20,14000,5500,11000,https://cartelera.ar/pelicula/toy-story-5
GBA Sur,Showcase,Showcase Quilmes,"Av. Calchaquí 3950, Quilmes Factory",La noche del demonio: Están entre nosotros,2D Doblada,15:00,14000,5500,11000,https://cartelera.ar/pelicula/la-noche-del-demonio-estan-entre-nosotros
GBA Sur,Showcase,Showcase Quilmes,"Av. Calchaquí 3950, Quilmes Factory",La noche del demonio: Están entre nosotros,2D Doblada,17:30,14000,5500,11000,https://cartelera.ar/pelicula/la-noche-del-demonio-estan-entre-nosotros
GBA Sur,Showcase,Showcase Quilmes,"Av. Calchaquí 3950, Quilmes Factory",La noche del demonio: Están entre nosotros,2D Doblada,19:50,14000,5500,11000,https://cartelera.ar/pelicula/la-noche-del-demonio-estan-entre-nosotros
GBA Sur,Showcase,Showcase Quilmes,"Av. Calchaquí 3950, Quilmes Factory",La noche del demonio: Están entre nosotros,2D Doblada,22:15,14000,5500,11000,https://cartelera.ar/pelicula/la-noche-del-demonio-estan-entre-nosotros
GBA Sur,Showcase,Showcase Quilmes,"Av. Calchaquí 3950, Quilmes Factory",La noche del demonio: Están entre nosotros,2D Subtitulada,22:40,14000,5500,11000,https://cartelera.ar/pelicula/la-noche-del-demonio-estan-entre-nosotros
GBA Sur,Showcase,Showcase Quilmes,"Av. Calchaquí 3950, Quilmes Factory",Yo Narciso,2D Doblada,15:25,14000,5500,11000,https://cartelera.ar/pelicula/yo-narciso
GBA Sur,Showcase,Showcase Quilmes,"Av. Calchaquí 3950, Quilmes Factory",Yo Narciso,2D Doblada,17:45,14000,5500,11000,https://cartelera.ar/pelicula/yo-narciso
GBA Sur,Showcase,Showcase Quilmes,"Av. Calchaquí 3950, Quilmes Factory",Yo Narciso,2D Doblada,20:00,14000,5500,11000,https://cartelera.ar/pelicula/yo-narciso
GBA Sur,Showcase,Showcase Quilmes,"Av. Calchaquí 3950, Quilmes Factory",Yo Narciso,2D Doblada,22:10,14000,5500,11000,https://cartelera.ar/pelicula/yo-narciso
GBA Sur,Showcase,Showcase Quilmes,"Av. Calchaquí 3950, Quilmes Factory",La Odisea,2D Doblada,15:30,14000,5500,11000,https://cartelera.ar/pelicula/la-odisea
GBA Sur,Showcase,Showcase Quilmes,"Av. Calchaquí 3950, Quilmes Factory",La Odisea,2D Doblada,22:30,14000,5500,11000,https://cartelera.ar/pelicula/la-odisea
GBA Sur,Showcase,Showcase Quilmes,"Av. Calchaquí 3950, Quilmes Factory",La Odisea,2D Subtitulada,19:05,14000,5500,11000,https://cartelera.ar/pelicula/la-odisea
GBA Oeste,Cinemark Hoyts,Cinemark Malvinas Argentinas,"Av. Pte. Illia 3770, Shopping Terrazas de Mayo",Spider-Man: Un nuevo día,2D Doblada,12:30,8600,5700,5700,https://cartelera.ar/pelicula/spider-man-un-nuevo-dia
GBA Oeste,Cinemark Hoyts,Cinemark Malvinas Argentinas,"Av. Pte. Illia 3770, Shopping Terrazas de Mayo",Spider-Man: Un nuevo día,2D Doblada,12:45,8600,5700,5700,https://cartelera.ar/pelicula/spider-man-un-nuevo-dia
GBA Oeste,Cinemark Hoyts,Cinemark Malvinas Argentinas,"Av. Pte. Illia 3770, Shopping Terrazas de Mayo",Spider-Man: Un nuevo día,2D Doblada,14:30,8600,5700,5700,https://cartelera.ar/pelicula/spider-man-un-nuevo-dia
GBA Oeste,Cinemark Hoyts,Cinemark Malvinas Argentinas,"Av. Pte. Illia 3770, Shopping Terrazas de Mayo",Spider-Man: Un nuevo día,2D Doblada,16:00,8600,5700,5700,https://cartelera.ar/pelicula/spider-man-un-nuevo-dia
GBA Oeste,Cinemark Hoyts,Cinemark Malvinas Argentinas,"Av. Pte. Illia 3770, Shopping Terrazas de Mayo",Spider-Man: Un nuevo día,2D Doblada,16:40,8600,5700,5700,https://cartelera.ar/pelicula/spider-man-un-nuevo-dia
GBA Oeste,Cinemark Hoyts,Cinemark Malvinas Argentinas,"Av. Pte. Illia 3770, Shopping Terrazas de Mayo",Spider-Man: Un nuevo día,2D Doblada,18:10,8600,5700,5700,https://cartelera.ar/pelicula/spider-man-un-nuevo-dia
GBA Oeste,Cinemark Hoyts,Cinemark Malvinas Argentinas,"Av. Pte. Illia 3770, Shopping Terrazas de Mayo",Spider-Man: Un nuevo día,2D Doblada,18:50,8600,5700,5700,https://cartelera.ar/pelicula/spider-man-un-nuevo-dia
GBA Oeste,Cinemark Hoyts,Cinemark Malvinas Argentinas,"Av. Pte. Illia 3770, Shopping Terrazas de Mayo",Spider-Man: Un nuevo día,2D Doblada,19:10,8600,5700,5700,https://cartelera.ar/pelicula/spider-man-un-nuevo-dia
GBA Oeste,Cinemark Hoyts,Cinemark Malvinas Argentinas,"Av. Pte. Illia 3770, Shopping Terrazas de Mayo",Spider-Man: Un nuevo día,2D Doblada,21:30,8600,5700,5700,https://cartelera.ar/pelicula/spider-man-un-nuevo-dia
GBA Oeste,Cinemark Hoyts,Cinemark Malvinas Argentinas,"Av. Pte. Illia 3770, Shopping Terrazas de Mayo",Spider-Man: Un nuevo día,2D Doblada,23:00,8600,5700,5700,https://cartelera.ar/pelicula/spider-man-un-nuevo-dia
GBA Oeste,Cinemark Hoyts,Cinemark Malvinas Argentinas,"Av. Pte. Illia 3770, Shopping Terrazas de Mayo",Spider-Man: Un nuevo día,3D Doblada,13:30,11000,7300,7300,https://cartelera.ar/pelicula/spider-man-un-nuevo-dia
GBA Oeste,Cinemark Hoyts,Cinemark Malvinas Argentinas,"Av. Pte. Illia 3770, Shopping Terrazas de Mayo",Spider-Man: Un nuevo día,3D Doblada,15:40,11000,7300,7300,https://cartelera.ar/pelicula/spider-man-un-nuevo-dia
GBA Oeste,Cinemark Hoyts,Cinemark Malvinas Argentinas,"Av. Pte. Illia 3770, Shopping Terrazas de Mayo",Spider-Man: Un nuevo día,3D Doblada,19:50,11000,7300,7300,https://cartelera.ar/pelicula/spider-man-un-nuevo-dia
GBA Oeste,Cinemark Hoyts,Cinemark Malvinas Argentinas,"Av. Pte. Illia 3770, Shopping Terrazas de Mayo",Spider-Man: Un nuevo día,3D Doblada,22:10,11000,7300,7300,https://cartelera.ar/pelicula/spider-man-un-nuevo-dia
GBA Oeste,Cinemark Hoyts,Cinemark Malvinas Argentinas,"Av. Pte. Illia 3770, Shopping Terrazas de Mayo",Insidious: Fuera del más allá,2D Doblada,13:00,8600,5700,5700,https://cartelera.ar/pelicula/insidious-fuera-del-mas-alla
GBA Oeste,Cinemark Hoyts,Cinemark Malvinas Argentinas,"Av. Pte. Illia 3770, Shopping Terrazas de Mayo",Insidious: Fuera del más allá,2D Doblada,14:20,8600,5700,5700,https://cartelera.ar/pelicula/insidious-fuera-del-mas-alla
GBA Oeste,Cinemark Hoyts,Cinemark Malvinas Argentinas,"Av. Pte. Illia 3770, Shopping Terrazas de Mayo",Insidious: Fuera del más allá,2D Doblada,16:50,8600,5700,5700,https://cartelera.ar/pelicula/insidious-fuera-del-mas-alla
GBA Oeste,Cinemark Hoyts,Cinemark Malvinas Argentinas,"Av. Pte. Illia 3770, Shopping Terrazas de Mayo",Insidious: Fuera del más allá,2D Doblada,19:30,8600,5700,5700,https://cartelera.ar/pelicula/insidious-fuera-del-mas-alla
GBA Oeste,Cinemark Hoyts,Cinemark Malvinas Argentinas,"Av. Pte. Illia 3770, Shopping Terrazas de Mayo",Insidious: Fuera del más allá,2D Doblada,20:20,8600,5700,5700,https://cartelera.ar/pelicula/insidious-fuera-del-mas-alla
GBA Oeste,Cinemark Hoyts,Cinemark Malvinas Argentinas,"Av. Pte. Illia 3770, Shopping Terrazas de Mayo",Insidious: Fuera del más allá,2D Doblada,22:00,8600,5700,5700,https://cartelera.ar/pelicula/insidious-fuera-del-mas-alla
GBA Oeste,Cinemark Hoyts,Cinemark Malvinas Argentinas,"Av. Pte. Illia 3770, Shopping Terrazas de Mayo",Insidious: Fuera del más allá,2D Doblada,23:10,8600,5700,5700,https://cartelera.ar/pelicula/insidious-fuera-del-mas-alla
GBA Oeste,Cinemark Hoyts,Cinemark Malvinas Argentinas,"Av. Pte. Illia 3770, Shopping Terrazas de Mayo",Toy Story 5,2D Doblada,13:10,8600,5700,5700,https://cartelera.ar/pelicula/toy-story-5
GBA Oeste,Cinemark Hoyts,Cinemark Malvinas Argentinas,"Av. Pte. Illia 3770, Shopping Terrazas de Mayo",Toy Story 5,2D Doblada,15:30,8600,5700,5700,https://cartelera.ar/pelicula/toy-story-5
GBA Oeste,Cinemark Hoyts,Cinemark Malvinas Argentinas,"Av. Pte. Illia 3770, Shopping Terrazas de Mayo",La Odisea,2D Doblada,13:50,8600,5700,5700,https://cartelera.ar/pelicula/la-odisea
GBA Oeste,Cinemark Hoyts,Cinemark Malvinas Argentinas,"Av. Pte. Illia 3770, Shopping Terrazas de Mayo",La Odisea,2D Doblada,17:30,8600,5700,5700,https://cartelera.ar/pelicula/la-odisea
GBA Oeste,Cinemark Hoyts,Cinemark Malvinas Argentinas,"Av. Pte. Illia 3770, Shopping Terrazas de Mayo",La Odisea,2D Doblada,21:20,8600,5700,5700,https://cartelera.ar/pelicula/la-odisea
GBA Oeste,Cinemark Hoyts,Cinemark Malvinas Argentinas,"Av. Pte. Illia 3770, Shopping Terrazas de Mayo",La Odisea,2D Doblada,22:20,8600,5700,5700,https://cartelera.ar/pelicula/la-odisea
GBA Oeste,Cinemark Hoyts,Cinemark Malvinas Argentinas,"Av. Pte. Illia 3770, Shopping Terrazas de Mayo",PAW Patrol: La Dino Película,2D Doblada,14:00,8600,5700,5700,https://cartelera.ar/pelicula/paw-patrol-la-dino-pelicula
GBA Oeste,Cinemark Hoyts,Cinemark Malvinas Argentinas,"Av. Pte. Illia 3770, Shopping Terrazas de Mayo",PAW Patrol: La Dino Película,2D Doblada,16:10,8600,5700,5700,https://cartelera.ar/pelicula/paw-patrol-la-dino-pelicula
GBA Oeste,Cinemark Hoyts,Cinemark Malvinas Argentinas,"Av. Pte. Illia 3770, Shopping Terrazas de Mayo",PAW Patrol: La Dino Película,2D Doblada,18:20,8600,5700,5700,https://cartelera.ar/pelicula/paw-patrol-la-dino-pelicula
GBA Oeste,Cinemark Hoyts,Cinemark Malvinas Argentinas,"Av. Pte. Illia 3770, Shopping Terrazas de Mayo",Yo Narciso,2D Doblada,14:40,8600,5700,5700,https://cartelera.ar/pelicula/yo-narciso
GBA Oeste,Cinemark Hoyts,Cinemark Malvinas Argentinas,"Av. Pte. Illia 3770, Shopping Terrazas de Mayo",Yo Narciso,2D Doblada,17:00,8600,5700,5700,https://cartelera.ar/pelicula/yo-narciso
GBA Oeste,Cinemark Hoyts,Cinemark Malvinas Argentinas,"Av. Pte. Illia 3770, Shopping Terrazas de Mayo",Yo Narciso,2D Doblada,19:15,8600,5700,5700,https://cartelera.ar/pelicula/yo-narciso
GBA Oeste,Cinemark Hoyts,Cinemark Malvinas Argentinas,"Av. Pte. Illia 3770, Shopping Terrazas de Mayo",Yo Narciso,2D Doblada,20:30,8600,5700,5700,https://cartelera.ar/pelicula/yo-narciso
GBA Oeste,Cinemark Hoyts,Cinemark Malvinas Argentinas,"Av. Pte. Illia 3770, Shopping Terrazas de Mayo",Yo Narciso,2D Doblada,21:40,8600,5700,5700,https://cartelera.ar/pelicula/yo-narciso
GBA Oeste,Cinemark Hoyts,Cinemark Malvinas Argentinas,"Av. Pte. Illia 3770, Shopping Terrazas de Mayo",Yo Narciso,2D Doblada,22:45,8600,5700,5700,https://cartelera.ar/pelicula/yo-narciso
GBA Oeste,Cinemark Hoyts,Cinemark Malvinas Argentinas,"Av. Pte. Illia 3770, Shopping Terrazas de Mayo",El Final de la Calle Oak,2D Doblada,15:30,8600,5700,5700,https://cartelera.ar/pelicula/el-final-de-la-calle-oak
GBA Oeste,Cinemark Hoyts,Cinemark Malvinas Argentinas,"Av. Pte. Illia 3770, Shopping Terrazas de Mayo",El Final de la Calle Oak,2D Doblada,17:50,8600,5700,5700,https://cartelera.ar/pelicula/el-final-de-la-calle-oak
GBA Oeste,Cinemark Hoyts,Cinemark Malvinas Argentinas,"Av. Pte. Illia 3770, Shopping Terrazas de Mayo",El Final de la Calle Oak,2D Doblada,22:50,8600,5700,5700,https://cartelera.ar/pelicula/el-final-de-la-calle-oak
GBA Oeste,Cinemark Hoyts,Cinemark Malvinas Argentinas,"Av. Pte. Illia 3770, Shopping Terrazas de Mayo",Mi vecino Totoro,2D Subtitulada,18:00,8600,5700,5700,https://cartelera.ar/pelicula/mi-vecino-totoro
GBA Oeste,Cinemark Hoyts,Cinemark Malvinas Argentinas,"Av. Pte. Illia 3770, Shopping Terrazas de Mayo",La Muerte De Robin Hood,2D Doblada,20:10,8600,5700,5700,https://cartelera.ar/pelicula/la-muerte-de-robin-hood
GBA Oeste,Cinemark Hoyts,Cinemark San Justo,Av. Brigadier Juan M. de Rosas 3910,Spider-Man: Un nuevo día,2D Doblada,12:00,19000,15200,15200,https://cartelera.ar/pelicula/spider-man-un-nuevo-dia
GBA Oeste,Cinemark Hoyts,Cinemark San Justo,Av. Brigadier Juan M. de Rosas 3910,Spider-Man: Un nuevo día,2D Doblada,15:10,19000,15200,15200,https://cartelera.ar/pelicula/spider-man-un-nuevo-dia
GBA Oeste,Cinemark Hoyts,Cinemark San Justo,Av. Brigadier Juan M. de Rosas 3910,Spider-Man: Un nuevo día,2D Doblada,16:10,19000,15200,15200,https://cartelera.ar/pelicula/spider-man-un-nuevo-dia
GBA Oeste,Cinemark Hoyts,Cinemark San Justo,Av. Brigadier Juan M. de Rosas 3910,Spider-Man: Un nuevo día,2D Doblada,16:40,19000,15200,15200,https://cartelera.ar/pelicula/spider-man-un-nuevo-dia
GBA Oeste,Cinemark Hoyts,Cinemark San Justo,Av. Brigadier Juan M. de Rosas 3910,Spider-Man: Un nuevo día,2D Doblada,18:20,19000,15200,15200,https://cartelera.ar/pelicula/spider-man-un-nuevo-dia
GBA Oeste,Cinemark Hoyts,Cinemark San Justo,Av. Brigadier Juan M. de Rosas 3910,Spider-Man: Un nuevo día,2D Doblada,19:50,19000,15200,15200,https://cartelera.ar/pelicula/spider-man-un-nuevo-dia
GBA Oeste,Cinemark Hoyts,Cinemark San Justo,Av. Brigadier Juan M. de Rosas 3910,Spider-Man: Un nuevo día,2D Doblada,21:30,19000,15200,15200,https://cartelera.ar/pelicula/spider-man-un-nuevo-dia
GBA Oeste,Cinemark Hoyts,Cinemark San Justo,Av. Brigadier Juan M. de Rosas 3910,Spider-Man: Un nuevo día,2D Doblada,22:30,19000,15200,15200,https://cartelera.ar/pelicula/spider-man-un-nuevo-dia
GBA Oeste,Cinemark Hoyts,Cinemark San Justo,Av. Brigadier Juan M. de Rosas 3910,Spider-Man: Un nuevo día,2D Doblada,23:00,19000,15200,15200,https://cartelera.ar/pelicula/spider-man-un-nuevo-dia
GBA Oeste,Cinemark Hoyts,Cinemark San Justo,Av. Brigadier Juan M. de Rosas 3910,Spider-Man: Un nuevo día,3D Doblada,13:00,23800,7300,7300,https://cartelera.ar/pelicula/spider-man-un-nuevo-dia
GBA Oeste,Cinemark Hoyts,Cinemark San Justo,Av. Brigadier Juan M. de Rosas 3910,Spider-Man: Un nuevo día,3D Doblada,19:20,23800,7300,7300,https://cartelera.ar/pelicula/spider-man-un-nuevo-dia
GBA Oeste,Cinemark Hoyts,Cinemark San Justo,Av. Brigadier Juan M. de Rosas 3910,PAW Patrol: La Dino Película,2D Doblada,12:10,19000,15200,15200,https://cartelera.ar/pelicula/paw-patrol-la-dino-pelicula
GBA Oeste,Cinemark Hoyts,Cinemark San Justo,Av. Brigadier Juan M. de Rosas 3910,PAW Patrol: La Dino Película,2D Doblada,14:20,19000,15200,15200,https://cartelera.ar/pelicula/paw-patrol-la-dino-pelicula
GBA Oeste,Cinemark Hoyts,Cinemark San Justo,Av. Brigadier Juan M. de Rosas 3910,PAW Patrol: La Dino Película,2D Doblada,16:30,19000,15200,15200,https://cartelera.ar/pelicula/paw-patrol-la-dino-pelicula
GBA Oeste,Cinemark Hoyts,Cinemark San Justo,Av. Brigadier Juan M. de Rosas 3910,Yo Narciso,2D Doblada,12:40,19000,15200,15200,https://cartelera.ar/pelicula/yo-narciso
GBA Oeste,Cinemark Hoyts,Cinemark San Justo,Av. Brigadier Juan M. de Rosas 3910,Yo Narciso,2D Doblada,15:00,19000,15200,15200,https://cartelera.ar/pelicula/yo-narciso
GBA Oeste,Cinemark Hoyts,Cinemark San Justo,Av. Brigadier Juan M. de Rosas 3910,Yo Narciso,2D Doblada,17:20,19000,15200,15200,https://cartelera.ar/pelicula/yo-narciso
GBA Oeste,Cinemark Hoyts,Cinemark San Justo,Av. Brigadier Juan M. de Rosas 3910,Yo Narciso,2D Doblada,19:40,19000,15200,15200,https://cartelera.ar/pelicula/yo-narciso
GBA Oeste,Cinemark Hoyts,Cinemark San Justo,Av. Brigadier Juan M. de Rosas 3910,Yo Narciso,2D Doblada,22:00,19000,15200,15200,https://cartelera.ar/pelicula/yo-narciso
GBA Oeste,Cinemark Hoyts,Cinemark San Justo,Av. Brigadier Juan M. de Rosas 3910,Insidious: Fuera del más allá,2D Doblada,12:50,19000,15200,15200,https://cartelera.ar/pelicula/insidious-fuera-del-mas-alla
GBA Oeste,Cinemark Hoyts,Cinemark San Justo,Av. Brigadier Juan M. de Rosas 3910,Insidious: Fuera del más allá,2D Doblada,15:20,19000,15200,15200,https://cartelera.ar/pelicula/insidious-fuera-del-mas-alla
GBA Oeste,Cinemark Hoyts,Cinemark San Justo,Av. Brigadier Juan M. de Rosas 3910,Insidious: Fuera del más allá,2D Doblada,17:50,19000,15200,15200,https://cartelera.ar/pelicula/insidious-fuera-del-mas-alla
GBA Oeste,Cinemark Hoyts,Cinemark San Justo,Av. Brigadier Juan M. de Rosas 3910,Insidious: Fuera del más allá,2D Doblada,20:20,19000,15200,15200,https://cartelera.ar/pelicula/insidious-fuera-del-mas-alla
GBA Oeste,Cinemark Hoyts,Cinemark San Justo,Av. Brigadier Juan M. de Rosas 3910,Insidious: Fuera del más allá,2D Doblada,22:45,19000,15200,15200,https://cartelera.ar/pelicula/insidious-fuera-del-mas-alla
GBA Oeste,Cinemark Hoyts,Cinemark San Justo,Av. Brigadier Juan M. de Rosas 3910,El Final de la Calle Oak,2D Doblada,14:00,19000,15200,15200,https://cartelera.ar/pelicula/el-final-de-la-calle-oak
GBA Oeste,Cinemark Hoyts,Cinemark San Justo,Av. Brigadier Juan M. de Rosas 3910,La Odisea,2D Doblada,18:40,19000,15200,15200,https://cartelera.ar/pelicula/la-odisea
GBA Oeste,Cinemark Hoyts,Cinemark San Justo,Av. Brigadier Juan M. de Rosas 3910,La Odisea,2D Doblada,22:15,19000,15200,15200,https://cartelera.ar/pelicula/la-odisea
GBA Oeste,Cinépolis,Cinépolis Luján,"Av. Constitución 1000, Luján",Spider-Man: Un nuevo día,2D Doblada,13:00,17400,13500,13500,https://cartelera.ar/pelicula/spider-man-un-nuevo-dia
GBA Oeste,Cinépolis,Cinépolis Luján,"Av. Constitución 1000, Luján",Spider-Man: Un nuevo día,2D Doblada,16:10,17400,13500,13500,https://cartelera.ar/pelicula/spider-man-un-nuevo-dia
GBA Oeste,Cinépolis,Cinépolis Luján,"Av. Constitución 1000, Luján",Spider-Man: Un nuevo día,2D Doblada,18:40,17400,13500,13500,https://cartelera.ar/pelicula/spider-man-un-nuevo-dia
GBA Oeste,Cinépolis,Cinépolis Luján,"Av. Constitución 1000, Luján",Spider-Man: Un nuevo día,2D Doblada,19:50,17400,13500,13500,https://cartelera.ar/pelicula/spider-man-un-nuevo-dia
GBA Oeste,Cinépolis,Cinépolis Luján,"Av. Constitución 1000, Luján",Spider-Man: Un nuevo día,2D Doblada,21:50,17400,13500,13500,https://cartelera.ar/pelicula/spider-man-un-nuevo-dia
GBA Oeste,Cinépolis,Cinépolis Luján,"Av. Constitución 1000, Luján",Spider-Man: Un nuevo día,3D Doblada,15:30,21000,13500,13500,https://cartelera.ar/pelicula/spider-man-un-nuevo-dia
GBA Oeste,Cinépolis,Cinépolis Luján,"Av. Constitución 1000, Luján",Spider-Man: Un nuevo día,2D Subtitulada,22:50,17400,13500,13500,https://cartelera.ar/pelicula/spider-man-un-nuevo-dia
GBA Oeste,Cinépolis,Cinépolis Luján,"Av. Constitución 1000, Luján",Yo Narciso,2D Doblada,13:00,17400,13500,13500,https://cartelera.ar/pelicula/yo-narciso
GBA Oeste,Cinépolis,Cinépolis Luján,"Av. Constitución 1000, Luján",Yo Narciso,2D Doblada,15:10,17400,13500,13500,https://cartelera.ar/pelicula/yo-narciso
GBA Oeste,Cinépolis,Cinépolis Luján,"Av. Constitución 1000, Luján",Yo Narciso,2D Doblada,17:20,17400,13500,13500,https://cartelera.ar/pelicula/yo-narciso
GBA Oeste,Cinépolis,Cinépolis Luján,"Av. Constitución 1000, Luján",Yo Narciso,2D Doblada,19:40,17400,13500,13500,https://cartelera.ar/pelicula/yo-narciso
GBA Oeste,Cinépolis,Cinépolis Luján,"Av. Constitución 1000, Luján",Yo Narciso,2D Doblada,22:00,17400,13500,13500,https://cartelera.ar/pelicula/yo-narciso
GBA Oeste,Cinépolis,Cinépolis Luján,"Av. Constitución 1000, Luján",Yo Narciso,2D Doblada,22:50,17400,13500,13500,https://cartelera.ar/pelicula/yo-narciso
GBA Oeste,Cinépolis,Cinépolis Luján,"Av. Constitución 1000, Luján",El Final de la Calle Oak,2D Doblada,13:10,17400,13500,13500,https://cartelera.ar/pelicula/el-final-de-la-calle-oak
GBA Oeste,Cinépolis,Cinépolis Luján,"Av. Constitución 1000, Luján",El Final de la Calle Oak,2D Doblada,20:10,17400,13500,13500,https://cartelera.ar/pelicula/el-final-de-la-calle-oak
GBA Oeste,Cinépolis,Cinépolis Luján,"Av. Constitución 1000, Luján",Minions & monstruos,2D Doblada,13:10,17400,13500,13500,https://cartelera.ar/pelicula/minions-monstruos
GBA Oeste,Cinépolis,Cinépolis Luján,"Av. Constitución 1000, Luján",Minions & monstruos,2D Doblada,15:20,17400,13500,13500,https://cartelera.ar/pelicula/minions-monstruos
GBA Oeste,Cinépolis,Cinépolis Luján,"Av. Constitución 1000, Luján",PAW Patrol: La Dino Película,2D Doblada,13:20,17400,13500,13500,https://cartelera.ar/pelicula/paw-patrol-la-dino-pelicula
GBA Oeste,Cinépolis,Cinépolis Luján,"Av. Constitución 1000, Luján",PAW Patrol: La Dino Película,2D Doblada,15:30,17400,13500,13500,https://cartelera.ar/pelicula/paw-patrol-la-dino-pelicula
GBA Oeste,Cinépolis,Cinépolis Luján,"Av. Constitución 1000, Luján",PAW Patrol: La Dino Película,2D Doblada,17:40,17400,13500,13500,https://cartelera.ar/pelicula/paw-patrol-la-dino-pelicula
GBA Oeste,Cinépolis,Cinépolis Luján,"Av. Constitución 1000, Luján",Toy Story 5,2D Doblada,13:40,17400,13500,13500,https://cartelera.ar/pelicula/toy-story-5
GBA Oeste,Cinépolis,Cinépolis Luján,"Av. Constitución 1000, Luján",Toy Story 5,2D Doblada,16:00,17400,13500,13500,https://cartelera.ar/pelicula/toy-story-5
GBA Oeste,Cinépolis,Cinépolis Luján,"Av. Constitución 1000, Luján",La Muerte De Robin Hood,2D Doblada,17:30,17400,13500,13500,https://cartelera.ar/pelicula/la-muerte-de-robin-hood
GBA Oeste,Cinépolis,Cinépolis Luján,"Av. Constitución 1000, Luján",La Muerte De Robin Hood,2D Doblada,22:30,17400,13500,13500,https://cartelera.ar/pelicula/la-muerte-de-robin-hood
GBA Oeste,Cinépolis,Cinépolis Luján,"Av. Constitución 1000, Luján",La noche del demonio: Están entre nosotros,2D Doblada,18:20,17400,13500,13500,https://cartelera.ar/pelicula/la-noche-del-demonio-estan-entre-nosotros
GBA Oeste,Cinépolis,Cinépolis Luján,"Av. Constitución 1000, Luján",La noche del demonio: Están entre nosotros,2D Doblada,20:40,17400,13500,13500,https://cartelera.ar/pelicula/la-noche-del-demonio-estan-entre-nosotros
GBA Oeste,Cinépolis,Cinépolis Luján,"Av. Constitución 1000, Luján",La noche del demonio: Están entre nosotros,2D Doblada,23:10,17400,13500,13500,https://cartelera.ar/pelicula/la-noche-del-demonio-estan-entre-nosotros
GBA Oeste,Cinépolis,Cinépolis Luján,"Av. Constitución 1000, Luján",La Odisea,2D Doblada,19:20,17400,13500,13500,https://cartelera.ar/pelicula/la-odisea
GBA Oeste,Cinépolis,Cinépolis Merlo,Av. Juan Domingo Perón 24098,Spider-Man: Un nuevo día,2D Doblada,12:30,17000,13000,13000,https://cartelera.ar/pelicula/spider-man-un-nuevo-dia
GBA Oeste,Cinépolis,Cinépolis Merlo,Av. Juan Domingo Perón 24098,Spider-Man: Un nuevo día,2D Doblada,15:40,17000,13000,13000,https://cartelera.ar/pelicula/spider-man-un-nuevo-dia
GBA Oeste,Cinépolis,Cinépolis Merlo,Av. Juan Domingo Perón 24098,Spider-Man: Un nuevo día,2D Doblada,18:50,17000,13000,13000,https://cartelera.ar/pelicula/spider-man-un-nuevo-dia
GBA Oeste,Cinépolis,Cinépolis Merlo,Av. Juan Domingo Perón 24098,Spider-Man: Un nuevo día,2D Doblada,22:00,17000,13000,13000,https://cartelera.ar/pelicula/spider-man-un-nuevo-dia
GBA Oeste,Cinépolis,Cinépolis Merlo,Av. Juan Domingo Perón 24098,Spider-Man: Un nuevo día,3D Doblada,12:50,21000,13000,13000,https://cartelera.ar/pelicula/spider-man-un-nuevo-dia
GBA Oeste,Cinépolis,Cinépolis Merlo,Av. Juan Domingo Perón 24098,Spider-Man: Un nuevo día,3D Doblada,13:10,21000,13000,13000,https://cartelera.ar/pelicula/spider-man-un-nuevo-dia
GBA Oeste,Cinépolis,Cinépolis Merlo,Av. Juan Domingo Perón 24098,Spider-Man: Un nuevo día,3D Doblada,16:00,21000,13000,13000,https://cartelera.ar/pelicula/spider-man-un-nuevo-dia
GBA Oeste,Cinépolis,Cinépolis Merlo,Av. Juan Domingo Perón 24098,Spider-Man: Un nuevo día,3D Doblada,16:20,21000,13000,13000,https://cartelera.ar/pelicula/spider-man-un-nuevo-dia
GBA Oeste,Cinépolis,Cinépolis Merlo,Av. Juan Domingo Perón 24098,Spider-Man: Un nuevo día,3D Doblada,19:30,21000,13000,13000,https://cartelera.ar/pelicula/spider-man-un-nuevo-dia
GBA Oeste,Cinépolis,Cinépolis Merlo,Av. Juan Domingo Perón 24098,Spider-Man: Un nuevo día,3D Doblada,22:40,21000,13000,13000,https://cartelera.ar/pelicula/spider-man-un-nuevo-dia
GBA Oeste,Cinépolis,Cinépolis Merlo,Av. Juan Domingo Perón 24098,Toy Story 5,2D Doblada,12:40,17000,13000,13000,https://cartelera.ar/pelicula/toy-story-5
GBA Oeste,Cinépolis,Cinépolis Merlo,Av. Juan Domingo Perón 24098,PAW Patrol: La Dino Película,2D Doblada,13:30,17000,13000,13000,https://cartelera.ar/pelicula/paw-patrol-la-dino-pelicula
GBA Oeste,Cinépolis,Cinépolis Merlo,Av. Juan Domingo Perón 24098,PAW Patrol: La Dino Película,2D Doblada,15:40,17000,13000,13000,https://cartelera.ar/pelicula/paw-patrol-la-dino-pelicula
GBA Oeste,Cinépolis,Cinépolis Merlo,Av. Juan Domingo Perón 24098,Minions & monstruos,2D Doblada,14:10,17000,13000,13000,https://cartelera.ar/pelicula/minions-monstruos
GBA Oeste,Cinépolis,Cinépolis Merlo,Av. Juan Domingo Perón 24098,Yo Narciso,2D Doblada,15:10,17000,13000,13000,https://cartelera.ar/pelicula/yo-narciso
GBA Oeste,Cinépolis,Cinépolis Merlo,Av. Juan Domingo Perón 24098,Yo Narciso,2D Doblada,17:30,17000,13000,13000,https://cartelera.ar/pelicula/yo-narciso
GBA Oeste,Cinépolis,Cinépolis Merlo,Av. Juan Domingo Perón 24098,Yo Narciso,2D Doblada,19:50,17000,13000,13000,https://cartelera.ar/pelicula/yo-narciso
GBA Oeste,Cinépolis,Cinépolis Merlo,Av. Juan Domingo Perón 24098,Yo Narciso,2D Doblada,22:10,17000,13000,13000,https://cartelera.ar/pelicula/yo-narciso
GBA Oeste,Cinépolis,Cinépolis Merlo,Av. Juan Domingo Perón 24098,El Final de la Calle Oak,2D Doblada,16:30,17000,13000,13000,https://cartelera.ar/pelicula/el-final-de-la-calle-oak
GBA Oeste,Cinépolis,Cinépolis Merlo,Av. Juan Domingo Perón 24098,El Final de la Calle Oak,2D Subtitulada,22:50,17000,13000,13000,https://cartelera.ar/pelicula/el-final-de-la-calle-oak
GBA Oeste,Cinépolis,Cinépolis Merlo,Av. Juan Domingo Perón 24098,La noche del demonio: Están entre nosotros,2D Doblada,17:50,17000,13000,13000,https://cartelera.ar/pelicula/la-noche-del-demonio-estan-entre-nosotros
GBA Oeste,Cinépolis,Cinépolis Merlo,Av. Juan Domingo Perón 24098,La noche del demonio: Están entre nosotros,2D Doblada,19:10,17000,13000,13000,https://cartelera.ar/pelicula/la-noche-del-demonio-estan-entre-nosotros
GBA Oeste,Cinépolis,Cinépolis Merlo,Av. Juan Domingo Perón 24098,La noche del demonio: Están entre nosotros,2D Doblada,20:20,17000,13000,13000,https://cartelera.ar/pelicula/la-noche-del-demonio-estan-entre-nosotros
GBA Oeste,Cinépolis,Cinépolis Merlo,Av. Juan Domingo Perón 24098,La noche del demonio: Están entre nosotros,2D Doblada,21:50,17000,13000,13000,https://cartelera.ar/pelicula/la-noche-del-demonio-estan-entre-nosotros
GBA Oeste,Cinépolis,Cinépolis Merlo,Av. Juan Domingo Perón 24098,La noche del demonio: Están entre nosotros,2D Doblada,22:30,17000,13000,13000,https://cartelera.ar/pelicula/la-noche-del-demonio-estan-entre-nosotros
GBA Oeste,Cinépolis,Cinépolis Merlo,Av. Juan Domingo Perón 24098,La Odisea,2D Subtitulada,18:50,17000,13000,13000,https://cartelera.ar/pelicula/la-odisea
GBA Oeste,Cinemark Hoyts,Hoyts Moreno,"Av. Victorica 1128, Nine Shopping",Spider-Man: Un nuevo día,3D Doblada,12:30,23000,7300,7300,https://cartelera.ar/pelicula/spider-man-un-nuevo-dia
GBA Oeste,Cinemark Hoyts,Hoyts Moreno,"Av. Victorica 1128, Nine Shopping",Spider-Man: Un nuevo día,3D Doblada,15:40,23000,7300,7300,https://cartelera.ar/pelicula/spider-man-un-nuevo-dia
GBA Oeste,Cinemark Hoyts,Hoyts Moreno,"Av. Victorica 1128, Nine Shopping",Spider-Man: Un nuevo día,3D Doblada,18:50,23000,7300,7300,https://cartelera.ar/pelicula/spider-man-un-nuevo-dia
GBA Oeste,Cinemark Hoyts,Hoyts Moreno,"Av. Victorica 1128, Nine Shopping",Spider-Man: Un nuevo día,3D Doblada,22:00,23000,7300,7300,https://cartelera.ar/pelicula/spider-man-un-nuevo-dia
GBA Oeste,Cinemark Hoyts,Hoyts Moreno,"Av. Victorica 1128, Nine Shopping",Spider-Man: Un nuevo día,2D Doblada,13:00,18400,14800,14800,https://cartelera.ar/pelicula/spider-man-un-nuevo-dia
GBA Oeste,Cinemark Hoyts,Hoyts Moreno,"Av. Victorica 1128, Nine Shopping",Spider-Man: Un nuevo día,2D Doblada,13:20,18400,14800,14800,https://cartelera.ar/pelicula/spider-man-un-nuevo-dia
GBA Oeste,Cinemark Hoyts,Hoyts Moreno,"Av. Victorica 1128, Nine Shopping",Spider-Man: Un nuevo día,2D Doblada,15:10,18400,14800,14800,https://cartelera.ar/pelicula/spider-man-un-nuevo-dia
GBA Oeste,Cinemark Hoyts,Hoyts Moreno,"Av. Victorica 1128, Nine Shopping",Spider-Man: Un nuevo día,2D Doblada,16:10,18400,14800,14800,https://cartelera.ar/pelicula/spider-man-un-nuevo-dia
GBA Oeste,Cinemark Hoyts,Hoyts Moreno,"Av. Victorica 1128, Nine Shopping",Spider-Man: Un nuevo día,2D Doblada,16:30,18400,14800,14800,https://cartelera.ar/pelicula/spider-man-un-nuevo-dia
GBA Oeste,Cinemark Hoyts,Hoyts Moreno,"Av. Victorica 1128, Nine Shopping",Spider-Man: Un nuevo día,2D Doblada,18:20,18400,14800,14800,https://cartelera.ar/pelicula/spider-man-un-nuevo-dia
GBA Oeste,Cinemark Hoyts,Hoyts Moreno,"Av. Victorica 1128, Nine Shopping",Spider-Man: Un nuevo día,2D Doblada,19:20,18400,14800,14800,https://cartelera.ar/pelicula/spider-man-un-nuevo-dia
GBA Oeste,Cinemark Hoyts,Hoyts Moreno,"Av. Victorica 1128, Nine Shopping",Spider-Man: Un nuevo día,2D Doblada,19:40,18400,14800,14800,https://cartelera.ar/pelicula/spider-man-un-nuevo-dia
GBA Oeste,Cinemark Hoyts,Hoyts Moreno,"Av. Victorica 1128, Nine Shopping",Spider-Man: Un nuevo día,2D Doblada,21:30,18400,14800,14800,https://cartelera.ar/pelicula/spider-man-un-nuevo-dia
GBA Oeste,Cinemark Hoyts,Hoyts Moreno,"Av. Victorica 1128, Nine Shopping",Spider-Man: Un nuevo día,2D Doblada,22:30,18400,14800,14800,https://cartelera.ar/pelicula/spider-man-un-nuevo-dia
GBA Oeste,Cinemark Hoyts,Hoyts Moreno,"Av. Victorica 1128, Nine Shopping",Spider-Man: Un nuevo día,2D Doblada,22:50,18400,14800,14800,https://cartelera.ar/pelicula/spider-man-un-nuevo-dia
GBA Oeste,Cinemark Hoyts,Hoyts Moreno,"Av. Victorica 1128, Nine Shopping",Yo Narciso,2D Doblada,12:40,18400,14800,14800,https://cartelera.ar/pelicula/yo-narciso
GBA Oeste,Cinemark Hoyts,Hoyts Moreno,"Av. Victorica 1128, Nine Shopping",Yo Narciso,2D Doblada,15:00,18400,14800,14800,https://cartelera.ar/pelicula/yo-narciso
GBA Oeste,Cinemark Hoyts,Hoyts Moreno,"Av. Victorica 1128, Nine Shopping",Yo Narciso,2D Doblada,17:30,18400,14800,14800,https://cartelera.ar/pelicula/yo-narciso
GBA Oeste,Cinemark Hoyts,Hoyts Moreno,"Av. Victorica 1128, Nine Shopping",Yo Narciso,2D Doblada,19:50,18400,14800,14800,https://cartelera.ar/pelicula/yo-narciso
GBA Oeste,Cinemark Hoyts,Hoyts Moreno,"Av. Victorica 1128, Nine Shopping",Yo Narciso,2D Doblada,20:20,18400,14800,14800,https://cartelera.ar/pelicula/yo-narciso
GBA Oeste,Cinemark Hoyts,Hoyts Moreno,"Av. Victorica 1128, Nine Shopping",Yo Narciso,2D Doblada,22:10,18400,14800,14800,https://cartelera.ar/pelicula/yo-narciso
GBA Oeste,Cinemark Hoyts,Hoyts Moreno,"Av. Victorica 1128, Nine Shopping",Yo Narciso,2D Doblada,22:40,18400,14800,14800,https://cartelera.ar/pelicula/yo-narciso
GBA Oeste,Cinemark Hoyts,Hoyts Moreno,"Av. Victorica 1128, Nine Shopping",PAW Patrol: La Dino Película,2D Doblada,12:45,18400,14800,14800,https://cartelera.ar/pelicula/paw-patrol-la-dino-pelicula
GBA Oeste,Cinemark Hoyts,Hoyts Moreno,"Av. Victorica 1128, Nine Shopping",PAW Patrol: La Dino Película,2D Doblada,13:10,18400,14800,14800,https://cartelera.ar/pelicula/paw-patrol-la-dino-pelicula
GBA Oeste,Cinemark Hoyts,Hoyts Moreno,"Av. Victorica 1128, Nine Shopping",PAW Patrol: La Dino Película,2D Doblada,15:30,18400,14800,14800,https://cartelera.ar/pelicula/paw-patrol-la-dino-pelicula
GBA Oeste,Cinemark Hoyts,Hoyts Moreno,"Av. Victorica 1128, Nine Shopping",PAW Patrol: La Dino Película,2D Doblada,17:50,18400,14800,14800,https://cartelera.ar/pelicula/paw-patrol-la-dino-pelicula
GBA Oeste,Cinemark Hoyts,Hoyts Moreno,"Av. Victorica 1128, Nine Shopping",Toy Story 5,2D Doblada,12:50,18400,14800,14800,https://cartelera.ar/pelicula/toy-story-5
GBA Oeste,Cinemark Hoyts,Hoyts Moreno,"Av. Victorica 1128, Nine Shopping",Toy Story 5,2D Doblada,15:20,18400,14800,14800,https://cartelera.ar/pelicula/toy-story-5
GBA Oeste,Cinemark Hoyts,Hoyts Moreno,"Av. Victorica 1128, Nine Shopping",La Odisea,2D Doblada,14:10,18400,14800,14800,https://cartelera.ar/pelicula/la-odisea
GBA Oeste,Cinemark Hoyts,Hoyts Moreno,"Av. Victorica 1128, Nine Shopping",La Odisea,2D Doblada,18:10,18400,14800,14800,https://cartelera.ar/pelicula/la-odisea
GBA Oeste,Cinemark Hoyts,Hoyts Moreno,"Av. Victorica 1128, Nine Shopping",La Odisea,2D Doblada,21:50,18400,14800,14800,https://cartelera.ar/pelicula/la-odisea
GBA Oeste,Cinemark Hoyts,Hoyts Moreno,"Av. Victorica 1128, Nine Shopping",Insidious: Fuera del más allá,2D Doblada,14:20,18400,14800,14800,https://cartelera.ar/pelicula/insidious-fuera-del-mas-alla
GBA Oeste,Cinemark Hoyts,Hoyts Moreno,"Av. Victorica 1128, Nine Shopping",Insidious: Fuera del más allá,2D Doblada,17:20,18400,14800,14800,https://cartelera.ar/pelicula/insidious-fuera-del-mas-alla
GBA Oeste,Cinemark Hoyts,Hoyts Moreno,"Av. Victorica 1128, Nine Shopping",Insidious: Fuera del más allá,2D Doblada,20:00,18400,14800,14800,https://cartelera.ar/pelicula/insidious-fuera-del-mas-alla
GBA Oeste,Cinemark Hoyts,Hoyts Moreno,"Av. Victorica 1128, Nine Shopping",Insidious: Fuera del más allá,2D Doblada,20:30,18400,14800,14800,https://cartelera.ar/pelicula/insidious-fuera-del-mas-alla
GBA Oeste,Cinemark Hoyts,Hoyts Moreno,"Av. Victorica 1128, Nine Shopping",Insidious: Fuera del más allá,2D Doblada,22:20,18400,14800,14800,https://cartelera.ar/pelicula/insidious-fuera-del-mas-alla
GBA Oeste,Cinemark Hoyts,Hoyts Moreno,"Av. Victorica 1128, Nine Shopping",Insidious: Fuera del más allá,2D Doblada,23:00,18400,14800,14800,https://cartelera.ar/pelicula/insidious-fuera-del-mas-alla
GBA Oeste,Cinemark Hoyts,Hoyts Moreno,"Av. Victorica 1128, Nine Shopping",El Final de la Calle Oak,2D Doblada,14:50,18400,14800,14800,https://cartelera.ar/pelicula/el-final-de-la-calle-oak
GBA Oeste,Cinemark Hoyts,Hoyts Moreno,"Av. Victorica 1128, Nine Shopping",El Final de la Calle Oak,2D Doblada,17:40,18400,14800,14800,https://cartelera.ar/pelicula/el-final-de-la-calle-oak
GBA Oeste,Cinemark Hoyts,Hoyts Moreno,"Av. Victorica 1128, Nine Shopping",El Final de la Calle Oak,2D Doblada,20:10,18400,14800,14800,https://cartelera.ar/pelicula/el-final-de-la-calle-oak
GBA Oeste,Cinemark Hoyts,Hoyts Moreno,"Av. Victorica 1128, Nine Shopping",Mi vecino Totoro,2D Doblada,18:00,18400,14800,14800,https://cartelera.ar/pelicula/mi-vecino-totoro
GBA Oeste,Cinemark Hoyts,Hoyts Moreno,"Av. Victorica 1128, Nine Shopping",La Muerte De Robin Hood,2D Doblada,22:45,18400,14800,14800,https://cartelera.ar/pelicula/la-muerte-de-robin-hood
GBA Oeste,Cinemark Hoyts,Hoyts Morón,"J.M. de Rosas 658, Plaza Oeste Shopping",Spider-Man: Un nuevo día,2D Doblada,12:00,18400,14800,14800,https://cartelera.ar/pelicula/spider-man-un-nuevo-dia
GBA Oeste,Cinemark Hoyts,Hoyts Morón,"J.M. de Rosas 658, Plaza Oeste Shopping",Spider-Man: Un nuevo día,2D Doblada,13:10,18400,14800,14800,https://cartelera.ar/pelicula/spider-man-un-nuevo-dia
GBA Oeste,Cinemark Hoyts,Hoyts Morón,"J.M. de Rosas 658, Plaza Oeste Shopping",Spider-Man: Un nuevo día,2D Doblada,15:10,18400,14800,14800,https://cartelera.ar/pelicula/spider-man-un-nuevo-dia
GBA Oeste,Cinemark Hoyts,Hoyts Morón,"J.M. de Rosas 658, Plaza Oeste Shopping",Spider-Man: Un nuevo día,2D Doblada,15:40,18400,14800,14800,https://cartelera.ar/pelicula/spider-man-un-nuevo-dia
GBA Oeste,Cinemark Hoyts,Hoyts Morón,"J.M. de Rosas 658, Plaza Oeste Shopping",Spider-Man: Un nuevo día,2D Doblada,16:20,18400,14800,14800,https://cartelera.ar/pelicula/spider-man-un-nuevo-dia
GBA Oeste,Cinemark Hoyts,Hoyts Morón,"J.M. de Rosas 658, Plaza Oeste Shopping",Spider-Man: Un nuevo día,2D Doblada,18:20,18400,14800,14800,https://cartelera.ar/pelicula/spider-man-un-nuevo-dia
GBA Oeste,Cinemark Hoyts,Hoyts Morón,"J.M. de Rosas 658, Plaza Oeste Shopping",Spider-Man: Un nuevo día,2D Doblada,19:30,18400,14800,14800,https://cartelera.ar/pelicula/spider-man-un-nuevo-dia
GBA Oeste,Cinemark Hoyts,Hoyts Morón,"J.M. de Rosas 658, Plaza Oeste Shopping",Spider-Man: Un nuevo día,2D Doblada,21:30,18400,14800,14800,https://cartelera.ar/pelicula/spider-man-un-nuevo-dia
GBA Oeste,Cinemark Hoyts,Hoyts Morón,"J.M. de Rosas 658, Plaza Oeste Shopping",Spider-Man: Un nuevo día,2D Doblada,22:00,18400,14800,14800,https://cartelera.ar/pelicula/spider-man-un-nuevo-dia
GBA Oeste,Cinemark Hoyts,Hoyts Morón,"J.M. de Rosas 658, Plaza Oeste Shopping",Spider-Man: Un nuevo día,2D Doblada,22:40,18400,14800,14800,https://cartelera.ar/pelicula/spider-man-un-nuevo-dia
GBA Oeste,Cinemark Hoyts,Hoyts Morón,"J.M. de Rosas 658, Plaza Oeste Shopping",Spider-Man: Un nuevo día,3D Doblada,12:30,23000,7300,7300,https://cartelera.ar/pelicula/spider-man-un-nuevo-dia
GBA Oeste,Cinemark Hoyts,Hoyts Morón,"J.M. de Rosas 658, Plaza Oeste Shopping",Spider-Man: Un nuevo día,3D Doblada,18:50,23000,7300,7300,https://cartelera.ar/pelicula/spider-man-un-nuevo-dia
GBA Oeste,Cinemark Hoyts,Hoyts Morón,"J.M. de Rosas 658, Plaza Oeste Shopping",Insidious: Fuera del más allá,2D Doblada,12:20,18400,14800,14800,https://cartelera.ar/pelicula/insidious-fuera-del-mas-alla
GBA Oeste,Cinemark Hoyts,Hoyts Morón,"J.M. de Rosas 658, Plaza Oeste Shopping",Insidious: Fuera del más allá,2D Doblada,14:50,18400,14800,14800,https://cartelera.ar/pelicula/insidious-fuera-del-mas-alla
GBA Oeste,Cinemark Hoyts,Hoyts Morón,"J.M. de Rosas 658, Plaza Oeste Shopping",Insidious: Fuera del más allá,2D Doblada,17:20,18400,14800,14800,https://cartelera.ar/pelicula/insidious-fuera-del-mas-alla
GBA Oeste,Cinemark Hoyts,Hoyts Morón,"J.M. de Rosas 658, Plaza Oeste Shopping",Insidious: Fuera del más allá,2D Doblada,20:00,18400,14800,14800,https://cartelera.ar/pelicula/insidious-fuera-del-mas-alla
GBA Oeste,Cinemark Hoyts,Hoyts Morón,"J.M. de Rosas 658, Plaza Oeste Shopping",Insidious: Fuera del más allá,2D Doblada,20:20,18400,14800,14800,https://cartelera.ar/pelicula/insidious-fuera-del-mas-alla
GBA Oeste,Cinemark Hoyts,Hoyts Morón,"J.M. de Rosas 658, Plaza Oeste Shopping",Insidious: Fuera del más allá,2D Doblada,22:30,18400,14800,14800,https://cartelera.ar/pelicula/insidious-fuera-del-mas-alla
GBA Oeste,Cinemark Hoyts,Hoyts Morón,"J.M. de Rosas 658, Plaza Oeste Shopping",Insidious: Fuera del más allá,2D Doblada,23:00,18400,14800,14800,https://cartelera.ar/pelicula/insidious-fuera-del-mas-alla
GBA Oeste,Cinemark Hoyts,Hoyts Morón,"J.M. de Rosas 658, Plaza Oeste Shopping",Yo Narciso,2D Doblada,12:50,18400,14800,14800,https://cartelera.ar/pelicula/yo-narciso
GBA Oeste,Cinemark Hoyts,Hoyts Morón,"J.M. de Rosas 658, Plaza Oeste Shopping",Yo Narciso,2D Doblada,15:00,18400,14800,14800,https://cartelera.ar/pelicula/yo-narciso
GBA Oeste,Cinemark Hoyts,Hoyts Morón,"J.M. de Rosas 658, Plaza Oeste Shopping",Yo Narciso,2D Doblada,17:30,18400,14800,14800,https://cartelera.ar/pelicula/yo-narciso
GBA Oeste,Cinemark Hoyts,Hoyts Morón,"J.M. de Rosas 658, Plaza Oeste Shopping",Yo Narciso,2D Doblada,19:50,18400,14800,14800,https://cartelera.ar/pelicula/yo-narciso
GBA Oeste,Cinemark Hoyts,Hoyts Morón,"J.M. de Rosas 658, Plaza Oeste Shopping",Yo Narciso,2D Doblada,20:30,18400,14800,14800,https://cartelera.ar/pelicula/yo-narciso
GBA Oeste,Cinemark Hoyts,Hoyts Morón,"J.M. de Rosas 658, Plaza Oeste Shopping",Yo Narciso,2D Doblada,22:10,18400,14800,14800,https://cartelera.ar/pelicula/yo-narciso
GBA Oeste,Cinemark Hoyts,Hoyts Morón,"J.M. de Rosas 658, Plaza Oeste Shopping",Yo Narciso,2D Doblada,22:50,18400,14800,14800,https://cartelera.ar/pelicula/yo-narciso
GBA Oeste,Cinemark Hoyts,Hoyts Morón,"J.M. de Rosas 658, Plaza Oeste Shopping",Toy Story 5,2D Doblada,13:00,18400,14800,14800,https://cartelera.ar/pelicula/toy-story-5
GBA Oeste,Cinemark Hoyts,Hoyts Morón,"J.M. de Rosas 658, Plaza Oeste Shopping",Toy Story 5,2D Doblada,15:30,18400,14800,14800,https://cartelera.ar/pelicula/toy-story-5
GBA Oeste,Cinemark Hoyts,Hoyts Morón,"J.M. de Rosas 658, Plaza Oeste Shopping",PAW Patrol: La Dino Película,2D Doblada,13:20,18400,14800,14800,https://cartelera.ar/pelicula/paw-patrol-la-dino-pelicula
GBA Oeste,Cinemark Hoyts,Hoyts Morón,"J.M. de Rosas 658, Plaza Oeste Shopping",PAW Patrol: La Dino Película,2D Doblada,15:50,18400,14800,14800,https://cartelera.ar/pelicula/paw-patrol-la-dino-pelicula
GBA Oeste,Cinemark Hoyts,Hoyts Morón,"J.M. de Rosas 658, Plaza Oeste Shopping",PAW Patrol: La Dino Película,2D Doblada,18:10,18400,14800,14800,https://cartelera.ar/pelicula/paw-patrol-la-dino-pelicula
GBA Oeste,Cinemark Hoyts,Hoyts Morón,"J.M. de Rosas 658, Plaza Oeste Shopping",La Odisea,2D Doblada,14:10,18400,14800,14800,https://cartelera.ar/pelicula/la-odisea
GBA Oeste,Cinemark Hoyts,Hoyts Morón,"J.M. de Rosas 658, Plaza Oeste Shopping",La Odisea,2D Doblada,17:50,18400,14800,14800,https://cartelera.ar/pelicula/la-odisea
GBA Oeste,Cinemark Hoyts,Hoyts Morón,"J.M. de Rosas 658, Plaza Oeste Shopping",La Odisea,2D Doblada,21:40,18400,14800,14800,https://cartelera.ar/pelicula/la-odisea
GBA Oeste,Cinemark Hoyts,Hoyts Morón,"J.M. de Rosas 658, Plaza Oeste Shopping",El Final de la Calle Oak,2D Doblada,18:00,18400,14800,14800,https://cartelera.ar/pelicula/el-final-de-la-calle-oak
GBA Oeste,Showcase,Showcase Haedo,"Av. Rivadavia 16.200, Shopping Haedo",Spider-Man: Un nuevo día,3D Doblada,13:20,15000,,11500,https://cartelera.ar/pelicula/spider-man-un-nuevo-dia
GBA Oeste,Showcase,Showcase Haedo,"Av. Rivadavia 16.200, Shopping Haedo",Spider-Man: Un nuevo día,3D Doblada,16:20,15000,,11500,https://cartelera.ar/pelicula/spider-man-un-nuevo-dia
GBA Oeste,Showcase,Showcase Haedo,"Av. Rivadavia 16.200, Shopping Haedo",Spider-Man: Un nuevo día,3D Doblada,19:20,15000,,11500,https://cartelera.ar/pelicula/spider-man-un-nuevo-dia
GBA Oeste,Showcase,Showcase Haedo,"Av. Rivadavia 16.200, Shopping Haedo",Spider-Man: Un nuevo día,3D Doblada,22:20,15000,,11500,https://cartelera.ar/pelicula/spider-man-un-nuevo-dia
GBA Oeste,Showcase,Showcase Haedo,"Av. Rivadavia 16.200, Shopping Haedo",Spider-Man: Un nuevo día,2D Doblada,13:40,13500,5500,10500,https://cartelera.ar/pelicula/spider-man-un-nuevo-dia
GBA Oeste,Showcase,Showcase Haedo,"Av. Rivadavia 16.200, Shopping Haedo",Spider-Man: Un nuevo día,2D Doblada,15:40,13500,5500,10500,https://cartelera.ar/pelicula/spider-man-un-nuevo-dia
GBA Oeste,Showcase,Showcase Haedo,"Av. Rivadavia 16.200, Shopping Haedo",Spider-Man: Un nuevo día,2D Doblada,16:40,13500,5500,10500,https://cartelera.ar/pelicula/spider-man-un-nuevo-dia
GBA Oeste,Showcase,Showcase Haedo,"Av. Rivadavia 16.200, Shopping Haedo",Spider-Man: Un nuevo día,2D Doblada,18:40,13500,5500,10500,https://cartelera.ar/pelicula/spider-man-un-nuevo-dia
GBA Oeste,Showcase,Showcase Haedo,"Av. Rivadavia 16.200, Shopping Haedo",Spider-Man: Un nuevo día,2D Doblada,19:40,13500,5500,10500,https://cartelera.ar/pelicula/spider-man-un-nuevo-dia
GBA Oeste,Showcase,Showcase Haedo,"Av. Rivadavia 16.200, Shopping Haedo",Spider-Man: Un nuevo día,2D Doblada,21:40,13500,5500,10500,https://cartelera.ar/pelicula/spider-man-un-nuevo-dia
GBA Oeste,Showcase,Showcase Haedo,"Av. Rivadavia 16.200, Shopping Haedo",Spider-Man: Un nuevo día,2D Doblada,22:40,13500,5500,10500,https://cartelera.ar/pelicula/spider-man-un-nuevo-dia
GBA Oeste,Showcase,Showcase Haedo,"Av. Rivadavia 16.200, Shopping Haedo",Spider-Man: Un nuevo día,2D Subtitulada,16:00,13500,5500,10500,https://cartelera.ar/pelicula/spider-man-un-nuevo-dia
GBA Oeste,Showcase,Showcase Haedo,"Av. Rivadavia 16.200, Shopping Haedo",Spider-Man: Un nuevo día,2D Subtitulada,19:00,13500,5500,10500,https://cartelera.ar/pelicula/spider-man-un-nuevo-dia
GBA Oeste,Showcase,Showcase Haedo,"Av. Rivadavia 16.200, Shopping Haedo",Spider-Man: Un nuevo día,2D Subtitulada,22:00,13500,5500,10500,https://cartelera.ar/pelicula/spider-man-un-nuevo-dia
GBA Oeste,Showcase,Showcase Haedo,"Av. Rivadavia 16.200, Shopping Haedo",Mi vecino Totoro,2D Doblada,13:55,13500,5500,10500,https://cartelera.ar/pelicula/mi-vecino-totoro
GBA Oeste,Showcase,Showcase Haedo,"Av. Rivadavia 16.200, Shopping Haedo",Mi vecino Totoro,2D Subtitulada,18:10,13500,5500,10500,https://cartelera.ar/pelicula/mi-vecino-totoro
GBA Oeste,Showcase,Showcase Haedo,"Av. Rivadavia 16.200, Shopping Haedo",PAW Patrol: La Dino Película,2D Doblada,14:00,13500,5500,10500,https://cartelera.ar/pelicula/paw-patrol-la-dino-pelicula
GBA Oeste,Showcase,Showcase Haedo,"Av. Rivadavia 16.200, Shopping Haedo",PAW Patrol: La Dino Película,2D Doblada,16:05,13500,5500,10500,https://cartelera.ar/pelicula/paw-patrol-la-dino-pelicula
GBA Oeste,Showcase,Showcase Haedo,"Av. Rivadavia 16.200, Shopping Haedo",El Final de la Calle Oak,2D Doblada,14:20,13500,5500,10500,https://cartelera.ar/pelicula/el-final-de-la-calle-oak
GBA Oeste,Showcase,Showcase Haedo,"Av. Rivadavia 16.200, Shopping Haedo",El Final de la Calle Oak,2D Doblada,16:50,13500,5500,10500,https://cartelera.ar/pelicula/el-final-de-la-calle-oak
GBA Oeste,Showcase,Showcase Haedo,"Av. Rivadavia 16.200, Shopping Haedo",El Final de la Calle Oak,2D Doblada,20:15,13500,5500,10500,https://cartelera.ar/pelicula/el-final-de-la-calle-oak
GBA Oeste,Showcase,Showcase Haedo,"Av. Rivadavia 16.200, Shopping Haedo",El Final de la Calle Oak,2D Doblada,22:30,13500,5500,10500,https://cartelera.ar/pelicula/el-final-de-la-calle-oak
GBA Oeste,Showcase,Showcase Haedo,"Av. Rivadavia 16.200, Shopping Haedo",Minions & monstruos,2D Doblada,14:25,13500,5500,10500,https://cartelera.ar/pelicula/minions-monstruos
GBA Oeste,Showcase,Showcase Haedo,"Av. Rivadavia 16.200, Shopping Haedo",Minions & monstruos,2D Doblada,17:40,13500,5500,10500,https://cartelera.ar/pelicula/minions-monstruos
GBA Oeste,Showcase,Showcase Haedo,"Av. Rivadavia 16.200, Shopping Haedo",Toy Story 5,2D Doblada,14:40,13500,5500,10500,https://cartelera.ar/pelicula/toy-story-5
GBA Oeste,Showcase,Showcase Haedo,"Av. Rivadavia 16.200, Shopping Haedo",Toy Story 5,2D Doblada,17:00,13500,5500,10500,https://cartelera.ar/pelicula/toy-story-5
GBA Oeste,Showcase,Showcase Haedo,"Av. Rivadavia 16.200, Shopping Haedo",Toy Story 5,2D Doblada,19:25,13500,5500,10500,https://cartelera.ar/pelicula/toy-story-5
GBA Oeste,Showcase,Showcase Haedo,"Av. Rivadavia 16.200, Shopping Haedo",La noche del demonio: Están entre nosotros,2D Doblada,14:45,13500,5500,10500,https://cartelera.ar/pelicula/la-noche-del-demonio-estan-entre-nosotros
GBA Oeste,Showcase,Showcase Haedo,"Av. Rivadavia 16.200, Shopping Haedo",La noche del demonio: Están entre nosotros,2D Doblada,17:10,13500,5500,10500,https://cartelera.ar/pelicula/la-noche-del-demonio-estan-entre-nosotros
GBA Oeste,Showcase,Showcase Haedo,"Av. Rivadavia 16.200, Shopping Haedo",La noche del demonio: Están entre nosotros,2D Doblada,19:45,13500,5500,10500,https://cartelera.ar/pelicula/la-noche-del-demonio-estan-entre-nosotros
GBA Oeste,Showcase,Showcase Haedo,"Av. Rivadavia 16.200, Shopping Haedo",La noche del demonio: Están entre nosotros,2D Doblada,22:10,13500,5500,10500,https://cartelera.ar/pelicula/la-noche-del-demonio-estan-entre-nosotros
GBA Oeste,Showcase,Showcase Haedo,"Av. Rivadavia 16.200, Shopping Haedo",La noche del demonio: Están entre nosotros,2D Subtitulada,15:15,13500,5500,10500,https://cartelera.ar/pelicula/la-noche-del-demonio-estan-entre-nosotros
GBA Oeste,Showcase,Showcase Haedo,"Av. Rivadavia 16.200, Shopping Haedo",La noche del demonio: Están entre nosotros,2D Subtitulada,20:05,13500,5500,10500,https://cartelera.ar/pelicula/la-noche-del-demonio-estan-entre-nosotros
GBA Oeste,Showcase,Showcase Haedo,"Av. Rivadavia 16.200, Shopping Haedo",La noche del demonio: Están entre nosotros,2D Subtitulada,22:30,13500,5500,10500,https://cartelera.ar/pelicula/la-noche-del-demonio-estan-entre-nosotros
GBA Oeste,Showcase,Showcase Haedo,"Av. Rivadavia 16.200, Shopping Haedo",Yo Narciso,2D Doblada,15:00,13500,5500,10500,https://cartelera.ar/pelicula/yo-narciso
GBA Oeste,Showcase,Showcase Haedo,"Av. Rivadavia 16.200, Shopping Haedo",Yo Narciso,2D Doblada,15:25,13500,5500,10500,https://cartelera.ar/pelicula/yo-narciso
GBA Oeste,Showcase,Showcase Haedo,"Av. Rivadavia 16.200, Shopping Haedo",Yo Narciso,2D Doblada,17:20,13500,5500,10500,https://cartelera.ar/pelicula/yo-narciso
GBA Oeste,Showcase,Showcase Haedo,"Av. Rivadavia 16.200, Shopping Haedo",Yo Narciso,2D Doblada,17:45,13500,5500,10500,https://cartelera.ar/pelicula/yo-narciso
GBA Oeste,Showcase,Showcase Haedo,"Av. Rivadavia 16.200, Shopping Haedo",Yo Narciso,2D Doblada,19:35,13500,5500,10500,https://cartelera.ar/pelicula/yo-narciso
GBA Oeste,Showcase,Showcase Haedo,"Av. Rivadavia 16.200, Shopping Haedo",Yo Narciso,2D Doblada,20:00,13500,5500,10500,https://cartelera.ar/pelicula/yo-narciso
GBA Oeste,Showcase,Showcase Haedo,"Av. Rivadavia 16.200, Shopping Haedo",Yo Narciso,2D Doblada,21:55,13500,5500,10500,https://cartelera.ar/pelicula/yo-narciso
GBA Oeste,Showcase,Showcase Haedo,"Av. Rivadavia 16.200, Shopping Haedo",Yo Narciso,2D Doblada,22:15,13500,5500,10500,https://cartelera.ar/pelicula/yo-narciso
GBA Oeste,Showcase,Showcase Haedo,"Av. Rivadavia 16.200, Shopping Haedo",La Odisea,2D Doblada,15:05,13500,5500,10500,https://cartelera.ar/pelicula/la-odisea
GBA Oeste,Showcase,Showcase Haedo,"Av. Rivadavia 16.200, Shopping Haedo",La Odisea,2D Doblada,18:35,13500,5500,10500,https://cartelera.ar/pelicula/la-odisea
GBA Oeste,Showcase,Showcase Haedo,"Av. Rivadavia 16.200, Shopping Haedo",La Odisea,2D Doblada,22:05,13500,5500,10500,https://cartelera.ar/pelicula/la-odisea
GBA Oeste,Showcase,Showcase Haedo,"Av. Rivadavia 16.200, Shopping Haedo",La Odisea,2D Subtitulada,15:35,13500,5500,10500,https://cartelera.ar/pelicula/la-odisea
GBA Oeste,Showcase,Showcase Haedo,"Av. Rivadavia 16.200, Shopping Haedo",La Odisea,2D Subtitulada,19:05,13500,5500,10500,https://cartelera.ar/pelicula/la-odisea
GBA Oeste,Showcase,Showcase Haedo,"Av. Rivadavia 16.200, Shopping Haedo",La Odisea,2D Subtitulada,22:35,13500,5500,10500,https://cartelera.ar/pelicula/la-odisea
GBA Oeste,Showcase,Showcase Haedo,"Av. Rivadavia 16.200, Shopping Haedo",Tu Corazón Será Destrozado,2D Doblada,16:35,13500,5500,10500,https://cartelera.ar/pelicula/tu-corazon-sera-destrozado
GBA Oeste,Showcase,Showcase Haedo,"Av. Rivadavia 16.200, Shopping Haedo",Tu Corazón Será Destrozado,2D Subtitulada,19:30,13500,5500,10500,https://cartelera.ar/pelicula/tu-corazon-sera-destrozado
GBA Oeste,Showcase,Showcase Haedo,"Av. Rivadavia 16.200, Shopping Haedo",La Muerte De Robin Hood,2D Subtitulada,19:10,13500,5500,10500,https://cartelera.ar/pelicula/la-muerte-de-robin-hood
GBA Oeste,Showcase,Showcase Haedo,"Av. Rivadavia 16.200, Shopping Haedo",La Muerte De Robin Hood,2D Subtitulada,21:50,13500,5500,10500,https://cartelera.ar/pelicula/la-muerte-de-robin-hood
GBA Oeste,Showcase,Showcase Haedo,"Av. Rivadavia 16.200, Shopping Haedo",Obsesión,2D Subtitulada,21:45,13500,5500,10500,https://cartelera.ar/pelicula/obsesion
GBA Oeste,Showcase,Showcase Haedo,"Av. Rivadavia 16.200, Shopping Haedo",Insaciable,2D Subtitulada,22:25,13500,5500,10500,https://cartelera.ar/pelicula/insaciable
