zona,cadena,cine,direccion,pelicula,formato,horario,precio_general,precio_jubilado,precio_menor,url_pelicula
CABA,Atlas Cines,Atlas Caballito,"Rivadavia 5071, Caballito",Avengers: Endgame,2D Doblada,12:20,,,,https://cartelera.ar/pelicula/vengadores-endgame
CABA,Atlas Cines,Atlas Caballito,"Rivadavia 5071, Caballito",Avengers: Endgame,4DX Doblada,14:40,,,,https://cartelera.ar/pelicula/vengadores-endgame
CABA,Atlas Cines,Atlas Caballito,"Rivadavia 5071, Caballito",Avengers: Endgame,2D Doblada,18:00,,,,https://cartelera.ar/pelicula/vengadores-endgame
CABA,Atlas Cines,Atlas Caballito,"Rivadavia 5071, Caballito",Avengers: Endgame,4DX Doblada,18:20,,,,https://cartelera.ar/pelicula/vengadores-endgame
CABA,Atlas Cines,Atlas Caballito,"Rivadavia 5071, Caballito",Avengers: Endgame,4DX Doblada,22:00,,,,https://cartelera.ar/pelicula/vengadores-endgame
CABA,Atlas Cines,Atlas Caballito,"Rivadavia 5071, Caballito",Avengers: Endgame,2D Subtitulada,22:10,,,,https://cartelera.ar/pelicula/vengadores-endgame
CABA,Atlas Cines,Atlas Caballito,"Rivadavia 5071, Caballito",El corazón de la bestia,2D Subtitulada,17:50,,,,https://cartelera.ar/pelicula/el-corazon-de-la-bestia
CABA,Atlas Cines,Atlas Caballito,"Rivadavia 5071, Caballito",El corazón de la bestia,2D Subtitulada,20:40,,,,https://cartelera.ar/pelicula/el-corazon-de-la-bestia
CABA,Atlas Cines,Atlas Caballito,"Rivadavia 5071, Caballito",El corazón de la bestia,2D Subtitulada,22:50,,,,https://cartelera.ar/pelicula/el-corazon-de-la-bestia
CABA,Atlas Cines,Atlas Caballito,"Rivadavia 5071, Caballito",La invitación,2D Subtitulada,20:00,,,,https://cartelera.ar/pelicula/la-invitacion
CABA,Atlas Cines,Atlas Caballito,"Rivadavia 5071, Caballito",La Odisea,2D Subtitulada,17:20,,,,https://cartelera.ar/pelicula/la-odisea
CABA,Atlas Cines,Atlas Caballito,"Rivadavia 5071, Caballito",Spider-Man: Un nuevo día,2D Doblada,12:30,,,,https://cartelera.ar/pelicula/spider-man-un-nuevo-dia
CABA,Atlas Cines,Atlas Caballito,"Rivadavia 5071, Caballito",Spider-Man: Un nuevo día,2D Doblada,15:40,,,,https://cartelera.ar/pelicula/spider-man-un-nuevo-dia
CABA,Atlas Cines,Atlas Caballito,"Rivadavia 5071, Caballito",PAW Patrol: La Dino Película,2D Doblada,12:20,,,,https://cartelera.ar/pelicula/paw-patrol-la-dino-pelicula
CABA,Atlas Cines,Atlas Caballito,"Rivadavia 5071, Caballito",PAW Patrol: La Dino Película,2D Doblada,14:40,,,,https://cartelera.ar/pelicula/paw-patrol-la-dino-pelicula
CABA,Atlas Cines,Atlas Caballito,"Rivadavia 5071, Caballito",Resident Evil: Noche Cero,4DX Doblada,12:20,,,,https://cartelera.ar/pelicula/resident-evil-noche-cero
CABA,Atlas Cines,Atlas Caballito,"Rivadavia 5071, Caballito",Resident Evil: Noche Cero,2D Doblada,13:30,,,,https://cartelera.ar/pelicula/resident-evil-noche-cero
CABA,Atlas Cines,Atlas Caballito,"Rivadavia 5071, Caballito",Resident Evil: Noche Cero,2D Doblada,18:40,,,,https://cartelera.ar/pelicula/resident-evil-noche-cero
CABA,Atlas Cines,Atlas Caballito,"Rivadavia 5071, Caballito",Resident Evil: Noche Cero,2D Subtitulada,20:50,,,,https://cartelera.ar/pelicula/resident-evil-noche-cero
CABA,Atlas Cines,Atlas Caballito,"Rivadavia 5071, Caballito",Resident Evil: Noche Cero,2D Subtitulada,23:00,,,,https://cartelera.ar/pelicula/resident-evil-noche-cero
CABA,Atlas Cines,Atlas Caballito,"Rivadavia 5071, Caballito",La isla olvidada,2D Doblada,12:40,,,,https://cartelera.ar/pelicula/la-isla-olvidada
CABA,Atlas Cines,Atlas Caballito,"Rivadavia 5071, Caballito",La isla olvidada,2D Doblada,15:00,,,,https://cartelera.ar/pelicula/la-isla-olvidada
CABA,Atlas Cines,Atlas Caballito,"Rivadavia 5071, Caballito",Digger,2D Subtitulada,14:20,,,,https://cartelera.ar/pelicula/digger
CABA,Atlas Cines,Atlas Caballito,"Rivadavia 5071, Caballito",Digger,2D Subtitulada,17:00,,,,https://cartelera.ar/pelicula/digger
CABA,Atlas Cines,Atlas Caballito,"Rivadavia 5071, Caballito",Digger,2D Subtitulada,19:40,,,,https://cartelera.ar/pelicula/digger
CABA,Atlas Cines,Atlas Caballito,"Rivadavia 5071, Caballito",Digger,2D Subtitulada,21:40,,,,https://cartelera.ar/pelicula/digger
CABA,Atlas Cines,Atlas Caballito,"Rivadavia 5071, Caballito",Digger,2D Subtitulada,22:30,,,,https://cartelera.ar/pelicula/digger
CABA,Atlas Cines,Atlas Caballito,"Rivadavia 5071, Caballito",Coyote vs. Acme,2D Doblada,15:30,,,,https://cartelera.ar/pelicula/coyote-vs-acme
CABA,Atlas Cines,Atlas Caballito,"Rivadavia 5071, Caballito",Yo Narciso,2D Doblada,16:00,,,,https://cartelera.ar/pelicula/yo-narciso
CABA,Atlas Cines,Atlas Caballito,"Rivadavia 5071, Caballito",Verity. La sombra de un engaño,2D Doblada,12:40,,,,https://cartelera.ar/pelicula/verity-la-sombra-de-un-engano
CABA,Atlas Cines,Atlas Caballito,"Rivadavia 5071, Caballito",Verity. La sombra de un engaño,2D Doblada,15:10,,,,https://cartelera.ar/pelicula/verity-la-sombra-de-un-engano
CABA,Atlas Cines,Atlas Caballito,"Rivadavia 5071, Caballito",Verity. La sombra de un engaño,2D Subtitulada,17:40,,,,https://cartelera.ar/pelicula/verity-la-sombra-de-un-engano
CABA,Atlas Cines,Atlas Caballito,"Rivadavia 5071, Caballito",Verity. La sombra de un engaño,2D Subtitulada,20:10,,,,https://cartelera.ar/pelicula/verity-la-sombra-de-un-engano
CABA,Atlas Cines,Atlas Caballito,"Rivadavia 5071, Caballito",Verity. La sombra de un engaño,2D Subtitulada,22:40,,,,https://cartelera.ar/pelicula/verity-la-sombra-de-un-engano
CABA,Atlas Cines,Atlas Caballito,"Rivadavia 5071, Caballito",Queen Budapest,2D Subtitulada,20:00,,,,https://cartelera.ar/pelicula/queen-budapest
CABA,Atlas Cines,Atlas Caballito,"Rivadavia 5071, Caballito",Vértigo 2,2D Doblada,22:40,,,,https://cartelera.ar/pelicula/vertigo-2
CABA,Atlas Cines,Atlas Caballito,"Rivadavia 5071, Caballito",Escondida en mi cabeza,2D Doblada,12:30,,,,https://cartelera.ar/pelicula/escondida-en-mi-cabeza
CABA,Atlas Cines,Atlas Caballito,"Rivadavia 5071, Caballito",Escondida en mi cabeza,2D Doblada,18:50,,,,https://cartelera.ar/pelicula/escondida-en-mi-cabeza
CABA,Atlas Cines,Atlas Caballito,"Rivadavia 5071, Caballito",Escondida en mi cabeza,2D Doblada,23:00,,,,https://cartelera.ar/pelicula/escondida-en-mi-cabeza
CABA,Atlas Cines,Atlas Caballito,"Rivadavia 5071, Caballito",Relajadas y muy peligrosas,2D Doblada,16:40,,,,https://cartelera.ar/pelicula/relajadas-y-muy-peligrosas
CABA,Atlas Cines,Atlas Caballito,"Rivadavia 5071, Caballito",Relajadas y muy peligrosas,2D Subtitulada,21:00,,,,https://cartelera.ar/pelicula/relajadas-y-muy-peligrosas
CABA,Atlas Cines,Atlas Caballito,"Rivadavia 5071, Caballito",Guardianes Del Museo 2,2D Doblada,12:00,,,,https://cartelera.ar/pelicula/guardianes-del-museo-2
CABA,Atlas Cines,Atlas Caballito,"Rivadavia 5071, Caballito",Guardianes Del Museo 2,2D Doblada,14:00,,,,https://cartelera.ar/pelicula/guardianes-del-museo-2
CABA,Atlas Cines,Atlas Caballito,"Rivadavia 5071, Caballito",Guardianes Del Museo 2,2D Doblada,16:00,,,,https://cartelera.ar/pelicula/guardianes-del-museo-2
CABA,Atlas Cines,Atlas Caballito,"Rivadavia 5071, Caballito",Guardianes Del Museo 2,2D Doblada,18:00,,,,https://cartelera.ar/pelicula/guardianes-del-museo-2
CABA,Cinépolis,Cinépolis Recoleta,"Vicente López 2050, Recoleta",Avengers: Endgame,3D Subtitulada,13:40,,,,https://cartelera.ar/pelicula/vengadores-endgame
CABA,Cinépolis,Cinépolis Recoleta,"Vicente López 2050, Recoleta",Avengers: Endgame,3D Subtitulada,14:40,,,,https://cartelera.ar/pelicula/vengadores-endgame
CABA,Cinépolis,Cinépolis Recoleta,"Vicente López 2050, Recoleta",Avengers: Endgame,3D Subtitulada,17:40,,,,https://cartelera.ar/pelicula/vengadores-endgame
CABA,Cinépolis,Cinépolis Recoleta,"Vicente López 2050, Recoleta",Avengers: Endgame,3D Subtitulada,18:40,,,,https://cartelera.ar/pelicula/vengadores-endgame
CABA,Cinépolis,Cinépolis Recoleta,"Vicente López 2050, Recoleta",Avengers: Endgame,3D Subtitulada,21:40,,,,https://cartelera.ar/pelicula/vengadores-endgame
CABA,Cinépolis,Cinépolis Recoleta,"Vicente López 2050, Recoleta",Avengers: Endgame,3D Subtitulada,22:40,,,,https://cartelera.ar/pelicula/vengadores-endgame
CABA,Cinépolis,Cinépolis Recoleta,"Vicente López 2050, Recoleta",El corazón de la bestia,2D Subtitulada,12:20,,,,https://cartelera.ar/pelicula/el-corazon-de-la-bestia
CABA,Cinépolis,Cinépolis Recoleta,"Vicente López 2050, Recoleta",El corazón de la bestia,2D Subtitulada,14:50,,,,https://cartelera.ar/pelicula/el-corazon-de-la-bestia
CABA,Cinépolis,Cinépolis Recoleta,"Vicente López 2050, Recoleta",El corazón de la bestia,2D Subtitulada,17:15,,,,https://cartelera.ar/pelicula/el-corazon-de-la-bestia
CABA,Cinépolis,Cinépolis Recoleta,"Vicente López 2050, Recoleta",El corazón de la bestia,2D Subtitulada,19:40,,,,https://cartelera.ar/pelicula/el-corazon-de-la-bestia
CABA,Cinépolis,Cinépolis Recoleta,"Vicente López 2050, Recoleta",El corazón de la bestia,2D Subtitulada,22:10,,,,https://cartelera.ar/pelicula/el-corazon-de-la-bestia
CABA,Cinépolis,Cinépolis Recoleta,"Vicente López 2050, Recoleta",La invitación,2D Subtitulada,22:45,,,,https://cartelera.ar/pelicula/la-invitacion
CABA,Cinépolis,Cinépolis Recoleta,"Vicente López 2050, Recoleta",Resident Evil: Noche Cero,2D Subtitulada,17:00,,,,https://cartelera.ar/pelicula/resident-evil-noche-cero
CABA,Cinépolis,Cinépolis Recoleta,"Vicente López 2050, Recoleta",Resident Evil: Noche Cero,2D Subtitulada,22:45,,,,https://cartelera.ar/pelicula/resident-evil-noche-cero
CABA,Cinépolis,Cinépolis Recoleta,"Vicente López 2050, Recoleta",La isla olvidada,2D Doblada,12:10,,,,https://cartelera.ar/pelicula/la-isla-olvidada
CABA,Cinépolis,Cinépolis Recoleta,"Vicente López 2050, Recoleta",Digger,2D Subtitulada,13:30,,,,https://cartelera.ar/pelicula/digger
CABA,Cinépolis,Cinépolis Recoleta,"Vicente López 2050, Recoleta",Digger,2D Subtitulada,14:40,,,,https://cartelera.ar/pelicula/digger
CABA,Cinépolis,Cinépolis Recoleta,"Vicente López 2050, Recoleta",Digger,2D Subtitulada,16:20,,,,https://cartelera.ar/pelicula/digger
CABA,Cinépolis,Cinépolis Recoleta,"Vicente López 2050, Recoleta",Digger,2D Subtitulada,19:10,,,,https://cartelera.ar/pelicula/digger
CABA,Cinépolis,Cinépolis Recoleta,"Vicente López 2050, Recoleta",Digger,2D Subtitulada,19:40,,,,https://cartelera.ar/pelicula/digger
CABA,Cinépolis,Cinépolis Recoleta,"Vicente López 2050, Recoleta",Digger,2D Subtitulada,22:00,,,,https://cartelera.ar/pelicula/digger
CABA,Cinépolis,Cinépolis Recoleta,"Vicente López 2050, Recoleta",Digger,2D Subtitulada,22:30,,,,https://cartelera.ar/pelicula/digger
CABA,Cinépolis,Cinépolis Recoleta,"Vicente López 2050, Recoleta",Coyote vs. Acme,2D Doblada,12:30,,,,https://cartelera.ar/pelicula/coyote-vs-acme
CABA,Cinépolis,Cinépolis Recoleta,"Vicente López 2050, Recoleta",Coyote vs. Acme,2D Subtitulada,14:40,,,,https://cartelera.ar/pelicula/coyote-vs-acme
CABA,Cinépolis,Cinépolis Recoleta,"Vicente López 2050, Recoleta",Coyote vs. Acme,2D Subtitulada,17:10,,,,https://cartelera.ar/pelicula/coyote-vs-acme
CABA,Cinépolis,Cinépolis Recoleta,"Vicente López 2050, Recoleta",Queen Budapest,2D Subtitulada,20:30,,,,https://cartelera.ar/pelicula/queen-budapest
CABA,Cinépolis,Cinépolis Recoleta,"Vicente López 2050, Recoleta",Tres adioses,2D Subtitulada,15:00,,,,https://cartelera.ar/pelicula/tres-adioses
CABA,Cinépolis,Cinépolis Recoleta,"Vicente López 2050, Recoleta",Her Private Hell,2D Subtitulada,14:30,,,,https://cartelera.ar/pelicula/her-private-hell
CABA,Cinépolis,Cinépolis Recoleta,"Vicente López 2050, Recoleta",Escondida en mi cabeza,2D Doblada,17:40,,,,https://cartelera.ar/pelicula/escondida-en-mi-cabeza
CABA,Cinépolis,Cinépolis Recoleta,"Vicente López 2050, Recoleta",Escondida en mi cabeza,2D Doblada,20:00,,,,https://cartelera.ar/pelicula/escondida-en-mi-cabeza
CABA,Cinépolis,Cinépolis Recoleta,"Vicente López 2050, Recoleta",Escondida en mi cabeza,2D Doblada,22:20,,,,https://cartelera.ar/pelicula/escondida-en-mi-cabeza
CABA,Cinépolis,Cinépolis Recoleta,"Vicente López 2050, Recoleta",Relajadas y muy peligrosas,2D Subtitulada,17:30,,,,https://cartelera.ar/pelicula/relajadas-y-muy-peligrosas
CABA,Cinépolis,Cinépolis Recoleta,"Vicente López 2050, Recoleta",Relajadas y muy peligrosas,2D Subtitulada,22:00,,,,https://cartelera.ar/pelicula/relajadas-y-muy-peligrosas
CABA,Cinépolis,Cinépolis Recoleta,"Vicente López 2050, Recoleta",Verity: La sombra del engaño,2D Subtitulada,14:30,,,,https://cartelera.ar/pelicula/verity-la-sombra-del-engano
CABA,Cinépolis,Cinépolis Recoleta,"Vicente López 2050, Recoleta",Verity: La sombra del engaño,2D Subtitulada,17:10,,,,https://cartelera.ar/pelicula/verity-la-sombra-del-engano
CABA,Cinépolis,Cinépolis Recoleta,"Vicente López 2050, Recoleta",Verity: La sombra del engaño,2D Subtitulada,19:50,,,,https://cartelera.ar/pelicula/verity-la-sombra-del-engano
CABA,Cinépolis,Cinépolis Recoleta,"Vicente López 2050, Recoleta",Verity: La sombra del engaño,2D Subtitulada,20:10,,,,https://cartelera.ar/pelicula/verity-la-sombra-del-engano
CABA,Cinépolis,Cinépolis Recoleta,"Vicente López 2050, Recoleta",Verity: La sombra del engaño,2D Subtitulada,22:30,,,,https://cartelera.ar/pelicula/verity-la-sombra-del-engano
CABA,Cinépolis,Cinépolis Recoleta,"Vicente López 2050, Recoleta",Hangar rojo,2D Doblada,19:50,,,,https://cartelera.ar/pelicula/hangar-rojo
CABA,Cinépolis,Cinépolis Recoleta,"Vicente López 2050, Recoleta",Guardianes Del Museo 2,2D Doblada,13:20,,,,https://cartelera.ar/pelicula/guardianes-del-museo-2
CABA,Cinépolis,Cinépolis Recoleta,"Vicente López 2050, Recoleta",Guardianes Del Museo 2,2D Doblada,15:30,,,,https://cartelera.ar/pelicula/guardianes-del-museo-2
CABA,Cinépolis,Cinépolis Recoleta,"Vicente López 2050, Recoleta",Guardianes Del Museo 2,2D Doblada,17:45,,,,https://cartelera.ar/pelicula/guardianes-del-museo-2
GBA Norte,Multiplex,Multiplex Pilar,"Las Magnolias 754, Palmas del Pilar",Avengers: Endgame,4D (3D) Doblada,12:30,,,,https://multiplex.com.ar/peliculas/avengers-endgame-re-estreno/
GBA Norte,Multiplex,Multiplex Pilar,"Las Magnolias 754, Palmas del Pilar",Avengers: Endgame,3D Doblada,13:20,,,,https://multiplex.com.ar/peliculas/avengers-endgame-re-estreno/
GBA Norte,Multiplex,Multiplex Pilar,"Las Magnolias 754, Palmas del Pilar",Avengers: Endgame,2D XTREMO Doblada,14:00,,,,https://multiplex.com.ar/peliculas/avengers-endgame-re-estreno/
GBA Norte,Multiplex,Multiplex Pilar,"Las Magnolias 754, Palmas del Pilar",Avengers: Endgame,4D (3D) Doblada,15:50,,,,https://multiplex.com.ar/peliculas/avengers-endgame-re-estreno/
GBA Norte,Multiplex,Multiplex Pilar,"Las Magnolias 754, Palmas del Pilar",Avengers: Endgame,3D Doblada,16:40,,,,https://multiplex.com.ar/peliculas/avengers-endgame-re-estreno/
GBA Norte,Multiplex,Multiplex Pilar,"Las Magnolias 754, Palmas del Pilar",Avengers: Endgame,2D XTREMO Doblada,17:30,,,,https://multiplex.com.ar/peliculas/avengers-endgame-re-estreno/
GBA Norte,Multiplex,Multiplex Pilar,"Las Magnolias 754, Palmas del Pilar",Avengers: Endgame,4D (3D) Doblada,19:20,,,,https://multiplex.com.ar/peliculas/avengers-endgame-re-estreno/
GBA Norte,Multiplex,Multiplex Pilar,"Las Magnolias 754, Palmas del Pilar",Avengers: Endgame,2D XTREMO Doblada,21:10,,,,https://multiplex.com.ar/peliculas/avengers-endgame-re-estreno/
GBA Norte,Multiplex,Multiplex Pilar,"Las Magnolias 754, Palmas del Pilar",Cuentos Del Jardin Magico,2D Doblada,12:40,,,,https://multiplex.com.ar/peliculas/cuentos-del-jardin-magico/
GBA Norte,Multiplex,Multiplex Pilar,"Las Magnolias 754, Palmas del Pilar",Digger,PLATINUM 2D Subtitulada,12:20,,,,https://multiplex.com.ar/peliculas/digger/
GBA Norte,Multiplex,Multiplex Pilar,"Las Magnolias 754, Palmas del Pilar",Digger,2D Doblada,14:20,,,,https://multiplex.com.ar/peliculas/digger/
GBA Norte,Multiplex,Multiplex Pilar,"Las Magnolias 754, Palmas del Pilar",Digger,2D Doblada,15:50,,,,https://multiplex.com.ar/peliculas/digger/
GBA Norte,Multiplex,Multiplex Pilar,"Las Magnolias 754, Palmas del Pilar",Digger,PLATINUM 2D Subtitulada,17:10,,,,https://multiplex.com.ar/peliculas/digger/
GBA Norte,Multiplex,Multiplex Pilar,"Las Magnolias 754, Palmas del Pilar",Digger,PLATINUM 2D Subtitulada,19:40,,,,https://multiplex.com.ar/peliculas/digger/
GBA Norte,Multiplex,Multiplex Pilar,"Las Magnolias 754, Palmas del Pilar",Digger,2D Doblada,20:20,,,,https://multiplex.com.ar/peliculas/digger/
GBA Norte,Multiplex,Multiplex Pilar,"Las Magnolias 754, Palmas del Pilar",Digger,2D Subtitulada,22:50,,,,https://multiplex.com.ar/peliculas/digger/
GBA Norte,Multiplex,Multiplex Pilar,"Las Magnolias 754, Palmas del Pilar",El corazón de la bestia,2D Doblada,16:00,,,,https://multiplex.com.ar/peliculas/el-corazon-de-la-bestia/
GBA Norte,Multiplex,Multiplex Pilar,"Las Magnolias 754, Palmas del Pilar",El corazón de la bestia,2D Subtitulada,18:00,,,,https://multiplex.com.ar/peliculas/el-corazon-de-la-bestia/
GBA Norte,Multiplex,Multiplex Pilar,"Las Magnolias 754, Palmas del Pilar",El corazón de la bestia,2D Doblada,20:10,,,,https://multiplex.com.ar/peliculas/el-corazon-de-la-bestia/
GBA Norte,Multiplex,Multiplex Pilar,"Las Magnolias 754, Palmas del Pilar",Escondida en mi cabeza,2D Doblada,18:20,,,,https://multiplex.com.ar/peliculas/escondida-en-mi-cabeza/
GBA Norte,Multiplex,Multiplex Pilar,"Las Magnolias 754, Palmas del Pilar",Escondida en mi cabeza,2D Doblada,19:00,,,,https://multiplex.com.ar/peliculas/escondida-en-mi-cabeza/
GBA Norte,Multiplex,Multiplex Pilar,"Las Magnolias 754, Palmas del Pilar",Escondida en mi cabeza,2D Doblada,22:30,,,,https://multiplex.com.ar/peliculas/escondida-en-mi-cabeza/
GBA Norte,Multiplex,Multiplex Pilar,"Las Magnolias 754, Palmas del Pilar",Guardianes Del Museo 2,2D Doblada,12:10,,,,https://multiplex.com.ar/peliculas/guardianes-del-museo-2/
GBA Norte,Multiplex,Multiplex Pilar,"Las Magnolias 754, Palmas del Pilar",Guardianes Del Museo 2,2D Doblada,15:40,,,,https://multiplex.com.ar/peliculas/guardianes-del-museo-2/
GBA Norte,Multiplex,Multiplex Pilar,"Las Magnolias 754, Palmas del Pilar",Hangar rojo,2D Doblada,14:10,,,,https://multiplex.com.ar/peliculas/hangar-rojo/
GBA Norte,Multiplex,Multiplex Pilar,"Las Magnolias 754, Palmas del Pilar",La isla olvidada,2D Doblada,13:30,,,,https://multiplex.com.ar/peliculas/la-isla-olvidada/
GBA Norte,Multiplex,Multiplex Pilar,"Las Magnolias 754, Palmas del Pilar",La noche del demonio: Están entre nosotros,2D Doblada,22:20,,,,https://multiplex.com.ar/peliculas/la-noche-del-demonio-estan-entre-nosotros/
GBA Norte,Multiplex,Multiplex Pilar,"Las Magnolias 754, Palmas del Pilar",Queen Budapest,2D Subtitulada,20:30,,,,https://multiplex.com.ar/peliculas/queen-budapest/
GBA Norte,Multiplex,Multiplex Pilar,"Las Magnolias 754, Palmas del Pilar",Relajadas y muy peligrosas,2D Doblada,14:00,,,,https://multiplex.com.ar/peliculas/relajadas-y-muy-peligrosas/
GBA Norte,Multiplex,Multiplex Pilar,"Las Magnolias 754, Palmas del Pilar",Resident Evil: Noche Cero,2D Doblada,12:10,,,,https://multiplex.com.ar/peliculas/resident-evil-noche-cero/
GBA Norte,Multiplex,Multiplex Pilar,"Las Magnolias 754, Palmas del Pilar",Resident Evil: Noche Cero,2D Doblada,16:50,,,,https://multiplex.com.ar/peliculas/resident-evil-noche-cero/
GBA Norte,Multiplex,Multiplex Pilar,"Las Magnolias 754, Palmas del Pilar",Resident Evil: Noche Cero,2D Doblada,21:00,,,,https://multiplex.com.ar/peliculas/resident-evil-noche-cero/
GBA Norte,Multiplex,Multiplex Pilar,"Las Magnolias 754, Palmas del Pilar",Resident Evil: Noche Cero,4D (2D) Doblada,22:50,,,,https://multiplex.com.ar/peliculas/resident-evil-noche-cero/
GBA Norte,Multiplex,Multiplex Pilar,"Las Magnolias 754, Palmas del Pilar",Resident Evil: Noche Cero,2D Doblada,23:00,,,,https://multiplex.com.ar/peliculas/resident-evil-noche-cero/
GBA Norte,Multiplex,Multiplex Pilar,"Las Magnolias 754, Palmas del Pilar",Spider-Man: Un nuevo día,2D Doblada,17:40,,,,https://multiplex.com.ar/peliculas/spider-man-un-dia-nuevo/
GBA Norte,Multiplex,Multiplex Pilar,"Las Magnolias 754, Palmas del Pilar",Verity. La sombra de un engaño,2D Doblada,13:20,,,,https://multiplex.com.ar/peliculas/verityla-sombra-de-un-engano/
GBA Norte,Multiplex,Multiplex Pilar,"Las Magnolias 754, Palmas del Pilar",Verity. La sombra de un engaño,PLATINUM 2D Subtitulada,14:50,,,,https://multiplex.com.ar/peliculas/verityla-sombra-de-un-engano/
GBA Norte,Multiplex,Multiplex Pilar,"Las Magnolias 754, Palmas del Pilar",Verity. La sombra de un engaño,2D Doblada,15:50,,,,https://multiplex.com.ar/peliculas/verityla-sombra-de-un-engano/
GBA Norte,Multiplex,Multiplex Pilar,"Las Magnolias 754, Palmas del Pilar",Verity. La sombra de un engaño,2D Doblada,18:10,,,,https://multiplex.com.ar/peliculas/verityla-sombra-de-un-engano/
GBA Norte,Multiplex,Multiplex Pilar,"Las Magnolias 754, Palmas del Pilar",Verity. La sombra de un engaño,2D Doblada,20:40,,,,https://multiplex.com.ar/peliculas/verityla-sombra-de-un-engano/
GBA Norte,Multiplex,Multiplex Pilar,"Las Magnolias 754, Palmas del Pilar",Verity. La sombra de un engaño,PLATINUM 2D Subtitulada,22:10,,,,https://multiplex.com.ar/peliculas/verityla-sombra-de-un-engano/
GBA Norte,Multiplex,Multiplex Pilar,"Las Magnolias 754, Palmas del Pilar",Verity. La sombra de un engaño,2D Doblada,23:00,,,,https://multiplex.com.ar/peliculas/verityla-sombra-de-un-engano/
GBA Norte,Multiplex,Multiplex Pilar,"Las Magnolias 754, Palmas del Pilar",Vértigo 2,2D Doblada,22:20,,,,https://multiplex.com.ar/peliculas/vertigo-2/
GBA Norte,Multiplex,Multiplex Pilar,"Las Magnolias 754, Palmas del Pilar",Yo Narciso,2D Doblada,20:20,,,,https://multiplex.com.ar/peliculas/yo-narciso/
GBA Sur,Multiplex,Multiplex Canning,"Formosa 653, Canning (Shopping Las Toscas)",Avengers: Endgame,4D (3D) Doblada,14:00,,,,https://multiplex.com.ar/peliculas/avengers-endgame-re-estreno/
GBA Sur,Multiplex,Multiplex Canning,"Formosa 653, Canning (Shopping Las Toscas)",Avengers: Endgame,2D XTREMO Doblada,15:00,,,,https://multiplex.com.ar/peliculas/avengers-endgame-re-estreno/
GBA Sur,Multiplex,Multiplex Canning,"Formosa 653, Canning (Shopping Las Toscas)",Avengers: Endgame,4D (3D) Doblada,17:20,,,,https://multiplex.com.ar/peliculas/avengers-endgame-re-estreno/
GBA Sur,Multiplex,Multiplex Canning,"Formosa 653, Canning (Shopping Las Toscas)",Avengers: Endgame,2D XTREMO Doblada,18:30,,,,https://multiplex.com.ar/peliculas/avengers-endgame-re-estreno/
GBA Sur,Multiplex,Multiplex Canning,"Formosa 653, Canning (Shopping Las Toscas)",Avengers: Endgame,2D Subtitulada,22:00,,,,https://multiplex.com.ar/peliculas/avengers-endgame-re-estreno/
GBA Sur,Multiplex,Multiplex Canning,"Formosa 653, Canning (Shopping Las Toscas)",Coyote vs. Acme,2D Doblada,12:50,,,,https://multiplex.com.ar/peliculas/coyote-vs-acme/
GBA Sur,Multiplex,Multiplex Canning,"Formosa 653, Canning (Shopping Las Toscas)",Cuentos Del Jardin Magico,2D Doblada,12:20,,,,https://multiplex.com.ar/peliculas/cuentos-del-jardin-magico/
GBA Sur,Multiplex,Multiplex Canning,"Formosa 653, Canning (Shopping Las Toscas)",Digger,2D Doblada,17:45,,,,https://multiplex.com.ar/peliculas/digger/
GBA Sur,Multiplex,Multiplex Canning,"Formosa 653, Canning (Shopping Las Toscas)",Digger,2D Doblada,20:15,,,,https://multiplex.com.ar/peliculas/digger/
GBA Sur,Multiplex,Multiplex Canning,"Formosa 653, Canning (Shopping Las Toscas)",Digger,2D Doblada,22:45,,,,https://multiplex.com.ar/peliculas/digger/
GBA Sur,Multiplex,Multiplex Canning,"Formosa 653, Canning (Shopping Las Toscas)",El corazón de la bestia,2D Doblada,14:30,,,,https://multiplex.com.ar/peliculas/el-corazon-de-la-bestia/
GBA Sur,Multiplex,Multiplex Canning,"Formosa 653, Canning (Shopping Las Toscas)",El corazón de la bestia,2D Doblada,16:30,,,,https://multiplex.com.ar/peliculas/el-corazon-de-la-bestia/
GBA Sur,Multiplex,Multiplex Canning,"Formosa 653, Canning (Shopping Las Toscas)",El corazón de la bestia,2D Doblada,18:40,,,,https://multiplex.com.ar/peliculas/el-corazon-de-la-bestia/
GBA Sur,Multiplex,Multiplex Canning,"Formosa 653, Canning (Shopping Las Toscas)",El corazón de la bestia,2D Doblada,20:45,,,,https://multiplex.com.ar/peliculas/el-corazon-de-la-bestia/
GBA Sur,Multiplex,Multiplex Canning,"Formosa 653, Canning (Shopping Las Toscas)",Escondida en mi cabeza,2D Doblada,14:45,,,,https://multiplex.com.ar/peliculas/escondida-en-mi-cabeza/
GBA Sur,Multiplex,Multiplex Canning,"Formosa 653, Canning (Shopping Las Toscas)",Escondida en mi cabeza,2D Doblada,16:00,,,,https://multiplex.com.ar/peliculas/escondida-en-mi-cabeza/
GBA Sur,Multiplex,Multiplex Canning,"Formosa 653, Canning (Shopping Las Toscas)",Escondida en mi cabeza,2D Doblada,18:00,,,,https://multiplex.com.ar/peliculas/escondida-en-mi-cabeza/
GBA Sur,Multiplex,Multiplex Canning,"Formosa 653, Canning (Shopping Las Toscas)",Guardianes Del Museo 2,2D Doblada,12:50,,,,https://multiplex.com.ar/peliculas/guardianes-del-museo-2/
GBA Sur,Multiplex,Multiplex Canning,"Formosa 653, Canning (Shopping Las Toscas)",Guardianes Del Museo 2,2D Doblada,14:00,,,,https://multiplex.com.ar/peliculas/guardianes-del-museo-2/
GBA Sur,Multiplex,Multiplex Canning,"Formosa 653, Canning (Shopping Las Toscas)",Guardianes Del Museo 2,2D Doblada,15:50,,,,https://multiplex.com.ar/peliculas/guardianes-del-museo-2/
GBA Sur,Multiplex,Multiplex Canning,"Formosa 653, Canning (Shopping Las Toscas)",La isla olvidada,2D Doblada,13:45,,,,https://multiplex.com.ar/peliculas/la-isla-olvidada/
GBA Sur,Multiplex,Multiplex Canning,"Formosa 653, Canning (Shopping Las Toscas)",Resident Evil: Noche Cero,2D Doblada,16:45,,,,https://multiplex.com.ar/peliculas/resident-evil-noche-cero/
GBA Sur,Multiplex,Multiplex Canning,"Formosa 653, Canning (Shopping Las Toscas)",Resident Evil: Noche Cero,2D Doblada,18:40,,,,https://multiplex.com.ar/peliculas/resident-evil-noche-cero/
GBA Sur,Multiplex,Multiplex Canning,"Formosa 653, Canning (Shopping Las Toscas)",Resident Evil: Noche Cero,4D (2D) Doblada,20:40,,,,https://multiplex.com.ar/peliculas/resident-evil-noche-cero/
GBA Sur,Multiplex,Multiplex Canning,"Formosa 653, Canning (Shopping Las Toscas)",Resident Evil: Noche Cero,2D Doblada,20:50,,,,https://multiplex.com.ar/peliculas/resident-evil-noche-cero/
GBA Sur,Multiplex,Multiplex Canning,"Formosa 653, Canning (Shopping Las Toscas)",Resident Evil: Noche Cero,4D (2D) Doblada,22:40,,,,https://multiplex.com.ar/peliculas/resident-evil-noche-cero/
GBA Sur,Multiplex,Multiplex Canning,"Formosa 653, Canning (Shopping Las Toscas)",Resident Evil: Noche Cero,2D Doblada,22:50,,,,https://multiplex.com.ar/peliculas/resident-evil-noche-cero/
GBA Sur,Multiplex,Multiplex Canning,"Formosa 653, Canning (Shopping Las Toscas)",Toy Story 5,2D Doblada,12:20,,,,https://multiplex.com.ar/peliculas/toy-story-5/
GBA Sur,Multiplex,Multiplex Canning,"Formosa 653, Canning (Shopping Las Toscas)",Verity. La sombra de un engaño,2D Subtitulada,20:00,,,,https://multiplex.com.ar/peliculas/verityla-sombra-de-un-engano/
GBA Sur,Multiplex,Multiplex Canning,"Formosa 653, Canning (Shopping Las Toscas)",Verity. La sombra de un engaño,2D Subtitulada,22:20,,,,https://multiplex.com.ar/peliculas/verityla-sombra-de-un-engano/
GBA Sur,Multiplex,Multiplex Canning,"Formosa 653, Canning (Shopping Las Toscas)",Vértigo 2,2D Doblada,22:45,,,,https://multiplex.com.ar/peliculas/vertigo-2/
GBA Sur,Cinépolis,Cinépolis Avellaneda,"Av. Mitre 2702, Avellaneda",Avengers: Endgame,3D Doblada,14:00,,,,https://cartelera.ar/pelicula/vengadores-endgame
GBA Sur,Cinépolis,Cinépolis Avellaneda,"Av. Mitre 2702, Avellaneda",Avengers: Endgame,2D Doblada,14:30,,,,https://cartelera.ar/pelicula/vengadores-endgame
GBA Sur,Cinépolis,Cinépolis Avellaneda,"Av. Mitre 2702, Avellaneda",Avengers: Endgame,3D Doblada,18:00,,,,https://cartelera.ar/pelicula/vengadores-endgame
GBA Sur,Cinépolis,Cinépolis Avellaneda,"Av. Mitre 2702, Avellaneda",Avengers: Endgame,2D Doblada,18:30,,,,https://cartelera.ar/pelicula/vengadores-endgame
GBA Sur,Cinépolis,Cinépolis Avellaneda,"Av. Mitre 2702, Avellaneda",Avengers: Endgame,2D Doblada,21:30,,,,https://cartelera.ar/pelicula/vengadores-endgame
GBA Sur,Cinépolis,Cinépolis Avellaneda,"Av. Mitre 2702, Avellaneda",Avengers: Endgame,3D Doblada,22:00,,,,https://cartelera.ar/pelicula/vengadores-endgame
GBA Sur,Cinépolis,Cinépolis Avellaneda,"Av. Mitre 2702, Avellaneda",Avengers: Endgame,3D Doblada,22:30,,,,https://cartelera.ar/pelicula/vengadores-endgame
GBA Sur,Cinépolis,Cinépolis Avellaneda,"Av. Mitre 2702, Avellaneda",El corazón de la bestia,2D Doblada,13:20,,,,https://cartelera.ar/pelicula/el-corazon-de-la-bestia
GBA Sur,Cinépolis,Cinépolis Avellaneda,"Av. Mitre 2702, Avellaneda",El corazón de la bestia,2D Doblada,15:50,,,,https://cartelera.ar/pelicula/el-corazon-de-la-bestia
GBA Sur,Cinépolis,Cinépolis Avellaneda,"Av. Mitre 2702, Avellaneda",El corazón de la bestia,2D Doblada,18:20,,,,https://cartelera.ar/pelicula/el-corazon-de-la-bestia
GBA Sur,Cinépolis,Cinépolis Avellaneda,"Av. Mitre 2702, Avellaneda",El corazón de la bestia,2D Doblada,20:50,,,,https://cartelera.ar/pelicula/el-corazon-de-la-bestia
GBA Sur,Cinépolis,Cinépolis Avellaneda,"Av. Mitre 2702, Avellaneda",El corazón de la bestia,2D Doblada,23:20,,,,https://cartelera.ar/pelicula/el-corazon-de-la-bestia
GBA Sur,Cinépolis,Cinépolis Avellaneda,"Av. Mitre 2702, Avellaneda",La noche del demonio: Están entre nosotros,2D Doblada,23:10,,,,https://cartelera.ar/pelicula/la-noche-del-demonio-estan-entre-nosotros
GBA Sur,Cinépolis,Cinépolis Avellaneda,"Av. Mitre 2702, Avellaneda",Resident Evil: Noche Cero,2D Doblada,12:45,,,,https://cartelera.ar/pelicula/resident-evil-noche-cero
GBA Sur,Cinépolis,Cinépolis Avellaneda,"Av. Mitre 2702, Avellaneda",Resident Evil: Noche Cero,2D Doblada,13:45,,,,https://cartelera.ar/pelicula/resident-evil-noche-cero
GBA Sur,Cinépolis,Cinépolis Avellaneda,"Av. Mitre 2702, Avellaneda",Resident Evil: Noche Cero,2D Doblada,15:00,,,,https://cartelera.ar/pelicula/resident-evil-noche-cero
GBA Sur,Cinépolis,Cinépolis Avellaneda,"Av. Mitre 2702, Avellaneda",Resident Evil: Noche Cero,2D Doblada,16:00,,,,https://cartelera.ar/pelicula/resident-evil-noche-cero
GBA Sur,Cinépolis,Cinépolis Avellaneda,"Av. Mitre 2702, Avellaneda",Resident Evil: Noche Cero,2D Doblada,17:20,,,,https://cartelera.ar/pelicula/resident-evil-noche-cero
GBA Sur,Cinépolis,Cinépolis Avellaneda,"Av. Mitre 2702, Avellaneda",Resident Evil: Noche Cero,2D Doblada,18:20,,,,https://cartelera.ar/pelicula/resident-evil-noche-cero
GBA Sur,Cinépolis,Cinépolis Avellaneda,"Av. Mitre 2702, Avellaneda",Resident Evil: Noche Cero,2D Doblada,19:40,,,,https://cartelera.ar/pelicula/resident-evil-noche-cero
GBA Sur,Cinépolis,Cinépolis Avellaneda,"Av. Mitre 2702, Avellaneda",Resident Evil: Noche Cero,2D Doblada,20:40,,,,https://cartelera.ar/pelicula/resident-evil-noche-cero
GBA Sur,Cinépolis,Cinépolis Avellaneda,"Av. Mitre 2702, Avellaneda",Resident Evil: Noche Cero,2D Doblada,22:00,,,,https://cartelera.ar/pelicula/resident-evil-noche-cero
GBA Sur,Cinépolis,Cinépolis Avellaneda,"Av. Mitre 2702, Avellaneda",Resident Evil: Noche Cero,2D Doblada,23:00,,,,https://cartelera.ar/pelicula/resident-evil-noche-cero
GBA Sur,Cinépolis,Cinépolis Avellaneda,"Av. Mitre 2702, Avellaneda",La isla olvidada,2D Doblada,13:40,,,,https://cartelera.ar/pelicula/la-isla-olvidada
GBA Sur,Cinépolis,Cinépolis Avellaneda,"Av. Mitre 2702, Avellaneda",Digger,2D Doblada,13:10,,,,https://cartelera.ar/pelicula/digger
GBA Sur,Cinépolis,Cinépolis Avellaneda,"Av. Mitre 2702, Avellaneda",Digger,2D Doblada,16:10,,,,https://cartelera.ar/pelicula/digger
GBA Sur,Cinépolis,Cinépolis Avellaneda,"Av. Mitre 2702, Avellaneda",Digger,2D Doblada,19:10,,,,https://cartelera.ar/pelicula/digger
GBA Sur,Cinépolis,Cinépolis Avellaneda,"Av. Mitre 2702, Avellaneda",Digger,2D Subtitulada,22:10,,,,https://cartelera.ar/pelicula/digger
GBA Sur,Cinépolis,Cinépolis Avellaneda,"Av. Mitre 2702, Avellaneda",Coyote vs. Acme,2D Doblada,13:00,,,,https://cartelera.ar/pelicula/coyote-vs-acme
GBA Sur,Cinépolis,Cinépolis Avellaneda,"Av. Mitre 2702, Avellaneda",Coyote vs. Acme,2D Doblada,15:30,,,,https://cartelera.ar/pelicula/coyote-vs-acme
GBA Sur,Cinépolis,Cinépolis Avellaneda,"Av. Mitre 2702, Avellaneda",Coyote vs. Acme,2D Doblada,20:45,,,,https://cartelera.ar/pelicula/coyote-vs-acme
GBA Sur,Cinépolis,Cinépolis Avellaneda,"Av. Mitre 2702, Avellaneda",Yo Narciso,2D Doblada,15:00,,,,https://cartelera.ar/pelicula/yo-narciso
GBA Sur,Cinépolis,Cinépolis Avellaneda,"Av. Mitre 2702, Avellaneda",Yo Narciso,2D Doblada,22:50,,,,https://cartelera.ar/pelicula/yo-narciso
GBA Sur,Cinépolis,Cinépolis Avellaneda,"Av. Mitre 2702, Avellaneda",Queen Budapest,2D Subtitulada,20:30,,,,https://cartelera.ar/pelicula/queen-budapest
GBA Sur,Cinépolis,Cinépolis Avellaneda,"Av. Mitre 2702, Avellaneda",Mahou Shoujo Madoka Magica: Walpurgis no Kaiten,2D Subtitulada,18:00,,,,https://cartelera.ar/pelicula/mahou-shoujo-madoka-magica-walpurgis-no-kaiten
GBA Sur,Cinépolis,Cinépolis Avellaneda,"Av. Mitre 2702, Avellaneda",Vértigo 2,2D Doblada,13:00,,,,https://cartelera.ar/pelicula/vertigo-2
GBA Sur,Cinépolis,Cinépolis Avellaneda,"Av. Mitre 2702, Avellaneda",Vértigo 2,2D Doblada,15:30,,,,https://cartelera.ar/pelicula/vertigo-2
GBA Sur,Cinépolis,Cinépolis Avellaneda,"Av. Mitre 2702, Avellaneda",Vértigo 2,2D Doblada,18:00,,,,https://cartelera.ar/pelicula/vertigo-2
GBA Sur,Cinépolis,Cinépolis Avellaneda,"Av. Mitre 2702, Avellaneda",Vértigo 2,2D Doblada,20:20,,,,https://cartelera.ar/pelicula/vertigo-2
GBA Sur,Cinépolis,Cinépolis Avellaneda,"Av. Mitre 2702, Avellaneda",Vértigo 2,2D Doblada,22:50,,,,https://cartelera.ar/pelicula/vertigo-2
GBA Sur,Cinépolis,Cinépolis Avellaneda,"Av. Mitre 2702, Avellaneda",Escondida en mi cabeza,2D Doblada,16:15,,,,https://cartelera.ar/pelicula/escondida-en-mi-cabeza
GBA Sur,Cinépolis,Cinépolis Avellaneda,"Av. Mitre 2702, Avellaneda",Escondida en mi cabeza,2D Doblada,18:40,,,,https://cartelera.ar/pelicula/escondida-en-mi-cabeza
GBA Sur,Cinépolis,Cinépolis Avellaneda,"Av. Mitre 2702, Avellaneda",Escondida en mi cabeza,2D Doblada,21:00,,,,https://cartelera.ar/pelicula/escondida-en-mi-cabeza
GBA Sur,Cinépolis,Cinépolis Avellaneda,"Av. Mitre 2702, Avellaneda",Escondida en mi cabeza,2D Doblada,23:15,,,,https://cartelera.ar/pelicula/escondida-en-mi-cabeza
GBA Sur,Cinépolis,Cinépolis Avellaneda,"Av. Mitre 2702, Avellaneda",Relajadas y muy peligrosas,2D Doblada,17:50,,,,https://cartelera.ar/pelicula/relajadas-y-muy-peligrosas
GBA Sur,Cinépolis,Cinépolis Avellaneda,"Av. Mitre 2702, Avellaneda",Relajadas y muy peligrosas,2D Doblada,20:10,,,,https://cartelera.ar/pelicula/relajadas-y-muy-peligrosas
GBA Sur,Cinépolis,Cinépolis Avellaneda,"Av. Mitre 2702, Avellaneda",Relajadas y muy peligrosas,2D Doblada,22:30,,,,https://cartelera.ar/pelicula/relajadas-y-muy-peligrosas
GBA Sur,Cinépolis,Cinépolis Avellaneda,"Av. Mitre 2702, Avellaneda",Verity: La sombra del engaño,2D Doblada,14:15,,,,https://cartelera.ar/pelicula/verity-la-sombra-del-engano
GBA Sur,Cinépolis,Cinépolis Avellaneda,"Av. Mitre 2702, Avellaneda",Verity: La sombra del engaño,2D Doblada,17:00,,,,https://cartelera.ar/pelicula/verity-la-sombra-del-engano
GBA Sur,Cinépolis,Cinépolis Avellaneda,"Av. Mitre 2702, Avellaneda",Verity: La sombra del engaño,2D Subtitulada,19:45,,,,https://cartelera.ar/pelicula/verity-la-sombra-del-engano
GBA Sur,Cinépolis,Cinépolis Avellaneda,"Av. Mitre 2702, Avellaneda",Verity: La sombra del engaño,2D Subtitulada,22:30,,,,https://cartelera.ar/pelicula/verity-la-sombra-del-engano
GBA Sur,Cinépolis,Cinépolis Avellaneda,"Av. Mitre 2702, Avellaneda",Guardianes Del Museo 2,2D Doblada,12:50,,,,https://cartelera.ar/pelicula/guardianes-del-museo-2
GBA Sur,Cinépolis,Cinépolis Avellaneda,"Av. Mitre 2702, Avellaneda",Guardianes Del Museo 2,2D Doblada,15:00,,,,https://cartelera.ar/pelicula/guardianes-del-museo-2
GBA Sur,Cinépolis,Cinépolis Avellaneda,"Av. Mitre 2702, Avellaneda",Guardianes Del Museo 2,2D Doblada,17:10,,,,https://cartelera.ar/pelicula/guardianes-del-museo-2
GBA Sur,Cinépolis,Cinépolis Avellaneda,"Av. Mitre 2702, Avellaneda",Guardianes Del Museo 2,2D Doblada,19:20,,,,https://cartelera.ar/pelicula/guardianes-del-museo-2
GBA Sur,Cinépolis,Cinépolis Avellaneda,"Av. Mitre 2702, Avellaneda",Cuentos Del Jardin Magico,2D Doblada,14:00,,,,https://cartelera.ar/pelicula/cuentos-del-jardin-magico
GBA Sur,Cinépolis,Cinépolis Avellaneda,"Av. Mitre 2702, Avellaneda",Cuentos Del Jardin Magico,2D Doblada,15:50,,,,https://cartelera.ar/pelicula/cuentos-del-jardin-magico
CABA,Cinépolis,Cinépolis Houssay,"Av. Corrientes 917, Buenos Aires",Avengers: Endgame,2D Subtitulada,22:15,,,,https://cartelera.ar/pelicula/vengadores-endgame
CABA,Cinépolis,Cinépolis Houssay,"Av. Corrientes 917, Buenos Aires",El corazón de la bestia,2D Doblada,13:30,,,,https://cartelera.ar/pelicula/el-corazon-de-la-bestia
CABA,Cinépolis,Cinépolis Houssay,"Av. Corrientes 917, Buenos Aires",El corazón de la bestia,2D Subtitulada,15:45,,,,https://cartelera.ar/pelicula/el-corazon-de-la-bestia
CABA,Cinépolis,Cinépolis Houssay,"Av. Corrientes 917, Buenos Aires",El corazón de la bestia,2D Subtitulada,18:00,,,,https://cartelera.ar/pelicula/el-corazon-de-la-bestia
CABA,Cinépolis,Cinépolis Houssay,"Av. Corrientes 917, Buenos Aires",Resident Evil: Noche Cero,2D Subtitulada,20:00,,,,https://cartelera.ar/pelicula/resident-evil-noche-cero
CABA,Cinépolis,Cinépolis Houssay,"Av. Corrientes 917, Buenos Aires",Resident Evil: Noche Cero,2D Subtitulada,23:00,,,,https://cartelera.ar/pelicula/resident-evil-noche-cero
CABA,Cinépolis,Cinépolis Houssay,"Av. Corrientes 917, Buenos Aires",La isla olvidada,2D Doblada,12:45,,,,https://cartelera.ar/pelicula/la-isla-olvidada
CABA,Cinépolis,Cinépolis Houssay,"Av. Corrientes 917, Buenos Aires",Digger,2D Doblada,16:15,,,,https://cartelera.ar/pelicula/digger
CABA,Cinépolis,Cinépolis Houssay,"Av. Corrientes 917, Buenos Aires",Digger,2D Subtitulada,19:00,,,,https://cartelera.ar/pelicula/digger
CABA,Cinépolis,Cinépolis Houssay,"Av. Corrientes 917, Buenos Aires",Digger,2D Subtitulada,22:00,,,,https://cartelera.ar/pelicula/digger
CABA,Cinépolis,Cinépolis Houssay,"Av. Corrientes 917, Buenos Aires",Relajadas y muy peligrosas,2D Subtitulada,20:30,,,,https://cartelera.ar/pelicula/relajadas-y-muy-peligrosas
CABA,Cinépolis,Cinépolis Houssay,"Av. Corrientes 917, Buenos Aires",Verity: La sombra del engaño,2D Doblada,15:15,,,,https://cartelera.ar/pelicula/verity-la-sombra-del-engano
CABA,Cinépolis,Cinépolis Houssay,"Av. Corrientes 917, Buenos Aires",Verity: La sombra del engaño,2D Subtitulada,19:45,,,,https://cartelera.ar/pelicula/verity-la-sombra-del-engano
CABA,Cinépolis,Cinépolis Houssay,"Av. Corrientes 917, Buenos Aires",Verity: La sombra del engaño,2D Subtitulada,22:20,,,,https://cartelera.ar/pelicula/verity-la-sombra-del-engano
CABA,Cinépolis,Cinépolis Houssay,"Av. Corrientes 917, Buenos Aires",Hangar rojo,2D Doblada,17:45,,,,https://cartelera.ar/pelicula/hangar-rojo
CABA,Cinépolis,Cinépolis Houssay,"Av. Corrientes 917, Buenos Aires",Guardianes Del Museo 2,2D Doblada,13:30,,,,https://cartelera.ar/pelicula/guardianes-del-museo-2
CABA,Cinépolis,Cinépolis Houssay,"Av. Corrientes 917, Buenos Aires",Guardianes Del Museo 2,2D Doblada,15:45,,,,https://cartelera.ar/pelicula/guardianes-del-museo-2
CABA,Cinépolis,Cinépolis Houssay,"Av. Corrientes 917, Buenos Aires",Guardianes Del Museo 2,2D Doblada,18:00,,,,https://cartelera.ar/pelicula/guardianes-del-museo-2
CABA,Cinépolis,Cinépolis Houssay,"Av. Corrientes 917, Buenos Aires",Cuentos Del Jardin Magico,2D Doblada,12:45,,,,https://cartelera.ar/pelicula/cuentos-del-jardin-magico
CABA,Cinépolis,Cinépolis Houssay,"Av. Corrientes 917, Buenos Aires",Cuentos Del Jardin Magico,2D Doblada,14:30,,,,https://cartelera.ar/pelicula/cuentos-del-jardin-magico
GBA Norte,Cinépolis,Cinépolis Pilar,"Panamericana Km. 50, Pilar",Avengers: Endgame,2D Doblada,14:30,,,,https://cartelera.ar/pelicula/vengadores-endgame
GBA Norte,Cinépolis,Cinépolis Pilar,"Panamericana Km. 50, Pilar",Avengers: Endgame,2D Doblada,15:20,,,,https://cartelera.ar/pelicula/vengadores-endgame
GBA Norte,Cinépolis,Cinépolis Pilar,"Panamericana Km. 50, Pilar",Avengers: Endgame,2D Doblada,18:30,,,,https://cartelera.ar/pelicula/vengadores-endgame
GBA Norte,Cinépolis,Cinépolis Pilar,"Panamericana Km. 50, Pilar",Avengers: Endgame,2D Doblada,19:15,,,,https://cartelera.ar/pelicula/vengadores-endgame
GBA Norte,Cinépolis,Cinépolis Pilar,"Panamericana Km. 50, Pilar",Avengers: Endgame,3D Doblada,22:30,,,,https://cartelera.ar/pelicula/vengadores-endgame
GBA Norte,Cinépolis,Cinépolis Pilar,"Panamericana Km. 50, Pilar",El corazón de la bestia,2D Doblada,13:00,,,,https://cartelera.ar/pelicula/el-corazon-de-la-bestia
GBA Norte,Cinépolis,Cinépolis Pilar,"Panamericana Km. 50, Pilar",El corazón de la bestia,2D Doblada,15:20,,,,https://cartelera.ar/pelicula/el-corazon-de-la-bestia
GBA Norte,Cinépolis,Cinépolis Pilar,"Panamericana Km. 50, Pilar",El corazón de la bestia,2D Doblada,17:45,,,,https://cartelera.ar/pelicula/el-corazon-de-la-bestia
GBA Norte,Cinépolis,Cinépolis Pilar,"Panamericana Km. 50, Pilar",El corazón de la bestia,2D Subtitulada,20:10,,,,https://cartelera.ar/pelicula/el-corazon-de-la-bestia
GBA Norte,Cinépolis,Cinépolis Pilar,"Panamericana Km. 50, Pilar",El corazón de la bestia,2D Doblada,22:30,,,,https://cartelera.ar/pelicula/el-corazon-de-la-bestia
GBA Norte,Cinépolis,Cinépolis Pilar,"Panamericana Km. 50, Pilar",Minions & monstruos,2D Doblada,12:50,,,,https://cartelera.ar/pelicula/minions-monstruos
GBA Norte,Cinépolis,Cinépolis Pilar,"Panamericana Km. 50, Pilar",Resident Evil: Noche Cero,2D Doblada,20:30,,,,https://cartelera.ar/pelicula/resident-evil-noche-cero
GBA Norte,Cinépolis,Cinépolis Pilar,"Panamericana Km. 50, Pilar",Resident Evil: Noche Cero,2D Doblada,22:45,,,,https://cartelera.ar/pelicula/resident-evil-noche-cero
GBA Norte,Cinépolis,Cinépolis Pilar,"Panamericana Km. 50, Pilar",La isla olvidada,2D Doblada,15:05,,,,https://cartelera.ar/pelicula/la-isla-olvidada
GBA Norte,Cinépolis,Cinépolis Pilar,"Panamericana Km. 50, Pilar",Digger,2D Subtitulada,13:20,,,,https://cartelera.ar/pelicula/digger
GBA Norte,Cinépolis,Cinépolis Pilar,"Panamericana Km. 50, Pilar",Digger,2D Doblada,16:10,,,,https://cartelera.ar/pelicula/digger
GBA Norte,Cinépolis,Cinépolis Pilar,"Panamericana Km. 50, Pilar",Digger,2D Subtitulada,19:00,,,,https://cartelera.ar/pelicula/digger
GBA Norte,Cinépolis,Cinépolis Pilar,"Panamericana Km. 50, Pilar",Digger,2D Subtitulada,21:50,,,,https://cartelera.ar/pelicula/digger
GBA Norte,Cinépolis,Cinépolis Pilar,"Panamericana Km. 50, Pilar",Coyote vs. Acme,2D Doblada,17:30,,,,https://cartelera.ar/pelicula/coyote-vs-acme
GBA Norte,Cinépolis,Cinépolis Pilar,"Panamericana Km. 50, Pilar",Queen Budapest,2D Subtitulada,20:30,,,,https://cartelera.ar/pelicula/queen-budapest
GBA Norte,Cinépolis,Cinépolis Pilar,"Panamericana Km. 50, Pilar",Mahou Shoujo Madoka Magica: Walpurgis no Kaiten,2D Subtitulada,18:00,,,,https://cartelera.ar/pelicula/mahou-shoujo-madoka-magica-walpurgis-no-kaiten
GBA Norte,Cinépolis,Cinépolis Pilar,"Panamericana Km. 50, Pilar",Vértigo 2,2D Doblada,22:50,,,,https://cartelera.ar/pelicula/vertigo-2
GBA Norte,Cinépolis,Cinépolis Pilar,"Panamericana Km. 50, Pilar",Escondida en mi cabeza,2D Doblada,20:40,,,,https://cartelera.ar/pelicula/escondida-en-mi-cabeza
GBA Norte,Cinépolis,Cinépolis Pilar,"Panamericana Km. 50, Pilar",Escondida en mi cabeza,2D Doblada,23:00,,,,https://cartelera.ar/pelicula/escondida-en-mi-cabeza
GBA Norte,Cinépolis,Cinépolis Pilar,"Panamericana Km. 50, Pilar",Relajadas y muy peligrosas,2D Doblada,13:00,,,,https://cartelera.ar/pelicula/relajadas-y-muy-peligrosas
GBA Norte,Cinépolis,Cinépolis Pilar,"Panamericana Km. 50, Pilar",Relajadas y muy peligrosas,2D Doblada,23:10,,,,https://cartelera.ar/pelicula/relajadas-y-muy-peligrosas
GBA Norte,Cinépolis,Cinépolis Pilar,"Panamericana Km. 50, Pilar",Verity: La sombra del engaño,2D Subtitulada,14:10,,,,https://cartelera.ar/pelicula/verity-la-sombra-del-engano
GBA Norte,Cinépolis,Cinépolis Pilar,"Panamericana Km. 50, Pilar",Verity: La sombra del engaño,2D Subtitulada,16:50,,,,https://cartelera.ar/pelicula/verity-la-sombra-del-engano
GBA Norte,Cinépolis,Cinépolis Pilar,"Panamericana Km. 50, Pilar",Verity: La sombra del engaño,2D Subtitulada,19:30,,,,https://cartelera.ar/pelicula/verity-la-sombra-del-engano
GBA Norte,Cinépolis,Cinépolis Pilar,"Panamericana Km. 50, Pilar",Verity: La sombra del engaño,2D Doblada,22:10,,,,https://cartelera.ar/pelicula/verity-la-sombra-del-engano
GBA Norte,Cinépolis,Cinépolis Pilar,"Panamericana Km. 50, Pilar",Guardianes Del Museo 2,2D Doblada,13:45,,,,https://cartelera.ar/pelicula/guardianes-del-museo-2
GBA Norte,Cinépolis,Cinépolis Pilar,"Panamericana Km. 50, Pilar",Guardianes Del Museo 2,2D Doblada,16:00,,,,https://cartelera.ar/pelicula/guardianes-del-museo-2
GBA Norte,Cinépolis,Cinépolis Pilar,"Panamericana Km. 50, Pilar",Guardianes Del Museo 2,2D Doblada,18:10,,,,https://cartelera.ar/pelicula/guardianes-del-museo-2
GBA Norte,Cinépolis,Cinépolis Pilar,"Panamericana Km. 50, Pilar",Cuentos Del Jardin Magico,2D Doblada,14:15,,,,https://cartelera.ar/pelicula/cuentos-del-jardin-magico
GBA Norte,Cinépolis,Cinépolis Pilar,"Panamericana Km. 50, Pilar",Cuentos Del Jardin Magico,2D Doblada,16:10,,,,https://cartelera.ar/pelicula/cuentos-del-jardin-magico
GBA Oeste,Cinépolis,Cinépolis Luján,"Av. Constitución 1000, Luján",Avengers: Endgame,2D Doblada,14:30,,,,https://cartelera.ar/pelicula/vengadores-endgame
GBA Oeste,Cinépolis,Cinépolis Luján,"Av. Constitución 1000, Luján",Avengers: Endgame,2D Doblada,18:20,,,,https://cartelera.ar/pelicula/vengadores-endgame
GBA Oeste,Cinépolis,Cinépolis Luján,"Av. Constitución 1000, Luján",Avengers: Endgame,2D Doblada,22:00,,,,https://cartelera.ar/pelicula/vengadores-endgame
GBA Oeste,Cinépolis,Cinépolis Luján,"Av. Constitución 1000, Luján",El corazón de la bestia,2D Doblada,13:10,,,,https://cartelera.ar/pelicula/el-corazon-de-la-bestia
GBA Oeste,Cinépolis,Cinépolis Luján,"Av. Constitución 1000, Luján",El corazón de la bestia,2D Doblada,15:30,,,,https://cartelera.ar/pelicula/el-corazon-de-la-bestia
GBA Oeste,Cinépolis,Cinépolis Luján,"Av. Constitución 1000, Luján",El corazón de la bestia,2D Doblada,20:10,,,,https://cartelera.ar/pelicula/el-corazon-de-la-bestia
GBA Oeste,Cinépolis,Cinépolis Luján,"Av. Constitución 1000, Luján",El corazón de la bestia,2D Doblada,22:30,,,,https://cartelera.ar/pelicula/el-corazon-de-la-bestia
GBA Oeste,Cinépolis,Cinépolis Luján,"Av. Constitución 1000, Luján",Resident Evil: Noche Cero,2D Doblada,20:30,,,,https://cartelera.ar/pelicula/resident-evil-noche-cero
GBA Oeste,Cinépolis,Cinépolis Luján,"Av. Constitución 1000, Luján",Resident Evil: Noche Cero,2D Doblada,22:50,,,,https://cartelera.ar/pelicula/resident-evil-noche-cero
GBA Oeste,Cinépolis,Cinépolis Luján,"Av. Constitución 1000, Luján",La isla olvidada,2D Doblada,15:20,,,,https://cartelera.ar/pelicula/la-isla-olvidada
GBA Oeste,Cinépolis,Cinépolis Luján,"Av. Constitución 1000, Luján",Digger,2D Doblada,16:00,,,,https://cartelera.ar/pelicula/digger
GBA Oeste,Cinépolis,Cinépolis Luján,"Av. Constitución 1000, Luján",Digger,2D Subtitulada,19:00,,,,https://cartelera.ar/pelicula/digger
GBA Oeste,Cinépolis,Cinépolis Luján,"Av. Constitución 1000, Luján",Digger,2D Subtitulada,21:50,,,,https://cartelera.ar/pelicula/digger
GBA Oeste,Cinépolis,Cinépolis Luján,"Av. Constitución 1000, Luján",Coyote vs. Acme,2D Doblada,13:30,,,,https://cartelera.ar/pelicula/coyote-vs-acme
GBA Oeste,Cinépolis,Cinépolis Luján,"Av. Constitución 1000, Luján",Vértigo 2,2D Doblada,17:50,,,,https://cartelera.ar/pelicula/vertigo-2
GBA Oeste,Cinépolis,Cinépolis Luján,"Av. Constitución 1000, Luján",Vértigo 2,2D Doblada,20:20,,,,https://cartelera.ar/pelicula/vertigo-2
GBA Oeste,Cinépolis,Cinépolis Luján,"Av. Constitución 1000, Luján",Escondida en mi cabeza,2D Doblada,13:00,,,,https://cartelera.ar/pelicula/escondida-en-mi-cabeza
GBA Oeste,Cinépolis,Cinépolis Luján,"Av. Constitución 1000, Luján",Escondida en mi cabeza,2D Doblada,18:00,,,,https://cartelera.ar/pelicula/escondida-en-mi-cabeza
GBA Oeste,Cinépolis,Cinépolis Luján,"Av. Constitución 1000, Luján",Escondida en mi cabeza,2D Doblada,22:40,,,,https://cartelera.ar/pelicula/escondida-en-mi-cabeza
GBA Oeste,Cinépolis,Cinépolis Luján,"Av. Constitución 1000, Luján",Verity: La sombra del engaño,2D Doblada,14:10,,,,https://cartelera.ar/pelicula/verity-la-sombra-del-engano
GBA Oeste,Cinépolis,Cinépolis Luján,"Av. Constitución 1000, Luján",Verity: La sombra del engaño,2D Subtitulada,16:50,,,,https://cartelera.ar/pelicula/verity-la-sombra-del-engano
GBA Oeste,Cinépolis,Cinépolis Luján,"Av. Constitución 1000, Luján",Verity: La sombra del engaño,2D Subtitulada,19:30,,,,https://cartelera.ar/pelicula/verity-la-sombra-del-engano
GBA Oeste,Cinépolis,Cinépolis Luján,"Av. Constitución 1000, Luján",Verity: La sombra del engaño,2D Doblada,22:10,,,,https://cartelera.ar/pelicula/verity-la-sombra-del-engano
GBA Oeste,Cinépolis,Cinépolis Luján,"Av. Constitución 1000, Luján",Guardianes Del Museo 2,2D Doblada,13:50,,,,https://cartelera.ar/pelicula/guardianes-del-museo-2
GBA Oeste,Cinépolis,Cinépolis Luján,"Av. Constitución 1000, Luján",Guardianes Del Museo 2,2D Doblada,16:00,,,,https://cartelera.ar/pelicula/guardianes-del-museo-2
GBA Oeste,Cinépolis,Cinépolis Luján,"Av. Constitución 1000, Luján",Guardianes Del Museo 2,2D Doblada,18:10,,,,https://cartelera.ar/pelicula/guardianes-del-museo-2
GBA Oeste,Cinépolis,Cinépolis Merlo,Av. Juan Domingo Perón 24098,Avengers: Endgame,2D Doblada,14:00,,,,https://cartelera.ar/pelicula/vengadores-endgame
GBA Oeste,Cinépolis,Cinépolis Merlo,Av. Juan Domingo Perón 24098,Avengers: Endgame,3D Doblada,14:40,,,,https://cartelera.ar/pelicula/vengadores-endgame
GBA Oeste,Cinépolis,Cinépolis Merlo,Av. Juan Domingo Perón 24098,Avengers: Endgame,2D Doblada,18:00,,,,https://cartelera.ar/pelicula/vengadores-endgame
GBA Oeste,Cinépolis,Cinépolis Merlo,Av. Juan Domingo Perón 24098,Avengers: Endgame,3D Doblada,18:40,,,,https://cartelera.ar/pelicula/vengadores-endgame
GBA Oeste,Cinépolis,Cinépolis Merlo,Av. Juan Domingo Perón 24098,Avengers: Endgame,3D Doblada,22:10,,,,https://cartelera.ar/pelicula/vengadores-endgame
GBA Oeste,Cinépolis,Cinépolis Merlo,Av. Juan Domingo Perón 24098,Avengers: Endgame,3D Doblada,22:40,,,,https://cartelera.ar/pelicula/vengadores-endgame
GBA Oeste,Cinépolis,Cinépolis Merlo,Av. Juan Domingo Perón 24098,El corazón de la bestia,2D Doblada,20:30,,,,https://cartelera.ar/pelicula/el-corazon-de-la-bestia
GBA Oeste,Cinépolis,Cinépolis Merlo,Av. Juan Domingo Perón 24098,El corazón de la bestia,2D Doblada,22:50,,,,https://cartelera.ar/pelicula/el-corazon-de-la-bestia
GBA Oeste,Cinépolis,Cinépolis Merlo,Av. Juan Domingo Perón 24098,Minions & monstruos,2D Doblada,17:00,,,,https://cartelera.ar/pelicula/minions-monstruos
GBA Oeste,Cinépolis,Cinépolis Merlo,Av. Juan Domingo Perón 24098,Resident Evil: Noche Cero,2D Doblada,20:40,,,,https://cartelera.ar/pelicula/resident-evil-noche-cero
GBA Oeste,Cinépolis,Cinépolis Merlo,Av. Juan Domingo Perón 24098,Resident Evil: Noche Cero,2D Doblada,23:00,,,,https://cartelera.ar/pelicula/resident-evil-noche-cero
GBA Oeste,Cinépolis,Cinépolis Merlo,Av. Juan Domingo Perón 24098,La isla olvidada,2D Doblada,14:30,,,,https://cartelera.ar/pelicula/la-isla-olvidada
GBA Oeste,Cinépolis,Cinépolis Merlo,Av. Juan Domingo Perón 24098,Digger,2D Doblada,19:40,,,,https://cartelera.ar/pelicula/digger
GBA Oeste,Cinépolis,Cinépolis Merlo,Av. Juan Domingo Perón 24098,Digger,2D Doblada,22:30,,,,https://cartelera.ar/pelicula/digger
GBA Oeste,Cinépolis,Cinépolis Merlo,Av. Juan Domingo Perón 24098,Coyote vs. Acme,2D Doblada,13:00,,,,https://cartelera.ar/pelicula/coyote-vs-acme
GBA Oeste,Cinépolis,Cinépolis Merlo,Av. Juan Domingo Perón 24098,Coyote vs. Acme,2D Doblada,15:30,,,,https://cartelera.ar/pelicula/coyote-vs-acme
GBA Oeste,Cinépolis,Cinépolis Merlo,Av. Juan Domingo Perón 24098,Coyote vs. Acme,2D Doblada,18:10,,,,https://cartelera.ar/pelicula/coyote-vs-acme
GBA Oeste,Cinépolis,Cinépolis Merlo,Av. Juan Domingo Perón 24098,Verity: La sombra del engaño,2D Doblada,19:20,,,,https://cartelera.ar/pelicula/verity-la-sombra-del-engano
GBA Oeste,Cinépolis,Cinépolis Merlo,Av. Juan Domingo Perón 24098,Verity: La sombra del engaño,2D Doblada,22:00,,,,https://cartelera.ar/pelicula/verity-la-sombra-del-engano
GBA Oeste,Cinépolis,Cinépolis Merlo,Av. Juan Domingo Perón 24098,Guardianes Del Museo 2,2D Doblada,13:50,,,,https://cartelera.ar/pelicula/guardianes-del-museo-2
GBA Oeste,Cinépolis,Cinépolis Merlo,Av. Juan Domingo Perón 24098,Guardianes Del Museo 2,2D Doblada,16:10,,,,https://cartelera.ar/pelicula/guardianes-del-museo-2
GBA Oeste,Cinépolis,Cinépolis Merlo,Av. Juan Domingo Perón 24098,Guardianes Del Museo 2,2D Doblada,18:20,,,,https://cartelera.ar/pelicula/guardianes-del-museo-2
GBA Oeste,Cinépolis,Cinépolis Merlo,Av. Juan Domingo Perón 24098,Cuentos Del Jardin Magico,2D Doblada,13:40,,,,https://cartelera.ar/pelicula/cuentos-del-jardin-magico
GBA Oeste,Cinépolis,Cinépolis Merlo,Av. Juan Domingo Perón 24098,Cuentos Del Jardin Magico,2D Doblada,15:40,,,,https://cartelera.ar/pelicula/cuentos-del-jardin-magico
GBA Oeste,Cinépolis,Cinépolis Merlo,Av. Juan Domingo Perón 24098,Cuentos Del Jardin Magico,2D Doblada,17:40,,,,https://cartelera.ar/pelicula/cuentos-del-jardin-magico
CABA,Cine Independiente,CineArte Cacodelphia,"Roque Sáenz Peña 1150, Buenos Aires",Ficuba,2D Doblada,13:00,,,,https://cartelera.ar/pelicula/ficuba
CABA,Multiplex,Multiplex Belgrano,"Vuelta de Obligado 2199, Belgrano",Avengers: Endgame,4D + 3D Subtitulada,13:30,,,,https://multiplex.com.ar/peliculas/avengers-endgame-re-estreno/
CABA,Multiplex,Multiplex Belgrano,"Vuelta de Obligado 2199, Belgrano",Avengers: Endgame,COMFORT PLUS 2D Doblada,15:10,,,,https://multiplex.com.ar/peliculas/avengers-endgame-re-estreno/
CABA,Multiplex,Multiplex Belgrano,"Vuelta de Obligado 2199, Belgrano",Avengers: Endgame,COMFORT PLUS 2D Subtitulada,18:35,,,,https://multiplex.com.ar/peliculas/avengers-endgame-re-estreno/
CABA,Multiplex,Multiplex Belgrano,"Vuelta de Obligado 2199, Belgrano",Avengers: Endgame,4D + 3D Doblada,19:00,,,,https://multiplex.com.ar/peliculas/avengers-endgame-re-estreno/
CABA,Multiplex,Multiplex Belgrano,"Vuelta de Obligado 2199, Belgrano",Avengers: Endgame,COMFORT PLUS 2D Subtitulada,22:00,,,,https://multiplex.com.ar/peliculas/avengers-endgame-re-estreno/
CABA,Multiplex,Multiplex Belgrano,"Vuelta de Obligado 2199, Belgrano",Coyote vs. Acme,COMFORT PLUS 2D Doblada,13:00,,,,https://multiplex.com.ar/peliculas/coyote-vs-acme/
CABA,Multiplex,Multiplex Belgrano,"Vuelta de Obligado 2199, Belgrano",Coyote vs. Acme,2D Subtitulada,18:20,,,,https://multiplex.com.ar/peliculas/coyote-vs-acme/
CABA,Multiplex,Multiplex Belgrano,"Vuelta de Obligado 2199, Belgrano",Coyote vs. Acme,2D Subtitulada,20:30,,,,https://multiplex.com.ar/peliculas/coyote-vs-acme/
CABA,Multiplex,Multiplex Belgrano,"Vuelta de Obligado 2199, Belgrano",Coyote vs. Acme,2D Subtitulada,22:35,,,,https://multiplex.com.ar/peliculas/coyote-vs-acme/
CABA,Multiplex,Multiplex Belgrano,"Vuelta de Obligado 2199, Belgrano",Cuentos Del Jardin Magico,2D Doblada,13:15,,,,https://multiplex.com.ar/peliculas/cuentos-del-jardin-magico/
CABA,Multiplex,Multiplex Belgrano,"Vuelta de Obligado 2199, Belgrano",Cuentos Del Jardin Magico,2D Doblada,14:45,,,,https://multiplex.com.ar/peliculas/cuentos-del-jardin-magico/
CABA,Multiplex,Multiplex Belgrano,"Vuelta de Obligado 2199, Belgrano",Digger,COMFORT PLUS 2D Subtitulada,13:00,,,,https://multiplex.com.ar/peliculas/digger/
CABA,Multiplex,Multiplex Belgrano,"Vuelta de Obligado 2199, Belgrano",Digger,COMFORT PLUS 2D Subtitulada,15:25,,,,https://multiplex.com.ar/peliculas/digger/
CABA,Multiplex,Multiplex Belgrano,"Vuelta de Obligado 2199, Belgrano",Digger,COMFORT PLUS 2D Subtitulada,17:50,,,,https://multiplex.com.ar/peliculas/digger/
CABA,Multiplex,Multiplex Belgrano,"Vuelta de Obligado 2199, Belgrano",Digger,2D + COMFORT PLUS Subtitulada,19:00,,,,https://multiplex.com.ar/peliculas/digger/
CABA,Multiplex,Multiplex Belgrano,"Vuelta de Obligado 2199, Belgrano",Digger,COMFORT PLUS 2D Subtitulada,20:15,,,,https://multiplex.com.ar/peliculas/digger/
CABA,Multiplex,Multiplex Belgrano,"Vuelta de Obligado 2199, Belgrano",Digger,2D + COMFORT PLUS Subtitulada,21:30,,,,https://multiplex.com.ar/peliculas/digger/
CABA,Multiplex,Multiplex Belgrano,"Vuelta de Obligado 2199, Belgrano",Digger,COMFORT PLUS 2D Subtitulada,22:40,,,,https://multiplex.com.ar/peliculas/digger/
CABA,Multiplex,Multiplex Belgrano,"Vuelta de Obligado 2199, Belgrano",El corazón de la bestia,COMFORT PLUS 2D Subtitulada,14:05,,,,https://multiplex.com.ar/peliculas/el-corazon-de-la-bestia/
CABA,Multiplex,Multiplex Belgrano,"Vuelta de Obligado 2199, Belgrano",El corazón de la bestia,COMFORT PLUS 2D Subtitulada,16:10,,,,https://multiplex.com.ar/peliculas/el-corazon-de-la-bestia/
CABA,Multiplex,Multiplex Belgrano,"Vuelta de Obligado 2199, Belgrano",El corazón de la bestia,COMFORT PLUS 2D Subtitulada,18:15,,,,https://multiplex.com.ar/peliculas/el-corazon-de-la-bestia/
CABA,Multiplex,Multiplex Belgrano,"Vuelta de Obligado 2199, Belgrano",El corazón de la bestia,COMFORT PLUS 2D Subtitulada,20:20,,,,https://multiplex.com.ar/peliculas/el-corazon-de-la-bestia/
CABA,Multiplex,Multiplex Belgrano,"Vuelta de Obligado 2199, Belgrano",El corazón de la bestia,COMFORT PLUS 2D Subtitulada,22:25,,,,https://multiplex.com.ar/peliculas/el-corazon-de-la-bestia/
CABA,Multiplex,Multiplex Belgrano,"Vuelta de Obligado 2199, Belgrano",Escondida en mi cabeza,2D Doblada,18:30,,,,https://multiplex.com.ar/peliculas/escondida-en-mi-cabeza/
CABA,Multiplex,Multiplex Belgrano,"Vuelta de Obligado 2199, Belgrano",Escondida en mi cabeza,2D Doblada,22:10,,,,https://multiplex.com.ar/peliculas/escondida-en-mi-cabeza/
CABA,Multiplex,Multiplex Belgrano,"Vuelta de Obligado 2199, Belgrano",Guardianes Del Museo 2,2D Doblada,15:00,,,,https://multiplex.com.ar/peliculas/guardianes-del-museo-2/
CABA,Multiplex,Multiplex Belgrano,"Vuelta de Obligado 2199, Belgrano",Guardianes Del Museo 2,2D Doblada,16:45,,,,https://multiplex.com.ar/peliculas/guardianes-del-museo-2/
CABA,Multiplex,Multiplex Belgrano,"Vuelta de Obligado 2199, Belgrano",Hangar rojo,2D Doblada,13:20,,,,https://multiplex.com.ar/peliculas/hangar-rojo/
CABA,Multiplex,Multiplex Belgrano,"Vuelta de Obligado 2199, Belgrano",Hangar rojo,2D Doblada,15:25,,,,https://multiplex.com.ar/peliculas/hangar-rojo/
CABA,Multiplex,Multiplex Belgrano,"Vuelta de Obligado 2199, Belgrano",Hangar rojo,2D Doblada,20:30,,,,https://multiplex.com.ar/peliculas/hangar-rojo/
CABA,Multiplex,Multiplex Belgrano,"Vuelta de Obligado 2199, Belgrano",La isla olvidada,2D Doblada,16:15,,,,https://multiplex.com.ar/peliculas/la-isla-olvidada/
CABA,Multiplex,Multiplex Belgrano,"Vuelta de Obligado 2199, Belgrano",La Odisea,2D + COMFORT PLUS Subtitulada,15:45,,,,https://multiplex.com.ar/peliculas/la-odisea/
CABA,Multiplex,Multiplex Belgrano,"Vuelta de Obligado 2199, Belgrano",La Odisea,2D Subtitulada,22:00,,,,https://multiplex.com.ar/peliculas/la-odisea/
CABA,Multiplex,Multiplex Belgrano,"Vuelta de Obligado 2199, Belgrano",Los Colores Del Tiempo,COMFORT PLUS 2D Subtitulada,13:00,,,,https://multiplex.com.ar/peliculas/los-colores-del-tiempo/
CABA,Multiplex,Multiplex Belgrano,"Vuelta de Obligado 2199, Belgrano",Los Colores Del Tiempo,COMFORT PLUS 2D Subtitulada,15:20,,,,https://multiplex.com.ar/peliculas/los-colores-del-tiempo/
CABA,Multiplex,Multiplex Belgrano,"Vuelta de Obligado 2199, Belgrano",Los Colores Del Tiempo,COMFORT PLUS 2D Subtitulada,17:40,,,,https://multiplex.com.ar/peliculas/los-colores-del-tiempo/
CABA,Multiplex,Multiplex Belgrano,"Vuelta de Obligado 2199, Belgrano",Los Colores Del Tiempo,2D Subtitulada,19:30,,,,https://multiplex.com.ar/peliculas/los-colores-del-tiempo/
CABA,Multiplex,Multiplex Belgrano,"Vuelta de Obligado 2199, Belgrano",Queen Budapest,COMFORT PLUS 2D Subtitulada,20:30,,,,https://multiplex.com.ar/peliculas/queen-budapest/
CABA,Multiplex,Multiplex Belgrano,"Vuelta de Obligado 2199, Belgrano",Resident Evil: Noche Cero,2D + COMFORT PLUS Subtitulada,13:50,,,,https://multiplex.com.ar/peliculas/resident-evil-noche-cero/
CABA,Multiplex,Multiplex Belgrano,"Vuelta de Obligado 2199, Belgrano",Resident Evil: Noche Cero,4D + 2D Subtitulada,17:00,,,,https://multiplex.com.ar/peliculas/resident-evil-noche-cero/
CABA,Multiplex,Multiplex Belgrano,"Vuelta de Obligado 2199, Belgrano",Resident Evil: Noche Cero,4D + 2D Subtitulada,22:30,,,,https://multiplex.com.ar/peliculas/resident-evil-noche-cero/
CABA,Multiplex,Multiplex Belgrano,"Vuelta de Obligado 2199, Belgrano",Tres adioses,2D Subtitulada,13:05,,,,https://multiplex.com.ar/peliculas/tres-adioses/
CABA,Multiplex,Multiplex Belgrano,"Vuelta de Obligado 2199, Belgrano",Tres adioses,2D Subtitulada,17:10,,,,https://multiplex.com.ar/peliculas/tres-adioses/
CABA,Multiplex,Multiplex Belgrano,"Vuelta de Obligado 2199, Belgrano",Verity. La sombra de un engaño,COMFORT PLUS 2D Subtitulada,13:15,,,,https://multiplex.com.ar/peliculas/verityla-sombra-de-un-engano/
CABA,Multiplex,Multiplex Belgrano,"Vuelta de Obligado 2199, Belgrano",Verity. La sombra de un engaño,COMFORT PLUS 2D Subtitulada,15:30,,,,https://multiplex.com.ar/peliculas/verityla-sombra-de-un-engano/
CABA,Multiplex,Multiplex Belgrano,"Vuelta de Obligado 2199, Belgrano",Verity. La sombra de un engaño,COMFORT PLUS 2D Subtitulada,17:45,,,,https://multiplex.com.ar/peliculas/verityla-sombra-de-un-engano/
CABA,Multiplex,Multiplex Belgrano,"Vuelta de Obligado 2199, Belgrano",Verity. La sombra de un engaño,COMFORT PLUS 2D Subtitulada,20:00,,,,https://multiplex.com.ar/peliculas/verityla-sombra-de-un-engano/
CABA,Multiplex,Multiplex Belgrano,"Vuelta de Obligado 2199, Belgrano",Verity. La sombra de un engaño,COMFORT PLUS 2D Subtitulada,22:15,,,,https://multiplex.com.ar/peliculas/verityla-sombra-de-un-engano/
CABA,Multiplex,Multiplex Belgrano,"Vuelta de Obligado 2199, Belgrano",Vértigo 2,COMFORT PLUS 2D Subtitulada,22:30,,,,https://multiplex.com.ar/peliculas/vertigo-2/
CABA,Multiplex,Multiplex Lavalle,"Lavalle 780, CABA",Avengers: Endgame,4D (3D) Doblada,14:45,,,,https://multiplex.com.ar/peliculas/avengers-endgame-re-estreno/
CABA,Multiplex,Multiplex Lavalle,"Lavalle 780, CABA",Avengers: Endgame,2D XTREMO Doblada,15:15,,,,https://multiplex.com.ar/peliculas/avengers-endgame-re-estreno/
CABA,Multiplex,Multiplex Lavalle,"Lavalle 780, CABA",Avengers: Endgame,4D (3D) Doblada,19:50,,,,https://multiplex.com.ar/peliculas/avengers-endgame-re-estreno/
CABA,Multiplex,Multiplex Lavalle,"Lavalle 780, CABA",Avengers: Endgame,2D XTREMO Doblada,22:00,,,,https://multiplex.com.ar/peliculas/avengers-endgame-re-estreno/
CABA,Multiplex,Multiplex Lavalle,"Lavalle 780, CABA",Cuentos Del Jardin Magico,2D Doblada,13:35,,,,https://multiplex.com.ar/peliculas/cuentos-del-jardin-magico/
CABA,Multiplex,Multiplex Lavalle,"Lavalle 780, CABA",Cuentos Del Jardin Magico,2D Doblada,15:05,,,,https://multiplex.com.ar/peliculas/cuentos-del-jardin-magico/
CABA,Multiplex,Multiplex Lavalle,"Lavalle 780, CABA",Digger,2D Doblada,13:00,,,,https://multiplex.com.ar/peliculas/digger/
CABA,Multiplex,Multiplex Lavalle,"Lavalle 780, CABA",Digger,2D Doblada,15:20,,,,https://multiplex.com.ar/peliculas/digger/
CABA,Multiplex,Multiplex Lavalle,"Lavalle 780, CABA",Digger,2D Doblada,20:20,,,,https://multiplex.com.ar/peliculas/digger/
CABA,Multiplex,Multiplex Lavalle,"Lavalle 780, CABA",Digger,2D Doblada,22:45,,,,https://multiplex.com.ar/peliculas/digger/
CABA,Multiplex,Multiplex Lavalle,"Lavalle 780, CABA",El corazón de la bestia,2D Doblada,18:55,,,,https://multiplex.com.ar/peliculas/el-corazon-de-la-bestia/
CABA,Multiplex,Multiplex Lavalle,"Lavalle 780, CABA",El corazón de la bestia,2D Doblada,21:00,,,,https://multiplex.com.ar/peliculas/el-corazon-de-la-bestia/
CABA,Multiplex,Multiplex Lavalle,"Lavalle 780, CABA",El corazón de la bestia,2D Doblada,23:00,,,,https://multiplex.com.ar/peliculas/el-corazon-de-la-bestia/
CABA,Multiplex,Multiplex Lavalle,"Lavalle 780, CABA",Escondida en mi cabeza,2D Doblada,14:00,,,,https://multiplex.com.ar/peliculas/escondida-en-mi-cabeza/
CABA,Multiplex,Multiplex Lavalle,"Lavalle 780, CABA",Escondida en mi cabeza,2D Doblada,16:00,,,,https://multiplex.com.ar/peliculas/escondida-en-mi-cabeza/
CABA,Multiplex,Multiplex Lavalle,"Lavalle 780, CABA",Escondida en mi cabeza,2D Doblada,18:00,,,,https://multiplex.com.ar/peliculas/escondida-en-mi-cabeza/
CABA,Multiplex,Multiplex Lavalle,"Lavalle 780, CABA",Guardianes Del Museo 2,2D Doblada,13:40,,,,https://multiplex.com.ar/peliculas/guardianes-del-museo-2/
CABA,Multiplex,Multiplex Lavalle,"Lavalle 780, CABA",Guardianes Del Museo 2,2D Doblada,15:25,,,,https://multiplex.com.ar/peliculas/guardianes-del-museo-2/
CABA,Multiplex,Multiplex Lavalle,"Lavalle 780, CABA",Guardianes Del Museo 2,2D Doblada,17:10,,,,https://multiplex.com.ar/peliculas/guardianes-del-museo-2/
CABA,Multiplex,Multiplex Lavalle,"Lavalle 780, CABA",La isla olvidada,2D Doblada,13:50,,,,https://multiplex.com.ar/peliculas/la-isla-olvidada/
CABA,Multiplex,Multiplex Lavalle,"Lavalle 780, CABA",La noche del demonio: Están entre nosotros,2D Doblada,22:40,,,,https://multiplex.com.ar/peliculas/la-noche-del-demonio-estan-entre-nosotros/
CABA,Multiplex,Multiplex Lavalle,"Lavalle 780, CABA",Queen Budapest,2D Subtitulada,20:00,,,,https://multiplex.com.ar/peliculas/queen-budapest/
CABA,Multiplex,Multiplex Lavalle,"Lavalle 780, CABA",Relajadas y muy peligrosas,2D Doblada,18:00,,,,https://multiplex.com.ar/peliculas/relajadas-y-muy-peligrosas/
CABA,Multiplex,Multiplex Lavalle,"Lavalle 780, CABA",Resident Evil: Noche Cero,4D (2D) Doblada,13:00,,,,https://multiplex.com.ar/peliculas/resident-evil-noche-cero/
CABA,Multiplex,Multiplex Lavalle,"Lavalle 780, CABA",Resident Evil: Noche Cero,2D Doblada,16:00,,,,https://multiplex.com.ar/peliculas/resident-evil-noche-cero/
CABA,Multiplex,Multiplex Lavalle,"Lavalle 780, CABA",Resident Evil: Noche Cero,4D (2D) Doblada,18:00,,,,https://multiplex.com.ar/peliculas/resident-evil-noche-cero/
CABA,Multiplex,Multiplex Lavalle,"Lavalle 780, CABA",Resident Evil: Noche Cero,2D Doblada,20:00,,,,https://multiplex.com.ar/peliculas/resident-evil-noche-cero/
CABA,Multiplex,Multiplex Lavalle,"Lavalle 780, CABA",Resident Evil: Noche Cero,2D Doblada,22:00,,,,https://multiplex.com.ar/peliculas/resident-evil-noche-cero/
CABA,Multiplex,Multiplex Lavalle,"Lavalle 780, CABA",Resident Evil: Noche Cero,4D (2D) Doblada,23:10,,,,https://multiplex.com.ar/peliculas/resident-evil-noche-cero/
CABA,Multiplex,Multiplex Lavalle,"Lavalle 780, CABA",Spider-Man: Un nuevo día,2D Doblada,17:40,,,,https://multiplex.com.ar/peliculas/spider-man-un-dia-nuevo/
CABA,Multiplex,Multiplex Lavalle,"Lavalle 780, CABA",Spider-Man: Un nuevo día,3D Doblada,20:00,,,,https://multiplex.com.ar/peliculas/spider-man-un-dia-nuevo/
CABA,Multiplex,Multiplex Lavalle,"Lavalle 780, CABA",Verity. La sombra de un engaño,2D Doblada,13:00,,,,https://multiplex.com.ar/peliculas/verityla-sombra-de-un-engano/
CABA,Multiplex,Multiplex Lavalle,"Lavalle 780, CABA",Verity. La sombra de un engaño,2D Doblada,16:30,,,,https://multiplex.com.ar/peliculas/verityla-sombra-de-un-engano/
CABA,Multiplex,Multiplex Lavalle,"Lavalle 780, CABA",Verity. La sombra de un engaño,2D Doblada,18:45,,,,https://multiplex.com.ar/peliculas/verityla-sombra-de-un-engano/
CABA,Multiplex,Multiplex Lavalle,"Lavalle 780, CABA",Verity. La sombra de un engaño,2D Doblada,20:55,,,,https://multiplex.com.ar/peliculas/verityla-sombra-de-un-engano/
CABA,Multiplex,Multiplex Lavalle,"Lavalle 780, CABA",Vértigo 2,2D Doblada,23:10,,,,https://multiplex.com.ar/peliculas/vertigo-2/
GBA Norte,Showcase,Showcase Norte (Norcenter),"Colectora Panamericana 3750, Norcenter",Los Colores Del Tiempo,2D Subtitulada,14:40,,,,https://cartelera.ar/pelicula/los-colores-del-tiempo
GBA Norte,Showcase,Showcase Norte (Norcenter),"Colectora Panamericana 3750, Norcenter",Avengers: Endgame,3D Doblada,15:00,,,,https://cartelera.ar/pelicula/vengadores-endgame
GBA Norte,Showcase,Showcase Norte (Norcenter),"Colectora Panamericana 3750, Norcenter",Avengers: Endgame,2D Doblada,16:40,,,,https://cartelera.ar/pelicula/vengadores-endgame
GBA Norte,Showcase,Showcase Norte (Norcenter),"Colectora Panamericana 3750, Norcenter",Avengers: Endgame,3D Subtitulada,18:45,,,,https://cartelera.ar/pelicula/vengadores-endgame
GBA Norte,Showcase,Showcase Norte (Norcenter),"Colectora Panamericana 3750, Norcenter",Avengers: Endgame,2D Subtitulada,20:25,,,,https://cartelera.ar/pelicula/vengadores-endgame
GBA Norte,Showcase,Showcase Norte (Norcenter),"Colectora Panamericana 3750, Norcenter",Avengers: Endgame,2D Subtitulada,22:30,,,,https://cartelera.ar/pelicula/vengadores-endgame
GBA Norte,Showcase,Showcase Norte (Norcenter),"Colectora Panamericana 3750, Norcenter",El corazón de la bestia,2D Subtitulada,14:55,,,,https://cartelera.ar/pelicula/el-corazon-de-la-bestia
GBA Norte,Showcase,Showcase Norte (Norcenter),"Colectora Panamericana 3750, Norcenter",El corazón de la bestia,2D Subtitulada,17:20,,,,https://cartelera.ar/pelicula/el-corazon-de-la-bestia
GBA Norte,Showcase,Showcase Norte (Norcenter),"Colectora Panamericana 3750, Norcenter",El corazón de la bestia,2D Subtitulada,19:55,,,,https://cartelera.ar/pelicula/el-corazon-de-la-bestia
GBA Norte,Showcase,Showcase Norte (Norcenter),"Colectora Panamericana 3750, Norcenter",El corazón de la bestia,2D Subtitulada,22:40,,,,https://cartelera.ar/pelicula/el-corazon-de-la-bestia
GBA Norte,Showcase,Showcase Norte (Norcenter),"Colectora Panamericana 3750, Norcenter",La invitación,2D Subtitulada,19:15,,,,https://cartelera.ar/pelicula/la-invitacion
GBA Norte,Showcase,Showcase Norte (Norcenter),"Colectora Panamericana 3750, Norcenter",La invitación,2D Subtitulada,21:55,,,,https://cartelera.ar/pelicula/la-invitacion
GBA Norte,Showcase,Showcase Norte (Norcenter),"Colectora Panamericana 3750, Norcenter",La Odisea,2D Subtitulada,15:30,,,,https://cartelera.ar/pelicula/la-odisea
GBA Norte,Showcase,Showcase Norte (Norcenter),"Colectora Panamericana 3750, Norcenter",La Odisea,2D Subtitulada,21:45,,,,https://cartelera.ar/pelicula/la-odisea
GBA Norte,Showcase,Showcase Norte (Norcenter),"Colectora Panamericana 3750, Norcenter",Spider-Man: Un nuevo día,2D Doblada,13:30,,,,https://cartelera.ar/pelicula/spider-man-un-nuevo-dia
GBA Norte,Showcase,Showcase Norte (Norcenter),"Colectora Panamericana 3750, Norcenter",Spider-Man: Un nuevo día,2D Doblada,16:30,,,,https://cartelera.ar/pelicula/spider-man-un-nuevo-dia
GBA Norte,Showcase,Showcase Norte (Norcenter),"Colectora Panamericana 3750, Norcenter",Spider-Man: Un nuevo día,2D Subtitulada,19:30,,,,https://cartelera.ar/pelicula/spider-man-un-nuevo-dia
GBA Norte,Showcase,Showcase Norte (Norcenter),"Colectora Panamericana 3750, Norcenter",Spider-Man: Un nuevo día,2D Subtitulada,22:35,,,,https://cartelera.ar/pelicula/spider-man-un-nuevo-dia
GBA Norte,Showcase,Showcase Norte (Norcenter),"Colectora Panamericana 3750, Norcenter",PAW Patrol: La Dino Película,2D Doblada,14:25,,,,https://cartelera.ar/pelicula/paw-patrol-la-dino-pelicula
GBA Norte,Showcase,Showcase Norte (Norcenter),"Colectora Panamericana 3750, Norcenter",Hechizo de amor: La magia continúa,2D Subtitulada,16:35,,,,https://cartelera.ar/pelicula/hechizo-de-amor-la-magia-continua
GBA Norte,Showcase,Showcase Norte (Norcenter),"Colectora Panamericana 3750, Norcenter",Hechizo de amor: La magia continúa,2D Subtitulada,19:35,,,,https://cartelera.ar/pelicula/hechizo-de-amor-la-magia-continua
GBA Norte,Showcase,Showcase Norte (Norcenter),"Colectora Panamericana 3750, Norcenter",Resident Evil: Noche Cero,2D Doblada,14:50,,,,https://cartelera.ar/pelicula/resident-evil-noche-cero
GBA Norte,Showcase,Showcase Norte (Norcenter),"Colectora Panamericana 3750, Norcenter",Resident Evil: Noche Cero,2D Subtitulada,17:15,,,,https://cartelera.ar/pelicula/resident-evil-noche-cero
GBA Norte,Showcase,Showcase Norte (Norcenter),"Colectora Panamericana 3750, Norcenter",Resident Evil: Noche Cero,2D Subtitulada,19:40,,,,https://cartelera.ar/pelicula/resident-evil-noche-cero
GBA Norte,Showcase,Showcase Norte (Norcenter),"Colectora Panamericana 3750, Norcenter",Resident Evil: Noche Cero,2D Subtitulada,22:00,,,,https://cartelera.ar/pelicula/resident-evil-noche-cero
GBA Norte,Showcase,Showcase Norte (Norcenter),"Colectora Panamericana 3750, Norcenter",Resident Evil: Noche Cero,2D Doblada,22:40,,,,https://cartelera.ar/pelicula/resident-evil-noche-cero
GBA Norte,Showcase,Showcase Norte (Norcenter),"Colectora Panamericana 3750, Norcenter",La isla olvidada,2D Doblada,14:00,,,,https://cartelera.ar/pelicula/la-isla-olvidada
GBA Norte,Showcase,Showcase Norte (Norcenter),"Colectora Panamericana 3750, Norcenter",La isla olvidada,2D Doblada,16:25,,,,https://cartelera.ar/pelicula/la-isla-olvidada
GBA Norte,Showcase,Showcase Norte (Norcenter),"Colectora Panamericana 3750, Norcenter",Digger,2D Subtitulada,14:20,,,,https://cartelera.ar/pelicula/digger
GBA Norte,Showcase,Showcase Norte (Norcenter),"Colectora Panamericana 3750, Norcenter",Digger,2D Subtitulada,16:45,,,,https://cartelera.ar/pelicula/digger
GBA Norte,Showcase,Showcase Norte (Norcenter),"Colectora Panamericana 3750, Norcenter",Digger,2D Subtitulada,17:05,,,,https://cartelera.ar/pelicula/digger
GBA Norte,Showcase,Showcase Norte (Norcenter),"Colectora Panamericana 3750, Norcenter",Digger,2D Subtitulada,19:30,,,,https://cartelera.ar/pelicula/digger
GBA Norte,Showcase,Showcase Norte (Norcenter),"Colectora Panamericana 3750, Norcenter",Digger,2D Subtitulada,19:50,,,,https://cartelera.ar/pelicula/digger
GBA Norte,Showcase,Showcase Norte (Norcenter),"Colectora Panamericana 3750, Norcenter",Digger,2D Subtitulada,22:15,,,,https://cartelera.ar/pelicula/digger
GBA Norte,Showcase,Showcase Norte (Norcenter),"Colectora Panamericana 3750, Norcenter",Digger,2D Subtitulada,22:35,,,,https://cartelera.ar/pelicula/digger
GBA Norte,Showcase,Showcase Norte (Norcenter),"Colectora Panamericana 3750, Norcenter",Coyote vs. Acme,2D Doblada,14:25,,,,https://cartelera.ar/pelicula/coyote-vs-acme
GBA Norte,Showcase,Showcase Norte (Norcenter),"Colectora Panamericana 3750, Norcenter",Coyote vs. Acme,2D Doblada,17:00,,,,https://cartelera.ar/pelicula/coyote-vs-acme
GBA Norte,Showcase,Showcase Norte (Norcenter),"Colectora Panamericana 3750, Norcenter",Coyote vs. Acme,2D Doblada,19:20,,,,https://cartelera.ar/pelicula/coyote-vs-acme
GBA Norte,Showcase,Showcase Norte (Norcenter),"Colectora Panamericana 3750, Norcenter",Coyote vs. Acme,2D Doblada,21:50,,,,https://cartelera.ar/pelicula/coyote-vs-acme
GBA Norte,Showcase,Showcase Norte (Norcenter),"Colectora Panamericana 3750, Norcenter",Verity. La sombra de un engaño,2D Subtitulada,14:30,,,,https://cartelera.ar/pelicula/verity-la-sombra-de-un-engano
GBA Norte,Showcase,Showcase Norte (Norcenter),"Colectora Panamericana 3750, Norcenter",Verity. La sombra de un engaño,2D Subtitulada,16:50,,,,https://cartelera.ar/pelicula/verity-la-sombra-de-un-engano
GBA Norte,Showcase,Showcase Norte (Norcenter),"Colectora Panamericana 3750, Norcenter",Verity. La sombra de un engaño,2D Subtitulada,17:10,,,,https://cartelera.ar/pelicula/verity-la-sombra-de-un-engano
GBA Norte,Showcase,Showcase Norte (Norcenter),"Colectora Panamericana 3750, Norcenter",Verity. La sombra de un engaño,2D Subtitulada,19:25,,,,https://cartelera.ar/pelicula/verity-la-sombra-de-un-engano
GBA Norte,Showcase,Showcase Norte (Norcenter),"Colectora Panamericana 3750, Norcenter",Verity. La sombra de un engaño,2D Subtitulada,19:45,,,,https://cartelera.ar/pelicula/verity-la-sombra-de-un-engano
GBA Norte,Showcase,Showcase Norte (Norcenter),"Colectora Panamericana 3750, Norcenter",Verity. La sombra de un engaño,2D Subtitulada,22:05,,,,https://cartelera.ar/pelicula/verity-la-sombra-de-un-engano
GBA Norte,Showcase,Showcase Norte (Norcenter),"Colectora Panamericana 3750, Norcenter",Verity. La sombra de un engaño,2D Subtitulada,22:25,,,,https://cartelera.ar/pelicula/verity-la-sombra-de-un-engano
GBA Norte,Showcase,Showcase Norte (Norcenter),"Colectora Panamericana 3750, Norcenter",Queen Budapest,2D Subtitulada,20:10,,,,https://cartelera.ar/pelicula/queen-budapest
GBA Norte,Showcase,Showcase Norte (Norcenter),"Colectora Panamericana 3750, Norcenter",Vértigo 2,2D Subtitulada,19:35,,,,https://cartelera.ar/pelicula/vertigo-2
GBA Norte,Showcase,Showcase Norte (Norcenter),"Colectora Panamericana 3750, Norcenter",Vértigo 2,2D Subtitulada,22:10,,,,https://cartelera.ar/pelicula/vertigo-2
GBA Norte,Showcase,Showcase Norte (Norcenter),"Colectora Panamericana 3750, Norcenter",El árbol mágico,2D Doblada,14:10,,,,https://cartelera.ar/pelicula/el-arbol-magico
GBA Norte,Showcase,Showcase Norte (Norcenter),"Colectora Panamericana 3750, Norcenter",Escondida en mi cabeza,2D Doblada,15:05,,,,https://cartelera.ar/pelicula/escondida-en-mi-cabeza
GBA Norte,Showcase,Showcase Norte (Norcenter),"Colectora Panamericana 3750, Norcenter",Escondida en mi cabeza,2D Doblada,17:30,,,,https://cartelera.ar/pelicula/escondida-en-mi-cabeza
GBA Norte,Showcase,Showcase Norte (Norcenter),"Colectora Panamericana 3750, Norcenter",Escondida en mi cabeza,2D Doblada,20:00,,,,https://cartelera.ar/pelicula/escondida-en-mi-cabeza
GBA Norte,Showcase,Showcase Norte (Norcenter),"Colectora Panamericana 3750, Norcenter",Escondida en mi cabeza,2D Doblada,22:20,,,,https://cartelera.ar/pelicula/escondida-en-mi-cabeza
GBA Norte,Showcase,Showcase Norte (Norcenter),"Colectora Panamericana 3750, Norcenter",Relajadas y muy peligrosas,2D Doblada,14:15,,,,https://cartelera.ar/pelicula/relajadas-y-muy-peligrosas
GBA Norte,Showcase,Showcase Norte (Norcenter),"Colectora Panamericana 3750, Norcenter",Relajadas y muy peligrosas,2D Subtitulada,22:20,,,,https://cartelera.ar/pelicula/relajadas-y-muy-peligrosas
GBA Norte,Showcase,Showcase Norte (Norcenter),"Colectora Panamericana 3750, Norcenter",Hangar rojo,2D Doblada,20:10,,,,https://cartelera.ar/pelicula/hangar-rojo
GBA Norte,Showcase,Showcase Norte (Norcenter),"Colectora Panamericana 3750, Norcenter",Guardianes Del Museo 2,2D Doblada,13:40,,,,https://cartelera.ar/pelicula/guardianes-del-museo-2
GBA Norte,Showcase,Showcase Norte (Norcenter),"Colectora Panamericana 3750, Norcenter",Guardianes Del Museo 2,2D Doblada,15:50,,,,https://cartelera.ar/pelicula/guardianes-del-museo-2
GBA Norte,Showcase,Showcase Norte (Norcenter),"Colectora Panamericana 3750, Norcenter",Guardianes Del Museo 2,2D Doblada,18:00,,,,https://cartelera.ar/pelicula/guardianes-del-museo-2
GBA Sur,Atlas Cines,Atlas Catan,"Camino de Cintura 2727, Shopping Catan",Avengers: Endgame,4DX Doblada,14:00,,,,https://cartelera.ar/pelicula/vengadores-endgame
GBA Sur,Atlas Cines,Atlas Catan,"Camino de Cintura 2727, Shopping Catan",Avengers: Endgame,2D Doblada,15:40,,,,https://cartelera.ar/pelicula/vengadores-endgame
GBA Sur,Atlas Cines,Atlas Catan,"Camino de Cintura 2727, Shopping Catan",Avengers: Endgame,4DX Doblada,17:40,,,,https://cartelera.ar/pelicula/vengadores-endgame
GBA Sur,Atlas Cines,Atlas Catan,"Camino de Cintura 2727, Shopping Catan",Avengers: Endgame,2D Doblada,18:20,,,,https://cartelera.ar/pelicula/vengadores-endgame
GBA Sur,Atlas Cines,Atlas Catan,"Camino de Cintura 2727, Shopping Catan",Avengers: Endgame,4DX Doblada,21:20,,,,https://cartelera.ar/pelicula/vengadores-endgame
GBA Sur,Atlas Cines,Atlas Catan,"Camino de Cintura 2727, Shopping Catan",El corazón de la bestia,2D Doblada,21:30,,,,https://cartelera.ar/pelicula/el-corazon-de-la-bestia
GBA Sur,Atlas Cines,Atlas Catan,"Camino de Cintura 2727, Shopping Catan",Resident Evil: Noche Cero,2D Doblada,15:50,,,,https://cartelera.ar/pelicula/resident-evil-noche-cero
GBA Sur,Atlas Cines,Atlas Catan,"Camino de Cintura 2727, Shopping Catan",Resident Evil: Noche Cero,2D Doblada,18:00,,,,https://cartelera.ar/pelicula/resident-evil-noche-cero
GBA Sur,Atlas Cines,Atlas Catan,"Camino de Cintura 2727, Shopping Catan",Resident Evil: Noche Cero,2D Doblada,20:10,,,,https://cartelera.ar/pelicula/resident-evil-noche-cero
GBA Sur,Atlas Cines,Atlas Catan,"Camino de Cintura 2727, Shopping Catan",Resident Evil: Noche Cero,2D Doblada,22:20,,,,https://cartelera.ar/pelicula/resident-evil-noche-cero
GBA Sur,Atlas Cines,Atlas Catan,"Camino de Cintura 2727, Shopping Catan",La isla olvidada,2D Doblada,16:10,,,,https://cartelera.ar/pelicula/la-isla-olvidada
GBA Sur,Atlas Cines,Atlas Catan,"Camino de Cintura 2727, Shopping Catan",Digger,2D Doblada,19:30,,,,https://cartelera.ar/pelicula/digger
GBA Sur,Atlas Cines,Atlas Catan,"Camino de Cintura 2727, Shopping Catan",Digger,2D Doblada,22:10,,,,https://cartelera.ar/pelicula/digger
GBA Sur,Atlas Cines,Atlas Catan,"Camino de Cintura 2727, Shopping Catan",Verity. La sombra de un engaño,2D Doblada,14:40,,,,https://cartelera.ar/pelicula/verity-la-sombra-de-un-engano
GBA Sur,Atlas Cines,Atlas Catan,"Camino de Cintura 2727, Shopping Catan",Verity. La sombra de un engaño,2D Doblada,17:10,,,,https://cartelera.ar/pelicula/verity-la-sombra-de-un-engano
GBA Sur,Atlas Cines,Atlas Catan,"Camino de Cintura 2727, Shopping Catan",Verity. La sombra de un engaño,2D Doblada,19:40,,,,https://cartelera.ar/pelicula/verity-la-sombra-de-un-engano
GBA Sur,Atlas Cines,Atlas Catan,"Camino de Cintura 2727, Shopping Catan",Verity. La sombra de un engaño,2D Doblada,22:10,,,,https://cartelera.ar/pelicula/verity-la-sombra-de-un-engano
GBA Sur,Atlas Cines,Atlas Catan,"Camino de Cintura 2727, Shopping Catan",Vértigo 2,2D Doblada,19:20,,,,https://cartelera.ar/pelicula/vertigo-2
GBA Sur,Atlas Cines,Atlas Catan,"Camino de Cintura 2727, Shopping Catan",Vértigo 2,2D Doblada,22:00,,,,https://cartelera.ar/pelicula/vertigo-2
GBA Sur,Atlas Cines,Atlas Catan,"Camino de Cintura 2727, Shopping Catan",Guardianes Del Museo 2,2D Doblada,15:30,,,,https://cartelera.ar/pelicula/guardianes-del-museo-2
GBA Sur,Atlas Cines,Atlas Catan,"Camino de Cintura 2727, Shopping Catan",Guardianes Del Museo 2,2D Doblada,17:30,,,,https://cartelera.ar/pelicula/guardianes-del-museo-2
CABA,Atlas Cines,Atlas Flores,"Rivera Indarte 44, Flores",Avengers: Endgame,2D Doblada,19:10,,,,https://cartelera.ar/pelicula/vengadores-endgame
CABA,Atlas Cines,Atlas Flores,"Rivera Indarte 44, Flores",El corazón de la bestia,2D Doblada,20:20,,,,https://cartelera.ar/pelicula/el-corazon-de-la-bestia
CABA,Atlas Cines,Atlas Flores,"Rivera Indarte 44, Flores",Spider-Man: Un nuevo día,2D Doblada,16:10,,,,https://cartelera.ar/pelicula/spider-man-un-nuevo-dia
CABA,Atlas Cines,Atlas Flores,"Rivera Indarte 44, Flores",Resident Evil: Noche Cero,2D Doblada,20:00,,,,https://cartelera.ar/pelicula/resident-evil-noche-cero
CABA,Atlas Cines,Atlas Flores,"Rivera Indarte 44, Flores",Pepita la Pistolera,2D Doblada,22:00,,,,https://cartelera.ar/pelicula/pepita-la-pistolera
CABA,Atlas Cines,Atlas Flores,"Rivera Indarte 44, Flores",La isla olvidada,2D Doblada,14:00,,,,https://cartelera.ar/pelicula/la-isla-olvidada
CABA,Atlas Cines,Atlas Flores,"Rivera Indarte 44, Flores",La isla olvidada,2D Doblada,15:40,,,,https://cartelera.ar/pelicula/la-isla-olvidada
CABA,Atlas Cines,Atlas Flores,"Rivera Indarte 44, Flores",Digger,2D Subtitulada,16:50,,,,https://cartelera.ar/pelicula/digger
CABA,Atlas Cines,Atlas Flores,"Rivera Indarte 44, Flores",Digger,2D Subtitulada,19:30,,,,https://cartelera.ar/pelicula/digger
CABA,Atlas Cines,Atlas Flores,"Rivera Indarte 44, Flores",Digger,2D Doblada,22:10,,,,https://cartelera.ar/pelicula/digger
CABA,Atlas Cines,Atlas Flores,"Rivera Indarte 44, Flores",Coyote vs. Acme,2D Doblada,14:30,,,,https://cartelera.ar/pelicula/coyote-vs-acme
CABA,Atlas Cines,Atlas Flores,"Rivera Indarte 44, Flores",Verity. La sombra de un engaño,2D Doblada,15:10,,,,https://cartelera.ar/pelicula/verity-la-sombra-de-un-engano
CABA,Atlas Cines,Atlas Flores,"Rivera Indarte 44, Flores",Verity. La sombra de un engaño,2D Doblada,17:40,,,,https://cartelera.ar/pelicula/verity-la-sombra-de-un-engano
CABA,Atlas Cines,Atlas Flores,"Rivera Indarte 44, Flores",Verity. La sombra de un engaño,2D Doblada,20:10,,,,https://cartelera.ar/pelicula/verity-la-sombra-de-un-engano
CABA,Atlas Cines,Atlas Flores,"Rivera Indarte 44, Flores",Verity. La sombra de un engaño,2D Doblada,22:40,,,,https://cartelera.ar/pelicula/verity-la-sombra-de-un-engano
CABA,Atlas Cines,Atlas Flores,"Rivera Indarte 44, Flores",Vértigo 2,2D Doblada,22:30,,,,https://cartelera.ar/pelicula/vertigo-2
CABA,Atlas Cines,Atlas Flores,"Rivera Indarte 44, Flores",Escondida en mi cabeza,2D Doblada,17:50,,,,https://cartelera.ar/pelicula/escondida-en-mi-cabeza
CABA,Atlas Cines,Atlas Flores,"Rivera Indarte 44, Flores",Escondida en mi cabeza,2D Doblada,22:50,,,,https://cartelera.ar/pelicula/escondida-en-mi-cabeza
CABA,Atlas Cines,Atlas Flores,"Rivera Indarte 44, Flores",Guardianes Del Museo 2,2D Doblada,14:20,,,,https://cartelera.ar/pelicula/guardianes-del-museo-2
CABA,Atlas Cines,Atlas Flores,"Rivera Indarte 44, Flores",Guardianes Del Museo 2,2D Doblada,16:20,,,,https://cartelera.ar/pelicula/guardianes-del-museo-2
CABA,Atlas Cines,Atlas Flores,"Rivera Indarte 44, Flores",Guardianes Del Museo 2,2D Doblada,18:20,,,,https://cartelera.ar/pelicula/guardianes-del-museo-2
CABA,Atlas Cines,Atlas Liniers,"Av. Rivadavia 11177, Liniers",Avengers: Endgame,2D Doblada,16:50,,,,https://cartelera.ar/pelicula/vengadores-endgame
CABA,Atlas Cines,Atlas Liniers,"Av. Rivadavia 11177, Liniers",Avengers: Endgame,2D Doblada,20:30,,,,https://cartelera.ar/pelicula/vengadores-endgame
CABA,Atlas Cines,Atlas Liniers,"Av. Rivadavia 11177, Liniers",Resident Evil: Noche Cero,2D Doblada,14:20,,,,https://cartelera.ar/pelicula/resident-evil-noche-cero
CABA,Atlas Cines,Atlas Liniers,"Av. Rivadavia 11177, Liniers",Resident Evil: Noche Cero,2D Doblada,20:00,,,,https://cartelera.ar/pelicula/resident-evil-noche-cero
CABA,Atlas Cines,Atlas Liniers,"Av. Rivadavia 11177, Liniers",La isla olvidada,2D Doblada,14:40,,,,https://cartelera.ar/pelicula/la-isla-olvidada
CABA,Atlas Cines,Atlas Liniers,"Av. Rivadavia 11177, Liniers",La isla olvidada,2D Doblada,16:20,,,,https://cartelera.ar/pelicula/la-isla-olvidada
CABA,Atlas Cines,Atlas Liniers,"Av. Rivadavia 11177, Liniers",Digger,2D Doblada,18:40,,,,https://cartelera.ar/pelicula/digger
CABA,Atlas Cines,Atlas Liniers,"Av. Rivadavia 11177, Liniers",Digger,2D Doblada,21:20,,,,https://cartelera.ar/pelicula/digger
CABA,Atlas Cines,Atlas Liniers,"Av. Rivadavia 11177, Liniers",Verity. La sombra de un engaño,2D Doblada,16:30,,,,https://cartelera.ar/pelicula/verity-la-sombra-de-un-engano
CABA,Atlas Cines,Atlas Liniers,"Av. Rivadavia 11177, Liniers",Verity. La sombra de un engaño,2D Doblada,19:00,,,,https://cartelera.ar/pelicula/verity-la-sombra-de-un-engano
CABA,Atlas Cines,Atlas Liniers,"Av. Rivadavia 11177, Liniers",Verity. La sombra de un engaño,2D Doblada,21:30,,,,https://cartelera.ar/pelicula/verity-la-sombra-de-un-engano
CABA,Atlas Cines,Atlas Liniers,"Av. Rivadavia 11177, Liniers",Vértigo 2,2D Doblada,22:10,,,,https://cartelera.ar/pelicula/vertigo-2
CABA,Atlas Cines,Atlas Liniers,"Av. Rivadavia 11177, Liniers",Guardianes Del Museo 2,2D Doblada,14:00,,,,https://cartelera.ar/pelicula/guardianes-del-museo-2
CABA,Atlas Cines,Atlas Liniers,"Av. Rivadavia 11177, Liniers",Guardianes Del Museo 2,2D Doblada,16:00,,,,https://cartelera.ar/pelicula/guardianes-del-museo-2
CABA,Atlas Cines,Atlas Liniers,"Av. Rivadavia 11177, Liniers",Guardianes Del Museo 2,2D Doblada,18:10,,,,https://cartelera.ar/pelicula/guardianes-del-museo-2
CABA,Showcase,Showcase Belgrano,"Monroe 1655, Belgrano",Avengers: Endgame,2D Doblada,14:55,,,,https://cartelera.ar/pelicula/vengadores-endgame
CABA,Showcase,Showcase Belgrano,"Monroe 1655, Belgrano",Avengers: Endgame,2D Subtitulada,18:40,,,,https://cartelera.ar/pelicula/vengadores-endgame
CABA,Showcase,Showcase Belgrano,"Monroe 1655, Belgrano",Avengers: Endgame,2D Subtitulada,22:20,,,,https://cartelera.ar/pelicula/vengadores-endgame
CABA,Showcase,Showcase Belgrano,"Monroe 1655, Belgrano",El corazón de la bestia,2D Subtitulada,17:00,,,,https://cartelera.ar/pelicula/el-corazon-de-la-bestia
CABA,Showcase,Showcase Belgrano,"Monroe 1655, Belgrano",El corazón de la bestia,2D Subtitulada,19:20,,,,https://cartelera.ar/pelicula/el-corazon-de-la-bestia
CABA,Showcase,Showcase Belgrano,"Monroe 1655, Belgrano",El corazón de la bestia,2D Subtitulada,22:00,,,,https://cartelera.ar/pelicula/el-corazon-de-la-bestia
CABA,Showcase,Showcase Belgrano,"Monroe 1655, Belgrano",La invitación,2D Subtitulada,22:40,,,,https://cartelera.ar/pelicula/la-invitacion
CABA,Showcase,Showcase Belgrano,"Monroe 1655, Belgrano",La Odisea,2D Subtitulada,19:00,,,,https://cartelera.ar/pelicula/la-odisea
CABA,Showcase,Showcase Belgrano,"Monroe 1655, Belgrano",Spider-Man: Un nuevo día,2D Doblada,14:00,,,,https://cartelera.ar/pelicula/spider-man-un-nuevo-dia
CABA,Showcase,Showcase Belgrano,"Monroe 1655, Belgrano",Spider-Man: Un nuevo día,2D Subtitulada,16:25,,,,https://cartelera.ar/pelicula/spider-man-un-nuevo-dia
CABA,Showcase,Showcase Belgrano,"Monroe 1655, Belgrano",Resident Evil: Noche Cero,2D Subtitulada,15:20,,,,https://cartelera.ar/pelicula/resident-evil-noche-cero
CABA,Showcase,Showcase Belgrano,"Monroe 1655, Belgrano",Resident Evil: Noche Cero,2D Subtitulada,17:45,,,,https://cartelera.ar/pelicula/resident-evil-noche-cero
CABA,Showcase,Showcase Belgrano,"Monroe 1655, Belgrano",Resident Evil: Noche Cero,2D Subtitulada,19:55,,,,https://cartelera.ar/pelicula/resident-evil-noche-cero
CABA,Showcase,Showcase Belgrano,"Monroe 1655, Belgrano",Resident Evil: Noche Cero,2D Subtitulada,22:10,,,,https://cartelera.ar/pelicula/resident-evil-noche-cero
CABA,Showcase,Showcase Belgrano,"Monroe 1655, Belgrano",La isla olvidada,2D Doblada,14:05,,,,https://cartelera.ar/pelicula/la-isla-olvidada
CABA,Showcase,Showcase Belgrano,"Monroe 1655, Belgrano",La isla olvidada,2D Doblada,16:30,,,,https://cartelera.ar/pelicula/la-isla-olvidada
CABA,Showcase,Showcase Belgrano,"Monroe 1655, Belgrano",Digger,2D Subtitulada,14:20,,,,https://cartelera.ar/pelicula/digger
CABA,Showcase,Showcase Belgrano,"Monroe 1655, Belgrano",Digger,2D Subtitulada,17:05,,,,https://cartelera.ar/pelicula/digger
CABA,Showcase,Showcase Belgrano,"Monroe 1655, Belgrano",Digger,2D Subtitulada,19:50,,,,https://cartelera.ar/pelicula/digger
CABA,Showcase,Showcase Belgrano,"Monroe 1655, Belgrano",Digger,2D Subtitulada,22:15,,,,https://cartelera.ar/pelicula/digger
CABA,Showcase,Showcase Belgrano,"Monroe 1655, Belgrano",Digger,2D Subtitulada,22:35,,,,https://cartelera.ar/pelicula/digger
CABA,Showcase,Showcase Belgrano,"Monroe 1655, Belgrano",Coyote vs. Acme,2D Doblada,14:35,,,,https://cartelera.ar/pelicula/coyote-vs-acme
CABA,Showcase,Showcase Belgrano,"Monroe 1655, Belgrano",Coyote vs. Acme,2D Doblada,16:55,,,,https://cartelera.ar/pelicula/coyote-vs-acme
CABA,Showcase,Showcase Belgrano,"Monroe 1655, Belgrano",Verity. La sombra de un engaño,2D Subtitulada,14:30,,,,https://cartelera.ar/pelicula/verity-la-sombra-de-un-engano
CABA,Showcase,Showcase Belgrano,"Monroe 1655, Belgrano",Verity. La sombra de un engaño,2D Subtitulada,17:10,,,,https://cartelera.ar/pelicula/verity-la-sombra-de-un-engano
CABA,Showcase,Showcase Belgrano,"Monroe 1655, Belgrano",Verity. La sombra de un engaño,2D Subtitulada,19:25,,,,https://cartelera.ar/pelicula/verity-la-sombra-de-un-engano
CABA,Showcase,Showcase Belgrano,"Monroe 1655, Belgrano",Verity. La sombra de un engaño,2D Subtitulada,19:45,,,,https://cartelera.ar/pelicula/verity-la-sombra-de-un-engano
CABA,Showcase,Showcase Belgrano,"Monroe 1655, Belgrano",Verity. La sombra de un engaño,2D Subtitulada,22:05,,,,https://cartelera.ar/pelicula/verity-la-sombra-de-un-engano
CABA,Showcase,Showcase Belgrano,"Monroe 1655, Belgrano",Verity. La sombra de un engaño,2D Subtitulada,22:25,,,,https://cartelera.ar/pelicula/verity-la-sombra-de-un-engano
CABA,Showcase,Showcase Belgrano,"Monroe 1655, Belgrano",Queen Budapest,2D Subtitulada,20:00,,,,https://cartelera.ar/pelicula/queen-budapest
CABA,Showcase,Showcase Belgrano,"Monroe 1655, Belgrano",Vértigo 2,2D Subtitulada,14:15,,,,https://cartelera.ar/pelicula/vertigo-2
CABA,Showcase,Showcase Belgrano,"Monroe 1655, Belgrano",Vértigo 2,2D Subtitulada,22:30,,,,https://cartelera.ar/pelicula/vertigo-2
CABA,Showcase,Showcase Belgrano,"Monroe 1655, Belgrano",Escondida en mi cabeza,2D Doblada,14:25,,,,https://cartelera.ar/pelicula/escondida-en-mi-cabeza
CABA,Showcase,Showcase Belgrano,"Monroe 1655, Belgrano",Escondida en mi cabeza,2D Doblada,16:50,,,,https://cartelera.ar/pelicula/escondida-en-mi-cabeza
CABA,Showcase,Showcase Belgrano,"Monroe 1655, Belgrano",Escondida en mi cabeza,2D Doblada,19:15,,,,https://cartelera.ar/pelicula/escondida-en-mi-cabeza
CABA,Showcase,Showcase Belgrano,"Monroe 1655, Belgrano",Escondida en mi cabeza,2D Doblada,21:55,,,,https://cartelera.ar/pelicula/escondida-en-mi-cabeza
CABA,Showcase,Showcase Belgrano,"Monroe 1655, Belgrano",Hangar rojo,2D Doblada,20:35,,,,https://cartelera.ar/pelicula/hangar-rojo
CABA,Showcase,Showcase Belgrano,"Monroe 1655, Belgrano",Guardianes Del Museo 2,2D Doblada,14:10,,,,https://cartelera.ar/pelicula/guardianes-del-museo-2
CABA,Showcase,Showcase Belgrano,"Monroe 1655, Belgrano",Guardianes Del Museo 2,2D Doblada,16:20,,,,https://cartelera.ar/pelicula/guardianes-del-museo-2
CABA,Showcase,Showcase Belgrano,"Monroe 1655, Belgrano",Guardianes Del Museo 2,2D Doblada,18:30,,,,https://cartelera.ar/pelicula/guardianes-del-museo-2
GBA Norte,Showcase,IMAX Showcase Norte,"Av. Ricardo Balbín 2550, Shopping Norcenter",Digger,IMAX Subtitulada,14:00,,,,https://cartelera.ar/pelicula/digger
GBA Norte,Showcase,IMAX Showcase Norte,"Av. Ricardo Balbín 2550, Shopping Norcenter",Digger,IMAX Subtitulada,16:50,,,,https://cartelera.ar/pelicula/digger
GBA Norte,Showcase,IMAX Showcase Norte,"Av. Ricardo Balbín 2550, Shopping Norcenter",Digger,IMAX Subtitulada,22:30,,,,https://cartelera.ar/pelicula/digger
GBA Norte,Showcase,IMAX Showcase Norte,"Av. Ricardo Balbín 2550, Shopping Norcenter",Queen Budapest,IMAX Subtitulada,20:00,,,,https://cartelera.ar/pelicula/queen-budapest
GBA Oeste,Showcase,Showcase Haedo,"Av. Rivadavia 16.200, Shopping Haedo",Avengers: Endgame,3D Doblada,15:00,,,,https://cartelera.ar/pelicula/vengadores-endgame
GBA Oeste,Showcase,Showcase Haedo,"Av. Rivadavia 16.200, Shopping Haedo",Avengers: Endgame,3D Doblada,18:45,,,,https://cartelera.ar/pelicula/vengadores-endgame
GBA Oeste,Showcase,Showcase Haedo,"Av. Rivadavia 16.200, Shopping Haedo",Avengers: Endgame,2D Doblada,21:45,,,,https://cartelera.ar/pelicula/vengadores-endgame
GBA Oeste,Showcase,Showcase Haedo,"Av. Rivadavia 16.200, Shopping Haedo",Avengers: Endgame,2D Subtitulada,22:30,,,,https://cartelera.ar/pelicula/vengadores-endgame
GBA Oeste,Showcase,Showcase Haedo,"Av. Rivadavia 16.200, Shopping Haedo",El corazón de la bestia,2D Doblada,14:35,,,,https://cartelera.ar/pelicula/el-corazon-de-la-bestia
GBA Oeste,Showcase,Showcase Haedo,"Av. Rivadavia 16.200, Shopping Haedo",El corazón de la bestia,2D Subtitulada,17:00,,,,https://cartelera.ar/pelicula/el-corazon-de-la-bestia
GBA Oeste,Showcase,Showcase Haedo,"Av. Rivadavia 16.200, Shopping Haedo",El corazón de la bestia,2D Doblada,19:25,,,,https://cartelera.ar/pelicula/el-corazon-de-la-bestia
GBA Oeste,Showcase,Showcase Haedo,"Av. Rivadavia 16.200, Shopping Haedo",El corazón de la bestia,2D Subtitulada,21:55,,,,https://cartelera.ar/pelicula/el-corazon-de-la-bestia
GBA Oeste,Showcase,Showcase Haedo,"Av. Rivadavia 16.200, Shopping Haedo",La Odisea,2D Doblada,14:55,,,,https://cartelera.ar/pelicula/la-odisea
GBA Oeste,Showcase,Showcase Haedo,"Av. Rivadavia 16.200, Shopping Haedo",La Odisea,2D Subtitulada,18:50,,,,https://cartelera.ar/pelicula/la-odisea
GBA Oeste,Showcase,Showcase Haedo,"Av. Rivadavia 16.200, Shopping Haedo",La Odisea,2D Subtitulada,21:40,,,,https://cartelera.ar/pelicula/la-odisea
GBA Oeste,Showcase,Showcase Haedo,"Av. Rivadavia 16.200, Shopping Haedo",Spider-Man: Un nuevo día,2D Doblada,14:15,,,,https://cartelera.ar/pelicula/spider-man-un-nuevo-dia
GBA Oeste,Showcase,Showcase Haedo,"Av. Rivadavia 16.200, Shopping Haedo",Spider-Man: Un nuevo día,2D Doblada,16:00,,,,https://cartelera.ar/pelicula/spider-man-un-nuevo-dia
GBA Oeste,Showcase,Showcase Haedo,"Av. Rivadavia 16.200, Shopping Haedo",Spider-Man: Un nuevo día,2D Doblada,19:00,,,,https://cartelera.ar/pelicula/spider-man-un-nuevo-dia
GBA Oeste,Showcase,Showcase Haedo,"Av. Rivadavia 16.200, Shopping Haedo",Spider-Man: Un nuevo día,2D Doblada,22:10,,,,https://cartelera.ar/pelicula/spider-man-un-nuevo-dia
GBA Oeste,Showcase,Showcase Haedo,"Av. Rivadavia 16.200, Shopping Haedo",Toy Story 5,2D Doblada,15:05,,,,https://cartelera.ar/pelicula/toy-story-5
GBA Oeste,Showcase,Showcase Haedo,"Av. Rivadavia 16.200, Shopping Haedo",Toy Story 5,2D Doblada,17:35,,,,https://cartelera.ar/pelicula/toy-story-5
GBA Oeste,Showcase,Showcase Haedo,"Av. Rivadavia 16.200, Shopping Haedo",La noche del demonio: Están entre nosotros,2D Doblada,19:15,,,,https://cartelera.ar/pelicula/la-noche-del-demonio-estan-entre-nosotros
GBA Oeste,Showcase,Showcase Haedo,"Av. Rivadavia 16.200, Shopping Haedo",La noche del demonio: Están entre nosotros,2D Doblada,22:25,,,,https://cartelera.ar/pelicula/la-noche-del-demonio-estan-entre-nosotros
GBA Oeste,Showcase,Showcase Haedo,"Av. Rivadavia 16.200, Shopping Haedo",Resident Evil: Noche Cero,2D Doblada,14:45,,,,https://cartelera.ar/pelicula/resident-evil-noche-cero
GBA Oeste,Showcase,Showcase Haedo,"Av. Rivadavia 16.200, Shopping Haedo",Resident Evil: Noche Cero,2D Doblada,17:25,,,,https://cartelera.ar/pelicula/resident-evil-noche-cero
GBA Oeste,Showcase,Showcase Haedo,"Av. Rivadavia 16.200, Shopping Haedo",Resident Evil: Noche Cero,2D Doblada,19:40,,,,https://cartelera.ar/pelicula/resident-evil-noche-cero
GBA Oeste,Showcase,Showcase Haedo,"Av. Rivadavia 16.200, Shopping Haedo",Resident Evil: Noche Cero,2D Subtitulada,20:20,,,,https://cartelera.ar/pelicula/resident-evil-noche-cero
GBA Oeste,Showcase,Showcase Haedo,"Av. Rivadavia 16.200, Shopping Haedo",Resident Evil: Noche Cero,2D Doblada,22:05,,,,https://cartelera.ar/pelicula/resident-evil-noche-cero
GBA Oeste,Showcase,Showcase Haedo,"Av. Rivadavia 16.200, Shopping Haedo",Resident Evil: Noche Cero,2D Subtitulada,22:40,,,,https://cartelera.ar/pelicula/resident-evil-noche-cero
GBA Oeste,Showcase,Showcase Haedo,"Av. Rivadavia 16.200, Shopping Haedo",La isla olvidada,2D Doblada,14:50,,,,https://cartelera.ar/pelicula/la-isla-olvidada
GBA Oeste,Showcase,Showcase Haedo,"Av. Rivadavia 16.200, Shopping Haedo",La isla olvidada,2D Doblada,17:30,,,,https://cartelera.ar/pelicula/la-isla-olvidada
GBA Oeste,Showcase,Showcase Haedo,"Av. Rivadavia 16.200, Shopping Haedo",Digger,2D Subtitulada,14:20,,,,https://cartelera.ar/pelicula/digger
GBA Oeste,Showcase,Showcase Haedo,"Av. Rivadavia 16.200, Shopping Haedo",Digger,2D Subtitulada,17:05,,,,https://cartelera.ar/pelicula/digger
GBA Oeste,Showcase,Showcase Haedo,"Av. Rivadavia 16.200, Shopping Haedo",Digger,2D Subtitulada,19:50,,,,https://cartelera.ar/pelicula/digger
GBA Oeste,Showcase,Showcase Haedo,"Av. Rivadavia 16.200, Shopping Haedo",Digger,2D Subtitulada,22:35,,,,https://cartelera.ar/pelicula/digger
GBA Oeste,Showcase,Showcase Haedo,"Av. Rivadavia 16.200, Shopping Haedo",Coyote vs. Acme,2D Doblada,14:10,,,,https://cartelera.ar/pelicula/coyote-vs-acme
GBA Oeste,Showcase,Showcase Haedo,"Av. Rivadavia 16.200, Shopping Haedo",Coyote vs. Acme,2D Doblada,16:45,,,,https://cartelera.ar/pelicula/coyote-vs-acme
GBA Oeste,Showcase,Showcase Haedo,"Av. Rivadavia 16.200, Shopping Haedo",Coyote vs. Acme,2D Doblada,19:10,,,,https://cartelera.ar/pelicula/coyote-vs-acme
GBA Oeste,Showcase,Showcase Haedo,"Av. Rivadavia 16.200, Shopping Haedo",Coyote vs. Acme,2D Doblada,21:50,,,,https://cartelera.ar/pelicula/coyote-vs-acme
GBA Oeste,Showcase,Showcase Haedo,"Av. Rivadavia 16.200, Shopping Haedo",Yo Narciso,2D Doblada,22:20,,,,https://cartelera.ar/pelicula/yo-narciso
GBA Oeste,Showcase,Showcase Haedo,"Av. Rivadavia 16.200, Shopping Haedo",Verity. La sombra de un engaño,2D Subtitulada,14:30,,,,https://cartelera.ar/pelicula/verity-la-sombra-de-un-engano
GBA Oeste,Showcase,Showcase Haedo,"Av. Rivadavia 16.200, Shopping Haedo",Verity. La sombra de un engaño,2D Subtitulada,17:10,,,,https://cartelera.ar/pelicula/verity-la-sombra-de-un-engano
GBA Oeste,Showcase,Showcase Haedo,"Av. Rivadavia 16.200, Shopping Haedo",Verity. La sombra de un engaño,2D Subtitulada,19:45,,,,https://cartelera.ar/pelicula/verity-la-sombra-de-un-engano
GBA Oeste,Showcase,Showcase Haedo,"Av. Rivadavia 16.200, Shopping Haedo",Verity. La sombra de un engaño,2D Subtitulada,22:25,,,,https://cartelera.ar/pelicula/verity-la-sombra-de-un-engano
GBA Oeste,Showcase,Showcase Haedo,"Av. Rivadavia 16.200, Shopping Haedo",Queen Budapest,2D Subtitulada,20:00,,,,https://cartelera.ar/pelicula/queen-budapest
GBA Oeste,Showcase,Showcase Haedo,"Av. Rivadavia 16.200, Shopping Haedo",Vértigo 2,2D Doblada,16:50,,,,https://cartelera.ar/pelicula/vertigo-2
GBA Oeste,Showcase,Showcase Haedo,"Av. Rivadavia 16.200, Shopping Haedo",Vértigo 2,2D Doblada,19:55,,,,https://cartelera.ar/pelicula/vertigo-2
GBA Oeste,Showcase,Showcase Haedo,"Av. Rivadavia 16.200, Shopping Haedo",Vértigo 2,2D Subtitulada,22:15,,,,https://cartelera.ar/pelicula/vertigo-2
GBA Oeste,Showcase,Showcase Haedo,"Av. Rivadavia 16.200, Shopping Haedo",Escondida en mi cabeza,2D Doblada,14:40,,,,https://cartelera.ar/pelicula/escondida-en-mi-cabeza
GBA Oeste,Showcase,Showcase Haedo,"Av. Rivadavia 16.200, Shopping Haedo",Escondida en mi cabeza,2D Doblada,16:55,,,,https://cartelera.ar/pelicula/escondida-en-mi-cabeza
GBA Oeste,Showcase,Showcase Haedo,"Av. Rivadavia 16.200, Shopping Haedo",Escondida en mi cabeza,2D Doblada,19:35,,,,https://cartelera.ar/pelicula/escondida-en-mi-cabeza
GBA Oeste,Showcase,Showcase Haedo,"Av. Rivadavia 16.200, Shopping Haedo",Escondida en mi cabeza,2D Doblada,22:00,,,,https://cartelera.ar/pelicula/escondida-en-mi-cabeza
GBA Oeste,Showcase,Showcase Haedo,"Av. Rivadavia 16.200, Shopping Haedo",Relajadas y muy peligrosas,2D Doblada,14:25,,,,https://cartelera.ar/pelicula/relajadas-y-muy-peligrosas
GBA Oeste,Showcase,Showcase Haedo,"Av. Rivadavia 16.200, Shopping Haedo",Relajadas y muy peligrosas,2D Doblada,19:20,,,,https://cartelera.ar/pelicula/relajadas-y-muy-peligrosas
GBA Oeste,Showcase,Showcase Haedo,"Av. Rivadavia 16.200, Shopping Haedo",Guardianes Del Museo 2,2D Doblada,14:00,,,,https://cartelera.ar/pelicula/guardianes-del-museo-2
GBA Oeste,Showcase,Showcase Haedo,"Av. Rivadavia 16.200, Shopping Haedo",Guardianes Del Museo 2,2D Doblada,16:05,,,,https://cartelera.ar/pelicula/guardianes-del-museo-2
GBA Oeste,Showcase,Showcase Haedo,"Av. Rivadavia 16.200, Shopping Haedo",Guardianes Del Museo 2,2D Doblada,18:10,,,,https://cartelera.ar/pelicula/guardianes-del-museo-2
CABA,Atlas Cines,Atlas Alcorta,"Jerónimo Salguero 3172, Alcorta Shopping",La isla olvidada,2D Doblada,15:30,,,,https://cartelera.ar/pelicula/la-isla-olvidada
CABA,Atlas Cines,Atlas Alcorta,"Jerónimo Salguero 3172, Alcorta Shopping",Digger,2D Subtitulada,16:20,,,,https://cartelera.ar/pelicula/digger
CABA,Atlas Cines,Atlas Alcorta,"Jerónimo Salguero 3172, Alcorta Shopping",Digger,2D Subtitulada,19:00,,,,https://cartelera.ar/pelicula/digger
CABA,Atlas Cines,Atlas Alcorta,"Jerónimo Salguero 3172, Alcorta Shopping",Digger,2D Subtitulada,21:40,,,,https://cartelera.ar/pelicula/digger
CABA,Atlas Cines,Atlas Alcorta,"Jerónimo Salguero 3172, Alcorta Shopping",Verity. La sombra de un engaño,2D Subtitulada,20:00,,,,https://cartelera.ar/pelicula/verity-la-sombra-de-un-engano
CABA,Atlas Cines,Atlas Alcorta,"Jerónimo Salguero 3172, Alcorta Shopping",Verity. La sombra de un engaño,2D Subtitulada,22:30,,,,https://cartelera.ar/pelicula/verity-la-sombra-de-un-engano
CABA,Atlas Cines,Atlas Alcorta,"Jerónimo Salguero 3172, Alcorta Shopping",Guardianes Del Museo 2,2D Doblada,14:10,,,,https://cartelera.ar/pelicula/guardianes-del-museo-2
CABA,Atlas Cines,Atlas Alcorta,"Jerónimo Salguero 3172, Alcorta Shopping",Guardianes Del Museo 2,2D Doblada,17:50,,,,https://cartelera.ar/pelicula/guardianes-del-museo-2
GBA Sur,Showcase,Showcase Quilmes,"Av. Calchaquí 3950, Quilmes Factory",Avengers: Endgame,3D Doblada,16:00,,,,https://cartelera.ar/pelicula/vengadores-endgame
GBA Sur,Showcase,Showcase Quilmes,"Av. Calchaquí 3950, Quilmes Factory",Avengers: Endgame,2D Doblada,18:45,,,,https://cartelera.ar/pelicula/vengadores-endgame
GBA Sur,Showcase,Showcase Quilmes,"Av. Calchaquí 3950, Quilmes Factory",Avengers: Endgame,2D Subtitulada,22:30,,,,https://cartelera.ar/pelicula/vengadores-endgame
GBA Sur,Showcase,Showcase Quilmes,"Av. Calchaquí 3950, Quilmes Factory",El corazón de la bestia,2D Doblada,14:45,,,,https://cartelera.ar/pelicula/el-corazon-de-la-bestia
GBA Sur,Showcase,Showcase Quilmes,"Av. Calchaquí 3950, Quilmes Factory",El corazón de la bestia,2D Subtitulada,17:00,,,,https://cartelera.ar/pelicula/el-corazon-de-la-bestia
GBA Sur,Showcase,Showcase Quilmes,"Av. Calchaquí 3950, Quilmes Factory",El corazón de la bestia,2D Subtitulada,22:00,,,,https://cartelera.ar/pelicula/el-corazon-de-la-bestia
GBA Sur,Showcase,Showcase Quilmes,"Av. Calchaquí 3950, Quilmes Factory",La Odisea,2D Subtitulada,21:50,,,,https://cartelera.ar/pelicula/la-odisea
GBA Sur,Showcase,Showcase Quilmes,"Av. Calchaquí 3950, Quilmes Factory",Spider-Man: Un nuevo día,2D Doblada,19:20,,,,https://cartelera.ar/pelicula/spider-man-un-nuevo-dia
GBA Sur,Showcase,Showcase Quilmes,"Av. Calchaquí 3950, Quilmes Factory",Resident Evil: Noche Cero,2D Doblada,15:30,,,,https://cartelera.ar/pelicula/resident-evil-noche-cero
GBA Sur,Showcase,Showcase Quilmes,"Av. Calchaquí 3950, Quilmes Factory",Resident Evil: Noche Cero,2D Subtitulada,17:45,,,,https://cartelera.ar/pelicula/resident-evil-noche-cero
GBA Sur,Showcase,Showcase Quilmes,"Av. Calchaquí 3950, Quilmes Factory",Resident Evil: Noche Cero,2D Doblada,19:55,,,,https://cartelera.ar/pelicula/resident-evil-noche-cero
GBA Sur,Showcase,Showcase Quilmes,"Av. Calchaquí 3950, Quilmes Factory",Resident Evil: Noche Cero,2D Subtitulada,22:10,,,,https://cartelera.ar/pelicula/resident-evil-noche-cero
GBA Sur,Showcase,Showcase Quilmes,"Av. Calchaquí 3950, Quilmes Factory",La isla olvidada,2D Doblada,15:15,,,,https://cartelera.ar/pelicula/la-isla-olvidada
GBA Sur,Showcase,Showcase Quilmes,"Av. Calchaquí 3950, Quilmes Factory",La isla olvidada,2D Doblada,17:40,,,,https://cartelera.ar/pelicula/la-isla-olvidada
GBA Sur,Showcase,Showcase Quilmes,"Av. Calchaquí 3950, Quilmes Factory",Digger,2D Doblada,14:20,,,,https://cartelera.ar/pelicula/digger
GBA Sur,Showcase,Showcase Quilmes,"Av. Calchaquí 3950, Quilmes Factory",Digger,2D Subtitulada,17:05,,,,https://cartelera.ar/pelicula/digger
GBA Sur,Showcase,Showcase Quilmes,"Av. Calchaquí 3950, Quilmes Factory",Digger,2D Subtitulada,19:50,,,,https://cartelera.ar/pelicula/digger
GBA Sur,Showcase,Showcase Quilmes,"Av. Calchaquí 3950, Quilmes Factory",Digger,2D Subtitulada,22:35,,,,https://cartelera.ar/pelicula/digger
GBA Sur,Showcase,Showcase Quilmes,"Av. Calchaquí 3950, Quilmes Factory",Coyote vs. Acme,2D Doblada,14:40,,,,https://cartelera.ar/pelicula/coyote-vs-acme
GBA Sur,Showcase,Showcase Quilmes,"Av. Calchaquí 3950, Quilmes Factory",Coyote vs. Acme,2D Doblada,17:10,,,,https://cartelera.ar/pelicula/coyote-vs-acme
GBA Sur,Showcase,Showcase Quilmes,"Av. Calchaquí 3950, Quilmes Factory",Verity. La sombra de un engaño,2D Doblada,14:10,,,,https://cartelera.ar/pelicula/verity-la-sombra-de-un-engano
GBA Sur,Showcase,Showcase Quilmes,"Av. Calchaquí 3950, Quilmes Factory",Verity. La sombra de un engaño,2D Subtitulada,16:50,,,,https://cartelera.ar/pelicula/verity-la-sombra-de-un-engano
GBA Sur,Showcase,Showcase Quilmes,"Av. Calchaquí 3950, Quilmes Factory",Verity. La sombra de un engaño,2D Subtitulada,19:45,,,,https://cartelera.ar/pelicula/verity-la-sombra-de-un-engano
GBA Sur,Showcase,Showcase Quilmes,"Av. Calchaquí 3950, Quilmes Factory",Verity. La sombra de un engaño,2D Subtitulada,22:25,,,,https://cartelera.ar/pelicula/verity-la-sombra-de-un-engano
GBA Sur,Showcase,Showcase Quilmes,"Av. Calchaquí 3950, Quilmes Factory",Queen Budapest,2D Subtitulada,20:00,,,,https://cartelera.ar/pelicula/queen-budapest
GBA Sur,Showcase,Showcase Quilmes,"Av. Calchaquí 3950, Quilmes Factory",Vértigo 2,2D Doblada,19:35,,,,https://cartelera.ar/pelicula/vertigo-2
GBA Sur,Showcase,Showcase Quilmes,"Av. Calchaquí 3950, Quilmes Factory",Vértigo 2,2D Subtitulada,22:20,,,,https://cartelera.ar/pelicula/vertigo-2
GBA Sur,Showcase,Showcase Quilmes,"Av. Calchaquí 3950, Quilmes Factory",Escondida en mi cabeza,2D Doblada,20:05,,,,https://cartelera.ar/pelicula/escondida-en-mi-cabeza
GBA Sur,Showcase,Showcase Quilmes,"Av. Calchaquí 3950, Quilmes Factory",Escondida en mi cabeza,2D Doblada,22:15,,,,https://cartelera.ar/pelicula/escondida-en-mi-cabeza
GBA Sur,Showcase,Showcase Quilmes,"Av. Calchaquí 3950, Quilmes Factory",Guardianes Del Museo 2,2D Doblada,14:30,,,,https://cartelera.ar/pelicula/guardianes-del-museo-2
GBA Sur,Showcase,Showcase Quilmes,"Av. Calchaquí 3950, Quilmes Factory",Guardianes Del Museo 2,2D Doblada,16:40,,,,https://cartelera.ar/pelicula/guardianes-del-museo-2
GBA Norte,Atlas Cines,Atlas Nordelta,"Av. de los Lagos 7008, Nordelta Centro Comercial",Avengers: Endgame,2D Doblada,19:10,,,,https://cartelera.ar/pelicula/vengadores-endgame
GBA Norte,Atlas Cines,Atlas Nordelta,"Av. de los Lagos 7008, Nordelta Centro Comercial",El corazón de la bestia,2D Subtitulada,19:30,,,,https://cartelera.ar/pelicula/el-corazon-de-la-bestia
GBA Norte,Atlas Cines,Atlas Nordelta,"Av. de los Lagos 7008, Nordelta Centro Comercial",El corazón de la bestia,2D Subtitulada,22:20,,,,https://cartelera.ar/pelicula/el-corazon-de-la-bestia
GBA Norte,Atlas Cines,Atlas Nordelta,"Av. de los Lagos 7008, Nordelta Centro Comercial",La Odisea,2D Subtitulada,21:50,,,,https://cartelera.ar/pelicula/la-odisea
GBA Norte,Atlas Cines,Atlas Nordelta,"Av. de los Lagos 7008, Nordelta Centro Comercial",Resident Evil: Noche Cero,2D Doblada,17:30,,,,https://cartelera.ar/pelicula/resident-evil-noche-cero
GBA Norte,Atlas Cines,Atlas Nordelta,"Av. de los Lagos 7008, Nordelta Centro Comercial",La isla olvidada,2D Doblada,15:30,,,,https://cartelera.ar/pelicula/la-isla-olvidada
GBA Norte,Atlas Cines,Atlas Nordelta,"Av. de los Lagos 7008, Nordelta Centro Comercial",Digger,2D Subtitulada,14:20,,,,https://cartelera.ar/pelicula/digger
GBA Norte,Atlas Cines,Atlas Nordelta,"Av. de los Lagos 7008, Nordelta Centro Comercial",Digger,2D Subtitulada,17:00,,,,https://cartelera.ar/pelicula/digger
GBA Norte,Atlas Cines,Atlas Nordelta,"Av. de los Lagos 7008, Nordelta Centro Comercial",Digger,2D Subtitulada,19:40,,,,https://cartelera.ar/pelicula/digger
GBA Norte,Atlas Cines,Atlas Nordelta,"Av. de los Lagos 7008, Nordelta Centro Comercial",Digger,2D Subtitulada,22:20,,,,https://cartelera.ar/pelicula/digger
GBA Norte,Atlas Cines,Atlas Nordelta,"Av. de los Lagos 7008, Nordelta Centro Comercial",Verity. La sombra de un engaño,2D Doblada,17:40,,,,https://cartelera.ar/pelicula/verity-la-sombra-de-un-engano
GBA Norte,Atlas Cines,Atlas Nordelta,"Av. de los Lagos 7008, Nordelta Centro Comercial",Verity. La sombra de un engaño,2D Subtitulada,20:10,,,,https://cartelera.ar/pelicula/verity-la-sombra-de-un-engano
GBA Norte,Atlas Cines,Atlas Nordelta,"Av. de los Lagos 7008, Nordelta Centro Comercial",Verity. La sombra de un engaño,2D Subtitulada,22:40,,,,https://cartelera.ar/pelicula/verity-la-sombra-de-un-engano
GBA Norte,Atlas Cines,Atlas Nordelta,"Av. de los Lagos 7008, Nordelta Centro Comercial",Escondida en mi cabeza,2D Doblada,22:50,,,,https://cartelera.ar/pelicula/escondida-en-mi-cabeza
GBA Norte,Atlas Cines,Atlas Nordelta,"Av. de los Lagos 7008, Nordelta Centro Comercial",Relajadas y muy peligrosas,2D Subtitulada,20:10,,,,https://cartelera.ar/pelicula/relajadas-y-muy-peligrosas
GBA Norte,Atlas Cines,Atlas Nordelta,"Av. de los Lagos 7008, Nordelta Centro Comercial",Guardianes Del Museo 2,2D Doblada,15:20,,,,https://cartelera.ar/pelicula/guardianes-del-museo-2
GBA Norte,Atlas Cines,Atlas Nordelta,"Av. de los Lagos 7008, Nordelta Centro Comercial",Guardianes Del Museo 2,2D Doblada,16:10,,,,https://cartelera.ar/pelicula/guardianes-del-museo-2
GBA Norte,Atlas Cines,Atlas Nordelta,"Av. de los Lagos 7008, Nordelta Centro Comercial",Guardianes Del Museo 2,2D Doblada,18:10,,,,https://cartelera.ar/pelicula/guardianes-del-museo-2
GBA Norte,Atlas Cines,Atlas Nordelta,"Av. de los Lagos 7008, Nordelta Centro Comercial",Cuentos Del Jardin Magico,2D Doblada,14:30,,,,https://cartelera.ar/pelicula/cuentos-del-jardin-magico
GBA Norte,Atlas Cines,Atlas Nordelta,"Av. de los Lagos 7008, Nordelta Centro Comercial",Cuentos Del Jardin Magico,2D Doblada,15:40,,,,https://cartelera.ar/pelicula/cuentos-del-jardin-magico
GBA Norte,Atlas Cines,Atlas Nordelta,"Av. de los Lagos 7008, Nordelta Centro Comercial",Cuentos Del Jardin Magico,2D Doblada,17:20,,,,https://cartelera.ar/pelicula/cuentos-del-jardin-magico
CABA,Atlas Cines,Atlas Patio Bullrich,"Av. del Libertador 750, Patio Bullrich",Los Colores Del Tiempo,2D Subtitulada,18:30,,,,https://cartelera.ar/pelicula/los-colores-del-tiempo
CABA,Atlas Cines,Atlas Patio Bullrich,"Av. del Libertador 750, Patio Bullrich",El corazón de la bestia,2D Subtitulada,21:00,,,,https://cartelera.ar/pelicula/el-corazon-de-la-bestia
CABA,Atlas Cines,Atlas Patio Bullrich,"Av. del Libertador 750, Patio Bullrich",Digger,2D Subtitulada,16:00,,,,https://cartelera.ar/pelicula/digger
CABA,Atlas Cines,Atlas Patio Bullrich,"Av. del Libertador 750, Patio Bullrich",Digger,2D Subtitulada,18:40,,,,https://cartelera.ar/pelicula/digger
CABA,Atlas Cines,Atlas Patio Bullrich,"Av. del Libertador 750, Patio Bullrich",Digger,2D Subtitulada,21:20,,,,https://cartelera.ar/pelicula/digger
CABA,Atlas Cines,Atlas Patio Bullrich,"Av. del Libertador 750, Patio Bullrich",Verity. La sombra de un engaño,2D Subtitulada,16:40,,,,https://cartelera.ar/pelicula/verity-la-sombra-de-un-engano
CABA,Atlas Cines,Atlas Patio Bullrich,"Av. del Libertador 750, Patio Bullrich",Verity. La sombra de un engaño,2D Subtitulada,19:10,,,,https://cartelera.ar/pelicula/verity-la-sombra-de-un-engano
CABA,Atlas Cines,Atlas Patio Bullrich,"Av. del Libertador 750, Patio Bullrich",Verity. La sombra de un engaño,2D Subtitulada,21:40,,,,https://cartelera.ar/pelicula/verity-la-sombra-de-un-engano
CABA,Atlas Cines,Atlas Patio Bullrich,"Av. del Libertador 750, Patio Bullrich",Tres adioses,2D Subtitulada,16:10,,,,https://cartelera.ar/pelicula/tres-adioses
CABA,Atlas Cines,Atlas Patio Bullrich,"Av. del Libertador 750, Patio Bullrich",Relajadas y muy peligrosas,2D Subtitulada,17:40,,,,https://cartelera.ar/pelicula/relajadas-y-muy-peligrosas
CABA,Atlas Cines,Atlas Patio Bullrich,"Av. del Libertador 750, Patio Bullrich",Relajadas y muy peligrosas,2D Subtitulada,19:50,,,,https://cartelera.ar/pelicula/relajadas-y-muy-peligrosas
CABA,Atlas Cines,Atlas Patio Bullrich,"Av. del Libertador 750, Patio Bullrich",Hangar rojo,2D Doblada,22:00,,,,https://cartelera.ar/pelicula/hangar-rojo
,Cinemark Hoyts,DOT,,VERITY: LA SOMBRA DE UN ENGAÑO,XD 2D Subtitulada,11:30,,,,https://www.cinemark.com.ar/peliculas/verity-la-sombra-de-un-engano
,Cinemark Hoyts,DOT,,VERITY: LA SOMBRA DE UN ENGAÑO,PREMIER 2D Subtitulada,13:30,,,,https://www.cinemark.com.ar/peliculas/verity-la-sombra-de-un-engano
,Cinemark Hoyts,DOT,,VERITY: LA SOMBRA DE UN ENGAÑO,XD 2D Subtitulada,14:10,,,,https://www.cinemark.com.ar/peliculas/verity-la-sombra-de-un-engano
,Cinemark Hoyts,DOT,,VERITY: LA SOMBRA DE UN ENGAÑO,XD 2D Subtitulada,16:50,,,,https://www.cinemark.com.ar/peliculas/verity-la-sombra-de-un-engano
,Cinemark Hoyts,DOT,,VERITY: LA SOMBRA DE UN ENGAÑO,XD 2D Subtitulada,19:30,,,,https://www.cinemark.com.ar/peliculas/verity-la-sombra-de-un-engano
,Cinemark Hoyts,DOT,,VERITY: LA SOMBRA DE UN ENGAÑO,XD 2D Subtitulada,22:10,,,,https://www.cinemark.com.ar/peliculas/verity-la-sombra-de-un-engano
,Cinemark Hoyts,DOT,,VERITY: LA SOMBRA DE UN ENGAÑO,2D Subtitulada,22:40,,,,https://www.cinemark.com.ar/peliculas/verity-la-sombra-de-un-engano
,Cinemark Hoyts,DOT,,ESCONDIDA EN MI CABEZA,2D Doblada,12:00,,,,https://www.cinemark.com.ar/peliculas/escondida-en-mi-cabeza
,Cinemark Hoyts,DOT,,ESCONDIDA EN MI CABEZA,2D Doblada,17:00,,,,https://www.cinemark.com.ar/peliculas/escondida-en-mi-cabeza
,Cinemark Hoyts,DOT,,ESCONDIDA EN MI CABEZA,2D Doblada,22:00,,,,https://www.cinemark.com.ar/peliculas/escondida-en-mi-cabeza
,Cinemark Hoyts,DOT,,COYOTE VS ACME,2D Doblada,12:10,,,,https://www.cinemark.com.ar/peliculas/coyote-vs-acme
,Cinemark Hoyts,DOT,,COYOTE VS ACME,2D Doblada,14:40,,,,https://www.cinemark.com.ar/peliculas/coyote-vs-acme
,Cinemark Hoyts,DOT,,COYOTE VS ACME,2D Doblada,17:20,,,,https://www.cinemark.com.ar/peliculas/coyote-vs-acme
,Cinemark Hoyts,DOT,,EL CORAZÓN DE LA BESTIA,2D Subtitulada,12:30,,,,https://www.cinemark.com.ar/peliculas/el-corazon-de-la-bestia
,Cinemark Hoyts,DOT,,EL CORAZÓN DE LA BESTIA,2D Subtitulada,15:00,,,,https://www.cinemark.com.ar/peliculas/el-corazon-de-la-bestia
,Cinemark Hoyts,DOT,,EL CORAZÓN DE LA BESTIA,2D Subtitulada,17:40,,,,https://www.cinemark.com.ar/peliculas/el-corazon-de-la-bestia
,Cinemark Hoyts,DOT,,EL CORAZÓN DE LA BESTIA,2D Subtitulada,20:10,,,,https://www.cinemark.com.ar/peliculas/el-corazon-de-la-bestia
,Cinemark Hoyts,DOT,,EL CORAZÓN DE LA BESTIA,PREMIER 2D Subtitulada,23:00,,,,https://www.cinemark.com.ar/peliculas/el-corazon-de-la-bestia
,Cinemark Hoyts,DOT,,RESIDENT EVIL: NOCHE CERO,2D Doblada,13:00,,,,https://www.cinemark.com.ar/peliculas/resident-evil-noche-cero
,Cinemark Hoyts,DOT,,RESIDENT EVIL: NOCHE CERO,2D Doblada,15:30,,,,https://www.cinemark.com.ar/peliculas/resident-evil-noche-cero
,Cinemark Hoyts,DOT,,RESIDENT EVIL: NOCHE CERO,2D Doblada,18:00,,,,https://www.cinemark.com.ar/peliculas/resident-evil-noche-cero
,Cinemark Hoyts,DOT,,RESIDENT EVIL: NOCHE CERO,2D Subtitulada,20:30,,,,https://www.cinemark.com.ar/peliculas/resident-evil-noche-cero
,Cinemark Hoyts,DOT,,RESIDENT EVIL: NOCHE CERO,2D Subtitulada,22:50,,,,https://www.cinemark.com.ar/peliculas/resident-evil-noche-cero
,Cinemark Hoyts,DOT,,AVENGERS: ENDGAME (RE ESTRENO),2D Subtitulada,13:20,,,,https://www.cinemark.com.ar/peliculas/avengers-endgame-re-estreno
,Cinemark Hoyts,DOT,,AVENGERS: ENDGAME (RE ESTRENO),4D 3D IV Subtitulada,14:20,,,,https://www.cinemark.com.ar/peliculas/avengers-endgame-re-estreno
,Cinemark Hoyts,DOT,,AVENGERS: ENDGAME (RE ESTRENO),2D Subtitulada,17:10,,,,https://www.cinemark.com.ar/peliculas/avengers-endgame-re-estreno
,Cinemark Hoyts,DOT,,AVENGERS: ENDGAME (RE ESTRENO),4D 3D IV Doblada,18:20,,,,https://www.cinemark.com.ar/peliculas/avengers-endgame-re-estreno
,Cinemark Hoyts,DOT,,AVENGERS: ENDGAME (RE ESTRENO),2D Subtitulada,21:30,,,,https://www.cinemark.com.ar/peliculas/avengers-endgame-re-estreno
,Cinemark Hoyts,DOT,,AVENGERS: ENDGAME (RE ESTRENO),4D 3D IV Subtitulada,22:20,,,,https://www.cinemark.com.ar/peliculas/avengers-endgame-re-estreno
,Cinemark Hoyts,DOT,,DIGGER,2D Subtitulada,13:30,,,,https://www.cinemark.com.ar/peliculas/digger
,Cinemark Hoyts,DOT,,DIGGER,PREMIER 2D Subtitulada,16:00,,,,https://www.cinemark.com.ar/peliculas/digger
,Cinemark Hoyts,DOT,,DIGGER,2D Subtitulada,16:30,,,,https://www.cinemark.com.ar/peliculas/digger
,Cinemark Hoyts,DOT,,DIGGER,2D Subtitulada,19:30,,,,https://www.cinemark.com.ar/peliculas/digger
,Cinemark Hoyts,DOT,,DIGGER,2D Subtitulada,22:30,,,,https://www.cinemark.com.ar/peliculas/digger
,Cinemark Hoyts,DOT,,LA ODISEA,PREMIER 2D Subtitulada,13:30,,,,https://www.cinemark.com.ar/peliculas/la-odisea
,Cinemark Hoyts,DOT,,LA ODISEA,PREMIER 2D Subtitulada,21:40,,,,https://www.cinemark.com.ar/peliculas/la-odisea
,Cinemark Hoyts,DOT,,LA ISLA OLVIDADA,2D Doblada,14:30,,,,https://www.cinemark.com.ar/peliculas/la-isla-olvidada
,Cinemark Hoyts,DOT,,"YO, NARCISO",PREMIER 2D Doblada,18:50,,,,https://www.cinemark.com.ar/peliculas/yo-narciso
,Cinemark Hoyts,DOT,,VÉRTIGO 2: PUNTO MUERTO,2D Subtitulada,19:40,,,,https://www.cinemark.com.ar/peliculas/vertigo-2-punto-muerto
,Cinemark Hoyts,DOT,,VÉRTIGO 2: PUNTO MUERTO,2D Subtitulada,23:00,,,,https://www.cinemark.com.ar/peliculas/vertigo-2-punto-muerto
,Cinemark Hoyts,DOT,,QUEEN: LIVE IN BUDAPEST,2D Subtitulada,20:00,,,,https://www.cinemark.com.ar/peliculas/queen-live-in-budapest-sub
,Cinemark Hoyts,Temperley,,VERITY: LA SOMBRA DE UN ENGAÑO,DBOX XD 2D Doblada,12:00,,,,https://www.cinemark.com.ar/peliculas/verity-la-sombra-de-un-engano
,Cinemark Hoyts,Temperley,,VERITY: LA SOMBRA DE UN ENGAÑO,XD 2D Doblada,12:00,,,,https://www.cinemark.com.ar/peliculas/verity-la-sombra-de-un-engano
,Cinemark Hoyts,Temperley,,VERITY: LA SOMBRA DE UN ENGAÑO,DBOX XD 2D Doblada,14:45,,,,https://www.cinemark.com.ar/peliculas/verity-la-sombra-de-un-engano
,Cinemark Hoyts,Temperley,,VERITY: LA SOMBRA DE UN ENGAÑO,XD 2D Doblada,14:45,,,,https://www.cinemark.com.ar/peliculas/verity-la-sombra-de-un-engano
,Cinemark Hoyts,Temperley,,VERITY: LA SOMBRA DE UN ENGAÑO,DBOX XD 2D Doblada,17:30,,,,https://www.cinemark.com.ar/peliculas/verity-la-sombra-de-un-engano
,Cinemark Hoyts,Temperley,,VERITY: LA SOMBRA DE UN ENGAÑO,XD 2D Doblada,17:30,,,,https://www.cinemark.com.ar/peliculas/verity-la-sombra-de-un-engano
,Cinemark Hoyts,Temperley,,VERITY: LA SOMBRA DE UN ENGAÑO,DBOX XD 2D Doblada,20:10,,,,https://www.cinemark.com.ar/peliculas/verity-la-sombra-de-un-engano
,Cinemark Hoyts,Temperley,,VERITY: LA SOMBRA DE UN ENGAÑO,XD 2D Doblada,20:10,,,,https://www.cinemark.com.ar/peliculas/verity-la-sombra-de-un-engano
,Cinemark Hoyts,Temperley,,VERITY: LA SOMBRA DE UN ENGAÑO,DBOX XD 2D Doblada,22:50,,,,https://www.cinemark.com.ar/peliculas/verity-la-sombra-de-un-engano
,Cinemark Hoyts,Temperley,,VERITY: LA SOMBRA DE UN ENGAÑO,XD 2D Doblada,22:50,,,,https://www.cinemark.com.ar/peliculas/verity-la-sombra-de-un-engano
,Cinemark Hoyts,Temperley,,ESCONDIDA EN MI CABEZA,2D Doblada,12:00,,,,https://www.cinemark.com.ar/peliculas/escondida-en-mi-cabeza
,Cinemark Hoyts,Temperley,,ESCONDIDA EN MI CABEZA,2D Doblada,17:10,,,,https://www.cinemark.com.ar/peliculas/escondida-en-mi-cabeza
,Cinemark Hoyts,Temperley,,ESCONDIDA EN MI CABEZA,2D Doblada,22:20,,,,https://www.cinemark.com.ar/peliculas/escondida-en-mi-cabeza
,Cinemark Hoyts,Temperley,,RESIDENT EVIL: NOCHE CERO,2D Doblada,12:00,,,,https://www.cinemark.com.ar/peliculas/resident-evil-noche-cero
,Cinemark Hoyts,Temperley,,RESIDENT EVIL: NOCHE CERO,4D 2D Doblada,12:15,,,,https://www.cinemark.com.ar/peliculas/resident-evil-noche-cero
,Cinemark Hoyts,Temperley,,RESIDENT EVIL: NOCHE CERO,2D Doblada,13:45,,,,https://www.cinemark.com.ar/peliculas/resident-evil-noche-cero
,Cinemark Hoyts,Temperley,,RESIDENT EVIL: NOCHE CERO,2D Doblada,14:25,,,,https://www.cinemark.com.ar/peliculas/resident-evil-noche-cero
,Cinemark Hoyts,Temperley,,RESIDENT EVIL: NOCHE CERO,2D Doblada,16:45,,,,https://www.cinemark.com.ar/peliculas/resident-evil-noche-cero
,Cinemark Hoyts,Temperley,,RESIDENT EVIL: NOCHE CERO,2D Doblada,20:15,,,,https://www.cinemark.com.ar/peliculas/resident-evil-noche-cero
,Cinemark Hoyts,Temperley,,RESIDENT EVIL: NOCHE CERO,2D Doblada,21:45,,,,https://www.cinemark.com.ar/peliculas/resident-evil-noche-cero
,Cinemark Hoyts,Temperley,,RESIDENT EVIL: NOCHE CERO,2D Doblada,22:45,,,,https://www.cinemark.com.ar/peliculas/resident-evil-noche-cero
,Cinemark Hoyts,Temperley,,LA ISLA OLVIDADA,DBOX 2D Doblada,12:35,,,,https://www.cinemark.com.ar/peliculas/la-isla-olvidada
,Cinemark Hoyts,Temperley,,LA ISLA OLVIDADA,2D Doblada,12:35,,,,https://www.cinemark.com.ar/peliculas/la-isla-olvidada
,Cinemark Hoyts,Temperley,,GUARDIANES DEL MUSEO 2,2D Doblada,12:45,,,,https://www.cinemark.com.ar/peliculas/guardianes-del-museo-2
,Cinemark Hoyts,Temperley,,GUARDIANES DEL MUSEO 2,2D Doblada,15:10,,,,https://www.cinemark.com.ar/peliculas/guardianes-del-museo-2
,Cinemark Hoyts,Temperley,,GUARDIANES DEL MUSEO 2,2D Doblada,17:35,,,,https://www.cinemark.com.ar/peliculas/guardianes-del-museo-2
,Cinemark Hoyts,Temperley,,DIGGER,DBOX 2D Doblada,13:00,,,,https://www.cinemark.com.ar/peliculas/digger
,Cinemark Hoyts,Temperley,,DIGGER,2D Doblada,13:00,,,,https://www.cinemark.com.ar/peliculas/digger
,Cinemark Hoyts,Temperley,,DIGGER,DBOX 2D Doblada,16:00,,,,https://www.cinemark.com.ar/peliculas/digger
,Cinemark Hoyts,Temperley,,DIGGER,2D Doblada,16:00,,,,https://www.cinemark.com.ar/peliculas/digger
,Cinemark Hoyts,Temperley,,DIGGER,DBOX 2D Doblada,19:00,,,,https://www.cinemark.com.ar/peliculas/digger
,Cinemark Hoyts,Temperley,,DIGGER,2D Doblada,19:00,,,,https://www.cinemark.com.ar/peliculas/digger
,Cinemark Hoyts,Temperley,,DIGGER,DBOX 2D Subtitulada,22:00,,,,https://www.cinemark.com.ar/peliculas/digger
,Cinemark Hoyts,Temperley,,DIGGER,2D Subtitulada,22:00,,,,https://www.cinemark.com.ar/peliculas/digger
,Cinemark Hoyts,Temperley,,AVENGERS: ENDGAME (RE ESTRENO),2D Doblada,14:00,,,,https://www.cinemark.com.ar/peliculas/avengers-endgame-re-estreno
,Cinemark Hoyts,Temperley,,AVENGERS: ENDGAME (RE ESTRENO),4D 3D IV Doblada,14:30,,,,https://www.cinemark.com.ar/peliculas/avengers-endgame-re-estreno
,Cinemark Hoyts,Temperley,,AVENGERS: ENDGAME (RE ESTRENO),2D Doblada,18:00,,,,https://www.cinemark.com.ar/peliculas/avengers-endgame-re-estreno
,Cinemark Hoyts,Temperley,,AVENGERS: ENDGAME (RE ESTRENO),4D 3D IV Doblada,18:30,,,,https://www.cinemark.com.ar/peliculas/avengers-endgame-re-estreno
,Cinemark Hoyts,Temperley,,AVENGERS: ENDGAME (RE ESTRENO),2D Doblada,22:00,,,,https://www.cinemark.com.ar/peliculas/avengers-endgame-re-estreno
,Cinemark Hoyts,Temperley,,AVENGERS: ENDGAME (RE ESTRENO),4D 3D IV Doblada,22:30,,,,https://www.cinemark.com.ar/peliculas/avengers-endgame-re-estreno
,Cinemark Hoyts,Temperley,,VÉRTIGO 2: PUNTO MUERTO,2D Doblada,14:20,,,,https://www.cinemark.com.ar/peliculas/vertigo-2-punto-muerto
,Cinemark Hoyts,Temperley,,VÉRTIGO 2: PUNTO MUERTO,2D Doblada,19:40,,,,https://www.cinemark.com.ar/peliculas/vertigo-2-punto-muerto
,Cinemark Hoyts,Temperley,,VÉRTIGO 2: PUNTO MUERTO,2D Doblada,22:20,,,,https://www.cinemark.com.ar/peliculas/vertigo-2-punto-muerto
,Cinemark Hoyts,Temperley,,COYOTE VS ACME,DBOX 2D Doblada,15:15,,,,https://www.cinemark.com.ar/peliculas/coyote-vs-acme
,Cinemark Hoyts,Temperley,,COYOTE VS ACME,2D Doblada,15:15,,,,https://www.cinemark.com.ar/peliculas/coyote-vs-acme
,Cinemark Hoyts,Temperley,,SPIDER-MAN: UN NUEVO DÍA,2D Doblada,17:00,,,,https://www.cinemark.com.ar/peliculas/spider-man-un-nuevo-dia
,Cinemark Hoyts,Temperley,,EL CORAZÓN DE LA BESTIA,DBOX 2D Doblada,17:50,,,,https://www.cinemark.com.ar/peliculas/el-corazon-de-la-bestia
,Cinemark Hoyts,Temperley,,EL CORAZÓN DE LA BESTIA,2D Doblada,17:50,,,,https://www.cinemark.com.ar/peliculas/el-corazon-de-la-bestia
,Cinemark Hoyts,Temperley,,EL CORAZÓN DE LA BESTIA,DBOX 2D Doblada,20:25,,,,https://www.cinemark.com.ar/peliculas/el-corazon-de-la-bestia
,Cinemark Hoyts,Temperley,,EL CORAZÓN DE LA BESTIA,2D Doblada,20:25,,,,https://www.cinemark.com.ar/peliculas/el-corazon-de-la-bestia
,Cinemark Hoyts,Temperley,,EL CORAZÓN DE LA BESTIA,DBOX 2D Doblada,23:00,,,,https://www.cinemark.com.ar/peliculas/el-corazon-de-la-bestia
,Cinemark Hoyts,Temperley,,EL CORAZÓN DE LA BESTIA,2D Doblada,23:00,,,,https://www.cinemark.com.ar/peliculas/el-corazon-de-la-bestia
,Cinemark Hoyts,Temperley,,LA NOCHE DEL DEMONIO 6,2D Doblada,19:15,,,,https://www.cinemark.com.ar/peliculas/la-noche-del-demonio-estan-entre-nosotros
,Cinemark Hoyts,Temperley,,QUEEN: LIVE IN BUDAPEST,2D Subtitulada,20:00,,,,https://www.cinemark.com.ar/peliculas/queen-live-in-budapest-sub
,Cinemark Hoyts,Palermo,,LA ODISEA,2D Subtitulada,12:00,,,,https://www.cinemark.com.ar/peliculas/la-odisea
,Cinemark Hoyts,Palermo,,LA ODISEA,2D Subtitulada,15:50,,,,https://www.cinemark.com.ar/peliculas/la-odisea
,Cinemark Hoyts,Palermo,,LA ODISEA,2D Subtitulada,22:00,,,,https://www.cinemark.com.ar/peliculas/la-odisea
,Cinemark Hoyts,Palermo,,VERITY: LA SOMBRA DE UN ENGAÑO,2D Subtitulada,12:10,,,,https://www.cinemark.com.ar/peliculas/verity-la-sombra-de-un-engano
,Cinemark Hoyts,Palermo,,VERITY: LA SOMBRA DE UN ENGAÑO,2D Subtitulada,13:50,,,,https://www.cinemark.com.ar/peliculas/verity-la-sombra-de-un-engano
,Cinemark Hoyts,Palermo,,VERITY: LA SOMBRA DE UN ENGAÑO,2D Subtitulada,14:50,,,,https://www.cinemark.com.ar/peliculas/verity-la-sombra-de-un-engano
,Cinemark Hoyts,Palermo,,VERITY: LA SOMBRA DE UN ENGAÑO,2D Subtitulada,16:30,,,,https://www.cinemark.com.ar/peliculas/verity-la-sombra-de-un-engano
,Cinemark Hoyts,Palermo,,VERITY: LA SOMBRA DE UN ENGAÑO,2D Subtitulada,17:30,,,,https://www.cinemark.com.ar/peliculas/verity-la-sombra-de-un-engano
,Cinemark Hoyts,Palermo,,VERITY: LA SOMBRA DE UN ENGAÑO,2D Subtitulada,19:10,,,,https://www.cinemark.com.ar/peliculas/verity-la-sombra-de-un-engano
,Cinemark Hoyts,Palermo,,VERITY: LA SOMBRA DE UN ENGAÑO,2D Subtitulada,20:10,,,,https://www.cinemark.com.ar/peliculas/verity-la-sombra-de-un-engano
,Cinemark Hoyts,Palermo,,VERITY: LA SOMBRA DE UN ENGAÑO,2D Subtitulada,21:50,,,,https://www.cinemark.com.ar/peliculas/verity-la-sombra-de-un-engano
,Cinemark Hoyts,Palermo,,VERITY: LA SOMBRA DE UN ENGAÑO,2D Subtitulada,22:50,,,,https://www.cinemark.com.ar/peliculas/verity-la-sombra-de-un-engano
,Cinemark Hoyts,Palermo,,EL CORAZÓN DE LA BESTIA,2D Subtitulada,12:20,,,,https://www.cinemark.com.ar/peliculas/el-corazon-de-la-bestia
,Cinemark Hoyts,Palermo,,EL CORAZÓN DE LA BESTIA,2D Subtitulada,14:40,,,,https://www.cinemark.com.ar/peliculas/el-corazon-de-la-bestia
,Cinemark Hoyts,Palermo,,EL CORAZÓN DE LA BESTIA,2D Subtitulada,17:10,,,,https://www.cinemark.com.ar/peliculas/el-corazon-de-la-bestia
,Cinemark Hoyts,Palermo,,EL CORAZÓN DE LA BESTIA,2D Subtitulada,20:40,,,,https://www.cinemark.com.ar/peliculas/el-corazon-de-la-bestia
,Cinemark Hoyts,Palermo,,EL CORAZÓN DE LA BESTIA,2D Subtitulada,22:20,,,,https://www.cinemark.com.ar/peliculas/el-corazon-de-la-bestia
,Cinemark Hoyts,Palermo,,RESIDENT EVIL: NOCHE CERO,2D Subtitulada,12:40,,,,https://www.cinemark.com.ar/peliculas/resident-evil-noche-cero
,Cinemark Hoyts,Palermo,,RESIDENT EVIL: NOCHE CERO,2D Doblada,15:00,,,,https://www.cinemark.com.ar/peliculas/resident-evil-noche-cero
,Cinemark Hoyts,Palermo,,RESIDENT EVIL: NOCHE CERO,2D Subtitulada,17:20,,,,https://www.cinemark.com.ar/peliculas/resident-evil-noche-cero
,Cinemark Hoyts,Palermo,,RESIDENT EVIL: NOCHE CERO,2D Subtitulada,19:50,,,,https://www.cinemark.com.ar/peliculas/resident-evil-noche-cero
,Cinemark Hoyts,Palermo,,RESIDENT EVIL: NOCHE CERO,2D Subtitulada,22:10,,,,https://www.cinemark.com.ar/peliculas/resident-evil-noche-cero
,Cinemark Hoyts,Palermo,,RESIDENT EVIL: NOCHE CERO,2D Subtitulada,23:10,,,,https://www.cinemark.com.ar/peliculas/resident-evil-noche-cero
,Cinemark Hoyts,Palermo,,ESCONDIDA EN MI CABEZA,2D Doblada,12:50,,,,https://www.cinemark.com.ar/peliculas/escondida-en-mi-cabeza
,Cinemark Hoyts,Palermo,,ESCONDIDA EN MI CABEZA,2D Doblada,18:00,,,,https://www.cinemark.com.ar/peliculas/escondida-en-mi-cabeza
,Cinemark Hoyts,Palermo,,ESCONDIDA EN MI CABEZA,2D Doblada,22:50,,,,https://www.cinemark.com.ar/peliculas/escondida-en-mi-cabeza
,Cinemark Hoyts,Palermo,,DIGGER,2D Subtitulada,13:00,,,,https://www.cinemark.com.ar/peliculas/digger
,Cinemark Hoyts,Palermo,,DIGGER,2D Subtitulada,16:00,,,,https://www.cinemark.com.ar/peliculas/digger
,Cinemark Hoyts,Palermo,,DIGGER,2D Subtitulada,19:00,,,,https://www.cinemark.com.ar/peliculas/digger
,Cinemark Hoyts,Palermo,,DIGGER,2D Subtitulada,20:00,,,,https://www.cinemark.com.ar/peliculas/digger
,Cinemark Hoyts,Palermo,,DIGGER,2D Subtitulada,22:00,,,,https://www.cinemark.com.ar/peliculas/digger
,Cinemark Hoyts,Palermo,,DIGGER,2D Subtitulada,23:00,,,,https://www.cinemark.com.ar/peliculas/digger
,Cinemark Hoyts,Palermo,,LA ISLA OLVIDADA,2D Doblada,13:10,,,,https://www.cinemark.com.ar/peliculas/la-isla-olvidada
,Cinemark Hoyts,Palermo,,LA ISLA OLVIDADA,2D Doblada,15:40,,,,https://www.cinemark.com.ar/peliculas/la-isla-olvidada
,Cinemark Hoyts,Palermo,,LA ISLA OLVIDADA,2D Doblada,18:10,,,,https://www.cinemark.com.ar/peliculas/la-isla-olvidada
,Cinemark Hoyts,Palermo,,COYOTE VS ACME,2D Doblada,13:40,,,,https://www.cinemark.com.ar/peliculas/coyote-vs-acme
,Cinemark Hoyts,Palermo,,AVENGERS: ENDGAME (RE ESTRENO),2D Subtitulada,14:30,,,,https://www.cinemark.com.ar/peliculas/avengers-endgame-re-estreno
,Cinemark Hoyts,Palermo,,AVENGERS: ENDGAME (RE ESTRENO),2D Subtitulada,16:10,,,,https://www.cinemark.com.ar/peliculas/avengers-endgame-re-estreno
,Cinemark Hoyts,Palermo,,AVENGERS: ENDGAME (RE ESTRENO),3D Subtitulada,18:30,,,,https://www.cinemark.com.ar/peliculas/avengers-endgame-re-estreno
,Cinemark Hoyts,Palermo,,AVENGERS: ENDGAME (RE ESTRENO),2D Subtitulada,22:30,,,,https://www.cinemark.com.ar/peliculas/avengers-endgame-re-estreno
,Cinemark Hoyts,Palermo,,HECHIZO DE AMOR: LA MAGIA CONTINUA,2D Subtitulada,15:10,,,,https://www.cinemark.com.ar/peliculas/hechizo-de-amor-la-magia-continua
,Cinemark Hoyts,Palermo,,"YO, NARCISO",2D Doblada,19:30,,,,https://www.cinemark.com.ar/peliculas/yo-narciso
,Cinemark Hoyts,Palermo,,QUEEN: LIVE IN BUDAPEST,2D Subtitulada,20:00,,,,https://www.cinemark.com.ar/peliculas/queen-live-in-budapest-sub
,Cinemark Hoyts,Palermo,,LA INVITACIÓN,2D Subtitulada,20:20,,,,https://www.cinemark.com.ar/peliculas/la-invitacion
,Cinemark Hoyts,San Justo,,AVENGERS: ENDGAME (RE ESTRENO),2D Doblada,12:00,,,,https://www.cinemark.com.ar/peliculas/avengers-endgame-re-estreno
,Cinemark Hoyts,San Justo,,AVENGERS: ENDGAME (RE ESTRENO),3D Doblada,15:30,,,,https://www.cinemark.com.ar/peliculas/avengers-endgame-re-estreno
,Cinemark Hoyts,San Justo,,AVENGERS: ENDGAME (RE ESTRENO),2D Doblada,19:05,,,,https://www.cinemark.com.ar/peliculas/avengers-endgame-re-estreno
,Cinemark Hoyts,San Justo,,AVENGERS: ENDGAME (RE ESTRENO),2D Doblada,22:40,,,,https://www.cinemark.com.ar/peliculas/avengers-endgame-re-estreno
,Cinemark Hoyts,San Justo,,LA ISLA OLVIDADA,2D Doblada,12:10,,,,https://www.cinemark.com.ar/peliculas/la-isla-olvidada
,Cinemark Hoyts,San Justo,,LA ISLA OLVIDADA,2D Doblada,14:30,,,,https://www.cinemark.com.ar/peliculas/la-isla-olvidada
,Cinemark Hoyts,San Justo,,DIGGER,DBOX 2D Doblada,12:20,,,,https://www.cinemark.com.ar/peliculas/digger
,Cinemark Hoyts,San Justo,,DIGGER,2D Doblada,12:20,,,,https://www.cinemark.com.ar/peliculas/digger
,Cinemark Hoyts,San Justo,,DIGGER,DBOX 2D Doblada,15:00,,,,https://www.cinemark.com.ar/peliculas/digger
,Cinemark Hoyts,San Justo,,DIGGER,2D Doblada,15:00,,,,https://www.cinemark.com.ar/peliculas/digger
,Cinemark Hoyts,San Justo,,DIGGER,DBOX 2D Doblada,17:40,,,,https://www.cinemark.com.ar/peliculas/digger
,Cinemark Hoyts,San Justo,,DIGGER,2D Doblada,17:40,,,,https://www.cinemark.com.ar/peliculas/digger
,Cinemark Hoyts,San Justo,,DIGGER,DBOX 2D Doblada,20:20,,,,https://www.cinemark.com.ar/peliculas/digger
,Cinemark Hoyts,San Justo,,DIGGER,2D Doblada,20:20,,,,https://www.cinemark.com.ar/peliculas/digger
,Cinemark Hoyts,San Justo,,DIGGER,DBOX 2D Doblada,23:00,,,,https://www.cinemark.com.ar/peliculas/digger
,Cinemark Hoyts,San Justo,,DIGGER,2D Doblada,23:00,,,,https://www.cinemark.com.ar/peliculas/digger
,Cinemark Hoyts,San Justo,,VERITY: LA SOMBRA DE UN ENGAÑO,DBOX XD 2D Doblada,12:45,,,,https://www.cinemark.com.ar/peliculas/verity-la-sombra-de-un-engano
,Cinemark Hoyts,San Justo,,VERITY: LA SOMBRA DE UN ENGAÑO,XD 2D Doblada,12:45,,,,https://www.cinemark.com.ar/peliculas/verity-la-sombra-de-un-engano
,Cinemark Hoyts,San Justo,,VERITY: LA SOMBRA DE UN ENGAÑO,DBOX XD 2D Doblada,15:15,,,,https://www.cinemark.com.ar/peliculas/verity-la-sombra-de-un-engano
,Cinemark Hoyts,San Justo,,VERITY: LA SOMBRA DE UN ENGAÑO,XD 2D Doblada,15:15,,,,https://www.cinemark.com.ar/peliculas/verity-la-sombra-de-un-engano
,Cinemark Hoyts,San Justo,,VERITY: LA SOMBRA DE UN ENGAÑO,DBOX XD 2D Doblada,17:45,,,,https://www.cinemark.com.ar/peliculas/verity-la-sombra-de-un-engano
,Cinemark Hoyts,San Justo,,VERITY: LA SOMBRA DE UN ENGAÑO,XD 2D Doblada,17:45,,,,https://www.cinemark.com.ar/peliculas/verity-la-sombra-de-un-engano
,Cinemark Hoyts,San Justo,,VERITY: LA SOMBRA DE UN ENGAÑO,DBOX XD 2D Doblada,20:15,,,,https://www.cinemark.com.ar/peliculas/verity-la-sombra-de-un-engano
,Cinemark Hoyts,San Justo,,VERITY: LA SOMBRA DE UN ENGAÑO,XD 2D Doblada,20:15,,,,https://www.cinemark.com.ar/peliculas/verity-la-sombra-de-un-engano
,Cinemark Hoyts,San Justo,,VERITY: LA SOMBRA DE UN ENGAÑO,DBOX XD 2D Doblada,22:45,,,,https://www.cinemark.com.ar/peliculas/verity-la-sombra-de-un-engano
,Cinemark Hoyts,San Justo,,VERITY: LA SOMBRA DE UN ENGAÑO,XD 2D Doblada,22:45,,,,https://www.cinemark.com.ar/peliculas/verity-la-sombra-de-un-engano
,Cinemark Hoyts,San Justo,,EL CORAZÓN DE LA BESTIA,2D Doblada,13:00,,,,https://www.cinemark.com.ar/peliculas/el-corazon-de-la-bestia
,Cinemark Hoyts,San Justo,,EL CORAZÓN DE LA BESTIA,2D Doblada,15:20,,,,https://www.cinemark.com.ar/peliculas/el-corazon-de-la-bestia
,Cinemark Hoyts,San Justo,,EL CORAZÓN DE LA BESTIA,2D Doblada,18:00,,,,https://www.cinemark.com.ar/peliculas/el-corazon-de-la-bestia
,Cinemark Hoyts,San Justo,,EL CORAZÓN DE LA BESTIA,2D Doblada,20:20,,,,https://www.cinemark.com.ar/peliculas/el-corazon-de-la-bestia
,Cinemark Hoyts,San Justo,,EL CORAZÓN DE LA BESTIA,2D Doblada,22:50,,,,https://www.cinemark.com.ar/peliculas/el-corazon-de-la-bestia
,Cinemark Hoyts,San Justo,,RESIDENT EVIL: NOCHE CERO,2D Doblada,13:10,,,,https://www.cinemark.com.ar/peliculas/resident-evil-noche-cero
,Cinemark Hoyts,San Justo,,RESIDENT EVIL: NOCHE CERO,2D Doblada,15:40,,,,https://www.cinemark.com.ar/peliculas/resident-evil-noche-cero
,Cinemark Hoyts,San Justo,,RESIDENT EVIL: NOCHE CERO,2D Doblada,18:10,,,,https://www.cinemark.com.ar/peliculas/resident-evil-noche-cero
,Cinemark Hoyts,San Justo,,RESIDENT EVIL: NOCHE CERO,2D Doblada,20:30,,,,https://www.cinemark.com.ar/peliculas/resident-evil-noche-cero
,Cinemark Hoyts,San Justo,,RESIDENT EVIL: NOCHE CERO,2D Doblada,22:20,,,,https://www.cinemark.com.ar/peliculas/resident-evil-noche-cero
,Cinemark Hoyts,San Justo,,RESIDENT EVIL: NOCHE CERO,2D Doblada,23:10,,,,https://www.cinemark.com.ar/peliculas/resident-evil-noche-cero
,Cinemark Hoyts,San Justo,,COYOTE VS ACME,2D Doblada,16:50,,,,https://www.cinemark.com.ar/peliculas/coyote-vs-acme
,Cinemark Hoyts,San Justo,,SPIDER-MAN: UN NUEVO DÍA,2D Doblada,19:15,,,,https://www.cinemark.com.ar/peliculas/spider-man-un-nuevo-dia
,Cinemark Hoyts,Unicenter,,EL CORAZÓN DE LA BESTIA,2D Subtitulada,12:10,,,,https://www.cinemark.com.ar/peliculas/el-corazon-de-la-bestia
,Cinemark Hoyts,Unicenter,,EL CORAZÓN DE LA BESTIA,2D Subtitulada,14:40,,,,https://www.cinemark.com.ar/peliculas/el-corazon-de-la-bestia
,Cinemark Hoyts,Unicenter,,EL CORAZÓN DE LA BESTIA,2D Subtitulada,17:10,,,,https://www.cinemark.com.ar/peliculas/el-corazon-de-la-bestia
,Cinemark Hoyts,Unicenter,,EL CORAZÓN DE LA BESTIA,2D Subtitulada,19:40,,,,https://www.cinemark.com.ar/peliculas/el-corazon-de-la-bestia
,Cinemark Hoyts,Unicenter,,EL CORAZÓN DE LA BESTIA,2D Subtitulada,22:10,,,,https://www.cinemark.com.ar/peliculas/el-corazon-de-la-bestia
,Cinemark Hoyts,Unicenter,,LA ISLA OLVIDADA,2D Doblada,12:15,,,,https://www.cinemark.com.ar/peliculas/la-isla-olvidada
,Cinemark Hoyts,Unicenter,,LA ISLA OLVIDADA,2D Doblada,14:50,,,,https://www.cinemark.com.ar/peliculas/la-isla-olvidada
,Cinemark Hoyts,Unicenter,,LA ISLA OLVIDADA,2D Doblada,17:20,,,,https://www.cinemark.com.ar/peliculas/la-isla-olvidada
,Cinemark Hoyts,Unicenter,,VERITY: LA SOMBRA DE UN ENGAÑO,DBOX 2D Subtitulada,12:20,,,,https://www.cinemark.com.ar/peliculas/verity-la-sombra-de-un-engano
,Cinemark Hoyts,Unicenter,,VERITY: LA SOMBRA DE UN ENGAÑO,2D Subtitulada,12:20,,,,https://www.cinemark.com.ar/peliculas/verity-la-sombra-de-un-engano
,Cinemark Hoyts,Unicenter,,VERITY: LA SOMBRA DE UN ENGAÑO,PREMIER 2D Subtitulada,13:00,,,,https://www.cinemark.com.ar/peliculas/verity-la-sombra-de-un-engano
,Cinemark Hoyts,Unicenter,,VERITY: LA SOMBRA DE UN ENGAÑO,DBOX 2D Subtitulada,15:00,,,,https://www.cinemark.com.ar/peliculas/verity-la-sombra-de-un-engano
,Cinemark Hoyts,Unicenter,,VERITY: LA SOMBRA DE UN ENGAÑO,2D Subtitulada,15:00,,,,https://www.cinemark.com.ar/peliculas/verity-la-sombra-de-un-engano
,Cinemark Hoyts,Unicenter,,VERITY: LA SOMBRA DE UN ENGAÑO,PREMIER 2D Subtitulada,15:50,,,,https://www.cinemark.com.ar/peliculas/verity-la-sombra-de-un-engano
,Cinemark Hoyts,Unicenter,,VERITY: LA SOMBRA DE UN ENGAÑO,DBOX 2D Subtitulada,17:30,,,,https://www.cinemark.com.ar/peliculas/verity-la-sombra-de-un-engano
,Cinemark Hoyts,Unicenter,,VERITY: LA SOMBRA DE UN ENGAÑO,2D Subtitulada,17:30,,,,https://www.cinemark.com.ar/peliculas/verity-la-sombra-de-un-engano
,Cinemark Hoyts,Unicenter,,VERITY: LA SOMBRA DE UN ENGAÑO,PREMIER 2D Subtitulada,18:40,,,,https://www.cinemark.com.ar/peliculas/verity-la-sombra-de-un-engano
,Cinemark Hoyts,Unicenter,,VERITY: LA SOMBRA DE UN ENGAÑO,DBOX 2D Subtitulada,20:00,,,,https://www.cinemark.com.ar/peliculas/verity-la-sombra-de-un-engano
,Cinemark Hoyts,Unicenter,,VERITY: LA SOMBRA DE UN ENGAÑO,2D Subtitulada,20:00,,,,https://www.cinemark.com.ar/peliculas/verity-la-sombra-de-un-engano
,Cinemark Hoyts,Unicenter,,VERITY: LA SOMBRA DE UN ENGAÑO,2D Subtitulada,20:25,,,,https://www.cinemark.com.ar/peliculas/verity-la-sombra-de-un-engano
,Cinemark Hoyts,Unicenter,,VERITY: LA SOMBRA DE UN ENGAÑO,PREMIER 2D Subtitulada,21:30,,,,https://www.cinemark.com.ar/peliculas/verity-la-sombra-de-un-engano
,Cinemark Hoyts,Unicenter,,VERITY: LA SOMBRA DE UN ENGAÑO,DBOX 2D Subtitulada,22:30,,,,https://www.cinemark.com.ar/peliculas/verity-la-sombra-de-un-engano
,Cinemark Hoyts,Unicenter,,VERITY: LA SOMBRA DE UN ENGAÑO,2D Subtitulada,22:30,,,,https://www.cinemark.com.ar/peliculas/verity-la-sombra-de-un-engano
,Cinemark Hoyts,Unicenter,,VERITY: LA SOMBRA DE UN ENGAÑO,2D Subtitulada,23:00,,,,https://www.cinemark.com.ar/peliculas/verity-la-sombra-de-un-engano
,Cinemark Hoyts,Unicenter,,DIGGER,DBOX 2D Subtitulada,12:30,,,,https://www.cinemark.com.ar/peliculas/digger
,Cinemark Hoyts,Unicenter,,DIGGER,2D Subtitulada,12:30,,,,https://www.cinemark.com.ar/peliculas/digger
,Cinemark Hoyts,Unicenter,,DIGGER,PREMIER 2D Subtitulada,13:30,,,,https://www.cinemark.com.ar/peliculas/digger
,Cinemark Hoyts,Unicenter,,DIGGER,DBOX 2D Subtitulada,15:20,,,,https://www.cinemark.com.ar/peliculas/digger
,Cinemark Hoyts,Unicenter,,DIGGER,2D Subtitulada,15:20,,,,https://www.cinemark.com.ar/peliculas/digger
,Cinemark Hoyts,Unicenter,,DIGGER,PREMIER 2D Subtitulada,16:20,,,,https://www.cinemark.com.ar/peliculas/digger
,Cinemark Hoyts,Unicenter,,DIGGER,DBOX 2D Subtitulada,18:10,,,,https://www.cinemark.com.ar/peliculas/digger
,Cinemark Hoyts,Unicenter,,DIGGER,2D Subtitulada,18:10,,,,https://www.cinemark.com.ar/peliculas/digger
,Cinemark Hoyts,Unicenter,,DIGGER,PREMIER 2D Subtitulada,19:10,,,,https://www.cinemark.com.ar/peliculas/digger
,Cinemark Hoyts,Unicenter,,DIGGER,2D Subtitulada,20:20,,,,https://www.cinemark.com.ar/peliculas/digger
,Cinemark Hoyts,Unicenter,,DIGGER,DBOX 2D Subtitulada,21:00,,,,https://www.cinemark.com.ar/peliculas/digger
,Cinemark Hoyts,Unicenter,,DIGGER,2D Subtitulada,21:00,,,,https://www.cinemark.com.ar/peliculas/digger
,Cinemark Hoyts,Unicenter,,DIGGER,PREMIER 2D Subtitulada,22:00,,,,https://www.cinemark.com.ar/peliculas/digger
,Cinemark Hoyts,Unicenter,,DIGGER,2D Subtitulada,22:55,,,,https://www.cinemark.com.ar/peliculas/digger
,Cinemark Hoyts,Unicenter,,RESIDENT EVIL: NOCHE CERO,2D Subtitulada,12:35,,,,https://www.cinemark.com.ar/peliculas/resident-evil-noche-cero
,Cinemark Hoyts,Unicenter,,RESIDENT EVIL: NOCHE CERO,2D Doblada,13:10,,,,https://www.cinemark.com.ar/peliculas/resident-evil-noche-cero
,Cinemark Hoyts,Unicenter,,RESIDENT EVIL: NOCHE CERO,2D Subtitulada,14:45,,,,https://www.cinemark.com.ar/peliculas/resident-evil-noche-cero
,Cinemark Hoyts,Unicenter,,RESIDENT EVIL: NOCHE CERO,2D Doblada,15:30,,,,https://www.cinemark.com.ar/peliculas/resident-evil-noche-cero
,Cinemark Hoyts,Unicenter,,RESIDENT EVIL: NOCHE CERO,2D Subtitulada,17:05,,,,https://www.cinemark.com.ar/peliculas/resident-evil-noche-cero
,Cinemark Hoyts,Unicenter,,RESIDENT EVIL: NOCHE CERO,2D Doblada,17:45,,,,https://www.cinemark.com.ar/peliculas/resident-evil-noche-cero
,Cinemark Hoyts,Unicenter,,RESIDENT EVIL: NOCHE CERO,2D Subtitulada,19:20,,,,https://www.cinemark.com.ar/peliculas/resident-evil-noche-cero
,Cinemark Hoyts,Unicenter,,RESIDENT EVIL: NOCHE CERO,2D Doblada,20:05,,,,https://www.cinemark.com.ar/peliculas/resident-evil-noche-cero
,Cinemark Hoyts,Unicenter,,RESIDENT EVIL: NOCHE CERO,2D Subtitulada,21:40,,,,https://www.cinemark.com.ar/peliculas/resident-evil-noche-cero
,Cinemark Hoyts,Unicenter,,RESIDENT EVIL: NOCHE CERO,2D Subtitulada,22:40,,,,https://www.cinemark.com.ar/peliculas/resident-evil-noche-cero
,Cinemark Hoyts,Unicenter,,RESIDENT EVIL: NOCHE CERO,2D Doblada,23:10,,,,https://www.cinemark.com.ar/peliculas/resident-evil-noche-cero
,Cinemark Hoyts,Unicenter,,COYOTE VS ACME,2D Doblada,12:45,,,,https://www.cinemark.com.ar/peliculas/coyote-vs-acme
,Cinemark Hoyts,Unicenter,,COYOTE VS ACME,2D Doblada,15:15,,,,https://www.cinemark.com.ar/peliculas/coyote-vs-acme
,Cinemark Hoyts,Unicenter,,COYOTE VS ACME,2D Doblada,17:55,,,,https://www.cinemark.com.ar/peliculas/coyote-vs-acme
,Cinemark Hoyts,Unicenter,,PAW PATROL: LA DINO PELÍCULA,2D Doblada,12:50,,,,https://www.cinemark.com.ar/peliculas/paw-patrol-la-dino-pelicula
,Cinemark Hoyts,Unicenter,,PAW PATROL: LA DINO PELÍCULA,2D Doblada,15:10,,,,https://www.cinemark.com.ar/peliculas/paw-patrol-la-dino-pelicula
,Cinemark Hoyts,Unicenter,,ESCONDIDA EN MI CABEZA,2D Doblada,13:00,,,,https://www.cinemark.com.ar/peliculas/escondida-en-mi-cabeza
,Cinemark Hoyts,Unicenter,,ESCONDIDA EN MI CABEZA,2D Doblada,17:40,,,,https://www.cinemark.com.ar/peliculas/escondida-en-mi-cabeza
,Cinemark Hoyts,Unicenter,,ESCONDIDA EN MI CABEZA,2D Doblada,23:05,,,,https://www.cinemark.com.ar/peliculas/escondida-en-mi-cabeza
,Cinemark Hoyts,Unicenter,,GUARDIANES DEL MUSEO 2,2D Doblada,13:20,,,,https://www.cinemark.com.ar/peliculas/guardianes-del-museo-2
,Cinemark Hoyts,Unicenter,,GUARDIANES DEL MUSEO 2,2D Doblada,15:40,,,,https://www.cinemark.com.ar/peliculas/guardianes-del-museo-2
,Cinemark Hoyts,Unicenter,,GUARDIANES DEL MUSEO 2,2D Doblada,17:50,,,,https://www.cinemark.com.ar/peliculas/guardianes-del-museo-2
,Cinemark Hoyts,Unicenter,,SPIDER-MAN: UN NUEVO DÍA,2D Doblada,13:45,,,,https://www.cinemark.com.ar/peliculas/spider-man-un-nuevo-dia
,Cinemark Hoyts,Unicenter,,SPIDER-MAN: UN NUEVO DÍA,2D Subtitulada,22:50,,,,https://www.cinemark.com.ar/peliculas/spider-man-un-nuevo-dia
,Cinemark Hoyts,Unicenter,,AVENGERS: ENDGAME (RE ESTRENO),4D 3D IV Doblada,14:00,,,,https://www.cinemark.com.ar/peliculas/avengers-endgame-re-estreno
,Cinemark Hoyts,Unicenter,,AVENGERS: ENDGAME (RE ESTRENO),4D 3D IV Doblada,18:00,,,,https://www.cinemark.com.ar/peliculas/avengers-endgame-re-estreno
,Cinemark Hoyts,Unicenter,,AVENGERS: ENDGAME (RE ESTRENO),4D 3D IV Subtitulada,22:00,,,,https://www.cinemark.com.ar/peliculas/avengers-endgame-re-estreno
,Cinemark Hoyts,Unicenter,,LA ODISEA,2D Subtitulada,14:30,,,,https://www.cinemark.com.ar/peliculas/la-odisea
,Cinemark Hoyts,Unicenter,,LA ODISEA,2D Subtitulada,18:05,,,,https://www.cinemark.com.ar/peliculas/la-odisea
,Cinemark Hoyts,Unicenter,,LA ODISEA,2D Subtitulada,21:30,,,,https://www.cinemark.com.ar/peliculas/la-odisea
,Cinemark Hoyts,Unicenter,,"YO, NARCISO",2D Doblada,15:25,,,,https://www.cinemark.com.ar/peliculas/yo-narciso
,Cinemark Hoyts,Unicenter,,"YO, NARCISO",2D Doblada,20:30,,,,https://www.cinemark.com.ar/peliculas/yo-narciso
,Cinemark Hoyts,Unicenter,,PMMM: WALPURGISNACHT RISING,2D Subtitulada,17:00,,,,https://www.cinemark.com.ar/peliculas/puella-magi-madoka-magica-walpurgisnacht-rising
,Cinemark Hoyts,Unicenter,,HECHIZO DE AMOR: LA MAGIA CONTINUA,2D Subtitulada,17:25,,,,https://www.cinemark.com.ar/peliculas/hechizo-de-amor-la-magia-continua
,Cinemark Hoyts,Unicenter,,QUEEN: LIVE IN BUDAPEST,2D Subtitulada,20:00,,,,https://www.cinemark.com.ar/peliculas/queen-live-in-budapest-sub
,Cinemark Hoyts,Unicenter,,VÉRTIGO 2: PUNTO MUERTO,2D Subtitulada,20:10,,,,https://www.cinemark.com.ar/peliculas/vertigo-2-punto-muerto
,Cinemark Hoyts,Unicenter,,VÉRTIGO 2: PUNTO MUERTO,2D Subtitulada,22:30,,,,https://www.cinemark.com.ar/peliculas/vertigo-2-punto-muerto
,Cinemark Hoyts,Unicenter,,RELAJADAS Y MUY PELIGROSAS,2D Subtitulada,20:15,,,,https://www.cinemark.com.ar/peliculas/relajadas-y-muy-peligrosas
,Cinemark Hoyts,Caballito,,VERITY: LA SOMBRA DE UN ENGAÑO,2D Subtitulada,12:20,,,,https://www.cinemark.com.ar/peliculas/verity-la-sombra-de-un-engano
,Cinemark Hoyts,Caballito,,VERITY: LA SOMBRA DE UN ENGAÑO,2D Subtitulada,15:00,,,,https://www.cinemark.com.ar/peliculas/verity-la-sombra-de-un-engano
,Cinemark Hoyts,Caballito,,VERITY: LA SOMBRA DE UN ENGAÑO,2D Subtitulada,16:20,,,,https://www.cinemark.com.ar/peliculas/verity-la-sombra-de-un-engano
,Cinemark Hoyts,Caballito,,VERITY: LA SOMBRA DE UN ENGAÑO,2D Subtitulada,17:40,,,,https://www.cinemark.com.ar/peliculas/verity-la-sombra-de-un-engano
,Cinemark Hoyts,Caballito,,VERITY: LA SOMBRA DE UN ENGAÑO,2D Subtitulada,19:10,,,,https://www.cinemark.com.ar/peliculas/verity-la-sombra-de-un-engano
,Cinemark Hoyts,Caballito,,VERITY: LA SOMBRA DE UN ENGAÑO,2D Subtitulada,20:20,,,,https://www.cinemark.com.ar/peliculas/verity-la-sombra-de-un-engano
,Cinemark Hoyts,Caballito,,VERITY: LA SOMBRA DE UN ENGAÑO,2D Subtitulada,22:50,,,,https://www.cinemark.com.ar/peliculas/verity-la-sombra-de-un-engano
,Cinemark Hoyts,Caballito,,EL CORAZÓN DE LA BESTIA,2D Subtitulada,12:50,,,,https://www.cinemark.com.ar/peliculas/el-corazon-de-la-bestia
,Cinemark Hoyts,Caballito,,EL CORAZÓN DE LA BESTIA,2D Subtitulada,15:10,,,,https://www.cinemark.com.ar/peliculas/el-corazon-de-la-bestia
,Cinemark Hoyts,Caballito,,EL CORAZÓN DE LA BESTIA,2D Subtitulada,17:30,,,,https://www.cinemark.com.ar/peliculas/el-corazon-de-la-bestia
,Cinemark Hoyts,Caballito,,EL CORAZÓN DE LA BESTIA,2D Subtitulada,20:00,,,,https://www.cinemark.com.ar/peliculas/el-corazon-de-la-bestia
,Cinemark Hoyts,Caballito,,EL CORAZÓN DE LA BESTIA,2D Subtitulada,22:20,,,,https://www.cinemark.com.ar/peliculas/el-corazon-de-la-bestia
,Cinemark Hoyts,Caballito,,SPIDER-MAN: UN NUEVO DÍA,2D Subtitulada,13:00,,,,https://www.cinemark.com.ar/peliculas/spider-man-un-nuevo-dia
,Cinemark Hoyts,Caballito,,RESIDENT EVIL: NOCHE CERO,2D Doblada,13:10,,,,https://www.cinemark.com.ar/peliculas/resident-evil-noche-cero
,Cinemark Hoyts,Caballito,,RESIDENT EVIL: NOCHE CERO,2D Subtitulada,15:30,,,,https://www.cinemark.com.ar/peliculas/resident-evil-noche-cero
,Cinemark Hoyts,Caballito,,RESIDENT EVIL: NOCHE CERO,2D Doblada,17:50,,,,https://www.cinemark.com.ar/peliculas/resident-evil-noche-cero
,Cinemark Hoyts,Caballito,,RESIDENT EVIL: NOCHE CERO,2D Subtitulada,20:10,,,,https://www.cinemark.com.ar/peliculas/resident-evil-noche-cero
,Cinemark Hoyts,Caballito,,RESIDENT EVIL: NOCHE CERO,2D Subtitulada,22:40,,,,https://www.cinemark.com.ar/peliculas/resident-evil-noche-cero
,Cinemark Hoyts,Caballito,,LA ISLA OLVIDADA,2D Doblada,13:30,,,,https://www.cinemark.com.ar/peliculas/la-isla-olvidada
,Cinemark Hoyts,Caballito,,LA ISLA OLVIDADA,2D Doblada,16:00,,,,https://www.cinemark.com.ar/peliculas/la-isla-olvidada
,Cinemark Hoyts,Caballito,,DIGGER,2D Subtitulada,13:50,,,,https://www.cinemark.com.ar/peliculas/digger
,Cinemark Hoyts,Caballito,,DIGGER,2D Subtitulada,16:40,,,,https://www.cinemark.com.ar/peliculas/digger
,Cinemark Hoyts,Caballito,,DIGGER,2D Subtitulada,19:30,,,,https://www.cinemark.com.ar/peliculas/digger
,Cinemark Hoyts,Caballito,,DIGGER,2D Subtitulada,22:30,,,,https://www.cinemark.com.ar/peliculas/digger
,Cinemark Hoyts,Caballito,,AVENGERS: ENDGAME (RE ESTRENO),2D Subtitulada,18:30,,,,https://www.cinemark.com.ar/peliculas/avengers-endgame-re-estreno
,Cinemark Hoyts,Caballito,,AVENGERS: ENDGAME (RE ESTRENO),2D Subtitulada,22:10,,,,https://www.cinemark.com.ar/peliculas/avengers-endgame-re-estreno
,Cinemark Hoyts,Caballito,,LA ODISEA,2D Subtitulada,21:50,,,,https://www.cinemark.com.ar/peliculas/la-odisea
,Cinemark Hoyts,Tortugas,,VERITY: LA SOMBRA DE UN ENGAÑO,DBOX XD 2D Doblada,12:30,,,,https://www.cinemark.com.ar/peliculas/verity-la-sombra-de-un-engano
,Cinemark Hoyts,Tortugas,,VERITY: LA SOMBRA DE UN ENGAÑO,XD 2D Doblada,12:30,,,,https://www.cinemark.com.ar/peliculas/verity-la-sombra-de-un-engano
,Cinemark Hoyts,Tortugas,,VERITY: LA SOMBRA DE UN ENGAÑO,DBOX XD 2D Doblada,15:00,,,,https://www.cinemark.com.ar/peliculas/verity-la-sombra-de-un-engano
,Cinemark Hoyts,Tortugas,,VERITY: LA SOMBRA DE UN ENGAÑO,XD 2D Doblada,15:00,,,,https://www.cinemark.com.ar/peliculas/verity-la-sombra-de-un-engano
,Cinemark Hoyts,Tortugas,,VERITY: LA SOMBRA DE UN ENGAÑO,DBOX XD 2D Doblada,17:30,,,,https://www.cinemark.com.ar/peliculas/verity-la-sombra-de-un-engano
,Cinemark Hoyts,Tortugas,,VERITY: LA SOMBRA DE UN ENGAÑO,XD 2D Doblada,17:30,,,,https://www.cinemark.com.ar/peliculas/verity-la-sombra-de-un-engano
,Cinemark Hoyts,Tortugas,,VERITY: LA SOMBRA DE UN ENGAÑO,DBOX XD 2D Doblada,20:10,,,,https://www.cinemark.com.ar/peliculas/verity-la-sombra-de-un-engano
,Cinemark Hoyts,Tortugas,,VERITY: LA SOMBRA DE UN ENGAÑO,XD 2D Doblada,20:10,,,,https://www.cinemark.com.ar/peliculas/verity-la-sombra-de-un-engano
,Cinemark Hoyts,Tortugas,,VERITY: LA SOMBRA DE UN ENGAÑO,DBOX XD 2D Doblada,22:40,,,,https://www.cinemark.com.ar/peliculas/verity-la-sombra-de-un-engano
,Cinemark Hoyts,Tortugas,,VERITY: LA SOMBRA DE UN ENGAÑO,XD 2D Doblada,22:40,,,,https://www.cinemark.com.ar/peliculas/verity-la-sombra-de-un-engano
,Cinemark Hoyts,Tortugas,,GUARDIANES DEL MUSEO 2,2D Doblada,12:40,,,,https://www.cinemark.com.ar/peliculas/guardianes-del-museo-2
,Cinemark Hoyts,Tortugas,,GUARDIANES DEL MUSEO 2,2D Doblada,14:50,,,,https://www.cinemark.com.ar/peliculas/guardianes-del-museo-2
,Cinemark Hoyts,Tortugas,,GUARDIANES DEL MUSEO 2,2D Doblada,17:00,,,,https://www.cinemark.com.ar/peliculas/guardianes-del-museo-2
,Cinemark Hoyts,Tortugas,,RESIDENT EVIL: NOCHE CERO,2D Doblada,12:50,,,,https://www.cinemark.com.ar/peliculas/resident-evil-noche-cero
,Cinemark Hoyts,Tortugas,,RESIDENT EVIL: NOCHE CERO,2D Doblada,15:40,,,,https://www.cinemark.com.ar/peliculas/resident-evil-noche-cero
,Cinemark Hoyts,Tortugas,,RESIDENT EVIL: NOCHE CERO,2D Doblada,16:30,,,,https://www.cinemark.com.ar/peliculas/resident-evil-noche-cero
,Cinemark Hoyts,Tortugas,,RESIDENT EVIL: NOCHE CERO,2D Doblada,18:10,,,,https://www.cinemark.com.ar/peliculas/resident-evil-noche-cero
,Cinemark Hoyts,Tortugas,,RESIDENT EVIL: NOCHE CERO,2D Doblada,20:30,,,,https://www.cinemark.com.ar/peliculas/resident-evil-noche-cero
,Cinemark Hoyts,Tortugas,,RESIDENT EVIL: NOCHE CERO,2D Doblada,21:50,,,,https://www.cinemark.com.ar/peliculas/resident-evil-noche-cero
,Cinemark Hoyts,Tortugas,,RESIDENT EVIL: NOCHE CERO,2D Doblada,22:50,,,,https://www.cinemark.com.ar/peliculas/resident-evil-noche-cero
,Cinemark Hoyts,Tortugas,,ESCONDIDA EN MI CABEZA,2D Doblada,13:00,,,,https://www.cinemark.com.ar/peliculas/escondida-en-mi-cabeza
,Cinemark Hoyts,Tortugas,,ESCONDIDA EN MI CABEZA,2D Doblada,17:50,,,,https://www.cinemark.com.ar/peliculas/escondida-en-mi-cabeza
,Cinemark Hoyts,Tortugas,,ESCONDIDA EN MI CABEZA,2D Doblada,20:10,,,,https://www.cinemark.com.ar/peliculas/escondida-en-mi-cabeza
,Cinemark Hoyts,Tortugas,,AVENGERS: ENDGAME (RE ESTRENO),2D Doblada,13:10,,,,https://www.cinemark.com.ar/peliculas/avengers-endgame-re-estreno
,Cinemark Hoyts,Tortugas,,AVENGERS: ENDGAME (RE ESTRENO),3D Doblada,17:10,,,,https://www.cinemark.com.ar/peliculas/avengers-endgame-re-estreno
,Cinemark Hoyts,Tortugas,,AVENGERS: ENDGAME (RE ESTRENO),2D Doblada,21:20,,,,https://www.cinemark.com.ar/peliculas/avengers-endgame-re-estreno
,Cinemark Hoyts,Tortugas,,COYOTE VS ACME,2D Doblada,13:15,,,,https://www.cinemark.com.ar/peliculas/coyote-vs-acme
,Cinemark Hoyts,Tortugas,,COYOTE VS ACME,2D Doblada,18:30,,,,https://www.cinemark.com.ar/peliculas/coyote-vs-acme
,Cinemark Hoyts,Tortugas,,SPIDER-MAN: UN NUEVO DÍA,2D Doblada,13:20,,,,https://www.cinemark.com.ar/peliculas/spider-man-un-nuevo-dia
,Cinemark Hoyts,Tortugas,,SPIDER-MAN: UN NUEVO DÍA,2D Doblada,18:40,,,,https://www.cinemark.com.ar/peliculas/spider-man-un-nuevo-dia
,Cinemark Hoyts,Tortugas,,DIGGER,DBOX 2D Doblada,13:30,,,,https://www.cinemark.com.ar/peliculas/digger
,Cinemark Hoyts,Tortugas,,DIGGER,2D Doblada,13:30,,,,https://www.cinemark.com.ar/peliculas/digger
,Cinemark Hoyts,Tortugas,,DIGGER,DBOX 2D Doblada,16:20,,,,https://www.cinemark.com.ar/peliculas/digger
,Cinemark Hoyts,Tortugas,,DIGGER,2D Doblada,16:20,,,,https://www.cinemark.com.ar/peliculas/digger
,Cinemark Hoyts,Tortugas,,DIGGER,DBOX 2D Subtitulada,19:10,,,,https://www.cinemark.com.ar/peliculas/digger
,Cinemark Hoyts,Tortugas,,DIGGER,2D Subtitulada,19:10,,,,https://www.cinemark.com.ar/peliculas/digger
,Cinemark Hoyts,Tortugas,,DIGGER,DBOX 2D Doblada,22:00,,,,https://www.cinemark.com.ar/peliculas/digger
,Cinemark Hoyts,Tortugas,,DIGGER,2D Doblada,22:00,,,,https://www.cinemark.com.ar/peliculas/digger
,Cinemark Hoyts,Tortugas,,EL CORAZÓN DE LA BESTIA,2D Doblada,14:20,,,,https://www.cinemark.com.ar/peliculas/el-corazon-de-la-bestia
,Cinemark Hoyts,Tortugas,,EL CORAZÓN DE LA BESTIA,2D Doblada,16:40,,,,https://www.cinemark.com.ar/peliculas/el-corazon-de-la-bestia
,Cinemark Hoyts,Tortugas,,EL CORAZÓN DE LA BESTIA,2D Doblada,19:00,,,,https://www.cinemark.com.ar/peliculas/el-corazon-de-la-bestia
,Cinemark Hoyts,Tortugas,,EL CORAZÓN DE LA BESTIA,2D Doblada,21:30,,,,https://www.cinemark.com.ar/peliculas/el-corazon-de-la-bestia
,Cinemark Hoyts,Tortugas,,VÉRTIGO 2: PUNTO MUERTO,2D Doblada,15:30,,,,https://www.cinemark.com.ar/peliculas/vertigo-2-punto-muerto
,Cinemark Hoyts,Tortugas,,VÉRTIGO 2: PUNTO MUERTO,2D Doblada,22:40,,,,https://www.cinemark.com.ar/peliculas/vertigo-2-punto-muerto
,Cinemark Hoyts,Tortugas,,LA ISLA OLVIDADA,2D Doblada,16:00,,,,https://www.cinemark.com.ar/peliculas/la-isla-olvidada
,Cinemark Hoyts,Tortugas,,QUEEN: LIVE IN BUDAPEST,2D Subtitulada,20:00,,,,https://www.cinemark.com.ar/peliculas/queen-live-in-budapest-sub
,Cinemark Hoyts,Tortugas,,LA ODISEA,2D Doblada,21:00,,,,https://www.cinemark.com.ar/peliculas/la-odisea
,Cinemark Hoyts,Tortugas,,LA NOCHE DEL DEMONIO 6,2D Doblada,23:00,,,,https://www.cinemark.com.ar/peliculas/la-noche-del-demonio-estan-entre-nosotros
,Cinemark Hoyts,Moreno,,VERITY: LA SOMBRA DE UN ENGAÑO,2D Doblada,12:30,,,,https://www.cinemark.com.ar/peliculas/verity-la-sombra-de-un-engano
,Cinemark Hoyts,Moreno,,VERITY: LA SOMBRA DE UN ENGAÑO,DBOX 2D Doblada,14:30,,,,https://www.cinemark.com.ar/peliculas/verity-la-sombra-de-un-engano
,Cinemark Hoyts,Moreno,,VERITY: LA SOMBRA DE UN ENGAÑO,2D Doblada,14:30,,,,https://www.cinemark.com.ar/peliculas/verity-la-sombra-de-un-engano
,Cinemark Hoyts,Moreno,,VERITY: LA SOMBRA DE UN ENGAÑO,2D Doblada,15:00,,,,https://www.cinemark.com.ar/peliculas/verity-la-sombra-de-un-engano
,Cinemark Hoyts,Moreno,,VERITY: LA SOMBRA DE UN ENGAÑO,DBOX 2D Doblada,17:10,,,,https://www.cinemark.com.ar/peliculas/verity-la-sombra-de-un-engano
,Cinemark Hoyts,Moreno,,VERITY: LA SOMBRA DE UN ENGAÑO,2D Doblada,17:10,,,,https://www.cinemark.com.ar/peliculas/verity-la-sombra-de-un-engano
,Cinemark Hoyts,Moreno,,VERITY: LA SOMBRA DE UN ENGAÑO,DBOX 2D Doblada,19:50,,,,https://www.cinemark.com.ar/peliculas/verity-la-sombra-de-un-engano
,Cinemark Hoyts,Moreno,,VERITY: LA SOMBRA DE UN ENGAÑO,2D Doblada,19:50,,,,https://www.cinemark.com.ar/peliculas/verity-la-sombra-de-un-engano
,Cinemark Hoyts,Moreno,,VERITY: LA SOMBRA DE UN ENGAÑO,2D Doblada,20:20,,,,https://www.cinemark.com.ar/peliculas/verity-la-sombra-de-un-engano
,Cinemark Hoyts,Moreno,,VERITY: LA SOMBRA DE UN ENGAÑO,DBOX 2D Doblada,22:30,,,,https://www.cinemark.com.ar/peliculas/verity-la-sombra-de-un-engano
,Cinemark Hoyts,Moreno,,VERITY: LA SOMBRA DE UN ENGAÑO,2D Doblada,22:30,,,,https://www.cinemark.com.ar/peliculas/verity-la-sombra-de-un-engano
,Cinemark Hoyts,Moreno,,ESCONDIDA EN MI CABEZA,2D Doblada,13:00,,,,https://www.cinemark.com.ar/peliculas/escondida-en-mi-cabeza
,Cinemark Hoyts,Moreno,,ESCONDIDA EN MI CABEZA,2D Doblada,17:50,,,,https://www.cinemark.com.ar/peliculas/escondida-en-mi-cabeza
,Cinemark Hoyts,Moreno,,ESCONDIDA EN MI CABEZA,2D Doblada,20:10,,,,https://www.cinemark.com.ar/peliculas/escondida-en-mi-cabeza
,Cinemark Hoyts,Moreno,,COYOTE VS ACME,2D Doblada,13:20,,,,https://www.cinemark.com.ar/peliculas/coyote-vs-acme
,Cinemark Hoyts,Moreno,,COYOTE VS ACME,2D Doblada,15:50,,,,https://www.cinemark.com.ar/peliculas/coyote-vs-acme
,Cinemark Hoyts,Moreno,,COYOTE VS ACME,2D Doblada,18:30,,,,https://www.cinemark.com.ar/peliculas/coyote-vs-acme
,Cinemark Hoyts,Moreno,,LA ISLA OLVIDADA,2D Doblada,13:30,,,,https://www.cinemark.com.ar/peliculas/la-isla-olvidada
,Cinemark Hoyts,Moreno,,LA ISLA OLVIDADA,2D Doblada,16:00,,,,https://www.cinemark.com.ar/peliculas/la-isla-olvidada
,Cinemark Hoyts,Moreno,,DIGGER,DBOX 2D Doblada,13:40,,,,https://www.cinemark.com.ar/peliculas/digger
,Cinemark Hoyts,Moreno,,DIGGER,2D Doblada,13:40,,,,https://www.cinemark.com.ar/peliculas/digger
,Cinemark Hoyts,Moreno,,DIGGER,DBOX 2D Doblada,16:40,,,,https://www.cinemark.com.ar/peliculas/digger
,Cinemark Hoyts,Moreno,,DIGGER,2D Doblada,16:40,,,,https://www.cinemark.com.ar/peliculas/digger
,Cinemark Hoyts,Moreno,,DIGGER,2D Doblada,17:30,,,,https://www.cinemark.com.ar/peliculas/digger
,Cinemark Hoyts,Moreno,,DIGGER,DBOX 2D Doblada,19:30,,,,https://www.cinemark.com.ar/peliculas/digger
,Cinemark Hoyts,Moreno,,DIGGER,2D Doblada,19:30,,,,https://www.cinemark.com.ar/peliculas/digger
,Cinemark Hoyts,Moreno,,DIGGER,DBOX 2D Doblada,22:20,,,,https://www.cinemark.com.ar/peliculas/digger
,Cinemark Hoyts,Moreno,,DIGGER,2D Doblada,22:20,,,,https://www.cinemark.com.ar/peliculas/digger
,Cinemark Hoyts,Moreno,,DIGGER,2D Doblada,23:00,,,,https://www.cinemark.com.ar/peliculas/digger
,Cinemark Hoyts,Moreno,,GUARDIANES DEL MUSEO 2,2D Doblada,13:50,,,,https://www.cinemark.com.ar/peliculas/guardianes-del-museo-2
,Cinemark Hoyts,Moreno,,GUARDIANES DEL MUSEO 2,2D Doblada,16:10,,,,https://www.cinemark.com.ar/peliculas/guardianes-del-museo-2
,Cinemark Hoyts,Moreno,,GUARDIANES DEL MUSEO 2,2D Doblada,18:20,,,,https://www.cinemark.com.ar/peliculas/guardianes-del-museo-2
,Cinemark Hoyts,Moreno,,AVENGERS: ENDGAME (RE ESTRENO),3D Doblada,14:10,,,,https://www.cinemark.com.ar/peliculas/avengers-endgame-re-estreno
,Cinemark Hoyts,Moreno,,AVENGERS: ENDGAME (RE ESTRENO),2D Doblada,18:10,,,,https://www.cinemark.com.ar/peliculas/avengers-endgame-re-estreno
,Cinemark Hoyts,Moreno,,AVENGERS: ENDGAME (RE ESTRENO),2D Doblada,21:00,,,,https://www.cinemark.com.ar/peliculas/avengers-endgame-re-estreno
,Cinemark Hoyts,Moreno,,AVENGERS: ENDGAME (RE ESTRENO),2D Doblada,22:10,,,,https://www.cinemark.com.ar/peliculas/avengers-endgame-re-estreno
,Cinemark Hoyts,Moreno,,RESIDENT EVIL: NOCHE CERO,2D Doblada,14:20,,,,https://www.cinemark.com.ar/peliculas/resident-evil-noche-cero
,Cinemark Hoyts,Moreno,,RESIDENT EVIL: NOCHE CERO,2D Doblada,16:50,,,,https://www.cinemark.com.ar/peliculas/resident-evil-noche-cero
,Cinemark Hoyts,Moreno,,RESIDENT EVIL: NOCHE CERO,2D Doblada,19:10,,,,https://www.cinemark.com.ar/peliculas/resident-evil-noche-cero
,Cinemark Hoyts,Moreno,,RESIDENT EVIL: NOCHE CERO,2D Doblada,21:30,,,,https://www.cinemark.com.ar/peliculas/resident-evil-noche-cero
,Cinemark Hoyts,Moreno,,RESIDENT EVIL: NOCHE CERO,2D Doblada,22:40,,,,https://www.cinemark.com.ar/peliculas/resident-evil-noche-cero
,Cinemark Hoyts,Moreno,,EL CORAZÓN DE LA BESTIA,2D Doblada,14:40,,,,https://www.cinemark.com.ar/peliculas/el-corazon-de-la-bestia
,Cinemark Hoyts,Moreno,,EL CORAZÓN DE LA BESTIA,2D Doblada,17:00,,,,https://www.cinemark.com.ar/peliculas/el-corazon-de-la-bestia
,Cinemark Hoyts,Moreno,,EL CORAZÓN DE LA BESTIA,2D Doblada,19:20,,,,https://www.cinemark.com.ar/peliculas/el-corazon-de-la-bestia
,Cinemark Hoyts,Moreno,,EL CORAZÓN DE LA BESTIA,2D Doblada,21:50,,,,https://www.cinemark.com.ar/peliculas/el-corazon-de-la-bestia
,Cinemark Hoyts,Moreno,,RELAJADAS Y MUY PELIGROSAS,2D Doblada,15:30,,,,https://www.cinemark.com.ar/peliculas/relajadas-y-muy-peligrosas
,Cinemark Hoyts,Moreno,,QUEEN: LIVE IN BUDAPEST,2D Subtitulada,20:00,,,,https://www.cinemark.com.ar/peliculas/queen-live-in-budapest-sub
,Cinemark Hoyts,Moreno,,VÉRTIGO 2: PUNTO MUERTO,2D Doblada,20:30,,,,https://www.cinemark.com.ar/peliculas/vertigo-2-punto-muerto
,Cinemark Hoyts,Moreno,,VÉRTIGO 2: PUNTO MUERTO,2D Doblada,22:50,,,,https://www.cinemark.com.ar/peliculas/vertigo-2-punto-muerto
,Cinemark Hoyts,Moreno,,SPIDER-MAN: UN NUEVO DÍA,2D Doblada,22:25,,,,https://www.cinemark.com.ar/peliculas/spider-man-un-nuevo-dia
,Cinemark Hoyts,Malvinas Argentinas,,RESIDENT EVIL: NOCHE CERO,2D Doblada,12:30,,,,https://www.cinemark.com.ar/peliculas/resident-evil-noche-cero
,Cinemark Hoyts,Malvinas Argentinas,,RESIDENT EVIL: NOCHE CERO,2D Doblada,14:50,,,,https://www.cinemark.com.ar/peliculas/resident-evil-noche-cero
,Cinemark Hoyts,Malvinas Argentinas,,RESIDENT EVIL: NOCHE CERO,2D Doblada,17:10,,,,https://www.cinemark.com.ar/peliculas/resident-evil-noche-cero
,Cinemark Hoyts,Malvinas Argentinas,,RESIDENT EVIL: NOCHE CERO,2D Doblada,19:30,,,,https://www.cinemark.com.ar/peliculas/resident-evil-noche-cero
,Cinemark Hoyts,Malvinas Argentinas,,RESIDENT EVIL: NOCHE CERO,2D Doblada,21:50,,,,https://www.cinemark.com.ar/peliculas/resident-evil-noche-cero
,Cinemark Hoyts,Malvinas Argentinas,,RESIDENT EVIL: NOCHE CERO,2D Doblada,23:00,,,,https://www.cinemark.com.ar/peliculas/resident-evil-noche-cero
,Cinemark Hoyts,Malvinas Argentinas,,EL CORAZÓN DE LA BESTIA,2D Doblada,12:40,,,,https://www.cinemark.com.ar/peliculas/el-corazon-de-la-bestia
,Cinemark Hoyts,Malvinas Argentinas,,EL CORAZÓN DE LA BESTIA,2D Doblada,15:00,,,,https://www.cinemark.com.ar/peliculas/el-corazon-de-la-bestia
,Cinemark Hoyts,Malvinas Argentinas,,EL CORAZÓN DE LA BESTIA,2D Doblada,17:20,,,,https://www.cinemark.com.ar/peliculas/el-corazon-de-la-bestia
,Cinemark Hoyts,Malvinas Argentinas,,EL CORAZÓN DE LA BESTIA,2D Subtitulada,19:40,,,,https://www.cinemark.com.ar/peliculas/el-corazon-de-la-bestia
,Cinemark Hoyts,Malvinas Argentinas,,EL CORAZÓN DE LA BESTIA,2D Doblada,22:00,,,,https://www.cinemark.com.ar/peliculas/el-corazon-de-la-bestia
,Cinemark Hoyts,Malvinas Argentinas,,VERITY: LA SOMBRA DE UN ENGAÑO,DBOX XD 2D Doblada,12:45,,,,https://www.cinemark.com.ar/peliculas/verity-la-sombra-de-un-engano
,Cinemark Hoyts,Malvinas Argentinas,,VERITY: LA SOMBRA DE UN ENGAÑO,XD 2D Doblada,12:45,,,,https://www.cinemark.com.ar/peliculas/verity-la-sombra-de-un-engano
,Cinemark Hoyts,Malvinas Argentinas,,VERITY: LA SOMBRA DE UN ENGAÑO,DBOX XD 2D Doblada,15:15,,,,https://www.cinemark.com.ar/peliculas/verity-la-sombra-de-un-engano
,Cinemark Hoyts,Malvinas Argentinas,,VERITY: LA SOMBRA DE UN ENGAÑO,XD 2D Doblada,15:15,,,,https://www.cinemark.com.ar/peliculas/verity-la-sombra-de-un-engano
,Cinemark Hoyts,Malvinas Argentinas,,VERITY: LA SOMBRA DE UN ENGAÑO,DBOX XD 2D Doblada,17:45,,,,https://www.cinemark.com.ar/peliculas/verity-la-sombra-de-un-engano
,Cinemark Hoyts,Malvinas Argentinas,,VERITY: LA SOMBRA DE UN ENGAÑO,XD 2D Doblada,17:45,,,,https://www.cinemark.com.ar/peliculas/verity-la-sombra-de-un-engano
,Cinemark Hoyts,Malvinas Argentinas,,VERITY: LA SOMBRA DE UN ENGAÑO,DBOX XD 2D Doblada,20:15,,,,https://www.cinemark.com.ar/peliculas/verity-la-sombra-de-un-engano
,Cinemark Hoyts,Malvinas Argentinas,,VERITY: LA SOMBRA DE UN ENGAÑO,XD 2D Doblada,20:15,,,,https://www.cinemark.com.ar/peliculas/verity-la-sombra-de-un-engano
,Cinemark Hoyts,Malvinas Argentinas,,VERITY: LA SOMBRA DE UN ENGAÑO,DBOX XD 2D Doblada,22:45,,,,https://www.cinemark.com.ar/peliculas/verity-la-sombra-de-un-engano
,Cinemark Hoyts,Malvinas Argentinas,,VERITY: LA SOMBRA DE UN ENGAÑO,XD 2D Doblada,22:45,,,,https://www.cinemark.com.ar/peliculas/verity-la-sombra-de-un-engano
,Cinemark Hoyts,Malvinas Argentinas,,DIGGER,DBOX 2D Doblada,13:00,,,,https://www.cinemark.com.ar/peliculas/digger
,Cinemark Hoyts,Malvinas Argentinas,,DIGGER,2D Doblada,13:00,,,,https://www.cinemark.com.ar/peliculas/digger
,Cinemark Hoyts,Malvinas Argentinas,,DIGGER,DBOX 2D Doblada,16:00,,,,https://www.cinemark.com.ar/peliculas/digger
,Cinemark Hoyts,Malvinas Argentinas,,DIGGER,2D Doblada,16:00,,,,https://www.cinemark.com.ar/peliculas/digger
,Cinemark Hoyts,Malvinas Argentinas,,DIGGER,DBOX 2D Subtitulada,19:00,,,,https://www.cinemark.com.ar/peliculas/digger
,Cinemark Hoyts,Malvinas Argentinas,,DIGGER,2D Subtitulada,19:00,,,,https://www.cinemark.com.ar/peliculas/digger
,Cinemark Hoyts,Malvinas Argentinas,,DIGGER,DBOX 2D Doblada,22:10,,,,https://www.cinemark.com.ar/peliculas/digger
,Cinemark Hoyts,Malvinas Argentinas,,DIGGER,2D Doblada,22:10,,,,https://www.cinemark.com.ar/peliculas/digger
,Cinemark Hoyts,Malvinas Argentinas,,ESCONDIDA EN MI CABEZA,2D Doblada,13:05,,,,https://www.cinemark.com.ar/peliculas/escondida-en-mi-cabeza
,Cinemark Hoyts,Malvinas Argentinas,,ESCONDIDA EN MI CABEZA,2D Doblada,17:40,,,,https://www.cinemark.com.ar/peliculas/escondida-en-mi-cabeza
,Cinemark Hoyts,Malvinas Argentinas,,ESCONDIDA EN MI CABEZA,2D Doblada,22:20,,,,https://www.cinemark.com.ar/peliculas/escondida-en-mi-cabeza
,Cinemark Hoyts,Malvinas Argentinas,,SPIDER-MAN: UN NUEVO DÍA,2D Doblada,13:20,,,,https://www.cinemark.com.ar/peliculas/spider-man-un-nuevo-dia
,Cinemark Hoyts,Malvinas Argentinas,,SPIDER-MAN: UN NUEVO DÍA,2D Doblada,16:40,,,,https://www.cinemark.com.ar/peliculas/spider-man-un-nuevo-dia
,Cinemark Hoyts,Malvinas Argentinas,,SPIDER-MAN: UN NUEVO DÍA,2D Doblada,19:50,,,,https://www.cinemark.com.ar/peliculas/spider-man-un-nuevo-dia
,Cinemark Hoyts,Malvinas Argentinas,,GUARDIANES DEL MUSEO 2,2D Doblada,13:30,,,,https://www.cinemark.com.ar/peliculas/guardianes-del-museo-2
,Cinemark Hoyts,Malvinas Argentinas,,GUARDIANES DEL MUSEO 2,2D Doblada,15:50,,,,https://www.cinemark.com.ar/peliculas/guardianes-del-museo-2
,Cinemark Hoyts,Malvinas Argentinas,,GUARDIANES DEL MUSEO 2,2D Doblada,18:10,,,,https://www.cinemark.com.ar/peliculas/guardianes-del-museo-2
,Cinemark Hoyts,Malvinas Argentinas,,COYOTE VS ACME,2D Doblada,13:40,,,,https://www.cinemark.com.ar/peliculas/coyote-vs-acme
,Cinemark Hoyts,Malvinas Argentinas,,COYOTE VS ACME,2D Doblada,16:20,,,,https://www.cinemark.com.ar/peliculas/coyote-vs-acme
,Cinemark Hoyts,Malvinas Argentinas,,COYOTE VS ACME,2D Doblada,18:50,,,,https://www.cinemark.com.ar/peliculas/coyote-vs-acme
,Cinemark Hoyts,Malvinas Argentinas,,LA ISLA OLVIDADA,2D Doblada,14:00,,,,https://www.cinemark.com.ar/peliculas/la-isla-olvidada
,Cinemark Hoyts,Malvinas Argentinas,,LA ISLA OLVIDADA,2D Doblada,16:30,,,,https://www.cinemark.com.ar/peliculas/la-isla-olvidada
,Cinemark Hoyts,Malvinas Argentinas,,AVENGERS: ENDGAME (RE ESTRENO),2D Doblada,14:40,,,,https://www.cinemark.com.ar/peliculas/avengers-endgame-re-estreno
,Cinemark Hoyts,Malvinas Argentinas,,AVENGERS: ENDGAME (RE ESTRENO),3D Doblada,18:40,,,,https://www.cinemark.com.ar/peliculas/avengers-endgame-re-estreno
,Cinemark Hoyts,Malvinas Argentinas,,AVENGERS: ENDGAME (RE ESTRENO),2D Doblada,21:20,,,,https://www.cinemark.com.ar/peliculas/avengers-endgame-re-estreno
,Cinemark Hoyts,Malvinas Argentinas,,AVENGERS: ENDGAME (RE ESTRENO),2D Doblada,22:30,,,,https://www.cinemark.com.ar/peliculas/avengers-endgame-re-estreno
,Cinemark Hoyts,Malvinas Argentinas,,RELAJADAS Y MUY PELIGROSAS,2D Doblada,15:25,,,,https://www.cinemark.com.ar/peliculas/relajadas-y-muy-peligrosas
,Cinemark Hoyts,Malvinas Argentinas,,LA ODISEA,2D Doblada,19:10,,,,https://www.cinemark.com.ar/peliculas/la-odisea
,Cinemark Hoyts,Malvinas Argentinas,,QUEEN: LIVE IN BUDAPEST,2D Subtitulada,20:00,,,,https://www.cinemark.com.ar/peliculas/queen-live-in-budapest-sub
,Cinemark Hoyts,Malvinas Argentinas,,VÉRTIGO 2: PUNTO MUERTO,2D Doblada,20:30,,,,https://www.cinemark.com.ar/peliculas/vertigo-2-punto-muerto
,Cinemark Hoyts,Malvinas Argentinas,,VÉRTIGO 2: PUNTO MUERTO,2D Doblada,22:55,,,,https://www.cinemark.com.ar/peliculas/vertigo-2-punto-muerto
,Cinemark Hoyts,Malvinas Argentinas,,LA NOCHE DEL DEMONIO 6,2D Doblada,22:40,,,,https://www.cinemark.com.ar/peliculas/la-noche-del-demonio-estan-entre-nosotros
,Cinemark Hoyts,Moron,,COYOTE VS ACME,2D Doblada,12:30,,,,https://www.cinemark.com.ar/peliculas/coyote-vs-acme
,Cinemark Hoyts,Moron,,COYOTE VS ACME,2D Doblada,15:00,,,,https://www.cinemark.com.ar/peliculas/coyote-vs-acme
,Cinemark Hoyts,Moron,,RESIDENT EVIL: NOCHE CERO,2D Doblada,12:40,,,,https://www.cinemark.com.ar/peliculas/resident-evil-noche-cero
,Cinemark Hoyts,Moron,,RESIDENT EVIL: NOCHE CERO,2D Doblada,15:10,,,,https://www.cinemark.com.ar/peliculas/resident-evil-noche-cero
,Cinemark Hoyts,Moron,,RESIDENT EVIL: NOCHE CERO,2D Doblada,17:20,,,,https://www.cinemark.com.ar/peliculas/resident-evil-noche-cero
,Cinemark Hoyts,Moron,,RESIDENT EVIL: NOCHE CERO,2D Doblada,19:50,,,,https://www.cinemark.com.ar/peliculas/resident-evil-noche-cero
,Cinemark Hoyts,Moron,,RESIDENT EVIL: NOCHE CERO,2D Doblada,20:30,,,,https://www.cinemark.com.ar/peliculas/resident-evil-noche-cero
,Cinemark Hoyts,Moron,,RESIDENT EVIL: NOCHE CERO,2D Doblada,22:20,,,,https://www.cinemark.com.ar/peliculas/resident-evil-noche-cero
,Cinemark Hoyts,Moron,,RESIDENT EVIL: NOCHE CERO,2D Doblada,23:00,,,,https://www.cinemark.com.ar/peliculas/resident-evil-noche-cero
,Cinemark Hoyts,Moron,,DIGGER,DBOX 2D Doblada,13:00,,,,https://www.cinemark.com.ar/peliculas/digger
,Cinemark Hoyts,Moron,,DIGGER,2D Doblada,13:00,,,,https://www.cinemark.com.ar/peliculas/digger
,Cinemark Hoyts,Moron,,DIGGER,DBOX 2D Doblada,16:00,,,,https://www.cinemark.com.ar/peliculas/digger
,Cinemark Hoyts,Moron,,DIGGER,2D Doblada,16:00,,,,https://www.cinemark.com.ar/peliculas/digger
,Cinemark Hoyts,Moron,,DIGGER,DBOX 2D Doblada,19:00,,,,https://www.cinemark.com.ar/peliculas/digger
,Cinemark Hoyts,Moron,,DIGGER,2D Doblada,19:00,,,,https://www.cinemark.com.ar/peliculas/digger
,Cinemark Hoyts,Moron,,DIGGER,DBOX 2D Subtitulada,22:00,,,,https://www.cinemark.com.ar/peliculas/digger
,Cinemark Hoyts,Moron,,DIGGER,2D Subtitulada,22:00,,,,https://www.cinemark.com.ar/peliculas/digger
,Cinemark Hoyts,Moron,,EL CORAZÓN DE LA BESTIA,2D Doblada,13:10,,,,https://www.cinemark.com.ar/peliculas/el-corazon-de-la-bestia
,Cinemark Hoyts,Moron,,EL CORAZÓN DE LA BESTIA,2D Doblada,15:30,,,,https://www.cinemark.com.ar/peliculas/el-corazon-de-la-bestia
,Cinemark Hoyts,Moron,,EL CORAZÓN DE LA BESTIA,2D Doblada,17:50,,,,https://www.cinemark.com.ar/peliculas/el-corazon-de-la-bestia
,Cinemark Hoyts,Moron,,EL CORAZÓN DE LA BESTIA,2D Doblada,20:10,,,,https://www.cinemark.com.ar/peliculas/el-corazon-de-la-bestia
,Cinemark Hoyts,Moron,,EL CORAZÓN DE LA BESTIA,2D Doblada,22:30,,,,https://www.cinemark.com.ar/peliculas/el-corazon-de-la-bestia
,Cinemark Hoyts,Moron,,GUARDIANES DEL MUSEO 2,2D Doblada,13:30,,,,https://www.cinemark.com.ar/peliculas/guardianes-del-museo-2
,Cinemark Hoyts,Moron,,GUARDIANES DEL MUSEO 2,2D Doblada,15:50,,,,https://www.cinemark.com.ar/peliculas/guardianes-del-museo-2
,Cinemark Hoyts,Moron,,GUARDIANES DEL MUSEO 2,2D Doblada,18:10,,,,https://www.cinemark.com.ar/peliculas/guardianes-del-museo-2
,Cinemark Hoyts,Moron,,AVENGERS: ENDGAME (RE ESTRENO),2D Doblada,13:50,,,,https://www.cinemark.com.ar/peliculas/avengers-endgame-re-estreno
,Cinemark Hoyts,Moron,,AVENGERS: ENDGAME (RE ESTRENO),2D Doblada,17:40,,,,https://www.cinemark.com.ar/peliculas/avengers-endgame-re-estreno
,Cinemark Hoyts,Moron,,AVENGERS: ENDGAME (RE ESTRENO),2D Doblada,21:40,,,,https://www.cinemark.com.ar/peliculas/avengers-endgame-re-estreno
,Cinemark Hoyts,Moron,,VERITY: LA SOMBRA DE UN ENGAÑO,DBOX 2D Doblada,14:20,,,,https://www.cinemark.com.ar/peliculas/verity-la-sombra-de-un-engano
,Cinemark Hoyts,Moron,,VERITY: LA SOMBRA DE UN ENGAÑO,2D Doblada,14:20,,,,https://www.cinemark.com.ar/peliculas/verity-la-sombra-de-un-engano
,Cinemark Hoyts,Moron,,VERITY: LA SOMBRA DE UN ENGAÑO,DBOX 2D Doblada,17:00,,,,https://www.cinemark.com.ar/peliculas/verity-la-sombra-de-un-engano
,Cinemark Hoyts,Moron,,VERITY: LA SOMBRA DE UN ENGAÑO,2D Doblada,17:00,,,,https://www.cinemark.com.ar/peliculas/verity-la-sombra-de-un-engano
,Cinemark Hoyts,Moron,,VERITY: LA SOMBRA DE UN ENGAÑO,DBOX 2D Doblada,19:30,,,,https://www.cinemark.com.ar/peliculas/verity-la-sombra-de-un-engano
,Cinemark Hoyts,Moron,,VERITY: LA SOMBRA DE UN ENGAÑO,2D Doblada,19:30,,,,https://www.cinemark.com.ar/peliculas/verity-la-sombra-de-un-engano
,Cinemark Hoyts,Moron,,VERITY: LA SOMBRA DE UN ENGAÑO,2D Doblada,20:00,,,,https://www.cinemark.com.ar/peliculas/verity-la-sombra-de-un-engano
,Cinemark Hoyts,Moron,,VERITY: LA SOMBRA DE UN ENGAÑO,DBOX 2D Doblada,22:10,,,,https://www.cinemark.com.ar/peliculas/verity-la-sombra-de-un-engano
,Cinemark Hoyts,Moron,,VERITY: LA SOMBRA DE UN ENGAÑO,2D Doblada,22:10,,,,https://www.cinemark.com.ar/peliculas/verity-la-sombra-de-un-engano
,Cinemark Hoyts,Moron,,LA ISLA OLVIDADA,2D Doblada,14:40,,,,https://www.cinemark.com.ar/peliculas/la-isla-olvidada
,Cinemark Hoyts,Moron,,SPIDER-MAN: UN NUEVO DÍA,2D Doblada,17:10,,,,https://www.cinemark.com.ar/peliculas/spider-man-un-nuevo-dia
,Cinemark Hoyts,Moron,,VÉRTIGO 2: PUNTO MUERTO,2D Doblada,17:30,,,,https://www.cinemark.com.ar/peliculas/vertigo-2-punto-muerto
,Cinemark Hoyts,Moron,,VÉRTIGO 2: PUNTO MUERTO,2D Doblada,22:40,,,,https://www.cinemark.com.ar/peliculas/vertigo-2-punto-muerto
,Cinemark Hoyts,Moron,,ESCONDIDA EN MI CABEZA,2D Doblada,20:20,,,,https://www.cinemark.com.ar/peliculas/escondida-en-mi-cabeza
,Cinemark Hoyts,Moron,,LA NOCHE DEL DEMONIO 6,2D Doblada,22:50,,,,https://www.cinemark.com.ar/peliculas/la-noche-del-demonio-estan-entre-nosotros
,Cinemark Hoyts,Abasto,,VERITY: LA SOMBRA DE UN ENGAÑO,DBOX 2D Doblada,12:40,,,,https://www.cinemark.com.ar/peliculas/verity-la-sombra-de-un-engano
,Cinemark Hoyts,Abasto,,VERITY: LA SOMBRA DE UN ENGAÑO,2D Doblada,12:40,,,,https://www.cinemark.com.ar/peliculas/verity-la-sombra-de-un-engano
,Cinemark Hoyts,Abasto,,VERITY: LA SOMBRA DE UN ENGAÑO,2D Doblada,14:00,,,,https://www.cinemark.com.ar/peliculas/verity-la-sombra-de-un-engano
,Cinemark Hoyts,Abasto,,VERITY: LA SOMBRA DE UN ENGAÑO,DBOX 2D Doblada,15:15,,,,https://www.cinemark.com.ar/peliculas/verity-la-sombra-de-un-engano
,Cinemark Hoyts,Abasto,,VERITY: LA SOMBRA DE UN ENGAÑO,2D Doblada,15:15,,,,https://www.cinemark.com.ar/peliculas/verity-la-sombra-de-un-engano
,Cinemark Hoyts,Abasto,,VERITY: LA SOMBRA DE UN ENGAÑO,DBOX 2D Doblada,17:50,,,,https://www.cinemark.com.ar/peliculas/verity-la-sombra-de-un-engano
,Cinemark Hoyts,Abasto,,VERITY: LA SOMBRA DE UN ENGAÑO,2D Doblada,17:50,,,,https://www.cinemark.com.ar/peliculas/verity-la-sombra-de-un-engano
,Cinemark Hoyts,Abasto,,VERITY: LA SOMBRA DE UN ENGAÑO,2D Doblada,19:30,,,,https://www.cinemark.com.ar/peliculas/verity-la-sombra-de-un-engano
,Cinemark Hoyts,Abasto,,VERITY: LA SOMBRA DE UN ENGAÑO,DBOX 2D Doblada,20:25,,,,https://www.cinemark.com.ar/peliculas/verity-la-sombra-de-un-engano
,Cinemark Hoyts,Abasto,,VERITY: LA SOMBRA DE UN ENGAÑO,2D Doblada,20:25,,,,https://www.cinemark.com.ar/peliculas/verity-la-sombra-de-un-engano
,Cinemark Hoyts,Abasto,,VERITY: LA SOMBRA DE UN ENGAÑO,2D Doblada,22:20,,,,https://www.cinemark.com.ar/peliculas/verity-la-sombra-de-un-engano
,Cinemark Hoyts,Abasto,,VERITY: LA SOMBRA DE UN ENGAÑO,DBOX 2D Doblada,23:00,,,,https://www.cinemark.com.ar/peliculas/verity-la-sombra-de-un-engano
,Cinemark Hoyts,Abasto,,VERITY: LA SOMBRA DE UN ENGAÑO,2D Doblada,23:00,,,,https://www.cinemark.com.ar/peliculas/verity-la-sombra-de-un-engano
,Cinemark Hoyts,Abasto,,DIGGER,DBOX 2D Doblada,13:00,,,,https://www.cinemark.com.ar/peliculas/digger
,Cinemark Hoyts,Abasto,,DIGGER,2D Doblada,13:00,,,,https://www.cinemark.com.ar/peliculas/digger
,Cinemark Hoyts,Abasto,,DIGGER,DBOX 2D Doblada,15:55,,,,https://www.cinemark.com.ar/peliculas/digger
,Cinemark Hoyts,Abasto,,DIGGER,2D Doblada,15:55,,,,https://www.cinemark.com.ar/peliculas/digger
,Cinemark Hoyts,Abasto,,DIGGER,DBOX 2D Subtitulada,19:00,,,,https://www.cinemark.com.ar/peliculas/digger
,Cinemark Hoyts,Abasto,,DIGGER,2D Subtitulada,19:00,,,,https://www.cinemark.com.ar/peliculas/digger
,Cinemark Hoyts,Abasto,,DIGGER,DBOX 2D Doblada,22:00,,,,https://www.cinemark.com.ar/peliculas/digger
,Cinemark Hoyts,Abasto,,DIGGER,2D Doblada,22:00,,,,https://www.cinemark.com.ar/peliculas/digger
,Cinemark Hoyts,Abasto,,DIGGER,2D Subtitulada,23:00,,,,https://www.cinemark.com.ar/peliculas/digger
,Cinemark Hoyts,Abasto,,SPIDER-MAN: UN NUEVO DÍA,2D Doblada,13:00,,,,https://www.cinemark.com.ar/peliculas/spider-man-un-nuevo-dia
,Cinemark Hoyts,Abasto,,SPIDER-MAN: UN NUEVO DÍA,2D Doblada,16:10,,,,https://www.cinemark.com.ar/peliculas/spider-man-un-nuevo-dia
,Cinemark Hoyts,Abasto,,SPIDER-MAN: UN NUEVO DÍA,2D Doblada,19:20,,,,https://www.cinemark.com.ar/peliculas/spider-man-un-nuevo-dia
,Cinemark Hoyts,Abasto,,EL CORAZÓN DE LA BESTIA,2D Doblada,13:10,,,,https://www.cinemark.com.ar/peliculas/el-corazon-de-la-bestia
,Cinemark Hoyts,Abasto,,EL CORAZÓN DE LA BESTIA,2D Doblada,15:30,,,,https://www.cinemark.com.ar/peliculas/el-corazon-de-la-bestia
,Cinemark Hoyts,Abasto,,EL CORAZÓN DE LA BESTIA,2D Doblada,17:50,,,,https://www.cinemark.com.ar/peliculas/el-corazon-de-la-bestia
,Cinemark Hoyts,Abasto,,EL CORAZÓN DE LA BESTIA,2D Subtitulada,20:20,,,,https://www.cinemark.com.ar/peliculas/el-corazon-de-la-bestia
,Cinemark Hoyts,Abasto,,EL CORAZÓN DE LA BESTIA,2D Doblada,22:45,,,,https://www.cinemark.com.ar/peliculas/el-corazon-de-la-bestia
,Cinemark Hoyts,Abasto,,GUARDIANES DEL MUSEO 2,2D Doblada,13:15,,,,https://www.cinemark.com.ar/peliculas/guardianes-del-museo-2
,Cinemark Hoyts,Abasto,,GUARDIANES DEL MUSEO 2,2D Doblada,15:30,,,,https://www.cinemark.com.ar/peliculas/guardianes-del-museo-2
,Cinemark Hoyts,Abasto,,GUARDIANES DEL MUSEO 2,2D Doblada,17:45,,,,https://www.cinemark.com.ar/peliculas/guardianes-del-museo-2
,Cinemark Hoyts,Abasto,,RESIDENT EVIL: NOCHE CERO,DBOX 2D Doblada,13:20,,,,https://www.cinemark.com.ar/peliculas/resident-evil-noche-cero
,Cinemark Hoyts,Abasto,,RESIDENT EVIL: NOCHE CERO,2D Doblada,13:20,,,,https://www.cinemark.com.ar/peliculas/resident-evil-noche-cero
,Cinemark Hoyts,Abasto,,RESIDENT EVIL: NOCHE CERO,2D Doblada,14:40,,,,https://www.cinemark.com.ar/peliculas/resident-evil-noche-cero
,Cinemark Hoyts,Abasto,,RESIDENT EVIL: NOCHE CERO,DBOX 2D Doblada,15:40,,,,https://www.cinemark.com.ar/peliculas/resident-evil-noche-cero
,Cinemark Hoyts,Abasto,,RESIDENT EVIL: NOCHE CERO,2D Doblada,15:40,,,,https://www.cinemark.com.ar/peliculas/resident-evil-noche-cero
,Cinemark Hoyts,Abasto,,RESIDENT EVIL: NOCHE CERO,2D Doblada,17:10,,,,https://www.cinemark.com.ar/peliculas/resident-evil-noche-cero
,Cinemark Hoyts,Abasto,,RESIDENT EVIL: NOCHE CERO,DBOX 2D Doblada,18:10,,,,https://www.cinemark.com.ar/peliculas/resident-evil-noche-cero
,Cinemark Hoyts,Abasto,,RESIDENT EVIL: NOCHE CERO,2D Doblada,18:10,,,,https://www.cinemark.com.ar/peliculas/resident-evil-noche-cero
,Cinemark Hoyts,Abasto,,RESIDENT EVIL: NOCHE CERO,DBOX 2D Doblada,20:30,,,,https://www.cinemark.com.ar/peliculas/resident-evil-noche-cero
,Cinemark Hoyts,Abasto,,RESIDENT EVIL: NOCHE CERO,2D Doblada,20:30,,,,https://www.cinemark.com.ar/peliculas/resident-evil-noche-cero
,Cinemark Hoyts,Abasto,,RESIDENT EVIL: NOCHE CERO,2D Doblada,21:50,,,,https://www.cinemark.com.ar/peliculas/resident-evil-noche-cero
,Cinemark Hoyts,Abasto,,RESIDENT EVIL: NOCHE CERO,DBOX 2D Doblada,22:50,,,,https://www.cinemark.com.ar/peliculas/resident-evil-noche-cero
,Cinemark Hoyts,Abasto,,RESIDENT EVIL: NOCHE CERO,2D Doblada,22:50,,,,https://www.cinemark.com.ar/peliculas/resident-evil-noche-cero
,Cinemark Hoyts,Abasto,,ESCONDIDA EN MI CABEZA,2D Doblada,13:20,,,,https://www.cinemark.com.ar/peliculas/escondida-en-mi-cabeza
,Cinemark Hoyts,Abasto,,ESCONDIDA EN MI CABEZA,2D Doblada,18:10,,,,https://www.cinemark.com.ar/peliculas/escondida-en-mi-cabeza
,Cinemark Hoyts,Abasto,,ESCONDIDA EN MI CABEZA,2D Doblada,20:30,,,,https://www.cinemark.com.ar/peliculas/escondida-en-mi-cabeza
,Cinemark Hoyts,Abasto,,COYOTE VS ACME,2D Doblada,13:30,,,,https://www.cinemark.com.ar/peliculas/coyote-vs-acme
,Cinemark Hoyts,Abasto,,COYOTE VS ACME,2D Doblada,16:00,,,,https://www.cinemark.com.ar/peliculas/coyote-vs-acme
,Cinemark Hoyts,Abasto,,COYOTE VS ACME,2D Doblada,18:30,,,,https://www.cinemark.com.ar/peliculas/coyote-vs-acme
,Cinemark Hoyts,Abasto,,LA ISLA OLVIDADA,2D Doblada,14:30,,,,https://www.cinemark.com.ar/peliculas/la-isla-olvidada
,Cinemark Hoyts,Abasto,,LA ISLA OLVIDADA,2D Doblada,17:00,,,,https://www.cinemark.com.ar/peliculas/la-isla-olvidada
,Cinemark Hoyts,Abasto,,AVENGERS: ENDGAME (RE ESTRENO),2D Doblada,14:35,,,,https://www.cinemark.com.ar/peliculas/avengers-endgame-re-estreno
,Cinemark Hoyts,Abasto,,AVENGERS: ENDGAME (RE ESTRENO),3D Doblada,18:20,,,,https://www.cinemark.com.ar/peliculas/avengers-endgame-re-estreno
,Cinemark Hoyts,Abasto,,AVENGERS: ENDGAME (RE ESTRENO),2D Doblada,21:00,,,,https://www.cinemark.com.ar/peliculas/avengers-endgame-re-estreno
,Cinemark Hoyts,Abasto,,AVENGERS: ENDGAME (RE ESTRENO),2D Doblada,22:10,,,,https://www.cinemark.com.ar/peliculas/avengers-endgame-re-estreno
,Cinemark Hoyts,Abasto,,"YO, NARCISO",2D Doblada,15:45,,,,https://www.cinemark.com.ar/peliculas/yo-narciso
,Cinemark Hoyts,Abasto,,PMMM: WALPURGISNACHT RISING,2D Subtitulada,17:00,,,,https://www.cinemark.com.ar/peliculas/puella-magi-madoka-magica-walpurgisnacht-rising
,Cinemark Hoyts,Abasto,,PMMM: WALPURGISNACHT RISING,2D Subtitulada,20:00,,,,https://www.cinemark.com.ar/peliculas/puella-magi-madoka-magica-walpurgisnacht-rising
,Cinemark Hoyts,Abasto,,VÉRTIGO 2: PUNTO MUERTO,2D Doblada,19:30,,,,https://www.cinemark.com.ar/peliculas/vertigo-2-punto-muerto
,Cinemark Hoyts,Abasto,,VÉRTIGO 2: PUNTO MUERTO,2D Doblada,23:00,,,,https://www.cinemark.com.ar/peliculas/vertigo-2-punto-muerto
,Cinemark Hoyts,Abasto,,QUEEN: LIVE IN BUDAPEST,2D Subtitulada,20:00,,,,https://www.cinemark.com.ar/peliculas/queen-live-in-budapest-sub
,Cinemark Hoyts,Abasto,,LA ODISEA,2D Doblada,22:30,,,,https://www.cinemark.com.ar/peliculas/la-odisea
,Cinemark Hoyts,Abasto,,LA NOCHE DEL DEMONIO 6,2D Doblada,22:50,,,,https://www.cinemark.com.ar/peliculas/la-noche-del-demonio-estan-entre-nosotros
,Cinemark Hoyts,Quilmes,,ESCONDIDA EN MI CABEZA,2D Doblada,13:00,,,,https://www.cinemark.com.ar/peliculas/escondida-en-mi-cabeza
,Cinemark Hoyts,Quilmes,,ESCONDIDA EN MI CABEZA,2D Doblada,20:25,,,,https://www.cinemark.com.ar/peliculas/escondida-en-mi-cabeza
,Cinemark Hoyts,Quilmes,,ESCONDIDA EN MI CABEZA,2D Doblada,22:50,,,,https://www.cinemark.com.ar/peliculas/escondida-en-mi-cabeza
,Cinemark Hoyts,Quilmes,,SPIDER-MAN: UN NUEVO DÍA,2D Doblada,13:00,,,,https://www.cinemark.com.ar/peliculas/spider-man-un-nuevo-dia
,Cinemark Hoyts,Quilmes,,SPIDER-MAN: UN NUEVO DÍA,2D Doblada,16:10,,,,https://www.cinemark.com.ar/peliculas/spider-man-un-nuevo-dia
,Cinemark Hoyts,Quilmes,,SPIDER-MAN: UN NUEVO DÍA,2D Doblada,22:40,,,,https://www.cinemark.com.ar/peliculas/spider-man-un-nuevo-dia
,Cinemark Hoyts,Quilmes,,GUARDIANES DEL MUSEO 2,2D Doblada,13:30,,,,https://www.cinemark.com.ar/peliculas/guardianes-del-museo-2
,Cinemark Hoyts,Quilmes,,GUARDIANES DEL MUSEO 2,2D Doblada,15:55,,,,https://www.cinemark.com.ar/peliculas/guardianes-del-museo-2
,Cinemark Hoyts,Quilmes,,GUARDIANES DEL MUSEO 2,2D Doblada,18:20,,,,https://www.cinemark.com.ar/peliculas/guardianes-del-museo-2
,Cinemark Hoyts,Quilmes,,DIGGER,2D Doblada,13:40,,,,https://www.cinemark.com.ar/peliculas/digger
,Cinemark Hoyts,Quilmes,,DIGGER,2D Doblada,16:50,,,,https://www.cinemark.com.ar/peliculas/digger
,Cinemark Hoyts,Quilmes,,DIGGER,2D Doblada,19:40,,,,https://www.cinemark.com.ar/peliculas/digger
,Cinemark Hoyts,Quilmes,,DIGGER,2D Doblada,22:30,,,,https://www.cinemark.com.ar/peliculas/digger
,Cinemark Hoyts,Quilmes,,VERITY: LA SOMBRA DE UN ENGAÑO,2D Doblada,13:50,,,,https://www.cinemark.com.ar/peliculas/verity-la-sombra-de-un-engano
,Cinemark Hoyts,Quilmes,,VERITY: LA SOMBRA DE UN ENGAÑO,2D Doblada,16:30,,,,https://www.cinemark.com.ar/peliculas/verity-la-sombra-de-un-engano
,Cinemark Hoyts,Quilmes,,VERITY: LA SOMBRA DE UN ENGAÑO,2D Doblada,19:20,,,,https://www.cinemark.com.ar/peliculas/verity-la-sombra-de-un-engano
,Cinemark Hoyts,Quilmes,,VERITY: LA SOMBRA DE UN ENGAÑO,2D Doblada,19:50,,,,https://www.cinemark.com.ar/peliculas/verity-la-sombra-de-un-engano
,Cinemark Hoyts,Quilmes,,VERITY: LA SOMBRA DE UN ENGAÑO,2D Doblada,22:00,,,,https://www.cinemark.com.ar/peliculas/verity-la-sombra-de-un-engano
,Cinemark Hoyts,Quilmes,,AVENGERS: ENDGAME (RE ESTRENO),2D Doblada,14:00,,,,https://www.cinemark.com.ar/peliculas/avengers-endgame-re-estreno
,Cinemark Hoyts,Quilmes,,AVENGERS: ENDGAME (RE ESTRENO),4D 3D IV Doblada,14:30,,,,https://www.cinemark.com.ar/peliculas/avengers-endgame-re-estreno
,Cinemark Hoyts,Quilmes,,AVENGERS: ENDGAME (RE ESTRENO),2D Doblada,18:00,,,,https://www.cinemark.com.ar/peliculas/avengers-endgame-re-estreno
,Cinemark Hoyts,Quilmes,,AVENGERS: ENDGAME (RE ESTRENO),4D 3D IV Doblada,18:30,,,,https://www.cinemark.com.ar/peliculas/avengers-endgame-re-estreno
,Cinemark Hoyts,Quilmes,,AVENGERS: ENDGAME (RE ESTRENO),2D Subtitulada,22:10,,,,https://www.cinemark.com.ar/peliculas/avengers-endgame-re-estreno
,Cinemark Hoyts,Quilmes,,AVENGERS: ENDGAME (RE ESTRENO),4D 3D IV Doblada,22:30,,,,https://www.cinemark.com.ar/peliculas/avengers-endgame-re-estreno
,Cinemark Hoyts,Quilmes,,EL CORAZÓN DE LA BESTIA,2D Doblada,14:05,,,,https://www.cinemark.com.ar/peliculas/el-corazon-de-la-bestia
,Cinemark Hoyts,Quilmes,,EL CORAZÓN DE LA BESTIA,2D Doblada,16:30,,,,https://www.cinemark.com.ar/peliculas/el-corazon-de-la-bestia
,Cinemark Hoyts,Quilmes,,EL CORAZÓN DE LA BESTIA,2D Doblada,19:00,,,,https://www.cinemark.com.ar/peliculas/el-corazon-de-la-bestia
,Cinemark Hoyts,Quilmes,,EL CORAZÓN DE LA BESTIA,2D Doblada,21:40,,,,https://www.cinemark.com.ar/peliculas/el-corazon-de-la-bestia
,Cinemark Hoyts,Quilmes,,COYOTE VS ACME,2D Doblada,14:10,,,,https://www.cinemark.com.ar/peliculas/coyote-vs-acme
,Cinemark Hoyts,Quilmes,,COYOTE VS ACME,2D Doblada,16:40,,,,https://www.cinemark.com.ar/peliculas/coyote-vs-acme
,Cinemark Hoyts,Quilmes,,COYOTE VS ACME,2D Doblada,19:10,,,,https://www.cinemark.com.ar/peliculas/coyote-vs-acme
,Cinemark Hoyts,Quilmes,,RESIDENT EVIL: NOCHE CERO,2D Doblada,14:30,,,,https://www.cinemark.com.ar/peliculas/resident-evil-noche-cero
,Cinemark Hoyts,Quilmes,,RESIDENT EVIL: NOCHE CERO,2D Doblada,14:40,,,,https://www.cinemark.com.ar/peliculas/resident-evil-noche-cero
,Cinemark Hoyts,Quilmes,,RESIDENT EVIL: NOCHE CERO,2D Doblada,16:50,,,,https://www.cinemark.com.ar/peliculas/resident-evil-noche-cero
,Cinemark Hoyts,Quilmes,,RESIDENT EVIL: NOCHE CERO,2D Doblada,19:00,,,,https://www.cinemark.com.ar/peliculas/resident-evil-noche-cero
,Cinemark Hoyts,Quilmes,,RESIDENT EVIL: NOCHE CERO,2D Doblada,20:00,,,,https://www.cinemark.com.ar/peliculas/resident-evil-noche-cero
,Cinemark Hoyts,Quilmes,,RESIDENT EVIL: NOCHE CERO,2D Subtitulada,21:30,,,,https://www.cinemark.com.ar/peliculas/resident-evil-noche-cero
,Cinemark Hoyts,Quilmes,,RESIDENT EVIL: NOCHE CERO,2D Doblada,22:20,,,,https://www.cinemark.com.ar/peliculas/resident-evil-noche-cero
,Cinemark Hoyts,Quilmes,,RESIDENT EVIL: NOCHE CERO,2D Subtitulada,22:35,,,,https://www.cinemark.com.ar/peliculas/resident-evil-noche-cero
,Cinemark Hoyts,Quilmes,,LA ISLA OLVIDADA,2D Doblada,14:30,,,,https://www.cinemark.com.ar/peliculas/la-isla-olvidada
,Cinemark Hoyts,Quilmes,,LA ISLA OLVIDADA,2D Doblada,17:00,,,,https://www.cinemark.com.ar/peliculas/la-isla-olvidada
,Cinemark Hoyts,Quilmes,,VÉRTIGO 2: PUNTO MUERTO,2D Doblada,15:20,,,,https://www.cinemark.com.ar/peliculas/vertigo-2-punto-muerto
,Cinemark Hoyts,Quilmes,,VÉRTIGO 2: PUNTO MUERTO,2D Doblada,20:40,,,,https://www.cinemark.com.ar/peliculas/vertigo-2-punto-muerto
,Cinemark Hoyts,Quilmes,,VÉRTIGO 2: PUNTO MUERTO,2D Doblada,23:00,,,,https://www.cinemark.com.ar/peliculas/vertigo-2-punto-muerto
,Cinemark Hoyts,Quilmes,,PMMM: WALPURGISNACHT RISING,2D Subtitulada,17:00,,,,https://www.cinemark.com.ar/peliculas/puella-magi-madoka-magica-walpurgisnacht-rising
,Cinemark Hoyts,Quilmes,,RELAJADAS Y MUY PELIGROSAS,2D Doblada,18:00,,,,https://www.cinemark.com.ar/peliculas/relajadas-y-muy-peligrosas
,Cinemark Hoyts,Quilmes,,QUEEN: LIVE IN BUDAPEST,2D Subtitulada,20:00,,,,https://www.cinemark.com.ar/peliculas/queen-live-in-budapest-sub
,Cinemark Hoyts,Quilmes,,LA NOCHE DEL DEMONIO 6,2D Doblada,21:50,,,,https://www.cinemark.com.ar/peliculas/la-noche-del-demonio-estan-entre-nosotros
,Cinemark Hoyts,Alto Avellaneda,,LA ISLA OLVIDADA,2D Doblada,13:00,,,,https://www.cinemark.com.ar/peliculas/la-isla-olvidada
,Cinemark Hoyts,Alto Avellaneda,,RESIDENT EVIL: NOCHE CERO,2D Doblada,13:20,,,,https://www.cinemark.com.ar/peliculas/resident-evil-noche-cero
,Cinemark Hoyts,Alto Avellaneda,,RESIDENT EVIL: NOCHE CERO,2D Doblada,15:50,,,,https://www.cinemark.com.ar/peliculas/resident-evil-noche-cero
,Cinemark Hoyts,Alto Avellaneda,,RESIDENT EVIL: NOCHE CERO,2D Doblada,18:10,,,,https://www.cinemark.com.ar/peliculas/resident-evil-noche-cero
,Cinemark Hoyts,Alto Avellaneda,,RESIDENT EVIL: NOCHE CERO,2D Doblada,20:30,,,,https://www.cinemark.com.ar/peliculas/resident-evil-noche-cero
,Cinemark Hoyts,Alto Avellaneda,,RESIDENT EVIL: NOCHE CERO,2D Doblada,22:50,,,,https://www.cinemark.com.ar/peliculas/resident-evil-noche-cero
,Cinemark Hoyts,Alto Avellaneda,,DIGGER,DBOX 2D Doblada,13:30,,,,https://www.cinemark.com.ar/peliculas/digger
,Cinemark Hoyts,Alto Avellaneda,,DIGGER,2D Doblada,13:30,,,,https://www.cinemark.com.ar/peliculas/digger
,Cinemark Hoyts,Alto Avellaneda,,DIGGER,DBOX 2D Subtitulada,16:30,,,,https://www.cinemark.com.ar/peliculas/digger
,Cinemark Hoyts,Alto Avellaneda,,DIGGER,2D Subtitulada,16:30,,,,https://www.cinemark.com.ar/peliculas/digger
,Cinemark Hoyts,Alto Avellaneda,,DIGGER,DBOX 2D Doblada,19:30,,,,https://www.cinemark.com.ar/peliculas/digger
,Cinemark Hoyts,Alto Avellaneda,,DIGGER,2D Doblada,19:30,,,,https://www.cinemark.com.ar/peliculas/digger
,Cinemark Hoyts,Alto Avellaneda,,DIGGER,DBOX 2D Doblada,22:30,,,,https://www.cinemark.com.ar/peliculas/digger
,Cinemark Hoyts,Alto Avellaneda,,DIGGER,2D Doblada,22:30,,,,https://www.cinemark.com.ar/peliculas/digger
,Cinemark Hoyts,Alto Avellaneda,,COYOTE VS ACME,2D Doblada,13:30,,,,https://www.cinemark.com.ar/peliculas/coyote-vs-acme
,Cinemark Hoyts,Alto Avellaneda,,GUARDIANES DEL MUSEO 2,2D Doblada,13:40,,,,https://www.cinemark.com.ar/peliculas/guardianes-del-museo-2
,Cinemark Hoyts,Alto Avellaneda,,GUARDIANES DEL MUSEO 2,2D Doblada,15:50,,,,https://www.cinemark.com.ar/peliculas/guardianes-del-museo-2
,Cinemark Hoyts,Alto Avellaneda,,AVENGERS: ENDGAME (RE ESTRENO),2D Doblada,13:45,,,,https://www.cinemark.com.ar/peliculas/avengers-endgame-re-estreno
,Cinemark Hoyts,Alto Avellaneda,,AVENGERS: ENDGAME (RE ESTRENO),4D 3D IV Doblada,14:10,,,,https://www.cinemark.com.ar/peliculas/avengers-endgame-re-estreno
,Cinemark Hoyts,Alto Avellaneda,,AVENGERS: ENDGAME (RE ESTRENO),2D Doblada,17:30,,,,https://www.cinemark.com.ar/peliculas/avengers-endgame-re-estreno
,Cinemark Hoyts,Alto Avellaneda,,AVENGERS: ENDGAME (RE ESTRENO),4D 3D IV Doblada,18:00,,,,https://www.cinemark.com.ar/peliculas/avengers-endgame-re-estreno
,Cinemark Hoyts,Alto Avellaneda,,AVENGERS: ENDGAME (RE ESTRENO),2D Doblada,21:20,,,,https://www.cinemark.com.ar/peliculas/avengers-endgame-re-estreno
,Cinemark Hoyts,Alto Avellaneda,,AVENGERS: ENDGAME (RE ESTRENO),4D 3D IV Doblada,21:50,,,,https://www.cinemark.com.ar/peliculas/avengers-endgame-re-estreno
,Cinemark Hoyts,Alto Avellaneda,,VERITY: LA SOMBRA DE UN ENGAÑO,DBOX XD 2D Doblada,14:30,,,,https://www.cinemark.com.ar/peliculas/verity-la-sombra-de-un-engano
,Cinemark Hoyts,Alto Avellaneda,,VERITY: LA SOMBRA DE UN ENGAÑO,XD 2D Doblada,14:30,,,,https://www.cinemark.com.ar/peliculas/verity-la-sombra-de-un-engano
,Cinemark Hoyts,Alto Avellaneda,,VERITY: LA SOMBRA DE UN ENGAÑO,DBOX XD 2D Doblada,17:20,,,,https://www.cinemark.com.ar/peliculas/verity-la-sombra-de-un-engano
,Cinemark Hoyts,Alto Avellaneda,,VERITY: LA SOMBRA DE UN ENGAÑO,XD 2D Doblada,17:20,,,,https://www.cinemark.com.ar/peliculas/verity-la-sombra-de-un-engano
,Cinemark Hoyts,Alto Avellaneda,,VERITY: LA SOMBRA DE UN ENGAÑO,DBOX XD 2D Doblada,20:10,,,,https://www.cinemark.com.ar/peliculas/verity-la-sombra-de-un-engano
,Cinemark Hoyts,Alto Avellaneda,,VERITY: LA SOMBRA DE UN ENGAÑO,XD 2D Doblada,20:10,,,,https://www.cinemark.com.ar/peliculas/verity-la-sombra-de-un-engano
,Cinemark Hoyts,Alto Avellaneda,,VERITY: LA SOMBRA DE UN ENGAÑO,DBOX XD 2D Doblada,22:50,,,,https://www.cinemark.com.ar/peliculas/verity-la-sombra-de-un-engano
,Cinemark Hoyts,Alto Avellaneda,,VERITY: LA SOMBRA DE UN ENGAÑO,XD 2D Doblada,22:50,,,,https://www.cinemark.com.ar/peliculas/verity-la-sombra-de-un-engano
,Cinemark Hoyts,Alto Avellaneda,,EL CORAZÓN DE LA BESTIA,2D Doblada,15:30,,,,https://www.cinemark.com.ar/peliculas/el-corazon-de-la-bestia
,Cinemark Hoyts,Alto Avellaneda,,EL CORAZÓN DE LA BESTIA,2D Doblada,17:50,,,,https://www.cinemark.com.ar/peliculas/el-corazon-de-la-bestia
,Cinemark Hoyts,Alto Avellaneda,,EL CORAZÓN DE LA BESTIA,2D Doblada,20:10,,,,https://www.cinemark.com.ar/peliculas/el-corazon-de-la-bestia
,Cinemark Hoyts,Alto Avellaneda,,EL CORAZÓN DE LA BESTIA,2D Doblada,22:40,,,,https://www.cinemark.com.ar/peliculas/el-corazon-de-la-bestia
,Cinemark Hoyts,Alto Avellaneda,,LA NOCHE DEL DEMONIO 6,2D Doblada,16:00,,,,https://www.cinemark.com.ar/peliculas/la-noche-del-demonio-estan-entre-nosotros
,Cinemark Hoyts,Alto Avellaneda,,VÉRTIGO 2: PUNTO MUERTO,2D Doblada,18:00,,,,https://www.cinemark.com.ar/peliculas/vertigo-2-punto-muerto
,Cinemark Hoyts,Alto Avellaneda,,VÉRTIGO 2: PUNTO MUERTO,2D Doblada,23:00,,,,https://www.cinemark.com.ar/peliculas/vertigo-2-punto-muerto
,Cinemark Hoyts,Alto Avellaneda,,LA ODISEA,2D Doblada,18:30,,,,https://www.cinemark.com.ar/peliculas/la-odisea
,Cinemark Hoyts,Alto Avellaneda,,ESCONDIDA EN MI CABEZA,2D Doblada,20:30,,,,https://www.cinemark.com.ar/peliculas/escondida-en-mi-cabeza
,Cinemark Hoyts,Alto Avellaneda,,SPIDER-MAN: UN NUEVO DÍA,2D Doblada,22:10,,,,https://www.cinemark.com.ar/peliculas/spider-man-un-nuevo-dia
,Cinemark Hoyts,Soleil,,DIGGER,2D Doblada,13:30,,,,https://www.cinemark.com.ar/peliculas/digger
,Cinemark Hoyts,Soleil,,DIGGER,2D Doblada,16:30,,,,https://www.cinemark.com.ar/peliculas/digger
,Cinemark Hoyts,Soleil,,DIGGER,2D Doblada,19:30,,,,https://www.cinemark.com.ar/peliculas/digger
,Cinemark Hoyts,Soleil,,DIGGER,2D Doblada,22:30,,,,https://www.cinemark.com.ar/peliculas/digger
,Cinemark Hoyts,Soleil,,AVENGERS: ENDGAME (RE ESTRENO),2D Doblada,13:40,,,,https://www.cinemark.com.ar/peliculas/avengers-endgame-re-estreno
,Cinemark Hoyts,Soleil,,AVENGERS: ENDGAME (RE ESTRENO),3D Doblada,17:20,,,,https://www.cinemark.com.ar/peliculas/avengers-endgame-re-estreno
,Cinemark Hoyts,Soleil,,AVENGERS: ENDGAME (RE ESTRENO),2D Doblada,21:20,,,,https://www.cinemark.com.ar/peliculas/avengers-endgame-re-estreno
,Cinemark Hoyts,Soleil,,COYOTE VS ACME,2D Doblada,14:20,,,,https://www.cinemark.com.ar/peliculas/coyote-vs-acme
,Cinemark Hoyts,Soleil,,VERITY: LA SOMBRA DE UN ENGAÑO,2D Doblada,14:40,,,,https://www.cinemark.com.ar/peliculas/verity-la-sombra-de-un-engano
,Cinemark Hoyts,Soleil,,VERITY: LA SOMBRA DE UN ENGAÑO,2D Doblada,17:30,,,,https://www.cinemark.com.ar/peliculas/verity-la-sombra-de-un-engano
,Cinemark Hoyts,Soleil,,VERITY: LA SOMBRA DE UN ENGAÑO,2D Doblada,20:10,,,,https://www.cinemark.com.ar/peliculas/verity-la-sombra-de-un-engano
,Cinemark Hoyts,Soleil,,VERITY: LA SOMBRA DE UN ENGAÑO,2D Doblada,23:00,,,,https://www.cinemark.com.ar/peliculas/verity-la-sombra-de-un-engano
,Cinemark Hoyts,Soleil,,LA ISLA OLVIDADA,2D Doblada,15:00,,,,https://www.cinemark.com.ar/peliculas/la-isla-olvidada
,Cinemark Hoyts,Soleil,,RESIDENT EVIL: NOCHE CERO,2D Doblada,15:40,,,,https://www.cinemark.com.ar/peliculas/resident-evil-noche-cero
,Cinemark Hoyts,Soleil,,RESIDENT EVIL: NOCHE CERO,2D Doblada,17:40,,,,https://www.cinemark.com.ar/peliculas/resident-evil-noche-cero
,Cinemark Hoyts,Soleil,,RESIDENT EVIL: NOCHE CERO,2D Doblada,18:10,,,,https://www.cinemark.com.ar/peliculas/resident-evil-noche-cero
,Cinemark Hoyts,Soleil,,RESIDENT EVIL: NOCHE CERO,2D Doblada,20:30,,,,https://www.cinemark.com.ar/peliculas/resident-evil-noche-cero
,Cinemark Hoyts,Soleil,,RESIDENT EVIL: NOCHE CERO,2D Doblada,22:45,,,,https://www.cinemark.com.ar/peliculas/resident-evil-noche-cero
,Cinemark Hoyts,Soleil,,EL CORAZÓN DE LA BESTIA,2D Doblada,16:50,,,,https://www.cinemark.com.ar/peliculas/el-corazon-de-la-bestia
,Cinemark Hoyts,Soleil,,EL CORAZÓN DE LA BESTIA,2D Doblada,19:20,,,,https://www.cinemark.com.ar/peliculas/el-corazon-de-la-bestia
,Cinemark Hoyts,Soleil,,EL CORAZÓN DE LA BESTIA,2D Doblada,21:50,,,,https://www.cinemark.com.ar/peliculas/el-corazon-de-la-bestia
,Cinemark Hoyts,Soleil,,SPIDER-MAN: UN NUEVO DÍA,2D Doblada,20:00,,,,https://www.cinemark.com.ar/peliculas/spider-man-un-nuevo-dia
,Cinemark Hoyts,Soleil,,LA NOCHE DEL DEMONIO 6,2D Doblada,23:10,,,,https://www.cinemark.com.ar/peliculas/la-noche-del-demonio-estan-entre-nosotros
,Cinemark Hoyts,Puerto Madero,,DIGGER,2D Doblada,14:30,,,,https://www.cinemark.com.ar/peliculas/digger
,Cinemark Hoyts,Puerto Madero,,DIGGER,2D Doblada,17:20,,,,https://www.cinemark.com.ar/peliculas/digger
,Cinemark Hoyts,Puerto Madero,,DIGGER,2D Doblada,20:10,,,,https://www.cinemark.com.ar/peliculas/digger
,Cinemark Hoyts,Puerto Madero,,DIGGER,2D Doblada,22:00,,,,https://www.cinemark.com.ar/peliculas/digger
,Cinemark Hoyts,Puerto Madero,,DIGGER,2D Subtitulada,23:00,,,,https://www.cinemark.com.ar/peliculas/digger
,Cinemark Hoyts,Puerto Madero,,AVENGERS: ENDGAME (RE ESTRENO),2D Doblada,14:40,,,,https://www.cinemark.com.ar/peliculas/avengers-endgame-re-estreno
,Cinemark Hoyts,Puerto Madero,,AVENGERS: ENDGAME (RE ESTRENO),2D Doblada,18:30,,,,https://www.cinemark.com.ar/peliculas/avengers-endgame-re-estreno
,Cinemark Hoyts,Puerto Madero,,AVENGERS: ENDGAME (RE ESTRENO),2D Subtitulada,22:20,,,,https://www.cinemark.com.ar/peliculas/avengers-endgame-re-estreno
,Cinemark Hoyts,Puerto Madero,,VERITY: LA SOMBRA DE UN ENGAÑO,2D Doblada,14:40,,,,https://www.cinemark.com.ar/peliculas/verity-la-sombra-de-un-engano
,Cinemark Hoyts,Puerto Madero,,VERITY: LA SOMBRA DE UN ENGAÑO,2D Doblada,17:15,,,,https://www.cinemark.com.ar/peliculas/verity-la-sombra-de-un-engano
,Cinemark Hoyts,Puerto Madero,,VERITY: LA SOMBRA DE UN ENGAÑO,2D Subtitulada,19:15,,,,https://www.cinemark.com.ar/peliculas/verity-la-sombra-de-un-engano
,Cinemark Hoyts,Puerto Madero,,VERITY: LA SOMBRA DE UN ENGAÑO,2D Doblada,20:00,,,,https://www.cinemark.com.ar/peliculas/verity-la-sombra-de-un-engano
,Cinemark Hoyts,Puerto Madero,,VERITY: LA SOMBRA DE UN ENGAÑO,2D Subtitulada,22:40,,,,https://www.cinemark.com.ar/peliculas/verity-la-sombra-de-un-engano
,Cinemark Hoyts,Puerto Madero,,GUARDIANES DEL MUSEO 2,2D Doblada,14:50,,,,https://www.cinemark.com.ar/peliculas/guardianes-del-museo-2
,Cinemark Hoyts,Puerto Madero,,GUARDIANES DEL MUSEO 2,2D Doblada,17:10,,,,https://www.cinemark.com.ar/peliculas/guardianes-del-museo-2
,Cinemark Hoyts,Puerto Madero,,COYOTE VS ACME,2D Doblada,15:00,,,,https://www.cinemark.com.ar/peliculas/coyote-vs-acme
,Cinemark Hoyts,Puerto Madero,,COYOTE VS ACME,2D Doblada,17:30,,,,https://www.cinemark.com.ar/peliculas/coyote-vs-acme
,Cinemark Hoyts,Puerto Madero,,EL CORAZÓN DE LA BESTIA,2D Doblada,15:10,,,,https://www.cinemark.com.ar/peliculas/el-corazon-de-la-bestia
,Cinemark Hoyts,Puerto Madero,,EL CORAZÓN DE LA BESTIA,2D Doblada,17:40,,,,https://www.cinemark.com.ar/peliculas/el-corazon-de-la-bestia
,Cinemark Hoyts,Puerto Madero,,EL CORAZÓN DE LA BESTIA,2D Subtitulada,20:10,,,,https://www.cinemark.com.ar/peliculas/el-corazon-de-la-bestia
,Cinemark Hoyts,Puerto Madero,,EL CORAZÓN DE LA BESTIA,2D Subtitulada,22:40,,,,https://www.cinemark.com.ar/peliculas/el-corazon-de-la-bestia
,Cinemark Hoyts,Puerto Madero,,RESIDENT EVIL: NOCHE CERO,2D Doblada,15:50,,,,https://www.cinemark.com.ar/peliculas/resident-evil-noche-cero
,Cinemark Hoyts,Puerto Madero,,RESIDENT EVIL: NOCHE CERO,2D Doblada,18:10,,,,https://www.cinemark.com.ar/peliculas/resident-evil-noche-cero
,Cinemark Hoyts,Puerto Madero,,RESIDENT EVIL: NOCHE CERO,2D Subtitulada,20:30,,,,https://www.cinemark.com.ar/peliculas/resident-evil-noche-cero
,Cinemark Hoyts,Puerto Madero,,RESIDENT EVIL: NOCHE CERO,2D Doblada,23:00,,,,https://www.cinemark.com.ar/peliculas/resident-evil-noche-cero
,Cinemark Hoyts,Puerto Madero,,SPIDER-MAN: UN NUEVO DÍA,2D Doblada,16:00,,,,https://www.cinemark.com.ar/peliculas/spider-man-un-nuevo-dia
,Cinemark Hoyts,Puerto Madero,,"YO, NARCISO",2D Doblada,19:20,,,,https://www.cinemark.com.ar/peliculas/yo-narciso
,Cinemark Hoyts,Puerto Madero,,VÉRTIGO 2: PUNTO MUERTO,2D Doblada,20:15,,,,https://www.cinemark.com.ar/peliculas/vertigo-2-punto-muerto
,Cinemark Hoyts,Puerto Madero,,VÉRTIGO 2: PUNTO MUERTO,2D Subtitulada,22:50,,,,https://www.cinemark.com.ar/peliculas/vertigo-2-punto-muerto
,Cinemark Hoyts,Puerto Madero,,LA ODISEA,2D Subtitulada,21:40,,,,https://www.cinemark.com.ar/peliculas/la-odisea
