zona,cadena,cine,direccion,pelicula,formato,horario,precio_general,precio_jubilado,precio_menor,url_pelicula
GBA Norte,Cinemark Hoyts,Hoyts Unicenter,"Paraná 3745, Unicenter Shopping",Código: Venganza,2D Subtitulada,17:40,,,,https://www.cinemark.com.ar/peliculas/codigo-venganza
GBA Norte,Cinemark Hoyts,Hoyts Unicenter,"Paraná 3745, Unicenter Shopping",Código: Venganza,2D Subtitulada,22:45,,,,https://www.cinemark.com.ar/peliculas/codigo-venganza
GBA Norte,Cinemark Hoyts,Hoyts Unicenter,"Paraná 3745, Unicenter Shopping",Coyote vs. Acme,2D Doblada,13:50,,,,https://www.cinemark.com.ar/peliculas/coyote-vs-acme
GBA Norte,Cinemark Hoyts,Hoyts Unicenter,"Paraná 3745, Unicenter Shopping",Coyote vs. Acme,2D Doblada,16:30,,,,https://www.cinemark.com.ar/peliculas/coyote-vs-acme
GBA Norte,Cinemark Hoyts,Hoyts Unicenter,"Paraná 3745, Unicenter Shopping",Coyote vs. Acme,2D Doblada,19:00,,,,https://www.cinemark.com.ar/peliculas/coyote-vs-acme
GBA Norte,Cinemark Hoyts,Hoyts Unicenter,"Paraná 3745, Unicenter Shopping",Coyote vs. Acme,2D Subtitulada,21:20,,,,https://www.cinemark.com.ar/peliculas/coyote-vs-acme
GBA Norte,Cinemark Hoyts,Hoyts Unicenter,"Paraná 3745, Unicenter Shopping",EL ÁRBOL MÁGICO,2D Doblada,12:30,,,,https://www.cinemark.com.ar/peliculas/el-arbol-magico
GBA Norte,Cinemark Hoyts,Hoyts Unicenter,"Paraná 3745, Unicenter Shopping",EL ÁRBOL MÁGICO,2D Doblada,15:00,,,,https://www.cinemark.com.ar/peliculas/el-arbol-magico
GBA Norte,Cinemark Hoyts,Hoyts Unicenter,"Paraná 3745, Unicenter Shopping",EL ÁRBOL MÁGICO,2D Doblada,17:25,,,,https://www.cinemark.com.ar/peliculas/el-arbol-magico
GBA Norte,Cinemark Hoyts,Hoyts Unicenter,"Paraná 3745, Unicenter Shopping",EL ÁRBOL MÁGICO,2D Subtitulada,19:50,,,,https://www.cinemark.com.ar/peliculas/el-arbol-magico
GBA Norte,Cinemark Hoyts,Hoyts Unicenter,"Paraná 3745, Unicenter Shopping",EL HELADERO,2D Subtitulada,23:10,,,,https://www.cinemark.com.ar/peliculas/el-heladero-dulce-sabor-a-muerte
GBA Norte,Cinemark Hoyts,Hoyts Unicenter,"Paraná 3745, Unicenter Shopping",Hechizo de amor: La magia continúa,2D Doblada,14:20,,,,https://www.cinemark.com.ar/peliculas/hechizo-de-amor-la-magia-continua
GBA Norte,Cinemark Hoyts,Hoyts Unicenter,"Paraná 3745, Unicenter Shopping",Hechizo de amor: La magia continúa,2D Doblada,19:40,,,,https://www.cinemark.com.ar/peliculas/hechizo-de-amor-la-magia-continua
GBA Norte,Cinemark Hoyts,Hoyts Unicenter,"Paraná 3745, Unicenter Shopping",Hechizo de amor: La magia continúa,2D Doblada,22:20,,,,https://www.cinemark.com.ar/peliculas/hechizo-de-amor-la-magia-continua
GBA Norte,Cinemark Hoyts,Hoyts Unicenter,"Paraná 3745, Unicenter Shopping",Ice Cream Man,2D Subtitulada,23:10,,,,https://cartelera.ar/pelicula/ice-cream-man
GBA Norte,Cinemark Hoyts,Hoyts Unicenter,"Paraná 3745, Unicenter Shopping",Insidious: Fuera del más allá,2D Subtitulada,14:30,,,,https://www.cinemark.com.ar/peliculas/la-noche-del-demonio-estan-entre-nosotros
GBA Norte,Cinemark Hoyts,Hoyts Unicenter,"Paraná 3745, Unicenter Shopping",Insidious: Fuera del más allá,2D Subtitulada,16:50,,,,https://www.cinemark.com.ar/peliculas/la-noche-del-demonio-estan-entre-nosotros
GBA Norte,Cinemark Hoyts,Hoyts Unicenter,"Paraná 3745, Unicenter Shopping",Insidious: Fuera del más allá,2D Subtitulada,19:20,,,,https://www.cinemark.com.ar/peliculas/la-noche-del-demonio-estan-entre-nosotros
GBA Norte,Cinemark Hoyts,Hoyts Unicenter,"Paraná 3745, Unicenter Shopping",Insidious: Fuera del más allá,2D Subtitulada,21:50,,,,https://www.cinemark.com.ar/peliculas/la-noche-del-demonio-estan-entre-nosotros
GBA Norte,Cinemark Hoyts,Hoyts Unicenter,"Paraná 3745, Unicenter Shopping",La Odisea,PREMIER 2D Subtitulada,13:20,,,,https://www.cinemark.com.ar/peliculas/la-odisea
GBA Norte,Cinemark Hoyts,Hoyts Unicenter,"Paraná 3745, Unicenter Shopping",La Odisea,2D Doblada,15:15,,,,https://www.cinemark.com.ar/peliculas/la-odisea
GBA Norte,Cinemark Hoyts,Hoyts Unicenter,"Paraná 3745, Unicenter Shopping",La Odisea,PREMIER 2D Subtitulada,17:00,,,,https://www.cinemark.com.ar/peliculas/la-odisea
GBA Norte,Cinemark Hoyts,Hoyts Unicenter,"Paraná 3745, Unicenter Shopping",La Odisea,2D Doblada,18:45,,,,https://www.cinemark.com.ar/peliculas/la-odisea
GBA Norte,Cinemark Hoyts,Hoyts Unicenter,"Paraná 3745, Unicenter Shopping",La Odisea,PREMIER 2D Subtitulada,21:00,,,,https://www.cinemark.com.ar/peliculas/la-odisea
GBA Norte,Cinemark Hoyts,Hoyts Unicenter,"Paraná 3745, Unicenter Shopping",La Odisea,2D Subtitulada,22:15,,,,https://www.cinemark.com.ar/peliculas/la-odisea
GBA Norte,Cinemark Hoyts,Hoyts Unicenter,"Paraná 3745, Unicenter Shopping",Los mundos de Coraline,3D Doblada,15:40,,,,https://www.cinemark.com.ar/peliculas/coraline-y-la-puerta-secreta
GBA Norte,Cinemark Hoyts,Hoyts Unicenter,"Paraná 3745, Unicenter Shopping",Oasis: Dont Look Back In Anger,2D Subtitulada,22:20,,,,https://www.cinemark.com.ar/peliculas/oasis-don-t-look-back-in-anger
GBA Norte,Cinemark Hoyts,Hoyts Unicenter,"Paraná 3745, Unicenter Shopping",ONE PIECE: LA PELÍCULA,2D Subtitulada,18:30,,,,https://www.cinemark.com.ar/peliculas/one-piece-la-pelicula
GBA Norte,Cinemark Hoyts,Hoyts Unicenter,"Paraná 3745, Unicenter Shopping",PANDA PLAN 2,2D Doblada,13:20,,,,https://www.cinemark.com.ar/peliculas/panda-plan-2
GBA Norte,Cinemark Hoyts,Hoyts Unicenter,"Paraná 3745, Unicenter Shopping",PANDA PLAN 2,2D Doblada,15:45,,,,https://www.cinemark.com.ar/peliculas/panda-plan-2
GBA Norte,Cinemark Hoyts,Hoyts Unicenter,"Paraná 3745, Unicenter Shopping",PAW Patrol: La Dino Película,2D Doblada,13:00,,,,https://www.cinemark.com.ar/peliculas/paw-patrol-la-dino-pelicula
GBA Norte,Cinemark Hoyts,Hoyts Unicenter,"Paraná 3745, Unicenter Shopping",Pepita la Pistolera,2D Doblada,20:20,,,,https://www.cinemark.com.ar/peliculas/pepita-la-pistolera
GBA Norte,Cinemark Hoyts,Hoyts Unicenter,"Paraná 3745, Unicenter Shopping",Pepita la Pistolera,2D Doblada,22:50,,,,https://www.cinemark.com.ar/peliculas/pepita-la-pistolera
GBA Norte,Cinemark Hoyts,Hoyts Unicenter,"Paraná 3745, Unicenter Shopping",PMMM LA REBELION,2D Subtitulada,17:00,,,,https://www.cinemark.com.ar/peliculas/puella-magi-madoka-magica-la-rebelion
GBA Norte,Cinemark Hoyts,Hoyts Unicenter,"Paraná 3745, Unicenter Shopping",RESIDENT EVIL: NOCHE CERO,PREMIER 2D Subtitulada,12:00,,,,https://www.cinemark.com.ar/peliculas/resident-evil-noche-cero
GBA Norte,Cinemark Hoyts,Hoyts Unicenter,"Paraná 3745, Unicenter Shopping",RESIDENT EVIL: NOCHE CERO,DBOX 2D Subtitulada,12:20,,,,https://www.cinemark.com.ar/peliculas/resident-evil-noche-cero
GBA Norte,Cinemark Hoyts,Hoyts Unicenter,"Paraná 3745, Unicenter Shopping",RESIDENT EVIL: NOCHE CERO,2D Subtitulada,12:20,,,,https://www.cinemark.com.ar/peliculas/resident-evil-noche-cero
GBA Norte,Cinemark Hoyts,Hoyts Unicenter,"Paraná 3745, Unicenter Shopping",RESIDENT EVIL: NOCHE CERO,DBOX 2D Subtitulada,13:30,,,,https://www.cinemark.com.ar/peliculas/resident-evil-noche-cero
GBA Norte,Cinemark Hoyts,Hoyts Unicenter,"Paraná 3745, Unicenter Shopping",RESIDENT EVIL: NOCHE CERO,2D Subtitulada,13:30,,,,https://www.cinemark.com.ar/peliculas/resident-evil-noche-cero
GBA Norte,Cinemark Hoyts,Hoyts Unicenter,"Paraná 3745, Unicenter Shopping",RESIDENT EVIL: NOCHE CERO,DBOX 2D Subtitulada,14:15,,,,https://www.cinemark.com.ar/peliculas/resident-evil-noche-cero
GBA Norte,Cinemark Hoyts,Hoyts Unicenter,"Paraná 3745, Unicenter Shopping",RESIDENT EVIL: NOCHE CERO,2D Subtitulada,14:15,,,,https://www.cinemark.com.ar/peliculas/resident-evil-noche-cero
GBA Norte,Cinemark Hoyts,Hoyts Unicenter,"Paraná 3745, Unicenter Shopping",RESIDENT EVIL: NOCHE CERO,PREMIER 2D Subtitulada,15:00,,,,https://www.cinemark.com.ar/peliculas/resident-evil-noche-cero
GBA Norte,Cinemark Hoyts,Hoyts Unicenter,"Paraná 3745, Unicenter Shopping",RESIDENT EVIL: NOCHE CERO,DBOX 2D Subtitulada,15:30,,,,https://www.cinemark.com.ar/peliculas/resident-evil-noche-cero
GBA Norte,Cinemark Hoyts,Hoyts Unicenter,"Paraná 3745, Unicenter Shopping",RESIDENT EVIL: NOCHE CERO,2D Subtitulada,15:30,,,,https://www.cinemark.com.ar/peliculas/resident-evil-noche-cero
GBA Norte,Cinemark Hoyts,Hoyts Unicenter,"Paraná 3745, Unicenter Shopping",RESIDENT EVIL: NOCHE CERO,DBOX 2D Doblada,16:10,,,,https://www.cinemark.com.ar/peliculas/resident-evil-noche-cero
GBA Norte,Cinemark Hoyts,Hoyts Unicenter,"Paraná 3745, Unicenter Shopping",RESIDENT EVIL: NOCHE CERO,2D Doblada,16:10,,,,https://www.cinemark.com.ar/peliculas/resident-evil-noche-cero
GBA Norte,Cinemark Hoyts,Hoyts Unicenter,"Paraná 3745, Unicenter Shopping",RESIDENT EVIL: NOCHE CERO,DBOX 2D Subtitulada,17:30,,,,https://www.cinemark.com.ar/peliculas/resident-evil-noche-cero
GBA Norte,Cinemark Hoyts,Hoyts Unicenter,"Paraná 3745, Unicenter Shopping",RESIDENT EVIL: NOCHE CERO,PREMIER 2D Subtitulada,17:30,,,,https://www.cinemark.com.ar/peliculas/resident-evil-noche-cero
GBA Norte,Cinemark Hoyts,Hoyts Unicenter,"Paraná 3745, Unicenter Shopping",RESIDENT EVIL: NOCHE CERO,2D Subtitulada,17:30,,,,https://www.cinemark.com.ar/peliculas/resident-evil-noche-cero
GBA Norte,Cinemark Hoyts,Hoyts Unicenter,"Paraná 3745, Unicenter Shopping",RESIDENT EVIL: NOCHE CERO,DBOX 2D Subtitulada,18:10,,,,https://www.cinemark.com.ar/peliculas/resident-evil-noche-cero
GBA Norte,Cinemark Hoyts,Hoyts Unicenter,"Paraná 3745, Unicenter Shopping",RESIDENT EVIL: NOCHE CERO,2D Subtitulada,18:10,,,,https://www.cinemark.com.ar/peliculas/resident-evil-noche-cero
GBA Norte,Cinemark Hoyts,Hoyts Unicenter,"Paraná 3745, Unicenter Shopping",RESIDENT EVIL: NOCHE CERO,DBOX 2D Subtitulada,19:30,,,,https://www.cinemark.com.ar/peliculas/resident-evil-noche-cero
GBA Norte,Cinemark Hoyts,Hoyts Unicenter,"Paraná 3745, Unicenter Shopping",RESIDENT EVIL: NOCHE CERO,2D Subtitulada,19:30,,,,https://www.cinemark.com.ar/peliculas/resident-evil-noche-cero
GBA Norte,Cinemark Hoyts,Hoyts Unicenter,"Paraná 3745, Unicenter Shopping",RESIDENT EVIL: NOCHE CERO,PREMIER 2D Subtitulada,20:00,,,,https://www.cinemark.com.ar/peliculas/resident-evil-noche-cero
GBA Norte,Cinemark Hoyts,Hoyts Unicenter,"Paraná 3745, Unicenter Shopping",RESIDENT EVIL: NOCHE CERO,DBOX 2D Subtitulada,20:10,,,,https://www.cinemark.com.ar/peliculas/resident-evil-noche-cero
GBA Norte,Cinemark Hoyts,Hoyts Unicenter,"Paraná 3745, Unicenter Shopping",RESIDENT EVIL: NOCHE CERO,2D Subtitulada,20:10,,,,https://www.cinemark.com.ar/peliculas/resident-evil-noche-cero
GBA Norte,Cinemark Hoyts,Hoyts Unicenter,"Paraná 3745, Unicenter Shopping",RESIDENT EVIL: NOCHE CERO,4D 2D Subtitulada,20:30,,,,https://www.cinemark.com.ar/peliculas/resident-evil-noche-cero
GBA Norte,Cinemark Hoyts,Hoyts Unicenter,"Paraná 3745, Unicenter Shopping",RESIDENT EVIL: NOCHE CERO,DBOX 2D Subtitulada,21:30,,,,https://www.cinemark.com.ar/peliculas/resident-evil-noche-cero
GBA Norte,Cinemark Hoyts,Hoyts Unicenter,"Paraná 3745, Unicenter Shopping",RESIDENT EVIL: NOCHE CERO,2D Subtitulada,21:30,,,,https://www.cinemark.com.ar/peliculas/resident-evil-noche-cero
GBA Norte,Cinemark Hoyts,Hoyts Unicenter,"Paraná 3745, Unicenter Shopping",RESIDENT EVIL: NOCHE CERO,DBOX 2D Subtitulada,22:00,,,,https://www.cinemark.com.ar/peliculas/resident-evil-noche-cero
GBA Norte,Cinemark Hoyts,Hoyts Unicenter,"Paraná 3745, Unicenter Shopping",RESIDENT EVIL: NOCHE CERO,2D Subtitulada,22:00,,,,https://www.cinemark.com.ar/peliculas/resident-evil-noche-cero
GBA Norte,Cinemark Hoyts,Hoyts Unicenter,"Paraná 3745, Unicenter Shopping",RESIDENT EVIL: NOCHE CERO,PREMIER 2D Subtitulada,22:30,,,,https://www.cinemark.com.ar/peliculas/resident-evil-noche-cero
GBA Norte,Cinemark Hoyts,Hoyts Unicenter,"Paraná 3745, Unicenter Shopping",RESIDENT EVIL: NOCHE CERO,4D 2D Subtitulada,23:00,,,,https://www.cinemark.com.ar/peliculas/resident-evil-noche-cero
GBA Norte,Cinemark Hoyts,Hoyts Unicenter,"Paraná 3745, Unicenter Shopping",Spider-Man: Un nuevo día,2D Doblada,12:00,,,,https://www.cinemark.com.ar/peliculas/spider-man-un-nuevo-dia
GBA Norte,Cinemark Hoyts,Hoyts Unicenter,"Paraná 3745, Unicenter Shopping",Spider-Man: Un nuevo día,2D Doblada,12:40,,,,https://www.cinemark.com.ar/peliculas/spider-man-un-nuevo-dia
GBA Norte,Cinemark Hoyts,Hoyts Unicenter,"Paraná 3745, Unicenter Shopping",Spider-Man: Un nuevo día,DBOX 2D Doblada,12:40,,,,https://www.cinemark.com.ar/peliculas/spider-man-un-nuevo-dia
GBA Norte,Cinemark Hoyts,Hoyts Unicenter,"Paraná 3745, Unicenter Shopping",Spider-Man: Un nuevo día,4D 3D Doblada,14:00,,,,https://www.cinemark.com.ar/peliculas/spider-man-un-nuevo-dia
GBA Norte,Cinemark Hoyts,Hoyts Unicenter,"Paraná 3745, Unicenter Shopping",Spider-Man: Un nuevo día,2D Doblada,15:10,,,,https://www.cinemark.com.ar/peliculas/spider-man-un-nuevo-dia
GBA Norte,Cinemark Hoyts,Hoyts Unicenter,"Paraná 3745, Unicenter Shopping",Spider-Man: Un nuevo día,2D Doblada,15:50,,,,https://www.cinemark.com.ar/peliculas/spider-man-un-nuevo-dia
GBA Norte,Cinemark Hoyts,Hoyts Unicenter,"Paraná 3745, Unicenter Shopping",Spider-Man: Un nuevo día,DBOX 2D Doblada,15:50,,,,https://www.cinemark.com.ar/peliculas/spider-man-un-nuevo-dia
GBA Norte,Cinemark Hoyts,Hoyts Unicenter,"Paraná 3745, Unicenter Shopping",Spider-Man: Un nuevo día,4D 3D Doblada,17:20,,,,https://www.cinemark.com.ar/peliculas/spider-man-un-nuevo-dia
GBA Norte,Cinemark Hoyts,Hoyts Unicenter,"Paraná 3745, Unicenter Shopping",Spider-Man: Un nuevo día,2D Doblada,18:40,,,,https://www.cinemark.com.ar/peliculas/spider-man-un-nuevo-dia
GBA Norte,Cinemark Hoyts,Hoyts Unicenter,"Paraná 3745, Unicenter Shopping",Spider-Man: Un nuevo día,3D Subtitulada,19:10,,,,https://www.cinemark.com.ar/peliculas/spider-man-un-nuevo-dia
GBA Norte,Cinemark Hoyts,Hoyts Unicenter,"Paraná 3745, Unicenter Shopping",Spider-Man: Un nuevo día,DBOX 3D Subtitulada,19:10,,,,https://www.cinemark.com.ar/peliculas/spider-man-un-nuevo-dia
GBA Norte,Cinemark Hoyts,Hoyts Unicenter,"Paraná 3745, Unicenter Shopping",Spider-Man: Un nuevo día,2D Doblada,21:50,,,,https://www.cinemark.com.ar/peliculas/spider-man-un-nuevo-dia
GBA Norte,Cinemark Hoyts,Hoyts Unicenter,"Paraná 3745, Unicenter Shopping",Spider-Man: Un nuevo día,2D Subtitulada,22:30,,,,https://www.cinemark.com.ar/peliculas/spider-man-un-nuevo-dia
GBA Norte,Cinemark Hoyts,Hoyts Unicenter,"Paraná 3745, Unicenter Shopping",Spider-Man: Un nuevo día,DBOX 2D Subtitulada,22:30,,,,https://www.cinemark.com.ar/peliculas/spider-man-un-nuevo-dia
GBA Norte,Cinemark Hoyts,Hoyts Unicenter,"Paraná 3745, Unicenter Shopping",Tadeo : El Explorador Y La Lampara Maravillosa,2D Doblada,13:10,,,,https://www.cinemark.com.ar/peliculas/tadeo-el-explorador-y-la-lampara-maravillosa
GBA Norte,Cinemark Hoyts,Hoyts Unicenter,"Paraná 3745, Unicenter Shopping",Tadeo : El Explorador Y La Lampara Maravillosa,2D Doblada,15:20,,,,https://www.cinemark.com.ar/peliculas/tadeo-el-explorador-y-la-lampara-maravillosa
GBA Norte,Cinemark Hoyts,Hoyts Unicenter,"Paraná 3745, Unicenter Shopping",Toy Story 5,2D Doblada,13:40,,,,https://www.cinemark.com.ar/peliculas/toy-story-5
GBA Norte,Cinemark Hoyts,Hoyts Unicenter,"Paraná 3745, Unicenter Shopping",Toy Story 5,2D Doblada,18:15,,,,https://www.cinemark.com.ar/peliculas/toy-story-5
GBA Norte,Cinemark Hoyts,Hoyts Unicenter,"Paraná 3745, Unicenter Shopping",Volver,2D Subtitulada,20:15,,,,https://www.cinemark.com.ar/peliculas/volver-al-futuro-parte-iii
GBA Norte,Cinemark Hoyts,Hoyts Unicenter,"Paraná 3745, Unicenter Shopping",Yo Narciso,2D Doblada,13:15,,,,https://www.cinemark.com.ar/peliculas/yo-narciso
GBA Norte,Cinemark Hoyts,Hoyts Unicenter,"Paraná 3745, Unicenter Shopping",Yo Narciso,2D Doblada,16:00,,,,https://www.cinemark.com.ar/peliculas/yo-narciso
GBA Norte,Cinemark Hoyts,Hoyts Unicenter,"Paraná 3745, Unicenter Shopping",Yo Narciso,2D Doblada,17:50,,,,https://www.cinemark.com.ar/peliculas/yo-narciso
GBA Norte,Cinemark Hoyts,Hoyts Unicenter,"Paraná 3745, Unicenter Shopping",Yo Narciso,2D Doblada,20:00,,,,https://www.cinemark.com.ar/peliculas/yo-narciso
GBA Norte,Cinemark Hoyts,Hoyts Unicenter,"Paraná 3745, Unicenter Shopping",Yo Narciso,2D Doblada,22:10,,,,https://www.cinemark.com.ar/peliculas/yo-narciso
GBA Norte,Multiplex,Multiplex Pilar,"Las Magnolias 754, Palmas del Pilar",Afterburn (Zona cero),2D Doblada,22:50,,,,https://multiplex.com.ar/peliculas/zona-cero/
GBA Norte,Multiplex,Multiplex Pilar,"Las Magnolias 754, Palmas del Pilar",Coyote vs. Acme,2D Doblada,12:10,,,,https://multiplex.com.ar/peliculas/coyote-vs-acme/
GBA Norte,Multiplex,Multiplex Pilar,"Las Magnolias 754, Palmas del Pilar",Coyote vs. Acme,2D Doblada,14:20,,,,https://multiplex.com.ar/peliculas/coyote-vs-acme/
GBA Norte,Multiplex,Multiplex Pilar,"Las Magnolias 754, Palmas del Pilar",Coyote vs. Acme,2D Doblada,16:30,,,,https://multiplex.com.ar/peliculas/coyote-vs-acme/
GBA Norte,Multiplex,Multiplex Pilar,"Las Magnolias 754, Palmas del Pilar",Coyote vs. Acme,2D Doblada,18:40,,,,https://multiplex.com.ar/peliculas/coyote-vs-acme/
GBA Norte,Multiplex,Multiplex Pilar,"Las Magnolias 754, Palmas del Pilar",El árbol mágico,2D Doblada,12:20,,,,https://multiplex.com.ar/peliculas/el-arbol-magico/
GBA Norte,Multiplex,Multiplex Pilar,"Las Magnolias 754, Palmas del Pilar",El árbol mágico,2D Doblada,14:20,,,,https://multiplex.com.ar/peliculas/el-arbol-magico/
GBA Norte,Multiplex,Multiplex Pilar,"Las Magnolias 754, Palmas del Pilar",Hechizo de amor: La magia continúa,2D Doblada,15:50,,,,https://multiplex.com.ar/peliculas/hechizo-de-amor-la-magia-continua/
GBA Norte,Multiplex,Multiplex Pilar,"Las Magnolias 754, Palmas del Pilar",Hechizo de amor: La magia continúa,2D Subtitulada,18:20,,,,https://multiplex.com.ar/peliculas/hechizo-de-amor-la-magia-continua/
GBA Norte,Multiplex,Multiplex Pilar,"Las Magnolias 754, Palmas del Pilar",La noche del demonio: Están entre nosotros,2D Doblada,20:50,,,,https://multiplex.com.ar/peliculas/la-noche-del-demonio-estan-entre-nosotros/
GBA Norte,Multiplex,Multiplex Pilar,"Las Magnolias 754, Palmas del Pilar",La noche del demonio: Están entre nosotros,2D Doblada,23:00,,,,https://multiplex.com.ar/peliculas/la-noche-del-demonio-estan-entre-nosotros/
GBA Norte,Multiplex,Multiplex Pilar,"Las Magnolias 754, Palmas del Pilar",La Odisea,PLATINUM 2D Subtitulada,12:10,,,,https://multiplex.com.ar/peliculas/la-odisea/
GBA Norte,Multiplex,Multiplex Pilar,"Las Magnolias 754, Palmas del Pilar",La Odisea,PLATINUM 2D Subtitulada,15:30,,,,https://multiplex.com.ar/peliculas/la-odisea/
GBA Norte,Multiplex,Multiplex Pilar,"Las Magnolias 754, Palmas del Pilar",La Odisea,2D Subtitulada,16:20,,,,https://multiplex.com.ar/peliculas/la-odisea/
GBA Norte,Multiplex,Multiplex Pilar,"Las Magnolias 754, Palmas del Pilar",La Odisea,PLATINUM 2D Subtitulada,18:50,,,,https://multiplex.com.ar/peliculas/la-odisea/
GBA Norte,Multiplex,Multiplex Pilar,"Las Magnolias 754, Palmas del Pilar",La Odisea,2D Subtitulada,19:30,,,,https://multiplex.com.ar/peliculas/la-odisea/
GBA Norte,Multiplex,Multiplex Pilar,"Las Magnolias 754, Palmas del Pilar",La Odisea,PLATINUM 2D Subtitulada,22:10,,,,https://multiplex.com.ar/peliculas/la-odisea/
GBA Norte,Multiplex,Multiplex Pilar,"Las Magnolias 754, Palmas del Pilar",Minions & monstruos,2D Doblada,12:10,,,,https://multiplex.com.ar/peliculas/minions-monstruos/
GBA Norte,Multiplex,Multiplex Pilar,"Las Magnolias 754, Palmas del Pilar",Oasis: Dont Look Back In Anger,2D Subtitulada,22:20,,,,https://multiplex.com.ar/peliculas/oasis-dont-look-back-in-anger/
GBA Norte,Multiplex,Multiplex Pilar,"Las Magnolias 754, Palmas del Pilar",One Piece: La película,2D Doblada,15:00,,,,https://multiplex.com.ar/peliculas/one-piece-la-pelicula/
GBA Norte,Multiplex,Multiplex Pilar,"Las Magnolias 754, Palmas del Pilar",One Piece: La película,2D Doblada,16:20,,,,https://multiplex.com.ar/peliculas/one-piece-la-pelicula/
GBA Norte,Multiplex,Multiplex Pilar,"Las Magnolias 754, Palmas del Pilar",One Piece: La película,2D Doblada,17:40,,,,https://multiplex.com.ar/peliculas/one-piece-la-pelicula/
GBA Norte,Multiplex,Multiplex Pilar,"Las Magnolias 754, Palmas del Pilar",One Piece: La película,2D Subtitulada,19:00,,,,https://multiplex.com.ar/peliculas/one-piece-la-pelicula/
GBA Norte,Multiplex,Multiplex Pilar,"Las Magnolias 754, Palmas del Pilar",PAW Patrol: La Dino Película,2D Doblada,12:30,,,,https://multiplex.com.ar/peliculas/paw-patrol-la-dino-pelicula/
GBA Norte,Multiplex,Multiplex Pilar,"Las Magnolias 754, Palmas del Pilar",Pepita la Pistolera,2D Doblada,20:50,,,,https://multiplex.com.ar/peliculas/pepita-la-pistolera/
GBA Norte,Multiplex,Multiplex Pilar,"Las Magnolias 754, Palmas del Pilar",Pepita la Pistolera,2D Doblada,23:00,,,,https://multiplex.com.ar/peliculas/pepita-la-pistolera/
GBA Norte,Multiplex,Multiplex Pilar,"Las Magnolias 754, Palmas del Pilar",Resident Evil: Noche Cero,2D Doblada,13:10,,,,https://multiplex.com.ar/peliculas/resident-evil-noche-cero/
GBA Norte,Multiplex,Multiplex Pilar,"Las Magnolias 754, Palmas del Pilar",Resident Evil: Noche Cero,2D Doblada,15:10,,,,https://multiplex.com.ar/peliculas/resident-evil-noche-cero/
GBA Norte,Multiplex,Multiplex Pilar,"Las Magnolias 754, Palmas del Pilar",Resident Evil: Noche Cero,2D Doblada,17:10,,,,https://multiplex.com.ar/peliculas/resident-evil-noche-cero/
GBA Norte,Multiplex,Multiplex Pilar,"Las Magnolias 754, Palmas del Pilar",Resident Evil: Noche Cero,4D (2D) Doblada,18:30,,,,https://multiplex.com.ar/peliculas/resident-evil-noche-cero/
GBA Norte,Multiplex,Multiplex Pilar,"Las Magnolias 754, Palmas del Pilar",Resident Evil: Noche Cero,2D Subtitulada,19:10,,,,https://multiplex.com.ar/peliculas/resident-evil-noche-cero/
GBA Norte,Multiplex,Multiplex Pilar,"Las Magnolias 754, Palmas del Pilar",Resident Evil: Noche Cero,4D (2D) Doblada,20:30,,,,https://multiplex.com.ar/peliculas/resident-evil-noche-cero/
GBA Norte,Multiplex,Multiplex Pilar,"Las Magnolias 754, Palmas del Pilar",Resident Evil: Noche Cero,2D Doblada,21:10,,,,https://multiplex.com.ar/peliculas/resident-evil-noche-cero/
GBA Norte,Multiplex,Multiplex Pilar,"Las Magnolias 754, Palmas del Pilar",Resident Evil: Noche Cero,4D (2D) Doblada,22:30,,,,https://multiplex.com.ar/peliculas/resident-evil-noche-cero/
GBA Norte,Multiplex,Multiplex Pilar,"Las Magnolias 754, Palmas del Pilar",Resident Evil: Noche Cero,2D Doblada,23:10,,,,https://multiplex.com.ar/peliculas/resident-evil-noche-cero/
GBA Norte,Multiplex,Multiplex Pilar,"Las Magnolias 754, Palmas del Pilar",Spider-Man: Un nuevo día,4D (3D) Doblada,12:50,,,,https://multiplex.com.ar/peliculas/spider-man-un-dia-nuevo/
GBA Norte,Multiplex,Multiplex Pilar,"Las Magnolias 754, Palmas del Pilar",Spider-Man: Un nuevo día,2D Doblada,13:20,,,,https://multiplex.com.ar/peliculas/spider-man-un-dia-nuevo/
GBA Norte,Multiplex,Multiplex Pilar,"Las Magnolias 754, Palmas del Pilar",Spider-Man: Un nuevo día,2D Doblada,14:10,,,,https://multiplex.com.ar/peliculas/spider-man-un-dia-nuevo/
GBA Norte,Multiplex,Multiplex Pilar,"Las Magnolias 754, Palmas del Pilar",Spider-Man: Un nuevo día,4D (3D) Doblada,15:40,,,,https://multiplex.com.ar/peliculas/spider-man-un-dia-nuevo/
GBA Norte,Multiplex,Multiplex Pilar,"Las Magnolias 754, Palmas del Pilar",Spider-Man: Un nuevo día,2D Doblada,17:00,,,,https://multiplex.com.ar/peliculas/spider-man-un-dia-nuevo/
GBA Norte,Multiplex,Multiplex Pilar,"Las Magnolias 754, Palmas del Pilar",Spider-Man: Un nuevo día,2D Doblada,19:50,,,,https://multiplex.com.ar/peliculas/spider-man-un-dia-nuevo/
GBA Norte,Multiplex,Multiplex Pilar,"Las Magnolias 754, Palmas del Pilar",Spider-Man: Un nuevo día,2D Doblada,20:20,,,,https://multiplex.com.ar/peliculas/spider-man-un-dia-nuevo/
GBA Norte,Multiplex,Multiplex Pilar,"Las Magnolias 754, Palmas del Pilar",Spider-Man: Un nuevo día,2D Doblada,22:40,,,,https://multiplex.com.ar/peliculas/spider-man-un-dia-nuevo/
GBA Norte,Multiplex,Multiplex Pilar,"Las Magnolias 754, Palmas del Pilar",Tadeo : El Explorador Y La Lampara Maravillosa,2D Doblada,13:50,,,,https://multiplex.com.ar/peliculas/tadeo-el-explorador-y-la-lampara-maravillosa/
GBA Norte,Multiplex,Multiplex Pilar,"Las Magnolias 754, Palmas del Pilar",Toy Story 5,2D Doblada,13:00,,,,https://multiplex.com.ar/peliculas/toy-story-5/
GBA Norte,Multiplex,Multiplex Pilar,"Las Magnolias 754, Palmas del Pilar",Yo Narciso,2D Doblada,16:10,,,,https://multiplex.com.ar/peliculas/yo-narciso/
GBA Norte,Multiplex,Multiplex Pilar,"Las Magnolias 754, Palmas del Pilar",Yo Narciso,2D Doblada,18:10,,,,https://multiplex.com.ar/peliculas/yo-narciso/
GBA Norte,Multiplex,Multiplex Pilar,"Las Magnolias 754, Palmas del Pilar",Yo Narciso,2D Doblada,20:10,,,,https://multiplex.com.ar/peliculas/yo-narciso/
GBA Oeste,Cinemark Hoyts,Cinemark San Justo,Av. Brigadier Juan M. de Rosas 3910,Coyote vs. Acme,2D Doblada,12:50,,,,https://www.cinemark.com.ar/peliculas/coyote-vs-acme
GBA Oeste,Cinemark Hoyts,Cinemark San Justo,Av. Brigadier Juan M. de Rosas 3910,Coyote vs. Acme,2D Doblada,15:10,,,,https://www.cinemark.com.ar/peliculas/coyote-vs-acme
GBA Oeste,Cinemark Hoyts,Cinemark San Justo,Av. Brigadier Juan M. de Rosas 3910,Coyote vs. Acme,2D Doblada,17:40,,,,https://www.cinemark.com.ar/peliculas/coyote-vs-acme
GBA Oeste,Cinemark Hoyts,Cinemark San Justo,Av. Brigadier Juan M. de Rosas 3910,Coyote vs. Acme,2D Doblada,20:10,,,,https://www.cinemark.com.ar/peliculas/coyote-vs-acme
GBA Oeste,Cinemark Hoyts,Cinemark San Justo,Av. Brigadier Juan M. de Rosas 3910,EL HELADERO,2D Doblada,18:10,,,,https://www.cinemark.com.ar/peliculas/el-heladero-dulce-sabor-a-muerte
GBA Oeste,Cinemark Hoyts,Cinemark San Justo,Av. Brigadier Juan M. de Rosas 3910,EL HELADERO,2D Doblada,22:50,,,,https://www.cinemark.com.ar/peliculas/el-heladero-dulce-sabor-a-muerte
GBA Oeste,Cinemark Hoyts,Cinemark San Justo,Av. Brigadier Juan M. de Rosas 3910,Hechizo de amor: La magia continúa,2D Doblada,22:40,,,,https://www.cinemark.com.ar/peliculas/hechizo-de-amor-la-magia-continua
GBA Oeste,Cinemark Hoyts,Cinemark San Justo,Av. Brigadier Juan M. de Rosas 3910,Ice Cream Man,2D Doblada,18:10,,,,https://cartelera.ar/pelicula/ice-cream-man
GBA Oeste,Cinemark Hoyts,Cinemark San Justo,Av. Brigadier Juan M. de Rosas 3910,Ice Cream Man,2D Doblada,22:50,,,,https://cartelera.ar/pelicula/ice-cream-man
GBA Oeste,Cinemark Hoyts,Cinemark San Justo,Av. Brigadier Juan M. de Rosas 3910,Insidious: Fuera del más allá,2D Doblada,12:20,,,,https://www.cinemark.com.ar/peliculas/la-noche-del-demonio-estan-entre-nosotros
GBA Oeste,Cinemark Hoyts,Cinemark San Justo,Av. Brigadier Juan M. de Rosas 3910,Insidious: Fuera del más allá,2D Doblada,14:50,,,,https://www.cinemark.com.ar/peliculas/la-noche-del-demonio-estan-entre-nosotros
GBA Oeste,Cinemark Hoyts,Cinemark San Justo,Av. Brigadier Juan M. de Rosas 3910,Insidious: Fuera del más allá,2D Doblada,17:30,,,,https://www.cinemark.com.ar/peliculas/la-noche-del-demonio-estan-entre-nosotros
GBA Oeste,Cinemark Hoyts,Cinemark San Justo,Av. Brigadier Juan M. de Rosas 3910,Insidious: Fuera del más allá,2D Doblada,20:00,,,,https://www.cinemark.com.ar/peliculas/la-noche-del-demonio-estan-entre-nosotros
GBA Oeste,Cinemark Hoyts,Cinemark San Justo,Av. Brigadier Juan M. de Rosas 3910,Insidious: Fuera del más allá,2D Doblada,22:30,,,,https://www.cinemark.com.ar/peliculas/la-noche-del-demonio-estan-entre-nosotros
GBA Oeste,Cinemark Hoyts,Cinemark San Justo,Av. Brigadier Juan M. de Rosas 3910,Los mundos de Coraline,3D Doblada,18:20,,,,https://www.cinemark.com.ar/peliculas/coraline-y-la-puerta-secreta
GBA Oeste,Cinemark Hoyts,Cinemark San Justo,Av. Brigadier Juan M. de Rosas 3910,Pepita la Pistolera,2D Doblada,15:50,,,,https://www.cinemark.com.ar/peliculas/pepita-la-pistolera
GBA Oeste,Cinemark Hoyts,Cinemark San Justo,Av. Brigadier Juan M. de Rosas 3910,RESIDENT EVIL: NOCHE CERO,DBOX XD 2D Doblada,12:40,,,,https://www.cinemark.com.ar/peliculas/resident-evil-noche-cero
GBA Oeste,Cinemark Hoyts,Cinemark San Justo,Av. Brigadier Juan M. de Rosas 3910,RESIDENT EVIL: NOCHE CERO,XD 2D Doblada,12:40,,,,https://www.cinemark.com.ar/peliculas/resident-evil-noche-cero
GBA Oeste,Cinemark Hoyts,Cinemark San Justo,Av. Brigadier Juan M. de Rosas 3910,RESIDENT EVIL: NOCHE CERO,DBOX XD 2D Doblada,15:00,,,,https://www.cinemark.com.ar/peliculas/resident-evil-noche-cero
GBA Oeste,Cinemark Hoyts,Cinemark San Justo,Av. Brigadier Juan M. de Rosas 3910,RESIDENT EVIL: NOCHE CERO,XD 2D Doblada,15:00,,,,https://www.cinemark.com.ar/peliculas/resident-evil-noche-cero
GBA Oeste,Cinemark Hoyts,Cinemark San Justo,Av. Brigadier Juan M. de Rosas 3910,RESIDENT EVIL: NOCHE CERO,DBOX XD 2D Doblada,17:20,,,,https://www.cinemark.com.ar/peliculas/resident-evil-noche-cero
GBA Oeste,Cinemark Hoyts,Cinemark San Justo,Av. Brigadier Juan M. de Rosas 3910,RESIDENT EVIL: NOCHE CERO,XD 2D Doblada,17:20,,,,https://www.cinemark.com.ar/peliculas/resident-evil-noche-cero
GBA Oeste,Cinemark Hoyts,Cinemark San Justo,Av. Brigadier Juan M. de Rosas 3910,RESIDENT EVIL: NOCHE CERO,DBOX XD 2D Doblada,19:40,,,,https://www.cinemark.com.ar/peliculas/resident-evil-noche-cero
GBA Oeste,Cinemark Hoyts,Cinemark San Justo,Av. Brigadier Juan M. de Rosas 3910,RESIDENT EVIL: NOCHE CERO,XD 2D Doblada,19:40,,,,https://www.cinemark.com.ar/peliculas/resident-evil-noche-cero
GBA Oeste,Cinemark Hoyts,Cinemark San Justo,Av. Brigadier Juan M. de Rosas 3910,RESIDENT EVIL: NOCHE CERO,2D Doblada,20:40,,,,https://www.cinemark.com.ar/peliculas/resident-evil-noche-cero
GBA Oeste,Cinemark Hoyts,Cinemark San Justo,Av. Brigadier Juan M. de Rosas 3910,RESIDENT EVIL: NOCHE CERO,DBOX XD 2D Doblada,22:00,,,,https://www.cinemark.com.ar/peliculas/resident-evil-noche-cero
GBA Oeste,Cinemark Hoyts,Cinemark San Justo,Av. Brigadier Juan M. de Rosas 3910,RESIDENT EVIL: NOCHE CERO,XD 2D Doblada,22:00,,,,https://www.cinemark.com.ar/peliculas/resident-evil-noche-cero
GBA Oeste,Cinemark Hoyts,Cinemark San Justo,Av. Brigadier Juan M. de Rosas 3910,RESIDENT EVIL: NOCHE CERO,2D Doblada,23:00,,,,https://www.cinemark.com.ar/peliculas/resident-evil-noche-cero
GBA Oeste,Cinemark Hoyts,Cinemark San Justo,Av. Brigadier Juan M. de Rosas 3910,Spider-Man: Un nuevo día,2D Doblada,12:30,,,,https://www.cinemark.com.ar/peliculas/spider-man-un-nuevo-dia
GBA Oeste,Cinemark Hoyts,Cinemark San Justo,Av. Brigadier Juan M. de Rosas 3910,Spider-Man: Un nuevo día,DBOX 2D Doblada,12:30,,,,https://www.cinemark.com.ar/peliculas/spider-man-un-nuevo-dia
GBA Oeste,Cinemark Hoyts,Cinemark San Justo,Av. Brigadier Juan M. de Rosas 3910,Spider-Man: Un nuevo día,2D Doblada,15:40,,,,https://www.cinemark.com.ar/peliculas/spider-man-un-nuevo-dia
GBA Oeste,Cinemark Hoyts,Cinemark San Justo,Av. Brigadier Juan M. de Rosas 3910,Spider-Man: Un nuevo día,DBOX 2D Doblada,15:40,,,,https://www.cinemark.com.ar/peliculas/spider-man-un-nuevo-dia
GBA Oeste,Cinemark Hoyts,Cinemark San Justo,Av. Brigadier Juan M. de Rosas 3910,Spider-Man: Un nuevo día,3D Doblada,19:00,,,,https://www.cinemark.com.ar/peliculas/spider-man-un-nuevo-dia
GBA Oeste,Cinemark Hoyts,Cinemark San Justo,Av. Brigadier Juan M. de Rosas 3910,Spider-Man: Un nuevo día,DBOX 3D Doblada,19:00,,,,https://www.cinemark.com.ar/peliculas/spider-man-un-nuevo-dia
GBA Oeste,Cinemark Hoyts,Cinemark San Justo,Av. Brigadier Juan M. de Rosas 3910,Spider-Man: Un nuevo día,2D Doblada,22:10,,,,https://www.cinemark.com.ar/peliculas/spider-man-un-nuevo-dia
GBA Oeste,Cinemark Hoyts,Cinemark San Justo,Av. Brigadier Juan M. de Rosas 3910,Spider-Man: Un nuevo día,DBOX 2D Doblada,22:10,,,,https://www.cinemark.com.ar/peliculas/spider-man-un-nuevo-dia
GBA Oeste,Cinemark Hoyts,Cinemark San Justo,Av. Brigadier Juan M. de Rosas 3910,Tadeo : El Explorador Y La Lampara Maravillosa,2D Doblada,13:30,,,,https://www.cinemark.com.ar/peliculas/tadeo-el-explorador-y-la-lampara-maravillosa
GBA Oeste,Cinemark Hoyts,Cinemark San Justo,Av. Brigadier Juan M. de Rosas 3910,Volver,2D Subtitulada,15:30,,,,https://www.cinemark.com.ar/peliculas/volver-al-futuro
GBA Oeste,Cinemark Hoyts,Cinemark San Justo,Av. Brigadier Juan M. de Rosas 3910,Yo Narciso,2D Doblada,13:10,,,,https://www.cinemark.com.ar/peliculas/yo-narciso
GBA Oeste,Cinemark Hoyts,Cinemark San Justo,Av. Brigadier Juan M. de Rosas 3910,Yo Narciso,2D Doblada,20:30,,,,https://www.cinemark.com.ar/peliculas/yo-narciso
GBA Sur,Multiplex,Multiplex Canning,"Formosa 653, Canning (Shopping Las Toscas)",Coyote vs. Acme,2D Doblada,13:00,,,,https://multiplex.com.ar/peliculas/coyote-vs-acme/
GBA Sur,Multiplex,Multiplex Canning,"Formosa 653, Canning (Shopping Las Toscas)",Coyote vs. Acme,2D Doblada,14:50,,,,https://multiplex.com.ar/peliculas/coyote-vs-acme/
GBA Sur,Multiplex,Multiplex Canning,"Formosa 653, Canning (Shopping Las Toscas)",Coyote vs. Acme,2D Doblada,17:20,,,,https://multiplex.com.ar/peliculas/coyote-vs-acme/
GBA Sur,Multiplex,Multiplex Canning,"Formosa 653, Canning (Shopping Las Toscas)",El árbol mágico,2D Doblada,12:40,,,,https://multiplex.com.ar/peliculas/el-arbol-magico/
GBA Sur,Multiplex,Multiplex Canning,"Formosa 653, Canning (Shopping Las Toscas)",El árbol mágico,2D Doblada,15:50,,,,https://multiplex.com.ar/peliculas/el-arbol-magico/
GBA Sur,Multiplex,Multiplex Canning,"Formosa 653, Canning (Shopping Las Toscas)",El Heladero: Dulce Sabor A Muerte,2D Doblada,22:45,,,,https://multiplex.com.ar/peliculas/el-heladero-dulce-sabor-a-muerte/
GBA Sur,Multiplex,Multiplex Canning,"Formosa 653, Canning (Shopping Las Toscas)",Hechizo de amor: La magia continúa,2D Doblada,20:00,,,,https://multiplex.com.ar/peliculas/hechizo-de-amor-la-magia-continua/
GBA Sur,Multiplex,Multiplex Canning,"Formosa 653, Canning (Shopping Las Toscas)",Ice Cream Man,2D Doblada,22:45,,,,https://cartelera.ar/pelicula/ice-cream-man
GBA Sur,Multiplex,Multiplex Canning,"Formosa 653, Canning (Shopping Las Toscas)",La noche del demonio: Están entre nosotros,2D Doblada,20:40,,,,https://multiplex.com.ar/peliculas/la-noche-del-demonio-estan-entre-nosotros/
GBA Sur,Multiplex,Multiplex Canning,"Formosa 653, Canning (Shopping Las Toscas)",La noche del demonio: Están entre nosotros,2D Doblada,23:00,,,,https://multiplex.com.ar/peliculas/la-noche-del-demonio-estan-entre-nosotros/
GBA Sur,Multiplex,Multiplex Canning,"Formosa 653, Canning (Shopping Las Toscas)",La Odisea,4D (2D) Doblada,15:40,,,,https://multiplex.com.ar/peliculas/la-odisea/
GBA Sur,Multiplex,Multiplex Canning,"Formosa 653, Canning (Shopping Las Toscas)",La Odisea,2D Doblada,19:30,,,,https://multiplex.com.ar/peliculas/la-odisea/
GBA Sur,Multiplex,Multiplex Canning,"Formosa 653, Canning (Shopping Las Toscas)",Minions & monstruos,2D Doblada,13:00,,,,https://multiplex.com.ar/peliculas/minions-monstruos/
GBA Sur,Multiplex,Multiplex Canning,"Formosa 653, Canning (Shopping Las Toscas)",Obsesión,2D Doblada,22:45,,,,https://multiplex.com.ar/peliculas/obsesion/
GBA Sur,Multiplex,Multiplex Canning,"Formosa 653, Canning (Shopping Las Toscas)",One Piece: La película,2D Doblada,16:00,,,,https://multiplex.com.ar/peliculas/one-piece-la-pelicula/
GBA Sur,Multiplex,Multiplex Canning,"Formosa 653, Canning (Shopping Las Toscas)",Resident Evil: Noche Cero,2D Doblada,17:00,,,,https://multiplex.com.ar/peliculas/resident-evil-noche-cero/
GBA Sur,Multiplex,Multiplex Canning,"Formosa 653, Canning (Shopping Las Toscas)",Resident Evil: Noche Cero,4D (2D) Doblada,18:50,,,,https://multiplex.com.ar/peliculas/resident-evil-noche-cero/
GBA Sur,Multiplex,Multiplex Canning,"Formosa 653, Canning (Shopping Las Toscas)",Resident Evil: Noche Cero,2D Doblada,19:00,,,,https://multiplex.com.ar/peliculas/resident-evil-noche-cero/
GBA Sur,Multiplex,Multiplex Canning,"Formosa 653, Canning (Shopping Las Toscas)",Resident Evil: Noche Cero,4D (2D) Doblada,20:40,,,,https://multiplex.com.ar/peliculas/resident-evil-noche-cero/
GBA Sur,Multiplex,Multiplex Canning,"Formosa 653, Canning (Shopping Las Toscas)",Resident Evil: Noche Cero,2D Doblada,21:00,,,,https://multiplex.com.ar/peliculas/resident-evil-noche-cero/
GBA Sur,Multiplex,Multiplex Canning,"Formosa 653, Canning (Shopping Las Toscas)",Resident Evil: Noche Cero,4D (2D) Doblada,22:30,,,,https://multiplex.com.ar/peliculas/resident-evil-noche-cero/
GBA Sur,Multiplex,Multiplex Canning,"Formosa 653, Canning (Shopping Las Toscas)",Resident Evil: Noche Cero,2D Doblada,23:00,,,,https://multiplex.com.ar/peliculas/resident-evil-noche-cero/
GBA Sur,Multiplex,Multiplex Canning,"Formosa 653, Canning (Shopping Las Toscas)",Spider-Man: Un nuevo día,4D (3D) Doblada,13:00,,,,https://multiplex.com.ar/peliculas/spider-man-un-dia-nuevo/
GBA Sur,Multiplex,Multiplex Canning,"Formosa 653, Canning (Shopping Las Toscas)",Spider-Man: Un nuevo día,2D Doblada,13:10,,,,https://multiplex.com.ar/peliculas/spider-man-un-dia-nuevo/
GBA Sur,Multiplex,Multiplex Canning,"Formosa 653, Canning (Shopping Las Toscas)",Spider-Man: Un nuevo día,2D Doblada,15:10,,,,https://multiplex.com.ar/peliculas/spider-man-un-dia-nuevo/
GBA Sur,Multiplex,Multiplex Canning,"Formosa 653, Canning (Shopping Las Toscas)",Spider-Man: Un nuevo día,2D Doblada,17:00,,,,https://multiplex.com.ar/peliculas/spider-man-un-dia-nuevo/
GBA Sur,Multiplex,Multiplex Canning,"Formosa 653, Canning (Shopping Las Toscas)",Spider-Man: Un nuevo día,2D Doblada,18:00,,,,https://multiplex.com.ar/peliculas/spider-man-un-dia-nuevo/
GBA Sur,Multiplex,Multiplex Canning,"Formosa 653, Canning (Shopping Las Toscas)",Spider-Man: Un nuevo día,2D Doblada,20:00,,,,https://multiplex.com.ar/peliculas/spider-man-un-dia-nuevo/
GBA Sur,Multiplex,Multiplex Canning,"Formosa 653, Canning (Shopping Las Toscas)",Spider-Man: Un nuevo día,2D Doblada,22:30,,,,https://multiplex.com.ar/peliculas/spider-man-un-dia-nuevo/
GBA Sur,Multiplex,Multiplex Canning,"Formosa 653, Canning (Shopping Las Toscas)",Tadeo : El Explorador Y La Lampara Maravillosa,2D Doblada,13:40,,,,https://multiplex.com.ar/peliculas/tadeo-el-explorador-y-la-lampara-maravillosa/
GBA Sur,Multiplex,Multiplex Canning,"Formosa 653, Canning (Shopping Las Toscas)",Toy Story 5,2D Doblada,14:50,,,,https://multiplex.com.ar/peliculas/toy-story-5/
GBA Sur,Multiplex,Multiplex Canning,"Formosa 653, Canning (Shopping Las Toscas)",Yo Narciso,2D Doblada,18:00,,,,https://multiplex.com.ar/peliculas/yo-narciso/
CABA,Multiplex,Multiplex Lavalle,"Lavalle 780, CABA",Afterburn (Zona cero),2D Doblada,22:45,,,,https://multiplex.com.ar/peliculas/zona-cero/
CABA,Multiplex,Multiplex Lavalle,"Lavalle 780, CABA",Coyote vs. Acme,2D Doblada,13:30,,,,https://multiplex.com.ar/peliculas/coyote-vs-acme/
CABA,Multiplex,Multiplex Lavalle,"Lavalle 780, CABA",Coyote vs. Acme,2D Doblada,15:40,,,,https://multiplex.com.ar/peliculas/coyote-vs-acme/
CABA,Multiplex,Multiplex Lavalle,"Lavalle 780, CABA",Coyote vs. Acme,2D Doblada,17:50,,,,https://multiplex.com.ar/peliculas/coyote-vs-acme/
CABA,Multiplex,Multiplex Lavalle,"Lavalle 780, CABA",Coyote vs. Acme,2D Doblada,20:00,,,,https://multiplex.com.ar/peliculas/coyote-vs-acme/
CABA,Multiplex,Multiplex Lavalle,"Lavalle 780, CABA",El árbol mágico,2D Doblada,13:00,,,,https://multiplex.com.ar/peliculas/el-arbol-magico/
CABA,Multiplex,Multiplex Lavalle,"Lavalle 780, CABA",El árbol mágico,2D Doblada,15:00,,,,https://multiplex.com.ar/peliculas/el-arbol-magico/
CABA,Multiplex,Multiplex Lavalle,"Lavalle 780, CABA",El árbol mágico,2D Doblada,17:05,,,,https://multiplex.com.ar/peliculas/el-arbol-magico/
CABA,Multiplex,Multiplex Lavalle,"Lavalle 780, CABA",El Heladero: Dulce Sabor A Muerte,2D Doblada,23:00,,,,https://multiplex.com.ar/peliculas/el-heladero-dulce-sabor-a-muerte/
CABA,Multiplex,Multiplex Lavalle,"Lavalle 780, CABA",Hechizo de amor: La magia continúa,2D Doblada,16:50,,,,https://multiplex.com.ar/peliculas/hechizo-de-amor-la-magia-continua/
CABA,Multiplex,Multiplex Lavalle,"Lavalle 780, CABA",Ice Cream Man,2D Doblada,23:00,,,,https://cartelera.ar/pelicula/ice-cream-man
CABA,Multiplex,Multiplex Lavalle,"Lavalle 780, CABA",La noche del demonio: Están entre nosotros,2D Doblada,13:00,,,,https://multiplex.com.ar/peliculas/la-noche-del-demonio-estan-entre-nosotros/
CABA,Multiplex,Multiplex Lavalle,"Lavalle 780, CABA",La noche del demonio: Están entre nosotros,2D Doblada,19:15,,,,https://multiplex.com.ar/peliculas/la-noche-del-demonio-estan-entre-nosotros/
CABA,Multiplex,Multiplex Lavalle,"Lavalle 780, CABA",La noche del demonio: Están entre nosotros,2D Doblada,21:15,,,,https://multiplex.com.ar/peliculas/la-noche-del-demonio-estan-entre-nosotros/
CABA,Multiplex,Multiplex Lavalle,"Lavalle 780, CABA",La noche del demonio: Están entre nosotros,2D Doblada,23:15,,,,https://multiplex.com.ar/peliculas/la-noche-del-demonio-estan-entre-nosotros/
CABA,Multiplex,Multiplex Lavalle,"Lavalle 780, CABA",La Odisea,2D Doblada,19:30,,,,https://multiplex.com.ar/peliculas/la-odisea/
CABA,Multiplex,Multiplex Lavalle,"Lavalle 780, CABA",Oasis: Dont Look Back In Anger,2D Subtitulada,22:05,,,,https://multiplex.com.ar/peliculas/oasis-dont-look-back-in-anger/
CABA,Multiplex,Multiplex Lavalle,"Lavalle 780, CABA",One Piece: La película,2D Doblada,13:05,,,,https://multiplex.com.ar/peliculas/one-piece-la-pelicula/
CABA,Multiplex,Multiplex Lavalle,"Lavalle 780, CABA",One Piece: La película,2D Doblada,14:20,,,,https://multiplex.com.ar/peliculas/one-piece-la-pelicula/
CABA,Multiplex,Multiplex Lavalle,"Lavalle 780, CABA",One Piece: La película,2D Subtitulada,15:35,,,,https://multiplex.com.ar/peliculas/one-piece-la-pelicula/
CABA,Multiplex,Multiplex Lavalle,"Lavalle 780, CABA",One Piece: La película,2D Doblada,16:50,,,,https://multiplex.com.ar/peliculas/one-piece-la-pelicula/
CABA,Multiplex,Multiplex Lavalle,"Lavalle 780, CABA",One Piece: La película,2D Subtitulada,18:10,,,,https://multiplex.com.ar/peliculas/one-piece-la-pelicula/
CABA,Multiplex,Multiplex Lavalle,"Lavalle 780, CABA",Pepita la Pistolera,2D Doblada,21:00,,,,https://multiplex.com.ar/peliculas/pepita-la-pistolera/
CABA,Multiplex,Multiplex Lavalle,"Lavalle 780, CABA",Resident Evil: Noche Cero,4D (2D) Doblada,13:00,,,,https://multiplex.com.ar/peliculas/resident-evil-noche-cero/
CABA,Multiplex,Multiplex Lavalle,"Lavalle 780, CABA",Resident Evil: Noche Cero,2D Doblada,14:00,,,,https://multiplex.com.ar/peliculas/resident-evil-noche-cero/
CABA,Multiplex,Multiplex Lavalle,"Lavalle 780, CABA",Resident Evil: Noche Cero,4D (2D) Doblada,14:50,,,,https://multiplex.com.ar/peliculas/resident-evil-noche-cero/
CABA,Multiplex,Multiplex Lavalle,"Lavalle 780, CABA",Resident Evil: Noche Cero,2D Doblada,15:50,,,,https://multiplex.com.ar/peliculas/resident-evil-noche-cero/
CABA,Multiplex,Multiplex Lavalle,"Lavalle 780, CABA",Resident Evil: Noche Cero,4D (2D) Doblada,16:40,,,,https://multiplex.com.ar/peliculas/resident-evil-noche-cero/
CABA,Multiplex,Multiplex Lavalle,"Lavalle 780, CABA",Resident Evil: Noche Cero,2D Doblada,17:40,,,,https://multiplex.com.ar/peliculas/resident-evil-noche-cero/
CABA,Multiplex,Multiplex Lavalle,"Lavalle 780, CABA",Resident Evil: Noche Cero,4D (2D) Doblada,18:30,,,,https://multiplex.com.ar/peliculas/resident-evil-noche-cero/
CABA,Multiplex,Multiplex Lavalle,"Lavalle 780, CABA",Resident Evil: Noche Cero,2D Doblada,19:30,,,,https://multiplex.com.ar/peliculas/resident-evil-noche-cero/
CABA,Multiplex,Multiplex Lavalle,"Lavalle 780, CABA",Resident Evil: Noche Cero,4D (2D) Doblada,20:20,,,,https://multiplex.com.ar/peliculas/resident-evil-noche-cero/
CABA,Multiplex,Multiplex Lavalle,"Lavalle 780, CABA",Resident Evil: Noche Cero,2D Doblada,21:20,,,,https://multiplex.com.ar/peliculas/resident-evil-noche-cero/
CABA,Multiplex,Multiplex Lavalle,"Lavalle 780, CABA",Resident Evil: Noche Cero,4D (2D) Doblada,22:10,,,,https://multiplex.com.ar/peliculas/resident-evil-noche-cero/
CABA,Multiplex,Multiplex Lavalle,"Lavalle 780, CABA",Resident Evil: Noche Cero,2D Doblada,23:10,,,,https://multiplex.com.ar/peliculas/resident-evil-noche-cero/
CABA,Multiplex,Multiplex Lavalle,"Lavalle 780, CABA",Spider-Man: Un nuevo día,3D Doblada,14:20,,,,https://multiplex.com.ar/peliculas/spider-man-un-dia-nuevo/
CABA,Multiplex,Multiplex Lavalle,"Lavalle 780, CABA",Spider-Man: Un nuevo día,3D Doblada,17:00,,,,https://multiplex.com.ar/peliculas/spider-man-un-dia-nuevo/
CABA,Multiplex,Multiplex Lavalle,"Lavalle 780, CABA",Spider-Man: Un nuevo día,3D Doblada,19:45,,,,https://multiplex.com.ar/peliculas/spider-man-un-dia-nuevo/
CABA,Multiplex,Multiplex Lavalle,"Lavalle 780, CABA",Spider-Man: Un nuevo día,3D Doblada,22:30,,,,https://multiplex.com.ar/peliculas/spider-man-un-dia-nuevo/
CABA,Multiplex,Multiplex Lavalle,"Lavalle 780, CABA",Tadeo : El Explorador Y La Lampara Maravillosa,2D Doblada,15:00,,,,https://multiplex.com.ar/peliculas/tadeo-el-explorador-y-la-lampara-maravillosa/
CABA,Multiplex,Multiplex Lavalle,"Lavalle 780, CABA",Yo Narciso,2D Doblada,19:10,,,,https://multiplex.com.ar/peliculas/yo-narciso/
CABA,Cine Independiente,Cine Gaumont,"Av. Rivadavia 1635, Congreso",Los domingos,2D Doblada,16:15,,,,https://cartelera.ar/pelicula/los-domingos
CABA,Cine Independiente,Cine Gaumont,"Av. Rivadavia 1635, Congreso",Pepita la Pistolera,2D Doblada,17:15,,,,https://cartelera.ar/pelicula/pepita-la-pistolera
CABA,Cine Independiente,Cine Gaumont,"Av. Rivadavia 1635, Congreso",Pepita la Pistolera,2D Doblada,21:00,,,,https://cartelera.ar/pelicula/pepita-la-pistolera
CABA,Cine Independiente,Cine Gaumont,"Av. Rivadavia 1635, Congreso",Canelones,2D Doblada,15:00,,,,https://cartelera.ar/pelicula/canelones
CABA,Cine Independiente,Cine Gaumont,"Av. Rivadavia 1635, Congreso",Yo Narciso,2D Doblada,14:00,,,,https://cartelera.ar/pelicula/yo-narciso
CABA,Cine Independiente,Cine Gaumont,"Av. Rivadavia 1635, Congreso",Yo Narciso,2D Doblada,17:30,,,,https://cartelera.ar/pelicula/yo-narciso
CABA,Cine Independiente,Cine Gaumont,"Av. Rivadavia 1635, Congreso",Lu & Pau,2D Doblada,14:30,,,,https://cartelera.ar/pelicula/lu-pau
CABA,Cine Independiente,Cine Gaumont,"Av. Rivadavia 1635, Congreso",Suite Juárez,2D Doblada,16:00,,,,https://cartelera.ar/pelicula/suite-juarez
CABA,Cinépolis,Cinépolis Recoleta,"Vicente López 2050, Recoleta",El héroe de Berlín,2D Subtitulada,19:30,,,,https://cartelera.ar/pelicula/el-heroe-de-berlin
CABA,Cinépolis,Cinépolis Recoleta,"Vicente López 2050, Recoleta","Ay, Ese Vacío, Ese Espantoso Vacío",2D Subtitulada,14:00,,,,https://cartelera.ar/pelicula/ay-ese-vacio-ese-espantoso-vacio
CABA,Cinépolis,Cinépolis Recoleta,"Vicente López 2050, Recoleta",La Rana y el Agua,2D Subtitulada,22:00,,,,https://cartelera.ar/pelicula/la-rana-y-el-agua
CABA,Cinépolis,Cinépolis Recoleta,"Vicente López 2050, Recoleta",Rave On,2D Subtitulada,17:00,,,,https://cartelera.ar/pelicula/rave-on
GBA Oeste,Showcase,Showcase Haedo,"Av. Rivadavia 16.200, Shopping Haedo",Resident Evil: Noche Cero,2D Doblada,14:10,,,,https://cartelera.ar/pelicula/resident-evil-noche-cero
GBA Oeste,Showcase,Showcase Haedo,"Av. Rivadavia 16.200, Shopping Haedo",Resident Evil: Noche Cero,2D Subtitulada,15:25,,,,https://cartelera.ar/pelicula/resident-evil-noche-cero
GBA Oeste,Showcase,Showcase Haedo,"Av. Rivadavia 16.200, Shopping Haedo",Resident Evil: Noche Cero,2D Doblada,16:25,,,,https://cartelera.ar/pelicula/resident-evil-noche-cero
GBA Oeste,Showcase,Showcase Haedo,"Av. Rivadavia 16.200, Shopping Haedo",Resident Evil: Noche Cero,2D Subtitulada,17:40,,,,https://cartelera.ar/pelicula/resident-evil-noche-cero
GBA Oeste,Showcase,Showcase Haedo,"Av. Rivadavia 16.200, Shopping Haedo",Resident Evil: Noche Cero,2D Doblada,19:55,,,,https://cartelera.ar/pelicula/resident-evil-noche-cero
GBA Oeste,Showcase,Showcase Haedo,"Av. Rivadavia 16.200, Shopping Haedo",Resident Evil: Noche Cero,2D Subtitulada,20:20,,,,https://cartelera.ar/pelicula/resident-evil-noche-cero
GBA Oeste,Showcase,Showcase Haedo,"Av. Rivadavia 16.200, Shopping Haedo",Resident Evil: Noche Cero,2D Doblada,22:10,,,,https://cartelera.ar/pelicula/resident-evil-noche-cero
GBA Oeste,Showcase,Showcase Haedo,"Av. Rivadavia 16.200, Shopping Haedo",Resident Evil: Noche Cero,2D Subtitulada,22:35,,,,https://cartelera.ar/pelicula/resident-evil-noche-cero
GBA Oeste,Showcase,Showcase Haedo,"Av. Rivadavia 16.200, Shopping Haedo",One Piece: La película,2D Subtitulada,18:40,,,,https://cartelera.ar/pelicula/one-piece-la-pelicula
GBA Norte,Showcase,Showcase Norte (Norcenter),"Colectora Panamericana 3750, Norcenter",Resident Evil: Noche Cero,2D Doblada,14:10,,,,https://cartelera.ar/pelicula/resident-evil-noche-cero
GBA Norte,Showcase,Showcase Norte (Norcenter),"Colectora Panamericana 3750, Norcenter",Resident Evil: Noche Cero,2D Subtitulada,15:25,,,,https://cartelera.ar/pelicula/resident-evil-noche-cero
GBA Norte,Showcase,Showcase Norte (Norcenter),"Colectora Panamericana 3750, Norcenter",Resident Evil: Noche Cero,2D Doblada,16:25,,,,https://cartelera.ar/pelicula/resident-evil-noche-cero
GBA Norte,Showcase,Showcase Norte (Norcenter),"Colectora Panamericana 3750, Norcenter",Resident Evil: Noche Cero,2D Subtitulada,17:40,,,,https://cartelera.ar/pelicula/resident-evil-noche-cero
GBA Norte,Showcase,Showcase Norte (Norcenter),"Colectora Panamericana 3750, Norcenter",Resident Evil: Noche Cero,2D Doblada,19:55,,,,https://cartelera.ar/pelicula/resident-evil-noche-cero
GBA Norte,Showcase,Showcase Norte (Norcenter),"Colectora Panamericana 3750, Norcenter",Resident Evil: Noche Cero,2D Subtitulada,20:20,,,,https://cartelera.ar/pelicula/resident-evil-noche-cero
GBA Norte,Showcase,Showcase Norte (Norcenter),"Colectora Panamericana 3750, Norcenter",Resident Evil: Noche Cero,2D Doblada,22:10,,,,https://cartelera.ar/pelicula/resident-evil-noche-cero
GBA Norte,Showcase,Showcase Norte (Norcenter),"Colectora Panamericana 3750, Norcenter",Resident Evil: Noche Cero,2D Subtitulada,22:35,,,,https://cartelera.ar/pelicula/resident-evil-noche-cero
GBA Norte,Showcase,Showcase Norte (Norcenter),"Colectora Panamericana 3750, Norcenter",One Piece: La película,2D Subtitulada,18:40,,,,https://cartelera.ar/pelicula/one-piece-la-pelicula
CABA,Cinemark Hoyts,Cinemark Puerto Madero,Av. Alicia Moreau de Justo 1920,Colony,2D Doblada,22:50,,,,https://www.cinemark.com.ar/peliculas/colony-zona-cero
CABA,Cinemark Hoyts,Cinemark Puerto Madero,Av. Alicia Moreau de Justo 1920,Coyote vs. Acme,2D Doblada,15:20,,,,https://www.cinemark.com.ar/peliculas/coyote-vs-acme
CABA,Cinemark Hoyts,Cinemark Puerto Madero,Av. Alicia Moreau de Justo 1920,Coyote vs. Acme,2D Doblada,17:50,,,,https://www.cinemark.com.ar/peliculas/coyote-vs-acme
CABA,Cinemark Hoyts,Cinemark Puerto Madero,Av. Alicia Moreau de Justo 1920,Coyote vs. Acme,2D Doblada,20:20,,,,https://www.cinemark.com.ar/peliculas/coyote-vs-acme
CABA,Cinemark Hoyts,Cinemark Puerto Madero,Av. Alicia Moreau de Justo 1920,EL ÁRBOL MÁGICO,2D Doblada,16:00,,,,https://www.cinemark.com.ar/peliculas/el-arbol-magico
CABA,Cinemark Hoyts,Cinemark Puerto Madero,Av. Alicia Moreau de Justo 1920,EL ÁRBOL MÁGICO,2D Doblada,20:00,,,,https://www.cinemark.com.ar/peliculas/el-arbol-magico
CABA,Cinemark Hoyts,Cinemark Puerto Madero,Av. Alicia Moreau de Justo 1920,Hechizo de amor: La magia continúa,2D Subtitulada,22:40,,,,https://www.cinemark.com.ar/peliculas/hechizo-de-amor-la-magia-continua
CABA,Cinemark Hoyts,Cinemark Puerto Madero,Av. Alicia Moreau de Justo 1920,Insidious: Fuera del más allá,2D Doblada,15:20,,,,https://www.cinemark.com.ar/peliculas/la-noche-del-demonio-estan-entre-nosotros
CABA,Cinemark Hoyts,Cinemark Puerto Madero,Av. Alicia Moreau de Justo 1920,Insidious: Fuera del más allá,2D Doblada,17:40,,,,https://www.cinemark.com.ar/peliculas/la-noche-del-demonio-estan-entre-nosotros
CABA,Cinemark Hoyts,Cinemark Puerto Madero,Av. Alicia Moreau de Justo 1920,Insidious: Fuera del más allá,2D Doblada,20:00,,,,https://www.cinemark.com.ar/peliculas/la-noche-del-demonio-estan-entre-nosotros
CABA,Cinemark Hoyts,Cinemark Puerto Madero,Av. Alicia Moreau de Justo 1920,Insidious: Fuera del más allá,2D Doblada,22:20,,,,https://www.cinemark.com.ar/peliculas/la-noche-del-demonio-estan-entre-nosotros
CABA,Cinemark Hoyts,Cinemark Puerto Madero,Av. Alicia Moreau de Justo 1920,La Odisea,2D Subtitulada,15:00,,,,https://www.cinemark.com.ar/peliculas/la-odisea
CABA,Cinemark Hoyts,Cinemark Puerto Madero,Av. Alicia Moreau de Justo 1920,La Odisea,2D Subtitulada,18:40,,,,https://www.cinemark.com.ar/peliculas/la-odisea
CABA,Cinemark Hoyts,Cinemark Puerto Madero,Av. Alicia Moreau de Justo 1920,La Odisea,2D Subtitulada,22:20,,,,https://www.cinemark.com.ar/peliculas/la-odisea
CABA,Cinemark Hoyts,Cinemark Puerto Madero,Av. Alicia Moreau de Justo 1920,Oasis: Dont Look Back In Anger,2D Subtitulada,15:00,,,,https://www.cinemark.com.ar/peliculas/oasis-don-t-look-back-in-anger
CABA,Cinemark Hoyts,Cinemark Puerto Madero,Av. Alicia Moreau de Justo 1920,ONE PIECE: LA PELÍCULA,2D Doblada,18:30,,,,https://www.cinemark.com.ar/peliculas/one-piece-la-pelicula
CABA,Cinemark Hoyts,Cinemark Puerto Madero,Av. Alicia Moreau de Justo 1920,RESIDENT EVIL: NOCHE CERO,2D Doblada,15:15,,,,https://www.cinemark.com.ar/peliculas/resident-evil-noche-cero
CABA,Cinemark Hoyts,Cinemark Puerto Madero,Av. Alicia Moreau de Justo 1920,RESIDENT EVIL: NOCHE CERO,2D Doblada,16:00,,,,https://www.cinemark.com.ar/peliculas/resident-evil-noche-cero
CABA,Cinemark Hoyts,Cinemark Puerto Madero,Av. Alicia Moreau de Justo 1920,RESIDENT EVIL: NOCHE CERO,2D Doblada,17:30,,,,https://www.cinemark.com.ar/peliculas/resident-evil-noche-cero
CABA,Cinemark Hoyts,Cinemark Puerto Madero,Av. Alicia Moreau de Justo 1920,RESIDENT EVIL: NOCHE CERO,2D Doblada,18:15,,,,https://www.cinemark.com.ar/peliculas/resident-evil-noche-cero
CABA,Cinemark Hoyts,Cinemark Puerto Madero,Av. Alicia Moreau de Justo 1920,RESIDENT EVIL: NOCHE CERO,2D Doblada,19:45,,,,https://www.cinemark.com.ar/peliculas/resident-evil-noche-cero
CABA,Cinemark Hoyts,Cinemark Puerto Madero,Av. Alicia Moreau de Justo 1920,RESIDENT EVIL: NOCHE CERO,2D Doblada,20:30,,,,https://www.cinemark.com.ar/peliculas/resident-evil-noche-cero
CABA,Cinemark Hoyts,Cinemark Puerto Madero,Av. Alicia Moreau de Justo 1920,RESIDENT EVIL: NOCHE CERO,2D Subtitulada,22:00,,,,https://www.cinemark.com.ar/peliculas/resident-evil-noche-cero
CABA,Cinemark Hoyts,Cinemark Puerto Madero,Av. Alicia Moreau de Justo 1920,RESIDENT EVIL: NOCHE CERO,2D Doblada,23:00,,,,https://www.cinemark.com.ar/peliculas/resident-evil-noche-cero
CABA,Cinemark Hoyts,Cinemark Puerto Madero,Av. Alicia Moreau de Justo 1920,Spider-Man: Un nuevo día,2D Doblada,16:10,,,,https://www.cinemark.com.ar/peliculas/spider-man-un-nuevo-dia
CABA,Cinemark Hoyts,Cinemark Puerto Madero,Av. Alicia Moreau de Justo 1920,Spider-Man: Un nuevo día,3D Doblada,19:20,,,,https://www.cinemark.com.ar/peliculas/spider-man-un-nuevo-dia
CABA,Cinemark Hoyts,Cinemark Puerto Madero,Av. Alicia Moreau de Justo 1920,Spider-Man: Un nuevo día,2D Doblada,22:30,,,,https://www.cinemark.com.ar/peliculas/spider-man-un-nuevo-dia
CABA,Cinemark Hoyts,Cinemark Puerto Madero,Av. Alicia Moreau de Justo 1920,Yo Narciso,2D Doblada,17:50,,,,https://www.cinemark.com.ar/peliculas/yo-narciso
CABA,Cinemark Hoyts,Cinemark Puerto Madero,Av. Alicia Moreau de Justo 1920,Yo Narciso,2D Doblada,20:10,,,,https://www.cinemark.com.ar/peliculas/yo-narciso
CABA,Cinemark Hoyts,Cinemark Puerto Madero,Av. Alicia Moreau de Justo 1920,Yo Narciso,2D Doblada,22:30,,,,https://www.cinemark.com.ar/peliculas/yo-narciso
GBA Sur,Showcase,Showcase Quilmes,"Av. Calchaquí 3950, Quilmes Factory",Resident Evil: Noche Cero,2D Doblada,15:25,,,,https://cartelera.ar/pelicula/resident-evil-noche-cero
GBA Sur,Showcase,Showcase Quilmes,"Av. Calchaquí 3950, Quilmes Factory",Resident Evil: Noche Cero,2D Doblada,17:40,,,,https://cartelera.ar/pelicula/resident-evil-noche-cero
GBA Sur,Showcase,Showcase Quilmes,"Av. Calchaquí 3950, Quilmes Factory",Resident Evil: Noche Cero,2D Doblada,19:55,,,,https://cartelera.ar/pelicula/resident-evil-noche-cero
GBA Sur,Showcase,Showcase Quilmes,"Av. Calchaquí 3950, Quilmes Factory",Resident Evil: Noche Cero,2D Subtitulada,20:20,,,,https://cartelera.ar/pelicula/resident-evil-noche-cero
GBA Sur,Showcase,Showcase Quilmes,"Av. Calchaquí 3950, Quilmes Factory",Resident Evil: Noche Cero,2D Doblada,22:10,,,,https://cartelera.ar/pelicula/resident-evil-noche-cero
GBA Sur,Showcase,Showcase Quilmes,"Av. Calchaquí 3950, Quilmes Factory",Resident Evil: Noche Cero,2D Subtitulada,22:35,,,,https://cartelera.ar/pelicula/resident-evil-noche-cero
GBA Sur,Showcase,Showcase Quilmes,"Av. Calchaquí 3950, Quilmes Factory",One Piece: La película,2D Subtitulada,18:40,,,,https://cartelera.ar/pelicula/one-piece-la-pelicula
GBA Norte,Showcase,IMAX Showcase Norte,"Av. Ricardo Balbín 2550, Shopping Norcenter",Resident Evil: Noche Cero,IMAX Subtitulada,15:35,,,,https://cartelera.ar/pelicula/resident-evil-noche-cero
GBA Norte,Showcase,IMAX Showcase Norte,"Av. Ricardo Balbín 2550, Shopping Norcenter",Resident Evil: Noche Cero,IMAX Subtitulada,17:50,,,,https://cartelera.ar/pelicula/resident-evil-noche-cero
GBA Norte,Showcase,IMAX Showcase Norte,"Av. Ricardo Balbín 2550, Shopping Norcenter",Resident Evil: Noche Cero,IMAX Subtitulada,20:05,,,,https://cartelera.ar/pelicula/resident-evil-noche-cero
GBA Norte,Showcase,IMAX Showcase Norte,"Av. Ricardo Balbín 2550, Shopping Norcenter",Resident Evil: Noche Cero,IMAX Subtitulada,22:20,,,,https://cartelera.ar/pelicula/resident-evil-noche-cero
GBA Sur,Cinépolis,Cinépolis Avellaneda,"Av. Mitre 2702, Avellaneda",Mahou Shoujo Madoka Magica Movie 3: Hangyaku no Monogatari,2D Subtitulada,18:00,,,,https://cartelera.ar/pelicula/mahou-shoujo-madoka-magica-movie-3-hangyaku-no-monogatari
GBA Norte,Cinépolis,Cinépolis Pilar,"Panamericana Km. 50, Pilar",Mahou Shoujo Madoka Magica Movie 3: Hangyaku no Monogatari,2D Subtitulada,18:00,,,,https://cartelera.ar/pelicula/mahou-shoujo-madoka-magica-movie-3-hangyaku-no-monogatari
GBA Sur,Atlas Cines,Atlas Catan,"Camino de Cintura 2727, Shopping Catan",Resident Evil: Noche Cero,2D Doblada,18:10,,,,https://cartelera.ar/pelicula/resident-evil-noche-cero
GBA Sur,Atlas Cines,Atlas Catan,"Camino de Cintura 2727, Shopping Catan",Resident Evil: Noche Cero,2D Doblada,20:20,,,,https://cartelera.ar/pelicula/resident-evil-noche-cero
GBA Sur,Atlas Cines,Atlas Catan,"Camino de Cintura 2727, Shopping Catan",Resident Evil: Noche Cero,2D Doblada,22:30,,,,https://cartelera.ar/pelicula/resident-evil-noche-cero
GBA Sur,Atlas Cines,Atlas Catan,"Camino de Cintura 2727, Shopping Catan",One Piece: La película,2D Subtitulada,18:20,,,,https://cartelera.ar/pelicula/one-piece-la-pelicula
CABA,Atlas Cines,Atlas Flores,"Rivera Indarte 44, Flores",Resident Evil: Noche Cero,2D Doblada,20:30,,,,https://cartelera.ar/pelicula/resident-evil-noche-cero
CABA,Atlas Cines,Atlas Flores,"Rivera Indarte 44, Flores",Resident Evil: Noche Cero,2D Doblada,22:40,,,,https://cartelera.ar/pelicula/resident-evil-noche-cero
CABA,Atlas Cines,Atlas Flores,"Rivera Indarte 44, Flores",One Piece: La película,2D Subtitulada,19:00,,,,https://cartelera.ar/pelicula/one-piece-la-pelicula
CABA,Cine Independiente,CineArte Cacodelphia,"Roque Sáenz Peña 1150, Buenos Aires",Los Vencedores,2D Doblada,21:00,,,,https://cartelera.ar/pelicula/los-vencedores
CABA,Cine Independiente,CineArte Cacodelphia,"Roque Sáenz Peña 1150, Buenos Aires",Islandia,2D Doblada,19:00,,,,https://cartelera.ar/pelicula/islandia
CABA,Atlas Cines,Atlas Caballito,"Rivadavia 5071, Caballito",Resident Evil: Noche Cero,2D Doblada,20:40,,,,https://cartelera.ar/pelicula/resident-evil-noche-cero
CABA,Atlas Cines,Atlas Caballito,"Rivadavia 5071, Caballito",Resident Evil: Noche Cero,2D Subtitulada,22:50,,,,https://cartelera.ar/pelicula/resident-evil-noche-cero
CABA,Atlas Cines,Atlas Caballito,"Rivadavia 5071, Caballito",One Piece: La película,2D Subtitulada,19:10,,,,https://cartelera.ar/pelicula/one-piece-la-pelicula
,Cinemark Hoyts,DOT,,RESIDENT EVIL: NOCHE CERO,PREMIER 2D Subtitulada,11:40,,,,https://www.cinemark.com.ar/peliculas/resident-evil-noche-cero
,Cinemark Hoyts,DOT,,RESIDENT EVIL: NOCHE CERO,XD 2D Subtitulada,12:30,,,,https://www.cinemark.com.ar/peliculas/resident-evil-noche-cero
,Cinemark Hoyts,DOT,,RESIDENT EVIL: NOCHE CERO,PREMIER 2D Subtitulada,14:00,,,,https://www.cinemark.com.ar/peliculas/resident-evil-noche-cero
,Cinemark Hoyts,DOT,,RESIDENT EVIL: NOCHE CERO,XD 2D Subtitulada,15:00,,,,https://www.cinemark.com.ar/peliculas/resident-evil-noche-cero
,Cinemark Hoyts,DOT,,RESIDENT EVIL: NOCHE CERO,PREMIER 2D Subtitulada,16:30,,,,https://www.cinemark.com.ar/peliculas/resident-evil-noche-cero
,Cinemark Hoyts,DOT,,RESIDENT EVIL: NOCHE CERO,2D Subtitulada,17:30,,,,https://www.cinemark.com.ar/peliculas/resident-evil-noche-cero
,Cinemark Hoyts,DOT,,RESIDENT EVIL: NOCHE CERO,PREMIER 2D Subtitulada,19:00,,,,https://www.cinemark.com.ar/peliculas/resident-evil-noche-cero
,Cinemark Hoyts,DOT,,RESIDENT EVIL: NOCHE CERO,2D Subtitulada,20:00,,,,https://www.cinemark.com.ar/peliculas/resident-evil-noche-cero
,Cinemark Hoyts,DOT,,RESIDENT EVIL: NOCHE CERO,4D 2D Subtitulada,20:30,,,,https://www.cinemark.com.ar/peliculas/resident-evil-noche-cero
,Cinemark Hoyts,DOT,,RESIDENT EVIL: NOCHE CERO,PREMIER 2D Subtitulada,21:30,,,,https://www.cinemark.com.ar/peliculas/resident-evil-noche-cero
,Cinemark Hoyts,DOT,,RESIDENT EVIL: NOCHE CERO,XD 2D Subtitulada,22:30,,,,https://www.cinemark.com.ar/peliculas/resident-evil-noche-cero
,Cinemark Hoyts,DOT,,RESIDENT EVIL: NOCHE CERO,4D 2D Subtitulada,23:00,,,,https://www.cinemark.com.ar/peliculas/resident-evil-noche-cero
,Cinemark Hoyts,DOT,,ONE PIECE: LA PELÍCULA,2D Doblada,18:30,,,,https://www.cinemark.com.ar/peliculas/one-piece-la-pelicula
,Cinemark Hoyts,Temperley,,TOY STORY 5,4D 3D Doblada,12:00,,,,https://www.cinemark.com.ar/peliculas/toy-story-5
,Cinemark Hoyts,Temperley,,TOY STORY 5,2D Doblada,12:20,,,,https://www.cinemark.com.ar/peliculas/toy-story-5
,Cinemark Hoyts,Temperley,,TOY STORY 5,2D Doblada,13:30,,,,https://www.cinemark.com.ar/peliculas/toy-story-5
,Cinemark Hoyts,Temperley,,TOY STORY 5,4D 3D Doblada,14:40,,,,https://www.cinemark.com.ar/peliculas/toy-story-5
,Cinemark Hoyts,Temperley,,TOY STORY 5,2D Doblada,16:00,,,,https://www.cinemark.com.ar/peliculas/toy-story-5
,Cinemark Hoyts,Temperley,,RESIDENT EVIL: NOCHE CERO,DBOX 2D Doblada,12:00,,,,https://www.cinemark.com.ar/peliculas/resident-evil-noche-cero
,Cinemark Hoyts,Temperley,,RESIDENT EVIL: NOCHE CERO,2D Doblada,12:00,,,,https://www.cinemark.com.ar/peliculas/resident-evil-noche-cero
,Cinemark Hoyts,Temperley,,RESIDENT EVIL: NOCHE CERO,DBOX XD 2D Doblada,13:00,,,,https://www.cinemark.com.ar/peliculas/resident-evil-noche-cero
,Cinemark Hoyts,Temperley,,RESIDENT EVIL: NOCHE CERO,XD 2D Doblada,13:00,,,,https://www.cinemark.com.ar/peliculas/resident-evil-noche-cero
,Cinemark Hoyts,Temperley,,RESIDENT EVIL: NOCHE CERO,DBOX 2D Doblada,14:15,,,,https://www.cinemark.com.ar/peliculas/resident-evil-noche-cero
,Cinemark Hoyts,Temperley,,RESIDENT EVIL: NOCHE CERO,2D Doblada,14:15,,,,https://www.cinemark.com.ar/peliculas/resident-evil-noche-cero
,Cinemark Hoyts,Temperley,,RESIDENT EVIL: NOCHE CERO,DBOX XD 2D Doblada,15:15,,,,https://www.cinemark.com.ar/peliculas/resident-evil-noche-cero
,Cinemark Hoyts,Temperley,,RESIDENT EVIL: NOCHE CERO,XD 2D Doblada,15:15,,,,https://www.cinemark.com.ar/peliculas/resident-evil-noche-cero
,Cinemark Hoyts,Temperley,,RESIDENT EVIL: NOCHE CERO,DBOX 2D Doblada,16:45,,,,https://www.cinemark.com.ar/peliculas/resident-evil-noche-cero
,Cinemark Hoyts,Temperley,,RESIDENT EVIL: NOCHE CERO,2D Doblada,16:45,,,,https://www.cinemark.com.ar/peliculas/resident-evil-noche-cero
,Cinemark Hoyts,Temperley,,RESIDENT EVIL: NOCHE CERO,DBOX XD 2D Doblada,17:45,,,,https://www.cinemark.com.ar/peliculas/resident-evil-noche-cero
,Cinemark Hoyts,Temperley,,RESIDENT EVIL: NOCHE CERO,XD 2D Doblada,17:45,,,,https://www.cinemark.com.ar/peliculas/resident-evil-noche-cero
,Cinemark Hoyts,Temperley,,RESIDENT EVIL: NOCHE CERO,DBOX 2D Doblada,19:10,,,,https://www.cinemark.com.ar/peliculas/resident-evil-noche-cero
,Cinemark Hoyts,Temperley,,RESIDENT EVIL: NOCHE CERO,2D Doblada,19:10,,,,https://www.cinemark.com.ar/peliculas/resident-evil-noche-cero
,Cinemark Hoyts,Temperley,,RESIDENT EVIL: NOCHE CERO,DBOX XD 2D Doblada,20:10,,,,https://www.cinemark.com.ar/peliculas/resident-evil-noche-cero
,Cinemark Hoyts,Temperley,,RESIDENT EVIL: NOCHE CERO,XD 2D Doblada,20:10,,,,https://www.cinemark.com.ar/peliculas/resident-evil-noche-cero
,Cinemark Hoyts,Temperley,,RESIDENT EVIL: NOCHE CERO,4D 2D Doblada,20:30,,,,https://www.cinemark.com.ar/peliculas/resident-evil-noche-cero
,Cinemark Hoyts,Temperley,,RESIDENT EVIL: NOCHE CERO,DBOX 2D Subtitulada,21:30,,,,https://www.cinemark.com.ar/peliculas/resident-evil-noche-cero
,Cinemark Hoyts,Temperley,,RESIDENT EVIL: NOCHE CERO,2D Subtitulada,21:30,,,,https://www.cinemark.com.ar/peliculas/resident-evil-noche-cero
,Cinemark Hoyts,Temperley,,RESIDENT EVIL: NOCHE CERO,DBOX XD 2D Doblada,22:30,,,,https://www.cinemark.com.ar/peliculas/resident-evil-noche-cero
,Cinemark Hoyts,Temperley,,RESIDENT EVIL: NOCHE CERO,XD 2D Doblada,22:30,,,,https://www.cinemark.com.ar/peliculas/resident-evil-noche-cero
,Cinemark Hoyts,Temperley,,RESIDENT EVIL: NOCHE CERO,4D 2D Doblada,23:00,,,,https://www.cinemark.com.ar/peliculas/resident-evil-noche-cero
,Cinemark Hoyts,Temperley,,HECHIZO DE AMOR: LA MAGIA CONTINUA,2D Doblada,12:00,,,,https://www.cinemark.com.ar/peliculas/hechizo-de-amor-la-magia-continua
,Cinemark Hoyts,Temperley,,HECHIZO DE AMOR: LA MAGIA CONTINUA,2D Doblada,22:40,,,,https://www.cinemark.com.ar/peliculas/hechizo-de-amor-la-magia-continua
,Cinemark Hoyts,Temperley,,COYOTE VS ACME,DBOX 2D Doblada,12:10,,,,https://www.cinemark.com.ar/peliculas/coyote-vs-acme
,Cinemark Hoyts,Temperley,,COYOTE VS ACME,2D Doblada,12:10,,,,https://www.cinemark.com.ar/peliculas/coyote-vs-acme
,Cinemark Hoyts,Temperley,,COYOTE VS ACME,DBOX 2D Doblada,14:45,,,,https://www.cinemark.com.ar/peliculas/coyote-vs-acme
,Cinemark Hoyts,Temperley,,COYOTE VS ACME,2D Doblada,14:45,,,,https://www.cinemark.com.ar/peliculas/coyote-vs-acme
,Cinemark Hoyts,Temperley,,COYOTE VS ACME,DBOX 2D Doblada,17:20,,,,https://www.cinemark.com.ar/peliculas/coyote-vs-acme
,Cinemark Hoyts,Temperley,,COYOTE VS ACME,2D Doblada,17:20,,,,https://www.cinemark.com.ar/peliculas/coyote-vs-acme
,Cinemark Hoyts,Temperley,,COYOTE VS ACME,DBOX 2D Doblada,20:00,,,,https://www.cinemark.com.ar/peliculas/coyote-vs-acme
,Cinemark Hoyts,Temperley,,COYOTE VS ACME,2D Doblada,20:00,,,,https://www.cinemark.com.ar/peliculas/coyote-vs-acme
,Cinemark Hoyts,Temperley,,LA NOCHE DEL DEMONIO 6,2D Doblada,12:15,,,,https://www.cinemark.com.ar/peliculas/la-noche-del-demonio-estan-entre-nosotros
,Cinemark Hoyts,Temperley,,LA NOCHE DEL DEMONIO 6,2D Doblada,14:45,,,,https://www.cinemark.com.ar/peliculas/la-noche-del-demonio-estan-entre-nosotros
,Cinemark Hoyts,Temperley,,LA NOCHE DEL DEMONIO 6,2D Doblada,17:15,,,,https://www.cinemark.com.ar/peliculas/la-noche-del-demonio-estan-entre-nosotros
,Cinemark Hoyts,Temperley,,LA NOCHE DEL DEMONIO 6,2D Doblada,19:45,,,,https://www.cinemark.com.ar/peliculas/la-noche-del-demonio-estan-entre-nosotros
,Cinemark Hoyts,Temperley,,LA NOCHE DEL DEMONIO 6,2D Doblada,22:15,,,,https://www.cinemark.com.ar/peliculas/la-noche-del-demonio-estan-entre-nosotros
,Cinemark Hoyts,Temperley,,SPIDER-MAN: UN NUEVO DÍA,2D Doblada,12:30,,,,https://www.cinemark.com.ar/peliculas/spider-man-un-nuevo-dia
,Cinemark Hoyts,Temperley,,SPIDER-MAN: UN NUEVO DÍA,2D Doblada,15:45,,,,https://www.cinemark.com.ar/peliculas/spider-man-un-nuevo-dia
,Cinemark Hoyts,Temperley,,SPIDER-MAN: UN NUEVO DÍA,4D 3D Doblada,17:10,,,,https://www.cinemark.com.ar/peliculas/spider-man-un-nuevo-dia
,Cinemark Hoyts,Temperley,,SPIDER-MAN: UN NUEVO DÍA,2D Doblada,19:00,,,,https://www.cinemark.com.ar/peliculas/spider-man-un-nuevo-dia
,Cinemark Hoyts,Temperley,,SPIDER-MAN: UN NUEVO DÍA,2D Doblada,22:20,,,,https://www.cinemark.com.ar/peliculas/spider-man-un-nuevo-dia
,Cinemark Hoyts,Temperley,,LA ODISEA,2D Doblada,14:40,,,,https://www.cinemark.com.ar/peliculas/la-odisea
,Cinemark Hoyts,Temperley,,LA ODISEA,2D Doblada,18:25,,,,https://www.cinemark.com.ar/peliculas/la-odisea
,Cinemark Hoyts,Temperley,,LA ODISEA,2D Doblada,22:10,,,,https://www.cinemark.com.ar/peliculas/la-odisea
,Cinemark Hoyts,Temperley,,CORALINE,3D Doblada,15:00,,,,https://www.cinemark.com.ar/peliculas/coraline-y-la-puerta-secreta
,Cinemark Hoyts,Temperley,,EL ÁRBOL MÁGICO,2D Doblada,17:30,,,,https://www.cinemark.com.ar/peliculas/el-arbol-magico
,Cinemark Hoyts,Temperley,,EL ÁRBOL MÁGICO,2D Doblada,20:10,,,,https://www.cinemark.com.ar/peliculas/el-arbol-magico
,Cinemark Hoyts,Temperley,,ONE PIECE: LA PELÍCULA,2D Doblada,18:30,,,,https://www.cinemark.com.ar/peliculas/one-piece-la-pelicula
,Cinemark Hoyts,Temperley,,"YO, NARCISO",2D Doblada,20:20,,,,https://www.cinemark.com.ar/peliculas/yo-narciso
,Cinemark Hoyts,Temperley,,"YO, NARCISO",2D Doblada,22:50,,,,https://www.cinemark.com.ar/peliculas/yo-narciso
,Cinemark Hoyts,Temperley,,EL HELADERO,2D Doblada,22:45,,,,https://www.cinemark.com.ar/peliculas/el-heladero-dulce-sabor-a-muerte
,Cinemark Hoyts,Palermo,,SPIDER-MAN: UN NUEVO DÍA,2D Doblada,12:00,,,,https://www.cinemark.com.ar/peliculas/spider-man-un-nuevo-dia
,Cinemark Hoyts,Palermo,,SPIDER-MAN: UN NUEVO DÍA,2D Doblada,15:20,,,,https://www.cinemark.com.ar/peliculas/spider-man-un-nuevo-dia
,Cinemark Hoyts,Palermo,,SPIDER-MAN: UN NUEVO DÍA,3D Subtitulada,18:40,,,,https://www.cinemark.com.ar/peliculas/spider-man-un-nuevo-dia
,Cinemark Hoyts,Palermo,,SPIDER-MAN: UN NUEVO DÍA,2D Subtitulada,22:20,,,,https://www.cinemark.com.ar/peliculas/spider-man-un-nuevo-dia
,Cinemark Hoyts,Palermo,,EL ÁRBOL MÁGICO,2D Doblada,12:10,,,,https://www.cinemark.com.ar/peliculas/el-arbol-magico
,Cinemark Hoyts,Palermo,,EL ÁRBOL MÁGICO,2D Doblada,14:40,,,,https://www.cinemark.com.ar/peliculas/el-arbol-magico
,Cinemark Hoyts,Palermo,,EL ÁRBOL MÁGICO,2D Subtitulada,17:30,,,,https://www.cinemark.com.ar/peliculas/el-arbol-magico
,Cinemark Hoyts,Palermo,,RESIDENT EVIL: NOCHE CERO,2D Doblada,12:20,,,,https://www.cinemark.com.ar/peliculas/resident-evil-noche-cero
,Cinemark Hoyts,Palermo,,RESIDENT EVIL: NOCHE CERO,2D Subtitulada,13:20,,,,https://www.cinemark.com.ar/peliculas/resident-evil-noche-cero
,Cinemark Hoyts,Palermo,,RESIDENT EVIL: NOCHE CERO,2D Doblada,14:50,,,,https://www.cinemark.com.ar/peliculas/resident-evil-noche-cero
,Cinemark Hoyts,Palermo,,RESIDENT EVIL: NOCHE CERO,2D Subtitulada,15:50,,,,https://www.cinemark.com.ar/peliculas/resident-evil-noche-cero
,Cinemark Hoyts,Palermo,,RESIDENT EVIL: NOCHE CERO,2D Subtitulada,17:10,,,,https://www.cinemark.com.ar/peliculas/resident-evil-noche-cero
,Cinemark Hoyts,Palermo,,RESIDENT EVIL: NOCHE CERO,2D Subtitulada,18:10,,,,https://www.cinemark.com.ar/peliculas/resident-evil-noche-cero
,Cinemark Hoyts,Palermo,,RESIDENT EVIL: NOCHE CERO,2D Subtitulada,19:40,,,,https://www.cinemark.com.ar/peliculas/resident-evil-noche-cero
,Cinemark Hoyts,Palermo,,RESIDENT EVIL: NOCHE CERO,2D Subtitulada,20:40,,,,https://www.cinemark.com.ar/peliculas/resident-evil-noche-cero
,Cinemark Hoyts,Palermo,,RESIDENT EVIL: NOCHE CERO,2D Doblada,22:00,,,,https://www.cinemark.com.ar/peliculas/resident-evil-noche-cero
,Cinemark Hoyts,Palermo,,RESIDENT EVIL: NOCHE CERO,2D Subtitulada,23:00,,,,https://www.cinemark.com.ar/peliculas/resident-evil-noche-cero
,Cinemark Hoyts,Palermo,,PEPITA LA PISTOLERA,2D Doblada,12:30,,,,https://www.cinemark.com.ar/peliculas/pepita-la-pistolera
,Cinemark Hoyts,Palermo,,PEPITA LA PISTOLERA,2D Doblada,17:40,,,,https://www.cinemark.com.ar/peliculas/pepita-la-pistolera
,Cinemark Hoyts,Palermo,,PEPITA LA PISTOLERA,2D Doblada,23:10,,,,https://www.cinemark.com.ar/peliculas/pepita-la-pistolera
,Cinemark Hoyts,Palermo,,HECHIZO DE AMOR: LA MAGIA CONTINUA,2D Subtitulada,13:00,,,,https://www.cinemark.com.ar/peliculas/hechizo-de-amor-la-magia-continua
,Cinemark Hoyts,Palermo,,HECHIZO DE AMOR: LA MAGIA CONTINUA,2D Subtitulada,16:20,,,,https://www.cinemark.com.ar/peliculas/hechizo-de-amor-la-magia-continua
,Cinemark Hoyts,Palermo,,HECHIZO DE AMOR: LA MAGIA CONTINUA,2D Subtitulada,19:20,,,,https://www.cinemark.com.ar/peliculas/hechizo-de-amor-la-magia-continua
,Cinemark Hoyts,Palermo,,HECHIZO DE AMOR: LA MAGIA CONTINUA,2D Subtitulada,22:30,,,,https://www.cinemark.com.ar/peliculas/hechizo-de-amor-la-magia-continua
,Cinemark Hoyts,Palermo,,TADEO EL EXPLORADOR Y LA LAMPARA,2D Doblada,13:10,,,,https://www.cinemark.com.ar/peliculas/tadeo-el-explorador-y-la-lampara-maravillosa
,Cinemark Hoyts,Palermo,,"YO, NARCISO",2D Doblada,13:40,,,,https://www.cinemark.com.ar/peliculas/yo-narciso
,Cinemark Hoyts,Palermo,,"YO, NARCISO",2D Doblada,16:10,,,,https://www.cinemark.com.ar/peliculas/yo-narciso
,Cinemark Hoyts,Palermo,,"YO, NARCISO",2D Doblada,18:50,,,,https://www.cinemark.com.ar/peliculas/yo-narciso
,Cinemark Hoyts,Palermo,,"YO, NARCISO",2D Doblada,21:30,,,,https://www.cinemark.com.ar/peliculas/yo-narciso
,Cinemark Hoyts,Palermo,,COYOTE VS ACME,2D Doblada,13:50,,,,https://www.cinemark.com.ar/peliculas/coyote-vs-acme
,Cinemark Hoyts,Palermo,,COYOTE VS ACME,2D Doblada,16:40,,,,https://www.cinemark.com.ar/peliculas/coyote-vs-acme
,Cinemark Hoyts,Palermo,,COYOTE VS ACME,2D Subtitulada,19:30,,,,https://www.cinemark.com.ar/peliculas/coyote-vs-acme
,Cinemark Hoyts,Palermo,,LA ODISEA,2D Subtitulada,14:00,,,,https://www.cinemark.com.ar/peliculas/la-odisea
,Cinemark Hoyts,Palermo,,LA ODISEA,2D Subtitulada,17:50,,,,https://www.cinemark.com.ar/peliculas/la-odisea
,Cinemark Hoyts,Palermo,,LA ODISEA,2D Subtitulada,21:40,,,,https://www.cinemark.com.ar/peliculas/la-odisea
,Cinemark Hoyts,Palermo,,LA ODISEA,2D Subtitulada,22:10,,,,https://www.cinemark.com.ar/peliculas/la-odisea
,Cinemark Hoyts,Palermo,,VOLVER AL FUTURO PARTE III,2D Subtitulada,15:00,,,,https://www.cinemark.com.ar/peliculas/volver-al-futuro-parte-iii
,Cinemark Hoyts,Palermo,,LA NOCHE DEL DEMONIO 6,2D Subtitulada,15:40,,,,https://www.cinemark.com.ar/peliculas/la-noche-del-demonio-estan-entre-nosotros
,Cinemark Hoyts,Palermo,,LA NOCHE DEL DEMONIO 6,2D Subtitulada,22:40,,,,https://www.cinemark.com.ar/peliculas/la-noche-del-demonio-estan-entre-nosotros
,Cinemark Hoyts,Palermo,,ONE PIECE: LA PELÍCULA,2D Doblada,18:30,,,,https://www.cinemark.com.ar/peliculas/one-piece-la-pelicula
,Cinemark Hoyts,Palermo,,TRES ADIOSES,2D Subtitulada,20:00,,,,https://www.cinemark.com.ar/peliculas/tres-adioses
,Cinemark Hoyts,Palermo,,LA INVITACIÓN,2D Subtitulada,20:10,,,,https://www.cinemark.com.ar/peliculas/la-invitacion
,Cinemark Hoyts,Palermo,,OASIS: DON´T LOOK BACK IN ANGER,2D Subtitulada,20:20,,,,https://www.cinemark.com.ar/peliculas/oasis-don-t-look-back-in-anger
,Cinemark Hoyts,Palermo,,CÓDIGO: VENGANZA,2D Subtitulada,22:50,,,,https://www.cinemark.com.ar/peliculas/codigo-venganza
,Cinemark Hoyts,Moreno,,SPIDER-MAN: UN NUEVO DÍA,DBOX 2D Doblada,12:30,,,,https://www.cinemark.com.ar/peliculas/spider-man-un-nuevo-dia
,Cinemark Hoyts,Moreno,,SPIDER-MAN: UN NUEVO DÍA,2D Doblada,12:30,,,,https://www.cinemark.com.ar/peliculas/spider-man-un-nuevo-dia
,Cinemark Hoyts,Moreno,,SPIDER-MAN: UN NUEVO DÍA,DBOX 2D Doblada,15:40,,,,https://www.cinemark.com.ar/peliculas/spider-man-un-nuevo-dia
,Cinemark Hoyts,Moreno,,SPIDER-MAN: UN NUEVO DÍA,2D Doblada,15:40,,,,https://www.cinemark.com.ar/peliculas/spider-man-un-nuevo-dia
,Cinemark Hoyts,Moreno,,SPIDER-MAN: UN NUEVO DÍA,2D Doblada,18:30,,,,https://www.cinemark.com.ar/peliculas/spider-man-un-nuevo-dia
,Cinemark Hoyts,Moreno,,SPIDER-MAN: UN NUEVO DÍA,DBOX 3D Doblada,19:00,,,,https://www.cinemark.com.ar/peliculas/spider-man-un-nuevo-dia
,Cinemark Hoyts,Moreno,,SPIDER-MAN: UN NUEVO DÍA,3D Doblada,19:00,,,,https://www.cinemark.com.ar/peliculas/spider-man-un-nuevo-dia
,Cinemark Hoyts,Moreno,,SPIDER-MAN: UN NUEVO DÍA,DBOX 2D Doblada,22:25,,,,https://www.cinemark.com.ar/peliculas/spider-man-un-nuevo-dia
,Cinemark Hoyts,Moreno,,SPIDER-MAN: UN NUEVO DÍA,2D Doblada,22:25,,,,https://www.cinemark.com.ar/peliculas/spider-man-un-nuevo-dia
,Cinemark Hoyts,Moreno,,RESIDENT EVIL: NOCHE CERO,DBOX 2D Doblada,12:40,,,,https://www.cinemark.com.ar/peliculas/resident-evil-noche-cero
,Cinemark Hoyts,Moreno,,RESIDENT EVIL: NOCHE CERO,2D Doblada,12:40,,,,https://www.cinemark.com.ar/peliculas/resident-evil-noche-cero
,Cinemark Hoyts,Moreno,,RESIDENT EVIL: NOCHE CERO,2D Doblada,13:40,,,,https://www.cinemark.com.ar/peliculas/resident-evil-noche-cero
,Cinemark Hoyts,Moreno,,RESIDENT EVIL: NOCHE CERO,DBOX 2D Doblada,15:00,,,,https://www.cinemark.com.ar/peliculas/resident-evil-noche-cero
,Cinemark Hoyts,Moreno,,RESIDENT EVIL: NOCHE CERO,2D Doblada,15:00,,,,https://www.cinemark.com.ar/peliculas/resident-evil-noche-cero
,Cinemark Hoyts,Moreno,,RESIDENT EVIL: NOCHE CERO,2D Doblada,16:00,,,,https://www.cinemark.com.ar/peliculas/resident-evil-noche-cero
,Cinemark Hoyts,Moreno,,RESIDENT EVIL: NOCHE CERO,DBOX 2D Doblada,17:20,,,,https://www.cinemark.com.ar/peliculas/resident-evil-noche-cero
,Cinemark Hoyts,Moreno,,RESIDENT EVIL: NOCHE CERO,2D Doblada,17:20,,,,https://www.cinemark.com.ar/peliculas/resident-evil-noche-cero
,Cinemark Hoyts,Moreno,,RESIDENT EVIL: NOCHE CERO,2D Doblada,18:20,,,,https://www.cinemark.com.ar/peliculas/resident-evil-noche-cero
,Cinemark Hoyts,Moreno,,RESIDENT EVIL: NOCHE CERO,DBOX 2D Doblada,19:40,,,,https://www.cinemark.com.ar/peliculas/resident-evil-noche-cero
,Cinemark Hoyts,Moreno,,RESIDENT EVIL: NOCHE CERO,2D Doblada,19:40,,,,https://www.cinemark.com.ar/peliculas/resident-evil-noche-cero
,Cinemark Hoyts,Moreno,,RESIDENT EVIL: NOCHE CERO,2D Doblada,20:40,,,,https://www.cinemark.com.ar/peliculas/resident-evil-noche-cero
,Cinemark Hoyts,Moreno,,RESIDENT EVIL: NOCHE CERO,DBOX 2D Doblada,22:00,,,,https://www.cinemark.com.ar/peliculas/resident-evil-noche-cero
,Cinemark Hoyts,Moreno,,RESIDENT EVIL: NOCHE CERO,2D Doblada,22:00,,,,https://www.cinemark.com.ar/peliculas/resident-evil-noche-cero
,Cinemark Hoyts,Moreno,,RESIDENT EVIL: NOCHE CERO,2D Doblada,22:20,,,,https://www.cinemark.com.ar/peliculas/resident-evil-noche-cero
,Cinemark Hoyts,Moreno,,RESIDENT EVIL: NOCHE CERO,2D Doblada,23:00,,,,https://www.cinemark.com.ar/peliculas/resident-evil-noche-cero
,Cinemark Hoyts,Moreno,,LA NOCHE DEL DEMONIO 6,2D Doblada,12:45,,,,https://www.cinemark.com.ar/peliculas/la-noche-del-demonio-estan-entre-nosotros
,Cinemark Hoyts,Moreno,,LA NOCHE DEL DEMONIO 6,2D Doblada,15:30,,,,https://www.cinemark.com.ar/peliculas/la-noche-del-demonio-estan-entre-nosotros
,Cinemark Hoyts,Moreno,,LA NOCHE DEL DEMONIO 6,2D Doblada,18:00,,,,https://www.cinemark.com.ar/peliculas/la-noche-del-demonio-estan-entre-nosotros
,Cinemark Hoyts,Moreno,,LA NOCHE DEL DEMONIO 6,2D Doblada,20:30,,,,https://www.cinemark.com.ar/peliculas/la-noche-del-demonio-estan-entre-nosotros
,Cinemark Hoyts,Moreno,,LA NOCHE DEL DEMONIO 6,2D Doblada,22:35,,,,https://www.cinemark.com.ar/peliculas/la-noche-del-demonio-estan-entre-nosotros
,Cinemark Hoyts,Moreno,,LA NOCHE DEL DEMONIO 6,2D Doblada,23:10,,,,https://www.cinemark.com.ar/peliculas/la-noche-del-demonio-estan-entre-nosotros
,Cinemark Hoyts,Moreno,,PANDA PLAN 2,2D Doblada,12:50,,,,https://www.cinemark.com.ar/peliculas/panda-plan-2
,Cinemark Hoyts,Moreno,,PANDA PLAN 2,2D Doblada,15:10,,,,https://www.cinemark.com.ar/peliculas/panda-plan-2
,Cinemark Hoyts,Moreno,,TADEO EL EXPLORADOR Y LA LAMPARA,2D Doblada,13:00,,,,https://www.cinemark.com.ar/peliculas/tadeo-el-explorador-y-la-lampara-maravillosa
,Cinemark Hoyts,Moreno,,"YO, NARCISO",2D Doblada,13:00,,,,https://www.cinemark.com.ar/peliculas/yo-narciso
,Cinemark Hoyts,Moreno,,"YO, NARCISO",2D Doblada,15:25,,,,https://www.cinemark.com.ar/peliculas/yo-narciso
,Cinemark Hoyts,Moreno,,"YO, NARCISO",2D Doblada,17:50,,,,https://www.cinemark.com.ar/peliculas/yo-narciso
,Cinemark Hoyts,Moreno,,"YO, NARCISO",2D Doblada,20:10,,,,https://www.cinemark.com.ar/peliculas/yo-narciso
,Cinemark Hoyts,Moreno,,"YO, NARCISO",2D Doblada,22:30,,,,https://www.cinemark.com.ar/peliculas/yo-narciso
,Cinemark Hoyts,Moreno,,EL ÁRBOL MÁGICO,2D Doblada,13:10,,,,https://www.cinemark.com.ar/peliculas/el-arbol-magico
,Cinemark Hoyts,Moreno,,EL ÁRBOL MÁGICO,2D Doblada,15:50,,,,https://www.cinemark.com.ar/peliculas/el-arbol-magico
,Cinemark Hoyts,Moreno,,COYOTE VS ACME,2D Doblada,14:20,,,,https://www.cinemark.com.ar/peliculas/coyote-vs-acme
,Cinemark Hoyts,Moreno,,COYOTE VS ACME,2D Doblada,17:10,,,,https://www.cinemark.com.ar/peliculas/coyote-vs-acme
,Cinemark Hoyts,Moreno,,COYOTE VS ACME,2D Doblada,20:00,,,,https://www.cinemark.com.ar/peliculas/coyote-vs-acme
,Cinemark Hoyts,Moreno,,LA ODISEA,2D Doblada,14:40,,,,https://www.cinemark.com.ar/peliculas/la-odisea
,Cinemark Hoyts,Moreno,,LA ODISEA,2D Doblada,18:30,,,,https://www.cinemark.com.ar/peliculas/la-odisea
,Cinemark Hoyts,Moreno,,LA ODISEA,2D Doblada,22:10,,,,https://www.cinemark.com.ar/peliculas/la-odisea
,Cinemark Hoyts,Moreno,,TOY STORY 5,2D Doblada,15:20,,,,https://www.cinemark.com.ar/peliculas/toy-story-5
,Cinemark Hoyts,Moreno,,CORALINE,3D Doblada,17:30,,,,https://www.cinemark.com.ar/peliculas/coraline-y-la-puerta-secreta
,Cinemark Hoyts,Moreno,,VOLVER AL FUTURO PARTE III,2D Subtitulada,17:40,,,,https://www.cinemark.com.ar/peliculas/volver-al-futuro-parte-iii
,Cinemark Hoyts,Moreno,,COLONY: ZONA CERO,2D Doblada,19:50,,,,https://www.cinemark.com.ar/peliculas/colony-zona-cero
,Cinemark Hoyts,Moreno,,CÓDIGO: VENGANZA,2D Doblada,20:20,,,,https://www.cinemark.com.ar/peliculas/codigo-venganza
,Cinemark Hoyts,Moreno,,HECHIZO DE AMOR: LA MAGIA CONTINUA,2D Doblada,22:40,,,,https://www.cinemark.com.ar/peliculas/hechizo-de-amor-la-magia-continua
,Cinemark Hoyts,Moreno,,EL HELADERO,2D Doblada,22:50,,,,https://www.cinemark.com.ar/peliculas/el-heladero-dulce-sabor-a-muerte
,Cinemark Hoyts,Caballito,,COYOTE VS ACME,2D Doblada,12:40,,,,https://www.cinemark.com.ar/peliculas/coyote-vs-acme
,Cinemark Hoyts,Caballito,,COYOTE VS ACME,2D Doblada,15:10,,,,https://www.cinemark.com.ar/peliculas/coyote-vs-acme
,Cinemark Hoyts,Caballito,,COYOTE VS ACME,2D Doblada,17:40,,,,https://www.cinemark.com.ar/peliculas/coyote-vs-acme
,Cinemark Hoyts,Caballito,,COYOTE VS ACME,2D Doblada,20:20,,,,https://www.cinemark.com.ar/peliculas/coyote-vs-acme
,Cinemark Hoyts,Caballito,,RESIDENT EVIL: NOCHE CERO,2D Doblada,12:50,,,,https://www.cinemark.com.ar/peliculas/resident-evil-noche-cero
,Cinemark Hoyts,Caballito,,RESIDENT EVIL: NOCHE CERO,2D Subtitulada,15:20,,,,https://www.cinemark.com.ar/peliculas/resident-evil-noche-cero
,Cinemark Hoyts,Caballito,,RESIDENT EVIL: NOCHE CERO,2D Doblada,17:50,,,,https://www.cinemark.com.ar/peliculas/resident-evil-noche-cero
,Cinemark Hoyts,Caballito,,RESIDENT EVIL: NOCHE CERO,2D Subtitulada,20:10,,,,https://www.cinemark.com.ar/peliculas/resident-evil-noche-cero
,Cinemark Hoyts,Caballito,,RESIDENT EVIL: NOCHE CERO,2D Subtitulada,22:30,,,,https://www.cinemark.com.ar/peliculas/resident-evil-noche-cero
,Cinemark Hoyts,Caballito,,RESIDENT EVIL: NOCHE CERO,2D Subtitulada,23:00,,,,https://www.cinemark.com.ar/peliculas/resident-evil-noche-cero
,Cinemark Hoyts,Caballito,,TOY STORY 5,2D Doblada,13:00,,,,https://www.cinemark.com.ar/peliculas/toy-story-5
,Cinemark Hoyts,Caballito,,SPIDER-MAN: UN NUEVO DÍA,2D Subtitulada,13:10,,,,https://www.cinemark.com.ar/peliculas/spider-man-un-nuevo-dia
,Cinemark Hoyts,Caballito,,SPIDER-MAN: UN NUEVO DÍA,2D Subtitulada,16:20,,,,https://www.cinemark.com.ar/peliculas/spider-man-un-nuevo-dia
,Cinemark Hoyts,Caballito,,SPIDER-MAN: UN NUEVO DÍA,3D Doblada,19:30,,,,https://www.cinemark.com.ar/peliculas/spider-man-un-nuevo-dia
,Cinemark Hoyts,Caballito,,SPIDER-MAN: UN NUEVO DÍA,2D Subtitulada,22:40,,,,https://www.cinemark.com.ar/peliculas/spider-man-un-nuevo-dia
,Cinemark Hoyts,Caballito,,LA NOCHE DEL DEMONIO 6,2D Subtitulada,13:20,,,,https://www.cinemark.com.ar/peliculas/la-noche-del-demonio-estan-entre-nosotros
,Cinemark Hoyts,Caballito,,LA NOCHE DEL DEMONIO 6,2D Subtitulada,18:00,,,,https://www.cinemark.com.ar/peliculas/la-noche-del-demonio-estan-entre-nosotros
,Cinemark Hoyts,Caballito,,LA NOCHE DEL DEMONIO 6,2D Subtitulada,22:20,,,,https://www.cinemark.com.ar/peliculas/la-noche-del-demonio-estan-entre-nosotros
,Cinemark Hoyts,Caballito,,HECHIZO DE AMOR: LA MAGIA CONTINUA,2D Subtitulada,13:50,,,,https://www.cinemark.com.ar/peliculas/hechizo-de-amor-la-magia-continua
,Cinemark Hoyts,Caballito,,HECHIZO DE AMOR: LA MAGIA CONTINUA,2D Subtitulada,19:20,,,,https://www.cinemark.com.ar/peliculas/hechizo-de-amor-la-magia-continua
,Cinemark Hoyts,Caballito,,OASIS: DON´T LOOK BACK IN ANGER,2D Subtitulada,15:30,,,,https://www.cinemark.com.ar/peliculas/oasis-don-t-look-back-in-anger
,Cinemark Hoyts,Caballito,,"YO, NARCISO",2D Doblada,15:45,,,,https://www.cinemark.com.ar/peliculas/yo-narciso
,Cinemark Hoyts,Caballito,,"YO, NARCISO",2D Doblada,20:30,,,,https://www.cinemark.com.ar/peliculas/yo-narciso
,Cinemark Hoyts,Caballito,,"YO, NARCISO",2D Doblada,22:50,,,,https://www.cinemark.com.ar/peliculas/yo-narciso
,Cinemark Hoyts,Caballito,,PEPITA LA PISTOLERA,2D Doblada,16:50,,,,https://www.cinemark.com.ar/peliculas/pepita-la-pistolera
,Cinemark Hoyts,Caballito,,LA ODISEA,2D Subtitulada,18:10,,,,https://www.cinemark.com.ar/peliculas/la-odisea
,Cinemark Hoyts,Caballito,,LA ODISEA,2D Subtitulada,21:50,,,,https://www.cinemark.com.ar/peliculas/la-odisea
,Cinemark Hoyts,Alto Avellaneda,,LA NOCHE DEL DEMONIO 6,2D Doblada,12:40,,,,https://www.cinemark.com.ar/peliculas/la-noche-del-demonio-estan-entre-nosotros
,Cinemark Hoyts,Alto Avellaneda,,LA NOCHE DEL DEMONIO 6,2D Doblada,15:25,,,,https://www.cinemark.com.ar/peliculas/la-noche-del-demonio-estan-entre-nosotros
,Cinemark Hoyts,Alto Avellaneda,,LA NOCHE DEL DEMONIO 6,2D Doblada,17:50,,,,https://www.cinemark.com.ar/peliculas/la-noche-del-demonio-estan-entre-nosotros
,Cinemark Hoyts,Alto Avellaneda,,LA NOCHE DEL DEMONIO 6,2D Doblada,20:20,,,,https://www.cinemark.com.ar/peliculas/la-noche-del-demonio-estan-entre-nosotros
,Cinemark Hoyts,Alto Avellaneda,,LA NOCHE DEL DEMONIO 6,2D Doblada,23:10,,,,https://www.cinemark.com.ar/peliculas/la-noche-del-demonio-estan-entre-nosotros
,Cinemark Hoyts,Alto Avellaneda,,RESIDENT EVIL: NOCHE CERO,DBOX XD 2D Doblada,12:50,,,,https://www.cinemark.com.ar/peliculas/resident-evil-noche-cero
,Cinemark Hoyts,Alto Avellaneda,,RESIDENT EVIL: NOCHE CERO,XD 2D Doblada,12:50,,,,https://www.cinemark.com.ar/peliculas/resident-evil-noche-cero
,Cinemark Hoyts,Alto Avellaneda,,RESIDENT EVIL: NOCHE CERO,DBOX XD 2D Doblada,15:10,,,,https://www.cinemark.com.ar/peliculas/resident-evil-noche-cero
,Cinemark Hoyts,Alto Avellaneda,,RESIDENT EVIL: NOCHE CERO,XD 2D Doblada,15:10,,,,https://www.cinemark.com.ar/peliculas/resident-evil-noche-cero
,Cinemark Hoyts,Alto Avellaneda,,RESIDENT EVIL: NOCHE CERO,DBOX XD 2D Doblada,17:30,,,,https://www.cinemark.com.ar/peliculas/resident-evil-noche-cero
,Cinemark Hoyts,Alto Avellaneda,,RESIDENT EVIL: NOCHE CERO,XD 2D Doblada,17:30,,,,https://www.cinemark.com.ar/peliculas/resident-evil-noche-cero
,Cinemark Hoyts,Alto Avellaneda,,RESIDENT EVIL: NOCHE CERO,DBOX XD 2D Doblada,20:00,,,,https://www.cinemark.com.ar/peliculas/resident-evil-noche-cero
,Cinemark Hoyts,Alto Avellaneda,,RESIDENT EVIL: NOCHE CERO,XD 2D Doblada,20:00,,,,https://www.cinemark.com.ar/peliculas/resident-evil-noche-cero
,Cinemark Hoyts,Alto Avellaneda,,RESIDENT EVIL: NOCHE CERO,4D 2D Doblada,20:30,,,,https://www.cinemark.com.ar/peliculas/resident-evil-noche-cero
,Cinemark Hoyts,Alto Avellaneda,,RESIDENT EVIL: NOCHE CERO,DBOX XD 2D Doblada,22:30,,,,https://www.cinemark.com.ar/peliculas/resident-evil-noche-cero
,Cinemark Hoyts,Alto Avellaneda,,RESIDENT EVIL: NOCHE CERO,XD 2D Doblada,22:30,,,,https://www.cinemark.com.ar/peliculas/resident-evil-noche-cero
,Cinemark Hoyts,Alto Avellaneda,,RESIDENT EVIL: NOCHE CERO,4D 2D Doblada,23:00,,,,https://www.cinemark.com.ar/peliculas/resident-evil-noche-cero
,Cinemark Hoyts,Alto Avellaneda,,SPIDER-MAN: UN NUEVO DÍA,2D Doblada,13:00,,,,https://www.cinemark.com.ar/peliculas/spider-man-un-nuevo-dia
,Cinemark Hoyts,Alto Avellaneda,,SPIDER-MAN: UN NUEVO DÍA,4D 3D Doblada,13:30,,,,https://www.cinemark.com.ar/peliculas/spider-man-un-nuevo-dia
,Cinemark Hoyts,Alto Avellaneda,,SPIDER-MAN: UN NUEVO DÍA,2D Doblada,16:10,,,,https://www.cinemark.com.ar/peliculas/spider-man-un-nuevo-dia
,Cinemark Hoyts,Alto Avellaneda,,SPIDER-MAN: UN NUEVO DÍA,4D 3D Doblada,16:50,,,,https://www.cinemark.com.ar/peliculas/spider-man-un-nuevo-dia
,Cinemark Hoyts,Alto Avellaneda,,SPIDER-MAN: UN NUEVO DÍA,2D Doblada,19:20,,,,https://www.cinemark.com.ar/peliculas/spider-man-un-nuevo-dia
,Cinemark Hoyts,Alto Avellaneda,,SPIDER-MAN: UN NUEVO DÍA,2D Doblada,22:40,,,,https://www.cinemark.com.ar/peliculas/spider-man-un-nuevo-dia
,Cinemark Hoyts,Alto Avellaneda,,"YO, NARCISO",2D Doblada,13:20,,,,https://www.cinemark.com.ar/peliculas/yo-narciso
,Cinemark Hoyts,Alto Avellaneda,,"YO, NARCISO",2D Doblada,15:40,,,,https://www.cinemark.com.ar/peliculas/yo-narciso
,Cinemark Hoyts,Alto Avellaneda,,"YO, NARCISO",2D Doblada,18:00,,,,https://www.cinemark.com.ar/peliculas/yo-narciso
,Cinemark Hoyts,Alto Avellaneda,,"YO, NARCISO",2D Doblada,20:10,,,,https://www.cinemark.com.ar/peliculas/yo-narciso
,Cinemark Hoyts,Alto Avellaneda,,"YO, NARCISO",2D Doblada,22:20,,,,https://www.cinemark.com.ar/peliculas/yo-narciso
,Cinemark Hoyts,Alto Avellaneda,,COYOTE VS ACME,DBOX 2D Doblada,13:50,,,,https://www.cinemark.com.ar/peliculas/coyote-vs-acme
,Cinemark Hoyts,Alto Avellaneda,,COYOTE VS ACME,2D Doblada,13:50,,,,https://www.cinemark.com.ar/peliculas/coyote-vs-acme
,Cinemark Hoyts,Alto Avellaneda,,COYOTE VS ACME,DBOX 2D Doblada,16:30,,,,https://www.cinemark.com.ar/peliculas/coyote-vs-acme
,Cinemark Hoyts,Alto Avellaneda,,COYOTE VS ACME,2D Doblada,16:30,,,,https://www.cinemark.com.ar/peliculas/coyote-vs-acme
,Cinemark Hoyts,Alto Avellaneda,,COYOTE VS ACME,DBOX 2D Doblada,19:30,,,,https://www.cinemark.com.ar/peliculas/coyote-vs-acme
,Cinemark Hoyts,Alto Avellaneda,,COYOTE VS ACME,2D Doblada,19:30,,,,https://www.cinemark.com.ar/peliculas/coyote-vs-acme
,Cinemark Hoyts,Alto Avellaneda,,HECHIZO DE AMOR: LA MAGIA CONTINUA,2D Doblada,14:00,,,,https://www.cinemark.com.ar/peliculas/hechizo-de-amor-la-magia-continua
,Cinemark Hoyts,Alto Avellaneda,,HECHIZO DE AMOR: LA MAGIA CONTINUA,2D Doblada,19:50,,,,https://www.cinemark.com.ar/peliculas/hechizo-de-amor-la-magia-continua
,Cinemark Hoyts,Alto Avellaneda,,LA ODISEA,2D Doblada,14:30,,,,https://www.cinemark.com.ar/peliculas/la-odisea
,Cinemark Hoyts,Alto Avellaneda,,LA ODISEA,2D Doblada,18:10,,,,https://www.cinemark.com.ar/peliculas/la-odisea
,Cinemark Hoyts,Alto Avellaneda,,LA ODISEA,2D Doblada,22:00,,,,https://www.cinemark.com.ar/peliculas/la-odisea
,Cinemark Hoyts,Alto Avellaneda,,PEPITA LA PISTOLERA,2D Doblada,17:00,,,,https://www.cinemark.com.ar/peliculas/pepita-la-pistolera
,Cinemark Hoyts,Alto Avellaneda,,EL HELADERO,2D Doblada,22:50,,,,https://www.cinemark.com.ar/peliculas/el-heladero-dulce-sabor-a-muerte
,Cinemark Hoyts,Alto Avellaneda,,CÓDIGO: VENGANZA,2D Doblada,23:00,,,,https://www.cinemark.com.ar/peliculas/codigo-venganza
,Cinemark Hoyts,Malvinas Argentinas,,RESIDENT EVIL: NOCHE CERO,DBOX XD 2D Doblada,12:50,,,,https://www.cinemark.com.ar/peliculas/resident-evil-noche-cero
,Cinemark Hoyts,Malvinas Argentinas,,RESIDENT EVIL: NOCHE CERO,XD 2D Doblada,12:50,,,,https://www.cinemark.com.ar/peliculas/resident-evil-noche-cero
,Cinemark Hoyts,Malvinas Argentinas,,RESIDENT EVIL: NOCHE CERO,DBOX 2D Doblada,13:40,,,,https://www.cinemark.com.ar/peliculas/resident-evil-noche-cero
,Cinemark Hoyts,Malvinas Argentinas,,RESIDENT EVIL: NOCHE CERO,2D Doblada,13:40,,,,https://www.cinemark.com.ar/peliculas/resident-evil-noche-cero
,Cinemark Hoyts,Malvinas Argentinas,,RESIDENT EVIL: NOCHE CERO,DBOX XD 2D Doblada,15:00,,,,https://www.cinemark.com.ar/peliculas/resident-evil-noche-cero
,Cinemark Hoyts,Malvinas Argentinas,,RESIDENT EVIL: NOCHE CERO,XD 2D Doblada,15:00,,,,https://www.cinemark.com.ar/peliculas/resident-evil-noche-cero
,Cinemark Hoyts,Malvinas Argentinas,,RESIDENT EVIL: NOCHE CERO,DBOX 2D Doblada,16:00,,,,https://www.cinemark.com.ar/peliculas/resident-evil-noche-cero
,Cinemark Hoyts,Malvinas Argentinas,,RESIDENT EVIL: NOCHE CERO,2D Doblada,16:00,,,,https://www.cinemark.com.ar/peliculas/resident-evil-noche-cero
,Cinemark Hoyts,Malvinas Argentinas,,RESIDENT EVIL: NOCHE CERO,DBOX XD 2D Doblada,17:20,,,,https://www.cinemark.com.ar/peliculas/resident-evil-noche-cero
,Cinemark Hoyts,Malvinas Argentinas,,RESIDENT EVIL: NOCHE CERO,XD 2D Doblada,17:20,,,,https://www.cinemark.com.ar/peliculas/resident-evil-noche-cero
,Cinemark Hoyts,Malvinas Argentinas,,RESIDENT EVIL: NOCHE CERO,DBOX 2D Doblada,18:20,,,,https://www.cinemark.com.ar/peliculas/resident-evil-noche-cero
,Cinemark Hoyts,Malvinas Argentinas,,RESIDENT EVIL: NOCHE CERO,2D Doblada,18:20,,,,https://www.cinemark.com.ar/peliculas/resident-evil-noche-cero
,Cinemark Hoyts,Malvinas Argentinas,,RESIDENT EVIL: NOCHE CERO,DBOX XD 2D Doblada,19:45,,,,https://www.cinemark.com.ar/peliculas/resident-evil-noche-cero
,Cinemark Hoyts,Malvinas Argentinas,,RESIDENT EVIL: NOCHE CERO,XD 2D Doblada,19:45,,,,https://www.cinemark.com.ar/peliculas/resident-evil-noche-cero
,Cinemark Hoyts,Malvinas Argentinas,,RESIDENT EVIL: NOCHE CERO,DBOX 2D Doblada,20:40,,,,https://www.cinemark.com.ar/peliculas/resident-evil-noche-cero
,Cinemark Hoyts,Malvinas Argentinas,,RESIDENT EVIL: NOCHE CERO,2D Doblada,20:40,,,,https://www.cinemark.com.ar/peliculas/resident-evil-noche-cero
,Cinemark Hoyts,Malvinas Argentinas,,RESIDENT EVIL: NOCHE CERO,DBOX XD 2D Doblada,22:00,,,,https://www.cinemark.com.ar/peliculas/resident-evil-noche-cero
,Cinemark Hoyts,Malvinas Argentinas,,RESIDENT EVIL: NOCHE CERO,XD 2D Doblada,22:00,,,,https://www.cinemark.com.ar/peliculas/resident-evil-noche-cero
,Cinemark Hoyts,Malvinas Argentinas,,RESIDENT EVIL: NOCHE CERO,DBOX 2D Subtitulada,23:00,,,,https://www.cinemark.com.ar/peliculas/resident-evil-noche-cero
,Cinemark Hoyts,Malvinas Argentinas,,RESIDENT EVIL: NOCHE CERO,2D Subtitulada,23:00,,,,https://www.cinemark.com.ar/peliculas/resident-evil-noche-cero
,Cinemark Hoyts,Malvinas Argentinas,,ONE PIECE: LA PELÍCULA,2D Doblada,18:30,,,,https://www.cinemark.com.ar/peliculas/one-piece-la-pelicula
,Cinemark Hoyts,Tortugas,,PEPITA LA PISTOLERA,2D Doblada,12:50,,,,https://www.cinemark.com.ar/peliculas/pepita-la-pistolera
,Cinemark Hoyts,Tortugas,,PEPITA LA PISTOLERA,2D Doblada,17:40,,,,https://www.cinemark.com.ar/peliculas/pepita-la-pistolera
,Cinemark Hoyts,Tortugas,,HECHIZO DE AMOR: LA MAGIA CONTINUA,2D Doblada,12:50,,,,https://www.cinemark.com.ar/peliculas/hechizo-de-amor-la-magia-continua
,Cinemark Hoyts,Tortugas,,HECHIZO DE AMOR: LA MAGIA CONTINUA,2D Doblada,15:40,,,,https://www.cinemark.com.ar/peliculas/hechizo-de-amor-la-magia-continua
,Cinemark Hoyts,Tortugas,,HECHIZO DE AMOR: LA MAGIA CONTINUA,2D Doblada,20:00,,,,https://www.cinemark.com.ar/peliculas/hechizo-de-amor-la-magia-continua
,Cinemark Hoyts,Tortugas,,LA NOCHE DEL DEMONIO 6,2D Doblada,13:00,,,,https://www.cinemark.com.ar/peliculas/la-noche-del-demonio-estan-entre-nosotros
,Cinemark Hoyts,Tortugas,,LA NOCHE DEL DEMONIO 6,2D Doblada,15:20,,,,https://www.cinemark.com.ar/peliculas/la-noche-del-demonio-estan-entre-nosotros
,Cinemark Hoyts,Tortugas,,LA NOCHE DEL DEMONIO 6,2D Doblada,18:00,,,,https://www.cinemark.com.ar/peliculas/la-noche-del-demonio-estan-entre-nosotros
,Cinemark Hoyts,Tortugas,,LA NOCHE DEL DEMONIO 6,2D Doblada,20:20,,,,https://www.cinemark.com.ar/peliculas/la-noche-del-demonio-estan-entre-nosotros
,Cinemark Hoyts,Tortugas,,LA NOCHE DEL DEMONIO 6,2D Doblada,22:40,,,,https://www.cinemark.com.ar/peliculas/la-noche-del-demonio-estan-entre-nosotros
,Cinemark Hoyts,Tortugas,,LA NOCHE DEL DEMONIO 6,2D Doblada,22:50,,,,https://www.cinemark.com.ar/peliculas/la-noche-del-demonio-estan-entre-nosotros
,Cinemark Hoyts,Tortugas,,EL ÁRBOL MÁGICO,2D Doblada,13:10,,,,https://www.cinemark.com.ar/peliculas/el-arbol-magico
,Cinemark Hoyts,Tortugas,,EL ÁRBOL MÁGICO,2D Doblada,15:50,,,,https://www.cinemark.com.ar/peliculas/el-arbol-magico
,Cinemark Hoyts,Tortugas,,EL ÁRBOL MÁGICO,2D Doblada,18:15,,,,https://www.cinemark.com.ar/peliculas/el-arbol-magico
,Cinemark Hoyts,Tortugas,,RESIDENT EVIL: NOCHE CERO,DBOX XD 2D Doblada,13:20,,,,https://www.cinemark.com.ar/peliculas/resident-evil-noche-cero
,Cinemark Hoyts,Tortugas,,RESIDENT EVIL: NOCHE CERO,XD 2D Doblada,13:20,,,,https://www.cinemark.com.ar/peliculas/resident-evil-noche-cero
,Cinemark Hoyts,Tortugas,,RESIDENT EVIL: NOCHE CERO,DBOX 2D Subtitulada,14:20,,,,https://www.cinemark.com.ar/peliculas/resident-evil-noche-cero
,Cinemark Hoyts,Tortugas,,RESIDENT EVIL: NOCHE CERO,2D Subtitulada,14:20,,,,https://www.cinemark.com.ar/peliculas/resident-evil-noche-cero
,Cinemark Hoyts,Tortugas,,RESIDENT EVIL: NOCHE CERO,DBOX XD 2D Doblada,15:30,,,,https://www.cinemark.com.ar/peliculas/resident-evil-noche-cero
,Cinemark Hoyts,Tortugas,,RESIDENT EVIL: NOCHE CERO,XD 2D Doblada,15:30,,,,https://www.cinemark.com.ar/peliculas/resident-evil-noche-cero
,Cinemark Hoyts,Tortugas,,RESIDENT EVIL: NOCHE CERO,DBOX 2D Subtitulada,16:30,,,,https://www.cinemark.com.ar/peliculas/resident-evil-noche-cero
,Cinemark Hoyts,Tortugas,,RESIDENT EVIL: NOCHE CERO,2D Subtitulada,16:30,,,,https://www.cinemark.com.ar/peliculas/resident-evil-noche-cero
,Cinemark Hoyts,Tortugas,,RESIDENT EVIL: NOCHE CERO,DBOX XD 2D Subtitulada,17:40,,,,https://www.cinemark.com.ar/peliculas/resident-evil-noche-cero
,Cinemark Hoyts,Tortugas,,RESIDENT EVIL: NOCHE CERO,XD 2D Subtitulada,17:40,,,,https://www.cinemark.com.ar/peliculas/resident-evil-noche-cero
,Cinemark Hoyts,Tortugas,,RESIDENT EVIL: NOCHE CERO,DBOX 2D Subtitulada,18:40,,,,https://www.cinemark.com.ar/peliculas/resident-evil-noche-cero
,Cinemark Hoyts,Tortugas,,RESIDENT EVIL: NOCHE CERO,2D Subtitulada,18:40,,,,https://www.cinemark.com.ar/peliculas/resident-evil-noche-cero
,Cinemark Hoyts,Tortugas,,RESIDENT EVIL: NOCHE CERO,DBOX XD 2D Doblada,19:50,,,,https://www.cinemark.com.ar/peliculas/resident-evil-noche-cero
,Cinemark Hoyts,Tortugas,,RESIDENT EVIL: NOCHE CERO,XD 2D Doblada,19:50,,,,https://www.cinemark.com.ar/peliculas/resident-evil-noche-cero
,Cinemark Hoyts,Tortugas,,RESIDENT EVIL: NOCHE CERO,DBOX 2D Subtitulada,20:50,,,,https://www.cinemark.com.ar/peliculas/resident-evil-noche-cero
,Cinemark Hoyts,Tortugas,,RESIDENT EVIL: NOCHE CERO,2D Subtitulada,20:50,,,,https://www.cinemark.com.ar/peliculas/resident-evil-noche-cero
,Cinemark Hoyts,Tortugas,,RESIDENT EVIL: NOCHE CERO,DBOX XD 2D Doblada,22:00,,,,https://www.cinemark.com.ar/peliculas/resident-evil-noche-cero
,Cinemark Hoyts,Tortugas,,RESIDENT EVIL: NOCHE CERO,XD 2D Doblada,22:00,,,,https://www.cinemark.com.ar/peliculas/resident-evil-noche-cero
,Cinemark Hoyts,Tortugas,,RESIDENT EVIL: NOCHE CERO,DBOX 2D Doblada,23:00,,,,https://www.cinemark.com.ar/peliculas/resident-evil-noche-cero
,Cinemark Hoyts,Tortugas,,RESIDENT EVIL: NOCHE CERO,2D Doblada,23:00,,,,https://www.cinemark.com.ar/peliculas/resident-evil-noche-cero
,Cinemark Hoyts,Tortugas,,LA ODISEA,2D Doblada,13:40,,,,https://www.cinemark.com.ar/peliculas/la-odisea
,Cinemark Hoyts,Tortugas,,LA ODISEA,2D Doblada,17:10,,,,https://www.cinemark.com.ar/peliculas/la-odisea
,Cinemark Hoyts,Tortugas,,LA ODISEA,2D Doblada,21:20,,,,https://www.cinemark.com.ar/peliculas/la-odisea
,Cinemark Hoyts,Tortugas,,SPIDER-MAN: UN NUEVO DÍA,2D Doblada,14:00,,,,https://www.cinemark.com.ar/peliculas/spider-man-un-nuevo-dia
,Cinemark Hoyts,Tortugas,,SPIDER-MAN: UN NUEVO DÍA,3D Doblada,17:30,,,,https://www.cinemark.com.ar/peliculas/spider-man-un-nuevo-dia
,Cinemark Hoyts,Tortugas,,SPIDER-MAN: UN NUEVO DÍA,2D Doblada,21:10,,,,https://www.cinemark.com.ar/peliculas/spider-man-un-nuevo-dia
,Cinemark Hoyts,Tortugas,,SPIDER-MAN: UN NUEVO DÍA,2D Doblada,22:10,,,,https://www.cinemark.com.ar/peliculas/spider-man-un-nuevo-dia
,Cinemark Hoyts,Tortugas,,COYOTE VS ACME,2D Doblada,14:30,,,,https://www.cinemark.com.ar/peliculas/coyote-vs-acme
,Cinemark Hoyts,Tortugas,,COYOTE VS ACME,2D Doblada,17:00,,,,https://www.cinemark.com.ar/peliculas/coyote-vs-acme
,Cinemark Hoyts,Tortugas,,COYOTE VS ACME,2D Doblada,19:40,,,,https://www.cinemark.com.ar/peliculas/coyote-vs-acme
,Cinemark Hoyts,Tortugas,,"YO, NARCISO",2D Doblada,15:10,,,,https://www.cinemark.com.ar/peliculas/yo-narciso
,Cinemark Hoyts,Tortugas,,"YO, NARCISO",2D Doblada,20:10,,,,https://www.cinemark.com.ar/peliculas/yo-narciso
,Cinemark Hoyts,Tortugas,,"YO, NARCISO",2D Doblada,22:30,,,,https://www.cinemark.com.ar/peliculas/yo-narciso
,Cinemark Hoyts,Tortugas,,ONE PIECE: LA PELÍCULA,2D Subtitulada,18:30,,,,https://www.cinemark.com.ar/peliculas/one-piece-la-pelicula
,Cinemark Hoyts,Tortugas,,CÓDIGO: VENGANZA,2D Doblada,20:40,,,,https://www.cinemark.com.ar/peliculas/codigo-venganza
,Cinemark Hoyts,Tortugas,,EL HELADERO,2D Doblada,22:50,,,,https://www.cinemark.com.ar/peliculas/el-heladero-dulce-sabor-a-muerte
,Cinemark Hoyts,Abasto,,TADEO EL EXPLORADOR Y LA LAMPARA,2D Doblada,12:50,,,,https://www.cinemark.com.ar/peliculas/tadeo-el-explorador-y-la-lampara-maravillosa
,Cinemark Hoyts,Abasto,,RESIDENT EVIL: NOCHE CERO,DBOX 2D Doblada,13:00,,,,https://www.cinemark.com.ar/peliculas/resident-evil-noche-cero
,Cinemark Hoyts,Abasto,,RESIDENT EVIL: NOCHE CERO,2D Doblada,13:00,,,,https://www.cinemark.com.ar/peliculas/resident-evil-noche-cero
,Cinemark Hoyts,Abasto,,RESIDENT EVIL: NOCHE CERO,DBOX 2D Doblada,14:00,,,,https://www.cinemark.com.ar/peliculas/resident-evil-noche-cero
,Cinemark Hoyts,Abasto,,RESIDENT EVIL: NOCHE CERO,2D Doblada,14:00,,,,https://www.cinemark.com.ar/peliculas/resident-evil-noche-cero
,Cinemark Hoyts,Abasto,,RESIDENT EVIL: NOCHE CERO,DBOX 2D Doblada,15:15,,,,https://www.cinemark.com.ar/peliculas/resident-evil-noche-cero
,Cinemark Hoyts,Abasto,,RESIDENT EVIL: NOCHE CERO,2D Doblada,15:15,,,,https://www.cinemark.com.ar/peliculas/resident-evil-noche-cero
,Cinemark Hoyts,Abasto,,RESIDENT EVIL: NOCHE CERO,DBOX 2D Doblada,16:15,,,,https://www.cinemark.com.ar/peliculas/resident-evil-noche-cero
,Cinemark Hoyts,Abasto,,RESIDENT EVIL: NOCHE CERO,2D Doblada,16:15,,,,https://www.cinemark.com.ar/peliculas/resident-evil-noche-cero
,Cinemark Hoyts,Abasto,,RESIDENT EVIL: NOCHE CERO,DBOX 2D Doblada,17:30,,,,https://www.cinemark.com.ar/peliculas/resident-evil-noche-cero
,Cinemark Hoyts,Abasto,,RESIDENT EVIL: NOCHE CERO,2D Doblada,17:30,,,,https://www.cinemark.com.ar/peliculas/resident-evil-noche-cero
,Cinemark Hoyts,Abasto,,RESIDENT EVIL: NOCHE CERO,DBOX 2D Doblada,18:30,,,,https://www.cinemark.com.ar/peliculas/resident-evil-noche-cero
,Cinemark Hoyts,Abasto,,RESIDENT EVIL: NOCHE CERO,2D Doblada,18:30,,,,https://www.cinemark.com.ar/peliculas/resident-evil-noche-cero
,Cinemark Hoyts,Abasto,,RESIDENT EVIL: NOCHE CERO,DBOX 2D Doblada,19:45,,,,https://www.cinemark.com.ar/peliculas/resident-evil-noche-cero
,Cinemark Hoyts,Abasto,,RESIDENT EVIL: NOCHE CERO,2D Doblada,19:45,,,,https://www.cinemark.com.ar/peliculas/resident-evil-noche-cero
,Cinemark Hoyts,Abasto,,RESIDENT EVIL: NOCHE CERO,2D Doblada,20:20,,,,https://www.cinemark.com.ar/peliculas/resident-evil-noche-cero
,Cinemark Hoyts,Abasto,,RESIDENT EVIL: NOCHE CERO,DBOX 2D Subtitulada,20:45,,,,https://www.cinemark.com.ar/peliculas/resident-evil-noche-cero
,Cinemark Hoyts,Abasto,,RESIDENT EVIL: NOCHE CERO,2D Subtitulada,20:45,,,,https://www.cinemark.com.ar/peliculas/resident-evil-noche-cero
,Cinemark Hoyts,Abasto,,RESIDENT EVIL: NOCHE CERO,DBOX 2D Doblada,22:00,,,,https://www.cinemark.com.ar/peliculas/resident-evil-noche-cero
,Cinemark Hoyts,Abasto,,RESIDENT EVIL: NOCHE CERO,2D Doblada,22:00,,,,https://www.cinemark.com.ar/peliculas/resident-evil-noche-cero
,Cinemark Hoyts,Abasto,,RESIDENT EVIL: NOCHE CERO,2D Doblada,22:40,,,,https://www.cinemark.com.ar/peliculas/resident-evil-noche-cero
,Cinemark Hoyts,Abasto,,RESIDENT EVIL: NOCHE CERO,DBOX 2D Subtitulada,23:00,,,,https://www.cinemark.com.ar/peliculas/resident-evil-noche-cero
,Cinemark Hoyts,Abasto,,RESIDENT EVIL: NOCHE CERO,2D Subtitulada,23:00,,,,https://www.cinemark.com.ar/peliculas/resident-evil-noche-cero
,Cinemark Hoyts,Abasto,,TOY STORY 5,2D Doblada,13:00,,,,https://www.cinemark.com.ar/peliculas/toy-story-5
,Cinemark Hoyts,Abasto,,TOY STORY 5,2D Doblada,15:20,,,,https://www.cinemark.com.ar/peliculas/toy-story-5
,Cinemark Hoyts,Abasto,,SPIDER-MAN: UN NUEVO DÍA,DBOX 2D Doblada,13:10,,,,https://www.cinemark.com.ar/peliculas/spider-man-un-nuevo-dia
,Cinemark Hoyts,Abasto,,SPIDER-MAN: UN NUEVO DÍA,2D Doblada,13:10,,,,https://www.cinemark.com.ar/peliculas/spider-man-un-nuevo-dia
,Cinemark Hoyts,Abasto,,SPIDER-MAN: UN NUEVO DÍA,2D Doblada,14:00,,,,https://www.cinemark.com.ar/peliculas/spider-man-un-nuevo-dia
,Cinemark Hoyts,Abasto,,SPIDER-MAN: UN NUEVO DÍA,DBOX 2D Doblada,16:20,,,,https://www.cinemark.com.ar/peliculas/spider-man-un-nuevo-dia
,Cinemark Hoyts,Abasto,,SPIDER-MAN: UN NUEVO DÍA,2D Doblada,16:20,,,,https://www.cinemark.com.ar/peliculas/spider-man-un-nuevo-dia
,Cinemark Hoyts,Abasto,,SPIDER-MAN: UN NUEVO DÍA,DBOX 3D Doblada,19:30,,,,https://www.cinemark.com.ar/peliculas/spider-man-un-nuevo-dia
,Cinemark Hoyts,Abasto,,SPIDER-MAN: UN NUEVO DÍA,3D Doblada,19:30,,,,https://www.cinemark.com.ar/peliculas/spider-man-un-nuevo-dia
,Cinemark Hoyts,Abasto,,SPIDER-MAN: UN NUEVO DÍA,2D Doblada,19:50,,,,https://www.cinemark.com.ar/peliculas/spider-man-un-nuevo-dia
,Cinemark Hoyts,Abasto,,SPIDER-MAN: UN NUEVO DÍA,DBOX 2D Doblada,22:40,,,,https://www.cinemark.com.ar/peliculas/spider-man-un-nuevo-dia
,Cinemark Hoyts,Abasto,,SPIDER-MAN: UN NUEVO DÍA,2D Doblada,22:40,,,,https://www.cinemark.com.ar/peliculas/spider-man-un-nuevo-dia
,Cinemark Hoyts,Abasto,,PEPITA LA PISTOLERA,2D Doblada,13:20,,,,https://www.cinemark.com.ar/peliculas/pepita-la-pistolera
,Cinemark Hoyts,Abasto,,PEPITA LA PISTOLERA,2D Doblada,18:00,,,,https://www.cinemark.com.ar/peliculas/pepita-la-pistolera
,Cinemark Hoyts,Abasto,,PANDA PLAN 2,2D Doblada,13:40,,,,https://www.cinemark.com.ar/peliculas/panda-plan-2
,Cinemark Hoyts,Abasto,,PANDA PLAN 2,2D Doblada,16:10,,,,https://www.cinemark.com.ar/peliculas/panda-plan-2
,Cinemark Hoyts,Abasto,,COYOTE VS ACME,2D Doblada,14:00,,,,https://www.cinemark.com.ar/peliculas/coyote-vs-acme
,Cinemark Hoyts,Abasto,,COYOTE VS ACME,2D Doblada,16:30,,,,https://www.cinemark.com.ar/peliculas/coyote-vs-acme
,Cinemark Hoyts,Abasto,,COYOTE VS ACME,2D Doblada,19:00,,,,https://www.cinemark.com.ar/peliculas/coyote-vs-acme
,Cinemark Hoyts,Abasto,,COYOTE VS ACME,2D Doblada,21:50,,,,https://www.cinemark.com.ar/peliculas/coyote-vs-acme
,Cinemark Hoyts,Abasto,,LA NOCHE DEL DEMONIO 6,2D Doblada,14:10,,,,https://www.cinemark.com.ar/peliculas/la-noche-del-demonio-estan-entre-nosotros
,Cinemark Hoyts,Abasto,,LA NOCHE DEL DEMONIO 6,2D Doblada,16:40,,,,https://www.cinemark.com.ar/peliculas/la-noche-del-demonio-estan-entre-nosotros
,Cinemark Hoyts,Abasto,,LA NOCHE DEL DEMONIO 6,2D Doblada,17:20,,,,https://www.cinemark.com.ar/peliculas/la-noche-del-demonio-estan-entre-nosotros
,Cinemark Hoyts,Abasto,,LA NOCHE DEL DEMONIO 6,2D Doblada,19:10,,,,https://www.cinemark.com.ar/peliculas/la-noche-del-demonio-estan-entre-nosotros
,Cinemark Hoyts,Abasto,,LA NOCHE DEL DEMONIO 6,2D Doblada,21:40,,,,https://www.cinemark.com.ar/peliculas/la-noche-del-demonio-estan-entre-nosotros
,Cinemark Hoyts,Abasto,,LA NOCHE DEL DEMONIO 6,2D Doblada,23:00,,,,https://www.cinemark.com.ar/peliculas/la-noche-del-demonio-estan-entre-nosotros
,Cinemark Hoyts,Abasto,,OASIS: DON´T LOOK BACK IN ANGER,2D Subtitulada,14:20,,,,https://www.cinemark.com.ar/peliculas/oasis-don-t-look-back-in-anger
,Cinemark Hoyts,Abasto,,EL ÁRBOL MÁGICO,2D Doblada,14:30,,,,https://www.cinemark.com.ar/peliculas/el-arbol-magico
,Cinemark Hoyts,Abasto,,EL ÁRBOL MÁGICO,2D Doblada,17:30,,,,https://www.cinemark.com.ar/peliculas/el-arbol-magico
,Cinemark Hoyts,Abasto,,EL ÁRBOL MÁGICO,2D Doblada,20:00,,,,https://www.cinemark.com.ar/peliculas/el-arbol-magico
,Cinemark Hoyts,Abasto,,LA ODISEA,2D Doblada,15:00,,,,https://www.cinemark.com.ar/peliculas/la-odisea
,Cinemark Hoyts,Abasto,,LA ODISEA,2D Doblada,18:40,,,,https://www.cinemark.com.ar/peliculas/la-odisea
,Cinemark Hoyts,Abasto,,LA ODISEA,2D Doblada,22:20,,,,https://www.cinemark.com.ar/peliculas/la-odisea
,Cinemark Hoyts,Abasto,,"YO, NARCISO",2D Doblada,15:45,,,,https://www.cinemark.com.ar/peliculas/yo-narciso
,Cinemark Hoyts,Abasto,,"YO, NARCISO",2D Doblada,20:30,,,,https://www.cinemark.com.ar/peliculas/yo-narciso
,Cinemark Hoyts,Abasto,,PMMM LA REBELION,2D Subtitulada,17:00,,,,https://www.cinemark.com.ar/peliculas/puella-magi-madoka-magica-la-rebelion
,Cinemark Hoyts,Abasto,,VOLVER AL FUTURO PARTE III,2D Subtitulada,17:50,,,,https://www.cinemark.com.ar/peliculas/volver-al-futuro-parte-iii
,Cinemark Hoyts,Abasto,,ONE PIECE: LA PELÍCULA,2D Doblada,18:30,,,,https://www.cinemark.com.ar/peliculas/one-piece-la-pelicula
,Cinemark Hoyts,Abasto,,HECHIZO DE AMOR: LA MAGIA CONTINUA,2D Doblada,19:40,,,,https://www.cinemark.com.ar/peliculas/hechizo-de-amor-la-magia-continua
,Cinemark Hoyts,Abasto,,HECHIZO DE AMOR: LA MAGIA CONTINUA,2D Doblada,22:30,,,,https://www.cinemark.com.ar/peliculas/hechizo-de-amor-la-magia-continua
,Cinemark Hoyts,Abasto,,CÓDIGO: VENGANZA,2D Doblada,22:40,,,,https://www.cinemark.com.ar/peliculas/codigo-venganza
,Cinemark Hoyts,Abasto,,COLONY: ZONA CERO,2D Doblada,22:50,,,,https://www.cinemark.com.ar/peliculas/colony-zona-cero
,Cinemark Hoyts,Abasto,,EL HELADERO,2D Doblada,22:50,,,,https://www.cinemark.com.ar/peliculas/el-heladero-dulce-sabor-a-muerte
,Cinemark Hoyts,Moron,,RESIDENT EVIL: NOCHE CERO,DBOX 2D Doblada,13:00,,,,https://www.cinemark.com.ar/peliculas/resident-evil-noche-cero
,Cinemark Hoyts,Moron,,RESIDENT EVIL: NOCHE CERO,2D Doblada,13:00,,,,https://www.cinemark.com.ar/peliculas/resident-evil-noche-cero
,Cinemark Hoyts,Moron,,RESIDENT EVIL: NOCHE CERO,DBOX 2D Doblada,15:10,,,,https://www.cinemark.com.ar/peliculas/resident-evil-noche-cero
,Cinemark Hoyts,Moron,,RESIDENT EVIL: NOCHE CERO,2D Doblada,15:10,,,,https://www.cinemark.com.ar/peliculas/resident-evil-noche-cero
,Cinemark Hoyts,Moron,,RESIDENT EVIL: NOCHE CERO,DBOX 2D Doblada,17:30,,,,https://www.cinemark.com.ar/peliculas/resident-evil-noche-cero
,Cinemark Hoyts,Moron,,RESIDENT EVIL: NOCHE CERO,2D Doblada,17:30,,,,https://www.cinemark.com.ar/peliculas/resident-evil-noche-cero
,Cinemark Hoyts,Moron,,RESIDENT EVIL: NOCHE CERO,DBOX 2D Subtitulada,19:50,,,,https://www.cinemark.com.ar/peliculas/resident-evil-noche-cero
,Cinemark Hoyts,Moron,,RESIDENT EVIL: NOCHE CERO,2D Subtitulada,19:50,,,,https://www.cinemark.com.ar/peliculas/resident-evil-noche-cero
,Cinemark Hoyts,Moron,,RESIDENT EVIL: NOCHE CERO,2D Doblada,20:40,,,,https://www.cinemark.com.ar/peliculas/resident-evil-noche-cero
,Cinemark Hoyts,Moron,,RESIDENT EVIL: NOCHE CERO,DBOX 2D Doblada,22:10,,,,https://www.cinemark.com.ar/peliculas/resident-evil-noche-cero
,Cinemark Hoyts,Moron,,RESIDENT EVIL: NOCHE CERO,2D Doblada,22:10,,,,https://www.cinemark.com.ar/peliculas/resident-evil-noche-cero
,Cinemark Hoyts,Moron,,RESIDENT EVIL: NOCHE CERO,2D Subtitulada,23:00,,,,https://www.cinemark.com.ar/peliculas/resident-evil-noche-cero
,Cinemark Hoyts,Quilmes,,RESIDENT EVIL: NOCHE CERO,2D Doblada,13:15,,,,https://www.cinemark.com.ar/peliculas/resident-evil-noche-cero
,Cinemark Hoyts,Quilmes,,RESIDENT EVIL: NOCHE CERO,2D Doblada,14:30,,,,https://www.cinemark.com.ar/peliculas/resident-evil-noche-cero
,Cinemark Hoyts,Quilmes,,RESIDENT EVIL: NOCHE CERO,2D Doblada,15:35,,,,https://www.cinemark.com.ar/peliculas/resident-evil-noche-cero
,Cinemark Hoyts,Quilmes,,RESIDENT EVIL: NOCHE CERO,2D Doblada,16:50,,,,https://www.cinemark.com.ar/peliculas/resident-evil-noche-cero
,Cinemark Hoyts,Quilmes,,RESIDENT EVIL: NOCHE CERO,2D Doblada,17:55,,,,https://www.cinemark.com.ar/peliculas/resident-evil-noche-cero
,Cinemark Hoyts,Quilmes,,RESIDENT EVIL: NOCHE CERO,2D Doblada,19:10,,,,https://www.cinemark.com.ar/peliculas/resident-evil-noche-cero
,Cinemark Hoyts,Quilmes,,RESIDENT EVIL: NOCHE CERO,2D Subtitulada,20:10,,,,https://www.cinemark.com.ar/peliculas/resident-evil-noche-cero
,Cinemark Hoyts,Quilmes,,RESIDENT EVIL: NOCHE CERO,4D 2D Doblada,20:30,,,,https://www.cinemark.com.ar/peliculas/resident-evil-noche-cero
,Cinemark Hoyts,Quilmes,,RESIDENT EVIL: NOCHE CERO,2D Doblada,21:30,,,,https://www.cinemark.com.ar/peliculas/resident-evil-noche-cero
,Cinemark Hoyts,Quilmes,,RESIDENT EVIL: NOCHE CERO,2D Doblada,22:30,,,,https://www.cinemark.com.ar/peliculas/resident-evil-noche-cero
,Cinemark Hoyts,Quilmes,,RESIDENT EVIL: NOCHE CERO,4D 2D Doblada,23:00,,,,https://www.cinemark.com.ar/peliculas/resident-evil-noche-cero
,Cinemark Hoyts,Quilmes,,TADEO EL EXPLORADOR Y LA LAMPARA,2D Doblada,13:15,,,,https://www.cinemark.com.ar/peliculas/tadeo-el-explorador-y-la-lampara-maravillosa
,Cinemark Hoyts,Quilmes,,PANDA PLAN 2,2D Doblada,13:30,,,,https://www.cinemark.com.ar/peliculas/panda-plan-2
,Cinemark Hoyts,Quilmes,,PANDA PLAN 2,2D Doblada,16:00,,,,https://www.cinemark.com.ar/peliculas/panda-plan-2
,Cinemark Hoyts,Quilmes,,SPIDER-MAN: UN NUEVO DÍA,2D Doblada,13:40,,,,https://www.cinemark.com.ar/peliculas/spider-man-un-nuevo-dia
,Cinemark Hoyts,Quilmes,,SPIDER-MAN: UN NUEVO DÍA,4D 3D Doblada,14:00,,,,https://www.cinemark.com.ar/peliculas/spider-man-un-nuevo-dia
,Cinemark Hoyts,Quilmes,,SPIDER-MAN: UN NUEVO DÍA,2D Doblada,15:00,,,,https://www.cinemark.com.ar/peliculas/spider-man-un-nuevo-dia
,Cinemark Hoyts,Quilmes,,SPIDER-MAN: UN NUEVO DÍA,4D 3D Doblada,17:10,,,,https://www.cinemark.com.ar/peliculas/spider-man-un-nuevo-dia
,Cinemark Hoyts,Quilmes,,SPIDER-MAN: UN NUEVO DÍA,2D Doblada,18:20,,,,https://www.cinemark.com.ar/peliculas/spider-man-un-nuevo-dia
,Cinemark Hoyts,Quilmes,,SPIDER-MAN: UN NUEVO DÍA,2D Doblada,19:40,,,,https://www.cinemark.com.ar/peliculas/spider-man-un-nuevo-dia
,Cinemark Hoyts,Quilmes,,SPIDER-MAN: UN NUEVO DÍA,2D Doblada,21:50,,,,https://www.cinemark.com.ar/peliculas/spider-man-un-nuevo-dia
,Cinemark Hoyts,Quilmes,,SPIDER-MAN: UN NUEVO DÍA,2D Doblada,22:50,,,,https://www.cinemark.com.ar/peliculas/spider-man-un-nuevo-dia
,Cinemark Hoyts,Quilmes,,COYOTE VS ACME,2D Doblada,14:10,,,,https://www.cinemark.com.ar/peliculas/coyote-vs-acme
,Cinemark Hoyts,Quilmes,,COYOTE VS ACME,2D Doblada,16:50,,,,https://www.cinemark.com.ar/peliculas/coyote-vs-acme
,Cinemark Hoyts,Quilmes,,COYOTE VS ACME,2D Doblada,19:30,,,,https://www.cinemark.com.ar/peliculas/coyote-vs-acme
,Cinemark Hoyts,Quilmes,,COYOTE VS ACME,2D Doblada,22:10,,,,https://www.cinemark.com.ar/peliculas/coyote-vs-acme
,Cinemark Hoyts,Quilmes,,LA NOCHE DEL DEMONIO 6,2D Doblada,14:20,,,,https://www.cinemark.com.ar/peliculas/la-noche-del-demonio-estan-entre-nosotros
,Cinemark Hoyts,Quilmes,,LA NOCHE DEL DEMONIO 6,2D Doblada,16:40,,,,https://www.cinemark.com.ar/peliculas/la-noche-del-demonio-estan-entre-nosotros
,Cinemark Hoyts,Quilmes,,LA NOCHE DEL DEMONIO 6,2D Doblada,19:20,,,,https://www.cinemark.com.ar/peliculas/la-noche-del-demonio-estan-entre-nosotros
,Cinemark Hoyts,Quilmes,,LA NOCHE DEL DEMONIO 6,2D Doblada,20:15,,,,https://www.cinemark.com.ar/peliculas/la-noche-del-demonio-estan-entre-nosotros
,Cinemark Hoyts,Quilmes,,LA NOCHE DEL DEMONIO 6,2D Doblada,22:00,,,,https://www.cinemark.com.ar/peliculas/la-noche-del-demonio-estan-entre-nosotros
,Cinemark Hoyts,Quilmes,,LA NOCHE DEL DEMONIO 6,2D Doblada,22:40,,,,https://www.cinemark.com.ar/peliculas/la-noche-del-demonio-estan-entre-nosotros
,Cinemark Hoyts,Quilmes,,TOY STORY 5,2D Doblada,14:40,,,,https://www.cinemark.com.ar/peliculas/toy-story-5
,Cinemark Hoyts,Quilmes,,EL ÁRBOL MÁGICO,2D Doblada,14:50,,,,https://www.cinemark.com.ar/peliculas/el-arbol-magico
,Cinemark Hoyts,Quilmes,,EL ÁRBOL MÁGICO,2D Doblada,20:40,,,,https://www.cinemark.com.ar/peliculas/el-arbol-magico
,Cinemark Hoyts,Quilmes,,EL HELADERO,2D Doblada,15:15,,,,https://www.cinemark.com.ar/peliculas/el-heladero-dulce-sabor-a-muerte
,Cinemark Hoyts,Quilmes,,EL HELADERO,2D Doblada,23:15,,,,https://www.cinemark.com.ar/peliculas/el-heladero-dulce-sabor-a-muerte
,Cinemark Hoyts,Quilmes,,VOLVER AL FUTURO PARTE III,2D Subtitulada,15:30,,,,https://www.cinemark.com.ar/peliculas/volver-al-futuro-parte-iii
,Cinemark Hoyts,Quilmes,,PMMM LA REBELION,2D Subtitulada,17:00,,,,https://www.cinemark.com.ar/peliculas/puella-magi-madoka-magica-la-rebelion
,Cinemark Hoyts,Quilmes,,HECHIZO DE AMOR: LA MAGIA CONTINUA,2D Doblada,17:20,,,,https://www.cinemark.com.ar/peliculas/hechizo-de-amor-la-magia-continua
,Cinemark Hoyts,Quilmes,,HECHIZO DE AMOR: LA MAGIA CONTINUA,2D Doblada,20:20,,,,https://www.cinemark.com.ar/peliculas/hechizo-de-amor-la-magia-continua
,Cinemark Hoyts,Quilmes,,"YO, NARCISO",2D Doblada,17:30,,,,https://www.cinemark.com.ar/peliculas/yo-narciso
,Cinemark Hoyts,Quilmes,,"YO, NARCISO",2D Doblada,19:50,,,,https://www.cinemark.com.ar/peliculas/yo-narciso
,Cinemark Hoyts,Quilmes,,"YO, NARCISO",2D Doblada,22:20,,,,https://www.cinemark.com.ar/peliculas/yo-narciso
,Cinemark Hoyts,Quilmes,,COLONY: ZONA CERO,2D Doblada,17:40,,,,https://www.cinemark.com.ar/peliculas/colony-zona-cero
,Cinemark Hoyts,Quilmes,,LA ODISEA,2D Doblada,18:10,,,,https://www.cinemark.com.ar/peliculas/la-odisea
,Cinemark Hoyts,Quilmes,,LA ODISEA,2D Doblada,21:45,,,,https://www.cinemark.com.ar/peliculas/la-odisea
,Cinemark Hoyts,Quilmes,,ONE PIECE: LA PELÍCULA,2D Doblada,18:30,,,,https://www.cinemark.com.ar/peliculas/one-piece-la-pelicula
,Cinemark Hoyts,Quilmes,,CÓDIGO: VENGANZA,2D Doblada,23:10,,,,https://www.cinemark.com.ar/peliculas/codigo-venganza
,Cinemark Hoyts,Soleil,,RESIDENT EVIL: NOCHE CERO,2D Doblada,13:40,,,,https://www.cinemark.com.ar/peliculas/resident-evil-noche-cero
,Cinemark Hoyts,Soleil,,RESIDENT EVIL: NOCHE CERO,2D Subtitulada,16:00,,,,https://www.cinemark.com.ar/peliculas/resident-evil-noche-cero
,Cinemark Hoyts,Soleil,,RESIDENT EVIL: NOCHE CERO,2D Doblada,18:20,,,,https://www.cinemark.com.ar/peliculas/resident-evil-noche-cero
,Cinemark Hoyts,Soleil,,RESIDENT EVIL: NOCHE CERO,2D Doblada,19:50,,,,https://www.cinemark.com.ar/peliculas/resident-evil-noche-cero
,Cinemark Hoyts,Soleil,,RESIDENT EVIL: NOCHE CERO,2D Subtitulada,20:40,,,,https://www.cinemark.com.ar/peliculas/resident-evil-noche-cero
,Cinemark Hoyts,Soleil,,RESIDENT EVIL: NOCHE CERO,2D Doblada,22:10,,,,https://www.cinemark.com.ar/peliculas/resident-evil-noche-cero
,Cinemark Hoyts,Soleil,,RESIDENT EVIL: NOCHE CERO,2D Doblada,23:00,,,,https://www.cinemark.com.ar/peliculas/resident-evil-noche-cero
,Cinemark Hoyts,Soleil,,TADEO EL EXPLORADOR Y LA LAMPARA,2D Doblada,13:50,,,,https://www.cinemark.com.ar/peliculas/tadeo-el-explorador-y-la-lampara-maravillosa
,Cinemark Hoyts,Soleil,,EL ÁRBOL MÁGICO,2D Doblada,14:50,,,,https://www.cinemark.com.ar/peliculas/el-arbol-magico
,Cinemark Hoyts,Soleil,,EL ÁRBOL MÁGICO,2D Doblada,17:20,,,,https://www.cinemark.com.ar/peliculas/el-arbol-magico
,Cinemark Hoyts,Soleil,,LA NOCHE DEL DEMONIO 6,2D Doblada,15:00,,,,https://www.cinemark.com.ar/peliculas/la-noche-del-demonio-estan-entre-nosotros
,Cinemark Hoyts,Soleil,,LA NOCHE DEL DEMONIO 6,2D Doblada,17:30,,,,https://www.cinemark.com.ar/peliculas/la-noche-del-demonio-estan-entre-nosotros
,Cinemark Hoyts,Soleil,,LA NOCHE DEL DEMONIO 6,2D Doblada,20:00,,,,https://www.cinemark.com.ar/peliculas/la-noche-del-demonio-estan-entre-nosotros
,Cinemark Hoyts,Soleil,,LA NOCHE DEL DEMONIO 6,2D Doblada,22:30,,,,https://www.cinemark.com.ar/peliculas/la-noche-del-demonio-estan-entre-nosotros
,Cinemark Hoyts,Soleil,,COYOTE VS ACME,2D Doblada,15:10,,,,https://www.cinemark.com.ar/peliculas/coyote-vs-acme
,Cinemark Hoyts,Soleil,,COYOTE VS ACME,2D Doblada,17:40,,,,https://www.cinemark.com.ar/peliculas/coyote-vs-acme
,Cinemark Hoyts,Soleil,,COYOTE VS ACME,2D Doblada,20:10,,,,https://www.cinemark.com.ar/peliculas/coyote-vs-acme
,Cinemark Hoyts,Soleil,,SPIDER-MAN: UN NUEVO DÍA,2D Doblada,15:20,,,,https://www.cinemark.com.ar/peliculas/spider-man-un-nuevo-dia
,Cinemark Hoyts,Soleil,,SPIDER-MAN: UN NUEVO DÍA,3D Doblada,18:40,,,,https://www.cinemark.com.ar/peliculas/spider-man-un-nuevo-dia
,Cinemark Hoyts,Soleil,,SPIDER-MAN: UN NUEVO DÍA,2D Doblada,22:00,,,,https://www.cinemark.com.ar/peliculas/spider-man-un-nuevo-dia
,Cinemark Hoyts,Soleil,,TOY STORY 5,2D Doblada,16:20,,,,https://www.cinemark.com.ar/peliculas/toy-story-5
,Cinemark Hoyts,Soleil,,HECHIZO DE AMOR: LA MAGIA CONTINUA,2D Doblada,18:50,,,,https://www.cinemark.com.ar/peliculas/hechizo-de-amor-la-magia-continua
,Cinemark Hoyts,Soleil,,"YO, NARCISO",2D Doblada,21:50,,,,https://www.cinemark.com.ar/peliculas/yo-narciso
,Cinemark Hoyts,Soleil,,EL HELADERO,2D Doblada,22:50,,,,https://www.cinemark.com.ar/peliculas/el-heladero-dulce-sabor-a-muerte
