zona,cadena,cine,direccion,pelicula,formato,horario,precio_general,precio_jubilado,precio_menor,url_pelicula
GBA Norte,Showcase,IMAX Showcase Norte,"Av. Ricardo Balbín 2550, Shopping Norcenter",Michael,IMAX Subtitulada,19:45,,,,https://cartelera.ar/pelicula/michael
GBA Norte,Showcase,IMAX Showcase Norte,"Av. Ricardo Balbín 2550, Shopping Norcenter",La Odisea,IMAX Subtitulada,11:00,,,,https://cartelera.ar/pelicula/la-odisea
GBA Norte,Showcase,IMAX Showcase Norte,"Av. Ricardo Balbín 2550, Shopping Norcenter",La Odisea,IMAX Subtitulada,22:30,,,,https://cartelera.ar/pelicula/la-odisea
GBA Norte,Showcase,IMAX Showcase Norte,"Av. Ricardo Balbín 2550, Shopping Norcenter",Toy Story 5,IMAX Doblada,14:35,,,,https://cartelera.ar/pelicula/toy-story-5
GBA Norte,Showcase,IMAX Showcase Norte,"Av. Ricardo Balbín 2550, Shopping Norcenter",Oasis: Dont Look Back In Anger,IMAX Subtitulada,17:00,,,,https://cartelera.ar/pelicula/oasis-dont-look-back-in-anger
GBA Sur,Cinemark Hoyts,Hoyts Temperley,Av. Hipólito Yrigoyen 10.700,CÓDIGO: VENGANZA,2D Doblada,13:10,,,,https://www.cinemark.com.ar/peliculas/codigo-venganza
GBA Sur,Cinemark Hoyts,Hoyts Temperley,Av. Hipólito Yrigoyen 10.700,CÓDIGO: VENGANZA,2D Doblada,17:50,,,,https://www.cinemark.com.ar/peliculas/codigo-venganza
GBA Sur,Cinemark Hoyts,Hoyts Temperley,Av. Hipólito Yrigoyen 10.700,CÓDIGO: VENGANZA,2D Doblada,22:40,,,,https://www.cinemark.com.ar/peliculas/codigo-venganza
GBA Sur,Cinemark Hoyts,Hoyts Temperley,Av. Hipólito Yrigoyen 10.700,CORALINE,3D Doblada,18:00,,,,https://www.cinemark.com.ar/peliculas/coraline-y-la-puerta-secreta
GBA Sur,Cinemark Hoyts,Hoyts Temperley,Av. Hipólito Yrigoyen 10.700,Coyote vs. Acme,2D Doblada,12:00,,,,https://www.cinemark.com.ar/peliculas/coyote-vs-acme
GBA Sur,Cinemark Hoyts,Hoyts Temperley,Av. Hipólito Yrigoyen 10.700,Coyote vs. Acme,DBOX 2D Doblada,12:00,,,,https://www.cinemark.com.ar/peliculas/coyote-vs-acme
GBA Sur,Cinemark Hoyts,Hoyts Temperley,Av. Hipólito Yrigoyen 10.700,Coyote vs. Acme,2D Doblada,14:30,,,,https://www.cinemark.com.ar/peliculas/coyote-vs-acme
GBA Sur,Cinemark Hoyts,Hoyts Temperley,Av. Hipólito Yrigoyen 10.700,Coyote vs. Acme,DBOX 2D Doblada,14:30,,,,https://www.cinemark.com.ar/peliculas/coyote-vs-acme
GBA Sur,Cinemark Hoyts,Hoyts Temperley,Av. Hipólito Yrigoyen 10.700,Coyote vs. Acme,2D Doblada,17:10,,,,https://www.cinemark.com.ar/peliculas/coyote-vs-acme
GBA Sur,Cinemark Hoyts,Hoyts Temperley,Av. Hipólito Yrigoyen 10.700,Coyote vs. Acme,DBOX 2D Doblada,17:10,,,,https://www.cinemark.com.ar/peliculas/coyote-vs-acme
GBA Sur,Cinemark Hoyts,Hoyts Temperley,Av. Hipólito Yrigoyen 10.700,Coyote vs. Acme,2D Doblada,19:45,,,,https://www.cinemark.com.ar/peliculas/coyote-vs-acme
GBA Sur,Cinemark Hoyts,Hoyts Temperley,Av. Hipólito Yrigoyen 10.700,Coyote vs. Acme,DBOX 2D Doblada,19:45,,,,https://www.cinemark.com.ar/peliculas/coyote-vs-acme
GBA Sur,Cinemark Hoyts,Hoyts Temperley,Av. Hipólito Yrigoyen 10.700,El Diablo Viste A La Moda 2,2D Doblada,19:45,,,,https://www.cinemark.com.ar/peliculas/el-diablo-viste-a-la-moda-2
GBA Sur,Cinemark Hoyts,Hoyts Temperley,Av. Hipólito Yrigoyen 10.700,El Diablo Viste A La Moda 2,DBOX 2D Doblada,19:45,,,,https://www.cinemark.com.ar/peliculas/el-diablo-viste-a-la-moda-2
GBA Sur,Cinemark Hoyts,Hoyts Temperley,Av. Hipólito Yrigoyen 10.700,EL HELADERO,2D Doblada,17:30,,,,https://www.cinemark.com.ar/peliculas/el-heladero-dulce-sabor-a-muerte
GBA Sur,Cinemark Hoyts,Hoyts Temperley,Av. Hipólito Yrigoyen 10.700,EL HELADERO,2D Doblada,22:30,,,,https://www.cinemark.com.ar/peliculas/el-heladero-dulce-sabor-a-muerte
GBA Sur,Cinemark Hoyts,Hoyts Temperley,Av. Hipólito Yrigoyen 10.700,HECHIZO DE AMOR: LA MAGIA CONTINUA,2D Doblada,19:50,,,,https://www.cinemark.com.ar/peliculas/hechizo-de-amor-la-magia-continua
GBA Sur,Cinemark Hoyts,Hoyts Temperley,Av. Hipólito Yrigoyen 10.700,HECHIZO DE AMOR: LA MAGIA CONTINUA,2D Doblada,22:40,,,,https://www.cinemark.com.ar/peliculas/hechizo-de-amor-la-magia-continua
GBA Sur,Cinemark Hoyts,Hoyts Temperley,Av. Hipólito Yrigoyen 10.700,Insidious: Fuera del más allá,DBOX XD 2D Doblada,12:00,,,,https://www.cinemark.com.ar/peliculas/la-noche-del-demonio-estan-entre-nosotros
GBA Sur,Cinemark Hoyts,Hoyts Temperley,Av. Hipólito Yrigoyen 10.700,Insidious: Fuera del más allá,XD 2D Doblada,12:00,,,,https://www.cinemark.com.ar/peliculas/la-noche-del-demonio-estan-entre-nosotros
GBA Sur,Cinemark Hoyts,Hoyts Temperley,Av. Hipólito Yrigoyen 10.700,Insidious: Fuera del más allá,DBOX XD 2D Doblada,14:25,,,,https://www.cinemark.com.ar/peliculas/la-noche-del-demonio-estan-entre-nosotros
GBA Sur,Cinemark Hoyts,Hoyts Temperley,Av. Hipólito Yrigoyen 10.700,Insidious: Fuera del más allá,XD 2D Doblada,14:25,,,,https://www.cinemark.com.ar/peliculas/la-noche-del-demonio-estan-entre-nosotros
GBA Sur,Cinemark Hoyts,Hoyts Temperley,Av. Hipólito Yrigoyen 10.700,Insidious: Fuera del más allá,DBOX XD 2D Doblada,17:00,,,,https://www.cinemark.com.ar/peliculas/la-noche-del-demonio-estan-entre-nosotros
GBA Sur,Cinemark Hoyts,Hoyts Temperley,Av. Hipólito Yrigoyen 10.700,Insidious: Fuera del más allá,XD 2D Doblada,17:00,,,,https://www.cinemark.com.ar/peliculas/la-noche-del-demonio-estan-entre-nosotros
GBA Sur,Cinemark Hoyts,Hoyts Temperley,Av. Hipólito Yrigoyen 10.700,Insidious: Fuera del más allá,DBOX XD 2D Doblada,19:30,,,,https://www.cinemark.com.ar/peliculas/la-noche-del-demonio-estan-entre-nosotros
GBA Sur,Cinemark Hoyts,Hoyts Temperley,Av. Hipólito Yrigoyen 10.700,Insidious: Fuera del más allá,XD 2D Doblada,19:30,,,,https://www.cinemark.com.ar/peliculas/la-noche-del-demonio-estan-entre-nosotros
GBA Sur,Cinemark Hoyts,Hoyts Temperley,Av. Hipólito Yrigoyen 10.700,Insidious: Fuera del más allá,DBOX XD 2D Doblada,22:00,,,,https://www.cinemark.com.ar/peliculas/la-noche-del-demonio-estan-entre-nosotros
GBA Sur,Cinemark Hoyts,Hoyts Temperley,Av. Hipólito Yrigoyen 10.700,Insidious: Fuera del más allá,XD 2D Doblada,22:00,,,,https://www.cinemark.com.ar/peliculas/la-noche-del-demonio-estan-entre-nosotros
GBA Sur,Cinemark Hoyts,Hoyts Temperley,Av. Hipólito Yrigoyen 10.700,Insidious: Fuera del más allá,4D 2D Doblada,23:00,,,,https://www.cinemark.com.ar/peliculas/la-noche-del-demonio-estan-entre-nosotros
GBA Sur,Cinemark Hoyts,Hoyts Temperley,Av. Hipólito Yrigoyen 10.700,La Odisea,2D Doblada,14:10,,,,https://www.cinemark.com.ar/peliculas/la-odisea
GBA Sur,Cinemark Hoyts,Hoyts Temperley,Av. Hipólito Yrigoyen 10.700,La Odisea,2D Doblada,22:20,,,,https://www.cinemark.com.ar/peliculas/la-odisea
GBA Sur,Cinemark Hoyts,Hoyts Temperley,Av. Hipólito Yrigoyen 10.700,La Odisea,DBOX 2D Doblada,22:20,,,,https://www.cinemark.com.ar/peliculas/la-odisea
GBA Sur,Cinemark Hoyts,Hoyts Temperley,Av. Hipólito Yrigoyen 10.700,LOS BOXTROLLS,2D Doblada,12:45,,,,https://www.cinemark.com.ar/peliculas/los-boxtrolls
GBA Sur,Cinemark Hoyts,Hoyts Temperley,Av. Hipólito Yrigoyen 10.700,Michael,2D Doblada,16:50,,,,https://www.cinemark.com.ar/peliculas/michael
GBA Sur,Cinemark Hoyts,Hoyts Temperley,Av. Hipólito Yrigoyen 10.700,OASIS: DON´T LOOK BACK IN ANGER,2D Subtitulada,20:00,,,,https://www.cinemark.com.ar/peliculas/oasis-don-t-look-back-in-anger
GBA Sur,Cinemark Hoyts,Hoyts Temperley,Av. Hipólito Yrigoyen 10.700,PARANORMAN,2D Doblada,15:10,,,,https://www.cinemark.com.ar/peliculas/paranorman
GBA Sur,Cinemark Hoyts,Hoyts Temperley,Av. Hipólito Yrigoyen 10.700,PAW Patrol: La Dino Película,2D Doblada,12:30,,,,https://www.cinemark.com.ar/peliculas/paw-patrol-la-dino-pelicula
GBA Sur,Cinemark Hoyts,Hoyts Temperley,Av. Hipólito Yrigoyen 10.700,PAW Patrol: La Dino Película,2D Doblada,14:45,,,,https://www.cinemark.com.ar/peliculas/paw-patrol-la-dino-pelicula
GBA Sur,Cinemark Hoyts,Hoyts Temperley,Av. Hipólito Yrigoyen 10.700,Pepita la Pistolera,2D Doblada,22:50,,,,https://www.cinemark.com.ar/peliculas/pepita-la-pistolera
GBA Sur,Cinemark Hoyts,Hoyts Temperley,Av. Hipólito Yrigoyen 10.700,RÁPIDO Y FURIOSO: 25 ANIVERSARIO,2D Doblada,20:10,,,,https://www.cinemark.com.ar/peliculas/rapido-y-furioso-25-aniversario
GBA Sur,Cinemark Hoyts,Hoyts Temperley,Av. Hipólito Yrigoyen 10.700,SHREK 25 ANIVERSARIO,2D Doblada,15:30,,,,https://www.cinemark.com.ar/peliculas/shrek-25-aniversario
GBA Sur,Cinemark Hoyts,Hoyts Temperley,Av. Hipólito Yrigoyen 10.700,Spider-Man: Un nuevo día,4D 3D Doblada,13:00,,,,https://www.cinemark.com.ar/peliculas/spider-man-un-nuevo-dia
GBA Sur,Cinemark Hoyts,Hoyts Temperley,Av. Hipólito Yrigoyen 10.700,Spider-Man: Un nuevo día,4D 3D Doblada,16:20,,,,https://www.cinemark.com.ar/peliculas/spider-man-un-nuevo-dia
GBA Sur,Cinemark Hoyts,Hoyts Temperley,Av. Hipólito Yrigoyen 10.700,Spider-Man: Un nuevo día,4D 3D Doblada,19:40,,,,https://www.cinemark.com.ar/peliculas/spider-man-un-nuevo-dia
GBA Sur,Cinemark Hoyts,Hoyts Temperley,Av. Hipólito Yrigoyen 10.700,Spider-Man: Un nuevo día,2D Doblada,22:45,,,,https://www.cinemark.com.ar/peliculas/spider-man-un-nuevo-dia
GBA Sur,Cinemark Hoyts,Hoyts Temperley,Av. Hipólito Yrigoyen 10.700,TADEO EL EXPLORADOR Y LA LAMPARA,2D Doblada,12:50,,,,https://www.cinemark.com.ar/peliculas/tadeo-el-explorador-y-la-lampara-maravillosa
GBA Sur,Cinemark Hoyts,Hoyts Temperley,Av. Hipólito Yrigoyen 10.700,TADEO EL EXPLORADOR Y LA LAMPARA,2D Doblada,15:15,,,,https://www.cinemark.com.ar/peliculas/tadeo-el-explorador-y-la-lampara-maravillosa
GBA Sur,Cinemark Hoyts,Hoyts Temperley,Av. Hipólito Yrigoyen 10.700,TADEO EL EXPLORADOR Y LA LAMPARA,2D Doblada,17:40,,,,https://www.cinemark.com.ar/peliculas/tadeo-el-explorador-y-la-lampara-maravillosa
GBA Sur,Cinemark Hoyts,Hoyts Temperley,Av. Hipólito Yrigoyen 10.700,Terminator 2: El juicio final,2D Doblada,17:00,,,,https://www.cinemark.com.ar/peliculas/terminator-2-el-juicio-final-35-aniversario
GBA Sur,Cinemark Hoyts,Hoyts Temperley,Av. Hipólito Yrigoyen 10.700,Toy Story 5,2D Doblada,12:00,,,,https://www.cinemark.com.ar/peliculas/toy-story-5
GBA Sur,Cinemark Hoyts,Hoyts Temperley,Av. Hipólito Yrigoyen 10.700,Toy Story 5,2D Doblada,14:20,,,,https://www.cinemark.com.ar/peliculas/toy-story-5
GBA Sur,Cinemark Hoyts,Hoyts Temperley,Av. Hipólito Yrigoyen 10.700,VOLVER AL FUTURO,2D Subtitulada,20:00,,,,https://www.cinemark.com.ar/peliculas/volver-al-futuro
GBA Sur,Cinemark Hoyts,Hoyts Temperley,Av. Hipólito Yrigoyen 10.700,Yo Narciso,2D Doblada,20:25,,,,https://www.cinemark.com.ar/peliculas/yo-narciso
GBA Sur,Cinemark Hoyts,Hoyts Temperley,Av. Hipólito Yrigoyen 10.700,Yo Narciso,2D Doblada,22:50,,,,https://www.cinemark.com.ar/peliculas/yo-narciso
GBA Norte,Cinemark Hoyts,Hoyts Unicenter,"Paraná 3745, Unicenter Shopping",AKIRA (1988),2D Subtitulada,19:45,,,,https://www.cinemark.com.ar/peliculas/akira-1988
GBA Norte,Cinemark Hoyts,Hoyts Unicenter,"Paraná 3745, Unicenter Shopping",Backrooms,2D Subtitulada,00:40,,,,https://www.cinemark.com.ar/peliculas/backrooms-version-extendida
GBA Norte,Cinemark Hoyts,Hoyts Unicenter,"Paraná 3745, Unicenter Shopping",Backrooms,2D Subtitulada,23:00,,,,https://www.cinemark.com.ar/peliculas/backrooms-version-extendida
GBA Norte,Cinemark Hoyts,Hoyts Unicenter,"Paraná 3745, Unicenter Shopping",CÓDIGO: VENGANZA,2D Subtitulada,12:40,,,,https://www.cinemark.com.ar/peliculas/codigo-venganza
GBA Norte,Cinemark Hoyts,Hoyts Unicenter,"Paraná 3745, Unicenter Shopping",CÓDIGO: VENGANZA,2D Subtitulada,15:10,,,,https://www.cinemark.com.ar/peliculas/codigo-venganza
GBA Norte,Cinemark Hoyts,Hoyts Unicenter,"Paraná 3745, Unicenter Shopping",CÓDIGO: VENGANZA,2D Subtitulada,17:20,,,,https://www.cinemark.com.ar/peliculas/codigo-venganza
GBA Norte,Cinemark Hoyts,Hoyts Unicenter,"Paraná 3745, Unicenter Shopping",CÓDIGO: VENGANZA,2D Subtitulada,19:40,,,,https://www.cinemark.com.ar/peliculas/codigo-venganza
GBA Norte,Cinemark Hoyts,Hoyts Unicenter,"Paraná 3745, Unicenter Shopping",CÓDIGO: VENGANZA,2D Subtitulada,22:15,,,,https://www.cinemark.com.ar/peliculas/codigo-venganza
GBA Norte,Cinemark Hoyts,Hoyts Unicenter,"Paraná 3745, Unicenter Shopping",Colony,2D Subtitulada,14:45,,,,https://www.cinemark.com.ar/peliculas/colony-zona-cero
GBA Norte,Cinemark Hoyts,Hoyts Unicenter,"Paraná 3745, Unicenter Shopping",CORALINE,3D Doblada,18:00,,,,https://www.cinemark.com.ar/peliculas/coraline-y-la-puerta-secreta
GBA Norte,Cinemark Hoyts,Hoyts Unicenter,"Paraná 3745, Unicenter Shopping",Coyote vs. Acme,2D Doblada,12:20,,,,https://www.cinemark.com.ar/peliculas/coyote-vs-acme
GBA Norte,Cinemark Hoyts,Hoyts Unicenter,"Paraná 3745, Unicenter Shopping",Coyote vs. Acme,DBOX 2D Doblada,12:20,,,,https://www.cinemark.com.ar/peliculas/coyote-vs-acme
GBA Norte,Cinemark Hoyts,Hoyts Unicenter,"Paraná 3745, Unicenter Shopping",Coyote vs. Acme,2D Doblada,14:00,,,,https://www.cinemark.com.ar/peliculas/coyote-vs-acme
GBA Norte,Cinemark Hoyts,Hoyts Unicenter,"Paraná 3745, Unicenter Shopping",Coyote vs. Acme,DBOX 2D Doblada,14:00,,,,https://www.cinemark.com.ar/peliculas/coyote-vs-acme
GBA Norte,Cinemark Hoyts,Hoyts Unicenter,"Paraná 3745, Unicenter Shopping",Coyote vs. Acme,2D Doblada,16:30,,,,https://www.cinemark.com.ar/peliculas/coyote-vs-acme
GBA Norte,Cinemark Hoyts,Hoyts Unicenter,"Paraná 3745, Unicenter Shopping",Coyote vs. Acme,DBOX 2D Doblada,16:30,,,,https://www.cinemark.com.ar/peliculas/coyote-vs-acme
GBA Norte,Cinemark Hoyts,Hoyts Unicenter,"Paraná 3745, Unicenter Shopping",Coyote vs. Acme,2D Doblada,19:00,,,,https://www.cinemark.com.ar/peliculas/coyote-vs-acme
GBA Norte,Cinemark Hoyts,Hoyts Unicenter,"Paraná 3745, Unicenter Shopping",Coyote vs. Acme,DBOX 2D Doblada,19:00,,,,https://www.cinemark.com.ar/peliculas/coyote-vs-acme
GBA Norte,Cinemark Hoyts,Hoyts Unicenter,"Paraná 3745, Unicenter Shopping",Coyote vs. Acme,2D Subtitulada,21:45,,,,https://www.cinemark.com.ar/peliculas/coyote-vs-acme
GBA Norte,Cinemark Hoyts,Hoyts Unicenter,"Paraná 3745, Unicenter Shopping",Coyote vs. Acme,DBOX 2D Subtitulada,21:45,,,,https://www.cinemark.com.ar/peliculas/coyote-vs-acme
GBA Norte,Cinemark Hoyts,Hoyts Unicenter,"Paraná 3745, Unicenter Shopping",EL HELADERO,2D Subtitulada,12:35,,,,https://www.cinemark.com.ar/peliculas/el-heladero-dulce-sabor-a-muerte
GBA Norte,Cinemark Hoyts,Hoyts Unicenter,"Paraná 3745, Unicenter Shopping",EL HELADERO,2D Subtitulada,20:10,,,,https://www.cinemark.com.ar/peliculas/el-heladero-dulce-sabor-a-muerte
GBA Norte,Cinemark Hoyts,Hoyts Unicenter,"Paraná 3745, Unicenter Shopping",EL HELADERO,2D Subtitulada,22:30,,,,https://www.cinemark.com.ar/peliculas/el-heladero-dulce-sabor-a-muerte
GBA Norte,Cinemark Hoyts,Hoyts Unicenter,"Paraná 3745, Unicenter Shopping",HECHIZO DE AMOR: LA MAGIA CONTINUA,2D Subtitulada,00:20,,,,https://www.cinemark.com.ar/peliculas/hechizo-de-amor-la-magia-continua
GBA Norte,Cinemark Hoyts,Hoyts Unicenter,"Paraná 3745, Unicenter Shopping",HECHIZO DE AMOR: LA MAGIA CONTINUA,2D Doblada,12:00,,,,https://www.cinemark.com.ar/peliculas/hechizo-de-amor-la-magia-continua
GBA Norte,Cinemark Hoyts,Hoyts Unicenter,"Paraná 3745, Unicenter Shopping",HECHIZO DE AMOR: LA MAGIA CONTINUA,2D Doblada,14:50,,,,https://www.cinemark.com.ar/peliculas/hechizo-de-amor-la-magia-continua
GBA Norte,Cinemark Hoyts,Hoyts Unicenter,"Paraná 3745, Unicenter Shopping",HECHIZO DE AMOR: LA MAGIA CONTINUA,2D Subtitulada,17:40,,,,https://www.cinemark.com.ar/peliculas/hechizo-de-amor-la-magia-continua
GBA Norte,Cinemark Hoyts,Hoyts Unicenter,"Paraná 3745, Unicenter Shopping",HECHIZO DE AMOR: LA MAGIA CONTINUA,2D Doblada,20:10,,,,https://www.cinemark.com.ar/peliculas/hechizo-de-amor-la-magia-continua
GBA Norte,Cinemark Hoyts,Hoyts Unicenter,"Paraná 3745, Unicenter Shopping",HECHIZO DE AMOR: LA MAGIA CONTINUA,2D Subtitulada,22:00,,,,https://www.cinemark.com.ar/peliculas/hechizo-de-amor-la-magia-continua
GBA Norte,Cinemark Hoyts,Hoyts Unicenter,"Paraná 3745, Unicenter Shopping",Insidious: Fuera del más allá,2D Subtitulada,01:10,,,,https://www.cinemark.com.ar/peliculas/la-noche-del-demonio-estan-entre-nosotros
GBA Norte,Cinemark Hoyts,Hoyts Unicenter,"Paraná 3745, Unicenter Shopping",Insidious: Fuera del más allá,2D Subtitulada,12:15,,,,https://www.cinemark.com.ar/peliculas/la-noche-del-demonio-estan-entre-nosotros
GBA Norte,Cinemark Hoyts,Hoyts Unicenter,"Paraná 3745, Unicenter Shopping",Insidious: Fuera del más allá,2D Subtitulada,14:35,,,,https://www.cinemark.com.ar/peliculas/la-noche-del-demonio-estan-entre-nosotros
GBA Norte,Cinemark Hoyts,Hoyts Unicenter,"Paraná 3745, Unicenter Shopping",Insidious: Fuera del más allá,2D Subtitulada,17:10,,,,https://www.cinemark.com.ar/peliculas/la-noche-del-demonio-estan-entre-nosotros
GBA Norte,Cinemark Hoyts,Hoyts Unicenter,"Paraná 3745, Unicenter Shopping",Insidious: Fuera del más allá,2D Subtitulada,19:30,,,,https://www.cinemark.com.ar/peliculas/la-noche-del-demonio-estan-entre-nosotros
GBA Norte,Cinemark Hoyts,Hoyts Unicenter,"Paraná 3745, Unicenter Shopping",Insidious: Fuera del más allá,2D Subtitulada,22:50,,,,https://www.cinemark.com.ar/peliculas/la-noche-del-demonio-estan-entre-nosotros
GBA Norte,Cinemark Hoyts,Hoyts Unicenter,"Paraná 3745, Unicenter Shopping",La constelación del perro,2D Subtitulada,17:30,,,,https://cartelera.ar/pelicula/la-constelacion-del-perro
GBA Norte,Cinemark Hoyts,Hoyts Unicenter,"Paraná 3745, Unicenter Shopping",LA GUERRA DE LOS ÚLTIMOS,2D Subtitulada,17:30,,,,https://www.cinemark.com.ar/peliculas/la-guerra-de-los-ultimos
GBA Norte,Cinemark Hoyts,Hoyts Unicenter,"Paraná 3745, Unicenter Shopping",La Odisea,2D Subtitulada,00:15,,,,https://www.cinemark.com.ar/peliculas/la-odisea
GBA Norte,Cinemark Hoyts,Hoyts Unicenter,"Paraná 3745, Unicenter Shopping",La Odisea,DBOX 2D Subtitulada,00:15,,,,https://www.cinemark.com.ar/peliculas/la-odisea
GBA Norte,Cinemark Hoyts,Hoyts Unicenter,"Paraná 3745, Unicenter Shopping",La Odisea,PREMIER 2D Subtitulada,00:40,,,,https://www.cinemark.com.ar/peliculas/la-odisea
GBA Norte,Cinemark Hoyts,Hoyts Unicenter,"Paraná 3745, Unicenter Shopping",La Odisea,PREMIER 2D Subtitulada,13:20,,,,https://www.cinemark.com.ar/peliculas/la-odisea
GBA Norte,Cinemark Hoyts,Hoyts Unicenter,"Paraná 3745, Unicenter Shopping",La Odisea,2D Doblada,14:40,,,,https://www.cinemark.com.ar/peliculas/la-odisea
GBA Norte,Cinemark Hoyts,Hoyts Unicenter,"Paraná 3745, Unicenter Shopping",La Odisea,DBOX 2D Doblada,14:40,,,,https://www.cinemark.com.ar/peliculas/la-odisea
GBA Norte,Cinemark Hoyts,Hoyts Unicenter,"Paraná 3745, Unicenter Shopping",La Odisea,PREMIER 2D Subtitulada,17:00,,,,https://www.cinemark.com.ar/peliculas/la-odisea
GBA Norte,Cinemark Hoyts,Hoyts Unicenter,"Paraná 3745, Unicenter Shopping",La Odisea,2D Doblada,18:40,,,,https://www.cinemark.com.ar/peliculas/la-odisea
GBA Norte,Cinemark Hoyts,Hoyts Unicenter,"Paraná 3745, Unicenter Shopping",La Odisea,DBOX 2D Doblada,18:40,,,,https://www.cinemark.com.ar/peliculas/la-odisea
GBA Norte,Cinemark Hoyts,Hoyts Unicenter,"Paraná 3745, Unicenter Shopping",La Odisea,PREMIER 2D Subtitulada,21:00,,,,https://www.cinemark.com.ar/peliculas/la-odisea
GBA Norte,Cinemark Hoyts,Hoyts Unicenter,"Paraná 3745, Unicenter Shopping",La Odisea,2D Subtitulada,22:10,,,,https://www.cinemark.com.ar/peliculas/la-odisea
GBA Norte,Cinemark Hoyts,Hoyts Unicenter,"Paraná 3745, Unicenter Shopping",La Odisea,DBOX 2D Subtitulada,22:10,,,,https://www.cinemark.com.ar/peliculas/la-odisea
GBA Norte,Cinemark Hoyts,Hoyts Unicenter,"Paraná 3745, Unicenter Shopping",LOS BOXTROLLS,2D Doblada,13:00,,,,https://www.cinemark.com.ar/peliculas/los-boxtrolls
GBA Norte,Cinemark Hoyts,Hoyts Unicenter,"Paraná 3745, Unicenter Shopping",Michael,2D Subtitulada,22:15,,,,https://www.cinemark.com.ar/peliculas/michael
GBA Norte,Cinemark Hoyts,Hoyts Unicenter,"Paraná 3745, Unicenter Shopping",Minions & monstruos,2D Doblada,13:10,,,,https://www.cinemark.com.ar/peliculas/minions-monstruos
GBA Norte,Cinemark Hoyts,Hoyts Unicenter,"Paraná 3745, Unicenter Shopping",Minions & monstruos,2D Doblada,15:25,,,,https://www.cinemark.com.ar/peliculas/minions-monstruos
GBA Norte,Cinemark Hoyts,Hoyts Unicenter,"Paraná 3745, Unicenter Shopping",OASIS: DON´T LOOK BACK IN ANGER,2D Subtitulada,00:45,,,,https://www.cinemark.com.ar/peliculas/oasis-don-t-look-back-in-anger
GBA Norte,Cinemark Hoyts,Hoyts Unicenter,"Paraná 3745, Unicenter Shopping",OASIS: DON´T LOOK BACK IN ANGER,2D Subtitulada,20:00,,,,https://www.cinemark.com.ar/peliculas/oasis-don-t-look-back-in-anger
GBA Norte,Cinemark Hoyts,Hoyts Unicenter,"Paraná 3745, Unicenter Shopping",OASIS: DON´T LOOK BACK IN ANGER,2D Subtitulada,22:20,,,,https://www.cinemark.com.ar/peliculas/oasis-don-t-look-back-in-anger
GBA Norte,Cinemark Hoyts,Hoyts Unicenter,"Paraná 3745, Unicenter Shopping",PARANORMAN,2D Doblada,15:20,,,,https://www.cinemark.com.ar/peliculas/paranorman
GBA Norte,Cinemark Hoyts,Hoyts Unicenter,"Paraná 3745, Unicenter Shopping",PAW Patrol: La Dino Película,2D Doblada,12:10,,,,https://www.cinemark.com.ar/peliculas/paw-patrol-la-dino-pelicula
GBA Norte,Cinemark Hoyts,Hoyts Unicenter,"Paraná 3745, Unicenter Shopping",PAW Patrol: La Dino Película,2D Doblada,14:20,,,,https://www.cinemark.com.ar/peliculas/paw-patrol-la-dino-pelicula
GBA Norte,Cinemark Hoyts,Hoyts Unicenter,"Paraná 3745, Unicenter Shopping",Pepita la Pistolera,2D Doblada,20:20,,,,https://www.cinemark.com.ar/peliculas/pepita-la-pistolera
GBA Norte,Cinemark Hoyts,Hoyts Unicenter,"Paraná 3745, Unicenter Shopping",Pepita la Pistolera,2D Doblada,22:45,,,,https://www.cinemark.com.ar/peliculas/pepita-la-pistolera
GBA Norte,Cinemark Hoyts,Hoyts Unicenter,"Paraná 3745, Unicenter Shopping",PMMM LA PELICULA PARTE 2,2D Subtitulada,17:00,,,,https://www.cinemark.com.ar/peliculas/puella-magi-madoka-magica-la-pelicula-parte-2
GBA Norte,Cinemark Hoyts,Hoyts Unicenter,"Paraná 3745, Unicenter Shopping",RÁPIDO Y FURIOSO: 25 ANIVERSARIO,2D Doblada,00:30,,,,https://www.cinemark.com.ar/peliculas/rapido-y-furioso-25-aniversario
GBA Norte,Cinemark Hoyts,Hoyts Unicenter,"Paraná 3745, Unicenter Shopping",RÁPIDO Y FURIOSO: 25 ANIVERSARIO,2D Doblada,20:15,,,,https://www.cinemark.com.ar/peliculas/rapido-y-furioso-25-aniversario
GBA Norte,Cinemark Hoyts,Hoyts Unicenter,"Paraná 3745, Unicenter Shopping",SHREK 25 ANIVERSARIO,2D Doblada,17:25,,,,https://www.cinemark.com.ar/peliculas/shrek-25-aniversario
GBA Norte,Cinemark Hoyts,Hoyts Unicenter,"Paraná 3745, Unicenter Shopping",Spider-Man: Un nuevo día,4D 3D Doblada,00:55,,,,https://www.cinemark.com.ar/peliculas/spider-man-un-nuevo-dia
GBA Norte,Cinemark Hoyts,Hoyts Unicenter,"Paraná 3745, Unicenter Shopping",Spider-Man: Un nuevo día,PREMIER 2D Subtitulada,01:10,,,,https://www.cinemark.com.ar/peliculas/spider-man-un-nuevo-dia
GBA Norte,Cinemark Hoyts,Hoyts Unicenter,"Paraná 3745, Unicenter Shopping",Spider-Man: Un nuevo día,PREMIER 2D Subtitulada,12:00,,,,https://www.cinemark.com.ar/peliculas/spider-man-un-nuevo-dia
GBA Norte,Cinemark Hoyts,Hoyts Unicenter,"Paraná 3745, Unicenter Shopping",Spider-Man: Un nuevo día,4D 3D Doblada,12:25,,,,https://www.cinemark.com.ar/peliculas/spider-man-un-nuevo-dia
GBA Norte,Cinemark Hoyts,Hoyts Unicenter,"Paraná 3745, Unicenter Shopping",Spider-Man: Un nuevo día,2D Subtitulada,12:30,,,,https://www.cinemark.com.ar/peliculas/spider-man-un-nuevo-dia
GBA Norte,Cinemark Hoyts,Hoyts Unicenter,"Paraná 3745, Unicenter Shopping",Spider-Man: Un nuevo día,DBOX 2D Subtitulada,12:30,,,,https://www.cinemark.com.ar/peliculas/spider-man-un-nuevo-dia
GBA Norte,Cinemark Hoyts,Hoyts Unicenter,"Paraná 3745, Unicenter Shopping",Spider-Man: Un nuevo día,PREMIER 2D Subtitulada,15:10,,,,https://www.cinemark.com.ar/peliculas/spider-man-un-nuevo-dia
GBA Norte,Cinemark Hoyts,Hoyts Unicenter,"Paraná 3745, Unicenter Shopping",Spider-Man: Un nuevo día,4D 3D Doblada,15:40,,,,https://www.cinemark.com.ar/peliculas/spider-man-un-nuevo-dia
GBA Norte,Cinemark Hoyts,Hoyts Unicenter,"Paraná 3745, Unicenter Shopping",Spider-Man: Un nuevo día,2D Subtitulada,15:45,,,,https://www.cinemark.com.ar/peliculas/spider-man-un-nuevo-dia
GBA Norte,Cinemark Hoyts,Hoyts Unicenter,"Paraná 3745, Unicenter Shopping",Spider-Man: Un nuevo día,DBOX 2D Subtitulada,15:45,,,,https://www.cinemark.com.ar/peliculas/spider-man-un-nuevo-dia
GBA Norte,Cinemark Hoyts,Hoyts Unicenter,"Paraná 3745, Unicenter Shopping",Spider-Man: Un nuevo día,PREMIER 2D Subtitulada,18:30,,,,https://www.cinemark.com.ar/peliculas/spider-man-un-nuevo-dia
GBA Norte,Cinemark Hoyts,Hoyts Unicenter,"Paraná 3745, Unicenter Shopping",Spider-Man: Un nuevo día,4D 3D Doblada,18:45,,,,https://www.cinemark.com.ar/peliculas/spider-man-un-nuevo-dia
GBA Norte,Cinemark Hoyts,Hoyts Unicenter,"Paraná 3745, Unicenter Shopping",Spider-Man: Un nuevo día,3D Subtitulada,18:50,,,,https://www.cinemark.com.ar/peliculas/spider-man-un-nuevo-dia
GBA Norte,Cinemark Hoyts,Hoyts Unicenter,"Paraná 3745, Unicenter Shopping",Spider-Man: Un nuevo día,DBOX 3D Subtitulada,18:50,,,,https://www.cinemark.com.ar/peliculas/spider-man-un-nuevo-dia
GBA Norte,Cinemark Hoyts,Hoyts Unicenter,"Paraná 3745, Unicenter Shopping",Spider-Man: Un nuevo día,4D 3D Doblada,21:50,,,,https://www.cinemark.com.ar/peliculas/spider-man-un-nuevo-dia
GBA Norte,Cinemark Hoyts,Hoyts Unicenter,"Paraná 3745, Unicenter Shopping",Spider-Man: Un nuevo día,PREMIER 2D Subtitulada,22:00,,,,https://www.cinemark.com.ar/peliculas/spider-man-un-nuevo-dia
GBA Norte,Cinemark Hoyts,Hoyts Unicenter,"Paraná 3745, Unicenter Shopping",Spider-Man: Un nuevo día,2D Subtitulada,22:05,,,,https://www.cinemark.com.ar/peliculas/spider-man-un-nuevo-dia
GBA Norte,Cinemark Hoyts,Hoyts Unicenter,"Paraná 3745, Unicenter Shopping",Spider-Man: Un nuevo día,DBOX 2D Subtitulada,22:05,,,,https://www.cinemark.com.ar/peliculas/spider-man-un-nuevo-dia
GBA Norte,Cinemark Hoyts,Hoyts Unicenter,"Paraná 3745, Unicenter Shopping",TADEO EL EXPLORADOR Y LA LAMPARA,2D Doblada,12:45,,,,https://www.cinemark.com.ar/peliculas/tadeo-el-explorador-y-la-lampara-maravillosa
GBA Norte,Cinemark Hoyts,Hoyts Unicenter,"Paraná 3745, Unicenter Shopping",TADEO EL EXPLORADOR Y LA LAMPARA,2D Doblada,15:15,,,,https://www.cinemark.com.ar/peliculas/tadeo-el-explorador-y-la-lampara-maravillosa
GBA Norte,Cinemark Hoyts,Hoyts Unicenter,"Paraná 3745, Unicenter Shopping",TADEO EL EXPLORADOR Y LA LAMPARA,2D Doblada,17:35,,,,https://www.cinemark.com.ar/peliculas/tadeo-el-explorador-y-la-lampara-maravillosa
GBA Norte,Cinemark Hoyts,Hoyts Unicenter,"Paraná 3745, Unicenter Shopping",Terminator 2: El juicio final,2D Subtitulada,00:05,,,,https://www.cinemark.com.ar/peliculas/terminator-2-el-juicio-final-35-aniversario
GBA Norte,Cinemark Hoyts,Hoyts Unicenter,"Paraná 3745, Unicenter Shopping",Terminator 2: El juicio final,2D Subtitulada,22:40,,,,https://www.cinemark.com.ar/peliculas/terminator-2-el-juicio-final-35-aniversario
GBA Norte,Cinemark Hoyts,Hoyts Unicenter,"Paraná 3745, Unicenter Shopping",Toy Story 5,2D Doblada,13:15,,,,https://www.cinemark.com.ar/peliculas/toy-story-5
GBA Norte,Cinemark Hoyts,Hoyts Unicenter,"Paraná 3745, Unicenter Shopping",Toy Story 5,2D Doblada,15:35,,,,https://www.cinemark.com.ar/peliculas/toy-story-5
GBA Norte,Cinemark Hoyts,Hoyts Unicenter,"Paraná 3745, Unicenter Shopping",Toy Story 5,2D Doblada,17:50,,,,https://www.cinemark.com.ar/peliculas/toy-story-5
GBA Norte,Cinemark Hoyts,Hoyts Unicenter,"Paraná 3745, Unicenter Shopping",VOLVER AL FUTURO,2D Subtitulada,20:00,,,,https://www.cinemark.com.ar/peliculas/volver-al-futuro
GBA Norte,Cinemark Hoyts,Hoyts Unicenter,"Paraná 3745, Unicenter Shopping",Yo Narciso,2D Doblada,01:00,,,,https://www.cinemark.com.ar/peliculas/yo-narciso
GBA Norte,Cinemark Hoyts,Hoyts Unicenter,"Paraná 3745, Unicenter Shopping",Yo Narciso,2D Doblada,12:50,,,,https://www.cinemark.com.ar/peliculas/yo-narciso
GBA Norte,Cinemark Hoyts,Hoyts Unicenter,"Paraná 3745, Unicenter Shopping",Yo Narciso,2D Doblada,15:30,,,,https://www.cinemark.com.ar/peliculas/yo-narciso
GBA Norte,Cinemark Hoyts,Hoyts Unicenter,"Paraná 3745, Unicenter Shopping",Yo Narciso,2D Doblada,17:45,,,,https://www.cinemark.com.ar/peliculas/yo-narciso
GBA Norte,Cinemark Hoyts,Hoyts Unicenter,"Paraná 3745, Unicenter Shopping",Yo Narciso,2D Doblada,19:50,,,,https://www.cinemark.com.ar/peliculas/yo-narciso
GBA Norte,Cinemark Hoyts,Hoyts Unicenter,"Paraná 3745, Unicenter Shopping",Yo Narciso,2D Doblada,21:55,,,,https://www.cinemark.com.ar/peliculas/yo-narciso
GBA Norte,Multiplex,Multiplex Pilar,"Las Magnolias 754, Palmas del Pilar",Super Mario Galaxy: La Película,2D Doblada,15:10,,,,https://cartelera.ar/pelicula/super-mario-galaxy-la-pelicula
GBA Norte,Multiplex,Multiplex Pilar,"Las Magnolias 754, Palmas del Pilar",Michael,2D Doblada,22:00,,,,https://cartelera.ar/pelicula/michael
GBA Norte,Multiplex,Multiplex Pilar,"Las Magnolias 754, Palmas del Pilar",Obsesión,2D Subtitulada,18:10,,,,https://cartelera.ar/pelicula/obsesion
GBA Norte,Multiplex,Multiplex Pilar,"Las Magnolias 754, Palmas del Pilar",Afterburn (Zona cero),2D Doblada,22:40,,,,https://cartelera.ar/pelicula/afterburn-zona-cero
GBA Norte,Multiplex,Multiplex Pilar,"Las Magnolias 754, Palmas del Pilar",La Odisea,2D Subtitulada,13:30,,,,https://cartelera.ar/pelicula/la-odisea
GBA Norte,Multiplex,Multiplex Pilar,"Las Magnolias 754, Palmas del Pilar",La Odisea,2D Doblada,15:20,,,,https://cartelera.ar/pelicula/la-odisea
GBA Norte,Multiplex,Multiplex Pilar,"Las Magnolias 754, Palmas del Pilar",La Odisea,2D Subtitulada,18:50,,,,https://cartelera.ar/pelicula/la-odisea
GBA Norte,Multiplex,Multiplex Pilar,"Las Magnolias 754, Palmas del Pilar",La Odisea,2D Doblada,19:30,,,,https://cartelera.ar/pelicula/la-odisea
GBA Norte,Multiplex,Multiplex Pilar,"Las Magnolias 754, Palmas del Pilar",La Odisea,2D Subtitulada,22:10,,,,https://cartelera.ar/pelicula/la-odisea
GBA Norte,Multiplex,Multiplex Pilar,"Las Magnolias 754, Palmas del Pilar",Spider-Man: Un nuevo día,2D Doblada,12:10,,,,https://cartelera.ar/pelicula/spider-man-un-nuevo-dia
GBA Norte,Multiplex,Multiplex Pilar,"Las Magnolias 754, Palmas del Pilar",Spider-Man: Un nuevo día,2D Doblada,15:00,,,,https://cartelera.ar/pelicula/spider-man-un-nuevo-dia
GBA Norte,Multiplex,Multiplex Pilar,"Las Magnolias 754, Palmas del Pilar",Spider-Man: Un nuevo día,2D Doblada,16:40,,,,https://cartelera.ar/pelicula/spider-man-un-nuevo-dia
GBA Norte,Multiplex,Multiplex Pilar,"Las Magnolias 754, Palmas del Pilar",Spider-Man: Un nuevo día,2D Doblada,17:50,,,,https://cartelera.ar/pelicula/spider-man-un-nuevo-dia
GBA Norte,Multiplex,Multiplex Pilar,"Las Magnolias 754, Palmas del Pilar",Spider-Man: Un nuevo día,2D Doblada,19:30,,,,https://cartelera.ar/pelicula/spider-man-un-nuevo-dia
GBA Norte,Multiplex,Multiplex Pilar,"Las Magnolias 754, Palmas del Pilar",Spider-Man: Un nuevo día,2D Doblada,22:20,,,,https://cartelera.ar/pelicula/spider-man-un-nuevo-dia
GBA Norte,Multiplex,Multiplex Pilar,"Las Magnolias 754, Palmas del Pilar",Toy Story 5,2D Doblada,13:10,,,,https://cartelera.ar/pelicula/toy-story-5
GBA Norte,Multiplex,Multiplex Pilar,"Las Magnolias 754, Palmas del Pilar",Toy Story 5,2D Doblada,17:20,,,,https://cartelera.ar/pelicula/toy-story-5
GBA Norte,Multiplex,Multiplex Pilar,"Las Magnolias 754, Palmas del Pilar",Scary Movie,2D Doblada,22:50,,,,https://cartelera.ar/pelicula/scary-movie
GBA Norte,Multiplex,Multiplex Pilar,"Las Magnolias 754, Palmas del Pilar",Backrooms,2D Doblada,23:00,,,,https://cartelera.ar/pelicula/backrooms
GBA Norte,Multiplex,Multiplex Pilar,"Las Magnolias 754, Palmas del Pilar",Minions & monstruos,2D Doblada,12:20,,,,https://cartelera.ar/pelicula/minions-monstruos
GBA Norte,Multiplex,Multiplex Pilar,"Las Magnolias 754, Palmas del Pilar",Minions & monstruos,2D Doblada,14:10,,,,https://cartelera.ar/pelicula/minions-monstruos
GBA Norte,Multiplex,Multiplex Pilar,"Las Magnolias 754, Palmas del Pilar",Una quinta en Portugal,2D Subtitulada,15:50,,,,https://cartelera.ar/pelicula/una-quinta-en-portugal
GBA Norte,Multiplex,Multiplex Pilar,"Las Magnolias 754, Palmas del Pilar",PAW Patrol: La Dino Película,2D Doblada,13:00,,,,https://cartelera.ar/pelicula/paw-patrol-la-dino-pelicula
GBA Norte,Multiplex,Multiplex Pilar,"Las Magnolias 754, Palmas del Pilar",PAW Patrol: La Dino Película,2D Doblada,14:50,,,,https://cartelera.ar/pelicula/paw-patrol-la-dino-pelicula
GBA Norte,Multiplex,Multiplex Pilar,"Las Magnolias 754, Palmas del Pilar",La noche del demonio: Están entre nosotros,2D Doblada,20:50,,,,https://cartelera.ar/pelicula/la-noche-del-demonio-estan-entre-nosotros
GBA Norte,Multiplex,Multiplex Pilar,"Las Magnolias 754, Palmas del Pilar",La noche del demonio: Están entre nosotros,2D Doblada,23:10,,,,https://cartelera.ar/pelicula/la-noche-del-demonio-estan-entre-nosotros
GBA Norte,Multiplex,Multiplex Pilar,"Las Magnolias 754, Palmas del Pilar",Hechizo de amor: La magia continúa,2D Doblada,14:30,,,,https://cartelera.ar/pelicula/hechizo-de-amor-la-magia-continua
GBA Norte,Multiplex,Multiplex Pilar,"Las Magnolias 754, Palmas del Pilar",Hechizo de amor: La magia continúa,2D Subtitulada,16:50,,,,https://cartelera.ar/pelicula/hechizo-de-amor-la-magia-continua
GBA Norte,Multiplex,Multiplex Pilar,"Las Magnolias 754, Palmas del Pilar",Hechizo de amor: La magia continúa,2D Subtitulada,20:20,,,,https://cartelera.ar/pelicula/hechizo-de-amor-la-magia-continua
GBA Norte,Multiplex,Multiplex Pilar,"Las Magnolias 754, Palmas del Pilar",Código: Venganza,2D Doblada,21:00,,,,https://cartelera.ar/pelicula/codigo-venganza
GBA Norte,Multiplex,Multiplex Pilar,"Las Magnolias 754, Palmas del Pilar",Pepita la Pistolera,2D Doblada,13:40,,,,https://cartelera.ar/pelicula/pepita-la-pistolera
GBA Norte,Multiplex,Multiplex Pilar,"Las Magnolias 754, Palmas del Pilar",Pepita la Pistolera,2D Doblada,18:20,,,,https://cartelera.ar/pelicula/pepita-la-pistolera
GBA Norte,Multiplex,Multiplex Pilar,"Las Magnolias 754, Palmas del Pilar",Pepita la Pistolera,2D Doblada,20:30,,,,https://cartelera.ar/pelicula/pepita-la-pistolera
GBA Norte,Multiplex,Multiplex Pilar,"Las Magnolias 754, Palmas del Pilar",Ice Cream Man,2D Doblada,18:30,,,,https://cartelera.ar/pelicula/ice-cream-man
GBA Norte,Multiplex,Multiplex Pilar,"Las Magnolias 754, Palmas del Pilar",Ice Cream Man,2D Doblada,23:00,,,,https://cartelera.ar/pelicula/ice-cream-man
GBA Norte,Multiplex,Multiplex Pilar,"Las Magnolias 754, Palmas del Pilar",Coyote vs. Acme,2D Doblada,12:00,,,,https://cartelera.ar/pelicula/coyote-vs-acme
GBA Norte,Multiplex,Multiplex Pilar,"Las Magnolias 754, Palmas del Pilar",Coyote vs. Acme,2D Doblada,14:10,,,,https://cartelera.ar/pelicula/coyote-vs-acme
GBA Norte,Multiplex,Multiplex Pilar,"Las Magnolias 754, Palmas del Pilar",Coyote vs. Acme,2D Doblada,16:20,,,,https://cartelera.ar/pelicula/coyote-vs-acme
GBA Norte,Multiplex,Multiplex Pilar,"Las Magnolias 754, Palmas del Pilar",Coyote vs. Acme,2D Doblada,18:40,,,,https://cartelera.ar/pelicula/coyote-vs-acme
GBA Norte,Multiplex,Multiplex Pilar,"Las Magnolias 754, Palmas del Pilar",Yo Narciso,2D Doblada,16:00,,,,https://cartelera.ar/pelicula/yo-narciso
GBA Norte,Multiplex,Multiplex Pilar,"Las Magnolias 754, Palmas del Pilar",Yo Narciso,2D Doblada,18:00,,,,https://cartelera.ar/pelicula/yo-narciso
GBA Norte,Multiplex,Multiplex Pilar,"Las Magnolias 754, Palmas del Pilar",Yo Narciso,2D Doblada,20:00,,,,https://cartelera.ar/pelicula/yo-narciso
GBA Norte,Multiplex,Multiplex Pilar,"Las Magnolias 754, Palmas del Pilar",Oasis: Dont Look Back In Anger,2D Subtitulada,20:30,,,,https://cartelera.ar/pelicula/oasis-dont-look-back-in-anger
GBA Norte,Multiplex,Multiplex Pilar,"Las Magnolias 754, Palmas del Pilar",Oasis: Dont Look Back In Anger,2D Subtitulada,22:30,,,,https://cartelera.ar/pelicula/oasis-dont-look-back-in-anger
GBA Norte,Multiplex,Multiplex Pilar,"Las Magnolias 754, Palmas del Pilar",Tadeo : El Explorador Y La Lampara Maravillosa,2D Doblada,12:30,,,,https://cartelera.ar/pelicula/tadeo-el-explorador-y-la-lampara-maravillosa
GBA Norte,Multiplex,Multiplex Pilar,"Las Magnolias 754, Palmas del Pilar",Tadeo : El Explorador Y La Lampara Maravillosa,2D Doblada,16:30,,,,https://cartelera.ar/pelicula/tadeo-el-explorador-y-la-lampara-maravillosa
CABA,Cinemark Hoyts,Hoyts Abasto,"Av. Corrientes 3247, Abasto Shopping",AKIRA (1988),2D Subtitulada,19:30,,,,https://www.cinemark.com.ar/peliculas/akira-1988
CABA,Cinemark Hoyts,Hoyts Abasto,"Av. Corrientes 3247, Abasto Shopping",CÓDIGO: VENGANZA,2D Doblada,12:50,,,,https://www.cinemark.com.ar/peliculas/codigo-venganza
CABA,Cinemark Hoyts,Hoyts Abasto,"Av. Corrientes 3247, Abasto Shopping",CÓDIGO: VENGANZA,2D Doblada,17:40,,,,https://www.cinemark.com.ar/peliculas/codigo-venganza
CABA,Cinemark Hoyts,Hoyts Abasto,"Av. Corrientes 3247, Abasto Shopping",CÓDIGO: VENGANZA,2D Doblada,22:40,,,,https://www.cinemark.com.ar/peliculas/codigo-venganza
CABA,Cinemark Hoyts,Hoyts Abasto,"Av. Corrientes 3247, Abasto Shopping",Colony,2D Doblada,15:40,,,,https://www.cinemark.com.ar/peliculas/colony-zona-cero
CABA,Cinemark Hoyts,Hoyts Abasto,"Av. Corrientes 3247, Abasto Shopping",Colony,2D Doblada,20:30,,,,https://www.cinemark.com.ar/peliculas/colony-zona-cero
CABA,Cinemark Hoyts,Hoyts Abasto,"Av. Corrientes 3247, Abasto Shopping",CORALINE,3D Doblada,18:00,,,,https://www.cinemark.com.ar/peliculas/coraline-y-la-puerta-secreta
CABA,Cinemark Hoyts,Hoyts Abasto,"Av. Corrientes 3247, Abasto Shopping",Coyote vs. Acme,2D Doblada,12:30,,,,https://www.cinemark.com.ar/peliculas/coyote-vs-acme
CABA,Cinemark Hoyts,Hoyts Abasto,"Av. Corrientes 3247, Abasto Shopping",Coyote vs. Acme,DBOX 2D Doblada,12:30,,,,https://www.cinemark.com.ar/peliculas/coyote-vs-acme
CABA,Cinemark Hoyts,Hoyts Abasto,"Av. Corrientes 3247, Abasto Shopping",Coyote vs. Acme,2D Doblada,15:00,,,,https://www.cinemark.com.ar/peliculas/coyote-vs-acme
CABA,Cinemark Hoyts,Hoyts Abasto,"Av. Corrientes 3247, Abasto Shopping",Coyote vs. Acme,DBOX 2D Doblada,15:00,,,,https://www.cinemark.com.ar/peliculas/coyote-vs-acme
CABA,Cinemark Hoyts,Hoyts Abasto,"Av. Corrientes 3247, Abasto Shopping",Coyote vs. Acme,2D Doblada,17:30,,,,https://www.cinemark.com.ar/peliculas/coyote-vs-acme
CABA,Cinemark Hoyts,Hoyts Abasto,"Av. Corrientes 3247, Abasto Shopping",Coyote vs. Acme,DBOX 2D Doblada,17:30,,,,https://www.cinemark.com.ar/peliculas/coyote-vs-acme
CABA,Cinemark Hoyts,Hoyts Abasto,"Av. Corrientes 3247, Abasto Shopping",Coyote vs. Acme,2D Doblada,20:00,,,,https://www.cinemark.com.ar/peliculas/coyote-vs-acme
CABA,Cinemark Hoyts,Hoyts Abasto,"Av. Corrientes 3247, Abasto Shopping",Coyote vs. Acme,DBOX 2D Doblada,20:00,,,,https://www.cinemark.com.ar/peliculas/coyote-vs-acme
CABA,Cinemark Hoyts,Hoyts Abasto,"Av. Corrientes 3247, Abasto Shopping",Coyote vs. Acme,2D Doblada,22:30,,,,https://www.cinemark.com.ar/peliculas/coyote-vs-acme
CABA,Cinemark Hoyts,Hoyts Abasto,"Av. Corrientes 3247, Abasto Shopping",Coyote vs. Acme,DBOX 2D Doblada,22:30,,,,https://www.cinemark.com.ar/peliculas/coyote-vs-acme
CABA,Cinemark Hoyts,Hoyts Abasto,"Av. Corrientes 3247, Abasto Shopping",El Diablo Viste A La Moda 2,2D Doblada,20:20,,,,https://www.cinemark.com.ar/peliculas/el-diablo-viste-a-la-moda-2
CABA,Cinemark Hoyts,Hoyts Abasto,"Av. Corrientes 3247, Abasto Shopping",El Final de la Calle Oak,2D Doblada,15:20,,,,https://www.cinemark.com.ar/peliculas/el-final-de-la-calle-oak
CABA,Cinemark Hoyts,Hoyts Abasto,"Av. Corrientes 3247, Abasto Shopping",EL HELADERO,2D Doblada,13:30,,,,https://www.cinemark.com.ar/peliculas/el-heladero-dulce-sabor-a-muerte
CABA,Cinemark Hoyts,Hoyts Abasto,"Av. Corrientes 3247, Abasto Shopping",EL HELADERO,2D Doblada,18:20,,,,https://www.cinemark.com.ar/peliculas/el-heladero-dulce-sabor-a-muerte
CABA,Cinemark Hoyts,Hoyts Abasto,"Av. Corrientes 3247, Abasto Shopping",EL HELADERO,2D Doblada,23:10,,,,https://www.cinemark.com.ar/peliculas/el-heladero-dulce-sabor-a-muerte
CABA,Cinemark Hoyts,Hoyts Abasto,"Av. Corrientes 3247, Abasto Shopping",HECHIZO DE AMOR: LA MAGIA CONTINUA,2D Doblada,13:10,,,,https://www.cinemark.com.ar/peliculas/hechizo-de-amor-la-magia-continua
CABA,Cinemark Hoyts,Hoyts Abasto,"Av. Corrientes 3247, Abasto Shopping",HECHIZO DE AMOR: LA MAGIA CONTINUA,2D Doblada,16:00,,,,https://www.cinemark.com.ar/peliculas/hechizo-de-amor-la-magia-continua
CABA,Cinemark Hoyts,Hoyts Abasto,"Av. Corrientes 3247, Abasto Shopping",HECHIZO DE AMOR: LA MAGIA CONTINUA,2D Doblada,19:00,,,,https://www.cinemark.com.ar/peliculas/hechizo-de-amor-la-magia-continua
CABA,Cinemark Hoyts,Hoyts Abasto,"Av. Corrientes 3247, Abasto Shopping",HECHIZO DE AMOR: LA MAGIA CONTINUA,2D Doblada,22:00,,,,https://www.cinemark.com.ar/peliculas/hechizo-de-amor-la-magia-continua
CABA,Cinemark Hoyts,Hoyts Abasto,"Av. Corrientes 3247, Abasto Shopping",Insidious: Fuera del más allá,2D Doblada,12:30,,,,https://www.cinemark.com.ar/peliculas/la-noche-del-demonio-estan-entre-nosotros
CABA,Cinemark Hoyts,Hoyts Abasto,"Av. Corrientes 3247, Abasto Shopping",Insidious: Fuera del más allá,DBOX 2D Doblada,12:30,,,,https://www.cinemark.com.ar/peliculas/la-noche-del-demonio-estan-entre-nosotros
CABA,Cinemark Hoyts,Hoyts Abasto,"Av. Corrientes 3247, Abasto Shopping",Insidious: Fuera del más allá,2D Doblada,15:00,,,,https://www.cinemark.com.ar/peliculas/la-noche-del-demonio-estan-entre-nosotros
CABA,Cinemark Hoyts,Hoyts Abasto,"Av. Corrientes 3247, Abasto Shopping",Insidious: Fuera del más allá,DBOX 2D Doblada,15:00,,,,https://www.cinemark.com.ar/peliculas/la-noche-del-demonio-estan-entre-nosotros
CABA,Cinemark Hoyts,Hoyts Abasto,"Av. Corrientes 3247, Abasto Shopping",Insidious: Fuera del más allá,2D Doblada,17:30,,,,https://www.cinemark.com.ar/peliculas/la-noche-del-demonio-estan-entre-nosotros
CABA,Cinemark Hoyts,Hoyts Abasto,"Av. Corrientes 3247, Abasto Shopping",Insidious: Fuera del más allá,DBOX 2D Doblada,17:30,,,,https://www.cinemark.com.ar/peliculas/la-noche-del-demonio-estan-entre-nosotros
CABA,Cinemark Hoyts,Hoyts Abasto,"Av. Corrientes 3247, Abasto Shopping",Insidious: Fuera del más allá,2D Doblada,20:00,,,,https://www.cinemark.com.ar/peliculas/la-noche-del-demonio-estan-entre-nosotros
CABA,Cinemark Hoyts,Hoyts Abasto,"Av. Corrientes 3247, Abasto Shopping",Insidious: Fuera del más allá,DBOX 2D Doblada,20:00,,,,https://www.cinemark.com.ar/peliculas/la-noche-del-demonio-estan-entre-nosotros
CABA,Cinemark Hoyts,Hoyts Abasto,"Av. Corrientes 3247, Abasto Shopping",Insidious: Fuera del más allá,2D Doblada,22:30,,,,https://www.cinemark.com.ar/peliculas/la-noche-del-demonio-estan-entre-nosotros
CABA,Cinemark Hoyts,Hoyts Abasto,"Av. Corrientes 3247, Abasto Shopping",Insidious: Fuera del más allá,DBOX 2D Doblada,22:30,,,,https://www.cinemark.com.ar/peliculas/la-noche-del-demonio-estan-entre-nosotros
CABA,Cinemark Hoyts,Hoyts Abasto,"Av. Corrientes 3247, Abasto Shopping",Insidious: Fuera del más allá,2D Doblada,23:00,,,,https://www.cinemark.com.ar/peliculas/la-noche-del-demonio-estan-entre-nosotros
CABA,Cinemark Hoyts,Hoyts Abasto,"Av. Corrientes 3247, Abasto Shopping",La Odisea,2D Subtitulada,12:00,,,,https://www.cinemark.com.ar/peliculas/la-odisea
CABA,Cinemark Hoyts,Hoyts Abasto,"Av. Corrientes 3247, Abasto Shopping",La Odisea,2D Subtitulada,15:35,,,,https://www.cinemark.com.ar/peliculas/la-odisea
CABA,Cinemark Hoyts,Hoyts Abasto,"Av. Corrientes 3247, Abasto Shopping",La Odisea,2D Subtitulada,19:10,,,,https://www.cinemark.com.ar/peliculas/la-odisea
CABA,Cinemark Hoyts,Hoyts Abasto,"Av. Corrientes 3247, Abasto Shopping",La Odisea,2D Subtitulada,22:45,,,,https://www.cinemark.com.ar/peliculas/la-odisea
CABA,Cinemark Hoyts,Hoyts Abasto,"Av. Corrientes 3247, Abasto Shopping",LOS BOXTROLLS,2D Doblada,13:00,,,,https://www.cinemark.com.ar/peliculas/los-boxtrolls
CABA,Cinemark Hoyts,Hoyts Abasto,"Av. Corrientes 3247, Abasto Shopping",Michael,2D Subtitulada,19:50,,,,https://www.cinemark.com.ar/peliculas/michael
CABA,Cinemark Hoyts,Hoyts Abasto,"Av. Corrientes 3247, Abasto Shopping",OASIS: DON´T LOOK BACK IN ANGER,2D Subtitulada,20:00,,,,https://www.cinemark.com.ar/peliculas/oasis-don-t-look-back-in-anger
CABA,Cinemark Hoyts,Hoyts Abasto,"Av. Corrientes 3247, Abasto Shopping",OASIS: DON´T LOOK BACK IN ANGER,2D Subtitulada,22:30,,,,https://www.cinemark.com.ar/peliculas/oasis-don-t-look-back-in-anger
CABA,Cinemark Hoyts,Hoyts Abasto,"Av. Corrientes 3247, Abasto Shopping",PARANORMAN,2D Doblada,15:20,,,,https://www.cinemark.com.ar/peliculas/paranorman
CABA,Cinemark Hoyts,Hoyts Abasto,"Av. Corrientes 3247, Abasto Shopping",PAW Patrol: La Dino Película,2D Doblada,12:00,,,,https://www.cinemark.com.ar/peliculas/paw-patrol-la-dino-pelicula
CABA,Cinemark Hoyts,Hoyts Abasto,"Av. Corrientes 3247, Abasto Shopping",Pepita la Pistolera,2D Doblada,15:00,,,,https://www.cinemark.com.ar/peliculas/pepita-la-pistolera
CABA,Cinemark Hoyts,Hoyts Abasto,"Av. Corrientes 3247, Abasto Shopping",Pepita la Pistolera,2D Doblada,19:45,,,,https://www.cinemark.com.ar/peliculas/pepita-la-pistolera
CABA,Cinemark Hoyts,Hoyts Abasto,"Av. Corrientes 3247, Abasto Shopping",PMMM LA PELICULA PARTE 2,2D Subtitulada,17:00,,,,https://www.cinemark.com.ar/peliculas/puella-magi-madoka-magica-la-pelicula-parte-2
CABA,Cinemark Hoyts,Hoyts Abasto,"Av. Corrientes 3247, Abasto Shopping",RÁPIDO Y FURIOSO: 25 ANIVERSARIO,2D Doblada,14:30,,,,https://www.cinemark.com.ar/peliculas/rapido-y-furioso-25-aniversario
CABA,Cinemark Hoyts,Hoyts Abasto,"Av. Corrientes 3247, Abasto Shopping",SHREK 25 ANIVERSARIO,2D Doblada,17:50,,,,https://www.cinemark.com.ar/peliculas/shrek-25-aniversario
CABA,Cinemark Hoyts,Hoyts Abasto,"Av. Corrientes 3247, Abasto Shopping",Spider-Man: Un nuevo día,2D Doblada,12:40,,,,https://www.cinemark.com.ar/peliculas/spider-man-un-nuevo-dia
CABA,Cinemark Hoyts,Hoyts Abasto,"Av. Corrientes 3247, Abasto Shopping",Spider-Man: Un nuevo día,DBOX 2D Doblada,12:40,,,,https://www.cinemark.com.ar/peliculas/spider-man-un-nuevo-dia
CABA,Cinemark Hoyts,Hoyts Abasto,"Av. Corrientes 3247, Abasto Shopping",Spider-Man: Un nuevo día,2D Doblada,15:50,,,,https://www.cinemark.com.ar/peliculas/spider-man-un-nuevo-dia
CABA,Cinemark Hoyts,Hoyts Abasto,"Av. Corrientes 3247, Abasto Shopping",Spider-Man: Un nuevo día,DBOX 2D Doblada,15:50,,,,https://www.cinemark.com.ar/peliculas/spider-man-un-nuevo-dia
CABA,Cinemark Hoyts,Hoyts Abasto,"Av. Corrientes 3247, Abasto Shopping",Spider-Man: Un nuevo día,2D Doblada,19:00,,,,https://www.cinemark.com.ar/peliculas/spider-man-un-nuevo-dia
CABA,Cinemark Hoyts,Hoyts Abasto,"Av. Corrientes 3247, Abasto Shopping",Spider-Man: Un nuevo día,DBOX 2D Doblada,19:00,,,,https://www.cinemark.com.ar/peliculas/spider-man-un-nuevo-dia
CABA,Cinemark Hoyts,Hoyts Abasto,"Av. Corrientes 3247, Abasto Shopping",Spider-Man: Un nuevo día,2D Doblada,22:10,,,,https://www.cinemark.com.ar/peliculas/spider-man-un-nuevo-dia
CABA,Cinemark Hoyts,Hoyts Abasto,"Av. Corrientes 3247, Abasto Shopping",Spider-Man: Un nuevo día,DBOX 2D Doblada,22:10,,,,https://www.cinemark.com.ar/peliculas/spider-man-un-nuevo-dia
CABA,Cinemark Hoyts,Hoyts Abasto,"Av. Corrientes 3247, Abasto Shopping",Spider-Man: Un nuevo día,2D Doblada,23:00,,,,https://www.cinemark.com.ar/peliculas/spider-man-un-nuevo-dia
CABA,Cinemark Hoyts,Hoyts Abasto,"Av. Corrientes 3247, Abasto Shopping",TADEO EL EXPLORADOR Y LA LAMPARA,2D Doblada,12:50,,,,https://www.cinemark.com.ar/peliculas/tadeo-el-explorador-y-la-lampara-maravillosa
CABA,Cinemark Hoyts,Hoyts Abasto,"Av. Corrientes 3247, Abasto Shopping",TADEO EL EXPLORADOR Y LA LAMPARA,2D Doblada,15:10,,,,https://www.cinemark.com.ar/peliculas/tadeo-el-explorador-y-la-lampara-maravillosa
CABA,Cinemark Hoyts,Hoyts Abasto,"Av. Corrientes 3247, Abasto Shopping",TADEO EL EXPLORADOR Y LA LAMPARA,2D Doblada,17:30,,,,https://www.cinemark.com.ar/peliculas/tadeo-el-explorador-y-la-lampara-maravillosa
CABA,Cinemark Hoyts,Hoyts Abasto,"Av. Corrientes 3247, Abasto Shopping",Terminator 2: El juicio final,2D Doblada,22:50,,,,https://www.cinemark.com.ar/peliculas/terminator-2-el-juicio-final-35-aniversario
CABA,Cinemark Hoyts,Hoyts Abasto,"Av. Corrientes 3247, Abasto Shopping",Toy Story 5,2D Doblada,13:10,,,,https://www.cinemark.com.ar/peliculas/toy-story-5
CABA,Cinemark Hoyts,Hoyts Abasto,"Av. Corrientes 3247, Abasto Shopping",Toy Story 5,2D Doblada,15:30,,,,https://www.cinemark.com.ar/peliculas/toy-story-5
CABA,Cinemark Hoyts,Hoyts Abasto,"Av. Corrientes 3247, Abasto Shopping",VOLVER AL FUTURO,2D Subtitulada,20:00,,,,https://www.cinemark.com.ar/peliculas/volver-al-futuro
CABA,Cinemark Hoyts,Hoyts Abasto,"Av. Corrientes 3247, Abasto Shopping",Yo Narciso,2D Doblada,12:40,,,,https://www.cinemark.com.ar/peliculas/yo-narciso
CABA,Cinemark Hoyts,Hoyts Abasto,"Av. Corrientes 3247, Abasto Shopping",Yo Narciso,2D Doblada,17:30,,,,https://www.cinemark.com.ar/peliculas/yo-narciso
CABA,Cinemark Hoyts,Hoyts Abasto,"Av. Corrientes 3247, Abasto Shopping",Yo Narciso,2D Doblada,22:10,,,,https://www.cinemark.com.ar/peliculas/yo-narciso
CABA,Cinemark Hoyts,Hoyts Dot Baires,"Vedia 3626, Dot Baires Mall, Saavedra",CÓDIGO: VENGANZA,2D Subtitulada,17:00,,,,https://www.cinemark.com.ar/peliculas/codigo-venganza
CABA,Cinemark Hoyts,Hoyts Dot Baires,"Vedia 3626, Dot Baires Mall, Saavedra",CÓDIGO: VENGANZA,2D Subtitulada,22:20,,,,https://www.cinemark.com.ar/peliculas/codigo-venganza
CABA,Cinemark Hoyts,Hoyts Dot Baires,"Vedia 3626, Dot Baires Mall, Saavedra",CORALINE,3D Doblada,18:00,,,,https://www.cinemark.com.ar/peliculas/coraline-y-la-puerta-secreta
CABA,Cinemark Hoyts,Hoyts Dot Baires,"Vedia 3626, Dot Baires Mall, Saavedra",Coyote vs. Acme,2D Doblada,13:00,,,,https://www.cinemark.com.ar/peliculas/coyote-vs-acme
CABA,Cinemark Hoyts,Hoyts Dot Baires,"Vedia 3626, Dot Baires Mall, Saavedra",Coyote vs. Acme,2D Doblada,15:30,,,,https://www.cinemark.com.ar/peliculas/coyote-vs-acme
CABA,Cinemark Hoyts,Hoyts Dot Baires,"Vedia 3626, Dot Baires Mall, Saavedra",Coyote vs. Acme,2D Doblada,17:20,,,,https://www.cinemark.com.ar/peliculas/coyote-vs-acme
CABA,Cinemark Hoyts,Hoyts Dot Baires,"Vedia 3626, Dot Baires Mall, Saavedra",Coyote vs. Acme,2D Doblada,20:20,,,,https://www.cinemark.com.ar/peliculas/coyote-vs-acme
CABA,Cinemark Hoyts,Hoyts Dot Baires,"Vedia 3626, Dot Baires Mall, Saavedra",EL HELADERO,2D Subtitulada,15:00,,,,https://www.cinemark.com.ar/peliculas/el-heladero-dulce-sabor-a-muerte
CABA,Cinemark Hoyts,Hoyts Dot Baires,"Vedia 3626, Dot Baires Mall, Saavedra",EL HELADERO,2D Subtitulada,23:10,,,,https://www.cinemark.com.ar/peliculas/el-heladero-dulce-sabor-a-muerte
CABA,Cinemark Hoyts,Hoyts Dot Baires,"Vedia 3626, Dot Baires Mall, Saavedra",HECHIZO DE AMOR: LA MAGIA CONTINUA,2D Subtitulada,16:00,,,,https://www.cinemark.com.ar/peliculas/hechizo-de-amor-la-magia-continua
CABA,Cinemark Hoyts,Hoyts Dot Baires,"Vedia 3626, Dot Baires Mall, Saavedra",HECHIZO DE AMOR: LA MAGIA CONTINUA,2D Subtitulada,19:00,,,,https://www.cinemark.com.ar/peliculas/hechizo-de-amor-la-magia-continua
CABA,Cinemark Hoyts,Hoyts Dot Baires,"Vedia 3626, Dot Baires Mall, Saavedra",HECHIZO DE AMOR: LA MAGIA CONTINUA,2D Subtitulada,22:00,,,,https://www.cinemark.com.ar/peliculas/hechizo-de-amor-la-magia-continua
CABA,Cinemark Hoyts,Hoyts Dot Baires,"Vedia 3626, Dot Baires Mall, Saavedra",Insidious: Fuera del más allá,2D Subtitulada,23:00,,,,https://www.cinemark.com.ar/peliculas/la-noche-del-demonio-estan-entre-nosotros
CABA,Cinemark Hoyts,Hoyts Dot Baires,"Vedia 3626, Dot Baires Mall, Saavedra",La Odisea,PREMIER 2D Subtitulada,13:20,,,,https://www.cinemark.com.ar/peliculas/la-odisea
CABA,Cinemark Hoyts,Hoyts Dot Baires,"Vedia 3626, Dot Baires Mall, Saavedra",La Odisea,PREMIER 2D Subtitulada,17:00,,,,https://www.cinemark.com.ar/peliculas/la-odisea
CABA,Cinemark Hoyts,Hoyts Dot Baires,"Vedia 3626, Dot Baires Mall, Saavedra",La Odisea,2D Subtitulada,19:10,,,,https://www.cinemark.com.ar/peliculas/la-odisea
CABA,Cinemark Hoyts,Hoyts Dot Baires,"Vedia 3626, Dot Baires Mall, Saavedra",La Odisea,PREMIER 2D Subtitulada,21:30,,,,https://www.cinemark.com.ar/peliculas/la-odisea
CABA,Cinemark Hoyts,Hoyts Dot Baires,"Vedia 3626, Dot Baires Mall, Saavedra",La Odisea,XD 2D Subtitulada,22:10,,,,https://www.cinemark.com.ar/peliculas/la-odisea
CABA,Cinemark Hoyts,Hoyts Dot Baires,"Vedia 3626, Dot Baires Mall, Saavedra",OASIS: DON´T LOOK BACK IN ANGER,2D Subtitulada,16:20,,,,https://www.cinemark.com.ar/peliculas/oasis-don-t-look-back-in-anger
CABA,Cinemark Hoyts,Hoyts Dot Baires,"Vedia 3626, Dot Baires Mall, Saavedra",OASIS: DON´T LOOK BACK IN ANGER,2D Subtitulada,20:00,,,,https://www.cinemark.com.ar/peliculas/oasis-don-t-look-back-in-anger
CABA,Cinemark Hoyts,Hoyts Dot Baires,"Vedia 3626, Dot Baires Mall, Saavedra",PAW Patrol: La Dino Película,2D Doblada,12:40,,,,https://www.cinemark.com.ar/peliculas/paw-patrol-la-dino-pelicula
CABA,Cinemark Hoyts,Hoyts Dot Baires,"Vedia 3626, Dot Baires Mall, Saavedra",Pepita la Pistolera,PREMIER 2D Doblada,15:00,,,,https://www.cinemark.com.ar/peliculas/pepita-la-pistolera
CABA,Cinemark Hoyts,Hoyts Dot Baires,"Vedia 3626, Dot Baires Mall, Saavedra",Pepita la Pistolera,PREMIER 2D Doblada,20:00,,,,https://www.cinemark.com.ar/peliculas/pepita-la-pistolera
CABA,Cinemark Hoyts,Hoyts Dot Baires,"Vedia 3626, Dot Baires Mall, Saavedra",RÁPIDO Y FURIOSO: 25 ANIVERSARIO,2D Doblada,13:20,,,,https://www.cinemark.com.ar/peliculas/rapido-y-furioso-25-aniversario
CABA,Cinemark Hoyts,Hoyts Dot Baires,"Vedia 3626, Dot Baires Mall, Saavedra",SHREK 25 ANIVERSARIO,2D Doblada,13:50,,,,https://www.cinemark.com.ar/peliculas/shrek-25-aniversario
CABA,Cinemark Hoyts,Hoyts Dot Baires,"Vedia 3626, Dot Baires Mall, Saavedra",Spider-Man: Un nuevo día,4D 3D Subtitulada,12:00,,,,https://www.cinemark.com.ar/peliculas/spider-man-un-nuevo-dia
CABA,Cinemark Hoyts,Hoyts Dot Baires,"Vedia 3626, Dot Baires Mall, Saavedra",Spider-Man: Un nuevo día,XD 2D Doblada,12:20,,,,https://www.cinemark.com.ar/peliculas/spider-man-un-nuevo-dia
CABA,Cinemark Hoyts,Hoyts Dot Baires,"Vedia 3626, Dot Baires Mall, Saavedra",Spider-Man: Un nuevo día,4D 3D Subtitulada,15:10,,,,https://www.cinemark.com.ar/peliculas/spider-man-un-nuevo-dia
CABA,Cinemark Hoyts,Hoyts Dot Baires,"Vedia 3626, Dot Baires Mall, Saavedra",Spider-Man: Un nuevo día,XD 2D Subtitulada,15:40,,,,https://www.cinemark.com.ar/peliculas/spider-man-un-nuevo-dia
CABA,Cinemark Hoyts,Hoyts Dot Baires,"Vedia 3626, Dot Baires Mall, Saavedra",Spider-Man: Un nuevo día,4D 3D Subtitulada,18:20,,,,https://www.cinemark.com.ar/peliculas/spider-man-un-nuevo-dia
CABA,Cinemark Hoyts,Hoyts Dot Baires,"Vedia 3626, Dot Baires Mall, Saavedra",Spider-Man: Un nuevo día,XD 2D Subtitulada,18:50,,,,https://www.cinemark.com.ar/peliculas/spider-man-un-nuevo-dia
CABA,Cinemark Hoyts,Hoyts Dot Baires,"Vedia 3626, Dot Baires Mall, Saavedra",Spider-Man: Un nuevo día,4D 3D Subtitulada,21:40,,,,https://www.cinemark.com.ar/peliculas/spider-man-un-nuevo-dia
CABA,Cinemark Hoyts,Hoyts Dot Baires,"Vedia 3626, Dot Baires Mall, Saavedra",Spider-Man: Un nuevo día,2D Subtitulada,22:50,,,,https://www.cinemark.com.ar/peliculas/spider-man-un-nuevo-dia
CABA,Cinemark Hoyts,Hoyts Dot Baires,"Vedia 3626, Dot Baires Mall, Saavedra",TADEO EL EXPLORADOR Y LA LAMPARA,2D Doblada,12:30,,,,https://www.cinemark.com.ar/peliculas/tadeo-el-explorador-y-la-lampara-maravillosa
CABA,Cinemark Hoyts,Hoyts Dot Baires,"Vedia 3626, Dot Baires Mall, Saavedra",TADEO EL EXPLORADOR Y LA LAMPARA,2D Doblada,14:50,,,,https://www.cinemark.com.ar/peliculas/tadeo-el-explorador-y-la-lampara-maravillosa
CABA,Cinemark Hoyts,Hoyts Dot Baires,"Vedia 3626, Dot Baires Mall, Saavedra",TADEO EL EXPLORADOR Y LA LAMPARA,2D Doblada,17:30,,,,https://www.cinemark.com.ar/peliculas/tadeo-el-explorador-y-la-lampara-maravillosa
CABA,Cinemark Hoyts,Hoyts Dot Baires,"Vedia 3626, Dot Baires Mall, Saavedra",Terminator 2: El juicio final,2D Subtitulada,22:40,,,,https://www.cinemark.com.ar/peliculas/terminator-2-el-juicio-final-35-aniversario
CABA,Cinemark Hoyts,Hoyts Dot Baires,"Vedia 3626, Dot Baires Mall, Saavedra",Toy Story 5,2D Doblada,12:10,,,,https://www.cinemark.com.ar/peliculas/toy-story-5
CABA,Cinemark Hoyts,Hoyts Dot Baires,"Vedia 3626, Dot Baires Mall, Saavedra",VOLVER AL FUTURO,2D Subtitulada,20:00,,,,https://www.cinemark.com.ar/peliculas/volver-al-futuro
CABA,Cinemark Hoyts,Hoyts Dot Baires,"Vedia 3626, Dot Baires Mall, Saavedra",Yo Narciso,PREMIER 2D Doblada,12:20,,,,https://www.cinemark.com.ar/peliculas/yo-narciso
CABA,Cinemark Hoyts,Hoyts Dot Baires,"Vedia 3626, Dot Baires Mall, Saavedra",Yo Narciso,2D Doblada,14:40,,,,https://www.cinemark.com.ar/peliculas/yo-narciso
CABA,Cinemark Hoyts,Hoyts Dot Baires,"Vedia 3626, Dot Baires Mall, Saavedra",Yo Narciso,PREMIER 2D Doblada,17:40,,,,https://www.cinemark.com.ar/peliculas/yo-narciso
CABA,Cinemark Hoyts,Hoyts Dot Baires,"Vedia 3626, Dot Baires Mall, Saavedra",Yo Narciso,2D Doblada,19:30,,,,https://www.cinemark.com.ar/peliculas/yo-narciso
CABA,Cinemark Hoyts,Hoyts Dot Baires,"Vedia 3626, Dot Baires Mall, Saavedra",Yo Narciso,PREMIER 2D Doblada,22:30,,,,https://www.cinemark.com.ar/peliculas/yo-narciso
CABA,Cinemark Hoyts,Cinemark Caballito,"Av. La Plata 96, Caballito",CORALINE,3D Doblada,15:30,,,,https://www.cinemark.com.ar/peliculas/coraline-y-la-puerta-secreta
CABA,Cinemark Hoyts,Cinemark Caballito,"Av. La Plata 96, Caballito",Coyote vs. Acme,2D Doblada,12:00,,,,https://www.cinemark.com.ar/peliculas/coyote-vs-acme
CABA,Cinemark Hoyts,Cinemark Caballito,"Av. La Plata 96, Caballito",Coyote vs. Acme,2D Doblada,14:30,,,,https://www.cinemark.com.ar/peliculas/coyote-vs-acme
CABA,Cinemark Hoyts,Cinemark Caballito,"Av. La Plata 96, Caballito",Coyote vs. Acme,2D Doblada,17:00,,,,https://www.cinemark.com.ar/peliculas/coyote-vs-acme
CABA,Cinemark Hoyts,Cinemark Caballito,"Av. La Plata 96, Caballito",Coyote vs. Acme,2D Doblada,19:40,,,,https://www.cinemark.com.ar/peliculas/coyote-vs-acme
CABA,Cinemark Hoyts,Cinemark Caballito,"Av. La Plata 96, Caballito",HECHIZO DE AMOR: LA MAGIA CONTINUA,2D Subtitulada,20:20,,,,https://www.cinemark.com.ar/peliculas/hechizo-de-amor-la-magia-continua
CABA,Cinemark Hoyts,Cinemark Caballito,"Av. La Plata 96, Caballito",HECHIZO DE AMOR: LA MAGIA CONTINUA,2D Subtitulada,22:40,,,,https://www.cinemark.com.ar/peliculas/hechizo-de-amor-la-magia-continua
CABA,Cinemark Hoyts,Cinemark Caballito,"Av. La Plata 96, Caballito",Insidious: Fuera del más allá,2D Subtitulada,17:45,,,,https://www.cinemark.com.ar/peliculas/la-noche-del-demonio-estan-entre-nosotros
CABA,Cinemark Hoyts,Cinemark Caballito,"Av. La Plata 96, Caballito",Insidious: Fuera del más allá,2D Subtitulada,23:00,,,,https://www.cinemark.com.ar/peliculas/la-noche-del-demonio-estan-entre-nosotros
CABA,Cinemark Hoyts,Cinemark Caballito,"Av. La Plata 96, Caballito",La Odisea,2D Subtitulada,19:00,,,,https://www.cinemark.com.ar/peliculas/la-odisea
CABA,Cinemark Hoyts,Cinemark Caballito,"Av. La Plata 96, Caballito",La Odisea,2D Subtitulada,22:10,,,,https://www.cinemark.com.ar/peliculas/la-odisea
CABA,Cinemark Hoyts,Cinemark Caballito,"Av. La Plata 96, Caballito",OASIS: DON´T LOOK BACK IN ANGER,2D Subtitulada,20:10,,,,https://www.cinemark.com.ar/peliculas/oasis-don-t-look-back-in-anger
CABA,Cinemark Hoyts,Cinemark Caballito,"Av. La Plata 96, Caballito",Pepita la Pistolera,2D Doblada,14:00,,,,https://www.cinemark.com.ar/peliculas/pepita-la-pistolera
CABA,Cinemark Hoyts,Cinemark Caballito,"Av. La Plata 96, Caballito",Pepita la Pistolera,2D Doblada,22:50,,,,https://www.cinemark.com.ar/peliculas/pepita-la-pistolera
CABA,Cinemark Hoyts,Cinemark Caballito,"Av. La Plata 96, Caballito",RÁPIDO Y FURIOSO: 25 ANIVERSARIO,2D Doblada,16:30,,,,https://www.cinemark.com.ar/peliculas/rapido-y-furioso-25-aniversario
CABA,Cinemark Hoyts,Cinemark Caballito,"Av. La Plata 96, Caballito",SHREK 25 ANIVERSARIO,2D Doblada,13:20,,,,https://www.cinemark.com.ar/peliculas/shrek-25-aniversario
CABA,Cinemark Hoyts,Cinemark Caballito,"Av. La Plata 96, Caballito",Spider-Man: Un nuevo día,2D Subtitulada,13:00,,,,https://www.cinemark.com.ar/peliculas/spider-man-un-nuevo-dia
CABA,Cinemark Hoyts,Cinemark Caballito,"Av. La Plata 96, Caballito",Spider-Man: Un nuevo día,2D Subtitulada,16:10,,,,https://www.cinemark.com.ar/peliculas/spider-man-un-nuevo-dia
CABA,Cinemark Hoyts,Cinemark Caballito,"Av. La Plata 96, Caballito",Spider-Man: Un nuevo día,3D Doblada,19:20,,,,https://www.cinemark.com.ar/peliculas/spider-man-un-nuevo-dia
CABA,Cinemark Hoyts,Cinemark Caballito,"Av. La Plata 96, Caballito",Spider-Man: Un nuevo día,2D Subtitulada,22:30,,,,https://www.cinemark.com.ar/peliculas/spider-man-un-nuevo-dia
CABA,Cinemark Hoyts,Cinemark Caballito,"Av. La Plata 96, Caballito",TADEO EL EXPLORADOR Y LA LAMPARA,2D Doblada,13:10,,,,https://www.cinemark.com.ar/peliculas/tadeo-el-explorador-y-la-lampara-maravillosa
CABA,Cinemark Hoyts,Cinemark Caballito,"Av. La Plata 96, Caballito",TADEO EL EXPLORADOR Y LA LAMPARA,2D Doblada,15:40,,,,https://www.cinemark.com.ar/peliculas/tadeo-el-explorador-y-la-lampara-maravillosa
CABA,Cinemark Hoyts,Cinemark Caballito,"Av. La Plata 96, Caballito",TADEO EL EXPLORADOR Y LA LAMPARA,2D Doblada,18:00,,,,https://www.cinemark.com.ar/peliculas/tadeo-el-explorador-y-la-lampara-maravillosa
CABA,Cinemark Hoyts,Cinemark Caballito,"Av. La Plata 96, Caballito",Toy Story 5,2D Doblada,15:10,,,,https://www.cinemark.com.ar/peliculas/toy-story-5
CABA,Cinemark Hoyts,Cinemark Caballito,"Av. La Plata 96, Caballito",VOLVER AL FUTURO,2D Subtitulada,20:00,,,,https://www.cinemark.com.ar/peliculas/volver-al-futuro
CABA,Cinemark Hoyts,Cinemark Caballito,"Av. La Plata 96, Caballito",Yo Narciso,2D Doblada,12:50,,,,https://www.cinemark.com.ar/peliculas/yo-narciso
CABA,Cinemark Hoyts,Cinemark Caballito,"Av. La Plata 96, Caballito",Yo Narciso,2D Doblada,17:30,,,,https://www.cinemark.com.ar/peliculas/yo-narciso
CABA,Cinemark Hoyts,Cinemark Caballito,"Av. La Plata 96, Caballito",Yo Narciso,2D Doblada,23:10,,,,https://www.cinemark.com.ar/peliculas/yo-narciso
CABA,Atlas Cines,Atlas Caballito,"Rivadavia 5071, Caballito",Proyecto Fin del Mundo,2D Subtitulada,14:20,,,,https://cartelera.ar/pelicula/proyecto-fin-del-mundo
CABA,Atlas Cines,Atlas Caballito,"Rivadavia 5071, Caballito",Michael,2D Subtitulada,16:30,,,,https://cartelera.ar/pelicula/michael
CABA,Atlas Cines,Atlas Caballito,"Rivadavia 5071, Caballito",El Diablo Viste A La Moda 2,2D Subtitulada,14:00,,,,https://cartelera.ar/pelicula/el-diablo-viste-a-la-moda-2
CABA,Atlas Cines,Atlas Caballito,"Rivadavia 5071, Caballito",Obsesión,2D Subtitulada,23:10,,,,https://cartelera.ar/pelicula/obsesion
CABA,Atlas Cines,Atlas Caballito,"Rivadavia 5071, Caballito",Afterburn (Zona cero),2D Doblada,18:00,,,,https://cartelera.ar/pelicula/afterburn-zona-cero
CABA,Atlas Cines,Atlas Caballito,"Rivadavia 5071, Caballito",La invitación,2D Subtitulada,19:40,,,,https://cartelera.ar/pelicula/la-invitacion
CABA,Atlas Cines,Atlas Caballito,"Rivadavia 5071, Caballito",La Odisea,2D Subtitulada,15:30,,,,https://cartelera.ar/pelicula/la-odisea
CABA,Atlas Cines,Atlas Caballito,"Rivadavia 5071, Caballito",La Odisea,2D Subtitulada,19:00,,,,https://cartelera.ar/pelicula/la-odisea
CABA,Atlas Cines,Atlas Caballito,"Rivadavia 5071, Caballito",La Odisea,4DX Doblada,21:30,,,,https://cartelera.ar/pelicula/la-odisea
CABA,Atlas Cines,Atlas Caballito,"Rivadavia 5071, Caballito",La Odisea,2D Subtitulada,22:30,,,,https://cartelera.ar/pelicula/la-odisea
CABA,Atlas Cines,Atlas Caballito,"Rivadavia 5071, Caballito",Spider-Man: Un nuevo día,4DX Doblada,15:30,,,,https://cartelera.ar/pelicula/spider-man-un-nuevo-dia
CABA,Atlas Cines,Atlas Caballito,"Rivadavia 5071, Caballito",Spider-Man: Un nuevo día,2D Doblada,17:30,,,,https://cartelera.ar/pelicula/spider-man-un-nuevo-dia
CABA,Atlas Cines,Atlas Caballito,"Rivadavia 5071, Caballito",Spider-Man: Un nuevo día,4DX Doblada,18:30,,,,https://cartelera.ar/pelicula/spider-man-un-nuevo-dia
CABA,Atlas Cines,Atlas Caballito,"Rivadavia 5071, Caballito",Spider-Man: Un nuevo día,2D Subtitulada,22:00,,,,https://cartelera.ar/pelicula/spider-man-un-nuevo-dia
CABA,Atlas Cines,Atlas Caballito,"Rivadavia 5071, Caballito",Toy Story 5,4DX Doblada,13:10,,,,https://cartelera.ar/pelicula/toy-story-5
CABA,Atlas Cines,Atlas Caballito,"Rivadavia 5071, Caballito",El día de la revelación,2D Subtitulada,12:30,,,,https://cartelera.ar/pelicula/el-dia-de-la-revelacion
CABA,Atlas Cines,Atlas Caballito,"Rivadavia 5071, Caballito",Minions & monstruos,2D Doblada,15:20,,,,https://cartelera.ar/pelicula/minions-monstruos
CABA,Atlas Cines,Atlas Caballito,"Rivadavia 5071, Caballito",El Final de la Calle Oak,2D Doblada,17:30,,,,https://cartelera.ar/pelicula/el-final-de-la-calle-oak
CABA,Atlas Cines,Atlas Caballito,"Rivadavia 5071, Caballito",PAW Patrol: La Dino Película,2D Doblada,13:10,,,,https://cartelera.ar/pelicula/paw-patrol-la-dino-pelicula
CABA,Atlas Cines,Atlas Caballito,"Rivadavia 5071, Caballito",Código: Venganza,2D Doblada,19:10,,,,https://cartelera.ar/pelicula/codigo-venganza
CABA,Atlas Cines,Atlas Caballito,"Rivadavia 5071, Caballito",Código: Venganza,2D Subtitulada,22:50,,,,https://cartelera.ar/pelicula/codigo-venganza
CABA,Atlas Cines,Atlas Caballito,"Rivadavia 5071, Caballito",Pepita la Pistolera,2D Doblada,12:00,,,,https://cartelera.ar/pelicula/pepita-la-pistolera
CABA,Atlas Cines,Atlas Caballito,"Rivadavia 5071, Caballito",Pepita la Pistolera,2D Doblada,20:30,,,,https://cartelera.ar/pelicula/pepita-la-pistolera
CABA,Atlas Cines,Atlas Caballito,"Rivadavia 5071, Caballito",Terminator 2: El juicio final,2D Subtitulada,22:40,,,,https://cartelera.ar/pelicula/terminator-2-el-juicio-final
CABA,Atlas Cines,Atlas Caballito,"Rivadavia 5071, Caballito",Ice Cream Man,2D Doblada,12:00,,,,https://cartelera.ar/pelicula/ice-cream-man
CABA,Atlas Cines,Atlas Caballito,"Rivadavia 5071, Caballito",Ice Cream Man,2D Subtitulada,21:10,,,,https://cartelera.ar/pelicula/ice-cream-man
CABA,Atlas Cines,Atlas Caballito,"Rivadavia 5071, Caballito",Ice Cream Man,2D Subtitulada,23:10,,,,https://cartelera.ar/pelicula/ice-cream-man
CABA,Atlas Cines,Atlas Caballito,"Rivadavia 5071, Caballito",Moana,2D Doblada,13:20,,,,https://cartelera.ar/pelicula/moana
CABA,Atlas Cines,Atlas Caballito,"Rivadavia 5071, Caballito",Coyote vs. Acme,2D Doblada,13:00,,,,https://cartelera.ar/pelicula/coyote-vs-acme
CABA,Atlas Cines,Atlas Caballito,"Rivadavia 5071, Caballito",Coyote vs. Acme,2D Doblada,15:20,,,,https://cartelera.ar/pelicula/coyote-vs-acme
CABA,Atlas Cines,Atlas Caballito,"Rivadavia 5071, Caballito",Coyote vs. Acme,2D Doblada,17:40,,,,https://cartelera.ar/pelicula/coyote-vs-acme
CABA,Atlas Cines,Atlas Caballito,"Rivadavia 5071, Caballito",Coyote vs. Acme,2D Doblada,20:30,,,,https://cartelera.ar/pelicula/coyote-vs-acme
CABA,Atlas Cines,Atlas Caballito,"Rivadavia 5071, Caballito",Insidious: Fuera del más allá,2D Doblada,22:50,,,,https://cartelera.ar/pelicula/insidious-fuera-del-mas-alla
CABA,Atlas Cines,Atlas Caballito,"Rivadavia 5071, Caballito",Yo Narciso,2D Doblada,16:30,,,,https://cartelera.ar/pelicula/yo-narciso
CABA,Atlas Cines,Atlas Caballito,"Rivadavia 5071, Caballito",Yo Narciso,2D Doblada,20:50,,,,https://cartelera.ar/pelicula/yo-narciso
CABA,Atlas Cines,Atlas Caballito,"Rivadavia 5071, Caballito",Prácticamente magia 2,2D Doblada,13:20,,,,https://cartelera.ar/pelicula/practicamente-magia-2
CABA,Atlas Cines,Atlas Caballito,"Rivadavia 5071, Caballito",Prácticamente magia 2,2D Doblada,16:10,,,,https://cartelera.ar/pelicula/practicamente-magia-2
CABA,Atlas Cines,Atlas Caballito,"Rivadavia 5071, Caballito",Prácticamente magia 2,2D Subtitulada,19:00,,,,https://cartelera.ar/pelicula/practicamente-magia-2
CABA,Atlas Cines,Atlas Caballito,"Rivadavia 5071, Caballito",Prácticamente magia 2,2D Subtitulada,21:50,,,,https://cartelera.ar/pelicula/practicamente-magia-2
CABA,Atlas Cines,Atlas Caballito,"Rivadavia 5071, Caballito",Oasis: Dont Look Back In Anger,2D Subtitulada,20:00,,,,https://cartelera.ar/pelicula/oasis-dont-look-back-in-anger
CABA,Atlas Cines,Atlas Caballito,"Rivadavia 5071, Caballito",Tadeo el Explorador y la Lampa,2D Doblada,12:20,,,,https://cartelera.ar/pelicula/tadeo-el-explorador-y-la-lampa
CABA,Atlas Cines,Atlas Caballito,"Rivadavia 5071, Caballito",Tadeo el Explorador y la Lampa,2D Doblada,14:20,,,,https://cartelera.ar/pelicula/tadeo-el-explorador-y-la-lampa
CABA,Atlas Cines,Atlas Caballito,"Rivadavia 5071, Caballito",Tadeo el Explorador y la Lampa,2D Doblada,15:50,,,,https://cartelera.ar/pelicula/tadeo-el-explorador-y-la-lampa
CABA,Atlas Cines,Atlas Caballito,"Rivadavia 5071, Caballito",Tadeo el Explorador y la Lampa,2D Doblada,18:40,,,,https://cartelera.ar/pelicula/tadeo-el-explorador-y-la-lampa
CABA,Cinemark Hoyts,Cinemark Palermo,"Beruti 3399, Palermo",CÓDIGO: VENGANZA,2D Subtitulada,12:20,,,,https://www.cinemark.com.ar/peliculas/codigo-venganza
CABA,Cinemark Hoyts,Cinemark Palermo,"Beruti 3399, Palermo",CÓDIGO: VENGANZA,2D Subtitulada,17:10,,,,https://www.cinemark.com.ar/peliculas/codigo-venganza
CABA,Cinemark Hoyts,Cinemark Palermo,"Beruti 3399, Palermo",CÓDIGO: VENGANZA,2D Subtitulada,22:30,,,,https://www.cinemark.com.ar/peliculas/codigo-venganza
CABA,Cinemark Hoyts,Cinemark Palermo,"Beruti 3399, Palermo",CORALINE,3D Doblada,18:00,,,,https://www.cinemark.com.ar/peliculas/coraline-y-la-puerta-secreta
CABA,Cinemark Hoyts,Cinemark Palermo,"Beruti 3399, Palermo",Coyote vs. Acme,2D Doblada,12:10,,,,https://www.cinemark.com.ar/peliculas/coyote-vs-acme
CABA,Cinemark Hoyts,Cinemark Palermo,"Beruti 3399, Palermo",Coyote vs. Acme,2D Doblada,15:10,,,,https://www.cinemark.com.ar/peliculas/coyote-vs-acme
CABA,Cinemark Hoyts,Cinemark Palermo,"Beruti 3399, Palermo",Coyote vs. Acme,2D Doblada,17:50,,,,https://www.cinemark.com.ar/peliculas/coyote-vs-acme
CABA,Cinemark Hoyts,Cinemark Palermo,"Beruti 3399, Palermo",Coyote vs. Acme,2D Subtitulada,20:20,,,,https://www.cinemark.com.ar/peliculas/coyote-vs-acme
CABA,Cinemark Hoyts,Cinemark Palermo,"Beruti 3399, Palermo",El Diablo Viste A La Moda 2,2D Subtitulada,22:50,,,,https://www.cinemark.com.ar/peliculas/el-diablo-viste-a-la-moda-2
CABA,Cinemark Hoyts,Cinemark Palermo,"Beruti 3399, Palermo",EL HELADERO,2D Subtitulada,01:10,,,,https://www.cinemark.com.ar/peliculas/el-heladero-dulce-sabor-a-muerte
CABA,Cinemark Hoyts,Cinemark Palermo,"Beruti 3399, Palermo",EL HELADERO,2D Subtitulada,12:40,,,,https://www.cinemark.com.ar/peliculas/el-heladero-dulce-sabor-a-muerte
CABA,Cinemark Hoyts,Cinemark Palermo,"Beruti 3399, Palermo",EL HELADERO,2D Subtitulada,17:30,,,,https://www.cinemark.com.ar/peliculas/el-heladero-dulce-sabor-a-muerte
CABA,Cinemark Hoyts,Cinemark Palermo,"Beruti 3399, Palermo",EL HELADERO,2D Subtitulada,22:50,,,,https://www.cinemark.com.ar/peliculas/el-heladero-dulce-sabor-a-muerte
CABA,Cinemark Hoyts,Cinemark Palermo,"Beruti 3399, Palermo",HECHIZO DE AMOR: LA MAGIA CONTINUA,2D Subtitulada,13:20,,,,https://www.cinemark.com.ar/peliculas/hechizo-de-amor-la-magia-continua
CABA,Cinemark Hoyts,Cinemark Palermo,"Beruti 3399, Palermo",HECHIZO DE AMOR: LA MAGIA CONTINUA,2D Subtitulada,16:20,,,,https://www.cinemark.com.ar/peliculas/hechizo-de-amor-la-magia-continua
CABA,Cinemark Hoyts,Cinemark Palermo,"Beruti 3399, Palermo",HECHIZO DE AMOR: LA MAGIA CONTINUA,2D Subtitulada,19:20,,,,https://www.cinemark.com.ar/peliculas/hechizo-de-amor-la-magia-continua
CABA,Cinemark Hoyts,Cinemark Palermo,"Beruti 3399, Palermo",HECHIZO DE AMOR: LA MAGIA CONTINUA,2D Subtitulada,22:10,,,,https://www.cinemark.com.ar/peliculas/hechizo-de-amor-la-magia-continua
CABA,Cinemark Hoyts,Cinemark Palermo,"Beruti 3399, Palermo",Insidious: Fuera del más allá,2D Subtitulada,00:50,,,,https://www.cinemark.com.ar/peliculas/la-noche-del-demonio-estan-entre-nosotros
CABA,Cinemark Hoyts,Cinemark Palermo,"Beruti 3399, Palermo",Insidious: Fuera del más allá,2D Subtitulada,15:25,,,,https://www.cinemark.com.ar/peliculas/la-noche-del-demonio-estan-entre-nosotros
CABA,Cinemark Hoyts,Cinemark Palermo,"Beruti 3399, Palermo",Insidious: Fuera del más allá,2D Subtitulada,23:00,,,,https://www.cinemark.com.ar/peliculas/la-noche-del-demonio-estan-entre-nosotros
CABA,Cinemark Hoyts,Cinemark Palermo,"Beruti 3399, Palermo",La constelación del perro,2D Subtitulada,14:50,,,,https://cartelera.ar/pelicula/la-constelacion-del-perro
CABA,Cinemark Hoyts,Cinemark Palermo,"Beruti 3399, Palermo",LA GUERRA DE LOS ÚLTIMOS,2D Subtitulada,14:50,,,,https://www.cinemark.com.ar/peliculas/la-guerra-de-los-ultimos
CABA,Cinemark Hoyts,Cinemark Palermo,"Beruti 3399, Palermo",La invitación,2D Subtitulada,01:00,,,,https://www.cinemark.com.ar/peliculas/la-invitacion
CABA,Cinemark Hoyts,Cinemark Palermo,"Beruti 3399, Palermo",La invitación,2D Subtitulada,19:50,,,,https://www.cinemark.com.ar/peliculas/la-invitacion
CABA,Cinemark Hoyts,Cinemark Palermo,"Beruti 3399, Palermo",La Odisea,2D Subtitulada,14:00,,,,https://www.cinemark.com.ar/peliculas/la-odisea
CABA,Cinemark Hoyts,Cinemark Palermo,"Beruti 3399, Palermo",La Odisea,2D Subtitulada,18:10,,,,https://www.cinemark.com.ar/peliculas/la-odisea
CABA,Cinemark Hoyts,Cinemark Palermo,"Beruti 3399, Palermo",La Odisea,2D Subtitulada,21:50,,,,https://www.cinemark.com.ar/peliculas/la-odisea
CABA,Cinemark Hoyts,Cinemark Palermo,"Beruti 3399, Palermo",La Odisea,2D Subtitulada,22:20,,,,https://www.cinemark.com.ar/peliculas/la-odisea
CABA,Cinemark Hoyts,Cinemark Palermo,"Beruti 3399, Palermo",LOS BOXTROLLS,2D Doblada,12:20,,,,https://www.cinemark.com.ar/peliculas/los-boxtrolls
CABA,Cinemark Hoyts,Cinemark Palermo,"Beruti 3399, Palermo",Michael,2D Subtitulada,17:00,,,,https://www.cinemark.com.ar/peliculas/michael
CABA,Cinemark Hoyts,Cinemark Palermo,"Beruti 3399, Palermo",OASIS: DON´T LOOK BACK IN ANGER,2D Subtitulada,17:15,,,,https://www.cinemark.com.ar/peliculas/oasis-don-t-look-back-in-anger
CABA,Cinemark Hoyts,Cinemark Palermo,"Beruti 3399, Palermo",OASIS: DON´T LOOK BACK IN ANGER,2D Subtitulada,20:00,,,,https://www.cinemark.com.ar/peliculas/oasis-don-t-look-back-in-anger
CABA,Cinemark Hoyts,Cinemark Palermo,"Beruti 3399, Palermo",OASIS: DON´T LOOK BACK IN ANGER,2D Subtitulada,22:50,,,,https://www.cinemark.com.ar/peliculas/oasis-don-t-look-back-in-anger
CABA,Cinemark Hoyts,Cinemark Palermo,"Beruti 3399, Palermo",PARANORMAN,2D Doblada,15:00,,,,https://www.cinemark.com.ar/peliculas/paranorman
CABA,Cinemark Hoyts,Cinemark Palermo,"Beruti 3399, Palermo",Pepita la Pistolera,2D Doblada,12:20,,,,https://www.cinemark.com.ar/peliculas/pepita-la-pistolera
CABA,Cinemark Hoyts,Cinemark Palermo,"Beruti 3399, Palermo",Pepita la Pistolera,2D Doblada,14:40,,,,https://www.cinemark.com.ar/peliculas/pepita-la-pistolera
CABA,Cinemark Hoyts,Cinemark Palermo,"Beruti 3399, Palermo",Pepita la Pistolera,2D Doblada,19:40,,,,https://www.cinemark.com.ar/peliculas/pepita-la-pistolera
CABA,Cinemark Hoyts,Cinemark Palermo,"Beruti 3399, Palermo",Scary Movie,2D Subtitulada,01:10,,,,https://www.cinemark.com.ar/peliculas/scary-movie-terrorificamente-incorrecta
CABA,Cinemark Hoyts,Cinemark Palermo,"Beruti 3399, Palermo",Scary Movie,2D Subtitulada,14:40,,,,https://www.cinemark.com.ar/peliculas/scary-movie-terrorificamente-incorrecta
CABA,Cinemark Hoyts,Cinemark Palermo,"Beruti 3399, Palermo",Spider-Man: Un nuevo día,2D Doblada,12:00,,,,https://www.cinemark.com.ar/peliculas/spider-man-un-nuevo-dia
CABA,Cinemark Hoyts,Cinemark Palermo,"Beruti 3399, Palermo",Spider-Man: Un nuevo día,2D Doblada,15:40,,,,https://www.cinemark.com.ar/peliculas/spider-man-un-nuevo-dia
CABA,Cinemark Hoyts,Cinemark Palermo,"Beruti 3399, Palermo",Spider-Man: Un nuevo día,3D Subtitulada,18:50,,,,https://www.cinemark.com.ar/peliculas/spider-man-un-nuevo-dia
CABA,Cinemark Hoyts,Cinemark Palermo,"Beruti 3399, Palermo",Spider-Man: Un nuevo día,2D Subtitulada,22:00,,,,https://www.cinemark.com.ar/peliculas/spider-man-un-nuevo-dia
CABA,Cinemark Hoyts,Cinemark Palermo,"Beruti 3399, Palermo",TADEO EL EXPLORADOR Y LA LAMPARA,2D Doblada,12:40,,,,https://www.cinemark.com.ar/peliculas/tadeo-el-explorador-y-la-lampara-maravillosa
CABA,Cinemark Hoyts,Cinemark Palermo,"Beruti 3399, Palermo",TADEO EL EXPLORADOR Y LA LAMPARA,2D Doblada,15:20,,,,https://www.cinemark.com.ar/peliculas/tadeo-el-explorador-y-la-lampara-maravillosa
CABA,Cinemark Hoyts,Cinemark Palermo,"Beruti 3399, Palermo",TADEO EL EXPLORADOR Y LA LAMPARA,2D Doblada,17:40,,,,https://www.cinemark.com.ar/peliculas/tadeo-el-explorador-y-la-lampara-maravillosa
CABA,Cinemark Hoyts,Cinemark Palermo,"Beruti 3399, Palermo",Terminator 2: El juicio final,2D Subtitulada,20:00,,,,https://www.cinemark.com.ar/peliculas/terminator-2-el-juicio-final-35-aniversario
CABA,Cinemark Hoyts,Cinemark Palermo,"Beruti 3399, Palermo",VOLVER AL FUTURO,2D Subtitulada,20:00,,,,https://www.cinemark.com.ar/peliculas/volver-al-futuro
CABA,Cinemark Hoyts,Cinemark Palermo,"Beruti 3399, Palermo",Yo Narciso,2D Doblada,13:00,,,,https://www.cinemark.com.ar/peliculas/yo-narciso
CABA,Cinemark Hoyts,Cinemark Palermo,"Beruti 3399, Palermo",Yo Narciso,2D Doblada,20:40,,,,https://www.cinemark.com.ar/peliculas/yo-narciso
CABA,Cinemark Hoyts,Cinemark Palermo,"Beruti 3399, Palermo",Yo Narciso,2D Doblada,23:10,,,,https://www.cinemark.com.ar/peliculas/yo-narciso
GBA Sur,Cinemark Hoyts,Cinemark Avellaneda,"Güemes 897, Alto Avellaneda Shopping",CÓDIGO: VENGANZA,2D Doblada,12:45,,,,https://www.cinemark.com.ar/peliculas/codigo-venganza
GBA Sur,Cinemark Hoyts,Cinemark Avellaneda,"Güemes 897, Alto Avellaneda Shopping",CÓDIGO: VENGANZA,2D Doblada,17:20,,,,https://www.cinemark.com.ar/peliculas/codigo-venganza
GBA Sur,Cinemark Hoyts,Cinemark Avellaneda,"Güemes 897, Alto Avellaneda Shopping",CÓDIGO: VENGANZA,2D Doblada,22:00,,,,https://www.cinemark.com.ar/peliculas/codigo-venganza
GBA Sur,Cinemark Hoyts,Cinemark Avellaneda,"Güemes 897, Alto Avellaneda Shopping",Colony,2D Doblada,17:10,,,,https://www.cinemark.com.ar/peliculas/colony-zona-cero
GBA Sur,Cinemark Hoyts,Cinemark Avellaneda,"Güemes 897, Alto Avellaneda Shopping",CORALINE,3D Doblada,18:00,,,,https://www.cinemark.com.ar/peliculas/coraline-y-la-puerta-secreta
GBA Sur,Cinemark Hoyts,Cinemark Avellaneda,"Güemes 897, Alto Avellaneda Shopping",Coyote vs. Acme,2D Doblada,12:10,,,,https://www.cinemark.com.ar/peliculas/coyote-vs-acme
GBA Sur,Cinemark Hoyts,Cinemark Avellaneda,"Güemes 897, Alto Avellaneda Shopping",Coyote vs. Acme,DBOX 2D Doblada,12:10,,,,https://www.cinemark.com.ar/peliculas/coyote-vs-acme
GBA Sur,Cinemark Hoyts,Cinemark Avellaneda,"Güemes 897, Alto Avellaneda Shopping",Coyote vs. Acme,2D Doblada,14:35,,,,https://www.cinemark.com.ar/peliculas/coyote-vs-acme
GBA Sur,Cinemark Hoyts,Cinemark Avellaneda,"Güemes 897, Alto Avellaneda Shopping",Coyote vs. Acme,DBOX 2D Doblada,14:35,,,,https://www.cinemark.com.ar/peliculas/coyote-vs-acme
GBA Sur,Cinemark Hoyts,Cinemark Avellaneda,"Güemes 897, Alto Avellaneda Shopping",Coyote vs. Acme,2D Doblada,17:00,,,,https://www.cinemark.com.ar/peliculas/coyote-vs-acme
GBA Sur,Cinemark Hoyts,Cinemark Avellaneda,"Güemes 897, Alto Avellaneda Shopping",Coyote vs. Acme,DBOX 2D Doblada,17:00,,,,https://www.cinemark.com.ar/peliculas/coyote-vs-acme
GBA Sur,Cinemark Hoyts,Cinemark Avellaneda,"Güemes 897, Alto Avellaneda Shopping",Coyote vs. Acme,2D Doblada,19:40,,,,https://www.cinemark.com.ar/peliculas/coyote-vs-acme
GBA Sur,Cinemark Hoyts,Cinemark Avellaneda,"Güemes 897, Alto Avellaneda Shopping",Coyote vs. Acme,DBOX 2D Doblada,19:40,,,,https://www.cinemark.com.ar/peliculas/coyote-vs-acme
GBA Sur,Cinemark Hoyts,Cinemark Avellaneda,"Güemes 897, Alto Avellaneda Shopping",EL HELADERO,2D Doblada,17:50,,,,https://www.cinemark.com.ar/peliculas/el-heladero-dulce-sabor-a-muerte
GBA Sur,Cinemark Hoyts,Cinemark Avellaneda,"Güemes 897, Alto Avellaneda Shopping",EL HELADERO,2D Doblada,22:50,,,,https://www.cinemark.com.ar/peliculas/el-heladero-dulce-sabor-a-muerte
GBA Sur,Cinemark Hoyts,Cinemark Avellaneda,"Güemes 897, Alto Avellaneda Shopping",HECHIZO DE AMOR: LA MAGIA CONTINUA,2D Doblada,19:50,,,,https://www.cinemark.com.ar/peliculas/hechizo-de-amor-la-magia-continua
GBA Sur,Cinemark Hoyts,Cinemark Avellaneda,"Güemes 897, Alto Avellaneda Shopping",HECHIZO DE AMOR: LA MAGIA CONTINUA,2D Doblada,22:40,,,,https://www.cinemark.com.ar/peliculas/hechizo-de-amor-la-magia-continua
GBA Sur,Cinemark Hoyts,Cinemark Avellaneda,"Güemes 897, Alto Avellaneda Shopping",Insidious: Fuera del más allá,DBOX XD 2D Doblada,16:30,,,,https://www.cinemark.com.ar/peliculas/la-noche-del-demonio-estan-entre-nosotros
GBA Sur,Cinemark Hoyts,Cinemark Avellaneda,"Güemes 897, Alto Avellaneda Shopping",Insidious: Fuera del más allá,XD 2D Doblada,16:30,,,,https://www.cinemark.com.ar/peliculas/la-noche-del-demonio-estan-entre-nosotros
GBA Sur,Cinemark Hoyts,Cinemark Avellaneda,"Güemes 897, Alto Avellaneda Shopping",Insidious: Fuera del más allá,DBOX XD 2D Doblada,22:30,,,,https://www.cinemark.com.ar/peliculas/la-noche-del-demonio-estan-entre-nosotros
GBA Sur,Cinemark Hoyts,Cinemark Avellaneda,"Güemes 897, Alto Avellaneda Shopping",Insidious: Fuera del más allá,XD 2D Doblada,22:30,,,,https://www.cinemark.com.ar/peliculas/la-noche-del-demonio-estan-entre-nosotros
GBA Sur,Cinemark Hoyts,Cinemark Avellaneda,"Güemes 897, Alto Avellaneda Shopping",Insidious: Fuera del más allá,4D 2D Doblada,23:00,,,,https://www.cinemark.com.ar/peliculas/la-noche-del-demonio-estan-entre-nosotros
GBA Sur,Cinemark Hoyts,Cinemark Avellaneda,"Güemes 897, Alto Avellaneda Shopping",La Odisea,2D Doblada,14:00,,,,https://www.cinemark.com.ar/peliculas/la-odisea
GBA Sur,Cinemark Hoyts,Cinemark Avellaneda,"Güemes 897, Alto Avellaneda Shopping",La Odisea,2D Doblada,22:10,,,,https://www.cinemark.com.ar/peliculas/la-odisea
GBA Sur,Cinemark Hoyts,Cinemark Avellaneda,"Güemes 897, Alto Avellaneda Shopping",La Odisea,DBOX 2D Doblada,22:10,,,,https://www.cinemark.com.ar/peliculas/la-odisea
GBA Sur,Cinemark Hoyts,Cinemark Avellaneda,"Güemes 897, Alto Avellaneda Shopping",Michael,2D Doblada,15:00,,,,https://www.cinemark.com.ar/peliculas/michael
GBA Sur,Cinemark Hoyts,Cinemark Avellaneda,"Güemes 897, Alto Avellaneda Shopping",OASIS: DON´T LOOK BACK IN ANGER,2D Subtitulada,20:00,,,,https://www.cinemark.com.ar/peliculas/oasis-don-t-look-back-in-anger
GBA Sur,Cinemark Hoyts,Cinemark Avellaneda,"Güemes 897, Alto Avellaneda Shopping",PAW Patrol: La Dino Película,2D Doblada,12:20,,,,https://www.cinemark.com.ar/peliculas/paw-patrol-la-dino-pelicula
GBA Sur,Cinemark Hoyts,Cinemark Avellaneda,"Güemes 897, Alto Avellaneda Shopping",Pepita la Pistolera,2D Doblada,14:40,,,,https://www.cinemark.com.ar/peliculas/pepita-la-pistolera
GBA Sur,Cinemark Hoyts,Cinemark Avellaneda,"Güemes 897, Alto Avellaneda Shopping",Pepita la Pistolera,2D Doblada,22:45,,,,https://www.cinemark.com.ar/peliculas/pepita-la-pistolera
GBA Sur,Cinemark Hoyts,Cinemark Avellaneda,"Güemes 897, Alto Avellaneda Shopping",RÁPIDO Y FURIOSO: 25 ANIVERSARIO,2D Doblada,19:30,,,,https://www.cinemark.com.ar/peliculas/rapido-y-furioso-25-aniversario
GBA Sur,Cinemark Hoyts,Cinemark Avellaneda,"Güemes 897, Alto Avellaneda Shopping",SHREK 25 ANIVERSARIO,2D Doblada,15:10,,,,https://www.cinemark.com.ar/peliculas/shrek-25-aniversario
GBA Sur,Cinemark Hoyts,Cinemark Avellaneda,"Güemes 897, Alto Avellaneda Shopping",Spider-Man: Un nuevo día,DBOX XD 2D Doblada,13:10,,,,https://www.cinemark.com.ar/peliculas/spider-man-un-nuevo-dia
GBA Sur,Cinemark Hoyts,Cinemark Avellaneda,"Güemes 897, Alto Avellaneda Shopping",Spider-Man: Un nuevo día,XD 2D Doblada,13:10,,,,https://www.cinemark.com.ar/peliculas/spider-man-un-nuevo-dia
GBA Sur,Cinemark Hoyts,Cinemark Avellaneda,"Güemes 897, Alto Avellaneda Shopping",Spider-Man: Un nuevo día,4D 3D Doblada,13:30,,,,https://www.cinemark.com.ar/peliculas/spider-man-un-nuevo-dia
GBA Sur,Cinemark Hoyts,Cinemark Avellaneda,"Güemes 897, Alto Avellaneda Shopping",Spider-Man: Un nuevo día,4D 3D Doblada,16:40,,,,https://www.cinemark.com.ar/peliculas/spider-man-un-nuevo-dia
GBA Sur,Cinemark Hoyts,Cinemark Avellaneda,"Güemes 897, Alto Avellaneda Shopping",Spider-Man: Un nuevo día,DBOX XD 2D Doblada,19:10,,,,https://www.cinemark.com.ar/peliculas/spider-man-un-nuevo-dia
GBA Sur,Cinemark Hoyts,Cinemark Avellaneda,"Güemes 897, Alto Avellaneda Shopping",Spider-Man: Un nuevo día,XD 2D Doblada,19:10,,,,https://www.cinemark.com.ar/peliculas/spider-man-un-nuevo-dia
GBA Sur,Cinemark Hoyts,Cinemark Avellaneda,"Güemes 897, Alto Avellaneda Shopping",Spider-Man: Un nuevo día,4D 3D Doblada,19:50,,,,https://www.cinemark.com.ar/peliculas/spider-man-un-nuevo-dia
GBA Sur,Cinemark Hoyts,Cinemark Avellaneda,"Güemes 897, Alto Avellaneda Shopping",TADEO EL EXPLORADOR Y LA LAMPARA,2D Doblada,12:50,,,,https://www.cinemark.com.ar/peliculas/tadeo-el-explorador-y-la-lampara-maravillosa
GBA Sur,Cinemark Hoyts,Cinemark Avellaneda,"Güemes 897, Alto Avellaneda Shopping",TADEO EL EXPLORADOR Y LA LAMPARA,2D Doblada,15:20,,,,https://www.cinemark.com.ar/peliculas/tadeo-el-explorador-y-la-lampara-maravillosa
GBA Sur,Cinemark Hoyts,Cinemark Avellaneda,"Güemes 897, Alto Avellaneda Shopping",TADEO EL EXPLORADOR Y LA LAMPARA,2D Doblada,17:30,,,,https://www.cinemark.com.ar/peliculas/tadeo-el-explorador-y-la-lampara-maravillosa
GBA Sur,Cinemark Hoyts,Cinemark Avellaneda,"Güemes 897, Alto Avellaneda Shopping",Toy Story 5,2D Doblada,12:40,,,,https://www.cinemark.com.ar/peliculas/toy-story-5
GBA Sur,Cinemark Hoyts,Cinemark Avellaneda,"Güemes 897, Alto Avellaneda Shopping",VOLVER AL FUTURO,2D Subtitulada,20:00,,,,https://www.cinemark.com.ar/peliculas/volver-al-futuro
GBA Sur,Cinemark Hoyts,Cinemark Avellaneda,"Güemes 897, Alto Avellaneda Shopping",Yo Narciso,2D Doblada,20:15,,,,https://www.cinemark.com.ar/peliculas/yo-narciso
GBA Sur,Cinemark Hoyts,Cinemark Avellaneda,"Güemes 897, Alto Avellaneda Shopping",Yo Narciso,2D Doblada,22:20,,,,https://www.cinemark.com.ar/peliculas/yo-narciso
GBA Sur,Multiplex,Multiplex Canning,"Formosa 653, Canning (Shopping Las Toscas)",Super Mario Galaxy: La Película,2D Doblada,12:40,,,,https://cartelera.ar/pelicula/super-mario-galaxy-la-pelicula
GBA Sur,Multiplex,Multiplex Canning,"Formosa 653, Canning (Shopping Las Toscas)",Michael,2D Doblada,18:10,,,,https://cartelera.ar/pelicula/michael
GBA Sur,Multiplex,Multiplex Canning,"Formosa 653, Canning (Shopping Las Toscas)",Obsesión,2D Doblada,22:55,,,,https://cartelera.ar/pelicula/obsesion
GBA Sur,Multiplex,Multiplex Canning,"Formosa 653, Canning (Shopping Las Toscas)",La Odisea,2D Doblada,19:30,,,,https://cartelera.ar/pelicula/la-odisea
GBA Sur,Multiplex,Multiplex Canning,"Formosa 653, Canning (Shopping Las Toscas)",Spider-Man: Un nuevo día,2D Doblada,12:15,,,,https://cartelera.ar/pelicula/spider-man-un-nuevo-dia
GBA Sur,Multiplex,Multiplex Canning,"Formosa 653, Canning (Shopping Las Toscas)",Spider-Man: Un nuevo día,2D Doblada,14:45,,,,https://cartelera.ar/pelicula/spider-man-un-nuevo-dia
GBA Sur,Multiplex,Multiplex Canning,"Formosa 653, Canning (Shopping Las Toscas)",Spider-Man: Un nuevo día,2D Doblada,15:00,,,,https://cartelera.ar/pelicula/spider-man-un-nuevo-dia
GBA Sur,Multiplex,Multiplex Canning,"Formosa 653, Canning (Shopping Las Toscas)",Spider-Man: Un nuevo día,2D Doblada,17:30,,,,https://cartelera.ar/pelicula/spider-man-un-nuevo-dia
GBA Sur,Multiplex,Multiplex Canning,"Formosa 653, Canning (Shopping Las Toscas)",Spider-Man: Un nuevo día,2D Doblada,17:50,,,,https://cartelera.ar/pelicula/spider-man-un-nuevo-dia
GBA Sur,Multiplex,Multiplex Canning,"Formosa 653, Canning (Shopping Las Toscas)",Spider-Man: Un nuevo día,2D Doblada,20:10,,,,https://cartelera.ar/pelicula/spider-man-un-nuevo-dia
GBA Sur,Multiplex,Multiplex Canning,"Formosa 653, Canning (Shopping Las Toscas)",Toy Story 5,2D Doblada,13:20,,,,https://cartelera.ar/pelicula/toy-story-5
GBA Sur,Multiplex,Multiplex Canning,"Formosa 653, Canning (Shopping Las Toscas)",Scary Movie,2D Doblada,22:50,,,,https://cartelera.ar/pelicula/scary-movie
GBA Sur,Multiplex,Multiplex Canning,"Formosa 653, Canning (Shopping Las Toscas)",Minions & monstruos,2D Doblada,14:00,,,,https://cartelera.ar/pelicula/minions-monstruos
GBA Sur,Multiplex,Multiplex Canning,"Formosa 653, Canning (Shopping Las Toscas)",Minions & monstruos,2D Doblada,15:30,,,,https://cartelera.ar/pelicula/minions-monstruos
GBA Sur,Multiplex,Multiplex Canning,"Formosa 653, Canning (Shopping Las Toscas)",La noche del demonio: Están entre nosotros,2D Doblada,17:20,,,,https://cartelera.ar/pelicula/la-noche-del-demonio-estan-entre-nosotros
GBA Sur,Multiplex,Multiplex Canning,"Formosa 653, Canning (Shopping Las Toscas)",La noche del demonio: Están entre nosotros,2D Doblada,23:00,,,,https://cartelera.ar/pelicula/la-noche-del-demonio-estan-entre-nosotros
GBA Sur,Multiplex,Multiplex Canning,"Formosa 653, Canning (Shopping Las Toscas)",Hechizo de amor: La magia continúa,2D Doblada,20:30,,,,https://cartelera.ar/pelicula/hechizo-de-amor-la-magia-continua
GBA Sur,Multiplex,Multiplex Canning,"Formosa 653, Canning (Shopping Las Toscas)",Hechizo de amor: La magia continúa,2D Doblada,22:30,,,,https://cartelera.ar/pelicula/hechizo-de-amor-la-magia-continua
GBA Sur,Multiplex,Multiplex Canning,"Formosa 653, Canning (Shopping Las Toscas)",Código: Venganza,2D Doblada,22:40,,,,https://cartelera.ar/pelicula/codigo-venganza
GBA Sur,Multiplex,Multiplex Canning,"Formosa 653, Canning (Shopping Las Toscas)",Ice Cream Man,2D Doblada,22:45,,,,https://cartelera.ar/pelicula/ice-cream-man
GBA Sur,Multiplex,Multiplex Canning,"Formosa 653, Canning (Shopping Las Toscas)",Coyote vs. Acme,2D Doblada,13:30,,,,https://cartelera.ar/pelicula/coyote-vs-acme
GBA Sur,Multiplex,Multiplex Canning,"Formosa 653, Canning (Shopping Las Toscas)",Coyote vs. Acme,2D Doblada,15:50,,,,https://cartelera.ar/pelicula/coyote-vs-acme
GBA Sur,Multiplex,Multiplex Canning,"Formosa 653, Canning (Shopping Las Toscas)",Coyote vs. Acme,2D Doblada,18:00,,,,https://cartelera.ar/pelicula/coyote-vs-acme
GBA Sur,Multiplex,Multiplex Canning,"Formosa 653, Canning (Shopping Las Toscas)",Yo Narciso,2D Doblada,16:10,,,,https://cartelera.ar/pelicula/yo-narciso
GBA Sur,Multiplex,Multiplex Canning,"Formosa 653, Canning (Shopping Las Toscas)",Yo Narciso,2D Doblada,18:20,,,,https://cartelera.ar/pelicula/yo-narciso
GBA Sur,Multiplex,Multiplex Canning,"Formosa 653, Canning (Shopping Las Toscas)",Yo Narciso,2D Doblada,20:40,,,,https://cartelera.ar/pelicula/yo-narciso
GBA Sur,Multiplex,Multiplex Canning,"Formosa 653, Canning (Shopping Las Toscas)",Tadeo : El Explorador Y La Lampara Maravillosa,2D Doblada,14:10,,,,https://cartelera.ar/pelicula/tadeo-el-explorador-y-la-lampara-maravillosa
GBA Sur,Multiplex,Multiplex Canning,"Formosa 653, Canning (Shopping Las Toscas)",Tadeo : El Explorador Y La Lampara Maravillosa,2D Doblada,16:20,,,,https://cartelera.ar/pelicula/tadeo-el-explorador-y-la-lampara-maravillosa
GBA Oeste,Cinemark Hoyts,Cinemark Malvinas Argentinas,"Av. Pte. Illia 3770, Shopping Terrazas de Mayo",AKIRA (1988),2D Subtitulada,17:30,,,,https://www.cinemark.com.ar/peliculas/akira-1988
GBA Oeste,Cinemark Hoyts,Cinemark Malvinas Argentinas,"Av. Pte. Illia 3770, Shopping Terrazas de Mayo",CÓDIGO: VENGANZA,2D Doblada,19:50,,,,https://www.cinemark.com.ar/peliculas/codigo-venganza
GBA Oeste,Cinemark Hoyts,Cinemark Malvinas Argentinas,"Av. Pte. Illia 3770, Shopping Terrazas de Mayo",CÓDIGO: VENGANZA,2D Doblada,22:20,,,,https://www.cinemark.com.ar/peliculas/codigo-venganza
GBA Oeste,Cinemark Hoyts,Cinemark Malvinas Argentinas,"Av. Pte. Illia 3770, Shopping Terrazas de Mayo",Colony,2D Doblada,14:50,,,,https://www.cinemark.com.ar/peliculas/colony-zona-cero
GBA Oeste,Cinemark Hoyts,Cinemark Malvinas Argentinas,"Av. Pte. Illia 3770, Shopping Terrazas de Mayo",CORALINE,3D Doblada,18:00,,,,https://www.cinemark.com.ar/peliculas/coraline-y-la-puerta-secreta
GBA Oeste,Cinemark Hoyts,Cinemark Malvinas Argentinas,"Av. Pte. Illia 3770, Shopping Terrazas de Mayo",Coyote vs. Acme,2D Doblada,12:25,,,,https://www.cinemark.com.ar/peliculas/coyote-vs-acme
GBA Oeste,Cinemark Hoyts,Cinemark Malvinas Argentinas,"Av. Pte. Illia 3770, Shopping Terrazas de Mayo",Coyote vs. Acme,2D Doblada,14:50,,,,https://www.cinemark.com.ar/peliculas/coyote-vs-acme
GBA Oeste,Cinemark Hoyts,Cinemark Malvinas Argentinas,"Av. Pte. Illia 3770, Shopping Terrazas de Mayo",Coyote vs. Acme,2D Doblada,17:15,,,,https://www.cinemark.com.ar/peliculas/coyote-vs-acme
GBA Oeste,Cinemark Hoyts,Cinemark Malvinas Argentinas,"Av. Pte. Illia 3770, Shopping Terrazas de Mayo",Coyote vs. Acme,2D Doblada,19:40,,,,https://www.cinemark.com.ar/peliculas/coyote-vs-acme
GBA Oeste,Cinemark Hoyts,Cinemark Malvinas Argentinas,"Av. Pte. Illia 3770, Shopping Terrazas de Mayo",El Diablo Viste A La Moda 2,2D Doblada,20:15,,,,https://www.cinemark.com.ar/peliculas/el-diablo-viste-a-la-moda-2
GBA Oeste,Cinemark Hoyts,Cinemark Malvinas Argentinas,"Av. Pte. Illia 3770, Shopping Terrazas de Mayo",El Final de la Calle Oak,2D Doblada,14:00,,,,https://www.cinemark.com.ar/peliculas/el-final-de-la-calle-oak
GBA Oeste,Cinemark Hoyts,Cinemark Malvinas Argentinas,"Av. Pte. Illia 3770, Shopping Terrazas de Mayo",EL HELADERO,2D Doblada,12:45,,,,https://www.cinemark.com.ar/peliculas/el-heladero-dulce-sabor-a-muerte
GBA Oeste,Cinemark Hoyts,Cinemark Malvinas Argentinas,"Av. Pte. Illia 3770, Shopping Terrazas de Mayo",EL HELADERO,2D Doblada,17:40,,,,https://www.cinemark.com.ar/peliculas/el-heladero-dulce-sabor-a-muerte
GBA Oeste,Cinemark Hoyts,Cinemark Malvinas Argentinas,"Av. Pte. Illia 3770, Shopping Terrazas de Mayo",EL HELADERO,2D Doblada,23:10,,,,https://www.cinemark.com.ar/peliculas/el-heladero-dulce-sabor-a-muerte
GBA Oeste,Cinemark Hoyts,Cinemark Malvinas Argentinas,"Av. Pte. Illia 3770, Shopping Terrazas de Mayo",HECHIZO DE AMOR: LA MAGIA CONTINUA,2D Doblada,16:20,,,,https://www.cinemark.com.ar/peliculas/hechizo-de-amor-la-magia-continua
GBA Oeste,Cinemark Hoyts,Cinemark Malvinas Argentinas,"Av. Pte. Illia 3770, Shopping Terrazas de Mayo",HECHIZO DE AMOR: LA MAGIA CONTINUA,2D Doblada,19:10,,,,https://www.cinemark.com.ar/peliculas/hechizo-de-amor-la-magia-continua
GBA Oeste,Cinemark Hoyts,Cinemark Malvinas Argentinas,"Av. Pte. Illia 3770, Shopping Terrazas de Mayo",HECHIZO DE AMOR: LA MAGIA CONTINUA,2D Doblada,22:00,,,,https://www.cinemark.com.ar/peliculas/hechizo-de-amor-la-magia-continua
GBA Oeste,Cinemark Hoyts,Cinemark Malvinas Argentinas,"Av. Pte. Illia 3770, Shopping Terrazas de Mayo",Insidious: Fuera del más allá,2D Doblada,12:20,,,,https://www.cinemark.com.ar/peliculas/la-noche-del-demonio-estan-entre-nosotros
GBA Oeste,Cinemark Hoyts,Cinemark Malvinas Argentinas,"Av. Pte. Illia 3770, Shopping Terrazas de Mayo",Insidious: Fuera del más allá,DBOX 2D Doblada,12:20,,,,https://www.cinemark.com.ar/peliculas/la-noche-del-demonio-estan-entre-nosotros
GBA Oeste,Cinemark Hoyts,Cinemark Malvinas Argentinas,"Av. Pte. Illia 3770, Shopping Terrazas de Mayo",Insidious: Fuera del más allá,2D Doblada,14:40,,,,https://www.cinemark.com.ar/peliculas/la-noche-del-demonio-estan-entre-nosotros
GBA Oeste,Cinemark Hoyts,Cinemark Malvinas Argentinas,"Av. Pte. Illia 3770, Shopping Terrazas de Mayo",Insidious: Fuera del más allá,DBOX 2D Doblada,14:40,,,,https://www.cinemark.com.ar/peliculas/la-noche-del-demonio-estan-entre-nosotros
GBA Oeste,Cinemark Hoyts,Cinemark Malvinas Argentinas,"Av. Pte. Illia 3770, Shopping Terrazas de Mayo",Insidious: Fuera del más allá,2D Doblada,17:00,,,,https://www.cinemark.com.ar/peliculas/la-noche-del-demonio-estan-entre-nosotros
GBA Oeste,Cinemark Hoyts,Cinemark Malvinas Argentinas,"Av. Pte. Illia 3770, Shopping Terrazas de Mayo",Insidious: Fuera del más allá,DBOX 2D Doblada,17:00,,,,https://www.cinemark.com.ar/peliculas/la-noche-del-demonio-estan-entre-nosotros
GBA Oeste,Cinemark Hoyts,Cinemark Malvinas Argentinas,"Av. Pte. Illia 3770, Shopping Terrazas de Mayo",Insidious: Fuera del más allá,2D Doblada,19:20,,,,https://www.cinemark.com.ar/peliculas/la-noche-del-demonio-estan-entre-nosotros
GBA Oeste,Cinemark Hoyts,Cinemark Malvinas Argentinas,"Av. Pte. Illia 3770, Shopping Terrazas de Mayo",Insidious: Fuera del más allá,DBOX 2D Doblada,19:20,,,,https://www.cinemark.com.ar/peliculas/la-noche-del-demonio-estan-entre-nosotros
GBA Oeste,Cinemark Hoyts,Cinemark Malvinas Argentinas,"Av. Pte. Illia 3770, Shopping Terrazas de Mayo",Insidious: Fuera del más allá,2D Doblada,21:50,,,,https://www.cinemark.com.ar/peliculas/la-noche-del-demonio-estan-entre-nosotros
GBA Oeste,Cinemark Hoyts,Cinemark Malvinas Argentinas,"Av. Pte. Illia 3770, Shopping Terrazas de Mayo",Insidious: Fuera del más allá,DBOX 2D Doblada,21:50,,,,https://www.cinemark.com.ar/peliculas/la-noche-del-demonio-estan-entre-nosotros
GBA Oeste,Cinemark Hoyts,Cinemark Malvinas Argentinas,"Av. Pte. Illia 3770, Shopping Terrazas de Mayo",Insidious: Fuera del más allá,2D Doblada,22:55,,,,https://www.cinemark.com.ar/peliculas/la-noche-del-demonio-estan-entre-nosotros
GBA Oeste,Cinemark Hoyts,Cinemark Malvinas Argentinas,"Av. Pte. Illia 3770, Shopping Terrazas de Mayo",La Odisea,2D Doblada,14:10,,,,https://www.cinemark.com.ar/peliculas/la-odisea
GBA Oeste,Cinemark Hoyts,Cinemark Malvinas Argentinas,"Av. Pte. Illia 3770, Shopping Terrazas de Mayo",La Odisea,2D Doblada,22:10,,,,https://www.cinemark.com.ar/peliculas/la-odisea
GBA Oeste,Cinemark Hoyts,Cinemark Malvinas Argentinas,"Av. Pte. Illia 3770, Shopping Terrazas de Mayo",LOS BOXTROLLS,2D Doblada,13:05,,,,https://www.cinemark.com.ar/peliculas/los-boxtrolls
GBA Oeste,Cinemark Hoyts,Cinemark Malvinas Argentinas,"Av. Pte. Illia 3770, Shopping Terrazas de Mayo",Michael,2D Doblada,20:20,,,,https://www.cinemark.com.ar/peliculas/michael
GBA Oeste,Cinemark Hoyts,Cinemark Malvinas Argentinas,"Av. Pte. Illia 3770, Shopping Terrazas de Mayo",OASIS: DON´T LOOK BACK IN ANGER,2D Subtitulada,20:00,,,,https://www.cinemark.com.ar/peliculas/oasis-don-t-look-back-in-anger
GBA Oeste,Cinemark Hoyts,Cinemark Malvinas Argentinas,"Av. Pte. Illia 3770, Shopping Terrazas de Mayo",PARANORMAN,2D Doblada,15:20,,,,https://www.cinemark.com.ar/peliculas/paranorman
GBA Oeste,Cinemark Hoyts,Cinemark Malvinas Argentinas,"Av. Pte. Illia 3770, Shopping Terrazas de Mayo",PAW Patrol: La Dino Película,2D Doblada,12:30,,,,https://www.cinemark.com.ar/peliculas/paw-patrol-la-dino-pelicula
GBA Oeste,Cinemark Hoyts,Cinemark Malvinas Argentinas,"Av. Pte. Illia 3770, Shopping Terrazas de Mayo",Pepita la Pistolera,2D Doblada,22:50,,,,https://www.cinemark.com.ar/peliculas/pepita-la-pistolera
GBA Oeste,Cinemark Hoyts,Cinemark Malvinas Argentinas,"Av. Pte. Illia 3770, Shopping Terrazas de Mayo",RÁPIDO Y FURIOSO: 25 ANIVERSARIO,2D Doblada,23:05,,,,https://www.cinemark.com.ar/peliculas/rapido-y-furioso-25-aniversario
GBA Oeste,Cinemark Hoyts,Cinemark Malvinas Argentinas,"Av. Pte. Illia 3770, Shopping Terrazas de Mayo",Scary Movie,2D Doblada,13:15,,,,https://www.cinemark.com.ar/peliculas/scary-movie-terrorificamente-incorrecta
GBA Oeste,Cinemark Hoyts,Cinemark Malvinas Argentinas,"Av. Pte. Illia 3770, Shopping Terrazas de Mayo",Scary Movie,2D Doblada,17:50,,,,https://www.cinemark.com.ar/peliculas/scary-movie-terrorificamente-incorrecta
GBA Oeste,Cinemark Hoyts,Cinemark Malvinas Argentinas,"Av. Pte. Illia 3770, Shopping Terrazas de Mayo",SHREK 25 ANIVERSARIO,2D Doblada,14:45,,,,https://www.cinemark.com.ar/peliculas/shrek-25-aniversario
GBA Oeste,Cinemark Hoyts,Cinemark Malvinas Argentinas,"Av. Pte. Illia 3770, Shopping Terrazas de Mayo",Spider-Man: Un nuevo día,DBOX XD 3D Doblada,12:40,,,,https://www.cinemark.com.ar/peliculas/spider-man-un-nuevo-dia
GBA Oeste,Cinemark Hoyts,Cinemark Malvinas Argentinas,"Av. Pte. Illia 3770, Shopping Terrazas de Mayo",Spider-Man: Un nuevo día,XD 3D Doblada,12:40,,,,https://www.cinemark.com.ar/peliculas/spider-man-un-nuevo-dia
GBA Oeste,Cinemark Hoyts,Cinemark Malvinas Argentinas,"Av. Pte. Illia 3770, Shopping Terrazas de Mayo",Spider-Man: Un nuevo día,DBOX XD 2D Doblada,15:50,,,,https://www.cinemark.com.ar/peliculas/spider-man-un-nuevo-dia
GBA Oeste,Cinemark Hoyts,Cinemark Malvinas Argentinas,"Av. Pte. Illia 3770, Shopping Terrazas de Mayo",Spider-Man: Un nuevo día,XD 2D Doblada,15:50,,,,https://www.cinemark.com.ar/peliculas/spider-man-un-nuevo-dia
GBA Oeste,Cinemark Hoyts,Cinemark Malvinas Argentinas,"Av. Pte. Illia 3770, Shopping Terrazas de Mayo",Spider-Man: Un nuevo día,DBOX XD 3D Doblada,19:00,,,,https://www.cinemark.com.ar/peliculas/spider-man-un-nuevo-dia
GBA Oeste,Cinemark Hoyts,Cinemark Malvinas Argentinas,"Av. Pte. Illia 3770, Shopping Terrazas de Mayo",Spider-Man: Un nuevo día,XD 3D Doblada,19:00,,,,https://www.cinemark.com.ar/peliculas/spider-man-un-nuevo-dia
GBA Oeste,Cinemark Hoyts,Cinemark Malvinas Argentinas,"Av. Pte. Illia 3770, Shopping Terrazas de Mayo",Spider-Man: Un nuevo día,DBOX XD 2D Doblada,22:30,,,,https://www.cinemark.com.ar/peliculas/spider-man-un-nuevo-dia
GBA Oeste,Cinemark Hoyts,Cinemark Malvinas Argentinas,"Av. Pte. Illia 3770, Shopping Terrazas de Mayo",Spider-Man: Un nuevo día,XD 2D Doblada,22:30,,,,https://www.cinemark.com.ar/peliculas/spider-man-un-nuevo-dia
GBA Oeste,Cinemark Hoyts,Cinemark Malvinas Argentinas,"Av. Pte. Illia 3770, Shopping Terrazas de Mayo",TADEO EL EXPLORADOR Y LA LAMPARA,2D Doblada,12:50,,,,https://www.cinemark.com.ar/peliculas/tadeo-el-explorador-y-la-lampara-maravillosa
GBA Oeste,Cinemark Hoyts,Cinemark Malvinas Argentinas,"Av. Pte. Illia 3770, Shopping Terrazas de Mayo",TADEO EL EXPLORADOR Y LA LAMPARA,2D Doblada,15:00,,,,https://www.cinemark.com.ar/peliculas/tadeo-el-explorador-y-la-lampara-maravillosa
GBA Oeste,Cinemark Hoyts,Cinemark Malvinas Argentinas,"Av. Pte. Illia 3770, Shopping Terrazas de Mayo",TADEO EL EXPLORADOR Y LA LAMPARA,2D Doblada,17:25,,,,https://www.cinemark.com.ar/peliculas/tadeo-el-explorador-y-la-lampara-maravillosa
GBA Oeste,Cinemark Hoyts,Cinemark Malvinas Argentinas,"Av. Pte. Illia 3770, Shopping Terrazas de Mayo",Terminator 2: El juicio final,2D Doblada,16:50,,,,https://www.cinemark.com.ar/peliculas/terminator-2-el-juicio-final-35-aniversario
GBA Oeste,Cinemark Hoyts,Cinemark Malvinas Argentinas,"Av. Pte. Illia 3770, Shopping Terrazas de Mayo",Toy Story 5,2D Doblada,15:30,,,,https://www.cinemark.com.ar/peliculas/toy-story-5
GBA Oeste,Cinemark Hoyts,Cinemark Malvinas Argentinas,"Av. Pte. Illia 3770, Shopping Terrazas de Mayo",VOLVER AL FUTURO,2D Subtitulada,20:10,,,,https://www.cinemark.com.ar/peliculas/volver-al-futuro
GBA Oeste,Cinemark Hoyts,Cinemark Malvinas Argentinas,"Av. Pte. Illia 3770, Shopping Terrazas de Mayo",Yo Narciso,2D Doblada,20:30,,,,https://www.cinemark.com.ar/peliculas/yo-narciso
GBA Oeste,Cinemark Hoyts,Cinemark Malvinas Argentinas,"Av. Pte. Illia 3770, Shopping Terrazas de Mayo",Yo Narciso,2D Doblada,22:40,,,,https://www.cinemark.com.ar/peliculas/yo-narciso
GBA Oeste,Cinemark Hoyts,Hoyts Morón,"J.M. de Rosas 658, Plaza Oeste Shopping",CÓDIGO: VENGANZA,2D Doblada,13:20,,,,https://www.cinemark.com.ar/peliculas/codigo-venganza
GBA Oeste,Cinemark Hoyts,Hoyts Morón,"J.M. de Rosas 658, Plaza Oeste Shopping",CÓDIGO: VENGANZA,2D Doblada,17:50,,,,https://www.cinemark.com.ar/peliculas/codigo-venganza
GBA Oeste,Cinemark Hoyts,Hoyts Morón,"J.M. de Rosas 658, Plaza Oeste Shopping",CÓDIGO: VENGANZA,2D Doblada,23:00,,,,https://www.cinemark.com.ar/peliculas/codigo-venganza
GBA Oeste,Cinemark Hoyts,Hoyts Morón,"J.M. de Rosas 658, Plaza Oeste Shopping",Colony,2D Doblada,17:00,,,,https://www.cinemark.com.ar/peliculas/colony-zona-cero
GBA Oeste,Cinemark Hoyts,Hoyts Morón,"J.M. de Rosas 658, Plaza Oeste Shopping",CORALINE,3D Doblada,18:00,,,,https://www.cinemark.com.ar/peliculas/coraline-y-la-puerta-secreta
GBA Oeste,Cinemark Hoyts,Hoyts Morón,"J.M. de Rosas 658, Plaza Oeste Shopping",Coyote vs. Acme,2D Doblada,12:20,,,,https://www.cinemark.com.ar/peliculas/coyote-vs-acme
GBA Oeste,Cinemark Hoyts,Hoyts Morón,"J.M. de Rosas 658, Plaza Oeste Shopping",Coyote vs. Acme,DBOX 2D Doblada,12:20,,,,https://www.cinemark.com.ar/peliculas/coyote-vs-acme
GBA Oeste,Cinemark Hoyts,Hoyts Morón,"J.M. de Rosas 658, Plaza Oeste Shopping",Coyote vs. Acme,2D Doblada,14:50,,,,https://www.cinemark.com.ar/peliculas/coyote-vs-acme
GBA Oeste,Cinemark Hoyts,Hoyts Morón,"J.M. de Rosas 658, Plaza Oeste Shopping",Coyote vs. Acme,DBOX 2D Doblada,14:50,,,,https://www.cinemark.com.ar/peliculas/coyote-vs-acme
GBA Oeste,Cinemark Hoyts,Hoyts Morón,"J.M. de Rosas 658, Plaza Oeste Shopping",Coyote vs. Acme,2D Doblada,17:15,,,,https://www.cinemark.com.ar/peliculas/coyote-vs-acme
GBA Oeste,Cinemark Hoyts,Hoyts Morón,"J.M. de Rosas 658, Plaza Oeste Shopping",Coyote vs. Acme,DBOX 2D Doblada,17:15,,,,https://www.cinemark.com.ar/peliculas/coyote-vs-acme
GBA Oeste,Cinemark Hoyts,Hoyts Morón,"J.M. de Rosas 658, Plaza Oeste Shopping",Coyote vs. Acme,2D Doblada,19:45,,,,https://www.cinemark.com.ar/peliculas/coyote-vs-acme
GBA Oeste,Cinemark Hoyts,Hoyts Morón,"J.M. de Rosas 658, Plaza Oeste Shopping",Coyote vs. Acme,DBOX 2D Doblada,19:45,,,,https://www.cinemark.com.ar/peliculas/coyote-vs-acme
GBA Oeste,Cinemark Hoyts,Hoyts Morón,"J.M. de Rosas 658, Plaza Oeste Shopping",EL HELADERO,2D Doblada,18:10,,,,https://www.cinemark.com.ar/peliculas/el-heladero-dulce-sabor-a-muerte
GBA Oeste,Cinemark Hoyts,Hoyts Morón,"J.M. de Rosas 658, Plaza Oeste Shopping",EL HELADERO,2D Doblada,22:50,,,,https://www.cinemark.com.ar/peliculas/el-heladero-dulce-sabor-a-muerte
GBA Oeste,Cinemark Hoyts,Hoyts Morón,"J.M. de Rosas 658, Plaza Oeste Shopping",HECHIZO DE AMOR: LA MAGIA CONTINUA,2D Doblada,19:40,,,,https://www.cinemark.com.ar/peliculas/hechizo-de-amor-la-magia-continua
GBA Oeste,Cinemark Hoyts,Hoyts Morón,"J.M. de Rosas 658, Plaza Oeste Shopping",HECHIZO DE AMOR: LA MAGIA CONTINUA,2D Doblada,22:30,,,,https://www.cinemark.com.ar/peliculas/hechizo-de-amor-la-magia-continua
GBA Oeste,Cinemark Hoyts,Hoyts Morón,"J.M. de Rosas 658, Plaza Oeste Shopping",Insidious: Fuera del más allá,2D Doblada,12:40,,,,https://www.cinemark.com.ar/peliculas/la-noche-del-demonio-estan-entre-nosotros
GBA Oeste,Cinemark Hoyts,Hoyts Morón,"J.M. de Rosas 658, Plaza Oeste Shopping",Insidious: Fuera del más allá,2D Doblada,15:00,,,,https://www.cinemark.com.ar/peliculas/la-noche-del-demonio-estan-entre-nosotros
GBA Oeste,Cinemark Hoyts,Hoyts Morón,"J.M. de Rosas 658, Plaza Oeste Shopping",Insidious: Fuera del más allá,2D Doblada,17:20,,,,https://www.cinemark.com.ar/peliculas/la-noche-del-demonio-estan-entre-nosotros
GBA Oeste,Cinemark Hoyts,Hoyts Morón,"J.M. de Rosas 658, Plaza Oeste Shopping",Insidious: Fuera del más allá,2D Doblada,19:50,,,,https://www.cinemark.com.ar/peliculas/la-noche-del-demonio-estan-entre-nosotros
GBA Oeste,Cinemark Hoyts,Hoyts Morón,"J.M. de Rosas 658, Plaza Oeste Shopping",Insidious: Fuera del más allá,2D Doblada,22:20,,,,https://www.cinemark.com.ar/peliculas/la-noche-del-demonio-estan-entre-nosotros
GBA Oeste,Cinemark Hoyts,Hoyts Morón,"J.M. de Rosas 658, Plaza Oeste Shopping",La Odisea,2D Doblada,14:10,,,,https://www.cinemark.com.ar/peliculas/la-odisea
GBA Oeste,Cinemark Hoyts,Hoyts Morón,"J.M. de Rosas 658, Plaza Oeste Shopping",La Odisea,2D Doblada,22:10,,,,https://www.cinemark.com.ar/peliculas/la-odisea
GBA Oeste,Cinemark Hoyts,Hoyts Morón,"J.M. de Rosas 658, Plaza Oeste Shopping",La Odisea,DBOX 2D Doblada,22:10,,,,https://www.cinemark.com.ar/peliculas/la-odisea
GBA Oeste,Cinemark Hoyts,Hoyts Morón,"J.M. de Rosas 658, Plaza Oeste Shopping",Michael,2D Doblada,15:20,,,,https://www.cinemark.com.ar/peliculas/michael
GBA Oeste,Cinemark Hoyts,Hoyts Morón,"J.M. de Rosas 658, Plaza Oeste Shopping",OASIS: DON´T LOOK BACK IN ANGER,2D Subtitulada,20:10,,,,https://www.cinemark.com.ar/peliculas/oasis-don-t-look-back-in-anger
GBA Oeste,Cinemark Hoyts,Hoyts Morón,"J.M. de Rosas 658, Plaza Oeste Shopping",Pepita la Pistolera,2D Doblada,22:40,,,,https://www.cinemark.com.ar/peliculas/pepita-la-pistolera
GBA Oeste,Cinemark Hoyts,Hoyts Morón,"J.M. de Rosas 658, Plaza Oeste Shopping",RÁPIDO Y FURIOSO: 25 ANIVERSARIO,2D Doblada,20:30,,,,https://www.cinemark.com.ar/peliculas/rapido-y-furioso-25-aniversario
GBA Oeste,Cinemark Hoyts,Hoyts Morón,"J.M. de Rosas 658, Plaza Oeste Shopping",SHREK 25 ANIVERSARIO,2D Doblada,15:40,,,,https://www.cinemark.com.ar/peliculas/shrek-25-aniversario
GBA Oeste,Cinemark Hoyts,Hoyts Morón,"J.M. de Rosas 658, Plaza Oeste Shopping",Spider-Man: Un nuevo día,2D Doblada,12:30,,,,https://www.cinemark.com.ar/peliculas/spider-man-un-nuevo-dia
GBA Oeste,Cinemark Hoyts,Hoyts Morón,"J.M. de Rosas 658, Plaza Oeste Shopping",Spider-Man: Un nuevo día,DBOX 2D Doblada,12:30,,,,https://www.cinemark.com.ar/peliculas/spider-man-un-nuevo-dia
GBA Oeste,Cinemark Hoyts,Hoyts Morón,"J.M. de Rosas 658, Plaza Oeste Shopping",Spider-Man: Un nuevo día,3D Doblada,15:50,,,,https://www.cinemark.com.ar/peliculas/spider-man-un-nuevo-dia
GBA Oeste,Cinemark Hoyts,Hoyts Morón,"J.M. de Rosas 658, Plaza Oeste Shopping",Spider-Man: Un nuevo día,DBOX 3D Doblada,15:50,,,,https://www.cinemark.com.ar/peliculas/spider-man-un-nuevo-dia
GBA Oeste,Cinemark Hoyts,Hoyts Morón,"J.M. de Rosas 658, Plaza Oeste Shopping",Spider-Man: Un nuevo día,2D Doblada,19:00,,,,https://www.cinemark.com.ar/peliculas/spider-man-un-nuevo-dia
GBA Oeste,Cinemark Hoyts,Hoyts Morón,"J.M. de Rosas 658, Plaza Oeste Shopping",Spider-Man: Un nuevo día,DBOX 2D Doblada,19:00,,,,https://www.cinemark.com.ar/peliculas/spider-man-un-nuevo-dia
GBA Oeste,Cinemark Hoyts,Hoyts Morón,"J.M. de Rosas 658, Plaza Oeste Shopping",Spider-Man: Un nuevo día,2D Doblada,22:15,,,,https://www.cinemark.com.ar/peliculas/spider-man-un-nuevo-dia
GBA Oeste,Cinemark Hoyts,Hoyts Morón,"J.M. de Rosas 658, Plaza Oeste Shopping",Spider-Man: Un nuevo día,DBOX 2D Doblada,22:15,,,,https://www.cinemark.com.ar/peliculas/spider-man-un-nuevo-dia
GBA Oeste,Cinemark Hoyts,Hoyts Morón,"J.M. de Rosas 658, Plaza Oeste Shopping",TADEO EL EXPLORADOR Y LA LAMPARA,2D Doblada,13:00,,,,https://www.cinemark.com.ar/peliculas/tadeo-el-explorador-y-la-lampara-maravillosa
GBA Oeste,Cinemark Hoyts,Hoyts Morón,"J.M. de Rosas 658, Plaza Oeste Shopping",TADEO EL EXPLORADOR Y LA LAMPARA,2D Doblada,15:10,,,,https://www.cinemark.com.ar/peliculas/tadeo-el-explorador-y-la-lampara-maravillosa
GBA Oeste,Cinemark Hoyts,Hoyts Morón,"J.M. de Rosas 658, Plaza Oeste Shopping",TADEO EL EXPLORADOR Y LA LAMPARA,2D Doblada,17:30,,,,https://www.cinemark.com.ar/peliculas/tadeo-el-explorador-y-la-lampara-maravillosa
GBA Oeste,Cinemark Hoyts,Hoyts Morón,"J.M. de Rosas 658, Plaza Oeste Shopping",Toy Story 5,2D Doblada,12:50,,,,https://www.cinemark.com.ar/peliculas/toy-story-5
GBA Oeste,Cinemark Hoyts,Hoyts Morón,"J.M. de Rosas 658, Plaza Oeste Shopping",VOLVER AL FUTURO,2D Subtitulada,20:00,,,,https://www.cinemark.com.ar/peliculas/volver-al-futuro
GBA Oeste,Cinemark Hoyts,Hoyts Morón,"J.M. de Rosas 658, Plaza Oeste Shopping",Yo Narciso,2D Doblada,14:30,,,,https://www.cinemark.com.ar/peliculas/yo-narciso
GBA Oeste,Cinemark Hoyts,Hoyts Morón,"J.M. de Rosas 658, Plaza Oeste Shopping",Yo Narciso,2D Doblada,20:20,,,,https://www.cinemark.com.ar/peliculas/yo-narciso
GBA Oeste,Cinemark Hoyts,Hoyts Morón,"J.M. de Rosas 658, Plaza Oeste Shopping",Yo Narciso,2D Doblada,22:35,,,,https://www.cinemark.com.ar/peliculas/yo-narciso
GBA Oeste,Cinemark Hoyts,Cinemark San Justo,Av. Brigadier Juan M. de Rosas 3910,CORALINE,3D Doblada,16:00,,,,https://www.cinemark.com.ar/peliculas/coraline-y-la-puerta-secreta
GBA Oeste,Cinemark Hoyts,Cinemark San Justo,Av. Brigadier Juan M. de Rosas 3910,Coyote vs. Acme,2D Doblada,12:30,,,,https://www.cinemark.com.ar/peliculas/coyote-vs-acme
GBA Oeste,Cinemark Hoyts,Cinemark San Justo,Av. Brigadier Juan M. de Rosas 3910,Coyote vs. Acme,2D Doblada,15:00,,,,https://www.cinemark.com.ar/peliculas/coyote-vs-acme
GBA Oeste,Cinemark Hoyts,Cinemark San Justo,Av. Brigadier Juan M. de Rosas 3910,Coyote vs. Acme,2D Doblada,17:40,,,,https://www.cinemark.com.ar/peliculas/coyote-vs-acme
GBA Oeste,Cinemark Hoyts,Cinemark San Justo,Av. Brigadier Juan M. de Rosas 3910,Coyote vs. Acme,2D Doblada,20:20,,,,https://www.cinemark.com.ar/peliculas/coyote-vs-acme
GBA Oeste,Cinemark Hoyts,Cinemark San Justo,Av. Brigadier Juan M. de Rosas 3910,EL HELADERO,2D Doblada,20:40,,,,https://www.cinemark.com.ar/peliculas/el-heladero-dulce-sabor-a-muerte
GBA Oeste,Cinemark Hoyts,Cinemark San Justo,Av. Brigadier Juan M. de Rosas 3910,EL HELADERO,2D Doblada,22:40,,,,https://www.cinemark.com.ar/peliculas/el-heladero-dulce-sabor-a-muerte
GBA Oeste,Cinemark Hoyts,Cinemark San Justo,Av. Brigadier Juan M. de Rosas 3910,HECHIZO DE AMOR: LA MAGIA CONTINUA,2D Doblada,20:10,,,,https://www.cinemark.com.ar/peliculas/hechizo-de-amor-la-magia-continua
GBA Oeste,Cinemark Hoyts,Cinemark San Justo,Av. Brigadier Juan M. de Rosas 3910,HECHIZO DE AMOR: LA MAGIA CONTINUA,2D Doblada,23:00,,,,https://www.cinemark.com.ar/peliculas/hechizo-de-amor-la-magia-continua
GBA Oeste,Cinemark Hoyts,Cinemark San Justo,Av. Brigadier Juan M. de Rosas 3910,Insidious: Fuera del más allá,2D Doblada,13:20,,,,https://www.cinemark.com.ar/peliculas/la-noche-del-demonio-estan-entre-nosotros
GBA Oeste,Cinemark Hoyts,Cinemark San Justo,Av. Brigadier Juan M. de Rosas 3910,Insidious: Fuera del más allá,DBOX 2D Doblada,13:20,,,,https://www.cinemark.com.ar/peliculas/la-noche-del-demonio-estan-entre-nosotros
GBA Oeste,Cinemark Hoyts,Cinemark San Justo,Av. Brigadier Juan M. de Rosas 3910,Insidious: Fuera del más allá,2D Doblada,15:50,,,,https://www.cinemark.com.ar/peliculas/la-noche-del-demonio-estan-entre-nosotros
GBA Oeste,Cinemark Hoyts,Cinemark San Justo,Av. Brigadier Juan M. de Rosas 3910,Insidious: Fuera del más allá,DBOX 2D Doblada,15:50,,,,https://www.cinemark.com.ar/peliculas/la-noche-del-demonio-estan-entre-nosotros
GBA Oeste,Cinemark Hoyts,Cinemark San Justo,Av. Brigadier Juan M. de Rosas 3910,Insidious: Fuera del más allá,2D Doblada,18:10,,,,https://www.cinemark.com.ar/peliculas/la-noche-del-demonio-estan-entre-nosotros
GBA Oeste,Cinemark Hoyts,Cinemark San Justo,Av. Brigadier Juan M. de Rosas 3910,Insidious: Fuera del más allá,DBOX 2D Doblada,18:10,,,,https://www.cinemark.com.ar/peliculas/la-noche-del-demonio-estan-entre-nosotros
GBA Oeste,Cinemark Hoyts,Cinemark San Justo,Av. Brigadier Juan M. de Rosas 3910,Insidious: Fuera del más allá,2D Doblada,20:30,,,,https://www.cinemark.com.ar/peliculas/la-noche-del-demonio-estan-entre-nosotros
GBA Oeste,Cinemark Hoyts,Cinemark San Justo,Av. Brigadier Juan M. de Rosas 3910,Insidious: Fuera del más allá,DBOX 2D Doblada,20:30,,,,https://www.cinemark.com.ar/peliculas/la-noche-del-demonio-estan-entre-nosotros
GBA Oeste,Cinemark Hoyts,Cinemark San Justo,Av. Brigadier Juan M. de Rosas 3910,Insidious: Fuera del más allá,2D Doblada,22:50,,,,https://www.cinemark.com.ar/peliculas/la-noche-del-demonio-estan-entre-nosotros
GBA Oeste,Cinemark Hoyts,Cinemark San Justo,Av. Brigadier Juan M. de Rosas 3910,Insidious: Fuera del más allá,DBOX 2D Doblada,22:50,,,,https://www.cinemark.com.ar/peliculas/la-noche-del-demonio-estan-entre-nosotros
GBA Oeste,Cinemark Hoyts,Cinemark San Justo,Av. Brigadier Juan M. de Rosas 3910,Michael,2D Doblada,14:00,,,,https://www.cinemark.com.ar/peliculas/michael
GBA Oeste,Cinemark Hoyts,Cinemark San Justo,Av. Brigadier Juan M. de Rosas 3910,Pepita la Pistolera,2D Doblada,22:55,,,,https://www.cinemark.com.ar/peliculas/pepita-la-pistolera
GBA Oeste,Cinemark Hoyts,Cinemark San Justo,Av. Brigadier Juan M. de Rosas 3910,RÁPIDO Y FURIOSO: 25 ANIVERSARIO,2D Doblada,17:00,,,,https://www.cinemark.com.ar/peliculas/rapido-y-furioso-25-aniversario
GBA Oeste,Cinemark Hoyts,Cinemark San Justo,Av. Brigadier Juan M. de Rosas 3910,Scary Movie,2D Doblada,18:30,,,,https://www.cinemark.com.ar/peliculas/scary-movie-terrorificamente-incorrecta
GBA Oeste,Cinemark Hoyts,Cinemark San Justo,Av. Brigadier Juan M. de Rosas 3910,SHREK 25 ANIVERSARIO,2D Doblada,13:40,,,,https://www.cinemark.com.ar/peliculas/shrek-25-aniversario
GBA Oeste,Cinemark Hoyts,Cinemark San Justo,Av. Brigadier Juan M. de Rosas 3910,Spider-Man: Un nuevo día,DBOX XD 2D Doblada,12:20,,,,https://www.cinemark.com.ar/peliculas/spider-man-un-nuevo-dia
GBA Oeste,Cinemark Hoyts,Cinemark San Justo,Av. Brigadier Juan M. de Rosas 3910,Spider-Man: Un nuevo día,XD 2D Doblada,12:20,,,,https://www.cinemark.com.ar/peliculas/spider-man-un-nuevo-dia
GBA Oeste,Cinemark Hoyts,Cinemark San Justo,Av. Brigadier Juan M. de Rosas 3910,Spider-Man: Un nuevo día,DBOX XD 2D Doblada,15:30,,,,https://www.cinemark.com.ar/peliculas/spider-man-un-nuevo-dia
GBA Oeste,Cinemark Hoyts,Cinemark San Justo,Av. Brigadier Juan M. de Rosas 3910,Spider-Man: Un nuevo día,XD 2D Doblada,15:30,,,,https://www.cinemark.com.ar/peliculas/spider-man-un-nuevo-dia
GBA Oeste,Cinemark Hoyts,Cinemark San Justo,Av. Brigadier Juan M. de Rosas 3910,Spider-Man: Un nuevo día,DBOX XD 3D Doblada,18:50,,,,https://www.cinemark.com.ar/peliculas/spider-man-un-nuevo-dia
GBA Oeste,Cinemark Hoyts,Cinemark San Justo,Av. Brigadier Juan M. de Rosas 3910,Spider-Man: Un nuevo día,XD 3D Doblada,18:50,,,,https://www.cinemark.com.ar/peliculas/spider-man-un-nuevo-dia
GBA Oeste,Cinemark Hoyts,Cinemark San Justo,Av. Brigadier Juan M. de Rosas 3910,Spider-Man: Un nuevo día,DBOX XD 2D Doblada,22:00,,,,https://www.cinemark.com.ar/peliculas/spider-man-un-nuevo-dia
GBA Oeste,Cinemark Hoyts,Cinemark San Justo,Av. Brigadier Juan M. de Rosas 3910,Spider-Man: Un nuevo día,XD 2D Doblada,22:00,,,,https://www.cinemark.com.ar/peliculas/spider-man-un-nuevo-dia
GBA Oeste,Cinemark Hoyts,Cinemark San Justo,Av. Brigadier Juan M. de Rosas 3910,TADEO EL EXPLORADOR Y LA LAMPARA,2D Doblada,13:00,,,,https://www.cinemark.com.ar/peliculas/tadeo-el-explorador-y-la-lampara-maravillosa
GBA Oeste,Cinemark Hoyts,Cinemark San Justo,Av. Brigadier Juan M. de Rosas 3910,TADEO EL EXPLORADOR Y LA LAMPARA,2D Doblada,15:20,,,,https://www.cinemark.com.ar/peliculas/tadeo-el-explorador-y-la-lampara-maravillosa
GBA Oeste,Cinemark Hoyts,Cinemark San Justo,Av. Brigadier Juan M. de Rosas 3910,TADEO EL EXPLORADOR Y LA LAMPARA,2D Doblada,17:50,,,,https://www.cinemark.com.ar/peliculas/tadeo-el-explorador-y-la-lampara-maravillosa
GBA Oeste,Cinemark Hoyts,Cinemark San Justo,Av. Brigadier Juan M. de Rosas 3910,VOLVER AL FUTURO,2D Subtitulada,20:00,,,,https://www.cinemark.com.ar/peliculas/volver-al-futuro
GBA Oeste,Cinemark Hoyts,Cinemark San Justo,Av. Brigadier Juan M. de Rosas 3910,Yo Narciso,2D Doblada,22:30,,,,https://www.cinemark.com.ar/peliculas/yo-narciso
GBA Norte,Cinemark Hoyts,Cinemark Tortugas,"Ramal Pilar km 36,5, Tortuguitas TOM",CÓDIGO: VENGANZA,2D Doblada,13:00,,,,https://www.cinemark.com.ar/peliculas/codigo-venganza
GBA Norte,Cinemark Hoyts,Cinemark Tortugas,"Ramal Pilar km 36,5, Tortuguitas TOM",CÓDIGO: VENGANZA,2D Doblada,17:30,,,,https://www.cinemark.com.ar/peliculas/codigo-venganza
GBA Norte,Cinemark Hoyts,Cinemark Tortugas,"Ramal Pilar km 36,5, Tortuguitas TOM",CÓDIGO: VENGANZA,2D Doblada,22:10,,,,https://www.cinemark.com.ar/peliculas/codigo-venganza
GBA Norte,Cinemark Hoyts,Cinemark Tortugas,"Ramal Pilar km 36,5, Tortuguitas TOM",Colony,2D Doblada,17:30,,,,https://www.cinemark.com.ar/peliculas/colony-zona-cero
GBA Norte,Cinemark Hoyts,Cinemark Tortugas,"Ramal Pilar km 36,5, Tortuguitas TOM",CORALINE,3D Doblada,18:00,,,,https://www.cinemark.com.ar/peliculas/coraline-y-la-puerta-secreta
GBA Norte,Cinemark Hoyts,Cinemark Tortugas,"Ramal Pilar km 36,5, Tortuguitas TOM",Coyote vs. Acme,2D Doblada,12:20,,,,https://www.cinemark.com.ar/peliculas/coyote-vs-acme
GBA Norte,Cinemark Hoyts,Cinemark Tortugas,"Ramal Pilar km 36,5, Tortuguitas TOM",Coyote vs. Acme,2D Doblada,14:50,,,,https://www.cinemark.com.ar/peliculas/coyote-vs-acme
GBA Norte,Cinemark Hoyts,Cinemark Tortugas,"Ramal Pilar km 36,5, Tortuguitas TOM",Coyote vs. Acme,2D Doblada,17:20,,,,https://www.cinemark.com.ar/peliculas/coyote-vs-acme
GBA Norte,Cinemark Hoyts,Cinemark Tortugas,"Ramal Pilar km 36,5, Tortuguitas TOM",Coyote vs. Acme,2D Doblada,19:50,,,,https://www.cinemark.com.ar/peliculas/coyote-vs-acme
GBA Norte,Cinemark Hoyts,Cinemark Tortugas,"Ramal Pilar km 36,5, Tortuguitas TOM",El Diablo Viste A La Moda 2,2D Doblada,15:00,,,,https://www.cinemark.com.ar/peliculas/el-diablo-viste-a-la-moda-2
GBA Norte,Cinemark Hoyts,Cinemark Tortugas,"Ramal Pilar km 36,5, Tortuguitas TOM",EL HELADERO,2D Doblada,18:10,,,,https://www.cinemark.com.ar/peliculas/el-heladero-dulce-sabor-a-muerte
GBA Norte,Cinemark Hoyts,Cinemark Tortugas,"Ramal Pilar km 36,5, Tortuguitas TOM",EL HELADERO,2D Doblada,23:00,,,,https://www.cinemark.com.ar/peliculas/el-heladero-dulce-sabor-a-muerte
GBA Norte,Cinemark Hoyts,Cinemark Tortugas,"Ramal Pilar km 36,5, Tortuguitas TOM",HECHIZO DE AMOR: LA MAGIA CONTINUA,2D Doblada,19:00,,,,https://www.cinemark.com.ar/peliculas/hechizo-de-amor-la-magia-continua
GBA Norte,Cinemark Hoyts,Cinemark Tortugas,"Ramal Pilar km 36,5, Tortuguitas TOM",HECHIZO DE AMOR: LA MAGIA CONTINUA,2D Doblada,21:50,,,,https://www.cinemark.com.ar/peliculas/hechizo-de-amor-la-magia-continua
GBA Norte,Cinemark Hoyts,Cinemark Tortugas,"Ramal Pilar km 36,5, Tortuguitas TOM",Hoppers: Operación Castor,2D Doblada,12:50,,,,https://www.cinemark.com.ar/peliculas/hoppers
GBA Norte,Cinemark Hoyts,Cinemark Tortugas,"Ramal Pilar km 36,5, Tortuguitas TOM",Insidious: Fuera del más allá,2D Doblada,14:10,,,,https://www.cinemark.com.ar/peliculas/la-noche-del-demonio-estan-entre-nosotros
GBA Norte,Cinemark Hoyts,Cinemark Tortugas,"Ramal Pilar km 36,5, Tortuguitas TOM",Insidious: Fuera del más allá,DBOX 2D Doblada,14:10,,,,https://www.cinemark.com.ar/peliculas/la-noche-del-demonio-estan-entre-nosotros
GBA Norte,Cinemark Hoyts,Cinemark Tortugas,"Ramal Pilar km 36,5, Tortuguitas TOM",Insidious: Fuera del más allá,2D Doblada,16:40,,,,https://www.cinemark.com.ar/peliculas/la-noche-del-demonio-estan-entre-nosotros
GBA Norte,Cinemark Hoyts,Cinemark Tortugas,"Ramal Pilar km 36,5, Tortuguitas TOM",Insidious: Fuera del más allá,DBOX 2D Doblada,16:40,,,,https://www.cinemark.com.ar/peliculas/la-noche-del-demonio-estan-entre-nosotros
GBA Norte,Cinemark Hoyts,Cinemark Tortugas,"Ramal Pilar km 36,5, Tortuguitas TOM",Insidious: Fuera del más allá,2D Doblada,19:10,,,,https://www.cinemark.com.ar/peliculas/la-noche-del-demonio-estan-entre-nosotros
GBA Norte,Cinemark Hoyts,Cinemark Tortugas,"Ramal Pilar km 36,5, Tortuguitas TOM",Insidious: Fuera del más allá,DBOX 2D Doblada,19:10,,,,https://www.cinemark.com.ar/peliculas/la-noche-del-demonio-estan-entre-nosotros
GBA Norte,Cinemark Hoyts,Cinemark Tortugas,"Ramal Pilar km 36,5, Tortuguitas TOM",Insidious: Fuera del más allá,2D Doblada,21:40,,,,https://www.cinemark.com.ar/peliculas/la-noche-del-demonio-estan-entre-nosotros
GBA Norte,Cinemark Hoyts,Cinemark Tortugas,"Ramal Pilar km 36,5, Tortuguitas TOM",Insidious: Fuera del más allá,DBOX 2D Doblada,21:40,,,,https://www.cinemark.com.ar/peliculas/la-noche-del-demonio-estan-entre-nosotros
GBA Norte,Cinemark Hoyts,Cinemark Tortugas,"Ramal Pilar km 36,5, Tortuguitas TOM",Insidious: Fuera del más allá,2D Doblada,22:40,,,,https://www.cinemark.com.ar/peliculas/la-noche-del-demonio-estan-entre-nosotros
GBA Norte,Cinemark Hoyts,Cinemark Tortugas,"Ramal Pilar km 36,5, Tortuguitas TOM",La constelación del perro,2D Doblada,16:20,,,,https://cartelera.ar/pelicula/la-constelacion-del-perro
GBA Norte,Cinemark Hoyts,Cinemark Tortugas,"Ramal Pilar km 36,5, Tortuguitas TOM",LA GUERRA DE LOS ÚLTIMOS,2D Doblada,16:20,,,,https://www.cinemark.com.ar/peliculas/la-guerra-de-los-ultimos
GBA Norte,Cinemark Hoyts,Cinemark Tortugas,"Ramal Pilar km 36,5, Tortuguitas TOM",La Odisea,2D Doblada,14:20,,,,https://www.cinemark.com.ar/peliculas/la-odisea
GBA Norte,Cinemark Hoyts,Cinemark Tortugas,"Ramal Pilar km 36,5, Tortuguitas TOM",La Odisea,2D Doblada,22:20,,,,https://www.cinemark.com.ar/peliculas/la-odisea
GBA Norte,Cinemark Hoyts,Cinemark Tortugas,"Ramal Pilar km 36,5, Tortuguitas TOM",LOS BOXTROLLS,2D Doblada,12:40,,,,https://www.cinemark.com.ar/peliculas/los-boxtrolls
GBA Norte,Cinemark Hoyts,Cinemark Tortugas,"Ramal Pilar km 36,5, Tortuguitas TOM",OASIS: DON´T LOOK BACK IN ANGER,2D Subtitulada,20:10,,,,https://www.cinemark.com.ar/peliculas/oasis-don-t-look-back-in-anger
GBA Norte,Cinemark Hoyts,Cinemark Tortugas,"Ramal Pilar km 36,5, Tortuguitas TOM",Pepita la Pistolera,2D Doblada,15:10,,,,https://www.cinemark.com.ar/peliculas/pepita-la-pistolera
GBA Norte,Cinemark Hoyts,Cinemark Tortugas,"Ramal Pilar km 36,5, Tortuguitas TOM",Pepita la Pistolera,2D Doblada,22:50,,,,https://www.cinemark.com.ar/peliculas/pepita-la-pistolera
GBA Norte,Cinemark Hoyts,Cinemark Tortugas,"Ramal Pilar km 36,5, Tortuguitas TOM",RÁPIDO Y FURIOSO: 25 ANIVERSARIO,2D Doblada,19:40,,,,https://www.cinemark.com.ar/peliculas/rapido-y-furioso-25-aniversario
GBA Norte,Cinemark Hoyts,Cinemark Tortugas,"Ramal Pilar km 36,5, Tortuguitas TOM",SHREK 25 ANIVERSARIO,2D Doblada,15:20,,,,https://www.cinemark.com.ar/peliculas/shrek-25-aniversario
GBA Norte,Cinemark Hoyts,Cinemark Tortugas,"Ramal Pilar km 36,5, Tortuguitas TOM",Spider-Man: Un nuevo día,DBOX XD 2D Doblada,12:30,,,,https://www.cinemark.com.ar/peliculas/spider-man-un-nuevo-dia
GBA Norte,Cinemark Hoyts,Cinemark Tortugas,"Ramal Pilar km 36,5, Tortuguitas TOM",Spider-Man: Un nuevo día,XD 2D Doblada,12:30,,,,https://www.cinemark.com.ar/peliculas/spider-man-un-nuevo-dia
GBA Norte,Cinemark Hoyts,Cinemark Tortugas,"Ramal Pilar km 36,5, Tortuguitas TOM",Spider-Man: Un nuevo día,DBOX XD 2D Doblada,15:40,,,,https://www.cinemark.com.ar/peliculas/spider-man-un-nuevo-dia
GBA Norte,Cinemark Hoyts,Cinemark Tortugas,"Ramal Pilar km 36,5, Tortuguitas TOM",Spider-Man: Un nuevo día,XD 2D Doblada,15:40,,,,https://www.cinemark.com.ar/peliculas/spider-man-un-nuevo-dia
GBA Norte,Cinemark Hoyts,Cinemark Tortugas,"Ramal Pilar km 36,5, Tortuguitas TOM",Spider-Man: Un nuevo día,DBOX XD 3D Doblada,18:50,,,,https://www.cinemark.com.ar/peliculas/spider-man-un-nuevo-dia
GBA Norte,Cinemark Hoyts,Cinemark Tortugas,"Ramal Pilar km 36,5, Tortuguitas TOM",Spider-Man: Un nuevo día,XD 3D Doblada,18:50,,,,https://www.cinemark.com.ar/peliculas/spider-man-un-nuevo-dia
GBA Norte,Cinemark Hoyts,Cinemark Tortugas,"Ramal Pilar km 36,5, Tortuguitas TOM",Spider-Man: Un nuevo día,DBOX XD 2D Doblada,22:00,,,,https://www.cinemark.com.ar/peliculas/spider-man-un-nuevo-dia
GBA Norte,Cinemark Hoyts,Cinemark Tortugas,"Ramal Pilar km 36,5, Tortuguitas TOM",Spider-Man: Un nuevo día,XD 2D Doblada,22:00,,,,https://www.cinemark.com.ar/peliculas/spider-man-un-nuevo-dia
GBA Norte,Cinemark Hoyts,Cinemark Tortugas,"Ramal Pilar km 36,5, Tortuguitas TOM",TADEO EL EXPLORADOR Y LA LAMPARA,2D Doblada,13:20,,,,https://www.cinemark.com.ar/peliculas/tadeo-el-explorador-y-la-lampara-maravillosa
GBA Norte,Cinemark Hoyts,Cinemark Tortugas,"Ramal Pilar km 36,5, Tortuguitas TOM",TADEO EL EXPLORADOR Y LA LAMPARA,2D Doblada,15:30,,,,https://www.cinemark.com.ar/peliculas/tadeo-el-explorador-y-la-lampara-maravillosa
GBA Norte,Cinemark Hoyts,Cinemark Tortugas,"Ramal Pilar km 36,5, Tortuguitas TOM",TADEO EL EXPLORADOR Y LA LAMPARA,2D Doblada,17:40,,,,https://www.cinemark.com.ar/peliculas/tadeo-el-explorador-y-la-lampara-maravillosa
GBA Norte,Cinemark Hoyts,Cinemark Tortugas,"Ramal Pilar km 36,5, Tortuguitas TOM",Terminator 2: El juicio final,2D Doblada,20:15,,,,https://www.cinemark.com.ar/peliculas/terminator-2-el-juicio-final-35-aniversario
GBA Norte,Cinemark Hoyts,Cinemark Tortugas,"Ramal Pilar km 36,5, Tortuguitas TOM",Toy Story 5,2D Doblada,14:00,,,,https://www.cinemark.com.ar/peliculas/toy-story-5
GBA Norte,Cinemark Hoyts,Cinemark Tortugas,"Ramal Pilar km 36,5, Tortuguitas TOM",VOLVER AL FUTURO,2D Subtitulada,20:00,,,,https://www.cinemark.com.ar/peliculas/volver-al-futuro
GBA Norte,Cinemark Hoyts,Cinemark Tortugas,"Ramal Pilar km 36,5, Tortuguitas TOM",Yo Narciso,2D Doblada,20:20,,,,https://www.cinemark.com.ar/peliculas/yo-narciso
GBA Norte,Cinemark Hoyts,Cinemark Tortugas,"Ramal Pilar km 36,5, Tortuguitas TOM",Yo Narciso,2D Doblada,22:30,,,,https://www.cinemark.com.ar/peliculas/yo-narciso
GBA Oeste,Cinemark Hoyts,Hoyts Moreno,"Av. Victorica 1128, Nine Shopping",CÓDIGO: VENGANZA,2D Doblada,20:30,,,,https://www.cinemark.com.ar/peliculas/codigo-venganza
GBA Oeste,Cinemark Hoyts,Hoyts Moreno,"Av. Victorica 1128, Nine Shopping",CÓDIGO: VENGANZA,2D Doblada,23:10,,,,https://www.cinemark.com.ar/peliculas/codigo-venganza
GBA Oeste,Cinemark Hoyts,Hoyts Moreno,"Av. Victorica 1128, Nine Shopping",Colony,2D Doblada,17:20,,,,https://www.cinemark.com.ar/peliculas/colony-zona-cero
GBA Oeste,Cinemark Hoyts,Hoyts Moreno,"Av. Victorica 1128, Nine Shopping",CORALINE,3D Doblada,18:00,,,,https://www.cinemark.com.ar/peliculas/coraline-y-la-puerta-secreta
GBA Oeste,Cinemark Hoyts,Hoyts Moreno,"Av. Victorica 1128, Nine Shopping",Coyote vs. Acme,2D Doblada,12:35,,,,https://www.cinemark.com.ar/peliculas/coyote-vs-acme
GBA Oeste,Cinemark Hoyts,Hoyts Moreno,"Av. Victorica 1128, Nine Shopping",Coyote vs. Acme,DBOX 2D Doblada,12:35,,,,https://www.cinemark.com.ar/peliculas/coyote-vs-acme
GBA Oeste,Cinemark Hoyts,Hoyts Moreno,"Av. Victorica 1128, Nine Shopping",Coyote vs. Acme,2D Doblada,15:00,,,,https://www.cinemark.com.ar/peliculas/coyote-vs-acme
GBA Oeste,Cinemark Hoyts,Hoyts Moreno,"Av. Victorica 1128, Nine Shopping",Coyote vs. Acme,DBOX 2D Doblada,15:00,,,,https://www.cinemark.com.ar/peliculas/coyote-vs-acme
GBA Oeste,Cinemark Hoyts,Hoyts Moreno,"Av. Victorica 1128, Nine Shopping",Coyote vs. Acme,2D Doblada,17:25,,,,https://www.cinemark.com.ar/peliculas/coyote-vs-acme
GBA Oeste,Cinemark Hoyts,Hoyts Moreno,"Av. Victorica 1128, Nine Shopping",Coyote vs. Acme,DBOX 2D Doblada,17:25,,,,https://www.cinemark.com.ar/peliculas/coyote-vs-acme
GBA Oeste,Cinemark Hoyts,Hoyts Moreno,"Av. Victorica 1128, Nine Shopping",Coyote vs. Acme,2D Doblada,19:50,,,,https://www.cinemark.com.ar/peliculas/coyote-vs-acme
GBA Oeste,Cinemark Hoyts,Hoyts Moreno,"Av. Victorica 1128, Nine Shopping",Coyote vs. Acme,DBOX 2D Doblada,19:50,,,,https://www.cinemark.com.ar/peliculas/coyote-vs-acme
GBA Oeste,Cinemark Hoyts,Hoyts Moreno,"Av. Victorica 1128, Nine Shopping",El Diablo Viste A La Moda 2,2D Doblada,19:20,,,,https://www.cinemark.com.ar/peliculas/el-diablo-viste-a-la-moda-2
GBA Oeste,Cinemark Hoyts,Hoyts Moreno,"Av. Victorica 1128, Nine Shopping",El Final de la Calle Oak,2D Doblada,14:00,,,,https://www.cinemark.com.ar/peliculas/el-final-de-la-calle-oak
GBA Oeste,Cinemark Hoyts,Hoyts Moreno,"Av. Victorica 1128, Nine Shopping",EL HELADERO,2D Doblada,13:20,,,,https://www.cinemark.com.ar/peliculas/el-heladero-dulce-sabor-a-muerte
GBA Oeste,Cinemark Hoyts,Hoyts Moreno,"Av. Victorica 1128, Nine Shopping",EL HELADERO,2D Doblada,17:50,,,,https://www.cinemark.com.ar/peliculas/el-heladero-dulce-sabor-a-muerte
GBA Oeste,Cinemark Hoyts,Hoyts Moreno,"Av. Victorica 1128, Nine Shopping",EL HELADERO,2D Doblada,22:40,,,,https://www.cinemark.com.ar/peliculas/el-heladero-dulce-sabor-a-muerte
GBA Oeste,Cinemark Hoyts,Hoyts Moreno,"Av. Victorica 1128, Nine Shopping",HECHIZO DE AMOR: LA MAGIA CONTINUA,2D Doblada,16:20,,,,https://www.cinemark.com.ar/peliculas/hechizo-de-amor-la-magia-continua
GBA Oeste,Cinemark Hoyts,Hoyts Moreno,"Av. Victorica 1128, Nine Shopping",HECHIZO DE AMOR: LA MAGIA CONTINUA,2D Doblada,19:15,,,,https://www.cinemark.com.ar/peliculas/hechizo-de-amor-la-magia-continua
GBA Oeste,Cinemark Hoyts,Hoyts Moreno,"Av. Victorica 1128, Nine Shopping",HECHIZO DE AMOR: LA MAGIA CONTINUA,2D Doblada,22:15,,,,https://www.cinemark.com.ar/peliculas/hechizo-de-amor-la-magia-continua
GBA Oeste,Cinemark Hoyts,Hoyts Moreno,"Av. Victorica 1128, Nine Shopping",Insidious: Fuera del más allá,2D Doblada,13:50,,,,https://www.cinemark.com.ar/peliculas/la-noche-del-demonio-estan-entre-nosotros
GBA Oeste,Cinemark Hoyts,Hoyts Moreno,"Av. Victorica 1128, Nine Shopping",Insidious: Fuera del más allá,DBOX 2D Doblada,13:50,,,,https://www.cinemark.com.ar/peliculas/la-noche-del-demonio-estan-entre-nosotros
GBA Oeste,Cinemark Hoyts,Hoyts Moreno,"Av. Victorica 1128, Nine Shopping",Insidious: Fuera del más allá,2D Doblada,16:30,,,,https://www.cinemark.com.ar/peliculas/la-noche-del-demonio-estan-entre-nosotros
GBA Oeste,Cinemark Hoyts,Hoyts Moreno,"Av. Victorica 1128, Nine Shopping",Insidious: Fuera del más allá,DBOX 2D Doblada,16:30,,,,https://www.cinemark.com.ar/peliculas/la-noche-del-demonio-estan-entre-nosotros
GBA Oeste,Cinemark Hoyts,Hoyts Moreno,"Av. Victorica 1128, Nine Shopping",Insidious: Fuera del más allá,2D Doblada,19:00,,,,https://www.cinemark.com.ar/peliculas/la-noche-del-demonio-estan-entre-nosotros
GBA Oeste,Cinemark Hoyts,Hoyts Moreno,"Av. Victorica 1128, Nine Shopping",Insidious: Fuera del más allá,DBOX 2D Doblada,19:00,,,,https://www.cinemark.com.ar/peliculas/la-noche-del-demonio-estan-entre-nosotros
GBA Oeste,Cinemark Hoyts,Hoyts Moreno,"Av. Victorica 1128, Nine Shopping",Insidious: Fuera del más allá,2D Doblada,22:00,,,,https://www.cinemark.com.ar/peliculas/la-noche-del-demonio-estan-entre-nosotros
GBA Oeste,Cinemark Hoyts,Hoyts Moreno,"Av. Victorica 1128, Nine Shopping",Insidious: Fuera del más allá,DBOX 2D Doblada,22:00,,,,https://www.cinemark.com.ar/peliculas/la-noche-del-demonio-estan-entre-nosotros
GBA Oeste,Cinemark Hoyts,Hoyts Moreno,"Av. Victorica 1128, Nine Shopping",La Odisea,2D Doblada,14:10,,,,https://www.cinemark.com.ar/peliculas/la-odisea
GBA Oeste,Cinemark Hoyts,Hoyts Moreno,"Av. Victorica 1128, Nine Shopping",La Odisea,2D Doblada,22:20,,,,https://www.cinemark.com.ar/peliculas/la-odisea
GBA Oeste,Cinemark Hoyts,Hoyts Moreno,"Av. Victorica 1128, Nine Shopping",La Odisea,DBOX 2D Doblada,22:20,,,,https://www.cinemark.com.ar/peliculas/la-odisea
GBA Oeste,Cinemark Hoyts,Hoyts Moreno,"Av. Victorica 1128, Nine Shopping",LOS BOXTROLLS,2D Doblada,12:50,,,,https://www.cinemark.com.ar/peliculas/los-boxtrolls
GBA Oeste,Cinemark Hoyts,Hoyts Moreno,"Av. Victorica 1128, Nine Shopping",Michael,2D Doblada,20:10,,,,https://www.cinemark.com.ar/peliculas/michael
GBA Oeste,Cinemark Hoyts,Hoyts Moreno,"Av. Victorica 1128, Nine Shopping",OASIS: DON´T LOOK BACK IN ANGER,2D Subtitulada,20:00,,,,https://www.cinemark.com.ar/peliculas/oasis-don-t-look-back-in-anger
GBA Oeste,Cinemark Hoyts,Hoyts Moreno,"Av. Victorica 1128, Nine Shopping",PARANORMAN,2D Doblada,15:10,,,,https://www.cinemark.com.ar/peliculas/paranorman
GBA Oeste,Cinemark Hoyts,Hoyts Moreno,"Av. Victorica 1128, Nine Shopping",PAW Patrol: La Dino Película,2D Doblada,12:40,,,,https://www.cinemark.com.ar/peliculas/paw-patrol-la-dino-pelicula
GBA Oeste,Cinemark Hoyts,Hoyts Moreno,"Av. Victorica 1128, Nine Shopping",PAW Patrol: La Dino Película,2D Doblada,14:50,,,,https://www.cinemark.com.ar/peliculas/paw-patrol-la-dino-pelicula
GBA Oeste,Cinemark Hoyts,Hoyts Moreno,"Av. Victorica 1128, Nine Shopping",Pepita la Pistolera,2D Doblada,22:50,,,,https://www.cinemark.com.ar/peliculas/pepita-la-pistolera
GBA Oeste,Cinemark Hoyts,Hoyts Moreno,"Av. Victorica 1128, Nine Shopping",RÁPIDO Y FURIOSO: 25 ANIVERSARIO,2D Doblada,23:00,,,,https://www.cinemark.com.ar/peliculas/rapido-y-furioso-25-aniversario
GBA Oeste,Cinemark Hoyts,Hoyts Moreno,"Av. Victorica 1128, Nine Shopping",Scary Movie,2D Doblada,22:10,,,,https://www.cinemark.com.ar/peliculas/scary-movie-terrorificamente-incorrecta
GBA Oeste,Cinemark Hoyts,Hoyts Moreno,"Av. Victorica 1128, Nine Shopping",SHREK 25 ANIVERSARIO,2D Doblada,16:50,,,,https://www.cinemark.com.ar/peliculas/shrek-25-aniversario
GBA Oeste,Cinemark Hoyts,Hoyts Moreno,"Av. Victorica 1128, Nine Shopping",Spider-Man: Un nuevo día,2D Doblada,12:30,,,,https://www.cinemark.com.ar/peliculas/spider-man-un-nuevo-dia
GBA Oeste,Cinemark Hoyts,Hoyts Moreno,"Av. Victorica 1128, Nine Shopping",Spider-Man: Un nuevo día,3D Doblada,15:50,,,,https://www.cinemark.com.ar/peliculas/spider-man-un-nuevo-dia
GBA Oeste,Cinemark Hoyts,Hoyts Moreno,"Av. Victorica 1128, Nine Shopping",Spider-Man: Un nuevo día,2D Doblada,19:10,,,,https://www.cinemark.com.ar/peliculas/spider-man-un-nuevo-dia
GBA Oeste,Cinemark Hoyts,Hoyts Moreno,"Av. Victorica 1128, Nine Shopping",Spider-Man: Un nuevo día,2D Doblada,22:30,,,,https://www.cinemark.com.ar/peliculas/spider-man-un-nuevo-dia
GBA Oeste,Cinemark Hoyts,Hoyts Moreno,"Av. Victorica 1128, Nine Shopping",TADEO EL EXPLORADOR Y LA LAMPARA,2D Doblada,13:10,,,,https://www.cinemark.com.ar/peliculas/tadeo-el-explorador-y-la-lampara-maravillosa
GBA Oeste,Cinemark Hoyts,Hoyts Moreno,"Av. Victorica 1128, Nine Shopping",TADEO EL EXPLORADOR Y LA LAMPARA,2D Doblada,15:40,,,,https://www.cinemark.com.ar/peliculas/tadeo-el-explorador-y-la-lampara-maravillosa
GBA Oeste,Cinemark Hoyts,Hoyts Moreno,"Av. Victorica 1128, Nine Shopping",TADEO EL EXPLORADOR Y LA LAMPARA,2D Doblada,18:10,,,,https://www.cinemark.com.ar/peliculas/tadeo-el-explorador-y-la-lampara-maravillosa
GBA Oeste,Cinemark Hoyts,Hoyts Moreno,"Av. Victorica 1128, Nine Shopping",Terminator 2: El juicio final,2D Doblada,17:00,,,,https://www.cinemark.com.ar/peliculas/terminator-2-el-juicio-final-35-aniversario
GBA Oeste,Cinemark Hoyts,Hoyts Moreno,"Av. Victorica 1128, Nine Shopping",Toy Story 5,2D Doblada,15:30,,,,https://www.cinemark.com.ar/peliculas/toy-story-5
GBA Oeste,Cinemark Hoyts,Hoyts Moreno,"Av. Victorica 1128, Nine Shopping",VOLVER AL FUTURO,2D Subtitulada,20:00,,,,https://www.cinemark.com.ar/peliculas/volver-al-futuro
GBA Oeste,Cinemark Hoyts,Hoyts Moreno,"Av. Victorica 1128, Nine Shopping",Yo Narciso,2D Doblada,14:30,,,,https://www.cinemark.com.ar/peliculas/yo-narciso
GBA Oeste,Cinemark Hoyts,Hoyts Moreno,"Av. Victorica 1128, Nine Shopping",Yo Narciso,2D Doblada,20:20,,,,https://www.cinemark.com.ar/peliculas/yo-narciso
GBA Oeste,Cinemark Hoyts,Hoyts Moreno,"Av. Victorica 1128, Nine Shopping",Yo Narciso,2D Doblada,22:45,,,,https://www.cinemark.com.ar/peliculas/yo-narciso
GBA Sur,Cinemark Hoyts,Hoyts Quilmes,Av. Calchaquí 3950,AKIRA (1988),2D Subtitulada,19:40,,,,https://www.cinemark.com.ar/peliculas/akira-1988
GBA Sur,Cinemark Hoyts,Hoyts Quilmes,Av. Calchaquí 3950,Backrooms,2D Doblada,14:30,,,,https://www.cinemark.com.ar/peliculas/backrooms-version-extendida
GBA Sur,Cinemark Hoyts,Hoyts Quilmes,Av. Calchaquí 3950,CÓDIGO: VENGANZA,2D Doblada,12:55,,,,https://www.cinemark.com.ar/peliculas/codigo-venganza
GBA Sur,Cinemark Hoyts,Hoyts Quilmes,Av. Calchaquí 3950,CÓDIGO: VENGANZA,2D Doblada,15:10,,,,https://www.cinemark.com.ar/peliculas/codigo-venganza
GBA Sur,Cinemark Hoyts,Hoyts Quilmes,Av. Calchaquí 3950,CÓDIGO: VENGANZA,2D Doblada,17:30,,,,https://www.cinemark.com.ar/peliculas/codigo-venganza
GBA Sur,Cinemark Hoyts,Hoyts Quilmes,Av. Calchaquí 3950,CÓDIGO: VENGANZA,2D Doblada,19:45,,,,https://www.cinemark.com.ar/peliculas/codigo-venganza
GBA Sur,Cinemark Hoyts,Hoyts Quilmes,Av. Calchaquí 3950,CÓDIGO: VENGANZA,2D Doblada,22:55,,,,https://www.cinemark.com.ar/peliculas/codigo-venganza
GBA Sur,Cinemark Hoyts,Hoyts Quilmes,Av. Calchaquí 3950,Colony,2D Doblada,22:45,,,,https://www.cinemark.com.ar/peliculas/colony-zona-cero
GBA Sur,Cinemark Hoyts,Hoyts Quilmes,Av. Calchaquí 3950,CORALINE,3D Doblada,18:00,,,,https://www.cinemark.com.ar/peliculas/coraline-y-la-puerta-secreta
GBA Sur,Cinemark Hoyts,Hoyts Quilmes,Av. Calchaquí 3950,Coyote vs. Acme,2D Doblada,14:05,,,,https://www.cinemark.com.ar/peliculas/coyote-vs-acme
GBA Sur,Cinemark Hoyts,Hoyts Quilmes,Av. Calchaquí 3950,Coyote vs. Acme,2D Doblada,16:45,,,,https://www.cinemark.com.ar/peliculas/coyote-vs-acme
GBA Sur,Cinemark Hoyts,Hoyts Quilmes,Av. Calchaquí 3950,Coyote vs. Acme,2D Doblada,19:35,,,,https://www.cinemark.com.ar/peliculas/coyote-vs-acme
GBA Sur,Cinemark Hoyts,Hoyts Quilmes,Av. Calchaquí 3950,EL HELADERO,2D Doblada,13:00,,,,https://www.cinemark.com.ar/peliculas/el-heladero-dulce-sabor-a-muerte
GBA Sur,Cinemark Hoyts,Hoyts Quilmes,Av. Calchaquí 3950,EL HELADERO,2D Doblada,15:00,,,,https://www.cinemark.com.ar/peliculas/el-heladero-dulce-sabor-a-muerte
GBA Sur,Cinemark Hoyts,Hoyts Quilmes,Av. Calchaquí 3950,EL HELADERO,2D Doblada,17:05,,,,https://www.cinemark.com.ar/peliculas/el-heladero-dulce-sabor-a-muerte
GBA Sur,Cinemark Hoyts,Hoyts Quilmes,Av. Calchaquí 3950,EL HELADERO,2D Doblada,19:10,,,,https://www.cinemark.com.ar/peliculas/el-heladero-dulce-sabor-a-muerte
GBA Sur,Cinemark Hoyts,Hoyts Quilmes,Av. Calchaquí 3950,EL HELADERO,2D Doblada,21:10,,,,https://www.cinemark.com.ar/peliculas/el-heladero-dulce-sabor-a-muerte
GBA Sur,Cinemark Hoyts,Hoyts Quilmes,Av. Calchaquí 3950,EL HELADERO,2D Doblada,23:10,,,,https://www.cinemark.com.ar/peliculas/el-heladero-dulce-sabor-a-muerte
GBA Sur,Cinemark Hoyts,Hoyts Quilmes,Av. Calchaquí 3950,HECHIZO DE AMOR: LA MAGIA CONTINUA,2D Doblada,17:15,,,,https://www.cinemark.com.ar/peliculas/hechizo-de-amor-la-magia-continua
GBA Sur,Cinemark Hoyts,Hoyts Quilmes,Av. Calchaquí 3950,HECHIZO DE AMOR: LA MAGIA CONTINUA,2D Doblada,20:05,,,,https://www.cinemark.com.ar/peliculas/hechizo-de-amor-la-magia-continua
GBA Sur,Cinemark Hoyts,Hoyts Quilmes,Av. Calchaquí 3950,HECHIZO DE AMOR: LA MAGIA CONTINUA,2D Doblada,22:05,,,,https://www.cinemark.com.ar/peliculas/hechizo-de-amor-la-magia-continua
GBA Sur,Cinemark Hoyts,Hoyts Quilmes,Av. Calchaquí 3950,Insidious: Fuera del más allá,2D Doblada,14:20,,,,https://www.cinemark.com.ar/peliculas/la-noche-del-demonio-estan-entre-nosotros
GBA Sur,Cinemark Hoyts,Hoyts Quilmes,Av. Calchaquí 3950,Insidious: Fuera del más allá,2D Doblada,16:50,,,,https://www.cinemark.com.ar/peliculas/la-noche-del-demonio-estan-entre-nosotros
GBA Sur,Cinemark Hoyts,Hoyts Quilmes,Av. Calchaquí 3950,Insidious: Fuera del más allá,2D Doblada,19:20,,,,https://www.cinemark.com.ar/peliculas/la-noche-del-demonio-estan-entre-nosotros
GBA Sur,Cinemark Hoyts,Hoyts Quilmes,Av. Calchaquí 3950,Insidious: Fuera del más allá,2D Doblada,22:00,,,,https://www.cinemark.com.ar/peliculas/la-noche-del-demonio-estan-entre-nosotros
GBA Sur,Cinemark Hoyts,Hoyts Quilmes,Av. Calchaquí 3950,Insidious: Fuera del más allá,4D 2D Doblada,23:00,,,,https://www.cinemark.com.ar/peliculas/la-noche-del-demonio-estan-entre-nosotros
GBA Sur,Cinemark Hoyts,Hoyts Quilmes,Av. Calchaquí 3950,La Odisea,2D Doblada,22:20,,,,https://www.cinemark.com.ar/peliculas/la-odisea
GBA Sur,Cinemark Hoyts,Hoyts Quilmes,Av. Calchaquí 3950,LOS BOXTROLLS,2D Doblada,13:30,,,,https://www.cinemark.com.ar/peliculas/los-boxtrolls
GBA Sur,Cinemark Hoyts,Hoyts Quilmes,Av. Calchaquí 3950,OASIS: DON´T LOOK BACK IN ANGER,2D Subtitulada,20:00,,,,https://www.cinemark.com.ar/peliculas/oasis-don-t-look-back-in-anger
GBA Sur,Cinemark Hoyts,Hoyts Quilmes,Av. Calchaquí 3950,PARANORMAN,2D Doblada,15:50,,,,https://www.cinemark.com.ar/peliculas/paranorman
GBA Sur,Cinemark Hoyts,Hoyts Quilmes,Av. Calchaquí 3950,PAW Patrol: La Dino Película,2D Doblada,12:45,,,,https://www.cinemark.com.ar/peliculas/paw-patrol-la-dino-pelicula
GBA Sur,Cinemark Hoyts,Hoyts Quilmes,Av. Calchaquí 3950,PAW Patrol: La Dino Película,2D Doblada,14:50,,,,https://www.cinemark.com.ar/peliculas/paw-patrol-la-dino-pelicula
GBA Sur,Cinemark Hoyts,Hoyts Quilmes,Av. Calchaquí 3950,Pepita la Pistolera,2D Doblada,23:05,,,,https://www.cinemark.com.ar/peliculas/pepita-la-pistolera
GBA Sur,Cinemark Hoyts,Hoyts Quilmes,Av. Calchaquí 3950,PMMM LA PELICULA PARTE 2,2D Subtitulada,17:00,,,,https://www.cinemark.com.ar/peliculas/puella-magi-madoka-magica-la-pelicula-parte-2
GBA Sur,Cinemark Hoyts,Hoyts Quilmes,Av. Calchaquí 3950,RÁPIDO Y FURIOSO: 25 ANIVERSARIO,2D Doblada,20:10,,,,https://www.cinemark.com.ar/peliculas/rapido-y-furioso-25-aniversario
GBA Sur,Cinemark Hoyts,Hoyts Quilmes,Av. Calchaquí 3950,RÁPIDO Y FURIOSO: 25 ANIVERSARIO,2D Doblada,22:30,,,,https://www.cinemark.com.ar/peliculas/rapido-y-furioso-25-aniversario
GBA Sur,Cinemark Hoyts,Hoyts Quilmes,Av. Calchaquí 3950,Scary Movie,2D Doblada,17:20,,,,https://www.cinemark.com.ar/peliculas/scary-movie-terrorificamente-incorrecta
GBA Sur,Cinemark Hoyts,Hoyts Quilmes,Av. Calchaquí 3950,SHREK 25 ANIVERSARIO,2D Doblada,13:00,,,,https://www.cinemark.com.ar/peliculas/shrek-25-aniversario
GBA Sur,Cinemark Hoyts,Hoyts Quilmes,Av. Calchaquí 3950,SHREK 25 ANIVERSARIO,2D Doblada,15:05,,,,https://www.cinemark.com.ar/peliculas/shrek-25-aniversario
GBA Sur,Cinemark Hoyts,Hoyts Quilmes,Av. Calchaquí 3950,Spider-Man: Un nuevo día,2D Doblada,12:40,,,,https://www.cinemark.com.ar/peliculas/spider-man-un-nuevo-dia
GBA Sur,Cinemark Hoyts,Hoyts Quilmes,Av. Calchaquí 3950,Spider-Man: Un nuevo día,4D 3D Doblada,13:20,,,,https://www.cinemark.com.ar/peliculas/spider-man-un-nuevo-dia
GBA Sur,Cinemark Hoyts,Hoyts Quilmes,Av. Calchaquí 3950,Spider-Man: Un nuevo día,2D Doblada,15:50,,,,https://www.cinemark.com.ar/peliculas/spider-man-un-nuevo-dia
GBA Sur,Cinemark Hoyts,Hoyts Quilmes,Av. Calchaquí 3950,Spider-Man: Un nuevo día,4D 3D Doblada,16:30,,,,https://www.cinemark.com.ar/peliculas/spider-man-un-nuevo-dia
GBA Sur,Cinemark Hoyts,Hoyts Quilmes,Av. Calchaquí 3950,Spider-Man: Un nuevo día,2D Doblada,19:00,,,,https://www.cinemark.com.ar/peliculas/spider-man-un-nuevo-dia
GBA Sur,Cinemark Hoyts,Hoyts Quilmes,Av. Calchaquí 3950,Spider-Man: Un nuevo día,4D 3D Doblada,19:50,,,,https://www.cinemark.com.ar/peliculas/spider-man-un-nuevo-dia
GBA Sur,Cinemark Hoyts,Hoyts Quilmes,Av. Calchaquí 3950,Spider-Man: Un nuevo día,2D Doblada,22:10,,,,https://www.cinemark.com.ar/peliculas/spider-man-un-nuevo-dia
GBA Sur,Cinemark Hoyts,Hoyts Quilmes,Av. Calchaquí 3950,TADEO EL EXPLORADOR Y LA LAMPARA,2D Doblada,13:10,,,,https://www.cinemark.com.ar/peliculas/tadeo-el-explorador-y-la-lampara-maravillosa
GBA Sur,Cinemark Hoyts,Hoyts Quilmes,Av. Calchaquí 3950,TADEO EL EXPLORADOR Y LA LAMPARA,2D Doblada,15:30,,,,https://www.cinemark.com.ar/peliculas/tadeo-el-explorador-y-la-lampara-maravillosa
GBA Sur,Cinemark Hoyts,Hoyts Quilmes,Av. Calchaquí 3950,TADEO EL EXPLORADOR Y LA LAMPARA,2D Doblada,17:45,,,,https://www.cinemark.com.ar/peliculas/tadeo-el-explorador-y-la-lampara-maravillosa
GBA Sur,Cinemark Hoyts,Hoyts Quilmes,Av. Calchaquí 3950,Terminator 2: El juicio final,2D Doblada,22:50,,,,https://www.cinemark.com.ar/peliculas/terminator-2-el-juicio-final-35-aniversario
GBA Sur,Cinemark Hoyts,Hoyts Quilmes,Av. Calchaquí 3950,Toy Story 5,2D Doblada,12:50,,,,https://www.cinemark.com.ar/peliculas/toy-story-5
GBA Sur,Cinemark Hoyts,Hoyts Quilmes,Av. Calchaquí 3950,Toy Story 5,2D Doblada,15:20,,,,https://www.cinemark.com.ar/peliculas/toy-story-5
GBA Sur,Cinemark Hoyts,Hoyts Quilmes,Av. Calchaquí 3950,Toy Story 5,2D Doblada,17:40,,,,https://www.cinemark.com.ar/peliculas/toy-story-5
GBA Sur,Cinemark Hoyts,Hoyts Quilmes,Av. Calchaquí 3950,VOLVER AL FUTURO,2D Subtitulada,20:00,,,,https://www.cinemark.com.ar/peliculas/volver-al-futuro
GBA Sur,Cinemark Hoyts,Hoyts Quilmes,Av. Calchaquí 3950,Yo Narciso,2D Doblada,20:20,,,,https://www.cinemark.com.ar/peliculas/yo-narciso
GBA Sur,Cinemark Hoyts,Hoyts Quilmes,Av. Calchaquí 3950,Yo Narciso,2D Doblada,22:40,,,,https://www.cinemark.com.ar/peliculas/yo-narciso
CABA,Multiplex,Multiplex Belgrano,"Vuelta de Obligado 2199, Belgrano",Super Mario Galaxy: La Película,2D Doblada,14:00,,,,https://cartelera.ar/pelicula/super-mario-galaxy-la-pelicula
CABA,Multiplex,Multiplex Belgrano,"Vuelta de Obligado 2199, Belgrano",Los Colores Del Tiempo,2D Subtitulada,13:10,,,,https://cartelera.ar/pelicula/los-colores-del-tiempo
CABA,Multiplex,Multiplex Belgrano,"Vuelta de Obligado 2199, Belgrano",Los Colores Del Tiempo,2D Subtitulada,15:35,,,,https://cartelera.ar/pelicula/los-colores-del-tiempo
CABA,Multiplex,Multiplex Belgrano,"Vuelta de Obligado 2199, Belgrano",Los Colores Del Tiempo,2D Subtitulada,17:35,,,,https://cartelera.ar/pelicula/los-colores-del-tiempo
CABA,Multiplex,Multiplex Belgrano,"Vuelta de Obligado 2199, Belgrano",Los Colores Del Tiempo,2D Subtitulada,20:05,,,,https://cartelera.ar/pelicula/los-colores-del-tiempo
CABA,Multiplex,Multiplex Belgrano,"Vuelta de Obligado 2199, Belgrano",Michael,2D Subtitulada,20:05,,,,https://cartelera.ar/pelicula/michael
CABA,Multiplex,Multiplex Belgrano,"Vuelta de Obligado 2199, Belgrano",El Diablo Viste A La Moda 2,2D Subtitulada,15:35,,,,https://cartelera.ar/pelicula/el-diablo-viste-a-la-moda-2
CABA,Multiplex,Multiplex Belgrano,"Vuelta de Obligado 2199, Belgrano",Obsesión,2D Subtitulada,22:45,,,,https://cartelera.ar/pelicula/obsesion
CABA,Multiplex,Multiplex Belgrano,"Vuelta de Obligado 2199, Belgrano",La Negociación (The Negotiation),2D Subtitulada,16:00,,,,https://cartelera.ar/pelicula/la-negociacion-the-negotiation
CABA,Multiplex,Multiplex Belgrano,"Vuelta de Obligado 2199, Belgrano",La invitación,2D Subtitulada,15:15,,,,https://cartelera.ar/pelicula/la-invitacion
CABA,Multiplex,Multiplex Belgrano,"Vuelta de Obligado 2199, Belgrano",La invitación,2D Subtitulada,17:55,,,,https://cartelera.ar/pelicula/la-invitacion
CABA,Multiplex,Multiplex Belgrano,"Vuelta de Obligado 2199, Belgrano",La invitación,2D Subtitulada,20:05,,,,https://cartelera.ar/pelicula/la-invitacion
CABA,Multiplex,Multiplex Belgrano,"Vuelta de Obligado 2199, Belgrano",La Odisea,2D Subtitulada,17:10,,,,https://cartelera.ar/pelicula/la-odisea
CABA,Multiplex,Multiplex Belgrano,"Vuelta de Obligado 2199, Belgrano",La Odisea,2D Subtitulada,18:20,,,,https://cartelera.ar/pelicula/la-odisea
CABA,Multiplex,Multiplex Belgrano,"Vuelta de Obligado 2199, Belgrano",La Odisea,2D Subtitulada,20:30,,,,https://cartelera.ar/pelicula/la-odisea
CABA,Multiplex,Multiplex Belgrano,"Vuelta de Obligado 2199, Belgrano",La Odisea,2D Subtitulada,21:35,,,,https://cartelera.ar/pelicula/la-odisea
CABA,Multiplex,Multiplex Belgrano,"Vuelta de Obligado 2199, Belgrano",La Odisea,2D Subtitulada,22:00,,,,https://cartelera.ar/pelicula/la-odisea
CABA,Multiplex,Multiplex Belgrano,"Vuelta de Obligado 2199, Belgrano",Spider-Man: Un nuevo día,2D Doblada,13:00,,,,https://cartelera.ar/pelicula/spider-man-un-nuevo-dia
CABA,Multiplex,Multiplex Belgrano,"Vuelta de Obligado 2199, Belgrano",Spider-Man: Un nuevo día,2D Doblada,15:40,,,,https://cartelera.ar/pelicula/spider-man-un-nuevo-dia
CABA,Multiplex,Multiplex Belgrano,"Vuelta de Obligado 2199, Belgrano",Toy Story 5,2D Doblada,13:00,,,,https://cartelera.ar/pelicula/toy-story-5
CABA,Multiplex,Multiplex Belgrano,"Vuelta de Obligado 2199, Belgrano",Toy Story 5,2D Doblada,15:00,,,,https://cartelera.ar/pelicula/toy-story-5
CABA,Multiplex,Multiplex Belgrano,"Vuelta de Obligado 2199, Belgrano",El día de la revelación,2D Subtitulada,17:20,,,,https://cartelera.ar/pelicula/el-dia-de-la-revelacion
CABA,Multiplex,Multiplex Belgrano,"Vuelta de Obligado 2199, Belgrano",Minions & monstruos,2D Doblada,13:40,,,,https://cartelera.ar/pelicula/minions-monstruos
CABA,Multiplex,Multiplex Belgrano,"Vuelta de Obligado 2199, Belgrano",Una quinta en Portugal,2D Subtitulada,13:45,,,,https://cartelera.ar/pelicula/una-quinta-en-portugal
CABA,Multiplex,Multiplex Belgrano,"Vuelta de Obligado 2199, Belgrano",Una quinta en Portugal,2D Subtitulada,18:05,,,,https://cartelera.ar/pelicula/una-quinta-en-portugal
CABA,Multiplex,Multiplex Belgrano,"Vuelta de Obligado 2199, Belgrano",Una quinta en Portugal,2D Subtitulada,20:10,,,,https://cartelera.ar/pelicula/una-quinta-en-portugal
CABA,Multiplex,Multiplex Belgrano,"Vuelta de Obligado 2199, Belgrano",Hechizo de amor: La magia continúa,2D Subtitulada,15:35,,,,https://cartelera.ar/pelicula/hechizo-de-amor-la-magia-continua
CABA,Multiplex,Multiplex Belgrano,"Vuelta de Obligado 2199, Belgrano",Hechizo de amor: La magia continúa,2D Subtitulada,18:00,,,,https://cartelera.ar/pelicula/hechizo-de-amor-la-magia-continua
CABA,Multiplex,Multiplex Belgrano,"Vuelta de Obligado 2199, Belgrano",Hechizo de amor: La magia continúa,2D Subtitulada,20:00,,,,https://cartelera.ar/pelicula/hechizo-de-amor-la-magia-continua
CABA,Multiplex,Multiplex Belgrano,"Vuelta de Obligado 2199, Belgrano",Hechizo de amor: La magia continúa,2D Subtitulada,22:30,,,,https://cartelera.ar/pelicula/hechizo-de-amor-la-magia-continua
CABA,Multiplex,Multiplex Belgrano,"Vuelta de Obligado 2199, Belgrano",Código: Venganza,2D Subtitulada,22:15,,,,https://cartelera.ar/pelicula/codigo-venganza
CABA,Multiplex,Multiplex Belgrano,"Vuelta de Obligado 2199, Belgrano",Pepita la Pistolera,2D Doblada,13:10,,,,https://cartelera.ar/pelicula/pepita-la-pistolera
CABA,Multiplex,Multiplex Belgrano,"Vuelta de Obligado 2199, Belgrano",Pepita la Pistolera,2D Doblada,18:00,,,,https://cartelera.ar/pelicula/pepita-la-pistolera
CABA,Multiplex,Multiplex Belgrano,"Vuelta de Obligado 2199, Belgrano",Pepita la Pistolera,2D Doblada,20:45,,,,https://cartelera.ar/pelicula/pepita-la-pistolera
CABA,Multiplex,Multiplex Belgrano,"Vuelta de Obligado 2199, Belgrano",Pepita la Pistolera,2D Doblada,22:25,,,,https://cartelera.ar/pelicula/pepita-la-pistolera
CABA,Multiplex,Multiplex Belgrano,"Vuelta de Obligado 2199, Belgrano",Ice Cream Man,2D Subtitulada,22:40,,,,https://cartelera.ar/pelicula/ice-cream-man
CABA,Multiplex,Multiplex Belgrano,"Vuelta de Obligado 2199, Belgrano",Coyote vs. Acme,2D Doblada,13:00,,,,https://cartelera.ar/pelicula/coyote-vs-acme
CABA,Multiplex,Multiplex Belgrano,"Vuelta de Obligado 2199, Belgrano",Coyote vs. Acme,2D Doblada,15:05,,,,https://cartelera.ar/pelicula/coyote-vs-acme
CABA,Multiplex,Multiplex Belgrano,"Vuelta de Obligado 2199, Belgrano",Coyote vs. Acme,2D Doblada,16:30,,,,https://cartelera.ar/pelicula/coyote-vs-acme
CABA,Multiplex,Multiplex Belgrano,"Vuelta de Obligado 2199, Belgrano",Coyote vs. Acme,2D Subtitulada,18:35,,,,https://cartelera.ar/pelicula/coyote-vs-acme
CABA,Multiplex,Multiplex Belgrano,"Vuelta de Obligado 2199, Belgrano",Coyote vs. Acme,2D Subtitulada,20:40,,,,https://cartelera.ar/pelicula/coyote-vs-acme
CABA,Multiplex,Multiplex Belgrano,"Vuelta de Obligado 2199, Belgrano",Coyote vs. Acme,2D Subtitulada,22:45,,,,https://cartelera.ar/pelicula/coyote-vs-acme
CABA,Multiplex,Multiplex Belgrano,"Vuelta de Obligado 2199, Belgrano",Yo Narciso,2D Doblada,13:40,,,,https://cartelera.ar/pelicula/yo-narciso
CABA,Multiplex,Multiplex Belgrano,"Vuelta de Obligado 2199, Belgrano",Yo Narciso,2D Doblada,16:00,,,,https://cartelera.ar/pelicula/yo-narciso
CABA,Multiplex,Multiplex Belgrano,"Vuelta de Obligado 2199, Belgrano",Yo Narciso,2D Doblada,18:55,,,,https://cartelera.ar/pelicula/yo-narciso
CABA,Multiplex,Multiplex Belgrano,"Vuelta de Obligado 2199, Belgrano",Oasis: Dont Look Back In Anger,2D Subtitulada,20:20,,,,https://cartelera.ar/pelicula/oasis-dont-look-back-in-anger
CABA,Multiplex,Multiplex Belgrano,"Vuelta de Obligado 2199, Belgrano",Oasis: Dont Look Back In Anger,2D Subtitulada,22:40,,,,https://cartelera.ar/pelicula/oasis-dont-look-back-in-anger
CABA,Multiplex,Multiplex Belgrano,"Vuelta de Obligado 2199, Belgrano",Tadeo : El Explorador Y La Lampara Maravillosa,2D Doblada,12:50,,,,https://cartelera.ar/pelicula/tadeo-el-explorador-y-la-lampara-maravillosa
CABA,Multiplex,Multiplex Belgrano,"Vuelta de Obligado 2199, Belgrano",Tadeo : El Explorador Y La Lampara Maravillosa,2D Doblada,14:40,,,,https://cartelera.ar/pelicula/tadeo-el-explorador-y-la-lampara-maravillosa
CABA,Multiplex,Multiplex Belgrano,"Vuelta de Obligado 2199, Belgrano",Tadeo : El Explorador Y La Lampara Maravillosa,2D Doblada,17:05,,,,https://cartelera.ar/pelicula/tadeo-el-explorador-y-la-lampara-maravillosa
CABA,Cinemark Hoyts,Cinemark Puerto Madero,Av. Alicia Moreau de Justo 1920,CÓDIGO: VENGANZA,2D Doblada,17:40,,,,https://www.cinemark.com.ar/peliculas/codigo-venganza
CABA,Cinemark Hoyts,Cinemark Puerto Madero,Av. Alicia Moreau de Justo 1920,CÓDIGO: VENGANZA,2D Doblada,22:50,,,,https://www.cinemark.com.ar/peliculas/codigo-venganza
CABA,Cinemark Hoyts,Cinemark Puerto Madero,Av. Alicia Moreau de Justo 1920,Colony,2D Doblada,17:20,,,,https://www.cinemark.com.ar/peliculas/colony-zona-cero
CABA,Cinemark Hoyts,Cinemark Puerto Madero,Av. Alicia Moreau de Justo 1920,CORALINE,3D Doblada,18:00,,,,https://www.cinemark.com.ar/peliculas/coraline-y-la-puerta-secreta
CABA,Cinemark Hoyts,Cinemark Puerto Madero,Av. Alicia Moreau de Justo 1920,Coyote vs. Acme,2D Doblada,13:00,,,,https://www.cinemark.com.ar/peliculas/coyote-vs-acme
CABA,Cinemark Hoyts,Cinemark Puerto Madero,Av. Alicia Moreau de Justo 1920,Coyote vs. Acme,2D Doblada,15:30,,,,https://www.cinemark.com.ar/peliculas/coyote-vs-acme
CABA,Cinemark Hoyts,Cinemark Puerto Madero,Av. Alicia Moreau de Justo 1920,Coyote vs. Acme,2D Doblada,18:00,,,,https://www.cinemark.com.ar/peliculas/coyote-vs-acme
CABA,Cinemark Hoyts,Cinemark Puerto Madero,Av. Alicia Moreau de Justo 1920,Coyote vs. Acme,2D Doblada,20:30,,,,https://www.cinemark.com.ar/peliculas/coyote-vs-acme
CABA,Cinemark Hoyts,Cinemark Puerto Madero,Av. Alicia Moreau de Justo 1920,El Diablo Viste A La Moda 2,2D Doblada,15:00,,,,https://www.cinemark.com.ar/peliculas/el-diablo-viste-a-la-moda-2
CABA,Cinemark Hoyts,Cinemark Puerto Madero,Av. Alicia Moreau de Justo 1920,EL HELADERO,2D Doblada,23:00,,,,https://www.cinemark.com.ar/peliculas/el-heladero-dulce-sabor-a-muerte
CABA,Cinemark Hoyts,Cinemark Puerto Madero,Av. Alicia Moreau de Justo 1920,HECHIZO DE AMOR: LA MAGIA CONTINUA,2D Subtitulada,20:10,,,,https://www.cinemark.com.ar/peliculas/hechizo-de-amor-la-magia-continua
CABA,Cinemark Hoyts,Cinemark Puerto Madero,Av. Alicia Moreau de Justo 1920,HECHIZO DE AMOR: LA MAGIA CONTINUA,2D Subtitulada,23:00,,,,https://www.cinemark.com.ar/peliculas/hechizo-de-amor-la-magia-continua
CABA,Cinemark Hoyts,Cinemark Puerto Madero,Av. Alicia Moreau de Justo 1920,Insidious: Fuera del más allá,2D Doblada,13:00,,,,https://www.cinemark.com.ar/peliculas/la-noche-del-demonio-estan-entre-nosotros
CABA,Cinemark Hoyts,Cinemark Puerto Madero,Av. Alicia Moreau de Justo 1920,Insidious: Fuera del más allá,2D Doblada,15:20,,,,https://www.cinemark.com.ar/peliculas/la-noche-del-demonio-estan-entre-nosotros
CABA,Cinemark Hoyts,Cinemark Puerto Madero,Av. Alicia Moreau de Justo 1920,Insidious: Fuera del más allá,2D Doblada,17:50,,,,https://www.cinemark.com.ar/peliculas/la-noche-del-demonio-estan-entre-nosotros
CABA,Cinemark Hoyts,Cinemark Puerto Madero,Av. Alicia Moreau de Justo 1920,Insidious: Fuera del más allá,2D Doblada,20:20,,,,https://www.cinemark.com.ar/peliculas/la-noche-del-demonio-estan-entre-nosotros
CABA,Cinemark Hoyts,Cinemark Puerto Madero,Av. Alicia Moreau de Justo 1920,Insidious: Fuera del más allá,2D Doblada,22:40,,,,https://www.cinemark.com.ar/peliculas/la-noche-del-demonio-estan-entre-nosotros
CABA,Cinemark Hoyts,Cinemark Puerto Madero,Av. Alicia Moreau de Justo 1920,La Odisea,2D Subtitulada,18:10,,,,https://www.cinemark.com.ar/peliculas/la-odisea
CABA,Cinemark Hoyts,Cinemark Puerto Madero,Av. Alicia Moreau de Justo 1920,La Odisea,2D Subtitulada,21:50,,,,https://www.cinemark.com.ar/peliculas/la-odisea
CABA,Cinemark Hoyts,Cinemark Puerto Madero,Av. Alicia Moreau de Justo 1920,OASIS: DON´T LOOK BACK IN ANGER,2D Subtitulada,20:00,,,,https://www.cinemark.com.ar/peliculas/oasis-don-t-look-back-in-anger
CABA,Cinemark Hoyts,Cinemark Puerto Madero,Av. Alicia Moreau de Justo 1920,Pepita la Pistolera,2D Doblada,22:30,,,,https://www.cinemark.com.ar/peliculas/pepita-la-pistolera
CABA,Cinemark Hoyts,Cinemark Puerto Madero,Av. Alicia Moreau de Justo 1920,RÁPIDO Y FURIOSO: 25 ANIVERSARIO,2D Doblada,15:40,,,,https://www.cinemark.com.ar/peliculas/rapido-y-furioso-25-aniversario
CABA,Cinemark Hoyts,Cinemark Puerto Madero,Av. Alicia Moreau de Justo 1920,Scary Movie,2D Doblada,15:20,,,,https://www.cinemark.com.ar/peliculas/scary-movie-terrorificamente-incorrecta
CABA,Cinemark Hoyts,Cinemark Puerto Madero,Av. Alicia Moreau de Justo 1920,SHREK 25 ANIVERSARIO,2D Doblada,15:15,,,,https://www.cinemark.com.ar/peliculas/shrek-25-aniversario
CABA,Cinemark Hoyts,Cinemark Puerto Madero,Av. Alicia Moreau de Justo 1920,Spider-Man: Un nuevo día,2D Doblada,13:00,,,,https://www.cinemark.com.ar/peliculas/spider-man-un-nuevo-dia
CABA,Cinemark Hoyts,Cinemark Puerto Madero,Av. Alicia Moreau de Justo 1920,Spider-Man: Un nuevo día,3D Doblada,16:10,,,,https://www.cinemark.com.ar/peliculas/spider-man-un-nuevo-dia
CABA,Cinemark Hoyts,Cinemark Puerto Madero,Av. Alicia Moreau de Justo 1920,Spider-Man: Un nuevo día,2D Doblada,19:20,,,,https://www.cinemark.com.ar/peliculas/spider-man-un-nuevo-dia
CABA,Cinemark Hoyts,Cinemark Puerto Madero,Av. Alicia Moreau de Justo 1920,Spider-Man: Un nuevo día,2D Doblada,22:30,,,,https://www.cinemark.com.ar/peliculas/spider-man-un-nuevo-dia
CABA,Cinemark Hoyts,Cinemark Puerto Madero,Av. Alicia Moreau de Justo 1920,TADEO EL EXPLORADOR Y LA LAMPARA,2D Doblada,13:10,,,,https://www.cinemark.com.ar/peliculas/tadeo-el-explorador-y-la-lampara-maravillosa
CABA,Cinemark Hoyts,Cinemark Puerto Madero,Av. Alicia Moreau de Justo 1920,TADEO EL EXPLORADOR Y LA LAMPARA,2D Doblada,15:30,,,,https://www.cinemark.com.ar/peliculas/tadeo-el-explorador-y-la-lampara-maravillosa
CABA,Cinemark Hoyts,Cinemark Puerto Madero,Av. Alicia Moreau de Justo 1920,TADEO EL EXPLORADOR Y LA LAMPARA,2D Doblada,17:50,,,,https://www.cinemark.com.ar/peliculas/tadeo-el-explorador-y-la-lampara-maravillosa
CABA,Cinemark Hoyts,Cinemark Puerto Madero,Av. Alicia Moreau de Justo 1920,Toy Story 5,2D Doblada,13:00,,,,https://www.cinemark.com.ar/peliculas/toy-story-5
CABA,Cinemark Hoyts,Cinemark Puerto Madero,Av. Alicia Moreau de Justo 1920,VOLVER AL FUTURO,2D Subtitulada,20:00,,,,https://www.cinemark.com.ar/peliculas/volver-al-futuro
CABA,Cinemark Hoyts,Cinemark Puerto Madero,Av. Alicia Moreau de Justo 1920,Yo Narciso,2D Doblada,13:20,,,,https://www.cinemark.com.ar/peliculas/yo-narciso
CABA,Cinemark Hoyts,Cinemark Puerto Madero,Av. Alicia Moreau de Justo 1920,Yo Narciso,2D Doblada,20:15,,,,https://www.cinemark.com.ar/peliculas/yo-narciso
CABA,Cinemark Hoyts,Cinemark Puerto Madero,Av. Alicia Moreau de Justo 1920,Yo Narciso,2D Doblada,22:40,,,,https://www.cinemark.com.ar/peliculas/yo-narciso
CABA,Multiplex,Multiplex Lavalle,"Lavalle 780, CABA",Super Mario Galaxy: La Película,2D Doblada,13:40,,,,https://cartelera.ar/pelicula/super-mario-galaxy-la-pelicula
CABA,Multiplex,Multiplex Lavalle,"Lavalle 780, CABA",Michael,2D Doblada,20:05,,,,https://cartelera.ar/pelicula/michael
CABA,Multiplex,Multiplex Lavalle,"Lavalle 780, CABA",Obsesión,2D Doblada,23:15,,,,https://cartelera.ar/pelicula/obsesion
CABA,Multiplex,Multiplex Lavalle,"Lavalle 780, CABA",Afterburn (Zona cero),2D Doblada,22:50,,,,https://cartelera.ar/pelicula/afterburn-zona-cero
CABA,Multiplex,Multiplex Lavalle,"Lavalle 780, CABA",La Odisea,2D Doblada,20:05,,,,https://cartelera.ar/pelicula/la-odisea
CABA,Multiplex,Multiplex Lavalle,"Lavalle 780, CABA",Spider-Man: Un nuevo día,3D Doblada,15:30,,,,https://cartelera.ar/pelicula/spider-man-un-nuevo-dia
CABA,Multiplex,Multiplex Lavalle,"Lavalle 780, CABA",Spider-Man: Un nuevo día,2D Doblada,16:30,,,,https://cartelera.ar/pelicula/spider-man-un-nuevo-dia
CABA,Multiplex,Multiplex Lavalle,"Lavalle 780, CABA",Spider-Man: Un nuevo día,2D Doblada,17:20,,,,https://cartelera.ar/pelicula/spider-man-un-nuevo-dia
CABA,Multiplex,Multiplex Lavalle,"Lavalle 780, CABA",Spider-Man: Un nuevo día,2D Doblada,22:30,,,,https://cartelera.ar/pelicula/spider-man-un-nuevo-dia
CABA,Multiplex,Multiplex Lavalle,"Lavalle 780, CABA",Toy Story 5,2D Doblada,13:20,,,,https://cartelera.ar/pelicula/toy-story-5
CABA,Multiplex,Multiplex Lavalle,"Lavalle 780, CABA",Toy Story 5,2D Doblada,15:20,,,,https://cartelera.ar/pelicula/toy-story-5
CABA,Multiplex,Multiplex Lavalle,"Lavalle 780, CABA",Scary Movie,2D Doblada,18:20,,,,https://cartelera.ar/pelicula/scary-movie
CABA,Multiplex,Multiplex Lavalle,"Lavalle 780, CABA",Minions & monstruos,3D Doblada,13:45,,,,https://cartelera.ar/pelicula/minions-monstruos
CABA,Multiplex,Multiplex Lavalle,"Lavalle 780, CABA",Minions & monstruos,2D Doblada,14:45,,,,https://cartelera.ar/pelicula/minions-monstruos
CABA,Multiplex,Multiplex Lavalle,"Lavalle 780, CABA",La noche del demonio: Están entre nosotros,2D Doblada,13:00,,,,https://cartelera.ar/pelicula/la-noche-del-demonio-estan-entre-nosotros
CABA,Multiplex,Multiplex Lavalle,"Lavalle 780, CABA",La noche del demonio: Están entre nosotros,2D Doblada,14:55,,,,https://cartelera.ar/pelicula/la-noche-del-demonio-estan-entre-nosotros
CABA,Multiplex,Multiplex Lavalle,"Lavalle 780, CABA",La noche del demonio: Están entre nosotros,2D Doblada,18:45,,,,https://cartelera.ar/pelicula/la-noche-del-demonio-estan-entre-nosotros
CABA,Multiplex,Multiplex Lavalle,"Lavalle 780, CABA",La noche del demonio: Están entre nosotros,2D Doblada,21:00,,,,https://cartelera.ar/pelicula/la-noche-del-demonio-estan-entre-nosotros
CABA,Multiplex,Multiplex Lavalle,"Lavalle 780, CABA",La noche del demonio: Están entre nosotros,2D Doblada,23:00,,,,https://cartelera.ar/pelicula/la-noche-del-demonio-estan-entre-nosotros
CABA,Multiplex,Multiplex Lavalle,"Lavalle 780, CABA",Hechizo de amor: La magia continúa,2D Doblada,13:30,,,,https://cartelera.ar/pelicula/hechizo-de-amor-la-magia-continua
CABA,Multiplex,Multiplex Lavalle,"Lavalle 780, CABA",Hechizo de amor: La magia continúa,2D Doblada,15:40,,,,https://cartelera.ar/pelicula/hechizo-de-amor-la-magia-continua
CABA,Multiplex,Multiplex Lavalle,"Lavalle 780, CABA",Hechizo de amor: La magia continúa,2D Doblada,17:35,,,,https://cartelera.ar/pelicula/hechizo-de-amor-la-magia-continua
CABA,Multiplex,Multiplex Lavalle,"Lavalle 780, CABA",Código: Venganza,2D Doblada,23:10,,,,https://cartelera.ar/pelicula/codigo-venganza
CABA,Multiplex,Multiplex Lavalle,"Lavalle 780, CABA",Pepita la Pistolera,2D Doblada,19:30,,,,https://cartelera.ar/pelicula/pepita-la-pistolera
CABA,Multiplex,Multiplex Lavalle,"Lavalle 780, CABA",Ice Cream Man,2D Doblada,13:00,,,,https://cartelera.ar/pelicula/ice-cream-man
CABA,Multiplex,Multiplex Lavalle,"Lavalle 780, CABA",Ice Cream Man,2D Doblada,14:45,,,,https://cartelera.ar/pelicula/ice-cream-man
CABA,Multiplex,Multiplex Lavalle,"Lavalle 780, CABA",Ice Cream Man,2D Doblada,19:15,,,,https://cartelera.ar/pelicula/ice-cream-man
CABA,Multiplex,Multiplex Lavalle,"Lavalle 780, CABA",Ice Cream Man,2D Doblada,21:30,,,,https://cartelera.ar/pelicula/ice-cream-man
CABA,Multiplex,Multiplex Lavalle,"Lavalle 780, CABA",Ice Cream Man,2D Doblada,23:10,,,,https://cartelera.ar/pelicula/ice-cream-man
CABA,Multiplex,Multiplex Lavalle,"Lavalle 780, CABA",Coyote vs. Acme,2D Doblada,15:40,,,,https://cartelera.ar/pelicula/coyote-vs-acme
CABA,Multiplex,Multiplex Lavalle,"Lavalle 780, CABA",Coyote vs. Acme,2D Doblada,17:50,,,,https://cartelera.ar/pelicula/coyote-vs-acme
CABA,Multiplex,Multiplex Lavalle,"Lavalle 780, CABA",Coyote vs. Acme,2D Doblada,20:45,,,,https://cartelera.ar/pelicula/coyote-vs-acme
CABA,Multiplex,Multiplex Lavalle,"Lavalle 780, CABA",Yo Narciso,2D Doblada,16:30,,,,https://cartelera.ar/pelicula/yo-narciso
CABA,Multiplex,Multiplex Lavalle,"Lavalle 780, CABA",Yo Narciso,2D Doblada,18:15,,,,https://cartelera.ar/pelicula/yo-narciso
CABA,Multiplex,Multiplex Lavalle,"Lavalle 780, CABA",Tadeo : El Explorador Y La Lampara Maravillosa,2D Doblada,13:00,,,,https://cartelera.ar/pelicula/tadeo-el-explorador-y-la-lampara-maravillosa
CABA,Multiplex,Multiplex Lavalle,"Lavalle 780, CABA",Tadeo : El Explorador Y La Lampara Maravillosa,2D Doblada,16:55,,,,https://cartelera.ar/pelicula/tadeo-el-explorador-y-la-lampara-maravillosa
GBA Sur,Showcase,Showcase Quilmes,"Av. Calchaquí 3950, Quilmes Factory",Michael,2D Doblada,16:15,,,,https://cartelera.ar/pelicula/michael
GBA Sur,Showcase,Showcase Quilmes,"Av. Calchaquí 3950, Quilmes Factory",Afterburn (Zona cero),2D Doblada,22:40,,,,https://cartelera.ar/pelicula/afterburn-zona-cero
GBA Sur,Showcase,Showcase Quilmes,"Av. Calchaquí 3950, Quilmes Factory",La Odisea,2D Subtitulada,19:00,,,,https://cartelera.ar/pelicula/la-odisea
GBA Sur,Showcase,Showcase Quilmes,"Av. Calchaquí 3950, Quilmes Factory",Spider-Man: Un nuevo día,2D Doblada,13:25,,,,https://cartelera.ar/pelicula/spider-man-un-nuevo-dia
GBA Sur,Showcase,Showcase Quilmes,"Av. Calchaquí 3950, Quilmes Factory",Spider-Man: Un nuevo día,3D Doblada,16:25,,,,https://cartelera.ar/pelicula/spider-man-un-nuevo-dia
GBA Sur,Showcase,Showcase Quilmes,"Av. Calchaquí 3950, Quilmes Factory",Spider-Man: Un nuevo día,2D Doblada,19:25,,,,https://cartelera.ar/pelicula/spider-man-un-nuevo-dia
GBA Sur,Showcase,Showcase Quilmes,"Av. Calchaquí 3950, Quilmes Factory",Spider-Man: Un nuevo día,2D Doblada,22:20,,,,https://cartelera.ar/pelicula/spider-man-un-nuevo-dia
GBA Sur,Showcase,Showcase Quilmes,"Av. Calchaquí 3950, Quilmes Factory",Toy Story 5,3D Doblada,14:25,,,,https://cartelera.ar/pelicula/toy-story-5
GBA Sur,Showcase,Showcase Quilmes,"Av. Calchaquí 3950, Quilmes Factory",Scary Movie,2D Doblada,22:25,,,,https://cartelera.ar/pelicula/scary-movie
GBA Sur,Showcase,Showcase Quilmes,"Av. Calchaquí 3950, Quilmes Factory",PAW Patrol: La Dino Película,2D Doblada,14:10,,,,https://cartelera.ar/pelicula/paw-patrol-la-dino-pelicula
GBA Sur,Showcase,Showcase Quilmes,"Av. Calchaquí 3950, Quilmes Factory",La noche del demonio: Están entre nosotros,2D Doblada,19:40,,,,https://cartelera.ar/pelicula/la-noche-del-demonio-estan-entre-nosotros
GBA Sur,Showcase,Showcase Quilmes,"Av. Calchaquí 3950, Quilmes Factory",La noche del demonio: Están entre nosotros,2D Doblada,22:30,,,,https://cartelera.ar/pelicula/la-noche-del-demonio-estan-entre-nosotros
GBA Sur,Showcase,Showcase Quilmes,"Av. Calchaquí 3950, Quilmes Factory",Hechizo de amor: La magia continúa,2D Doblada,14:35,,,,https://cartelera.ar/pelicula/hechizo-de-amor-la-magia-continua
GBA Sur,Showcase,Showcase Quilmes,"Av. Calchaquí 3950, Quilmes Factory",Hechizo de amor: La magia continúa,2D Doblada,16:45,,,,https://cartelera.ar/pelicula/hechizo-de-amor-la-magia-continua
GBA Sur,Showcase,Showcase Quilmes,"Av. Calchaquí 3950, Quilmes Factory",Hechizo de amor: La magia continúa,2D Doblada,19:30,,,,https://cartelera.ar/pelicula/hechizo-de-amor-la-magia-continua
GBA Sur,Showcase,Showcase Quilmes,"Av. Calchaquí 3950, Quilmes Factory",Hechizo de amor: La magia continúa,2D Subtitulada,22:15,,,,https://cartelera.ar/pelicula/hechizo-de-amor-la-magia-continua
GBA Sur,Showcase,Showcase Quilmes,"Av. Calchaquí 3950, Quilmes Factory",Código: Venganza,2D Doblada,16:00,,,,https://cartelera.ar/pelicula/codigo-venganza
GBA Sur,Showcase,Showcase Quilmes,"Av. Calchaquí 3950, Quilmes Factory",Código: Venganza,2D Subtitulada,22:05,,,,https://cartelera.ar/pelicula/codigo-venganza
GBA Sur,Showcase,Showcase Quilmes,"Av. Calchaquí 3950, Quilmes Factory",Pepita la Pistolera,2D Doblada,17:20,,,,https://cartelera.ar/pelicula/pepita-la-pistolera
GBA Sur,Showcase,Showcase Quilmes,"Av. Calchaquí 3950, Quilmes Factory",Pepita la Pistolera,2D Doblada,22:00,,,,https://cartelera.ar/pelicula/pepita-la-pistolera
GBA Sur,Showcase,Showcase Quilmes,"Av. Calchaquí 3950, Quilmes Factory",Ice Cream Man,2D Doblada,14:00,,,,https://cartelera.ar/pelicula/ice-cream-man
GBA Sur,Showcase,Showcase Quilmes,"Av. Calchaquí 3950, Quilmes Factory",Ice Cream Man,2D Doblada,18:20,,,,https://cartelera.ar/pelicula/ice-cream-man
GBA Sur,Showcase,Showcase Quilmes,"Av. Calchaquí 3950, Quilmes Factory",Ice Cream Man,2D Doblada,20:30,,,,https://cartelera.ar/pelicula/ice-cream-man
GBA Sur,Showcase,Showcase Quilmes,"Av. Calchaquí 3950, Quilmes Factory",Ice Cream Man,2D Subtitulada,22:35,,,,https://cartelera.ar/pelicula/ice-cream-man
GBA Sur,Showcase,Showcase Quilmes,"Av. Calchaquí 3950, Quilmes Factory",Coyote vs. Acme,2D Doblada,15:00,,,,https://cartelera.ar/pelicula/coyote-vs-acme
GBA Sur,Showcase,Showcase Quilmes,"Av. Calchaquí 3950, Quilmes Factory",Coyote vs. Acme,2D Doblada,17:25,,,,https://cartelera.ar/pelicula/coyote-vs-acme
GBA Sur,Showcase,Showcase Quilmes,"Av. Calchaquí 3950, Quilmes Factory",Coyote vs. Acme,2D Doblada,19:50,,,,https://cartelera.ar/pelicula/coyote-vs-acme
GBA Sur,Showcase,Showcase Quilmes,"Av. Calchaquí 3950, Quilmes Factory",Yo Narciso,2D Doblada,16:20,,,,https://cartelera.ar/pelicula/yo-narciso
GBA Sur,Showcase,Showcase Quilmes,"Av. Calchaquí 3950, Quilmes Factory",Yo Narciso,2D Doblada,20:20,,,,https://cartelera.ar/pelicula/yo-narciso
GBA Sur,Showcase,Showcase Quilmes,"Av. Calchaquí 3950, Quilmes Factory",Oasis: Dont Look Back In Anger,2D Subtitulada,19:45,,,,https://cartelera.ar/pelicula/oasis-dont-look-back-in-anger
GBA Sur,Showcase,Showcase Quilmes,"Av. Calchaquí 3950, Quilmes Factory",Tadeo : El Explorador Y La Lampara Maravillosa,2D Doblada,15:20,,,,https://cartelera.ar/pelicula/tadeo-el-explorador-y-la-lampara-maravillosa
GBA Sur,Showcase,Showcase Quilmes,"Av. Calchaquí 3950, Quilmes Factory",Tadeo : El Explorador Y La Lampara Maravillosa,2D Doblada,17:30,,,,https://cartelera.ar/pelicula/tadeo-el-explorador-y-la-lampara-maravillosa
GBA Sur,Showcase,Showcase Quilmes,"Av. Calchaquí 3950, Quilmes Factory",Tadeo : El Explorador Y La Lampara Maravillosa,2D Doblada,18:25,,,,https://cartelera.ar/pelicula/tadeo-el-explorador-y-la-lampara-maravillosa
CABA,Showcase,Showcase Belgrano,"Monroe 1655, Belgrano",Los Colores Del Tiempo,2D Subtitulada,17:05,,,,https://cartelera.ar/pelicula/los-colores-del-tiempo
CABA,Showcase,Showcase Belgrano,"Monroe 1655, Belgrano",Michael,2D Subtitulada,19:10,,,,https://cartelera.ar/pelicula/michael
CABA,Showcase,Showcase Belgrano,"Monroe 1655, Belgrano",El Diablo Viste A La Moda 2,2D Subtitulada,22:00,,,,https://cartelera.ar/pelicula/el-diablo-viste-a-la-moda-2
CABA,Showcase,Showcase Belgrano,"Monroe 1655, Belgrano",Mandalorian & Grogu,2D Subtitulada,16:10,,,,https://cartelera.ar/pelicula/mandalorian-grogu
CABA,Showcase,Showcase Belgrano,"Monroe 1655, Belgrano",Afterburn (Zona cero),2D Subtitulada,19:25,,,,https://cartelera.ar/pelicula/afterburn-zona-cero
CABA,Showcase,Showcase Belgrano,"Monroe 1655, Belgrano",La invitación,2D Subtitulada,19:55,,,,https://cartelera.ar/pelicula/la-invitacion
CABA,Showcase,Showcase Belgrano,"Monroe 1655, Belgrano",La invitación,2D Subtitulada,22:20,,,,https://cartelera.ar/pelicula/la-invitacion
CABA,Showcase,Showcase Belgrano,"Monroe 1655, Belgrano",La Odisea,2D Subtitulada,15:25,,,,https://cartelera.ar/pelicula/la-odisea
CABA,Showcase,Showcase Belgrano,"Monroe 1655, Belgrano",La Odisea,2D Subtitulada,19:00,,,,https://cartelera.ar/pelicula/la-odisea
CABA,Showcase,Showcase Belgrano,"Monroe 1655, Belgrano",La Odisea,2D Subtitulada,22:15,,,,https://cartelera.ar/pelicula/la-odisea
CABA,Showcase,Showcase Belgrano,"Monroe 1655, Belgrano",Spider-Man: Un nuevo día,2D Doblada,13:30,,,,https://cartelera.ar/pelicula/spider-man-un-nuevo-dia
CABA,Showcase,Showcase Belgrano,"Monroe 1655, Belgrano",Spider-Man: Un nuevo día,3D Doblada,16:30,,,,https://cartelera.ar/pelicula/spider-man-un-nuevo-dia
CABA,Showcase,Showcase Belgrano,"Monroe 1655, Belgrano",Spider-Man: Un nuevo día,2D Doblada,19:05,,,,https://cartelera.ar/pelicula/spider-man-un-nuevo-dia
CABA,Showcase,Showcase Belgrano,"Monroe 1655, Belgrano",Spider-Man: Un nuevo día,2D Subtitulada,19:35,,,,https://cartelera.ar/pelicula/spider-man-un-nuevo-dia
CABA,Showcase,Showcase Belgrano,"Monroe 1655, Belgrano",Spider-Man: Un nuevo día,2D Subtitulada,22:10,,,,https://cartelera.ar/pelicula/spider-man-un-nuevo-dia
CABA,Showcase,Showcase Belgrano,"Monroe 1655, Belgrano",Toy Story 5,2D Doblada,17:00,,,,https://cartelera.ar/pelicula/toy-story-5
CABA,Showcase,Showcase Belgrano,"Monroe 1655, Belgrano",Una quinta en Portugal,2D Doblada,14:25,,,,https://cartelera.ar/pelicula/una-quinta-en-portugal
CABA,Showcase,Showcase Belgrano,"Monroe 1655, Belgrano",El Final de la Calle Oak,2D Subtitulada,16:40,,,,https://cartelera.ar/pelicula/el-final-de-la-calle-oak
CABA,Showcase,Showcase Belgrano,"Monroe 1655, Belgrano",PAW Patrol: La Dino Película,2D Doblada,14:00,,,,https://cartelera.ar/pelicula/paw-patrol-la-dino-pelicula
CABA,Showcase,Showcase Belgrano,"Monroe 1655, Belgrano",Hechizo de amor: La magia continúa,2D Doblada,14:05,,,,https://cartelera.ar/pelicula/hechizo-de-amor-la-magia-continua
CABA,Showcase,Showcase Belgrano,"Monroe 1655, Belgrano",Hechizo de amor: La magia continúa,2D Subtitulada,16:55,,,,https://cartelera.ar/pelicula/hechizo-de-amor-la-magia-continua
CABA,Showcase,Showcase Belgrano,"Monroe 1655, Belgrano",Hechizo de amor: La magia continúa,2D Subtitulada,19:30,,,,https://cartelera.ar/pelicula/hechizo-de-amor-la-magia-continua
CABA,Showcase,Showcase Belgrano,"Monroe 1655, Belgrano",Hechizo de amor: La magia continúa,2D Subtitulada,22:30,,,,https://cartelera.ar/pelicula/hechizo-de-amor-la-magia-continua
CABA,Showcase,Showcase Belgrano,"Monroe 1655, Belgrano",Código: Venganza,2D Subtitulada,22:40,,,,https://cartelera.ar/pelicula/codigo-venganza
CABA,Showcase,Showcase Belgrano,"Monroe 1655, Belgrano",Pepita la Pistolera,2D Doblada,17:15,,,,https://cartelera.ar/pelicula/pepita-la-pistolera
CABA,Showcase,Showcase Belgrano,"Monroe 1655, Belgrano",Pepita la Pistolera,2D Doblada,22:05,,,,https://cartelera.ar/pelicula/pepita-la-pistolera
CABA,Showcase,Showcase Belgrano,"Monroe 1655, Belgrano",Terminator 2: El juicio final,2D Subtitulada,22:35,,,,https://cartelera.ar/pelicula/terminator-2-el-juicio-final
CABA,Showcase,Showcase Belgrano,"Monroe 1655, Belgrano",Ice Cream Man,2D Subtitulada,22:30,,,,https://cartelera.ar/pelicula/ice-cream-man
CABA,Showcase,Showcase Belgrano,"Monroe 1655, Belgrano",La constelación del perro,2D Subtitulada,22:25,,,,https://cartelera.ar/pelicula/la-constelacion-del-perro
CABA,Showcase,Showcase Belgrano,"Monroe 1655, Belgrano",Moana,2D Doblada,14:15,,,,https://cartelera.ar/pelicula/moana
CABA,Showcase,Showcase Belgrano,"Monroe 1655, Belgrano",Coyote vs. Acme,2D Doblada,14:50,,,,https://cartelera.ar/pelicula/coyote-vs-acme
CABA,Showcase,Showcase Belgrano,"Monroe 1655, Belgrano",Coyote vs. Acme,2D Doblada,17:25,,,,https://cartelera.ar/pelicula/coyote-vs-acme
CABA,Showcase,Showcase Belgrano,"Monroe 1655, Belgrano",Coyote vs. Acme,2D Doblada,19:50,,,,https://cartelera.ar/pelicula/coyote-vs-acme
CABA,Showcase,Showcase Belgrano,"Monroe 1655, Belgrano",Yo Narciso,2D Doblada,15:00,,,,https://cartelera.ar/pelicula/yo-narciso
CABA,Showcase,Showcase Belgrano,"Monroe 1655, Belgrano",Yo Narciso,2D Doblada,19:40,,,,https://cartelera.ar/pelicula/yo-narciso
CABA,Showcase,Showcase Belgrano,"Monroe 1655, Belgrano",Oasis: Dont Look Back In Anger,2D Subtitulada,19:45,,,,https://cartelera.ar/pelicula/oasis-dont-look-back-in-anger
CABA,Showcase,Showcase Belgrano,"Monroe 1655, Belgrano",Tadeo : El Explorador Y La Lampara Maravillosa,2D Doblada,14:00,,,,https://cartelera.ar/pelicula/tadeo-el-explorador-y-la-lampara-maravillosa
CABA,Showcase,Showcase Belgrano,"Monroe 1655, Belgrano",Tadeo : El Explorador Y La Lampara Maravillosa,2D Doblada,15:00,,,,https://cartelera.ar/pelicula/tadeo-el-explorador-y-la-lampara-maravillosa
CABA,Showcase,Showcase Belgrano,"Monroe 1655, Belgrano",Tadeo : El Explorador Y La Lampara Maravillosa,2D Doblada,17:10,,,,https://cartelera.ar/pelicula/tadeo-el-explorador-y-la-lampara-maravillosa
CABA,Atlas Cines,Atlas Liniers,"Av. Rivadavia 11177, Liniers",Afterburn (Zona cero),2D Doblada,21:00,,,,https://cartelera.ar/pelicula/afterburn-zona-cero
CABA,Atlas Cines,Atlas Liniers,"Av. Rivadavia 11177, Liniers",Spider-Man: Un nuevo día,2D Doblada,17:50,,,,https://cartelera.ar/pelicula/spider-man-un-nuevo-dia
CABA,Atlas Cines,Atlas Liniers,"Av. Rivadavia 11177, Liniers",Toy Story 5,2D Doblada,13:30,,,,https://cartelera.ar/pelicula/toy-story-5
CABA,Atlas Cines,Atlas Liniers,"Av. Rivadavia 11177, Liniers",Minions & monstruos,2D Doblada,15:50,,,,https://cartelera.ar/pelicula/minions-monstruos
CABA,Atlas Cines,Atlas Liniers,"Av. Rivadavia 11177, Liniers",Código: Venganza,2D Doblada,19:10,,,,https://cartelera.ar/pelicula/codigo-venganza
CABA,Atlas Cines,Atlas Liniers,"Av. Rivadavia 11177, Liniers",Código: Venganza,2D Doblada,21:20,,,,https://cartelera.ar/pelicula/codigo-venganza
CABA,Atlas Cines,Atlas Liniers,"Av. Rivadavia 11177, Liniers",Ice Cream Man,2D Doblada,19:40,,,,https://cartelera.ar/pelicula/ice-cream-man
CABA,Atlas Cines,Atlas Liniers,"Av. Rivadavia 11177, Liniers",Ice Cream Man,2D Doblada,21:40,,,,https://cartelera.ar/pelicula/ice-cream-man
CABA,Atlas Cines,Atlas Liniers,"Av. Rivadavia 11177, Liniers",Coyote vs. Acme,2D Doblada,13:50,,,,https://cartelera.ar/pelicula/coyote-vs-acme
CABA,Atlas Cines,Atlas Liniers,"Av. Rivadavia 11177, Liniers",Coyote vs. Acme,2D Doblada,16:20,,,,https://cartelera.ar/pelicula/coyote-vs-acme
CABA,Atlas Cines,Atlas Liniers,"Av. Rivadavia 11177, Liniers",Coyote vs. Acme,2D Doblada,18:40,,,,https://cartelera.ar/pelicula/coyote-vs-acme
CABA,Atlas Cines,Atlas Liniers,"Av. Rivadavia 11177, Liniers",Prácticamente magia 2,2D Doblada,16:30,,,,https://cartelera.ar/pelicula/practicamente-magia-2
CABA,Atlas Cines,Atlas Liniers,"Av. Rivadavia 11177, Liniers",Prácticamente magia 2,2D Doblada,20:50,,,,https://cartelera.ar/pelicula/practicamente-magia-2
CABA,Atlas Cines,Atlas Liniers,"Av. Rivadavia 11177, Liniers",Tadeo el Explorador y la Lampa,2D Doblada,14:20,,,,https://cartelera.ar/pelicula/tadeo-el-explorador-y-la-lampa
CABA,Atlas Cines,Atlas Liniers,"Av. Rivadavia 11177, Liniers",Tadeo el Explorador y la Lampa,2D Doblada,15:30,,,,https://cartelera.ar/pelicula/tadeo-el-explorador-y-la-lampa
CABA,Atlas Cines,Atlas Liniers,"Av. Rivadavia 11177, Liniers",Tadeo el Explorador y la Lampa,2D Doblada,17:30,,,,https://cartelera.ar/pelicula/tadeo-el-explorador-y-la-lampa
GBA Norte,Showcase,Showcase Norte (Norcenter),"Colectora Panamericana 3750, Norcenter",Proyecto Fin del Mundo,2D Subtitulada,19:10,,,,https://cartelera.ar/pelicula/proyecto-fin-del-mundo
GBA Norte,Showcase,Showcase Norte (Norcenter),"Colectora Panamericana 3750, Norcenter",Super Mario Galaxy: La Película,3D Doblada,14:15,,,,https://cartelera.ar/pelicula/super-mario-galaxy-la-pelicula
GBA Norte,Showcase,Showcase Norte (Norcenter),"Colectora Panamericana 3750, Norcenter",Los Colores Del Tiempo,2D Subtitulada,16:25,,,,https://cartelera.ar/pelicula/los-colores-del-tiempo
GBA Norte,Showcase,Showcase Norte (Norcenter),"Colectora Panamericana 3750, Norcenter",El Drama,2D Subtitulada,14:00,,,,https://cartelera.ar/pelicula/el-drama
GBA Norte,Showcase,Showcase Norte (Norcenter),"Colectora Panamericana 3750, Norcenter",Michael,2D Subtitulada,21:45,,,,https://cartelera.ar/pelicula/michael
GBA Norte,Showcase,Showcase Norte (Norcenter),"Colectora Panamericana 3750, Norcenter",El Diablo Viste A La Moda 2,2D Subtitulada,19:25,,,,https://cartelera.ar/pelicula/el-diablo-viste-a-la-moda-2
GBA Norte,Showcase,Showcase Norte (Norcenter),"Colectora Panamericana 3750, Norcenter",Mortal Kombat 2,2D Doblada,14:25,,,,https://cartelera.ar/pelicula/mortal-kombat-2
GBA Norte,Showcase,Showcase Norte (Norcenter),"Colectora Panamericana 3750, Norcenter",Mandalorian & Grogu,3D Subtitulada,22:35,,,,https://cartelera.ar/pelicula/mandalorian-grogu
GBA Norte,Showcase,Showcase Norte (Norcenter),"Colectora Panamericana 3750, Norcenter",Afterburn (Zona cero),2D Doblada,14:05,,,,https://cartelera.ar/pelicula/afterburn-zona-cero
GBA Norte,Showcase,Showcase Norte (Norcenter),"Colectora Panamericana 3750, Norcenter",Afterburn (Zona cero),2D Subtitulada,22:10,,,,https://cartelera.ar/pelicula/afterburn-zona-cero
GBA Norte,Showcase,Showcase Norte (Norcenter),"Colectora Panamericana 3750, Norcenter",La invitación,2D Subtitulada,16:50,,,,https://cartelera.ar/pelicula/la-invitacion
GBA Norte,Showcase,Showcase Norte (Norcenter),"Colectora Panamericana 3750, Norcenter",La invitación,2D Subtitulada,19:15,,,,https://cartelera.ar/pelicula/la-invitacion
GBA Norte,Showcase,Showcase Norte (Norcenter),"Colectora Panamericana 3750, Norcenter",La invitación,2D Subtitulada,21:50,,,,https://cartelera.ar/pelicula/la-invitacion
GBA Norte,Showcase,Showcase Norte (Norcenter),"Colectora Panamericana 3750, Norcenter",La Odisea,2D Subtitulada,15:35,,,,https://cartelera.ar/pelicula/la-odisea
GBA Norte,Showcase,Showcase Norte (Norcenter),"Colectora Panamericana 3750, Norcenter",La Odisea,2D Subtitulada,18:25,,,,https://cartelera.ar/pelicula/la-odisea
GBA Norte,Showcase,Showcase Norte (Norcenter),"Colectora Panamericana 3750, Norcenter",La Odisea,2D Subtitulada,19:05,,,,https://cartelera.ar/pelicula/la-odisea
GBA Norte,Showcase,Showcase Norte (Norcenter),"Colectora Panamericana 3750, Norcenter",La Odisea,2D Subtitulada,21:35,,,,https://cartelera.ar/pelicula/la-odisea
GBA Norte,Showcase,Showcase Norte (Norcenter),"Colectora Panamericana 3750, Norcenter",Spider-Man: Un nuevo día,2D Doblada,14:10,,,,https://cartelera.ar/pelicula/spider-man-un-nuevo-dia
GBA Norte,Showcase,Showcase Norte (Norcenter),"Colectora Panamericana 3750, Norcenter",Spider-Man: Un nuevo día,2D Doblada,15:55,,,,https://cartelera.ar/pelicula/spider-man-un-nuevo-dia
GBA Norte,Showcase,Showcase Norte (Norcenter),"Colectora Panamericana 3750, Norcenter",Spider-Man: Un nuevo día,3D Doblada,16:20,,,,https://cartelera.ar/pelicula/spider-man-un-nuevo-dia
GBA Norte,Showcase,Showcase Norte (Norcenter),"Colectora Panamericana 3750, Norcenter",Spider-Man: Un nuevo día,2D Doblada,19:00,,,,https://cartelera.ar/pelicula/spider-man-un-nuevo-dia
GBA Norte,Showcase,Showcase Norte (Norcenter),"Colectora Panamericana 3750, Norcenter",Spider-Man: Un nuevo día,3D Doblada,19:20,,,,https://cartelera.ar/pelicula/spider-man-un-nuevo-dia
GBA Norte,Showcase,Showcase Norte (Norcenter),"Colectora Panamericana 3750, Norcenter",Spider-Man: Un nuevo día,2D Subtitulada,19:40,,,,https://cartelera.ar/pelicula/spider-man-un-nuevo-dia
GBA Norte,Showcase,Showcase Norte (Norcenter),"Colectora Panamericana 3750, Norcenter",Spider-Man: Un nuevo día,2D Doblada,22:00,,,,https://cartelera.ar/pelicula/spider-man-un-nuevo-dia
GBA Norte,Showcase,Showcase Norte (Norcenter),"Colectora Panamericana 3750, Norcenter",Spider-Man: Un nuevo día,2D Subtitulada,22:20,,,,https://cartelera.ar/pelicula/spider-man-un-nuevo-dia
GBA Norte,Showcase,Showcase Norte (Norcenter),"Colectora Panamericana 3750, Norcenter",Toy Story 5,3D Doblada,13:55,,,,https://cartelera.ar/pelicula/toy-story-5
GBA Norte,Showcase,Showcase Norte (Norcenter),"Colectora Panamericana 3750, Norcenter",Toy Story 5,2D Doblada,16:55,,,,https://cartelera.ar/pelicula/toy-story-5
GBA Norte,Showcase,Showcase Norte (Norcenter),"Colectora Panamericana 3750, Norcenter",Scary Movie,2D Doblada,16:10,,,,https://cartelera.ar/pelicula/scary-movie
GBA Norte,Showcase,Showcase Norte (Norcenter),"Colectora Panamericana 3750, Norcenter",El día de la revelación,2D Subtitulada,22:25,,,,https://cartelera.ar/pelicula/el-dia-de-la-revelacion
GBA Norte,Showcase,Showcase Norte (Norcenter),"Colectora Panamericana 3750, Norcenter",Minions & monstruos,2D Doblada,14:35,,,,https://cartelera.ar/pelicula/minions-monstruos
GBA Norte,Showcase,Showcase Norte (Norcenter),"Colectora Panamericana 3750, Norcenter",El partido,2D Doblada,14:05,,,,https://cartelera.ar/pelicula/el-partido
GBA Norte,Showcase,Showcase Norte (Norcenter),"Colectora Panamericana 3750, Norcenter",El Final de la Calle Oak,2D Subtitulada,22:35,,,,https://cartelera.ar/pelicula/el-final-de-la-calle-oak
GBA Norte,Showcase,Showcase Norte (Norcenter),"Colectora Panamericana 3750, Norcenter",PAW Patrol: La Dino Película,2D Doblada,13:50,,,,https://cartelera.ar/pelicula/paw-patrol-la-dino-pelicula
GBA Norte,Showcase,Showcase Norte (Norcenter),"Colectora Panamericana 3750, Norcenter",La noche del demonio: Están entre nosotros,2D Doblada,17:15,,,,https://cartelera.ar/pelicula/la-noche-del-demonio-estan-entre-nosotros
GBA Norte,Showcase,Showcase Norte (Norcenter),"Colectora Panamericana 3750, Norcenter",La noche del demonio: Están entre nosotros,2D Subtitulada,22:40,,,,https://cartelera.ar/pelicula/la-noche-del-demonio-estan-entre-nosotros
GBA Norte,Showcase,Showcase Norte (Norcenter),"Colectora Panamericana 3750, Norcenter",Solo por una noche,2D Subtitulada,17:00,,,,https://cartelera.ar/pelicula/solo-por-una-noche
GBA Norte,Showcase,Showcase Norte (Norcenter),"Colectora Panamericana 3750, Norcenter",Hechizo de amor: La magia continúa,2D Doblada,14:00,,,,https://cartelera.ar/pelicula/hechizo-de-amor-la-magia-continua
GBA Norte,Showcase,Showcase Norte (Norcenter),"Colectora Panamericana 3750, Norcenter",Hechizo de amor: La magia continúa,2D Doblada,16:45,,,,https://cartelera.ar/pelicula/hechizo-de-amor-la-magia-continua
GBA Norte,Showcase,Showcase Norte (Norcenter),"Colectora Panamericana 3750, Norcenter",Hechizo de amor: La magia continúa,2D Subtitulada,19:35,,,,https://cartelera.ar/pelicula/hechizo-de-amor-la-magia-continua
GBA Norte,Showcase,Showcase Norte (Norcenter),"Colectora Panamericana 3750, Norcenter",Hechizo de amor: La magia continúa,2D Subtitulada,22:25,,,,https://cartelera.ar/pelicula/hechizo-de-amor-la-magia-continua
GBA Norte,Showcase,Showcase Norte (Norcenter),"Colectora Panamericana 3750, Norcenter",Código: Venganza,2D Doblada,18:00,,,,https://cartelera.ar/pelicula/codigo-venganza
GBA Norte,Showcase,Showcase Norte (Norcenter),"Colectora Panamericana 3750, Norcenter",Código: Venganza,2D Subtitulada,22:15,,,,https://cartelera.ar/pelicula/codigo-venganza
GBA Norte,Showcase,Showcase Norte (Norcenter),"Colectora Panamericana 3750, Norcenter",Pepita la Pistolera,2D Doblada,17:05,,,,https://cartelera.ar/pelicula/pepita-la-pistolera
GBA Norte,Showcase,Showcase Norte (Norcenter),"Colectora Panamericana 3750, Norcenter",Pepita la Pistolera,2D Doblada,19:45,,,,https://cartelera.ar/pelicula/pepita-la-pistolera
GBA Norte,Showcase,Showcase Norte (Norcenter),"Colectora Panamericana 3750, Norcenter",Pepita la Pistolera,2D Doblada,22:05,,,,https://cartelera.ar/pelicula/pepita-la-pistolera
GBA Norte,Showcase,Showcase Norte (Norcenter),"Colectora Panamericana 3750, Norcenter",Terminator 2: El juicio final,2D Subtitulada,19:25,,,,https://cartelera.ar/pelicula/terminator-2-el-juicio-final
GBA Norte,Showcase,Showcase Norte (Norcenter),"Colectora Panamericana 3750, Norcenter",Supergirl,2D Doblada,14:20,,,,https://cartelera.ar/pelicula/supergirl
GBA Norte,Showcase,Showcase Norte (Norcenter),"Colectora Panamericana 3750, Norcenter",Ice Cream Man,2D Doblada,13:45,,,,https://cartelera.ar/pelicula/ice-cream-man
GBA Norte,Showcase,Showcase Norte (Norcenter),"Colectora Panamericana 3750, Norcenter",Ice Cream Man,2D Doblada,15:50,,,,https://cartelera.ar/pelicula/ice-cream-man
GBA Norte,Showcase,Showcase Norte (Norcenter),"Colectora Panamericana 3750, Norcenter",Ice Cream Man,2D Subtitulada,20:15,,,,https://cartelera.ar/pelicula/ice-cream-man
GBA Norte,Showcase,Showcase Norte (Norcenter),"Colectora Panamericana 3750, Norcenter",Ice Cream Man,2D Subtitulada,22:40,,,,https://cartelera.ar/pelicula/ice-cream-man
GBA Norte,Showcase,Showcase Norte (Norcenter),"Colectora Panamericana 3750, Norcenter",La constelación del perro,2D Subtitulada,21:55,,,,https://cartelera.ar/pelicula/la-constelacion-del-perro
GBA Norte,Showcase,Showcase Norte (Norcenter),"Colectora Panamericana 3750, Norcenter",Moana,2D Doblada,16:45,,,,https://cartelera.ar/pelicula/moana
GBA Norte,Showcase,Showcase Norte (Norcenter),"Colectora Panamericana 3750, Norcenter",Coyote vs. Acme,2D Doblada,14:30,,,,https://cartelera.ar/pelicula/coyote-vs-acme
GBA Norte,Showcase,Showcase Norte (Norcenter),"Colectora Panamericana 3750, Norcenter",Coyote vs. Acme,2D Doblada,16:40,,,,https://cartelera.ar/pelicula/coyote-vs-acme
GBA Norte,Showcase,Showcase Norte (Norcenter),"Colectora Panamericana 3750, Norcenter",Coyote vs. Acme,2D Doblada,19:15,,,,https://cartelera.ar/pelicula/coyote-vs-acme
GBA Norte,Showcase,Showcase Norte (Norcenter),"Colectora Panamericana 3750, Norcenter",Yo Narciso,2D Doblada,15:15,,,,https://cartelera.ar/pelicula/yo-narciso
GBA Norte,Showcase,Showcase Norte (Norcenter),"Colectora Panamericana 3750, Norcenter",Yo Narciso,2D Doblada,17:35,,,,https://cartelera.ar/pelicula/yo-narciso
GBA Norte,Showcase,Showcase Norte (Norcenter),"Colectora Panamericana 3750, Norcenter",Yo Narciso,2D Doblada,20:00,,,,https://cartelera.ar/pelicula/yo-narciso
GBA Norte,Showcase,Showcase Norte (Norcenter),"Colectora Panamericana 3750, Norcenter",Yo Narciso,2D Doblada,22:15,,,,https://cartelera.ar/pelicula/yo-narciso
GBA Norte,Showcase,Showcase Norte (Norcenter),"Colectora Panamericana 3750, Norcenter",Oasis: Dont Look Back In Anger,2D Subtitulada,19:50,,,,https://cartelera.ar/pelicula/oasis-dont-look-back-in-anger
GBA Norte,Showcase,Showcase Norte (Norcenter),"Colectora Panamericana 3750, Norcenter",Tadeo : El Explorador Y La Lampara Maravillosa,2D Doblada,15:05,,,,https://cartelera.ar/pelicula/tadeo-el-explorador-y-la-lampara-maravillosa
GBA Norte,Showcase,Showcase Norte (Norcenter),"Colectora Panamericana 3750, Norcenter",Tadeo : El Explorador Y La Lampara Maravillosa,2D Doblada,17:20,,,,https://cartelera.ar/pelicula/tadeo-el-explorador-y-la-lampara-maravillosa
GBA Norte,Showcase,Showcase Norte (Norcenter),"Colectora Panamericana 3750, Norcenter",Tadeo : El Explorador Y La Lampara Maravillosa,2D Doblada,19:30,,,,https://cartelera.ar/pelicula/tadeo-el-explorador-y-la-lampara-maravillosa
GBA Norte,Cinemark Hoyts,Cinemark Soleil,"Av. Brig. Juan M. de Rosas 658, Soleil Premium",CORALINE,3D Doblada,16:00,,,,https://www.cinemark.com.ar/peliculas/coraline-y-la-puerta-secreta
GBA Norte,Cinemark Hoyts,Cinemark Soleil,"Av. Brig. Juan M. de Rosas 658, Soleil Premium",Coyote vs. Acme,2D Doblada,15:00,,,,https://www.cinemark.com.ar/peliculas/coyote-vs-acme
GBA Norte,Cinemark Hoyts,Cinemark Soleil,"Av. Brig. Juan M. de Rosas 658, Soleil Premium",Coyote vs. Acme,2D Doblada,17:40,,,,https://www.cinemark.com.ar/peliculas/coyote-vs-acme
GBA Norte,Cinemark Hoyts,Cinemark Soleil,"Av. Brig. Juan M. de Rosas 658, Soleil Premium",EL HELADERO,2D Doblada,20:40,,,,https://www.cinemark.com.ar/peliculas/el-heladero-dulce-sabor-a-muerte
GBA Norte,Cinemark Hoyts,Cinemark Soleil,"Av. Brig. Juan M. de Rosas 658, Soleil Premium",EL HELADERO,2D Doblada,23:00,,,,https://www.cinemark.com.ar/peliculas/el-heladero-dulce-sabor-a-muerte
GBA Norte,Cinemark Hoyts,Cinemark Soleil,"Av. Brig. Juan M. de Rosas 658, Soleil Premium",HECHIZO DE AMOR: LA MAGIA CONTINUA,2D Doblada,20:10,,,,https://www.cinemark.com.ar/peliculas/hechizo-de-amor-la-magia-continua
GBA Norte,Cinemark Hoyts,Cinemark Soleil,"Av. Brig. Juan M. de Rosas 658, Soleil Premium",HECHIZO DE AMOR: LA MAGIA CONTINUA,2D Doblada,22:45,,,,https://www.cinemark.com.ar/peliculas/hechizo-de-amor-la-magia-continua
GBA Norte,Cinemark Hoyts,Cinemark Soleil,"Av. Brig. Juan M. de Rosas 658, Soleil Premium",Insidious: Fuera del más allá,2D Doblada,14:30,,,,https://www.cinemark.com.ar/peliculas/la-noche-del-demonio-estan-entre-nosotros
GBA Norte,Cinemark Hoyts,Cinemark Soleil,"Av. Brig. Juan M. de Rosas 658, Soleil Premium",Insidious: Fuera del más allá,2D Doblada,17:10,,,,https://www.cinemark.com.ar/peliculas/la-noche-del-demonio-estan-entre-nosotros
GBA Norte,Cinemark Hoyts,Cinemark Soleil,"Av. Brig. Juan M. de Rosas 658, Soleil Premium",Insidious: Fuera del más allá,2D Doblada,19:40,,,,https://www.cinemark.com.ar/peliculas/la-noche-del-demonio-estan-entre-nosotros
GBA Norte,Cinemark Hoyts,Cinemark Soleil,"Av. Brig. Juan M. de Rosas 658, Soleil Premium",Insidious: Fuera del más allá,2D Doblada,22:10,,,,https://www.cinemark.com.ar/peliculas/la-noche-del-demonio-estan-entre-nosotros
GBA Norte,Cinemark Hoyts,Cinemark Soleil,"Av. Brig. Juan M. de Rosas 658, Soleil Premium",Michael,2D Doblada,17:00,,,,https://www.cinemark.com.ar/peliculas/michael
GBA Norte,Cinemark Hoyts,Cinemark Soleil,"Av. Brig. Juan M. de Rosas 658, Soleil Premium",Pepita la Pistolera,2D Doblada,22:45,,,,https://www.cinemark.com.ar/peliculas/pepita-la-pistolera
GBA Norte,Cinemark Hoyts,Cinemark Soleil,"Av. Brig. Juan M. de Rosas 658, Soleil Premium",RÁPIDO Y FURIOSO: 25 ANIVERSARIO,2D Doblada,22:40,,,,https://www.cinemark.com.ar/peliculas/rapido-y-furioso-25-aniversario
GBA Norte,Cinemark Hoyts,Cinemark Soleil,"Av. Brig. Juan M. de Rosas 658, Soleil Premium",Scary Movie,2D Doblada,18:20,,,,https://www.cinemark.com.ar/peliculas/scary-movie-terrorificamente-incorrecta
GBA Norte,Cinemark Hoyts,Cinemark Soleil,"Av. Brig. Juan M. de Rosas 658, Soleil Premium",SHREK 25 ANIVERSARIO,2D Doblada,13:00,,,,https://www.cinemark.com.ar/peliculas/shrek-25-aniversario
GBA Norte,Cinemark Hoyts,Cinemark Soleil,"Av. Brig. Juan M. de Rosas 658, Soleil Premium",SHREK 25 ANIVERSARIO,2D Doblada,14:40,,,,https://www.cinemark.com.ar/peliculas/shrek-25-aniversario
GBA Norte,Cinemark Hoyts,Cinemark Soleil,"Av. Brig. Juan M. de Rosas 658, Soleil Premium",Spider-Man: Un nuevo día,2D Doblada,15:20,,,,https://www.cinemark.com.ar/peliculas/spider-man-un-nuevo-dia
GBA Norte,Cinemark Hoyts,Cinemark Soleil,"Av. Brig. Juan M. de Rosas 658, Soleil Premium",Spider-Man: Un nuevo día,3D Doblada,18:40,,,,https://www.cinemark.com.ar/peliculas/spider-man-un-nuevo-dia
GBA Norte,Cinemark Hoyts,Cinemark Soleil,"Av. Brig. Juan M. de Rosas 658, Soleil Premium",Spider-Man: Un nuevo día,2D Doblada,22:00,,,,https://www.cinemark.com.ar/peliculas/spider-man-un-nuevo-dia
GBA Norte,Cinemark Hoyts,Cinemark Soleil,"Av. Brig. Juan M. de Rosas 658, Soleil Premium",TADEO EL EXPLORADOR Y LA LAMPARA,2D Doblada,13:20,,,,https://www.cinemark.com.ar/peliculas/tadeo-el-explorador-y-la-lampara-maravillosa
GBA Norte,Cinemark Hoyts,Cinemark Soleil,"Av. Brig. Juan M. de Rosas 658, Soleil Premium",TADEO EL EXPLORADOR Y LA LAMPARA,2D Doblada,15:40,,,,https://www.cinemark.com.ar/peliculas/tadeo-el-explorador-y-la-lampara-maravillosa
GBA Norte,Cinemark Hoyts,Cinemark Soleil,"Av. Brig. Juan M. de Rosas 658, Soleil Premium",TADEO EL EXPLORADOR Y LA LAMPARA,2D Doblada,18:00,,,,https://www.cinemark.com.ar/peliculas/tadeo-el-explorador-y-la-lampara-maravillosa
GBA Norte,Cinemark Hoyts,Cinemark Soleil,"Av. Brig. Juan M. de Rosas 658, Soleil Premium",Toy Story 5,2D Doblada,13:50,,,,https://www.cinemark.com.ar/peliculas/toy-story-5
GBA Norte,Cinemark Hoyts,Cinemark Soleil,"Av. Brig. Juan M. de Rosas 658, Soleil Premium",VOLVER AL FUTURO,2D Subtitulada,20:00,,,,https://www.cinemark.com.ar/peliculas/volver-al-futuro
GBA Norte,Cinemark Hoyts,Cinemark Soleil,"Av. Brig. Juan M. de Rosas 658, Soleil Premium",Yo Narciso,2D Doblada,20:20,,,,https://www.cinemark.com.ar/peliculas/yo-narciso
GBA Oeste,Showcase,Showcase Haedo,"Av. Rivadavia 16.200, Shopping Haedo",Super Mario Galaxy: La Película,3D Doblada,15:00,,,,https://cartelera.ar/pelicula/super-mario-galaxy-la-pelicula
GBA Oeste,Showcase,Showcase Haedo,"Av. Rivadavia 16.200, Shopping Haedo",Michael,2D Doblada,19:25,,,,https://cartelera.ar/pelicula/michael
GBA Oeste,Showcase,Showcase Haedo,"Av. Rivadavia 16.200, Shopping Haedo",El Diablo Viste A La Moda 2,2D Doblada,20:00,,,,https://cartelera.ar/pelicula/el-diablo-viste-a-la-moda-2
GBA Oeste,Showcase,Showcase Haedo,"Av. Rivadavia 16.200, Shopping Haedo",Mandalorian & Grogu,3D Doblada,22:15,,,,https://cartelera.ar/pelicula/mandalorian-grogu
GBA Oeste,Showcase,Showcase Haedo,"Av. Rivadavia 16.200, Shopping Haedo",Obsesión,2D Subtitulada,22:10,,,,https://cartelera.ar/pelicula/obsesion
GBA Oeste,Showcase,Showcase Haedo,"Av. Rivadavia 16.200, Shopping Haedo",Afterburn (Zona cero),2D Doblada,16:40,,,,https://cartelera.ar/pelicula/afterburn-zona-cero
GBA Oeste,Showcase,Showcase Haedo,"Av. Rivadavia 16.200, Shopping Haedo",La Odisea,2D Doblada,15:25,,,,https://cartelera.ar/pelicula/la-odisea
GBA Oeste,Showcase,Showcase Haedo,"Av. Rivadavia 16.200, Shopping Haedo",La Odisea,2D Subtitulada,19:05,,,,https://cartelera.ar/pelicula/la-odisea
GBA Oeste,Showcase,Showcase Haedo,"Av. Rivadavia 16.200, Shopping Haedo",La Odisea,2D Doblada,22:05,,,,https://cartelera.ar/pelicula/la-odisea
GBA Oeste,Showcase,Showcase Haedo,"Av. Rivadavia 16.200, Shopping Haedo",Spider-Man: Un nuevo día,2D Doblada,15:30,,,,https://cartelera.ar/pelicula/spider-man-un-nuevo-dia
GBA Oeste,Showcase,Showcase Haedo,"Av. Rivadavia 16.200, Shopping Haedo",Spider-Man: Un nuevo día,3D Doblada,16:15,,,,https://cartelera.ar/pelicula/spider-man-un-nuevo-dia
GBA Oeste,Showcase,Showcase Haedo,"Av. Rivadavia 16.200, Shopping Haedo",Spider-Man: Un nuevo día,2D Doblada,19:00,,,,https://cartelera.ar/pelicula/spider-man-un-nuevo-dia
GBA Oeste,Showcase,Showcase Haedo,"Av. Rivadavia 16.200, Shopping Haedo",Spider-Man: Un nuevo día,3D Doblada,19:20,,,,https://cartelera.ar/pelicula/spider-man-un-nuevo-dia
GBA Oeste,Showcase,Showcase Haedo,"Av. Rivadavia 16.200, Shopping Haedo",Spider-Man: Un nuevo día,2D Subtitulada,22:00,,,,https://cartelera.ar/pelicula/spider-man-un-nuevo-dia
GBA Oeste,Showcase,Showcase Haedo,"Av. Rivadavia 16.200, Shopping Haedo",Spider-Man: Un nuevo día,2D Doblada,22:20,,,,https://cartelera.ar/pelicula/spider-man-un-nuevo-dia
GBA Oeste,Showcase,Showcase Haedo,"Av. Rivadavia 16.200, Shopping Haedo",Toy Story 5,3D Doblada,14:00,,,,https://cartelera.ar/pelicula/toy-story-5
GBA Oeste,Showcase,Showcase Haedo,"Av. Rivadavia 16.200, Shopping Haedo",Toy Story 5,2D Doblada,16:35,,,,https://cartelera.ar/pelicula/toy-story-5
GBA Oeste,Showcase,Showcase Haedo,"Av. Rivadavia 16.200, Shopping Haedo",Scary Movie,2D Doblada,19:15,,,,https://cartelera.ar/pelicula/scary-movie
GBA Oeste,Showcase,Showcase Haedo,"Av. Rivadavia 16.200, Shopping Haedo",Backrooms,2D Subtitulada,22:40,,,,https://cartelera.ar/pelicula/backrooms
GBA Oeste,Showcase,Showcase Haedo,"Av. Rivadavia 16.200, Shopping Haedo",El día de la revelación,2D Doblada,16:55,,,,https://cartelera.ar/pelicula/el-dia-de-la-revelacion
GBA Oeste,Showcase,Showcase Haedo,"Av. Rivadavia 16.200, Shopping Haedo",Minions & monstruos,2D Doblada,14:25,,,,https://cartelera.ar/pelicula/minions-monstruos
GBA Oeste,Showcase,Showcase Haedo,"Av. Rivadavia 16.200, Shopping Haedo",Amos del Universo,2D Doblada,14:05,,,,https://cartelera.ar/pelicula/amos-del-universo
GBA Oeste,Showcase,Showcase Haedo,"Av. Rivadavia 16.200, Shopping Haedo",El partido,2D Doblada,14:45,,,,https://cartelera.ar/pelicula/el-partido
GBA Oeste,Showcase,Showcase Haedo,"Av. Rivadavia 16.200, Shopping Haedo",El Final de la Calle Oak,2D Doblada,22:35,,,,https://cartelera.ar/pelicula/el-final-de-la-calle-oak
GBA Oeste,Showcase,Showcase Haedo,"Av. Rivadavia 16.200, Shopping Haedo",PAW Patrol: La Dino Película,2D Doblada,14:20,,,,https://cartelera.ar/pelicula/paw-patrol-la-dino-pelicula
GBA Oeste,Showcase,Showcase Haedo,"Av. Rivadavia 16.200, Shopping Haedo",La noche del demonio: Están entre nosotros,2D Doblada,14:15,,,,https://cartelera.ar/pelicula/la-noche-del-demonio-estan-entre-nosotros
GBA Oeste,Showcase,Showcase Haedo,"Av. Rivadavia 16.200, Shopping Haedo",La noche del demonio: Están entre nosotros,2D Doblada,17:20,,,,https://cartelera.ar/pelicula/la-noche-del-demonio-estan-entre-nosotros
GBA Oeste,Showcase,Showcase Haedo,"Av. Rivadavia 16.200, Shopping Haedo",La noche del demonio: Están entre nosotros,2D Doblada,22:25,,,,https://cartelera.ar/pelicula/la-noche-del-demonio-estan-entre-nosotros
GBA Oeste,Showcase,Showcase Haedo,"Av. Rivadavia 16.200, Shopping Haedo",Hechizo de amor: La magia continúa,2D Doblada,14:00,,,,https://cartelera.ar/pelicula/hechizo-de-amor-la-magia-continua
GBA Oeste,Showcase,Showcase Haedo,"Av. Rivadavia 16.200, Shopping Haedo",Hechizo de amor: La magia continúa,2D Doblada,16:50,,,,https://cartelera.ar/pelicula/hechizo-de-amor-la-magia-continua
GBA Oeste,Showcase,Showcase Haedo,"Av. Rivadavia 16.200, Shopping Haedo",Hechizo de amor: La magia continúa,2D Doblada,19:40,,,,https://cartelera.ar/pelicula/hechizo-de-amor-la-magia-continua
GBA Oeste,Showcase,Showcase Haedo,"Av. Rivadavia 16.200, Shopping Haedo",Hechizo de amor: La magia continúa,2D Subtitulada,22:30,,,,https://cartelera.ar/pelicula/hechizo-de-amor-la-magia-continua
GBA Oeste,Showcase,Showcase Haedo,"Av. Rivadavia 16.200, Shopping Haedo",Código: Venganza,2D Doblada,18:10,,,,https://cartelera.ar/pelicula/codigo-venganza
GBA Oeste,Showcase,Showcase Haedo,"Av. Rivadavia 16.200, Shopping Haedo",Código: Venganza,2D Doblada,21:45,,,,https://cartelera.ar/pelicula/codigo-venganza
GBA Oeste,Showcase,Showcase Haedo,"Av. Rivadavia 16.200, Shopping Haedo",Pepita la Pistolera,2D Doblada,17:05,,,,https://cartelera.ar/pelicula/pepita-la-pistolera
GBA Oeste,Showcase,Showcase Haedo,"Av. Rivadavia 16.200, Shopping Haedo",Pepita la Pistolera,2D Doblada,19:30,,,,https://cartelera.ar/pelicula/pepita-la-pistolera
GBA Oeste,Showcase,Showcase Haedo,"Av. Rivadavia 16.200, Shopping Haedo",Pepita la Pistolera,2D Doblada,21:55,,,,https://cartelera.ar/pelicula/pepita-la-pistolera
GBA Oeste,Showcase,Showcase Haedo,"Av. Rivadavia 16.200, Shopping Haedo",Terminator 2: El juicio final,2D Subtitulada,19:10,,,,https://cartelera.ar/pelicula/terminator-2-el-juicio-final
GBA Oeste,Showcase,Showcase Haedo,"Av. Rivadavia 16.200, Shopping Haedo",Supergirl,2D Doblada,14:35,,,,https://cartelera.ar/pelicula/supergirl
GBA Oeste,Showcase,Showcase Haedo,"Av. Rivadavia 16.200, Shopping Haedo",Ice Cream Man,2D Doblada,13:55,,,,https://cartelera.ar/pelicula/ice-cream-man
GBA Oeste,Showcase,Showcase Haedo,"Av. Rivadavia 16.200, Shopping Haedo",Ice Cream Man,2D Doblada,16:05,,,,https://cartelera.ar/pelicula/ice-cream-man
GBA Oeste,Showcase,Showcase Haedo,"Av. Rivadavia 16.200, Shopping Haedo",Ice Cream Man,2D Doblada,20:20,,,,https://cartelera.ar/pelicula/ice-cream-man
GBA Oeste,Showcase,Showcase Haedo,"Av. Rivadavia 16.200, Shopping Haedo",Ice Cream Man,2D Subtitulada,22:25,,,,https://cartelera.ar/pelicula/ice-cream-man
GBA Oeste,Showcase,Showcase Haedo,"Av. Rivadavia 16.200, Shopping Haedo",La constelación del perro,2D Subtitulada,22:05,,,,https://cartelera.ar/pelicula/la-constelacion-del-perro
GBA Oeste,Showcase,Showcase Haedo,"Av. Rivadavia 16.200, Shopping Haedo",Moana,2D Doblada,16:30,,,,https://cartelera.ar/pelicula/moana
GBA Oeste,Showcase,Showcase Haedo,"Av. Rivadavia 16.200, Shopping Haedo",Coyote vs. Acme,2D Doblada,14:10,,,,https://cartelera.ar/pelicula/coyote-vs-acme
GBA Oeste,Showcase,Showcase Haedo,"Av. Rivadavia 16.200, Shopping Haedo",Coyote vs. Acme,2D Doblada,16:45,,,,https://cartelera.ar/pelicula/coyote-vs-acme
GBA Oeste,Showcase,Showcase Haedo,"Av. Rivadavia 16.200, Shopping Haedo",Coyote vs. Acme,2D Doblada,19:10,,,,https://cartelera.ar/pelicula/coyote-vs-acme
GBA Oeste,Showcase,Showcase Haedo,"Av. Rivadavia 16.200, Shopping Haedo",Yo Narciso,2D Doblada,17:15,,,,https://cartelera.ar/pelicula/yo-narciso
GBA Oeste,Showcase,Showcase Haedo,"Av. Rivadavia 16.200, Shopping Haedo",Yo Narciso,2D Doblada,19:35,,,,https://cartelera.ar/pelicula/yo-narciso
GBA Oeste,Showcase,Showcase Haedo,"Av. Rivadavia 16.200, Shopping Haedo",Yo Narciso,2D Doblada,21:50,,,,https://cartelera.ar/pelicula/yo-narciso
GBA Oeste,Showcase,Showcase Haedo,"Av. Rivadavia 16.200, Shopping Haedo",Oasis: Dont Look Back In Anger,2D Subtitulada,19:45,,,,https://cartelera.ar/pelicula/oasis-dont-look-back-in-anger
GBA Oeste,Showcase,Showcase Haedo,"Av. Rivadavia 16.200, Shopping Haedo",Tadeo : El Explorador Y La Lampara Maravillosa,2D Doblada,15:20,,,,https://cartelera.ar/pelicula/tadeo-el-explorador-y-la-lampara-maravillosa
GBA Oeste,Showcase,Showcase Haedo,"Av. Rivadavia 16.200, Shopping Haedo",Tadeo : El Explorador Y La Lampara Maravillosa,2D Doblada,17:35,,,,https://cartelera.ar/pelicula/tadeo-el-explorador-y-la-lampara-maravillosa
GBA Oeste,Showcase,Showcase Haedo,"Av. Rivadavia 16.200, Shopping Haedo",Tadeo : El Explorador Y La Lampara Maravillosa,2D Doblada,19:55,,,,https://cartelera.ar/pelicula/tadeo-el-explorador-y-la-lampara-maravillosa
CABA,Atlas Cines,Atlas Flores,"Rivera Indarte 44, Flores",La Odisea,2D Doblada,18:30,,,,https://cartelera.ar/pelicula/la-odisea
CABA,Atlas Cines,Atlas Flores,"Rivera Indarte 44, Flores",Spider-Man: Un nuevo día,2D Doblada,15:30,,,,https://cartelera.ar/pelicula/spider-man-un-nuevo-dia
CABA,Atlas Cines,Atlas Flores,"Rivera Indarte 44, Flores",Spider-Man: Un nuevo día,2D Doblada,17:20,,,,https://cartelera.ar/pelicula/spider-man-un-nuevo-dia
CABA,Atlas Cines,Atlas Flores,"Rivera Indarte 44, Flores",Toy Story 5,2D Doblada,14:00,,,,https://cartelera.ar/pelicula/toy-story-5
CABA,Atlas Cines,Atlas Flores,"Rivera Indarte 44, Flores",Backrooms,2D Doblada,16:10,,,,https://cartelera.ar/pelicula/backrooms
CABA,Atlas Cines,Atlas Flores,"Rivera Indarte 44, Flores",Código: Venganza,2D Doblada,20:20,,,,https://cartelera.ar/pelicula/codigo-venganza
CABA,Atlas Cines,Atlas Flores,"Rivera Indarte 44, Flores",Código: Venganza,2D Doblada,22:30,,,,https://cartelera.ar/pelicula/codigo-venganza
CABA,Atlas Cines,Atlas Flores,"Rivera Indarte 44, Flores",Pepita la Pistolera,2D Doblada,15:00,,,,https://cartelera.ar/pelicula/pepita-la-pistolera
CABA,Atlas Cines,Atlas Flores,"Rivera Indarte 44, Flores",Ice Cream Man,2D Doblada,20:50,,,,https://cartelera.ar/pelicula/ice-cream-man
CABA,Atlas Cines,Atlas Flores,"Rivera Indarte 44, Flores",Ice Cream Man,2D Doblada,22:50,,,,https://cartelera.ar/pelicula/ice-cream-man
CABA,Atlas Cines,Atlas Flores,"Rivera Indarte 44, Flores",Coyote vs. Acme,2D Doblada,15:10,,,,https://cartelera.ar/pelicula/coyote-vs-acme
CABA,Atlas Cines,Atlas Flores,"Rivera Indarte 44, Flores",Coyote vs. Acme,2D Doblada,17:40,,,,https://cartelera.ar/pelicula/coyote-vs-acme
CABA,Atlas Cines,Atlas Flores,"Rivera Indarte 44, Flores",Coyote vs. Acme,2D Doblada,20:00,,,,https://cartelera.ar/pelicula/coyote-vs-acme
CABA,Atlas Cines,Atlas Flores,"Rivera Indarte 44, Flores",Insidious: Fuera del más allá,2D Doblada,22:20,,,,https://cartelera.ar/pelicula/insidious-fuera-del-mas-alla
CABA,Atlas Cines,Atlas Flores,"Rivera Indarte 44, Flores",Prácticamente magia 2,2D Doblada,19:30,,,,https://cartelera.ar/pelicula/practicamente-magia-2
CABA,Atlas Cines,Atlas Flores,"Rivera Indarte 44, Flores",Prácticamente magia 2,2D Doblada,22:20,,,,https://cartelera.ar/pelicula/practicamente-magia-2
CABA,Atlas Cines,Atlas Flores,"Rivera Indarte 44, Flores",Lu & Pau,2D Doblada,22:00,,,,https://cartelera.ar/pelicula/lu-pau
CABA,Atlas Cines,Atlas Flores,"Rivera Indarte 44, Flores",Tadeo el Explorador y la Lampa,2D Doblada,15:10,,,,https://cartelera.ar/pelicula/tadeo-el-explorador-y-la-lampa
CABA,Atlas Cines,Atlas Flores,"Rivera Indarte 44, Flores",Tadeo el Explorador y la Lampa,2D Doblada,17:20,,,,https://cartelera.ar/pelicula/tadeo-el-explorador-y-la-lampa
CABA,Atlas Cines,Atlas Flores,"Rivera Indarte 44, Flores",Tadeo el Explorador y la Lampa,2D Doblada,18:50,,,,https://cartelera.ar/pelicula/tadeo-el-explorador-y-la-lampa
CABA,Cine Independiente,Cine Gaumont,"Av. Rivadavia 1635, Congreso",La invitación,2D Subtitulada,22:00,,,,https://cartelera.ar/pelicula/la-invitacion
CABA,Cine Independiente,Cine Gaumont,"Av. Rivadavia 1635, Congreso",Los domingos,2D Doblada,14:15,,,,https://cartelera.ar/pelicula/los-domingos
CABA,Cine Independiente,Cine Gaumont,"Av. Rivadavia 1635, Congreso",Los domingos,2D Doblada,19:00,,,,https://cartelera.ar/pelicula/los-domingos
CABA,Cine Independiente,Cine Gaumont,"Av. Rivadavia 1635, Congreso",Pepita la Pistolera,2D Doblada,17:15,,,,https://cartelera.ar/pelicula/pepita-la-pistolera
CABA,Cine Independiente,Cine Gaumont,"Av. Rivadavia 1635, Congreso",Pepita la Pistolera,2D Doblada,21:45,,,,https://cartelera.ar/pelicula/pepita-la-pistolera
CABA,Cine Independiente,Cine Gaumont,"Av. Rivadavia 1635, Congreso",Canelones,2D Doblada,17:00,,,,https://cartelera.ar/pelicula/canelones
CABA,Cine Independiente,Cine Gaumont,"Av. Rivadavia 1635, Congreso",Yo Narciso,2D Doblada,14:45,,,,https://cartelera.ar/pelicula/yo-narciso
CABA,Cine Independiente,Cine Gaumont,"Av. Rivadavia 1635, Congreso",Yo Narciso,2D Doblada,20:00,,,,https://cartelera.ar/pelicula/yo-narciso
CABA,Cine Independiente,Cine Gaumont,"Av. Rivadavia 1635, Congreso",Lu & Pau,2D Doblada,16:45,,,,https://cartelera.ar/pelicula/lu-pau
CABA,Cine Independiente,Cine Gaumont,"Av. Rivadavia 1635, Congreso",Suite Juárez,2D Doblada,18:30,,,,https://cartelera.ar/pelicula/suite-juarez
CABA,Cine Independiente,Cine Gaumont,"Av. Rivadavia 1635, Congreso",Romeo & Ofelia,2D Doblada,21:30,,,,https://cartelera.ar/pelicula/romeo-ofelia
CABA,Atlas Cines,Atlas Alcorta,"Jerónimo Salguero 3172, Alcorta Shopping",La invitación,2D Subtitulada,19:40,,,,https://cartelera.ar/pelicula/la-invitacion
CABA,Atlas Cines,Atlas Alcorta,"Jerónimo Salguero 3172, Alcorta Shopping",PAW Patrol: La Dino Película,2D Doblada,15:10,,,,https://cartelera.ar/pelicula/paw-patrol-la-dino-pelicula
CABA,Atlas Cines,Atlas Alcorta,"Jerónimo Salguero 3172, Alcorta Shopping",Coyote vs. Acme,2D Doblada,17:20,,,,https://cartelera.ar/pelicula/coyote-vs-acme
CABA,Atlas Cines,Atlas Alcorta,"Jerónimo Salguero 3172, Alcorta Shopping",Prácticamente magia 2,2D Subtitulada,18:50,,,,https://cartelera.ar/pelicula/practicamente-magia-2
CABA,Atlas Cines,Atlas Alcorta,"Jerónimo Salguero 3172, Alcorta Shopping",Prácticamente magia 2,2D Subtitulada,21:40,,,,https://cartelera.ar/pelicula/practicamente-magia-2
CABA,Atlas Cines,Atlas Alcorta,"Jerónimo Salguero 3172, Alcorta Shopping",Oasis: Dont Look Back In Anger,2D Subtitulada,22:00,,,,https://cartelera.ar/pelicula/oasis-dont-look-back-in-anger
CABA,Atlas Cines,Atlas Alcorta,"Jerónimo Salguero 3172, Alcorta Shopping",Tadeo el Explorador y la Lampa,2D Doblada,14:30,,,,https://cartelera.ar/pelicula/tadeo-el-explorador-y-la-lampa
CABA,Atlas Cines,Atlas Alcorta,"Jerónimo Salguero 3172, Alcorta Shopping",Tadeo el Explorador y la Lampa,2D Doblada,16:40,,,,https://cartelera.ar/pelicula/tadeo-el-explorador-y-la-lampa
GBA Sur,Atlas Cines,Atlas Catan,"Camino de Cintura 2727, Shopping Catan",Mortal Kombat 2,2D Doblada,17:20,,,,https://cartelera.ar/pelicula/mortal-kombat-2
GBA Sur,Atlas Cines,Atlas Catan,"Camino de Cintura 2727, Shopping Catan",Afterburn (Zona cero),2D Doblada,21:50,,,,https://cartelera.ar/pelicula/afterburn-zona-cero
GBA Sur,Atlas Cines,Atlas Catan,"Camino de Cintura 2727, Shopping Catan",Spider-Man: Un nuevo día,4DX Doblada,18:10,,,,https://cartelera.ar/pelicula/spider-man-un-nuevo-dia
GBA Sur,Atlas Cines,Atlas Catan,"Camino de Cintura 2727, Shopping Catan",Spider-Man: Un nuevo día,2D Doblada,19:10,,,,https://cartelera.ar/pelicula/spider-man-un-nuevo-dia
GBA Sur,Atlas Cines,Atlas Catan,"Camino de Cintura 2727, Shopping Catan",Spider-Man: Un nuevo día,4DX Doblada,21:10,,,,https://cartelera.ar/pelicula/spider-man-un-nuevo-dia
GBA Sur,Atlas Cines,Atlas Catan,"Camino de Cintura 2727, Shopping Catan",Toy Story 5,4DX Doblada,15:50,,,,https://cartelera.ar/pelicula/toy-story-5
GBA Sur,Atlas Cines,Atlas Catan,"Camino de Cintura 2727, Shopping Catan",Scary Movie,2D Doblada,19:50,,,,https://cartelera.ar/pelicula/scary-movie
GBA Sur,Atlas Cines,Atlas Catan,"Camino de Cintura 2727, Shopping Catan",Código: Venganza,2D Doblada,20:10,,,,https://cartelera.ar/pelicula/codigo-venganza
GBA Sur,Atlas Cines,Atlas Catan,"Camino de Cintura 2727, Shopping Catan",Código: Venganza,2D Doblada,22:20,,,,https://cartelera.ar/pelicula/codigo-venganza
GBA Sur,Atlas Cines,Atlas Catan,"Camino de Cintura 2727, Shopping Catan",Ice Cream Man,2D Doblada,18:10,,,,https://cartelera.ar/pelicula/ice-cream-man
GBA Sur,Atlas Cines,Atlas Catan,"Camino de Cintura 2727, Shopping Catan",Ice Cream Man,2D Doblada,20:40,,,,https://cartelera.ar/pelicula/ice-cream-man
GBA Sur,Atlas Cines,Atlas Catan,"Camino de Cintura 2727, Shopping Catan",Ice Cream Man,2D Doblada,22:40,,,,https://cartelera.ar/pelicula/ice-cream-man
GBA Sur,Atlas Cines,Atlas Catan,"Camino de Cintura 2727, Shopping Catan",Coyote vs. Acme,2D Doblada,17:00,,,,https://cartelera.ar/pelicula/coyote-vs-acme
GBA Sur,Atlas Cines,Atlas Catan,"Camino de Cintura 2727, Shopping Catan",Insidious: Fuera del más allá,2D Doblada,22:10,,,,https://cartelera.ar/pelicula/insidious-fuera-del-mas-alla
GBA Sur,Atlas Cines,Atlas Catan,"Camino de Cintura 2727, Shopping Catan",Prácticamente magia 2,2D Doblada,19:20,,,,https://cartelera.ar/pelicula/practicamente-magia-2
GBA Sur,Atlas Cines,Atlas Catan,"Camino de Cintura 2727, Shopping Catan",Prácticamente magia 2,2D Doblada,22:00,,,,https://cartelera.ar/pelicula/practicamente-magia-2
GBA Sur,Atlas Cines,Atlas Catan,"Camino de Cintura 2727, Shopping Catan",Tadeo el Explorador y la Lampa,2D Doblada,15:00,,,,https://cartelera.ar/pelicula/tadeo-el-explorador-y-la-lampa
GBA Sur,Atlas Cines,Atlas Catan,"Camino de Cintura 2727, Shopping Catan",Tadeo el Explorador y la Lampa,2D Doblada,17:00,,,,https://cartelera.ar/pelicula/tadeo-el-explorador-y-la-lampa
GBA Sur,Atlas Cines,Atlas Catan,"Camino de Cintura 2727, Shopping Catan",Tadeo el Explorador y la Lampa,2D Doblada,18:30,,,,https://cartelera.ar/pelicula/tadeo-el-explorador-y-la-lampa
CABA,Atlas Cines,Atlas Patio Bullrich,"Av. del Libertador 750, Patio Bullrich",Los Colores Del Tiempo,2D Subtitulada,15:20,,,,https://cartelera.ar/pelicula/los-colores-del-tiempo
CABA,Atlas Cines,Atlas Patio Bullrich,"Av. del Libertador 750, Patio Bullrich",Los Colores Del Tiempo,2D Subtitulada,17:50,,,,https://cartelera.ar/pelicula/los-colores-del-tiempo
CABA,Atlas Cines,Atlas Patio Bullrich,"Av. del Libertador 750, Patio Bullrich",La invitación,2D Subtitulada,16:10,,,,https://cartelera.ar/pelicula/la-invitacion
CABA,Atlas Cines,Atlas Patio Bullrich,"Av. del Libertador 750, Patio Bullrich",La invitación,2D Subtitulada,20:40,,,,https://cartelera.ar/pelicula/la-invitacion
CABA,Atlas Cines,Atlas Patio Bullrich,"Av. del Libertador 750, Patio Bullrich",Una quinta en Portugal,2D Doblada,15:40,,,,https://cartelera.ar/pelicula/una-quinta-en-portugal
CABA,Atlas Cines,Atlas Patio Bullrich,"Av. del Libertador 750, Patio Bullrich",Una quinta en Portugal,2D Doblada,20:50,,,,https://cartelera.ar/pelicula/una-quinta-en-portugal
CABA,Atlas Cines,Atlas Patio Bullrich,"Av. del Libertador 750, Patio Bullrich",Pepita la Pistolera,2D Doblada,18:30,,,,https://cartelera.ar/pelicula/pepita-la-pistolera
CABA,Atlas Cines,Atlas Patio Bullrich,"Av. del Libertador 750, Patio Bullrich",Canelones,2D Doblada,20:30,,,,https://cartelera.ar/pelicula/canelones
CABA,Atlas Cines,Atlas Patio Bullrich,"Av. del Libertador 750, Patio Bullrich",El Gran Falsificador,2D Subtitulada,18:10,,,,https://cartelera.ar/pelicula/el-gran-falsificador
CABA,Atlas Cines,Atlas Patio Bullrich,"Av. del Libertador 750, Patio Bullrich",Prácticamente magia 2,2D Subtitulada,15:00,,,,https://cartelera.ar/pelicula/practicamente-magia-2
CABA,Atlas Cines,Atlas Patio Bullrich,"Av. del Libertador 750, Patio Bullrich",Prácticamente magia 2,2D Subtitulada,17:30,,,,https://cartelera.ar/pelicula/practicamente-magia-2
CABA,Atlas Cines,Atlas Patio Bullrich,"Av. del Libertador 750, Patio Bullrich",Prácticamente magia 2,2D Subtitulada,20:10,,,,https://cartelera.ar/pelicula/practicamente-magia-2
GBA Norte,Atlas Cines,Atlas Nordelta,"Av. de los Lagos 7008, Nordelta Centro Comercial",Michael,2D Subtitulada,22:30,,,,https://cartelera.ar/pelicula/michael
GBA Norte,Atlas Cines,Atlas Nordelta,"Av. de los Lagos 7008, Nordelta Centro Comercial",El Diablo Viste A La Moda 2,2D Subtitulada,16:40,,,,https://cartelera.ar/pelicula/el-diablo-viste-a-la-moda-2
GBA Norte,Atlas Cines,Atlas Nordelta,"Av. de los Lagos 7008, Nordelta Centro Comercial",La invitación,2D Subtitulada,19:00,,,,https://cartelera.ar/pelicula/la-invitacion
GBA Norte,Atlas Cines,Atlas Nordelta,"Av. de los Lagos 7008, Nordelta Centro Comercial",La Odisea,2D Subtitulada,21:30,,,,https://cartelera.ar/pelicula/la-odisea
GBA Norte,Atlas Cines,Atlas Nordelta,"Av. de los Lagos 7008, Nordelta Centro Comercial",Spider-Man: Un nuevo día,2D Doblada,16:30,,,,https://cartelera.ar/pelicula/spider-man-un-nuevo-dia
GBA Norte,Atlas Cines,Atlas Nordelta,"Av. de los Lagos 7008, Nordelta Centro Comercial",Spider-Man: Un nuevo día,2D Subtitulada,21:50,,,,https://cartelera.ar/pelicula/spider-man-un-nuevo-dia
GBA Norte,Atlas Cines,Atlas Nordelta,"Av. de los Lagos 7008, Nordelta Centro Comercial",Backrooms,2D Subtitulada,20:00,,,,https://cartelera.ar/pelicula/backrooms
GBA Norte,Atlas Cines,Atlas Nordelta,"Av. de los Lagos 7008, Nordelta Centro Comercial",Minions & monstruos,2D Doblada,16:50,,,,https://cartelera.ar/pelicula/minions-monstruos
GBA Norte,Atlas Cines,Atlas Nordelta,"Av. de los Lagos 7008, Nordelta Centro Comercial",Código: Venganza,2D Doblada,22:40,,,,https://cartelera.ar/pelicula/codigo-venganza
GBA Norte,Atlas Cines,Atlas Nordelta,"Av. de los Lagos 7008, Nordelta Centro Comercial",Pepita la Pistolera,2D Doblada,19:30,,,,https://cartelera.ar/pelicula/pepita-la-pistolera
GBA Norte,Atlas Cines,Atlas Nordelta,"Av. de los Lagos 7008, Nordelta Centro Comercial",Coyote vs. Acme,2D Doblada,17:50,,,,https://cartelera.ar/pelicula/coyote-vs-acme
GBA Norte,Atlas Cines,Atlas Nordelta,"Av. de los Lagos 7008, Nordelta Centro Comercial",Yo Narciso,2D Doblada,20:20,,,,https://cartelera.ar/pelicula/yo-narciso
GBA Norte,Atlas Cines,Atlas Nordelta,"Av. de los Lagos 7008, Nordelta Centro Comercial",Prácticamente magia 2,2D Subtitulada,19:10,,,,https://cartelera.ar/pelicula/practicamente-magia-2
GBA Norte,Atlas Cines,Atlas Nordelta,"Av. de los Lagos 7008, Nordelta Centro Comercial",Prácticamente magia 2,2D Subtitulada,22:00,,,,https://cartelera.ar/pelicula/practicamente-magia-2
GBA Norte,Atlas Cines,Atlas Nordelta,"Av. de los Lagos 7008, Nordelta Centro Comercial",Tadeo el Explorador y la Lampa,2D Doblada,16:00,,,,https://cartelera.ar/pelicula/tadeo-el-explorador-y-la-lampa
GBA Norte,Atlas Cines,Atlas Nordelta,"Av. de los Lagos 7008, Nordelta Centro Comercial",Tadeo el Explorador y la Lampa,2D Doblada,18:10,,,,https://cartelera.ar/pelicula/tadeo-el-explorador-y-la-lampa
CABA,Cine Independiente,MALBA Cine,"Av. Figueroa Alcorta 3415, Palermo",Destellos en la oscuridad,2D Subtitulada,16:00,,,,https://cartelera.ar/pelicula/destellos-en-la-oscuridad
CABA,Cine Independiente,CineArte Cacodelphia,"Roque Sáenz Peña 1150, Buenos Aires",Los Colores Del Tiempo,2D Subtitulada,18:20,,,,https://cartelera.ar/pelicula/los-colores-del-tiempo
CABA,Cine Independiente,CineArte Cacodelphia,"Roque Sáenz Peña 1150, Buenos Aires",Afterburn (Zona cero),2D Subtitulada,20:50,,,,https://cartelera.ar/pelicula/afterburn-zona-cero
CABA,Cine Independiente,CineArte Cacodelphia,"Roque Sáenz Peña 1150, Buenos Aires",La Negociación (The Negotiation),2D Subtitulada,18:40,,,,https://cartelera.ar/pelicula/la-negociacion-the-negotiation
CABA,Cine Independiente,CineArte Cacodelphia,"Roque Sáenz Peña 1150, Buenos Aires",La invitación,2D Subtitulada,16:50,,,,https://cartelera.ar/pelicula/la-invitacion
CABA,Cine Independiente,CineArte Cacodelphia,"Roque Sáenz Peña 1150, Buenos Aires",Una quinta en Portugal,2D Doblada,16:30,,,,https://cartelera.ar/pelicula/una-quinta-en-portugal
CABA,Cine Independiente,CineArte Cacodelphia,"Roque Sáenz Peña 1150, Buenos Aires","Adolescencia, sexo y muerte en campamento Miasma",2D Subtitulada,20:40,,,,https://cartelera.ar/pelicula/adolescencia-sexo-y-muerte-en-campamento-miasma
CABA,Cine Independiente,CineArte Cacodelphia,"Roque Sáenz Peña 1150, Buenos Aires",Esa cosa con alas,2D Subtitulada,16:20,,,,https://cartelera.ar/pelicula/esa-cosa-con-alas
CABA,Cine Independiente,CineArte Cacodelphia,"Roque Sáenz Peña 1150, Buenos Aires",Los Vencedores,2D Doblada,19:00,,,,https://cartelera.ar/pelicula/los-vencedores
