zona,cadena,cine,direccion,pelicula,formato,horario,precio_general,precio_jubilado,precio_menor,url_pelicula
CABA,Atlas Cines,Atlas Caballito,"Rivadavia 5071, Caballito",Avengers: Endgame,2D Doblada,12:00,,,,https://www.atlascines.com/Peliculas?codPelicula=546&codComplejo=191
CABA,Atlas Cines,Atlas Caballito,"Rivadavia 5071, Caballito",Avengers: Endgame,4DX Doblada,14:40,,,,https://www.atlascines.com/Peliculas?codPelicula=546&codComplejo=191
CABA,Atlas Cines,Atlas Caballito,"Rivadavia 5071, Caballito",Avengers: Endgame,4DX Doblada,18:20,,,,https://www.atlascines.com/Peliculas?codPelicula=546&codComplejo=191
CABA,Atlas Cines,Atlas Caballito,"Rivadavia 5071, Caballito",Cars,2D Doblada,12:10,,,,https://www.atlascines.com/Peliculas?codPelicula=593&codComplejo=191
CABA,Atlas Cines,Atlas Caballito,"Rivadavia 5071, Caballito",Cars,2D Doblada,14:40,,,,https://www.atlascines.com/Peliculas?codPelicula=593&codComplejo=191
CABA,Atlas Cines,Atlas Caballito,"Rivadavia 5071, Caballito",Cars,2D Doblada,17:20,,,,https://www.atlascines.com/Peliculas?codPelicula=593&codComplejo=191
CABA,Atlas Cines,Atlas Caballito,"Rivadavia 5071, Caballito",El corazón de la bestia,2D Subtitulada,17:50,,,,https://www.atlascines.com/Peliculas?codPelicula=578&codComplejo=191
CABA,Atlas Cines,Atlas Caballito,"Rivadavia 5071, Caballito",El corazón de la bestia,2D Subtitulada,20:40,,,,https://www.atlascines.com/Peliculas?codPelicula=578&codComplejo=191
CABA,Atlas Cines,Atlas Caballito,"Rivadavia 5071, Caballito",La invitación,2D Subtitulada,20:00,,,,https://www.atlascines.com/Peliculas?codPelicula=526&codComplejo=191
CABA,Atlas Cines,Atlas Caballito,"Rivadavia 5071, Caballito",La casa,2D Doblada,17:50,,,,https://www.atlascines.com/Peliculas?codPelicula=595&codComplejo=191
CABA,Atlas Cines,Atlas Caballito,"Rivadavia 5071, Caballito",La casa,2D Doblada,22:30,,,,https://www.atlascines.com/Peliculas?codPelicula=595&codComplejo=191
CABA,Atlas Cines,Atlas Caballito,"Rivadavia 5071, Caballito",La Odisea,2D Subtitulada,17:20,,,,https://www.atlascines.com/Peliculas?codPelicula=501&codComplejo=191
CABA,Atlas Cines,Atlas Caballito,"Rivadavia 5071, Caballito",PAW Patrol: La Dino Película,2D Doblada,12:20,,,,https://www.atlascines.com/Peliculas?codPelicula=528&codComplejo=191
CABA,Atlas Cines,Atlas Caballito,"Rivadavia 5071, Caballito",PAW Patrol: La Dino Película,2D Doblada,14:20,,,,https://www.atlascines.com/Peliculas?codPelicula=528&codComplejo=191
CABA,Atlas Cines,Atlas Caballito,"Rivadavia 5071, Caballito",Resident Evil: Noche Cero,4DX Doblada,12:40,,,,https://www.atlascines.com/Peliculas?codPelicula=569&codComplejo=191
CABA,Atlas Cines,Atlas Caballito,"Rivadavia 5071, Caballito",Resident Evil: Noche Cero,2D Doblada,13:10,,,,https://www.atlascines.com/Peliculas?codPelicula=569&codComplejo=191
CABA,Atlas Cines,Atlas Caballito,"Rivadavia 5071, Caballito",Resident Evil: Noche Cero,2D Doblada,16:30,,,,https://www.atlascines.com/Peliculas?codPelicula=569&codComplejo=191
CABA,Atlas Cines,Atlas Caballito,"Rivadavia 5071, Caballito",Resident Evil: Noche Cero,2D Subtitulada,18:40,,,,https://www.atlascines.com/Peliculas?codPelicula=569&codComplejo=191
CABA,Atlas Cines,Atlas Caballito,"Rivadavia 5071, Caballito",Resident Evil: Noche Cero,2D Subtitulada,20:50,,,,https://www.atlascines.com/Peliculas?codPelicula=569&codComplejo=191
CABA,Atlas Cines,Atlas Caballito,"Rivadavia 5071, Caballito",Resident Evil: Noche Cero,4DX Doblada,22:00,,,,https://www.atlascines.com/Peliculas?codPelicula=569&codComplejo=191
CABA,Atlas Cines,Atlas Caballito,"Rivadavia 5071, Caballito",Resident Evil: Noche Cero,2D Subtitulada,23:00,,,,https://www.atlascines.com/Peliculas?codPelicula=569&codComplejo=191
CABA,Atlas Cines,Atlas Caballito,"Rivadavia 5071, Caballito",La isla olvidada,2D Doblada,12:20,,,,https://www.atlascines.com/Peliculas?codPelicula=580&codComplejo=191
CABA,Atlas Cines,Atlas Caballito,"Rivadavia 5071, Caballito",La isla olvidada,2D Doblada,14:30,,,,https://www.atlascines.com/Peliculas?codPelicula=580&codComplejo=191
CABA,Atlas Cines,Atlas Caballito,"Rivadavia 5071, Caballito",La isla olvidada,2D Doblada,16:40,,,,https://www.atlascines.com/Peliculas?codPelicula=580&codComplejo=191
CABA,Atlas Cines,Atlas Caballito,"Rivadavia 5071, Caballito",Digger,2D Subtitulada,22:40,,,,https://www.atlascines.com/Peliculas?codPelicula=582&codComplejo=191
CABA,Atlas Cines,Atlas Caballito,"Rivadavia 5071, Caballito",Hope,2D Doblada,18:50,,,,https://www.atlascines.com/Peliculas?codPelicula=594&codComplejo=191
CABA,Atlas Cines,Atlas Caballito,"Rivadavia 5071, Caballito",Hope,2D Subtitulada,22:00,,,,https://www.atlascines.com/Peliculas?codPelicula=594&codComplejo=191
CABA,Atlas Cines,Atlas Caballito,"Rivadavia 5071, Caballito",Coyote vs. Acme,2D Doblada,15:30,,,,https://www.atlascines.com/Peliculas?codPelicula=547&codComplejo=191
CABA,Atlas Cines,Atlas Caballito,"Rivadavia 5071, Caballito",Verity. La sombra de un engaño,2D Doblada,12:00,,,,https://www.atlascines.com/Peliculas?codPelicula=583&codComplejo=191
CABA,Atlas Cines,Atlas Caballito,"Rivadavia 5071, Caballito",Verity. La sombra de un engaño,2D Doblada,14:30,,,,https://www.atlascines.com/Peliculas?codPelicula=583&codComplejo=191
CABA,Atlas Cines,Atlas Caballito,"Rivadavia 5071, Caballito",Verity. La sombra de un engaño,2D Subtitulada,17:00,,,,https://www.atlascines.com/Peliculas?codPelicula=583&codComplejo=191
CABA,Atlas Cines,Atlas Caballito,"Rivadavia 5071, Caballito",Verity. La sombra de un engaño,2D Subtitulada,19:30,,,,https://www.atlascines.com/Peliculas?codPelicula=583&codComplejo=191
CABA,Atlas Cines,Atlas Caballito,"Rivadavia 5071, Caballito",Verity. La sombra de un engaño,2D Subtitulada,22:00,,,,https://www.atlascines.com/Peliculas?codPelicula=583&codComplejo=191
CABA,Atlas Cines,Atlas Caballito,"Rivadavia 5071, Caballito",La vida es así,2D Subtitulada,15:20,,,,https://www.atlascines.com/Peliculas?codPelicula=596&codComplejo=191
CABA,Atlas Cines,Atlas Caballito,"Rivadavia 5071, Caballito",A cualquier precio,2D Doblada,20:10,,,,https://www.atlascines.com/Peliculas?codPelicula=592&codComplejo=191
CABA,Atlas Cines,Atlas Caballito,"Rivadavia 5071, Caballito",A cualquier precio,2D Subtitulada,22:50,,,,https://www.atlascines.com/Peliculas?codPelicula=592&codComplejo=191
CABA,Atlas Cines,Atlas Caballito,"Rivadavia 5071, Caballito",Always Lalisa,2D Subtitulada,20:00,,,,https://www.atlascines.com/Peliculas?codPelicula=567&codComplejo=191
CABA,Atlas Cines,Atlas Caballito,"Rivadavia 5071, Caballito",Guardianes Del Museo 2,2D Doblada,12:50,,,,https://www.atlascines.com/Peliculas?codPelicula=586&codComplejo=191
CABA,Atlas Cines,Atlas Caballito,"Rivadavia 5071, Caballito",Guardianes Del Museo 2,2D Doblada,15:00,,,,https://www.atlascines.com/Peliculas?codPelicula=586&codComplejo=191
CABA,Atlas Cines,Atlas Caballito,"Rivadavia 5071, Caballito",Madre siniestra,2D Doblada,13:20,,,,https://www.atlascines.com/Peliculas?codPelicula=597&codComplejo=191
CABA,Atlas Cines,Atlas Caballito,"Rivadavia 5071, Caballito",Madre siniestra,2D Doblada,15:40,,,,https://www.atlascines.com/Peliculas?codPelicula=597&codComplejo=191
CABA,Atlas Cines,Atlas Caballito,"Rivadavia 5071, Caballito",Madre siniestra,2D Doblada,18:00,,,,https://www.atlascines.com/Peliculas?codPelicula=597&codComplejo=191
CABA,Atlas Cines,Atlas Caballito,"Rivadavia 5071, Caballito",Madre siniestra,2D Subtitulada,20:20,,,,https://www.atlascines.com/Peliculas?codPelicula=597&codComplejo=191
CABA,Atlas Cines,Atlas Caballito,"Rivadavia 5071, Caballito",Madre siniestra,2D Doblada,22:20,,,,https://www.atlascines.com/Peliculas?codPelicula=597&codComplejo=191
CABA,Atlas Cines,Atlas Caballito,"Rivadavia 5071, Caballito",Madre siniestra,2D Subtitulada,22:40,,,,https://www.atlascines.com/Peliculas?codPelicula=597&codComplejo=191
GBA Norte,Multiplex,Multiplex Pilar,"Las Magnolias 754, Palmas del Pilar",A cualquier precio,2D Doblada,18:10,,,,https://multiplex.com.ar/peliculas/a-cualquier-precio/
GBA Norte,Multiplex,Multiplex Pilar,"Las Magnolias 754, Palmas del Pilar",A cualquier precio,2D Doblada,22:40,,,,https://multiplex.com.ar/peliculas/a-cualquier-precio/
GBA Norte,Multiplex,Multiplex Pilar,"Las Magnolias 754, Palmas del Pilar",Avengers: Endgame,4D (3D) Doblada,13:00,,,,https://multiplex.com.ar/peliculas/avengers-endgame-re-estreno/
GBA Norte,Multiplex,Multiplex Pilar,"Las Magnolias 754, Palmas del Pilar",Avengers: Endgame,2D XTREMO Doblada,14:00,,,,https://multiplex.com.ar/peliculas/avengers-endgame-re-estreno/
GBA Norte,Multiplex,Multiplex Pilar,"Las Magnolias 754, Palmas del Pilar",Avengers: Endgame,2D XTREMO Doblada,17:30,,,,https://multiplex.com.ar/peliculas/avengers-endgame-re-estreno/
GBA Norte,Multiplex,Multiplex Pilar,"Las Magnolias 754, Palmas del Pilar",Cars (re Estreno),2D Doblada,12:40,,,,https://multiplex.com.ar/peliculas/cars-re-estreno/
GBA Norte,Multiplex,Multiplex Pilar,"Las Magnolias 754, Palmas del Pilar",Cars (re Estreno),2D Doblada,15:00,,,,https://multiplex.com.ar/peliculas/cars-re-estreno/
GBA Norte,Multiplex,Multiplex Pilar,"Las Magnolias 754, Palmas del Pilar",Cars (re Estreno),2D Doblada,17:20,,,,https://multiplex.com.ar/peliculas/cars-re-estreno/
GBA Norte,Multiplex,Multiplex Pilar,"Las Magnolias 754, Palmas del Pilar",Digger,2D Doblada,19:40,,,,https://multiplex.com.ar/peliculas/digger/
GBA Norte,Multiplex,Multiplex Pilar,"Las Magnolias 754, Palmas del Pilar",El corazón de la bestia,2D Doblada,12:20,,,,https://multiplex.com.ar/peliculas/el-corazon-de-la-bestia/
GBA Norte,Multiplex,Multiplex Pilar,"Las Magnolias 754, Palmas del Pilar",El corazón de la bestia,PLATINUM 2D Subtitulada,13:30,,,,https://multiplex.com.ar/peliculas/el-corazon-de-la-bestia/
GBA Norte,Multiplex,Multiplex Pilar,"Las Magnolias 754, Palmas del Pilar",El corazón de la bestia,2D Doblada,14:20,,,,https://multiplex.com.ar/peliculas/el-corazon-de-la-bestia/
GBA Norte,Multiplex,Multiplex Pilar,"Las Magnolias 754, Palmas del Pilar",El corazón de la bestia,2D Doblada,16:20,,,,https://multiplex.com.ar/peliculas/el-corazon-de-la-bestia/
GBA Norte,Multiplex,Multiplex Pilar,"Las Magnolias 754, Palmas del Pilar",El corazón de la bestia,PLATINUM 2D Subtitulada,17:50,,,,https://multiplex.com.ar/peliculas/el-corazon-de-la-bestia/
GBA Norte,Multiplex,Multiplex Pilar,"Las Magnolias 754, Palmas del Pilar",El corazón de la bestia,2D Doblada,20:50,,,,https://multiplex.com.ar/peliculas/el-corazon-de-la-bestia/
GBA Norte,Multiplex,Multiplex Pilar,"Las Magnolias 754, Palmas del Pilar",El corazón de la bestia,PLATINUM 2D Subtitulada,22:10,,,,https://multiplex.com.ar/peliculas/el-corazon-de-la-bestia/
GBA Norte,Multiplex,Multiplex Pilar,"Las Magnolias 754, Palmas del Pilar",Guardianes Del Museo 2,2D Doblada,12:30,,,,https://multiplex.com.ar/peliculas/guardianes-del-museo-2/
GBA Norte,Multiplex,Multiplex Pilar,"Las Magnolias 754, Palmas del Pilar",Guardianes Del Museo 2,2D Doblada,14:20,,,,https://multiplex.com.ar/peliculas/guardianes-del-museo-2/
GBA Norte,Multiplex,Multiplex Pilar,"Las Magnolias 754, Palmas del Pilar",Hope,2D Subtitulada,22:20,,,,https://multiplex.com.ar/peliculas/hopeel-primer-impacto/
GBA Norte,Multiplex,Multiplex Pilar,"Las Magnolias 754, Palmas del Pilar",La casa,2D Doblada,12:50,,,,https://multiplex.com.ar/peliculas/la-casa/
GBA Norte,Multiplex,Multiplex Pilar,"Las Magnolias 754, Palmas del Pilar",La casa,2D Doblada,18:30,,,,https://multiplex.com.ar/peliculas/la-casa/
GBA Norte,Multiplex,Multiplex Pilar,"Las Magnolias 754, Palmas del Pilar",La casa,2D Doblada,20:40,,,,https://multiplex.com.ar/peliculas/la-casa/
GBA Norte,Multiplex,Multiplex Pilar,"Las Magnolias 754, Palmas del Pilar",La casa,2D Doblada,22:50,,,,https://multiplex.com.ar/peliculas/la-casa/
GBA Norte,Multiplex,Multiplex Pilar,"Las Magnolias 754, Palmas del Pilar",La isla olvidada,2D Doblada,13:40,,,,https://multiplex.com.ar/peliculas/la-isla-olvidada/
GBA Norte,Multiplex,Multiplex Pilar,"Las Magnolias 754, Palmas del Pilar",La Odisea,2D Subtitulada,16:10,,,,https://multiplex.com.ar/peliculas/la-odisea/
GBA Norte,Multiplex,Multiplex Pilar,"Las Magnolias 754, Palmas del Pilar",La vida es así,2D Subtitulada,15:50,,,,https://multiplex.com.ar/peliculas/la-vida-es-asi/
GBA Norte,Multiplex,Multiplex Pilar,"Las Magnolias 754, Palmas del Pilar",La vida es así,2D Subtitulada,20:20,,,,https://multiplex.com.ar/peliculas/la-vida-es-asi/
GBA Norte,Multiplex,Multiplex Pilar,"Las Magnolias 754, Palmas del Pilar",Los Juegos Del Hambre (re),2D Doblada,22:20,,,,https://multiplex.com.ar/peliculas/los-juegos-del-hambre-re/
GBA Norte,Multiplex,Multiplex Pilar,"Las Magnolias 754, Palmas del Pilar",Madre siniestra,2D Doblada,14:20,,,,https://multiplex.com.ar/peliculas/madre-siniestra/
GBA Norte,Multiplex,Multiplex Pilar,"Las Magnolias 754, Palmas del Pilar",Madre siniestra,4D (2D) Doblada,18:30,,,,https://multiplex.com.ar/peliculas/madre-siniestra/
GBA Norte,Multiplex,Multiplex Pilar,"Las Magnolias 754, Palmas del Pilar",Madre siniestra,2D Doblada,21:00,,,,https://multiplex.com.ar/peliculas/madre-siniestra/
GBA Norte,Multiplex,Multiplex Pilar,"Las Magnolias 754, Palmas del Pilar",Madre siniestra,4D (2D) Doblada,22:30,,,,https://multiplex.com.ar/peliculas/madre-siniestra/
GBA Norte,Multiplex,Multiplex Pilar,"Las Magnolias 754, Palmas del Pilar",Madre siniestra,2D Doblada,23:00,,,,https://multiplex.com.ar/peliculas/madre-siniestra/
GBA Norte,Multiplex,Multiplex Pilar,"Las Magnolias 754, Palmas del Pilar",Resident Evil: Noche Cero,2D Doblada,15:10,,,,https://multiplex.com.ar/peliculas/resident-evil-noche-cero/
GBA Norte,Multiplex,Multiplex Pilar,"Las Magnolias 754, Palmas del Pilar",Resident Evil: Noche Cero,4D (2D) Doblada,16:30,,,,https://multiplex.com.ar/peliculas/resident-evil-noche-cero/
GBA Norte,Multiplex,Multiplex Pilar,"Las Magnolias 754, Palmas del Pilar",Resident Evil: Noche Cero,2D Doblada,17:10,,,,https://multiplex.com.ar/peliculas/resident-evil-noche-cero/
GBA Norte,Multiplex,Multiplex Pilar,"Las Magnolias 754, Palmas del Pilar",Resident Evil: Noche Cero,2D Doblada,19:10,,,,https://multiplex.com.ar/peliculas/resident-evil-noche-cero/
GBA Norte,Multiplex,Multiplex Pilar,"Las Magnolias 754, Palmas del Pilar",Resident Evil: Noche Cero,4D (2D) Doblada,20:30,,,,https://multiplex.com.ar/peliculas/resident-evil-noche-cero/
GBA Norte,Multiplex,Multiplex Pilar,"Las Magnolias 754, Palmas del Pilar",Resident Evil: Noche Cero,2D Doblada,21:10,,,,https://multiplex.com.ar/peliculas/resident-evil-noche-cero/
GBA Norte,Multiplex,Multiplex Pilar,"Las Magnolias 754, Palmas del Pilar",Resident Evil: Noche Cero,2D Doblada,23:10,,,,https://multiplex.com.ar/peliculas/resident-evil-noche-cero/
GBA Norte,Multiplex,Multiplex Pilar,"Las Magnolias 754, Palmas del Pilar",Spider-Man: Un nuevo día,2D Doblada,19:30,,,,https://multiplex.com.ar/peliculas/spider-man-un-dia-nuevo/
GBA Norte,Multiplex,Multiplex Pilar,"Las Magnolias 754, Palmas del Pilar",Verity. La sombra de un engaño,2D Doblada,12:10,,,,https://multiplex.com.ar/peliculas/verityla-sombra-de-un-engano/
GBA Norte,Multiplex,Multiplex Pilar,"Las Magnolias 754, Palmas del Pilar",Verity. La sombra de un engaño,PLATINUM 2D Subtitulada,15:30,,,,https://multiplex.com.ar/peliculas/verityla-sombra-de-un-engano/
GBA Norte,Multiplex,Multiplex Pilar,"Las Magnolias 754, Palmas del Pilar",Verity. La sombra de un engaño,2D Doblada,16:10,,,,https://multiplex.com.ar/peliculas/verityla-sombra-de-un-engano/
GBA Norte,Multiplex,Multiplex Pilar,"Las Magnolias 754, Palmas del Pilar",Verity. La sombra de un engaño,2D Doblada,18:30,,,,https://multiplex.com.ar/peliculas/verityla-sombra-de-un-engano/
GBA Norte,Multiplex,Multiplex Pilar,"Las Magnolias 754, Palmas del Pilar",Verity. La sombra de un engaño,PLATINUM 2D Subtitulada,19:50,,,,https://multiplex.com.ar/peliculas/verityla-sombra-de-un-engano/
GBA Norte,Multiplex,Multiplex Pilar,"Las Magnolias 754, Palmas del Pilar",Verity. La sombra de un engaño,2D Doblada,22:50,,,,https://multiplex.com.ar/peliculas/verityla-sombra-de-un-engano/
GBA Sur,Multiplex,Multiplex Canning,"Formosa 653, Canning (Shopping Las Toscas)",A cualquier precio,2D Doblada,16:10,,,,https://multiplex.com.ar/peliculas/a-cualquier-precio/
GBA Sur,Multiplex,Multiplex Canning,"Formosa 653, Canning (Shopping Las Toscas)",A cualquier precio,2D Doblada,20:20,,,,https://multiplex.com.ar/peliculas/a-cualquier-precio/
GBA Sur,Multiplex,Multiplex Canning,"Formosa 653, Canning (Shopping Las Toscas)",Avengers: Endgame,2D XTREMO Doblada,13:45,,,,https://multiplex.com.ar/peliculas/avengers-endgame-re-estreno/
GBA Sur,Multiplex,Multiplex Canning,"Formosa 653, Canning (Shopping Las Toscas)",Avengers: Endgame,4D (3D) Doblada,14:00,,,,https://multiplex.com.ar/peliculas/avengers-endgame-re-estreno/
GBA Sur,Multiplex,Multiplex Canning,"Formosa 653, Canning (Shopping Las Toscas)",Avengers: Endgame,2D XTREMO Doblada,17:15,,,,https://multiplex.com.ar/peliculas/avengers-endgame-re-estreno/
GBA Sur,Multiplex,Multiplex Canning,"Formosa 653, Canning (Shopping Las Toscas)",Avengers: Endgame,4D (3D) Doblada,17:20,,,,https://multiplex.com.ar/peliculas/avengers-endgame-re-estreno/
GBA Sur,Multiplex,Multiplex Canning,"Formosa 653, Canning (Shopping Las Toscas)",Cars (re Estreno),2D Doblada,13:00,,,,https://multiplex.com.ar/peliculas/cars-re-estreno/
GBA Sur,Multiplex,Multiplex Canning,"Formosa 653, Canning (Shopping Las Toscas)",Cars (re Estreno),2D Doblada,15:25,,,,https://multiplex.com.ar/peliculas/cars-re-estreno/
GBA Sur,Multiplex,Multiplex Canning,"Formosa 653, Canning (Shopping Las Toscas)",Cars (re Estreno),2D Doblada,17:50,,,,https://multiplex.com.ar/peliculas/cars-re-estreno/
GBA Sur,Multiplex,Multiplex Canning,"Formosa 653, Canning (Shopping Las Toscas)",Coyote vs. Acme,2D Doblada,14:00,,,,https://multiplex.com.ar/peliculas/coyote-vs-acme/
GBA Sur,Multiplex,Multiplex Canning,"Formosa 653, Canning (Shopping Las Toscas)",Digger,2D Doblada,13:50,,,,https://multiplex.com.ar/peliculas/digger/
GBA Sur,Multiplex,Multiplex Canning,"Formosa 653, Canning (Shopping Las Toscas)",Digger,2D Doblada,17:50,,,,https://multiplex.com.ar/peliculas/digger/
GBA Sur,Multiplex,Multiplex Canning,"Formosa 653, Canning (Shopping Las Toscas)",El corazón de la bestia,2D Doblada,16:20,,,,https://multiplex.com.ar/peliculas/el-corazon-de-la-bestia/
GBA Sur,Multiplex,Multiplex Canning,"Formosa 653, Canning (Shopping Las Toscas)",El corazón de la bestia,2D Doblada,20:15,,,,https://multiplex.com.ar/peliculas/el-corazon-de-la-bestia/
GBA Sur,Multiplex,Multiplex Canning,"Formosa 653, Canning (Shopping Las Toscas)",El corazón de la bestia,2D Doblada,22:30,,,,https://multiplex.com.ar/peliculas/el-corazon-de-la-bestia/
GBA Sur,Multiplex,Multiplex Canning,"Formosa 653, Canning (Shopping Las Toscas)",Guardianes Del Museo 2,2D Doblada,14:10,,,,https://multiplex.com.ar/peliculas/guardianes-del-museo-2/
GBA Sur,Multiplex,Multiplex Canning,"Formosa 653, Canning (Shopping Las Toscas)",Guardianes Del Museo 2,2D Doblada,16:00,,,,https://multiplex.com.ar/peliculas/guardianes-del-museo-2/
GBA Sur,Multiplex,Multiplex Canning,"Formosa 653, Canning (Shopping Las Toscas)",Los Juegos Del Hambre (re),2D Doblada,22:30,,,,https://multiplex.com.ar/peliculas/los-juegos-del-hambre-re/
GBA Sur,Multiplex,Multiplex Canning,"Formosa 653, Canning (Shopping Las Toscas)",Madre siniestra,2D Doblada,18:30,,,,https://multiplex.com.ar/peliculas/madre-siniestra/
GBA Sur,Multiplex,Multiplex Canning,"Formosa 653, Canning (Shopping Las Toscas)",Madre siniestra,2D Doblada,20:30,,,,https://multiplex.com.ar/peliculas/madre-siniestra/
GBA Sur,Multiplex,Multiplex Canning,"Formosa 653, Canning (Shopping Las Toscas)",Madre siniestra,2D Doblada,22:45,,,,https://multiplex.com.ar/peliculas/madre-siniestra/
GBA Sur,Multiplex,Multiplex Canning,"Formosa 653, Canning (Shopping Las Toscas)",Resident Evil: Noche Cero,2D Doblada,18:20,,,,https://multiplex.com.ar/peliculas/resident-evil-noche-cero/
GBA Sur,Multiplex,Multiplex Canning,"Formosa 653, Canning (Shopping Las Toscas)",Resident Evil: Noche Cero,4D (2D) Doblada,20:40,,,,https://multiplex.com.ar/peliculas/resident-evil-noche-cero/
GBA Sur,Multiplex,Multiplex Canning,"Formosa 653, Canning (Shopping Las Toscas)",Resident Evil: Noche Cero,2D Doblada,20:45,,,,https://multiplex.com.ar/peliculas/resident-evil-noche-cero/
GBA Sur,Multiplex,Multiplex Canning,"Formosa 653, Canning (Shopping Las Toscas)",Resident Evil: Noche Cero,2D Doblada,22:30,,,,https://multiplex.com.ar/peliculas/resident-evil-noche-cero/
GBA Sur,Multiplex,Multiplex Canning,"Formosa 653, Canning (Shopping Las Toscas)",Resident Evil: Noche Cero,4D (2D) Doblada,22:40,,,,https://multiplex.com.ar/peliculas/resident-evil-noche-cero/
GBA Sur,Multiplex,Multiplex Canning,"Formosa 653, Canning (Shopping Las Toscas)",Toy Story 5,2D Doblada,12:10,,,,https://multiplex.com.ar/peliculas/toy-story-5/
GBA Sur,Multiplex,Multiplex Canning,"Formosa 653, Canning (Shopping Las Toscas)",Verity. La sombra de un engaño,2D Doblada,20:15,,,,https://multiplex.com.ar/peliculas/verityla-sombra-de-un-engano/
GBA Sur,Multiplex,Multiplex Canning,"Formosa 653, Canning (Shopping Las Toscas)",Verity. La sombra de un engaño,2D Subtitulada,22:35,,,,https://multiplex.com.ar/peliculas/verityla-sombra-de-un-engano/
CABA,Multiplex,Multiplex Belgrano,"Vuelta de Obligado 2199, Belgrano",A cualquier precio,2D Subtitulada,17:40,,,,https://multiplex.com.ar/peliculas/a-cualquier-precio/
CABA,Multiplex,Multiplex Belgrano,"Vuelta de Obligado 2199, Belgrano",A cualquier precio,2D Subtitulada,22:25,,,,https://multiplex.com.ar/peliculas/a-cualquier-precio/
CABA,Multiplex,Multiplex Belgrano,"Vuelta de Obligado 2199, Belgrano",Avengers: Endgame,2D Subtitulada,14:10,,,,https://multiplex.com.ar/peliculas/avengers-endgame-re-estreno/
CABA,Multiplex,Multiplex Belgrano,"Vuelta de Obligado 2199, Belgrano",Avengers: Endgame,2D XTREMO Subtitulada,19:20,,,,https://multiplex.com.ar/peliculas/avengers-endgame-re-estreno/
CABA,Multiplex,Multiplex Belgrano,"Vuelta de Obligado 2199, Belgrano",Avengers: Endgame,2D Subtitulada,22:00,,,,https://multiplex.com.ar/peliculas/avengers-endgame-re-estreno/
CABA,Multiplex,Multiplex Belgrano,"Vuelta de Obligado 2199, Belgrano",Cars (re Estreno),4D + 2D Doblada,13:00,,,,https://multiplex.com.ar/peliculas/cars-re-estreno/
CABA,Multiplex,Multiplex Belgrano,"Vuelta de Obligado 2199, Belgrano",Cars (re Estreno),4D + 2D Doblada,15:25,,,,https://multiplex.com.ar/peliculas/cars-re-estreno/
CABA,Multiplex,Multiplex Belgrano,"Vuelta de Obligado 2199, Belgrano",Cars (re Estreno),4D + 2D Doblada,17:50,,,,https://multiplex.com.ar/peliculas/cars-re-estreno/
CABA,Multiplex,Multiplex Belgrano,"Vuelta de Obligado 2199, Belgrano",Coyote vs. Acme,2D Doblada,13:15,,,,https://multiplex.com.ar/peliculas/coyote-vs-acme/
CABA,Multiplex,Multiplex Belgrano,"Vuelta de Obligado 2199, Belgrano",Coyote vs. Acme,2D Doblada,15:20,,,,https://multiplex.com.ar/peliculas/coyote-vs-acme/
CABA,Multiplex,Multiplex Belgrano,"Vuelta de Obligado 2199, Belgrano",Coyote vs. Acme,2D Subtitulada,17:25,,,,https://multiplex.com.ar/peliculas/coyote-vs-acme/
CABA,Multiplex,Multiplex Belgrano,"Vuelta de Obligado 2199, Belgrano",Digger,2D + COMFORT PLUS Subtitulada,13:00,,,,https://multiplex.com.ar/peliculas/digger/
CABA,Multiplex,Multiplex Belgrano,"Vuelta de Obligado 2199, Belgrano",Digger,2D + COMFORT PLUS Subtitulada,15:25,,,,https://multiplex.com.ar/peliculas/digger/
CABA,Multiplex,Multiplex Belgrano,"Vuelta de Obligado 2199, Belgrano",Digger,2D + COMFORT PLUS Subtitulada,17:50,,,,https://multiplex.com.ar/peliculas/digger/
CABA,Multiplex,Multiplex Belgrano,"Vuelta de Obligado 2199, Belgrano",Digger,2D + COMFORT PLUS Subtitulada,20:15,,,,https://multiplex.com.ar/peliculas/digger/
CABA,Multiplex,Multiplex Belgrano,"Vuelta de Obligado 2199, Belgrano",El corazón de la bestia,COMFORT PLUS 2D Subtitulada,16:00,,,,https://multiplex.com.ar/peliculas/el-corazon-de-la-bestia/
CABA,Multiplex,Multiplex Belgrano,"Vuelta de Obligado 2199, Belgrano",El corazón de la bestia,COMFORT PLUS 2D Subtitulada,18:00,,,,https://multiplex.com.ar/peliculas/el-corazon-de-la-bestia/
CABA,Multiplex,Multiplex Belgrano,"Vuelta de Obligado 2199, Belgrano",El corazón de la bestia,COMFORT PLUS 2D Subtitulada,20:00,,,,https://multiplex.com.ar/peliculas/el-corazon-de-la-bestia/
CABA,Multiplex,Multiplex Belgrano,"Vuelta de Obligado 2199, Belgrano",El corazón de la bestia,COMFORT PLUS 2D Subtitulada,22:30,,,,https://multiplex.com.ar/peliculas/el-corazon-de-la-bestia/
CABA,Multiplex,Multiplex Belgrano,"Vuelta de Obligado 2199, Belgrano",Guardianes Del Museo 2,2D Doblada,15:05,,,,https://multiplex.com.ar/peliculas/guardianes-del-museo-2/
CABA,Multiplex,Multiplex Belgrano,"Vuelta de Obligado 2199, Belgrano",Hope,2D Subtitulada,19:30,,,,https://multiplex.com.ar/peliculas/hopeel-primer-impacto/
CABA,Multiplex,Multiplex Belgrano,"Vuelta de Obligado 2199, Belgrano",Hope,2D + COMFORT PLUS Subtitulada,22:40,,,,https://multiplex.com.ar/peliculas/hopeel-primer-impacto/
CABA,Multiplex,Multiplex Belgrano,"Vuelta de Obligado 2199, Belgrano",La casa,COMFORT PLUS 2D Doblada,13:00,,,,https://multiplex.com.ar/peliculas/la-casa/
CABA,Multiplex,Multiplex Belgrano,"Vuelta de Obligado 2199, Belgrano",La casa,COMFORT PLUS 2D Doblada,15:10,,,,https://multiplex.com.ar/peliculas/la-casa/
CABA,Multiplex,Multiplex Belgrano,"Vuelta de Obligado 2199, Belgrano",La casa,COMFORT PLUS 2D Doblada,17:15,,,,https://multiplex.com.ar/peliculas/la-casa/
CABA,Multiplex,Multiplex Belgrano,"Vuelta de Obligado 2199, Belgrano",La casa,2D Doblada,19:50,,,,https://multiplex.com.ar/peliculas/la-casa/
CABA,Multiplex,Multiplex Belgrano,"Vuelta de Obligado 2199, Belgrano",La casa,COMFORT PLUS 2D Doblada,22:40,,,,https://multiplex.com.ar/peliculas/la-casa/
CABA,Multiplex,Multiplex Belgrano,"Vuelta de Obligado 2199, Belgrano",La isla olvidada,2D Doblada,13:00,,,,https://multiplex.com.ar/peliculas/la-isla-olvidada/
CABA,Multiplex,Multiplex Belgrano,"Vuelta de Obligado 2199, Belgrano",La Odisea,COMFORT PLUS 2D Subtitulada,22:00,,,,https://multiplex.com.ar/peliculas/la-odisea/
CABA,Multiplex,Multiplex Belgrano,"Vuelta de Obligado 2199, Belgrano",La vida es así,COMFORT PLUS 2D Subtitulada,13:10,,,,https://multiplex.com.ar/peliculas/la-vida-es-asi/
CABA,Multiplex,Multiplex Belgrano,"Vuelta de Obligado 2199, Belgrano",La vida es así,COMFORT PLUS 2D Subtitulada,15:30,,,,https://multiplex.com.ar/peliculas/la-vida-es-asi/
CABA,Multiplex,Multiplex Belgrano,"Vuelta de Obligado 2199, Belgrano",La vida es así,COMFORT PLUS 2D Subtitulada,17:50,,,,https://multiplex.com.ar/peliculas/la-vida-es-asi/
CABA,Multiplex,Multiplex Belgrano,"Vuelta de Obligado 2199, Belgrano",La vida es así,COMFORT PLUS 2D Subtitulada,20:10,,,,https://multiplex.com.ar/peliculas/la-vida-es-asi/
CABA,Multiplex,Multiplex Belgrano,"Vuelta de Obligado 2199, Belgrano",Los Colores Del Tiempo,COMFORT PLUS 2D Subtitulada,13:00,,,,https://multiplex.com.ar/peliculas/los-colores-del-tiempo/
CABA,Multiplex,Multiplex Belgrano,"Vuelta de Obligado 2199, Belgrano",Los Colores Del Tiempo,COMFORT PLUS 2D Subtitulada,15:20,,,,https://multiplex.com.ar/peliculas/los-colores-del-tiempo/
CABA,Multiplex,Multiplex Belgrano,"Vuelta de Obligado 2199, Belgrano",Los Colores Del Tiempo,COMFORT PLUS 2D Subtitulada,17:40,,,,https://multiplex.com.ar/peliculas/los-colores-del-tiempo/
CABA,Multiplex,Multiplex Belgrano,"Vuelta de Obligado 2199, Belgrano",Los Colores Del Tiempo,COMFORT PLUS 2D Subtitulada,20:05,,,,https://multiplex.com.ar/peliculas/los-colores-del-tiempo/
CABA,Multiplex,Multiplex Belgrano,"Vuelta de Obligado 2199, Belgrano",Los Juegos Del Hambre (re),COMFORT PLUS 2D Subtitulada,22:30,,,,https://multiplex.com.ar/peliculas/los-juegos-del-hambre-re/
CABA,Multiplex,Multiplex Belgrano,"Vuelta de Obligado 2199, Belgrano",Madre siniestra,2D Subtitulada,20:30,,,,https://multiplex.com.ar/peliculas/madre-siniestra/
CABA,Multiplex,Multiplex Belgrano,"Vuelta de Obligado 2199, Belgrano",Madre siniestra,2D Subtitulada,22:20,,,,https://multiplex.com.ar/peliculas/madre-siniestra/
CABA,Multiplex,Multiplex Belgrano,"Vuelta de Obligado 2199, Belgrano",Resident Evil: Noche Cero,2D Subtitulada,16:50,,,,https://multiplex.com.ar/peliculas/resident-evil-noche-cero/
CABA,Multiplex,Multiplex Belgrano,"Vuelta de Obligado 2199, Belgrano",Resident Evil: Noche Cero,2D Subtitulada,18:40,,,,https://multiplex.com.ar/peliculas/resident-evil-noche-cero/
CABA,Multiplex,Multiplex Belgrano,"Vuelta de Obligado 2199, Belgrano",Resident Evil: Noche Cero,4D + 2D Subtitulada,20:15,,,,https://multiplex.com.ar/peliculas/resident-evil-noche-cero/
CABA,Multiplex,Multiplex Belgrano,"Vuelta de Obligado 2199, Belgrano",Resident Evil: Noche Cero,4D + 2D Subtitulada,22:15,,,,https://multiplex.com.ar/peliculas/resident-evil-noche-cero/
CABA,Multiplex,Multiplex Belgrano,"Vuelta de Obligado 2199, Belgrano",Tres adioses,COMFORT PLUS 2D Subtitulada,13:45,,,,https://multiplex.com.ar/peliculas/tres-adioses/
CABA,Multiplex,Multiplex Belgrano,"Vuelta de Obligado 2199, Belgrano",Verity. La sombra de un engaño,COMFORT PLUS 2D Subtitulada,13:15,,,,https://multiplex.com.ar/peliculas/verityla-sombra-de-un-engano/
CABA,Multiplex,Multiplex Belgrano,"Vuelta de Obligado 2199, Belgrano",Verity. La sombra de un engaño,COMFORT PLUS 2D Subtitulada,15:30,,,,https://multiplex.com.ar/peliculas/verityla-sombra-de-un-engano/
CABA,Multiplex,Multiplex Belgrano,"Vuelta de Obligado 2199, Belgrano",Verity. La sombra de un engaño,COMFORT PLUS 2D Subtitulada,17:45,,,,https://multiplex.com.ar/peliculas/verityla-sombra-de-un-engano/
CABA,Multiplex,Multiplex Belgrano,"Vuelta de Obligado 2199, Belgrano",Verity. La sombra de un engaño,COMFORT PLUS 2D Subtitulada,20:00,,,,https://multiplex.com.ar/peliculas/verityla-sombra-de-un-engano/
CABA,Multiplex,Multiplex Belgrano,"Vuelta de Obligado 2199, Belgrano",Verity. La sombra de un engaño,COMFORT PLUS 2D Subtitulada,22:15,,,,https://multiplex.com.ar/peliculas/verityla-sombra-de-un-engano/
CABA,Multiplex,Multiplex Lavalle,"Lavalle 780, CABA",A cualquier precio,2D Doblada,14:00,,,,https://multiplex.com.ar/peliculas/a-cualquier-precio/
CABA,Multiplex,Multiplex Lavalle,"Lavalle 780, CABA",A cualquier precio,2D Doblada,20:20,,,,https://multiplex.com.ar/peliculas/a-cualquier-precio/
CABA,Multiplex,Multiplex Lavalle,"Lavalle 780, CABA",Avengers: Endgame,4D (3D) Doblada,15:40,,,,https://multiplex.com.ar/peliculas/avengers-endgame-re-estreno/
CABA,Multiplex,Multiplex Lavalle,"Lavalle 780, CABA",Avengers: Endgame,2D XTREMO Doblada,18:00,,,,https://multiplex.com.ar/peliculas/avengers-endgame-re-estreno/
CABA,Multiplex,Multiplex Lavalle,"Lavalle 780, CABA",Avengers: Endgame,2D Doblada,22:00,,,,https://multiplex.com.ar/peliculas/avengers-endgame-re-estreno/
CABA,Multiplex,Multiplex Lavalle,"Lavalle 780, CABA",Cars (re Estreno),2D Doblada,13:25,,,,https://multiplex.com.ar/peliculas/cars-re-estreno/
CABA,Multiplex,Multiplex Lavalle,"Lavalle 780, CABA",Cars (re Estreno),2D Doblada,15:45,,,,https://multiplex.com.ar/peliculas/cars-re-estreno/
CABA,Multiplex,Multiplex Lavalle,"Lavalle 780, CABA",Cars (re Estreno),2D Doblada,18:00,,,,https://multiplex.com.ar/peliculas/cars-re-estreno/
CABA,Multiplex,Multiplex Lavalle,"Lavalle 780, CABA",Digger,2D Doblada,20:20,,,,https://multiplex.com.ar/peliculas/digger/
CABA,Multiplex,Multiplex Lavalle,"Lavalle 780, CABA",El corazón de la bestia,2D Doblada,15:10,,,,https://multiplex.com.ar/peliculas/el-corazon-de-la-bestia/
CABA,Multiplex,Multiplex Lavalle,"Lavalle 780, CABA",El corazón de la bestia,2D Doblada,17:10,,,,https://multiplex.com.ar/peliculas/el-corazon-de-la-bestia/
CABA,Multiplex,Multiplex Lavalle,"Lavalle 780, CABA",El corazón de la bestia,2D Doblada,19:05,,,,https://multiplex.com.ar/peliculas/el-corazon-de-la-bestia/
CABA,Multiplex,Multiplex Lavalle,"Lavalle 780, CABA",El corazón de la bestia,2D Doblada,21:00,,,,https://multiplex.com.ar/peliculas/el-corazon-de-la-bestia/
CABA,Multiplex,Multiplex Lavalle,"Lavalle 780, CABA",Guardianes Del Museo 2,2D Doblada,13:25,,,,https://multiplex.com.ar/peliculas/guardianes-del-museo-2/
CABA,Multiplex,Multiplex Lavalle,"Lavalle 780, CABA",Hope,2D Doblada,16:00,,,,https://multiplex.com.ar/peliculas/hopeel-primer-impacto/
CABA,Multiplex,Multiplex Lavalle,"Lavalle 780, CABA",La casa,2D Doblada,18:55,,,,https://multiplex.com.ar/peliculas/la-casa/
CABA,Multiplex,Multiplex Lavalle,"Lavalle 780, CABA",La casa,2D Doblada,21:00,,,,https://multiplex.com.ar/peliculas/la-casa/
CABA,Multiplex,Multiplex Lavalle,"Lavalle 780, CABA",La casa,2D Doblada,23:05,,,,https://multiplex.com.ar/peliculas/la-casa/
CABA,Multiplex,Multiplex Lavalle,"Lavalle 780, CABA",Los Juegos Del Hambre (re),2D Doblada,22:30,,,,https://multiplex.com.ar/peliculas/los-juegos-del-hambre-re/
CABA,Multiplex,Multiplex Lavalle,"Lavalle 780, CABA",Madre siniestra,2D Doblada,13:30,,,,https://multiplex.com.ar/peliculas/madre-siniestra/
CABA,Multiplex,Multiplex Lavalle,"Lavalle 780, CABA",Madre siniestra,2D Doblada,15:40,,,,https://multiplex.com.ar/peliculas/madre-siniestra/
CABA,Multiplex,Multiplex Lavalle,"Lavalle 780, CABA",Madre siniestra,4D (2D) Doblada,19:00,,,,https://multiplex.com.ar/peliculas/madre-siniestra/
CABA,Multiplex,Multiplex Lavalle,"Lavalle 780, CABA",Madre siniestra,2D Doblada,21:20,,,,https://multiplex.com.ar/peliculas/madre-siniestra/
CABA,Multiplex,Multiplex Lavalle,"Lavalle 780, CABA",Madre siniestra,4D (2D) Doblada,22:40,,,,https://multiplex.com.ar/peliculas/madre-siniestra/
CABA,Multiplex,Multiplex Lavalle,"Lavalle 780, CABA",Madre siniestra,2D Doblada,23:10,,,,https://multiplex.com.ar/peliculas/madre-siniestra/
CABA,Multiplex,Multiplex Lavalle,"Lavalle 780, CABA",Resident Evil: Noche Cero,2D Doblada,13:40,,,,https://multiplex.com.ar/peliculas/resident-evil-noche-cero/
CABA,Multiplex,Multiplex Lavalle,"Lavalle 780, CABA",Resident Evil: Noche Cero,2D Doblada,18:20,,,,https://multiplex.com.ar/peliculas/resident-evil-noche-cero/
CABA,Multiplex,Multiplex Lavalle,"Lavalle 780, CABA",Resident Evil: Noche Cero,2D Doblada,20:10,,,,https://multiplex.com.ar/peliculas/resident-evil-noche-cero/
CABA,Multiplex,Multiplex Lavalle,"Lavalle 780, CABA",Resident Evil: Noche Cero,4D (2D) Doblada,20:50,,,,https://multiplex.com.ar/peliculas/resident-evil-noche-cero/
CABA,Multiplex,Multiplex Lavalle,"Lavalle 780, CABA",Resident Evil: Noche Cero,2D Doblada,22:45,,,,https://multiplex.com.ar/peliculas/resident-evil-noche-cero/
CABA,Multiplex,Multiplex Lavalle,"Lavalle 780, CABA",Spider-Man: Un nuevo día,4D (3D) Doblada,13:00,,,,https://multiplex.com.ar/peliculas/spider-man-un-dia-nuevo/
CABA,Multiplex,Multiplex Lavalle,"Lavalle 780, CABA",Spider-Man: Un nuevo día,2D Doblada,15:20,,,,https://multiplex.com.ar/peliculas/spider-man-un-dia-nuevo/
CABA,Multiplex,Multiplex Lavalle,"Lavalle 780, CABA",Spider-Man: Un nuevo día,2D Doblada,17:30,,,,https://multiplex.com.ar/peliculas/spider-man-un-dia-nuevo/
CABA,Multiplex,Multiplex Lavalle,"Lavalle 780, CABA",Verity. La sombra de un engaño,2D Doblada,13:40,,,,https://multiplex.com.ar/peliculas/verityla-sombra-de-un-engano/
CABA,Multiplex,Multiplex Lavalle,"Lavalle 780, CABA",Verity. La sombra de un engaño,2D Doblada,16:00,,,,https://multiplex.com.ar/peliculas/verityla-sombra-de-un-engano/
CABA,Multiplex,Multiplex Lavalle,"Lavalle 780, CABA",Verity. La sombra de un engaño,2D Doblada,22:55,,,,https://multiplex.com.ar/peliculas/verityla-sombra-de-un-engano/
GBA Norte,Showcase,Showcase Norte (Norcenter),"Colectora Panamericana 3750, Norcenter",Avengers: Endgame,2D Doblada,15:00,,,,https://cartelera.ar/pelicula/vengadores-endgame
GBA Norte,Showcase,Showcase Norte (Norcenter),"Colectora Panamericana 3750, Norcenter",Avengers: Endgame,2D Subtitulada,18:45,,,,https://cartelera.ar/pelicula/vengadores-endgame
GBA Norte,Showcase,Showcase Norte (Norcenter),"Colectora Panamericana 3750, Norcenter",Avengers: Endgame,2D Subtitulada,22:30,,,,https://cartelera.ar/pelicula/vengadores-endgame
GBA Norte,Showcase,Showcase Norte (Norcenter),"Colectora Panamericana 3750, Norcenter",Los Juegos del Hambre,2D Subtitulada,19:30,,,,https://cartelera.ar/pelicula/los-juegos-del-hambre
GBA Norte,Showcase,Showcase Norte (Norcenter),"Colectora Panamericana 3750, Norcenter",El corazón de la bestia,2D Subtitulada,14:55,,,,https://cartelera.ar/pelicula/el-corazon-de-la-bestia
GBA Norte,Showcase,Showcase Norte (Norcenter),"Colectora Panamericana 3750, Norcenter",El corazón de la bestia,2D Subtitulada,17:20,,,,https://cartelera.ar/pelicula/el-corazon-de-la-bestia
GBA Norte,Showcase,Showcase Norte (Norcenter),"Colectora Panamericana 3750, Norcenter",El corazón de la bestia,2D Subtitulada,19:55,,,,https://cartelera.ar/pelicula/el-corazon-de-la-bestia
GBA Norte,Showcase,Showcase Norte (Norcenter),"Colectora Panamericana 3750, Norcenter",El corazón de la bestia,2D Subtitulada,22:15,,,,https://cartelera.ar/pelicula/el-corazon-de-la-bestia
GBA Norte,Showcase,Showcase Norte (Norcenter),"Colectora Panamericana 3750, Norcenter",La invitación,2D Subtitulada,19:25,,,,https://cartelera.ar/pelicula/la-invitacion
GBA Norte,Showcase,Showcase Norte (Norcenter),"Colectora Panamericana 3750, Norcenter",La invitación,2D Subtitulada,22:10,,,,https://cartelera.ar/pelicula/la-invitacion
GBA Norte,Showcase,Showcase Norte (Norcenter),"Colectora Panamericana 3750, Norcenter",La casa,2D Doblada,14:10,,,,https://cartelera.ar/pelicula/la-casa
GBA Norte,Showcase,Showcase Norte (Norcenter),"Colectora Panamericana 3750, Norcenter",La casa,2D Doblada,16:35,,,,https://cartelera.ar/pelicula/la-casa
GBA Norte,Showcase,Showcase Norte (Norcenter),"Colectora Panamericana 3750, Norcenter",La casa,2D Doblada,19:10,,,,https://cartelera.ar/pelicula/la-casa
GBA Norte,Showcase,Showcase Norte (Norcenter),"Colectora Panamericana 3750, Norcenter",La casa,2D Doblada,22:05,,,,https://cartelera.ar/pelicula/la-casa
GBA Norte,Showcase,Showcase Norte (Norcenter),"Colectora Panamericana 3750, Norcenter",La Odisea,2D Subtitulada,15:30,,,,https://cartelera.ar/pelicula/la-odisea
GBA Norte,Showcase,Showcase Norte (Norcenter),"Colectora Panamericana 3750, Norcenter",La Odisea,2D Subtitulada,19:00,,,,https://cartelera.ar/pelicula/la-odisea
GBA Norte,Showcase,Showcase Norte (Norcenter),"Colectora Panamericana 3750, Norcenter",La Odisea,2D Subtitulada,21:40,,,,https://cartelera.ar/pelicula/la-odisea
GBA Norte,Showcase,Showcase Norte (Norcenter),"Colectora Panamericana 3750, Norcenter",Spider-Man: Un nuevo día,2D Doblada,16:20,,,,https://cartelera.ar/pelicula/spider-man-un-nuevo-dia
GBA Norte,Showcase,Showcase Norte (Norcenter),"Colectora Panamericana 3750, Norcenter",Spider-Man: Un nuevo día,2D Subtitulada,22:35,,,,https://cartelera.ar/pelicula/spider-man-un-nuevo-dia
GBA Norte,Showcase,Showcase Norte (Norcenter),"Colectora Panamericana 3750, Norcenter",PAW Patrol: La Dino Película,2D Doblada,14:10,,,,https://cartelera.ar/pelicula/paw-patrol-la-dino-pelicula
GBA Norte,Showcase,Showcase Norte (Norcenter),"Colectora Panamericana 3750, Norcenter",Hechizo de amor: La magia continúa,2D Subtitulada,14:15,,,,https://cartelera.ar/pelicula/hechizo-de-amor-la-magia-continua
GBA Norte,Showcase,Showcase Norte (Norcenter),"Colectora Panamericana 3750, Norcenter",Resident Evil: Noche Cero,2D Doblada,15:15,,,,https://cartelera.ar/pelicula/resident-evil-noche-cero
GBA Norte,Showcase,Showcase Norte (Norcenter),"Colectora Panamericana 3750, Norcenter",Resident Evil: Noche Cero,2D Subtitulada,17:25,,,,https://cartelera.ar/pelicula/resident-evil-noche-cero
GBA Norte,Showcase,Showcase Norte (Norcenter),"Colectora Panamericana 3750, Norcenter",Resident Evil: Noche Cero,2D Subtitulada,19:45,,,,https://cartelera.ar/pelicula/resident-evil-noche-cero
GBA Norte,Showcase,Showcase Norte (Norcenter),"Colectora Panamericana 3750, Norcenter",Resident Evil: Noche Cero,2D Subtitulada,22:00,,,,https://cartelera.ar/pelicula/resident-evil-noche-cero
GBA Norte,Showcase,Showcase Norte (Norcenter),"Colectora Panamericana 3750, Norcenter",Resident Evil: Noche Cero,2D Doblada,22:30,,,,https://cartelera.ar/pelicula/resident-evil-noche-cero
GBA Norte,Showcase,Showcase Norte (Norcenter),"Colectora Panamericana 3750, Norcenter",La isla olvidada,2D Doblada,14:20,,,,https://cartelera.ar/pelicula/la-isla-olvidada
GBA Norte,Showcase,Showcase Norte (Norcenter),"Colectora Panamericana 3750, Norcenter",La isla olvidada,2D Doblada,16:55,,,,https://cartelera.ar/pelicula/la-isla-olvidada
GBA Norte,Showcase,Showcase Norte (Norcenter),"Colectora Panamericana 3750, Norcenter",Digger,2D Subtitulada,14:05,,,,https://cartelera.ar/pelicula/digger
GBA Norte,Showcase,Showcase Norte (Norcenter),"Colectora Panamericana 3750, Norcenter",Digger,2D Subtitulada,16:50,,,,https://cartelera.ar/pelicula/digger
GBA Norte,Showcase,Showcase Norte (Norcenter),"Colectora Panamericana 3750, Norcenter",Digger,2D Subtitulada,19:35,,,,https://cartelera.ar/pelicula/digger
GBA Norte,Showcase,Showcase Norte (Norcenter),"Colectora Panamericana 3750, Norcenter",Digger,2D Subtitulada,22:25,,,,https://cartelera.ar/pelicula/digger
GBA Norte,Showcase,Showcase Norte (Norcenter),"Colectora Panamericana 3750, Norcenter",Hope,2D Doblada,15:50,,,,https://cartelera.ar/pelicula/hope
GBA Norte,Showcase,Showcase Norte (Norcenter),"Colectora Panamericana 3750, Norcenter",Hope,2D Subtitulada,19:05,,,,https://cartelera.ar/pelicula/hope
GBA Norte,Showcase,Showcase Norte (Norcenter),"Colectora Panamericana 3750, Norcenter",Hope,2D Subtitulada,22:25,,,,https://cartelera.ar/pelicula/hope
GBA Norte,Showcase,Showcase Norte (Norcenter),"Colectora Panamericana 3750, Norcenter",Coyote vs. Acme,2D Doblada,14:35,,,,https://cartelera.ar/pelicula/coyote-vs-acme
GBA Norte,Showcase,Showcase Norte (Norcenter),"Colectora Panamericana 3750, Norcenter",Coyote vs. Acme,2D Doblada,17:00,,,,https://cartelera.ar/pelicula/coyote-vs-acme
GBA Norte,Showcase,Showcase Norte (Norcenter),"Colectora Panamericana 3750, Norcenter",Coyote vs. Acme,2D Doblada,19:20,,,,https://cartelera.ar/pelicula/coyote-vs-acme
GBA Norte,Showcase,Showcase Norte (Norcenter),"Colectora Panamericana 3750, Norcenter",Coyote vs. Acme,2D Doblada,21:50,,,,https://cartelera.ar/pelicula/coyote-vs-acme
GBA Norte,Showcase,Showcase Norte (Norcenter),"Colectora Panamericana 3750, Norcenter",Verity. La sombra de un engaño,2D Subtitulada,14:30,,,,https://cartelera.ar/pelicula/verity-la-sombra-de-un-engano
GBA Norte,Showcase,Showcase Norte (Norcenter),"Colectora Panamericana 3750, Norcenter",Verity. La sombra de un engaño,2D Subtitulada,17:05,,,,https://cartelera.ar/pelicula/verity-la-sombra-de-un-engano
GBA Norte,Showcase,Showcase Norte (Norcenter),"Colectora Panamericana 3750, Norcenter",Verity. La sombra de un engaño,2D Subtitulada,19:40,,,,https://cartelera.ar/pelicula/verity-la-sombra-de-un-engano
GBA Norte,Showcase,Showcase Norte (Norcenter),"Colectora Panamericana 3750, Norcenter",Verity. La sombra de un engaño,2D Subtitulada,22:20,,,,https://cartelera.ar/pelicula/verity-la-sombra-de-un-engano
GBA Norte,Showcase,Showcase Norte (Norcenter),"Colectora Panamericana 3750, Norcenter",La vida es así,2D Subtitulada,16:45,,,,https://cartelera.ar/pelicula/la-vida-es-asi
GBA Norte,Showcase,Showcase Norte (Norcenter),"Colectora Panamericana 3750, Norcenter",La vida es así,2D Subtitulada,19:25,,,,https://cartelera.ar/pelicula/la-vida-es-asi
GBA Norte,Showcase,Showcase Norte (Norcenter),"Colectora Panamericana 3750, Norcenter",A cualquier precio,2D Subtitulada,19:15,,,,https://cartelera.ar/pelicula/a-cualquier-precio
GBA Norte,Showcase,Showcase Norte (Norcenter),"Colectora Panamericana 3750, Norcenter",A cualquier precio,2D Subtitulada,21:55,,,,https://cartelera.ar/pelicula/a-cualquier-precio
GBA Norte,Showcase,Showcase Norte (Norcenter),"Colectora Panamericana 3750, Norcenter",Vértigo 2,2D Subtitulada,14:00,,,,https://cartelera.ar/pelicula/vertigo-2
GBA Norte,Showcase,Showcase Norte (Norcenter),"Colectora Panamericana 3750, Norcenter",Escondida en mi cabeza,2D Doblada,14:25,,,,https://cartelera.ar/pelicula/escondida-en-mi-cabeza
GBA Norte,Showcase,Showcase Norte (Norcenter),"Colectora Panamericana 3750, Norcenter",Guardianes Del Museo 2,2D Doblada,13:40,,,,https://cartelera.ar/pelicula/guardianes-del-museo-2
GBA Norte,Showcase,Showcase Norte (Norcenter),"Colectora Panamericana 3750, Norcenter",Guardianes Del Museo 2,2D Doblada,16:40,,,,https://cartelera.ar/pelicula/guardianes-del-museo-2
GBA Norte,Showcase,Showcase Norte (Norcenter),"Colectora Panamericana 3750, Norcenter",Madre siniestra,2D Subtitulada,15:20,,,,https://cartelera.ar/pelicula/madre-siniestra
GBA Norte,Showcase,Showcase Norte (Norcenter),"Colectora Panamericana 3750, Norcenter",Madre siniestra,2D Doblada,17:15,,,,https://cartelera.ar/pelicula/madre-siniestra
GBA Norte,Showcase,Showcase Norte (Norcenter),"Colectora Panamericana 3750, Norcenter",Madre siniestra,2D Subtitulada,17:45,,,,https://cartelera.ar/pelicula/madre-siniestra
GBA Norte,Showcase,Showcase Norte (Norcenter),"Colectora Panamericana 3750, Norcenter",Madre siniestra,2D Doblada,19:50,,,,https://cartelera.ar/pelicula/madre-siniestra
GBA Norte,Showcase,Showcase Norte (Norcenter),"Colectora Panamericana 3750, Norcenter",Madre siniestra,2D Subtitulada,20:20,,,,https://cartelera.ar/pelicula/madre-siniestra
GBA Norte,Showcase,Showcase Norte (Norcenter),"Colectora Panamericana 3750, Norcenter",Madre siniestra,2D Doblada,22:10,,,,https://cartelera.ar/pelicula/madre-siniestra
GBA Norte,Showcase,Showcase Norte (Norcenter),"Colectora Panamericana 3750, Norcenter",Madre siniestra,2D Subtitulada,22:40,,,,https://cartelera.ar/pelicula/madre-siniestra
GBA Norte,Showcase,Showcase Norte (Norcenter),"Colectora Panamericana 3750, Norcenter",Cars: 20 años,2D Doblada,13:45,,,,https://cartelera.ar/pelicula/cars-20-anos
GBA Norte,Showcase,Showcase Norte (Norcenter),"Colectora Panamericana 3750, Norcenter",Cars: 20 años,2D Doblada,16:25,,,,https://cartelera.ar/pelicula/cars-20-anos
GBA Norte,Showcase,Showcase Norte (Norcenter),"Colectora Panamericana 3750, Norcenter",Cars: 20 años,2D Doblada,19:05,,,,https://cartelera.ar/pelicula/cars-20-anos
GBA Norte,Showcase,Showcase Norte (Norcenter),"Colectora Panamericana 3750, Norcenter",Cars: 20 años,2D Doblada,21:45,,,,https://cartelera.ar/pelicula/cars-20-anos
GBA Sur,Atlas Cines,Atlas Catan,"Camino de Cintura 2727, Shopping Catan",Avengers: Endgame,4DX Doblada,14:00,,,,https://www.atlascines.com/Peliculas?codPelicula=546&codComplejo=192
GBA Sur,Atlas Cines,Atlas Catan,"Camino de Cintura 2727, Shopping Catan",Avengers: Endgame,4DX Doblada,17:40,,,,https://www.atlascines.com/Peliculas?codPelicula=546&codComplejo=192
GBA Sur,Atlas Cines,Atlas Catan,"Camino de Cintura 2727, Shopping Catan",Avengers: Endgame,2D Doblada,18:00,,,,https://www.atlascines.com/Peliculas?codPelicula=546&codComplejo=192
GBA Sur,Atlas Cines,Atlas Catan,"Camino de Cintura 2727, Shopping Catan",Cars,2D Doblada,14:40,,,,https://www.atlascines.com/Peliculas?codPelicula=593&codComplejo=192
GBA Sur,Atlas Cines,Atlas Catan,"Camino de Cintura 2727, Shopping Catan",Cars,2D Doblada,16:50,,,,https://www.atlascines.com/Peliculas?codPelicula=593&codComplejo=192
GBA Sur,Atlas Cines,Atlas Catan,"Camino de Cintura 2727, Shopping Catan",El corazón de la bestia,2D Doblada,21:30,,,,https://www.atlascines.com/Peliculas?codPelicula=578&codComplejo=192
GBA Sur,Atlas Cines,Atlas Catan,"Camino de Cintura 2727, Shopping Catan",Resident Evil: Noche Cero,2D Doblada,15:30,,,,https://www.atlascines.com/Peliculas?codPelicula=569&codComplejo=192
GBA Sur,Atlas Cines,Atlas Catan,"Camino de Cintura 2727, Shopping Catan",Resident Evil: Noche Cero,2D Doblada,17:50,,,,https://www.atlascines.com/Peliculas?codPelicula=569&codComplejo=192
GBA Sur,Atlas Cines,Atlas Catan,"Camino de Cintura 2727, Shopping Catan",Resident Evil: Noche Cero,2D Doblada,20:00,,,,https://www.atlascines.com/Peliculas?codPelicula=569&codComplejo=192
GBA Sur,Atlas Cines,Atlas Catan,"Camino de Cintura 2727, Shopping Catan",Resident Evil: Noche Cero,4DX Doblada,21:20,,,,https://www.atlascines.com/Peliculas?codPelicula=569&codComplejo=192
GBA Sur,Atlas Cines,Atlas Catan,"Camino de Cintura 2727, Shopping Catan",Resident Evil: Noche Cero,2D Doblada,22:10,,,,https://www.atlascines.com/Peliculas?codPelicula=569&codComplejo=192
GBA Sur,Atlas Cines,Atlas Catan,"Camino de Cintura 2727, Shopping Catan",La isla olvidada,2D Doblada,15:40,,,,https://www.atlascines.com/Peliculas?codPelicula=580&codComplejo=192
GBA Sur,Atlas Cines,Atlas Catan,"Camino de Cintura 2727, Shopping Catan",Hope,2D Doblada,18:00,,,,https://www.atlascines.com/Peliculas?codPelicula=594&codComplejo=192
GBA Sur,Atlas Cines,Atlas Catan,"Camino de Cintura 2727, Shopping Catan",Hope,2D Doblada,21:20,,,,https://www.atlascines.com/Peliculas?codPelicula=594&codComplejo=192
GBA Sur,Atlas Cines,Atlas Catan,"Camino de Cintura 2727, Shopping Catan",Verity. La sombra de un engaño,2D Doblada,21:40,,,,https://www.atlascines.com/Peliculas?codPelicula=583&codComplejo=192
GBA Sur,Atlas Cines,Atlas Catan,"Camino de Cintura 2727, Shopping Catan",Vértigo 2,2D Doblada,19:20,,,,https://www.atlascines.com/Peliculas?codPelicula=589&codComplejo=192
GBA Sur,Atlas Cines,Atlas Catan,"Camino de Cintura 2727, Shopping Catan",Guardianes Del Museo 2,2D Doblada,14:50,,,,https://www.atlascines.com/Peliculas?codPelicula=586&codComplejo=192
GBA Sur,Atlas Cines,Atlas Catan,"Camino de Cintura 2727, Shopping Catan",Guardianes Del Museo 2,2D Doblada,16:00,,,,https://www.atlascines.com/Peliculas?codPelicula=586&codComplejo=192
GBA Sur,Atlas Cines,Atlas Catan,"Camino de Cintura 2727, Shopping Catan",Madre siniestra,2D Doblada,17:20,,,,https://www.atlascines.com/Peliculas?codPelicula=597&codComplejo=192
GBA Sur,Atlas Cines,Atlas Catan,"Camino de Cintura 2727, Shopping Catan",Madre siniestra,2D Doblada,19:40,,,,https://www.atlascines.com/Peliculas?codPelicula=597&codComplejo=192
GBA Sur,Atlas Cines,Atlas Catan,"Camino de Cintura 2727, Shopping Catan",Madre siniestra,2D Doblada,22:00,,,,https://www.atlascines.com/Peliculas?codPelicula=597&codComplejo=192
GBA Oeste,Showcase,Showcase Haedo,"Av. Rivadavia 16.200, Shopping Haedo",Avengers: Endgame,2D Doblada,15:00,,,,https://cartelera.ar/pelicula/vengadores-endgame
GBA Oeste,Showcase,Showcase Haedo,"Av. Rivadavia 16.200, Shopping Haedo",Avengers: Endgame,2D Subtitulada,18:45,,,,https://cartelera.ar/pelicula/vengadores-endgame
GBA Oeste,Showcase,Showcase Haedo,"Av. Rivadavia 16.200, Shopping Haedo",Avengers: Endgame,2D Doblada,22:30,,,,https://cartelera.ar/pelicula/vengadores-endgame
GBA Oeste,Showcase,Showcase Haedo,"Av. Rivadavia 16.200, Shopping Haedo",Los Juegos del Hambre,2D Subtitulada,19:15,,,,https://cartelera.ar/pelicula/los-juegos-del-hambre
GBA Oeste,Showcase,Showcase Haedo,"Av. Rivadavia 16.200, Shopping Haedo",El corazón de la bestia,2D Doblada,14:30,,,,https://cartelera.ar/pelicula/el-corazon-de-la-bestia
GBA Oeste,Showcase,Showcase Haedo,"Av. Rivadavia 16.200, Shopping Haedo",El corazón de la bestia,2D Doblada,20:10,,,,https://cartelera.ar/pelicula/el-corazon-de-la-bestia
GBA Oeste,Showcase,Showcase Haedo,"Av. Rivadavia 16.200, Shopping Haedo",El corazón de la bestia,2D Subtitulada,22:30,,,,https://cartelera.ar/pelicula/el-corazon-de-la-bestia
GBA Oeste,Showcase,Showcase Haedo,"Av. Rivadavia 16.200, Shopping Haedo",La casa,2D Doblada,14:05,,,,https://cartelera.ar/pelicula/la-casa
GBA Oeste,Showcase,Showcase Haedo,"Av. Rivadavia 16.200, Shopping Haedo",La casa,2D Doblada,16:30,,,,https://cartelera.ar/pelicula/la-casa
GBA Oeste,Showcase,Showcase Haedo,"Av. Rivadavia 16.200, Shopping Haedo",La casa,2D Doblada,19:20,,,,https://cartelera.ar/pelicula/la-casa
GBA Oeste,Showcase,Showcase Haedo,"Av. Rivadavia 16.200, Shopping Haedo",La casa,2D Doblada,21:45,,,,https://cartelera.ar/pelicula/la-casa
GBA Oeste,Showcase,Showcase Haedo,"Av. Rivadavia 16.200, Shopping Haedo",La Odisea,2D Subtitulada,14:55,,,,https://cartelera.ar/pelicula/la-odisea
GBA Oeste,Showcase,Showcase Haedo,"Av. Rivadavia 16.200, Shopping Haedo",La Odisea,2D Subtitulada,18:25,,,,https://cartelera.ar/pelicula/la-odisea
GBA Oeste,Showcase,Showcase Haedo,"Av. Rivadavia 16.200, Shopping Haedo",La Odisea,2D Subtitulada,21:55,,,,https://cartelera.ar/pelicula/la-odisea
GBA Oeste,Showcase,Showcase Haedo,"Av. Rivadavia 16.200, Shopping Haedo",Spider-Man: Un nuevo día,2D Doblada,16:15,,,,https://cartelera.ar/pelicula/spider-man-un-nuevo-dia
GBA Oeste,Showcase,Showcase Haedo,"Av. Rivadavia 16.200, Shopping Haedo",Spider-Man: Un nuevo día,2D Doblada,22:25,,,,https://cartelera.ar/pelicula/spider-man-un-nuevo-dia
GBA Oeste,Showcase,Showcase Haedo,"Av. Rivadavia 16.200, Shopping Haedo",Toy Story 5,2D Doblada,15:05,,,,https://cartelera.ar/pelicula/toy-story-5
GBA Oeste,Showcase,Showcase Haedo,"Av. Rivadavia 16.200, Shopping Haedo",La noche del demonio: Están entre nosotros,2D Doblada,22:15,,,,https://cartelera.ar/pelicula/la-noche-del-demonio-estan-entre-nosotros
GBA Oeste,Showcase,Showcase Haedo,"Av. Rivadavia 16.200, Shopping Haedo",Resident Evil: Noche Cero,2D Doblada,15:30,,,,https://cartelera.ar/pelicula/resident-evil-noche-cero
GBA Oeste,Showcase,Showcase Haedo,"Av. Rivadavia 16.200, Shopping Haedo",Resident Evil: Noche Cero,2D Subtitulada,17:50,,,,https://cartelera.ar/pelicula/resident-evil-noche-cero
GBA Oeste,Showcase,Showcase Haedo,"Av. Rivadavia 16.200, Shopping Haedo",Resident Evil: Noche Cero,2D Subtitulada,20:20,,,,https://cartelera.ar/pelicula/resident-evil-noche-cero
GBA Oeste,Showcase,Showcase Haedo,"Av. Rivadavia 16.200, Shopping Haedo",Resident Evil: Noche Cero,2D Doblada,22:40,,,,https://cartelera.ar/pelicula/resident-evil-noche-cero
GBA Oeste,Showcase,Showcase Haedo,"Av. Rivadavia 16.200, Shopping Haedo",La isla olvidada,2D Doblada,14:50,,,,https://cartelera.ar/pelicula/la-isla-olvidada
GBA Oeste,Showcase,Showcase Haedo,"Av. Rivadavia 16.200, Shopping Haedo",La isla olvidada,2D Doblada,17:30,,,,https://cartelera.ar/pelicula/la-isla-olvidada
GBA Oeste,Showcase,Showcase Haedo,"Av. Rivadavia 16.200, Shopping Haedo",Digger,2D Subtitulada,14:20,,,,https://cartelera.ar/pelicula/digger
GBA Oeste,Showcase,Showcase Haedo,"Av. Rivadavia 16.200, Shopping Haedo",Digger,2D Subtitulada,17:05,,,,https://cartelera.ar/pelicula/digger
GBA Oeste,Showcase,Showcase Haedo,"Av. Rivadavia 16.200, Shopping Haedo",Digger,2D Subtitulada,19:50,,,,https://cartelera.ar/pelicula/digger
GBA Oeste,Showcase,Showcase Haedo,"Av. Rivadavia 16.200, Shopping Haedo",Digger,2D Subtitulada,22:35,,,,https://cartelera.ar/pelicula/digger
GBA Oeste,Showcase,Showcase Haedo,"Av. Rivadavia 16.200, Shopping Haedo",Hope,2D Doblada,16:50,,,,https://cartelera.ar/pelicula/hope
GBA Oeste,Showcase,Showcase Haedo,"Av. Rivadavia 16.200, Shopping Haedo",Hope,2D Subtitulada,19:00,,,,https://cartelera.ar/pelicula/hope
GBA Oeste,Showcase,Showcase Haedo,"Av. Rivadavia 16.200, Shopping Haedo",Coyote vs. Acme,2D Doblada,14:15,,,,https://cartelera.ar/pelicula/coyote-vs-acme
GBA Oeste,Showcase,Showcase Haedo,"Av. Rivadavia 16.200, Shopping Haedo",Coyote vs. Acme,2D Doblada,16:45,,,,https://cartelera.ar/pelicula/coyote-vs-acme
GBA Oeste,Showcase,Showcase Haedo,"Av. Rivadavia 16.200, Shopping Haedo",Coyote vs. Acme,2D Doblada,19:10,,,,https://cartelera.ar/pelicula/coyote-vs-acme
GBA Oeste,Showcase,Showcase Haedo,"Av. Rivadavia 16.200, Shopping Haedo",Yo Narciso,2D Doblada,21:50,,,,https://cartelera.ar/pelicula/yo-narciso
GBA Oeste,Showcase,Showcase Haedo,"Av. Rivadavia 16.200, Shopping Haedo",Verity. La sombra de un engaño,2D Subtitulada,14:35,,,,https://cartelera.ar/pelicula/verity-la-sombra-de-un-engano
GBA Oeste,Showcase,Showcase Haedo,"Av. Rivadavia 16.200, Shopping Haedo",Verity. La sombra de un engaño,2D Subtitulada,17:10,,,,https://cartelera.ar/pelicula/verity-la-sombra-de-un-engano
GBA Oeste,Showcase,Showcase Haedo,"Av. Rivadavia 16.200, Shopping Haedo",Verity. La sombra de un engaño,2D Subtitulada,19:45,,,,https://cartelera.ar/pelicula/verity-la-sombra-de-un-engano
GBA Oeste,Showcase,Showcase Haedo,"Av. Rivadavia 16.200, Shopping Haedo",Verity. La sombra de un engaño,2D Subtitulada,22:20,,,,https://cartelera.ar/pelicula/verity-la-sombra-de-un-engano
GBA Oeste,Showcase,Showcase Haedo,"Av. Rivadavia 16.200, Shopping Haedo",A cualquier precio,2D Doblada,14:10,,,,https://cartelera.ar/pelicula/a-cualquier-precio
GBA Oeste,Showcase,Showcase Haedo,"Av. Rivadavia 16.200, Shopping Haedo",A cualquier precio,2D Doblada,16:35,,,,https://cartelera.ar/pelicula/a-cualquier-precio
GBA Oeste,Showcase,Showcase Haedo,"Av. Rivadavia 16.200, Shopping Haedo",A cualquier precio,2D Subtitulada,22:20,,,,https://cartelera.ar/pelicula/a-cualquier-precio
GBA Oeste,Showcase,Showcase Haedo,"Av. Rivadavia 16.200, Shopping Haedo",Vértigo 2,2D Doblada,19:55,,,,https://cartelera.ar/pelicula/vertigo-2
GBA Oeste,Showcase,Showcase Haedo,"Av. Rivadavia 16.200, Shopping Haedo",Escondida en mi cabeza,2D Doblada,17:25,,,,https://cartelera.ar/pelicula/escondida-en-mi-cabeza
GBA Oeste,Showcase,Showcase Haedo,"Av. Rivadavia 16.200, Shopping Haedo",Guardianes Del Museo 2,2D Doblada,14:00,,,,https://cartelera.ar/pelicula/guardianes-del-museo-2
GBA Oeste,Showcase,Showcase Haedo,"Av. Rivadavia 16.200, Shopping Haedo",Madre siniestra,2D Doblada,15:20,,,,https://cartelera.ar/pelicula/madre-siniestra
GBA Oeste,Showcase,Showcase Haedo,"Av. Rivadavia 16.200, Shopping Haedo",Madre siniestra,2D Doblada,17:45,,,,https://cartelera.ar/pelicula/madre-siniestra
GBA Oeste,Showcase,Showcase Haedo,"Av. Rivadavia 16.200, Shopping Haedo",Madre siniestra,2D Subtitulada,19:40,,,,https://cartelera.ar/pelicula/madre-siniestra
GBA Oeste,Showcase,Showcase Haedo,"Av. Rivadavia 16.200, Shopping Haedo",Madre siniestra,2D Doblada,20:15,,,,https://cartelera.ar/pelicula/madre-siniestra
GBA Oeste,Showcase,Showcase Haedo,"Av. Rivadavia 16.200, Shopping Haedo",Madre siniestra,2D Subtitulada,22:00,,,,https://cartelera.ar/pelicula/madre-siniestra
GBA Oeste,Showcase,Showcase Haedo,"Av. Rivadavia 16.200, Shopping Haedo",Madre siniestra,2D Doblada,22:25,,,,https://cartelera.ar/pelicula/madre-siniestra
GBA Oeste,Showcase,Showcase Haedo,"Av. Rivadavia 16.200, Shopping Haedo",Cars: 20 años,2D Doblada,14:05,,,,https://cartelera.ar/pelicula/cars-20-anos
GBA Oeste,Showcase,Showcase Haedo,"Av. Rivadavia 16.200, Shopping Haedo",Cars: 20 años,2D Doblada,16:55,,,,https://cartelera.ar/pelicula/cars-20-anos
GBA Oeste,Showcase,Showcase Haedo,"Av. Rivadavia 16.200, Shopping Haedo",Cars: 20 años,2D Doblada,19:30,,,,https://cartelera.ar/pelicula/cars-20-anos
GBA Oeste,Showcase,Showcase Haedo,"Av. Rivadavia 16.200, Shopping Haedo",Cars: 20 años,2D Doblada,22:10,,,,https://cartelera.ar/pelicula/cars-20-anos
CABA,Showcase,Showcase Belgrano,"Monroe 1655, Belgrano",Los Juegos del Hambre,2D Subtitulada,21:50,,,,https://cartelera.ar/pelicula/los-juegos-del-hambre
CABA,Showcase,Showcase Belgrano,"Monroe 1655, Belgrano",El corazón de la bestia,2D Subtitulada,16:40,,,,https://cartelera.ar/pelicula/el-corazon-de-la-bestia
CABA,Showcase,Showcase Belgrano,"Monroe 1655, Belgrano",El corazón de la bestia,2D Subtitulada,22:30,,,,https://cartelera.ar/pelicula/el-corazon-de-la-bestia
CABA,Showcase,Showcase Belgrano,"Monroe 1655, Belgrano",La invitación,2D Subtitulada,19:30,,,,https://cartelera.ar/pelicula/la-invitacion
CABA,Showcase,Showcase Belgrano,"Monroe 1655, Belgrano",La casa,2D Doblada,16:55,,,,https://cartelera.ar/pelicula/la-casa
CABA,Showcase,Showcase Belgrano,"Monroe 1655, Belgrano",La casa,2D Doblada,19:25,,,,https://cartelera.ar/pelicula/la-casa
CABA,Showcase,Showcase Belgrano,"Monroe 1655, Belgrano",La casa,2D Doblada,21:55,,,,https://cartelera.ar/pelicula/la-casa
CABA,Showcase,Showcase Belgrano,"Monroe 1655, Belgrano",La Odisea,2D Subtitulada,19:00,,,,https://cartelera.ar/pelicula/la-odisea
CABA,Showcase,Showcase Belgrano,"Monroe 1655, Belgrano",Resident Evil: Noche Cero,2D Subtitulada,15:20,,,,https://cartelera.ar/pelicula/resident-evil-noche-cero
CABA,Showcase,Showcase Belgrano,"Monroe 1655, Belgrano",Resident Evil: Noche Cero,2D Subtitulada,17:45,,,,https://cartelera.ar/pelicula/resident-evil-noche-cero
CABA,Showcase,Showcase Belgrano,"Monroe 1655, Belgrano",Resident Evil: Noche Cero,2D Subtitulada,19:55,,,,https://cartelera.ar/pelicula/resident-evil-noche-cero
CABA,Showcase,Showcase Belgrano,"Monroe 1655, Belgrano",Resident Evil: Noche Cero,2D Subtitulada,22:15,,,,https://cartelera.ar/pelicula/resident-evil-noche-cero
CABA,Showcase,Showcase Belgrano,"Monroe 1655, Belgrano",La isla olvidada,2D Doblada,14:40,,,,https://cartelera.ar/pelicula/la-isla-olvidada
CABA,Showcase,Showcase Belgrano,"Monroe 1655, Belgrano",La isla olvidada,2D Doblada,17:10,,,,https://cartelera.ar/pelicula/la-isla-olvidada
CABA,Showcase,Showcase Belgrano,"Monroe 1655, Belgrano",Digger,2D Subtitulada,14:20,,,,https://cartelera.ar/pelicula/digger
CABA,Showcase,Showcase Belgrano,"Monroe 1655, Belgrano",Digger,2D Subtitulada,17:05,,,,https://cartelera.ar/pelicula/digger
CABA,Showcase,Showcase Belgrano,"Monroe 1655, Belgrano",Digger,2D Subtitulada,19:50,,,,https://cartelera.ar/pelicula/digger
CABA,Showcase,Showcase Belgrano,"Monroe 1655, Belgrano",Digger,2D Subtitulada,22:35,,,,https://cartelera.ar/pelicula/digger
CABA,Showcase,Showcase Belgrano,"Monroe 1655, Belgrano",Hope,2D Subtitulada,16:15,,,,https://cartelera.ar/pelicula/hope
CABA,Showcase,Showcase Belgrano,"Monroe 1655, Belgrano",Hope,2D Subtitulada,22:00,,,,https://cartelera.ar/pelicula/hope
CABA,Showcase,Showcase Belgrano,"Monroe 1655, Belgrano",Coyote vs. Acme,2D Doblada,14:15,,,,https://cartelera.ar/pelicula/coyote-vs-acme
CABA,Showcase,Showcase Belgrano,"Monroe 1655, Belgrano",Coyote vs. Acme,2D Doblada,16:50,,,,https://cartelera.ar/pelicula/coyote-vs-acme
CABA,Showcase,Showcase Belgrano,"Monroe 1655, Belgrano",Verity. La sombra de un engaño,2D Subtitulada,14:25,,,,https://cartelera.ar/pelicula/verity-la-sombra-de-un-engano
CABA,Showcase,Showcase Belgrano,"Monroe 1655, Belgrano",Verity. La sombra de un engaño,2D Subtitulada,17:00,,,,https://cartelera.ar/pelicula/verity-la-sombra-de-un-engano
CABA,Showcase,Showcase Belgrano,"Monroe 1655, Belgrano",Verity. La sombra de un engaño,2D Subtitulada,19:45,,,,https://cartelera.ar/pelicula/verity-la-sombra-de-un-engano
CABA,Showcase,Showcase Belgrano,"Monroe 1655, Belgrano",Verity. La sombra de un engaño,2D Subtitulada,22:25,,,,https://cartelera.ar/pelicula/verity-la-sombra-de-un-engano
CABA,Showcase,Showcase Belgrano,"Monroe 1655, Belgrano",La vida es así,2D Subtitulada,14:05,,,,https://cartelera.ar/pelicula/la-vida-es-asi
CABA,Showcase,Showcase Belgrano,"Monroe 1655, Belgrano",La vida es así,2D Subtitulada,19:15,,,,https://cartelera.ar/pelicula/la-vida-es-asi
CABA,Showcase,Showcase Belgrano,"Monroe 1655, Belgrano",A cualquier precio,2D Subtitulada,19:40,,,,https://cartelera.ar/pelicula/a-cualquier-precio
CABA,Showcase,Showcase Belgrano,"Monroe 1655, Belgrano",A cualquier precio,2D Subtitulada,22:10,,,,https://cartelera.ar/pelicula/a-cualquier-precio
CABA,Showcase,Showcase Belgrano,"Monroe 1655, Belgrano",Guardianes Del Museo 2,2D Doblada,14:30,,,,https://cartelera.ar/pelicula/guardianes-del-museo-2
CABA,Showcase,Showcase Belgrano,"Monroe 1655, Belgrano",Madre siniestra,2D Subtitulada,14:10,,,,https://cartelera.ar/pelicula/madre-siniestra
CABA,Showcase,Showcase Belgrano,"Monroe 1655, Belgrano",Madre siniestra,2D Subtitulada,16:30,,,,https://cartelera.ar/pelicula/madre-siniestra
CABA,Showcase,Showcase Belgrano,"Monroe 1655, Belgrano",Madre siniestra,2D Subtitulada,20:00,,,,https://cartelera.ar/pelicula/madre-siniestra
CABA,Showcase,Showcase Belgrano,"Monroe 1655, Belgrano",Madre siniestra,2D Subtitulada,22:20,,,,https://cartelera.ar/pelicula/madre-siniestra
CABA,Showcase,Showcase Belgrano,"Monroe 1655, Belgrano",Cars: 20 años,2D Doblada,14:35,,,,https://cartelera.ar/pelicula/cars-20-anos
CABA,Showcase,Showcase Belgrano,"Monroe 1655, Belgrano",Cars: 20 años,2D Doblada,17:15,,,,https://cartelera.ar/pelicula/cars-20-anos
CABA,Showcase,Showcase Belgrano,"Monroe 1655, Belgrano",Cars: 20 años,2D Doblada,19:10,,,,https://cartelera.ar/pelicula/cars-20-anos
CABA,Showcase,Showcase Belgrano,"Monroe 1655, Belgrano",Cars: 20 años,2D Doblada,21:45,,,,https://cartelera.ar/pelicula/cars-20-anos
GBA Norte,Atlas Cines,Atlas Nordelta,"Av. de los Lagos 7008, Nordelta Centro Comercial",Cars,2D Doblada,14:30,,,,https://www.atlascines.com/Peliculas?codPelicula=593&codComplejo=196
GBA Norte,Atlas Cines,Atlas Nordelta,"Av. de los Lagos 7008, Nordelta Centro Comercial",Cars,2D Doblada,15:40,,,,https://www.atlascines.com/Peliculas?codPelicula=593&codComplejo=196
GBA Norte,Atlas Cines,Atlas Nordelta,"Av. de los Lagos 7008, Nordelta Centro Comercial",Cars,2D Doblada,17:10,,,,https://www.atlascines.com/Peliculas?codPelicula=593&codComplejo=196
GBA Norte,Atlas Cines,Atlas Nordelta,"Av. de los Lagos 7008, Nordelta Centro Comercial",El corazón de la bestia,2D Doblada,15:00,,,,https://www.atlascines.com/Peliculas?codPelicula=578&codComplejo=196
GBA Norte,Atlas Cines,Atlas Nordelta,"Av. de los Lagos 7008, Nordelta Centro Comercial",El corazón de la bestia,2D Subtitulada,19:40,,,,https://www.atlascines.com/Peliculas?codPelicula=578&codComplejo=196
GBA Norte,Atlas Cines,Atlas Nordelta,"Av. de los Lagos 7008, Nordelta Centro Comercial",El corazón de la bestia,2D Subtitulada,22:20,,,,https://www.atlascines.com/Peliculas?codPelicula=578&codComplejo=196
GBA Norte,Atlas Cines,Atlas Nordelta,"Av. de los Lagos 7008, Nordelta Centro Comercial",La casa,2D Doblada,20:20,,,,https://www.atlascines.com/Peliculas?codPelicula=595&codComplejo=196
GBA Norte,Atlas Cines,Atlas Nordelta,"Av. de los Lagos 7008, Nordelta Centro Comercial",La Odisea,2D Subtitulada,21:50,,,,https://www.atlascines.com/Peliculas?codPelicula=501&codComplejo=196
GBA Norte,Atlas Cines,Atlas Nordelta,"Av. de los Lagos 7008, Nordelta Centro Comercial",La isla olvidada,2D Doblada,15:30,,,,https://www.atlascines.com/Peliculas?codPelicula=580&codComplejo=196
GBA Norte,Atlas Cines,Atlas Nordelta,"Av. de los Lagos 7008, Nordelta Centro Comercial",La isla olvidada,2D Doblada,17:20,,,,https://www.atlascines.com/Peliculas?codPelicula=580&codComplejo=196
GBA Norte,Atlas Cines,Atlas Nordelta,"Av. de los Lagos 7008, Nordelta Centro Comercial",Digger,2D Subtitulada,19:30,,,,https://www.atlascines.com/Peliculas?codPelicula=582&codComplejo=196
GBA Norte,Atlas Cines,Atlas Nordelta,"Av. de los Lagos 7008, Nordelta Centro Comercial",Verity. La sombra de un engaño,2D Doblada,17:40,,,,https://www.atlascines.com/Peliculas?codPelicula=583&codComplejo=196
GBA Norte,Atlas Cines,Atlas Nordelta,"Av. de los Lagos 7008, Nordelta Centro Comercial",Verity. La sombra de un engaño,2D Subtitulada,20:10,,,,https://www.atlascines.com/Peliculas?codPelicula=583&codComplejo=196
GBA Norte,Atlas Cines,Atlas Nordelta,"Av. de los Lagos 7008, Nordelta Centro Comercial",Verity. La sombra de un engaño,2D Subtitulada,22:40,,,,https://www.atlascines.com/Peliculas?codPelicula=583&codComplejo=196
GBA Norte,Atlas Cines,Atlas Nordelta,"Av. de los Lagos 7008, Nordelta Centro Comercial",A cualquier precio,2D Subtitulada,22:30,,,,https://www.atlascines.com/Peliculas?codPelicula=592&codComplejo=196
GBA Norte,Atlas Cines,Atlas Nordelta,"Av. de los Lagos 7008, Nordelta Centro Comercial",Guardianes Del Museo 2,2D Doblada,14:10,,,,https://www.atlascines.com/Peliculas?codPelicula=586&codComplejo=196
GBA Norte,Atlas Cines,Atlas Nordelta,"Av. de los Lagos 7008, Nordelta Centro Comercial",Guardianes Del Museo 2,2D Doblada,16:20,,,,https://www.atlascines.com/Peliculas?codPelicula=586&codComplejo=196
GBA Norte,Atlas Cines,Atlas Nordelta,"Av. de los Lagos 7008, Nordelta Centro Comercial",Guardianes Del Museo 2,2D Doblada,18:20,,,,https://www.atlascines.com/Peliculas?codPelicula=586&codComplejo=196
GBA Norte,Atlas Cines,Atlas Nordelta,"Av. de los Lagos 7008, Nordelta Centro Comercial",Madre siniestra,2D Doblada,18:10,,,,https://www.atlascines.com/Peliculas?codPelicula=597&codComplejo=196
GBA Norte,Atlas Cines,Atlas Nordelta,"Av. de los Lagos 7008, Nordelta Centro Comercial",Madre siniestra,2D Subtitulada,20:30,,,,https://www.atlascines.com/Peliculas?codPelicula=597&codComplejo=196
GBA Norte,Atlas Cines,Atlas Nordelta,"Av. de los Lagos 7008, Nordelta Centro Comercial",Madre siniestra,2D Subtitulada,22:50,,,,https://www.atlascines.com/Peliculas?codPelicula=597&codComplejo=196
GBA Sur,Showcase,Showcase Quilmes,"Av. Calchaquí 3950, Quilmes Factory",Avengers: Endgame,2D Doblada,18:45,,,,https://cartelera.ar/pelicula/vengadores-endgame
GBA Sur,Showcase,Showcase Quilmes,"Av. Calchaquí 3950, Quilmes Factory",Avengers: Endgame,2D Subtitulada,22:30,,,,https://cartelera.ar/pelicula/vengadores-endgame
GBA Sur,Showcase,Showcase Quilmes,"Av. Calchaquí 3950, Quilmes Factory",Los Juegos del Hambre,2D Subtitulada,22:25,,,,https://cartelera.ar/pelicula/los-juegos-del-hambre
GBA Sur,Showcase,Showcase Quilmes,"Av. Calchaquí 3950, Quilmes Factory",El corazón de la bestia,2D Doblada,14:50,,,,https://cartelera.ar/pelicula/el-corazon-de-la-bestia
GBA Sur,Showcase,Showcase Quilmes,"Av. Calchaquí 3950, Quilmes Factory",El corazón de la bestia,2D Doblada,22:00,,,,https://cartelera.ar/pelicula/el-corazon-de-la-bestia
GBA Sur,Showcase,Showcase Quilmes,"Av. Calchaquí 3950, Quilmes Factory",La casa,2D Doblada,17:10,,,,https://cartelera.ar/pelicula/la-casa
GBA Sur,Showcase,Showcase Quilmes,"Av. Calchaquí 3950, Quilmes Factory",La casa,2D Doblada,19:35,,,,https://cartelera.ar/pelicula/la-casa
GBA Sur,Showcase,Showcase Quilmes,"Av. Calchaquí 3950, Quilmes Factory",La Odisea,2D Subtitulada,19:00,,,,https://cartelera.ar/pelicula/la-odisea
GBA Sur,Showcase,Showcase Quilmes,"Av. Calchaquí 3950, Quilmes Factory",Resident Evil: Noche Cero,2D Doblada,15:30,,,,https://cartelera.ar/pelicula/resident-evil-noche-cero
GBA Sur,Showcase,Showcase Quilmes,"Av. Calchaquí 3950, Quilmes Factory",Resident Evil: Noche Cero,2D Subtitulada,17:45,,,,https://cartelera.ar/pelicula/resident-evil-noche-cero
GBA Sur,Showcase,Showcase Quilmes,"Av. Calchaquí 3950, Quilmes Factory",Resident Evil: Noche Cero,2D Doblada,19:55,,,,https://cartelera.ar/pelicula/resident-evil-noche-cero
GBA Sur,Showcase,Showcase Quilmes,"Av. Calchaquí 3950, Quilmes Factory",Resident Evil: Noche Cero,2D Subtitulada,22:10,,,,https://cartelera.ar/pelicula/resident-evil-noche-cero
GBA Sur,Showcase,Showcase Quilmes,"Av. Calchaquí 3950, Quilmes Factory",La isla olvidada,2D Doblada,15:00,,,,https://cartelera.ar/pelicula/la-isla-olvidada
GBA Sur,Showcase,Showcase Quilmes,"Av. Calchaquí 3950, Quilmes Factory",La isla olvidada,2D Doblada,17:25,,,,https://cartelera.ar/pelicula/la-isla-olvidada
GBA Sur,Showcase,Showcase Quilmes,"Av. Calchaquí 3950, Quilmes Factory",Digger,2D Subtitulada,19:50,,,,https://cartelera.ar/pelicula/digger
GBA Sur,Showcase,Showcase Quilmes,"Av. Calchaquí 3950, Quilmes Factory",Digger,2D Subtitulada,22:35,,,,https://cartelera.ar/pelicula/digger
GBA Sur,Showcase,Showcase Quilmes,"Av. Calchaquí 3950, Quilmes Factory",Coyote vs. Acme,2D Doblada,14:25,,,,https://cartelera.ar/pelicula/coyote-vs-acme
GBA Sur,Showcase,Showcase Quilmes,"Av. Calchaquí 3950, Quilmes Factory",Coyote vs. Acme,2D Doblada,16:45,,,,https://cartelera.ar/pelicula/coyote-vs-acme
GBA Sur,Showcase,Showcase Quilmes,"Av. Calchaquí 3950, Quilmes Factory",Verity. La sombra de un engaño,2D Subtitulada,14:45,,,,https://cartelera.ar/pelicula/verity-la-sombra-de-un-engano
GBA Sur,Showcase,Showcase Quilmes,"Av. Calchaquí 3950, Quilmes Factory",Verity. La sombra de un engaño,2D Subtitulada,17:15,,,,https://cartelera.ar/pelicula/verity-la-sombra-de-un-engano
GBA Sur,Showcase,Showcase Quilmes,"Av. Calchaquí 3950, Quilmes Factory",Verity. La sombra de un engaño,2D Subtitulada,19:45,,,,https://cartelera.ar/pelicula/verity-la-sombra-de-un-engano
GBA Sur,Showcase,Showcase Quilmes,"Av. Calchaquí 3950, Quilmes Factory",Verity. La sombra de un engaño,2D Subtitulada,22:20,,,,https://cartelera.ar/pelicula/verity-la-sombra-de-un-engano
GBA Sur,Showcase,Showcase Quilmes,"Av. Calchaquí 3950, Quilmes Factory",Vértigo 2,2D Doblada,14:30,,,,https://cartelera.ar/pelicula/vertigo-2
GBA Sur,Showcase,Showcase Quilmes,"Av. Calchaquí 3950, Quilmes Factory",Guardianes Del Museo 2,2D Doblada,16:40,,,,https://cartelera.ar/pelicula/guardianes-del-museo-2
GBA Sur,Showcase,Showcase Quilmes,"Av. Calchaquí 3950, Quilmes Factory",Madre siniestra,2D Doblada,15:35,,,,https://cartelera.ar/pelicula/madre-siniestra
GBA Sur,Showcase,Showcase Quilmes,"Av. Calchaquí 3950, Quilmes Factory",Madre siniestra,2D Doblada,17:50,,,,https://cartelera.ar/pelicula/madre-siniestra
GBA Sur,Showcase,Showcase Quilmes,"Av. Calchaquí 3950, Quilmes Factory",Madre siniestra,2D Doblada,20:05,,,,https://cartelera.ar/pelicula/madre-siniestra
GBA Sur,Showcase,Showcase Quilmes,"Av. Calchaquí 3950, Quilmes Factory",Madre siniestra,2D Subtitulada,22:15,,,,https://cartelera.ar/pelicula/madre-siniestra
GBA Sur,Showcase,Showcase Quilmes,"Av. Calchaquí 3950, Quilmes Factory",Cars: 20 años,2D Doblada,14:20,,,,https://cartelera.ar/pelicula/cars-20-anos
GBA Sur,Showcase,Showcase Quilmes,"Av. Calchaquí 3950, Quilmes Factory",Cars: 20 años,2D Doblada,16:55,,,,https://cartelera.ar/pelicula/cars-20-anos
GBA Sur,Showcase,Showcase Quilmes,"Av. Calchaquí 3950, Quilmes Factory",Cars: 20 años,2D Doblada,19:30,,,,https://cartelera.ar/pelicula/cars-20-anos
GBA Sur,Showcase,Showcase Quilmes,"Av. Calchaquí 3950, Quilmes Factory",Cars: 20 años,2D Doblada,22:05,,,,https://cartelera.ar/pelicula/cars-20-anos
CABA,Atlas Cines,Atlas Flores,"Rivera Indarte 44, Flores",Avengers: Endgame,2D Doblada,17:50,,,,https://www.atlascines.com/Peliculas?codPelicula=546&codComplejo=197
CABA,Atlas Cines,Atlas Flores,"Rivera Indarte 44, Flores",Cars,2D Doblada,14:30,,,,https://www.atlascines.com/Peliculas?codPelicula=593&codComplejo=197
CABA,Atlas Cines,Atlas Flores,"Rivera Indarte 44, Flores",Cars,2D Doblada,17:00,,,,https://www.atlascines.com/Peliculas?codPelicula=593&codComplejo=197
CABA,Atlas Cines,Atlas Flores,"Rivera Indarte 44, Flores",El corazón de la bestia,2D Doblada,20:00,,,,https://www.atlascines.com/Peliculas?codPelicula=578&codComplejo=197
CABA,Atlas Cines,Atlas Flores,"Rivera Indarte 44, Flores",El corazón de la bestia,2D Doblada,22:30,,,,https://www.atlascines.com/Peliculas?codPelicula=578&codComplejo=197
CABA,Atlas Cines,Atlas Flores,"Rivera Indarte 44, Flores",La casa,2D Doblada,19:40,,,,https://www.atlascines.com/Peliculas?codPelicula=595&codComplejo=197
CABA,Atlas Cines,Atlas Flores,"Rivera Indarte 44, Flores",Spider-Man: Un nuevo día,2D Doblada,14:50,,,,https://www.atlascines.com/Peliculas?codPelicula=497&codComplejo=197
CABA,Atlas Cines,Atlas Flores,"Rivera Indarte 44, Flores",Resident Evil: Noche Cero,2D Doblada,20:20,,,,https://www.atlascines.com/Peliculas?codPelicula=569&codComplejo=197
CABA,Atlas Cines,Atlas Flores,"Rivera Indarte 44, Flores",Pepita la Pistolera,2D Doblada,22:00,,,,https://www.atlascines.com/Peliculas?codPelicula=558&codComplejo=197
CABA,Atlas Cines,Atlas Flores,"Rivera Indarte 44, Flores",La isla olvidada,2D Doblada,16:00,,,,https://www.atlascines.com/Peliculas?codPelicula=580&codComplejo=197
CABA,Atlas Cines,Atlas Flores,"Rivera Indarte 44, Flores",La isla olvidada,2D Doblada,18:10,,,,https://www.atlascines.com/Peliculas?codPelicula=580&codComplejo=197
CABA,Atlas Cines,Atlas Flores,"Rivera Indarte 44, Flores",Hope,2D Doblada,21:30,,,,https://www.atlascines.com/Peliculas?codPelicula=594&codComplejo=197
CABA,Atlas Cines,Atlas Flores,"Rivera Indarte 44, Flores",Coyote vs. Acme,2D Doblada,15:00,,,,https://www.atlascines.com/Peliculas?codPelicula=547&codComplejo=197
CABA,Atlas Cines,Atlas Flores,"Rivera Indarte 44, Flores",Verity. La sombra de un engaño,2D Doblada,17:20,,,,https://www.atlascines.com/Peliculas?codPelicula=583&codComplejo=197
CABA,Atlas Cines,Atlas Flores,"Rivera Indarte 44, Flores",Verity. La sombra de un engaño,2D Doblada,22:20,,,,https://www.atlascines.com/Peliculas?codPelicula=583&codComplejo=197
CABA,Atlas Cines,Atlas Flores,"Rivera Indarte 44, Flores",Madre siniestra,2D Doblada,15:50,,,,https://www.atlascines.com/Peliculas?codPelicula=597&codComplejo=197
CABA,Atlas Cines,Atlas Flores,"Rivera Indarte 44, Flores",Madre siniestra,2D Doblada,18:10,,,,https://www.atlascines.com/Peliculas?codPelicula=597&codComplejo=197
CABA,Atlas Cines,Atlas Flores,"Rivera Indarte 44, Flores",Madre siniestra,2D Doblada,20:30,,,,https://www.atlascines.com/Peliculas?codPelicula=597&codComplejo=197
CABA,Atlas Cines,Atlas Flores,"Rivera Indarte 44, Flores",Madre siniestra,2D Doblada,22:50,,,,https://www.atlascines.com/Peliculas?codPelicula=597&codComplejo=197
CABA,Atlas Cines,Atlas Alcorta,"Jerónimo Salguero 3172, Alcorta Shopping",Cars,2D Doblada,16:50,,,,https://www.atlascines.com/Peliculas?codPelicula=593&codComplejo=194
CABA,Atlas Cines,Atlas Alcorta,"Jerónimo Salguero 3172, Alcorta Shopping",La isla olvidada,2D Doblada,14:40,,,,https://www.atlascines.com/Peliculas?codPelicula=580&codComplejo=194
CABA,Atlas Cines,Atlas Alcorta,"Jerónimo Salguero 3172, Alcorta Shopping",Digger,2D Subtitulada,22:00,,,,https://www.atlascines.com/Peliculas?codPelicula=582&codComplejo=194
CABA,Atlas Cines,Atlas Alcorta,"Jerónimo Salguero 3172, Alcorta Shopping",Verity. La sombra de un engaño,2D Subtitulada,17:40,,,,https://www.atlascines.com/Peliculas?codPelicula=583&codComplejo=194
CABA,Atlas Cines,Atlas Alcorta,"Jerónimo Salguero 3172, Alcorta Shopping",Verity. La sombra de un engaño,2D Subtitulada,19:30,,,,https://www.atlascines.com/Peliculas?codPelicula=583&codComplejo=194
CABA,Atlas Cines,Atlas Alcorta,"Jerónimo Salguero 3172, Alcorta Shopping",Guardianes Del Museo 2,2D Doblada,15:30,,,,https://www.atlascines.com/Peliculas?codPelicula=586&codComplejo=194
CABA,Atlas Cines,Atlas Alcorta,"Jerónimo Salguero 3172, Alcorta Shopping",Madre siniestra,2D Subtitulada,20:10,,,,https://www.atlascines.com/Peliculas?codPelicula=597&codComplejo=194
CABA,Atlas Cines,Atlas Alcorta,"Jerónimo Salguero 3172, Alcorta Shopping",Madre siniestra,2D Subtitulada,22:30,,,,https://www.atlascines.com/Peliculas?codPelicula=597&codComplejo=194
CABA,Atlas Cines,Atlas Patio Bullrich,"Av. del Libertador 750, Patio Bullrich",Los Colores Del Tiempo,2D Subtitulada,18:20,,,,https://www.atlascines.com/Peliculas?codPelicula=504&codComplejo=195
CABA,Atlas Cines,Atlas Patio Bullrich,"Av. del Libertador 750, Patio Bullrich",El corazón de la bestia,2D Subtitulada,21:00,,,,https://www.atlascines.com/Peliculas?codPelicula=578&codComplejo=195
CABA,Atlas Cines,Atlas Patio Bullrich,"Av. del Libertador 750, Patio Bullrich",La casa,2D Doblada,16:20,,,,https://www.atlascines.com/Peliculas?codPelicula=595&codComplejo=195
CABA,Atlas Cines,Atlas Patio Bullrich,"Av. del Libertador 750, Patio Bullrich",La casa,2D Doblada,21:20,,,,https://www.atlascines.com/Peliculas?codPelicula=595&codComplejo=195
CABA,Atlas Cines,Atlas Patio Bullrich,"Av. del Libertador 750, Patio Bullrich",Digger,2D Subtitulada,18:40,,,,https://www.atlascines.com/Peliculas?codPelicula=582&codComplejo=195
CABA,Atlas Cines,Atlas Patio Bullrich,"Av. del Libertador 750, Patio Bullrich",Verity. La sombra de un engaño,2D Subtitulada,16:40,,,,https://www.atlascines.com/Peliculas?codPelicula=583&codComplejo=195
CABA,Atlas Cines,Atlas Patio Bullrich,"Av. del Libertador 750, Patio Bullrich",La vida es así,2D Subtitulada,17:00,,,,https://www.atlascines.com/Peliculas?codPelicula=596&codComplejo=195
CABA,Atlas Cines,Atlas Patio Bullrich,"Av. del Libertador 750, Patio Bullrich",La vida es así,2D Subtitulada,19:30,,,,https://www.atlascines.com/Peliculas?codPelicula=596&codComplejo=195
CABA,Atlas Cines,Atlas Patio Bullrich,"Av. del Libertador 750, Patio Bullrich",La vida es así,2D Subtitulada,21:40,,,,https://www.atlascines.com/Peliculas?codPelicula=596&codComplejo=195
CABA,Atlas Cines,Atlas Patio Bullrich,"Av. del Libertador 750, Patio Bullrich",Tres adioses,2D Subtitulada,16:00,,,,https://www.atlascines.com/Peliculas?codPelicula=574&codComplejo=195
CABA,Atlas Cines,Atlas Patio Bullrich,"Av. del Libertador 750, Patio Bullrich",A cualquier precio,2D Subtitulada,22:00,,,,https://www.atlascines.com/Peliculas?codPelicula=592&codComplejo=195
CABA,Atlas Cines,Atlas Patio Bullrich,"Av. del Libertador 750, Patio Bullrich",Annemarie,2D Doblada,19:00,,,,https://www.atlascines.com/Peliculas?codPelicula=591&codComplejo=195
CABA,Atlas Cines,Atlas Liniers,"Av. Rivadavia 11177, Liniers",Avengers: Endgame,2D Doblada,20:40,,,,https://www.atlascines.com/Peliculas?codPelicula=546&codComplejo=198
CABA,Atlas Cines,Atlas Liniers,"Av. Rivadavia 11177, Liniers",Cars,2D Doblada,16:10,,,,https://www.atlascines.com/Peliculas?codPelicula=593&codComplejo=198
CABA,Atlas Cines,Atlas Liniers,"Av. Rivadavia 11177, Liniers",Cars,2D Doblada,18:40,,,,https://www.atlascines.com/Peliculas?codPelicula=593&codComplejo=198
CABA,Atlas Cines,Atlas Liniers,"Av. Rivadavia 11177, Liniers",Resident Evil: Noche Cero,2D Doblada,20:00,,,,https://www.atlascines.com/Peliculas?codPelicula=569&codComplejo=198
CABA,Atlas Cines,Atlas Liniers,"Av. Rivadavia 11177, Liniers",La isla olvidada,2D Doblada,16:00,,,,https://www.atlascines.com/Peliculas?codPelicula=580&codComplejo=198
CABA,Atlas Cines,Atlas Liniers,"Av. Rivadavia 11177, Liniers",Hope,2D Doblada,17:30,,,,https://www.atlascines.com/Peliculas?codPelicula=594&codComplejo=198
CABA,Atlas Cines,Atlas Liniers,"Av. Rivadavia 11177, Liniers",Hope,2D Doblada,21:10,,,,https://www.atlascines.com/Peliculas?codPelicula=594&codComplejo=198
CABA,Atlas Cines,Atlas Liniers,"Av. Rivadavia 11177, Liniers",Verity. La sombra de un engaño,2D Doblada,21:30,,,,https://www.atlascines.com/Peliculas?codPelicula=583&codComplejo=198
CABA,Atlas Cines,Atlas Liniers,"Av. Rivadavia 11177, Liniers",Guardianes Del Museo 2,2D Doblada,18:10,,,,https://www.atlascines.com/Peliculas?codPelicula=586&codComplejo=198
CABA,Atlas Cines,Atlas Liniers,"Av. Rivadavia 11177, Liniers",Madre siniestra,2D Doblada,16:50,,,,https://www.atlascines.com/Peliculas?codPelicula=597&codComplejo=198
CABA,Atlas Cines,Atlas Liniers,"Av. Rivadavia 11177, Liniers",Madre siniestra,2D Doblada,19:10,,,,https://www.atlascines.com/Peliculas?codPelicula=597&codComplejo=198
CABA,Atlas Cines,Atlas Liniers,"Av. Rivadavia 11177, Liniers",Madre siniestra,2D Doblada,22:00,,,,https://www.atlascines.com/Peliculas?codPelicula=597&codComplejo=198
GBA Norte,Showcase,IMAX Showcase Norte,"Av. Ricardo Balbín 2550, Shopping Norcenter",La Odisea,IMAX Subtitulada,16:00,,,,https://cartelera.ar/pelicula/la-odisea
GBA Norte,Showcase,IMAX Showcase Norte,"Av. Ricardo Balbín 2550, Shopping Norcenter",Digger,IMAX Subtitulada,22:10,,,,https://cartelera.ar/pelicula/digger
GBA Norte,Showcase,IMAX Showcase Norte,"Av. Ricardo Balbín 2550, Shopping Norcenter",Always Lalisa,IMAX Subtitulada,19:50,,,,https://cartelera.ar/pelicula/always-lalisa
CABA,Cine Independiente,CineArte Cacodelphia,"Roque Sáenz Peña 1150, Buenos Aires",La casa,2D Doblada,18:40,,,,https://cartelera.ar/pelicula/la-casa
CABA,Cine Independiente,CineArte Cacodelphia,"Roque Sáenz Peña 1150, Buenos Aires",La casa,2D Doblada,20:40,,,,https://cartelera.ar/pelicula/la-casa
CABA,Cine Independiente,CineArte Cacodelphia,"Roque Sáenz Peña 1150, Buenos Aires","Adolescencia, Sexo y Muerte en Campamento Miasma",2D Subtitulada,21:00,,,,https://cartelera.ar/pelicula/adolescencia-sexo-y-muerte-en-campamento-miasma
CABA,Cine Independiente,CineArte Cacodelphia,"Roque Sáenz Peña 1150, Buenos Aires",Digger,2D Subtitulada,16:20,,,,https://cartelera.ar/pelicula/digger
CABA,Cine Independiente,CineArte Cacodelphia,"Roque Sáenz Peña 1150, Buenos Aires",Hope,2D Subtitulada,20:50,,,,https://cartelera.ar/pelicula/hope
CABA,Cine Independiente,CineArte Cacodelphia,"Roque Sáenz Peña 1150, Buenos Aires",La vida es así,2D Subtitulada,16:30,,,,https://cartelera.ar/pelicula/la-vida-es-asi
CABA,Cine Independiente,CineArte Cacodelphia,"Roque Sáenz Peña 1150, Buenos Aires",La vida es así,2D Subtitulada,18:30,,,,https://cartelera.ar/pelicula/la-vida-es-asi
CABA,Cine Independiente,CineArte Cacodelphia,"Roque Sáenz Peña 1150, Buenos Aires",Tres adioses,2D Subtitulada,16:10,,,,https://cartelera.ar/pelicula/tres-adioses
CABA,Cine Independiente,CineArte Cacodelphia,"Roque Sáenz Peña 1150, Buenos Aires",Kontinental 25,2D Subtitulada,18:50,,,,https://cartelera.ar/pelicula/kontinental-25
,Cinemark Hoyts,DOT,,VERITY: LA SOMBRA DE UN ENGAÑO,2D Subtitulada,11:30,,,,https://www.cinemark.com.ar/peliculas/verity-la-sombra-de-un-engano
,Cinemark Hoyts,DOT,,VERITY: LA SOMBRA DE UN ENGAÑO,PREMIER 2D Subtitulada,12:20,,,,https://www.cinemark.com.ar/peliculas/verity-la-sombra-de-un-engano
,Cinemark Hoyts,DOT,,VERITY: LA SOMBRA DE UN ENGAÑO,2D Subtitulada,14:10,,,,https://www.cinemark.com.ar/peliculas/verity-la-sombra-de-un-engano
,Cinemark Hoyts,DOT,,VERITY: LA SOMBRA DE UN ENGAÑO,PREMIER 2D Subtitulada,15:00,,,,https://www.cinemark.com.ar/peliculas/verity-la-sombra-de-un-engano
,Cinemark Hoyts,DOT,,VERITY: LA SOMBRA DE UN ENGAÑO,2D Subtitulada,16:50,,,,https://www.cinemark.com.ar/peliculas/verity-la-sombra-de-un-engano
,Cinemark Hoyts,DOT,,VERITY: LA SOMBRA DE UN ENGAÑO,PREMIER 2D Subtitulada,17:30,,,,https://www.cinemark.com.ar/peliculas/verity-la-sombra-de-un-engano
,Cinemark Hoyts,DOT,,VERITY: LA SOMBRA DE UN ENGAÑO,2D Subtitulada,19:30,,,,https://www.cinemark.com.ar/peliculas/verity-la-sombra-de-un-engano
,Cinemark Hoyts,DOT,,VERITY: LA SOMBRA DE UN ENGAÑO,PREMIER 2D Subtitulada,20:00,,,,https://www.cinemark.com.ar/peliculas/verity-la-sombra-de-un-engano
,Cinemark Hoyts,DOT,,VERITY: LA SOMBRA DE UN ENGAÑO,2D Subtitulada,22:10,,,,https://www.cinemark.com.ar/peliculas/verity-la-sombra-de-un-engano
,Cinemark Hoyts,DOT,,VERITY: LA SOMBRA DE UN ENGAÑO,PREMIER 2D Subtitulada,23:00,,,,https://www.cinemark.com.ar/peliculas/verity-la-sombra-de-un-engano
,Cinemark Hoyts,DOT,,EL CORAZÓN DE LA BESTIA,2D Subtitulada,11:50,,,,https://www.cinemark.com.ar/peliculas/el-corazon-de-la-bestia
,Cinemark Hoyts,DOT,,EL CORAZÓN DE LA BESTIA,2D Subtitulada,14:20,,,,https://www.cinemark.com.ar/peliculas/el-corazon-de-la-bestia
,Cinemark Hoyts,DOT,,EL CORAZÓN DE LA BESTIA,2D Subtitulada,16:40,,,,https://www.cinemark.com.ar/peliculas/el-corazon-de-la-bestia
,Cinemark Hoyts,DOT,,EL CORAZÓN DE LA BESTIA,2D Subtitulada,19:10,,,,https://www.cinemark.com.ar/peliculas/el-corazon-de-la-bestia
,Cinemark Hoyts,DOT,,COYOTE VS ACME,2D Doblada,12:00,,,,https://www.cinemark.com.ar/peliculas/coyote-vs-acme
,Cinemark Hoyts,DOT,,COYOTE VS ACME,2D Doblada,14:40,,,,https://www.cinemark.com.ar/peliculas/coyote-vs-acme
,Cinemark Hoyts,DOT,,COYOTE VS ACME,2D Doblada,17:20,,,,https://www.cinemark.com.ar/peliculas/coyote-vs-acme
,Cinemark Hoyts,DOT,,RESIDENT EVIL: NOCHE CERO,2D Subtitulada,12:30,,,,https://www.cinemark.com.ar/peliculas/resident-evil-noche-cero
,Cinemark Hoyts,DOT,,RESIDENT EVIL: NOCHE CERO,2D Subtitulada,15:00,,,,https://www.cinemark.com.ar/peliculas/resident-evil-noche-cero
,Cinemark Hoyts,DOT,,RESIDENT EVIL: NOCHE CERO,2D Subtitulada,17:40,,,,https://www.cinemark.com.ar/peliculas/resident-evil-noche-cero
,Cinemark Hoyts,DOT,,RESIDENT EVIL: NOCHE CERO,2D Subtitulada,20:10,,,,https://www.cinemark.com.ar/peliculas/resident-evil-noche-cero
,Cinemark Hoyts,DOT,,RESIDENT EVIL: NOCHE CERO,2D Subtitulada,22:30,,,,https://www.cinemark.com.ar/peliculas/resident-evil-noche-cero
,Cinemark Hoyts,DOT,,AVENGERS: ENDGAME (RE ESTRENO),4D 3D IV Subtitulada,13:00,,,,https://www.cinemark.com.ar/peliculas/avengers-endgame-re-estreno
,Cinemark Hoyts,DOT,,AVENGERS: ENDGAME (RE ESTRENO),4D 3D IV Doblada,17:00,,,,https://www.cinemark.com.ar/peliculas/avengers-endgame-re-estreno
,Cinemark Hoyts,DOT,,AVENGERS: ENDGAME (RE ESTRENO),4D 3D IV Subtitulada,21:00,,,,https://www.cinemark.com.ar/peliculas/avengers-endgame-re-estreno
,Cinemark Hoyts,DOT,,CARS 20° ANIVERSARIO,2D Doblada,13:10,,,,https://www.cinemark.com.ar/peliculas/cars-20-aniversario
,Cinemark Hoyts,DOT,,CARS 20° ANIVERSARIO,2D Doblada,16:00,,,,https://www.cinemark.com.ar/peliculas/cars-20-aniversario
,Cinemark Hoyts,DOT,,CARS 20° ANIVERSARIO,2D Doblada,19:00,,,,https://www.cinemark.com.ar/peliculas/cars-20-aniversario
,Cinemark Hoyts,DOT,,SPIDER-MAN: UN NUEVO DÍA,2D Subtitulada,13:30,,,,https://www.cinemark.com.ar/peliculas/spider-man-un-nuevo-dia
,Cinemark Hoyts,DOT,,LA ODISEA,PREMIER 2D Subtitulada,13:40,,,,https://www.cinemark.com.ar/peliculas/la-odisea
,Cinemark Hoyts,DOT,,LA ODISEA,PREMIER 2D Subtitulada,22:00,,,,https://www.cinemark.com.ar/peliculas/la-odisea
,Cinemark Hoyts,DOT,,MADRE SINIESTRA,XD 2D Subtitulada,13:50,,,,https://www.cinemark.com.ar/peliculas/madre-siniestra
,Cinemark Hoyts,DOT,,MADRE SINIESTRA,XD 2D Subtitulada,16:10,,,,https://www.cinemark.com.ar/peliculas/madre-siniestra
,Cinemark Hoyts,DOT,,MADRE SINIESTRA,PREMIER 2D Subtitulada,17:20,,,,https://www.cinemark.com.ar/peliculas/madre-siniestra
,Cinemark Hoyts,DOT,,MADRE SINIESTRA,XD 2D Subtitulada,18:30,,,,https://www.cinemark.com.ar/peliculas/madre-siniestra
,Cinemark Hoyts,DOT,,MADRE SINIESTRA,2D Subtitulada,19:40,,,,https://www.cinemark.com.ar/peliculas/madre-siniestra
,Cinemark Hoyts,DOT,,MADRE SINIESTRA,XD 2D Subtitulada,20:45,,,,https://www.cinemark.com.ar/peliculas/madre-siniestra
,Cinemark Hoyts,DOT,,MADRE SINIESTRA,XD 2D Subtitulada,23:00,,,,https://www.cinemark.com.ar/peliculas/madre-siniestra
,Cinemark Hoyts,DOT,,A CUALQUIER PRECIO,2D Subtitulada,17:10,,,,https://www.cinemark.com.ar/peliculas/a-cualquier-precio
,Cinemark Hoyts,DOT,,A CUALQUIER PRECIO,2D Subtitulada,22:20,,,,https://www.cinemark.com.ar/peliculas/a-cualquier-precio
,Cinemark Hoyts,DOT,,"YO, NARCISO",PREMIER 2D Doblada,19:40,,,,https://www.cinemark.com.ar/peliculas/yo-narciso
,Cinemark Hoyts,DOT,,DIGGER,2D Subtitulada,19:50,,,,https://www.cinemark.com.ar/peliculas/digger
,Cinemark Hoyts,DOT,,DIGGER,2D Subtitulada,22:50,,,,https://www.cinemark.com.ar/peliculas/digger
,Cinemark Hoyts,DOT,,LOS JUEGOS DEL HAMBRE (2012),2D Subtitulada,22:00,,,,https://www.cinemark.com.ar/peliculas/los-juegos-del-hambre-2012
,Cinemark Hoyts,Unicenter,,DIGGER,2D Subtitulada,12:00,,,,https://www.cinemark.com.ar/peliculas/digger
,Cinemark Hoyts,Unicenter,,DIGGER,2D Subtitulada,14:45,,,,https://www.cinemark.com.ar/peliculas/digger
,Cinemark Hoyts,Unicenter,,DIGGER,2D Subtitulada,17:25,,,,https://www.cinemark.com.ar/peliculas/digger
,Cinemark Hoyts,Unicenter,,DIGGER,2D Subtitulada,20:10,,,,https://www.cinemark.com.ar/peliculas/digger
,Cinemark Hoyts,Unicenter,,DIGGER,2D Subtitulada,22:55,,,,https://www.cinemark.com.ar/peliculas/digger
,Cinemark Hoyts,Unicenter,,VERITY: LA SOMBRA DE UN ENGAÑO,DBOX 2D Subtitulada,12:05,,,,https://www.cinemark.com.ar/peliculas/verity-la-sombra-de-un-engano
,Cinemark Hoyts,Unicenter,,VERITY: LA SOMBRA DE UN ENGAÑO,2D Subtitulada,12:05,,,,https://www.cinemark.com.ar/peliculas/verity-la-sombra-de-un-engano
,Cinemark Hoyts,Unicenter,,VERITY: LA SOMBRA DE UN ENGAÑO,PREMIER 2D Subtitulada,13:00,,,,https://www.cinemark.com.ar/peliculas/verity-la-sombra-de-un-engano
,Cinemark Hoyts,Unicenter,,VERITY: LA SOMBRA DE UN ENGAÑO,DBOX 2D Subtitulada,14:35,,,,https://www.cinemark.com.ar/peliculas/verity-la-sombra-de-un-engano
,Cinemark Hoyts,Unicenter,,VERITY: LA SOMBRA DE UN ENGAÑO,2D Subtitulada,14:35,,,,https://www.cinemark.com.ar/peliculas/verity-la-sombra-de-un-engano
,Cinemark Hoyts,Unicenter,,VERITY: LA SOMBRA DE UN ENGAÑO,PREMIER 2D Subtitulada,15:50,,,,https://www.cinemark.com.ar/peliculas/verity-la-sombra-de-un-engano
,Cinemark Hoyts,Unicenter,,VERITY: LA SOMBRA DE UN ENGAÑO,DBOX 2D Subtitulada,17:30,,,,https://www.cinemark.com.ar/peliculas/verity-la-sombra-de-un-engano
,Cinemark Hoyts,Unicenter,,VERITY: LA SOMBRA DE UN ENGAÑO,2D Subtitulada,17:30,,,,https://www.cinemark.com.ar/peliculas/verity-la-sombra-de-un-engano
,Cinemark Hoyts,Unicenter,,VERITY: LA SOMBRA DE UN ENGAÑO,PREMIER 2D Subtitulada,18:40,,,,https://www.cinemark.com.ar/peliculas/verity-la-sombra-de-un-engano
,Cinemark Hoyts,Unicenter,,VERITY: LA SOMBRA DE UN ENGAÑO,DBOX 2D Subtitulada,20:00,,,,https://www.cinemark.com.ar/peliculas/verity-la-sombra-de-un-engano
,Cinemark Hoyts,Unicenter,,VERITY: LA SOMBRA DE UN ENGAÑO,2D Subtitulada,20:00,,,,https://www.cinemark.com.ar/peliculas/verity-la-sombra-de-un-engano
,Cinemark Hoyts,Unicenter,,VERITY: LA SOMBRA DE UN ENGAÑO,PREMIER 2D Subtitulada,21:30,,,,https://www.cinemark.com.ar/peliculas/verity-la-sombra-de-un-engano
,Cinemark Hoyts,Unicenter,,VERITY: LA SOMBRA DE UN ENGAÑO,DBOX 2D Subtitulada,22:40,,,,https://www.cinemark.com.ar/peliculas/verity-la-sombra-de-un-engano
,Cinemark Hoyts,Unicenter,,VERITY: LA SOMBRA DE UN ENGAÑO,2D Subtitulada,22:40,,,,https://www.cinemark.com.ar/peliculas/verity-la-sombra-de-un-engano
,Cinemark Hoyts,Unicenter,,AVENGERS: ENDGAME (RE ESTRENO),2D Subtitulada,12:10,,,,https://www.cinemark.com.ar/peliculas/avengers-endgame-re-estreno
,Cinemark Hoyts,Unicenter,,AVENGERS: ENDGAME (RE ESTRENO),2D Doblada,14:50,,,,https://www.cinemark.com.ar/peliculas/avengers-endgame-re-estreno
,Cinemark Hoyts,Unicenter,,AVENGERS: ENDGAME (RE ESTRENO),4D 3D IV Doblada,18:10,,,,https://www.cinemark.com.ar/peliculas/avengers-endgame-re-estreno
,Cinemark Hoyts,Unicenter,,AVENGERS: ENDGAME (RE ESTRENO),2D Subtitulada,18:40,,,,https://www.cinemark.com.ar/peliculas/avengers-endgame-re-estreno
,Cinemark Hoyts,Unicenter,,AVENGERS: ENDGAME (RE ESTRENO),4D 3D IV Doblada,22:00,,,,https://www.cinemark.com.ar/peliculas/avengers-endgame-re-estreno
,Cinemark Hoyts,Unicenter,,LA ISLA OLVIDADA,2D Doblada,12:15,,,,https://www.cinemark.com.ar/peliculas/la-isla-olvidada
,Cinemark Hoyts,Unicenter,,LA ISLA OLVIDADA,2D Doblada,15:00,,,,https://www.cinemark.com.ar/peliculas/la-isla-olvidada
,Cinemark Hoyts,Unicenter,,EL CORAZÓN DE LA BESTIA,2D Subtitulada,12:20,,,,https://www.cinemark.com.ar/peliculas/el-corazon-de-la-bestia
,Cinemark Hoyts,Unicenter,,EL CORAZÓN DE LA BESTIA,2D Subtitulada,14:40,,,,https://www.cinemark.com.ar/peliculas/el-corazon-de-la-bestia
,Cinemark Hoyts,Unicenter,,EL CORAZÓN DE LA BESTIA,2D Subtitulada,17:10,,,,https://www.cinemark.com.ar/peliculas/el-corazon-de-la-bestia
,Cinemark Hoyts,Unicenter,,EL CORAZÓN DE LA BESTIA,PREMIER 2D Subtitulada,17:30,,,,https://www.cinemark.com.ar/peliculas/el-corazon-de-la-bestia
,Cinemark Hoyts,Unicenter,,EL CORAZÓN DE LA BESTIA,2D Subtitulada,19:40,,,,https://www.cinemark.com.ar/peliculas/el-corazon-de-la-bestia
,Cinemark Hoyts,Unicenter,,EL CORAZÓN DE LA BESTIA,2D Subtitulada,22:10,,,,https://www.cinemark.com.ar/peliculas/el-corazon-de-la-bestia
,Cinemark Hoyts,Unicenter,,EL CORAZÓN DE LA BESTIA,PREMIER 2D Subtitulada,22:30,,,,https://www.cinemark.com.ar/peliculas/el-corazon-de-la-bestia
,Cinemark Hoyts,Unicenter,,CARS 20° ANIVERSARIO,4D 2D Doblada,12:30,,,,https://www.cinemark.com.ar/peliculas/cars-20-aniversario
,Cinemark Hoyts,Unicenter,,CARS 20° ANIVERSARIO,DBOX 2D Doblada,13:00,,,,https://www.cinemark.com.ar/peliculas/cars-20-aniversario
,Cinemark Hoyts,Unicenter,,CARS 20° ANIVERSARIO,2D Doblada,13:00,,,,https://www.cinemark.com.ar/peliculas/cars-20-aniversario
,Cinemark Hoyts,Unicenter,,CARS 20° ANIVERSARIO,4D 2D Doblada,15:30,,,,https://www.cinemark.com.ar/peliculas/cars-20-aniversario
,Cinemark Hoyts,Unicenter,,CARS 20° ANIVERSARIO,DBOX 2D Doblada,16:00,,,,https://www.cinemark.com.ar/peliculas/cars-20-aniversario
,Cinemark Hoyts,Unicenter,,CARS 20° ANIVERSARIO,2D Doblada,16:00,,,,https://www.cinemark.com.ar/peliculas/cars-20-aniversario
,Cinemark Hoyts,Unicenter,,CARS 20° ANIVERSARIO,DBOX 2D Doblada,18:50,,,,https://www.cinemark.com.ar/peliculas/cars-20-aniversario
,Cinemark Hoyts,Unicenter,,CARS 20° ANIVERSARIO,2D Doblada,18:50,,,,https://www.cinemark.com.ar/peliculas/cars-20-aniversario
,Cinemark Hoyts,Unicenter,,CARS 20° ANIVERSARIO,DBOX 2D Doblada,21:40,,,,https://www.cinemark.com.ar/peliculas/cars-20-aniversario
,Cinemark Hoyts,Unicenter,,CARS 20° ANIVERSARIO,2D Doblada,21:40,,,,https://www.cinemark.com.ar/peliculas/cars-20-aniversario
,Cinemark Hoyts,Unicenter,,RESIDENT EVIL: NOCHE CERO,PREMIER 2D Subtitulada,12:30,,,,https://www.cinemark.com.ar/peliculas/resident-evil-noche-cero
,Cinemark Hoyts,Unicenter,,RESIDENT EVIL: NOCHE CERO,2D Doblada,12:35,,,,https://www.cinemark.com.ar/peliculas/resident-evil-noche-cero
,Cinemark Hoyts,Unicenter,,RESIDENT EVIL: NOCHE CERO,2D Subtitulada,13:05,,,,https://www.cinemark.com.ar/peliculas/resident-evil-noche-cero
,Cinemark Hoyts,Unicenter,,RESIDENT EVIL: NOCHE CERO,PREMIER 2D Subtitulada,14:50,,,,https://www.cinemark.com.ar/peliculas/resident-evil-noche-cero
,Cinemark Hoyts,Unicenter,,RESIDENT EVIL: NOCHE CERO,2D Subtitulada,15:15,,,,https://www.cinemark.com.ar/peliculas/resident-evil-noche-cero
,Cinemark Hoyts,Unicenter,,RESIDENT EVIL: NOCHE CERO,2D Doblada,15:50,,,,https://www.cinemark.com.ar/peliculas/resident-evil-noche-cero
,Cinemark Hoyts,Unicenter,,RESIDENT EVIL: NOCHE CERO,2D Subtitulada,17:35,,,,https://www.cinemark.com.ar/peliculas/resident-evil-noche-cero
,Cinemark Hoyts,Unicenter,,RESIDENT EVIL: NOCHE CERO,2D Doblada,18:15,,,,https://www.cinemark.com.ar/peliculas/resident-evil-noche-cero
,Cinemark Hoyts,Unicenter,,RESIDENT EVIL: NOCHE CERO,PREMIER 2D Subtitulada,20:00,,,,https://www.cinemark.com.ar/peliculas/resident-evil-noche-cero
,Cinemark Hoyts,Unicenter,,RESIDENT EVIL: NOCHE CERO,2D Subtitulada,20:15,,,,https://www.cinemark.com.ar/peliculas/resident-evil-noche-cero
,Cinemark Hoyts,Unicenter,,RESIDENT EVIL: NOCHE CERO,2D Doblada,20:40,,,,https://www.cinemark.com.ar/peliculas/resident-evil-noche-cero
,Cinemark Hoyts,Unicenter,,RESIDENT EVIL: NOCHE CERO,2D Subtitulada,22:30,,,,https://www.cinemark.com.ar/peliculas/resident-evil-noche-cero
,Cinemark Hoyts,Unicenter,,RESIDENT EVIL: NOCHE CERO,2D Subtitulada,23:00,,,,https://www.cinemark.com.ar/peliculas/resident-evil-noche-cero
,Cinemark Hoyts,Unicenter,,LA CASA,2D Doblada,12:40,,,,https://www.cinemark.com.ar/peliculas/la-casa
,Cinemark Hoyts,Unicenter,,LA CASA,2D Doblada,18:00,,,,https://www.cinemark.com.ar/peliculas/la-casa
,Cinemark Hoyts,Unicenter,,LA CASA,2D Doblada,22:40,,,,https://www.cinemark.com.ar/peliculas/la-casa
,Cinemark Hoyts,Unicenter,,MADRE SINIESTRA,2D Subtitulada,12:45,,,,https://www.cinemark.com.ar/peliculas/madre-siniestra
,Cinemark Hoyts,Unicenter,,MADRE SINIESTRA,DBOX 2D Subtitulada,13:15,,,,https://www.cinemark.com.ar/peliculas/madre-siniestra
,Cinemark Hoyts,Unicenter,,MADRE SINIESTRA,2D Subtitulada,13:15,,,,https://www.cinemark.com.ar/peliculas/madre-siniestra
,Cinemark Hoyts,Unicenter,,MADRE SINIESTRA,2D Doblada,15:25,,,,https://www.cinemark.com.ar/peliculas/madre-siniestra
,Cinemark Hoyts,Unicenter,,MADRE SINIESTRA,DBOX 2D Subtitulada,15:55,,,,https://www.cinemark.com.ar/peliculas/madre-siniestra
,Cinemark Hoyts,Unicenter,,MADRE SINIESTRA,2D Subtitulada,15:55,,,,https://www.cinemark.com.ar/peliculas/madre-siniestra
,Cinemark Hoyts,Unicenter,,MADRE SINIESTRA,2D Subtitulada,17:40,,,,https://www.cinemark.com.ar/peliculas/madre-siniestra
,Cinemark Hoyts,Unicenter,,MADRE SINIESTRA,DBOX 2D Subtitulada,18:10,,,,https://www.cinemark.com.ar/peliculas/madre-siniestra
,Cinemark Hoyts,Unicenter,,MADRE SINIESTRA,2D Subtitulada,18:10,,,,https://www.cinemark.com.ar/peliculas/madre-siniestra
,Cinemark Hoyts,Unicenter,,MADRE SINIESTRA,2D Doblada,19:50,,,,https://www.cinemark.com.ar/peliculas/madre-siniestra
,Cinemark Hoyts,Unicenter,,MADRE SINIESTRA,DBOX 2D Subtitulada,20:25,,,,https://www.cinemark.com.ar/peliculas/madre-siniestra
,Cinemark Hoyts,Unicenter,,MADRE SINIESTRA,2D Subtitulada,20:25,,,,https://www.cinemark.com.ar/peliculas/madre-siniestra
,Cinemark Hoyts,Unicenter,,MADRE SINIESTRA,2D Subtitulada,22:15,,,,https://www.cinemark.com.ar/peliculas/madre-siniestra
,Cinemark Hoyts,Unicenter,,MADRE SINIESTRA,DBOX 2D Subtitulada,22:45,,,,https://www.cinemark.com.ar/peliculas/madre-siniestra
,Cinemark Hoyts,Unicenter,,MADRE SINIESTRA,2D Subtitulada,22:45,,,,https://www.cinemark.com.ar/peliculas/madre-siniestra
,Cinemark Hoyts,Unicenter,,GUARDIANES DEL MUSEO 2,2D Doblada,12:45,,,,https://www.cinemark.com.ar/peliculas/guardianes-del-museo-2
,Cinemark Hoyts,Unicenter,,SPIDER-MAN: UN NUEVO DÍA,2D Doblada,12:50,,,,https://www.cinemark.com.ar/peliculas/spider-man-un-nuevo-dia
,Cinemark Hoyts,Unicenter,,SPIDER-MAN: UN NUEVO DÍA,2D Subtitulada,19:20,,,,https://www.cinemark.com.ar/peliculas/spider-man-un-nuevo-dia
,Cinemark Hoyts,Unicenter,,COYOTE VS ACME,2D Doblada,15:10,,,,https://www.cinemark.com.ar/peliculas/coyote-vs-acme
,Cinemark Hoyts,Unicenter,,COYOTE VS ACME,2D Doblada,17:50,,,,https://www.cinemark.com.ar/peliculas/coyote-vs-acme
,Cinemark Hoyts,Unicenter,,PMMM: WALPURGISNACHT RISING,2D Subtitulada,15:20,,,,https://www.cinemark.com.ar/peliculas/puella-magi-madoka-magica-walpurgisnacht-rising
,Cinemark Hoyts,Unicenter,,HOPE: EL PRIMER IMPACTO,2D Subtitulada,16:10,,,,https://www.cinemark.com.ar/peliculas/hope-el-primer-impacto
,Cinemark Hoyts,Unicenter,,HOPE: EL PRIMER IMPACTO,2D Subtitulada,22:45,,,,https://www.cinemark.com.ar/peliculas/hope-el-primer-impacto
,Cinemark Hoyts,Unicenter,,LA ODISEA,2D Subtitulada,17:50,,,,https://www.cinemark.com.ar/peliculas/la-odisea
,Cinemark Hoyts,Unicenter,,LA ODISEA,2D Subtitulada,21:30,,,,https://www.cinemark.com.ar/peliculas/la-odisea
,Cinemark Hoyts,Unicenter,,A CUALQUIER PRECIO,2D Subtitulada,20:20,,,,https://www.cinemark.com.ar/peliculas/a-cualquier-precio
,Cinemark Hoyts,Unicenter,,A CUALQUIER PRECIO,2D Subtitulada,22:50,,,,https://www.cinemark.com.ar/peliculas/a-cualquier-precio
,Cinemark Hoyts,Unicenter,,"YO, NARCISO",2D Doblada,20:30,,,,https://www.cinemark.com.ar/peliculas/yo-narciso
,Cinemark Hoyts,Unicenter,,LOS JUEGOS DEL HAMBRE (2012),2D Doblada,22:20,,,,https://www.cinemark.com.ar/peliculas/los-juegos-del-hambre-2012
,Cinemark Hoyts,Temperley,,CARS 20° ANIVERSARIO,2D Doblada,12:00,,,,https://www.cinemark.com.ar/peliculas/cars-20-aniversario
,Cinemark Hoyts,Temperley,,CARS 20° ANIVERSARIO,4D 2D Doblada,12:50,,,,https://www.cinemark.com.ar/peliculas/cars-20-aniversario
,Cinemark Hoyts,Temperley,,CARS 20° ANIVERSARIO,2D Doblada,14:40,,,,https://www.cinemark.com.ar/peliculas/cars-20-aniversario
,Cinemark Hoyts,Temperley,,CARS 20° ANIVERSARIO,4D 2D Doblada,15:40,,,,https://www.cinemark.com.ar/peliculas/cars-20-aniversario
,Cinemark Hoyts,Temperley,,CARS 20° ANIVERSARIO,2D Doblada,17:25,,,,https://www.cinemark.com.ar/peliculas/cars-20-aniversario
,Cinemark Hoyts,Temperley,,CARS 20° ANIVERSARIO,2D Doblada,20:10,,,,https://www.cinemark.com.ar/peliculas/cars-20-aniversario
,Cinemark Hoyts,Temperley,,RESIDENT EVIL: NOCHE CERO,DBOX 2D Doblada,12:10,,,,https://www.cinemark.com.ar/peliculas/resident-evil-noche-cero
,Cinemark Hoyts,Temperley,,RESIDENT EVIL: NOCHE CERO,2D Doblada,12:10,,,,https://www.cinemark.com.ar/peliculas/resident-evil-noche-cero
,Cinemark Hoyts,Temperley,,RESIDENT EVIL: NOCHE CERO,DBOX 2D Doblada,14:30,,,,https://www.cinemark.com.ar/peliculas/resident-evil-noche-cero
,Cinemark Hoyts,Temperley,,RESIDENT EVIL: NOCHE CERO,2D Doblada,14:30,,,,https://www.cinemark.com.ar/peliculas/resident-evil-noche-cero
,Cinemark Hoyts,Temperley,,RESIDENT EVIL: NOCHE CERO,DBOX 2D Doblada,17:00,,,,https://www.cinemark.com.ar/peliculas/resident-evil-noche-cero
,Cinemark Hoyts,Temperley,,RESIDENT EVIL: NOCHE CERO,2D Doblada,17:00,,,,https://www.cinemark.com.ar/peliculas/resident-evil-noche-cero
,Cinemark Hoyts,Temperley,,RESIDENT EVIL: NOCHE CERO,DBOX 2D Doblada,19:30,,,,https://www.cinemark.com.ar/peliculas/resident-evil-noche-cero
,Cinemark Hoyts,Temperley,,RESIDENT EVIL: NOCHE CERO,2D Doblada,19:30,,,,https://www.cinemark.com.ar/peliculas/resident-evil-noche-cero
,Cinemark Hoyts,Temperley,,RESIDENT EVIL: NOCHE CERO,2D Doblada,20:20,,,,https://www.cinemark.com.ar/peliculas/resident-evil-noche-cero
,Cinemark Hoyts,Temperley,,RESIDENT EVIL: NOCHE CERO,DBOX 2D Doblada,22:10,,,,https://www.cinemark.com.ar/peliculas/resident-evil-noche-cero
,Cinemark Hoyts,Temperley,,RESIDENT EVIL: NOCHE CERO,2D Doblada,22:10,,,,https://www.cinemark.com.ar/peliculas/resident-evil-noche-cero
,Cinemark Hoyts,Temperley,,RESIDENT EVIL: NOCHE CERO,2D Doblada,22:45,,,,https://www.cinemark.com.ar/peliculas/resident-evil-noche-cero
,Cinemark Hoyts,Temperley,,EL CORAZÓN DE LA BESTIA,DBOX 2D Doblada,12:15,,,,https://www.cinemark.com.ar/peliculas/el-corazon-de-la-bestia
,Cinemark Hoyts,Temperley,,EL CORAZÓN DE LA BESTIA,2D Doblada,12:15,,,,https://www.cinemark.com.ar/peliculas/el-corazon-de-la-bestia
,Cinemark Hoyts,Temperley,,EL CORAZÓN DE LA BESTIA,DBOX 2D Doblada,14:45,,,,https://www.cinemark.com.ar/peliculas/el-corazon-de-la-bestia
,Cinemark Hoyts,Temperley,,EL CORAZÓN DE LA BESTIA,2D Doblada,14:45,,,,https://www.cinemark.com.ar/peliculas/el-corazon-de-la-bestia
,Cinemark Hoyts,Temperley,,EL CORAZÓN DE LA BESTIA,DBOX 2D Doblada,17:10,,,,https://www.cinemark.com.ar/peliculas/el-corazon-de-la-bestia
,Cinemark Hoyts,Temperley,,EL CORAZÓN DE LA BESTIA,2D Doblada,17:10,,,,https://www.cinemark.com.ar/peliculas/el-corazon-de-la-bestia
,Cinemark Hoyts,Temperley,,EL CORAZÓN DE LA BESTIA,DBOX 2D Doblada,19:40,,,,https://www.cinemark.com.ar/peliculas/el-corazon-de-la-bestia
,Cinemark Hoyts,Temperley,,EL CORAZÓN DE LA BESTIA,2D Doblada,19:40,,,,https://www.cinemark.com.ar/peliculas/el-corazon-de-la-bestia
,Cinemark Hoyts,Temperley,,EL CORAZÓN DE LA BESTIA,DBOX 2D Doblada,22:20,,,,https://www.cinemark.com.ar/peliculas/el-corazon-de-la-bestia
,Cinemark Hoyts,Temperley,,EL CORAZÓN DE LA BESTIA,2D Doblada,22:20,,,,https://www.cinemark.com.ar/peliculas/el-corazon-de-la-bestia
,Cinemark Hoyts,Temperley,,MADRE SINIESTRA,DBOX XD 2D Doblada,12:15,,,,https://www.cinemark.com.ar/peliculas/madre-siniestra
,Cinemark Hoyts,Temperley,,MADRE SINIESTRA,XD 2D Doblada,12:15,,,,https://www.cinemark.com.ar/peliculas/madre-siniestra
,Cinemark Hoyts,Temperley,,MADRE SINIESTRA,DBOX XD 2D Doblada,14:50,,,,https://www.cinemark.com.ar/peliculas/madre-siniestra
,Cinemark Hoyts,Temperley,,MADRE SINIESTRA,XD 2D Doblada,14:50,,,,https://www.cinemark.com.ar/peliculas/madre-siniestra
,Cinemark Hoyts,Temperley,,MADRE SINIESTRA,DBOX XD 2D Doblada,17:15,,,,https://www.cinemark.com.ar/peliculas/madre-siniestra
,Cinemark Hoyts,Temperley,,MADRE SINIESTRA,XD 2D Doblada,17:15,,,,https://www.cinemark.com.ar/peliculas/madre-siniestra
,Cinemark Hoyts,Temperley,,MADRE SINIESTRA,DBOX XD 2D Doblada,19:45,,,,https://www.cinemark.com.ar/peliculas/madre-siniestra
,Cinemark Hoyts,Temperley,,MADRE SINIESTRA,XD 2D Doblada,19:45,,,,https://www.cinemark.com.ar/peliculas/madre-siniestra
,Cinemark Hoyts,Temperley,,MADRE SINIESTRA,2D Doblada,20:30,,,,https://www.cinemark.com.ar/peliculas/madre-siniestra
,Cinemark Hoyts,Temperley,,MADRE SINIESTRA,DBOX XD 2D Doblada,22:15,,,,https://www.cinemark.com.ar/peliculas/madre-siniestra
,Cinemark Hoyts,Temperley,,MADRE SINIESTRA,XD 2D Doblada,22:15,,,,https://www.cinemark.com.ar/peliculas/madre-siniestra
,Cinemark Hoyts,Temperley,,MADRE SINIESTRA,2D Subtitulada,23:00,,,,https://www.cinemark.com.ar/peliculas/madre-siniestra
,Cinemark Hoyts,Temperley,,COYOTE VS ACME,2D Doblada,12:30,,,,https://www.cinemark.com.ar/peliculas/coyote-vs-acme
,Cinemark Hoyts,Temperley,,COYOTE VS ACME,2D Doblada,15:10,,,,https://www.cinemark.com.ar/peliculas/coyote-vs-acme
,Cinemark Hoyts,Temperley,,COYOTE VS ACME,2D Doblada,17:50,,,,https://www.cinemark.com.ar/peliculas/coyote-vs-acme
,Cinemark Hoyts,Temperley,,SPIDER-MAN: UN NUEVO DÍA,2D Doblada,13:10,,,,https://www.cinemark.com.ar/peliculas/spider-man-un-nuevo-dia
,Cinemark Hoyts,Temperley,,A CUALQUIER PRECIO,2D Doblada,13:45,,,,https://www.cinemark.com.ar/peliculas/a-cualquier-precio
,Cinemark Hoyts,Temperley,,A CUALQUIER PRECIO,2D Doblada,19:50,,,,https://www.cinemark.com.ar/peliculas/a-cualquier-precio
,Cinemark Hoyts,Temperley,,VERITY: LA SOMBRA DE UN ENGAÑO,2D Doblada,13:50,,,,https://www.cinemark.com.ar/peliculas/verity-la-sombra-de-un-engano
,Cinemark Hoyts,Temperley,,VERITY: LA SOMBRA DE UN ENGAÑO,2D Doblada,16:40,,,,https://www.cinemark.com.ar/peliculas/verity-la-sombra-de-un-engano
,Cinemark Hoyts,Temperley,,VERITY: LA SOMBRA DE UN ENGAÑO,2D Doblada,19:20,,,,https://www.cinemark.com.ar/peliculas/verity-la-sombra-de-un-engano
,Cinemark Hoyts,Temperley,,HOPE: EL PRIMER IMPACTO,2D Doblada,16:20,,,,https://www.cinemark.com.ar/peliculas/hope-el-primer-impacto
,Cinemark Hoyts,Temperley,,HOPE: EL PRIMER IMPACTO,2D Doblada,22:25,,,,https://www.cinemark.com.ar/peliculas/hope-el-primer-impacto
,Cinemark Hoyts,Temperley,,AVENGERS: ENDGAME (RE ESTRENO),2D Doblada,16:30,,,,https://www.cinemark.com.ar/peliculas/avengers-endgame-re-estreno
,Cinemark Hoyts,Temperley,,AVENGERS: ENDGAME (RE ESTRENO),4D 3D IV Doblada,18:30,,,,https://www.cinemark.com.ar/peliculas/avengers-endgame-re-estreno
,Cinemark Hoyts,Temperley,,AVENGERS: ENDGAME (RE ESTRENO),4D 3D IV Doblada,22:30,,,,https://www.cinemark.com.ar/peliculas/avengers-endgame-re-estreno
,Cinemark Hoyts,Temperley,,LOS JUEGOS DEL HAMBRE (2012),2D Doblada,22:00,,,,https://www.cinemark.com.ar/peliculas/los-juegos-del-hambre-2012
,Cinemark Hoyts,Temperley,,VÉRTIGO 2: PUNTO MUERTO,2D Doblada,22:50,,,,https://www.cinemark.com.ar/peliculas/vertigo-2-punto-muerto
,Cinemark Hoyts,Palermo,,LA VIDA ES ASÍ,2D Subtitulada,12:10,,,,https://www.cinemark.com.ar/peliculas/la-vida-es-asi
,Cinemark Hoyts,Palermo,,LA VIDA ES ASÍ,2D Subtitulada,14:50,,,,https://www.cinemark.com.ar/peliculas/la-vida-es-asi
,Cinemark Hoyts,Palermo,,LA VIDA ES ASÍ,2D Subtitulada,20:00,,,,https://www.cinemark.com.ar/peliculas/la-vida-es-asi
,Cinemark Hoyts,Palermo,,EL CORAZÓN DE LA BESTIA,2D Subtitulada,12:20,,,,https://www.cinemark.com.ar/peliculas/el-corazon-de-la-bestia
,Cinemark Hoyts,Palermo,,EL CORAZÓN DE LA BESTIA,2D Subtitulada,14:40,,,,https://www.cinemark.com.ar/peliculas/el-corazon-de-la-bestia
,Cinemark Hoyts,Palermo,,EL CORAZÓN DE LA BESTIA,2D Subtitulada,17:10,,,,https://www.cinemark.com.ar/peliculas/el-corazon-de-la-bestia
,Cinemark Hoyts,Palermo,,EL CORAZÓN DE LA BESTIA,2D Subtitulada,19:40,,,,https://www.cinemark.com.ar/peliculas/el-corazon-de-la-bestia
,Cinemark Hoyts,Palermo,,EL CORAZÓN DE LA BESTIA,2D Subtitulada,22:20,,,,https://www.cinemark.com.ar/peliculas/el-corazon-de-la-bestia
,Cinemark Hoyts,Palermo,,LA CASA,2D Doblada,12:20,,,,https://www.cinemark.com.ar/peliculas/la-casa
,Cinemark Hoyts,Palermo,,LA CASA,2D Doblada,17:30,,,,https://www.cinemark.com.ar/peliculas/la-casa
,Cinemark Hoyts,Palermo,,LA CASA,2D Doblada,20:20,,,,https://www.cinemark.com.ar/peliculas/la-casa
,Cinemark Hoyts,Palermo,,VERITY: LA SOMBRA DE UN ENGAÑO,2D Subtitulada,12:30,,,,https://www.cinemark.com.ar/peliculas/verity-la-sombra-de-un-engano
,Cinemark Hoyts,Palermo,,VERITY: LA SOMBRA DE UN ENGAÑO,2D Subtitulada,14:00,,,,https://www.cinemark.com.ar/peliculas/verity-la-sombra-de-un-engano
,Cinemark Hoyts,Palermo,,VERITY: LA SOMBRA DE UN ENGAÑO,2D Subtitulada,16:40,,,,https://www.cinemark.com.ar/peliculas/verity-la-sombra-de-un-engano
,Cinemark Hoyts,Palermo,,VERITY: LA SOMBRA DE UN ENGAÑO,2D Subtitulada,17:40,,,,https://www.cinemark.com.ar/peliculas/verity-la-sombra-de-un-engano
,Cinemark Hoyts,Palermo,,VERITY: LA SOMBRA DE UN ENGAÑO,2D Subtitulada,19:20,,,,https://www.cinemark.com.ar/peliculas/verity-la-sombra-de-un-engano
,Cinemark Hoyts,Palermo,,VERITY: LA SOMBRA DE UN ENGAÑO,2D Subtitulada,22:00,,,,https://www.cinemark.com.ar/peliculas/verity-la-sombra-de-un-engano
,Cinemark Hoyts,Palermo,,RESIDENT EVIL: NOCHE CERO,2D Subtitulada,12:40,,,,https://www.cinemark.com.ar/peliculas/resident-evil-noche-cero
,Cinemark Hoyts,Palermo,,RESIDENT EVIL: NOCHE CERO,2D Subtitulada,15:00,,,,https://www.cinemark.com.ar/peliculas/resident-evil-noche-cero
,Cinemark Hoyts,Palermo,,RESIDENT EVIL: NOCHE CERO,2D Subtitulada,15:10,,,,https://www.cinemark.com.ar/peliculas/resident-evil-noche-cero
,Cinemark Hoyts,Palermo,,RESIDENT EVIL: NOCHE CERO,2D Subtitulada,17:30,,,,https://www.cinemark.com.ar/peliculas/resident-evil-noche-cero
,Cinemark Hoyts,Palermo,,RESIDENT EVIL: NOCHE CERO,2D Subtitulada,19:50,,,,https://www.cinemark.com.ar/peliculas/resident-evil-noche-cero
,Cinemark Hoyts,Palermo,,RESIDENT EVIL: NOCHE CERO,2D Subtitulada,22:10,,,,https://www.cinemark.com.ar/peliculas/resident-evil-noche-cero
,Cinemark Hoyts,Palermo,,MADRE SINIESTRA,2D Doblada,12:40,,,,https://www.cinemark.com.ar/peliculas/madre-siniestra
,Cinemark Hoyts,Palermo,,MADRE SINIESTRA,2D Subtitulada,15:00,,,,https://www.cinemark.com.ar/peliculas/madre-siniestra
,Cinemark Hoyts,Palermo,,MADRE SINIESTRA,2D Subtitulada,17:20,,,,https://www.cinemark.com.ar/peliculas/madre-siniestra
,Cinemark Hoyts,Palermo,,MADRE SINIESTRA,2D Subtitulada,19:40,,,,https://www.cinemark.com.ar/peliculas/madre-siniestra
,Cinemark Hoyts,Palermo,,MADRE SINIESTRA,2D Subtitulada,20:30,,,,https://www.cinemark.com.ar/peliculas/madre-siniestra
,Cinemark Hoyts,Palermo,,MADRE SINIESTRA,2D Subtitulada,22:00,,,,https://www.cinemark.com.ar/peliculas/madre-siniestra
,Cinemark Hoyts,Palermo,,MADRE SINIESTRA,2D Subtitulada,22:50,,,,https://www.cinemark.com.ar/peliculas/madre-siniestra
,Cinemark Hoyts,Palermo,,LA ISLA OLVIDADA,2D Doblada,13:00,,,,https://www.cinemark.com.ar/peliculas/la-isla-olvidada
,Cinemark Hoyts,Palermo,,LA ISLA OLVIDADA,2D Doblada,15:30,,,,https://www.cinemark.com.ar/peliculas/la-isla-olvidada
,Cinemark Hoyts,Palermo,,DIGGER,2D Subtitulada,13:10,,,,https://www.cinemark.com.ar/peliculas/digger
,Cinemark Hoyts,Palermo,,DIGGER,2D Subtitulada,16:10,,,,https://www.cinemark.com.ar/peliculas/digger
,Cinemark Hoyts,Palermo,,DIGGER,2D Subtitulada,19:10,,,,https://www.cinemark.com.ar/peliculas/digger
,Cinemark Hoyts,Palermo,,DIGGER,2D Subtitulada,22:10,,,,https://www.cinemark.com.ar/peliculas/digger
,Cinemark Hoyts,Palermo,,CARS 20° ANIVERSARIO,2D Doblada,13:50,,,,https://www.cinemark.com.ar/peliculas/cars-20-aniversario
,Cinemark Hoyts,Palermo,,CARS 20° ANIVERSARIO,2D Doblada,16:50,,,,https://www.cinemark.com.ar/peliculas/cars-20-aniversario
,Cinemark Hoyts,Palermo,,CARS 20° ANIVERSARIO,2D Doblada,19:50,,,,https://www.cinemark.com.ar/peliculas/cars-20-aniversario
,Cinemark Hoyts,Palermo,,A CUALQUIER PRECIO,2D Subtitulada,15:00,,,,https://www.cinemark.com.ar/peliculas/a-cualquier-precio
,Cinemark Hoyts,Palermo,,A CUALQUIER PRECIO,2D Subtitulada,23:10,,,,https://www.cinemark.com.ar/peliculas/a-cualquier-precio
,Cinemark Hoyts,Palermo,,"YO, NARCISO",2D Doblada,17:30,,,,https://www.cinemark.com.ar/peliculas/yo-narciso
,Cinemark Hoyts,Palermo,,LA INVITACIÓN,2D Subtitulada,18:00,,,,https://www.cinemark.com.ar/peliculas/la-invitacion
,Cinemark Hoyts,Palermo,,AVENGERS: ENDGAME (RE ESTRENO),2D Subtitulada,22:30,,,,https://www.cinemark.com.ar/peliculas/avengers-endgame-re-estreno
,Cinemark Hoyts,Palermo,,LA ODISEA,2D Subtitulada,22:40,,,,https://www.cinemark.com.ar/peliculas/la-odisea
,Cinemark Hoyts,Palermo,,LOS JUEGOS DEL HAMBRE (2012),2D Subtitulada,23:00,,,,https://www.cinemark.com.ar/peliculas/los-juegos-del-hambre-2012
,Cinemark Hoyts,Moreno,,CARS 20° ANIVERSARIO,2D Doblada,12:20,,,,https://www.cinemark.com.ar/peliculas/cars-20-aniversario
,Cinemark Hoyts,Moreno,,CARS 20° ANIVERSARIO,2D Doblada,15:10,,,,https://www.cinemark.com.ar/peliculas/cars-20-aniversario
,Cinemark Hoyts,Moreno,,CARS 20° ANIVERSARIO,2D Doblada,17:50,,,,https://www.cinemark.com.ar/peliculas/cars-20-aniversario
,Cinemark Hoyts,Moreno,,CARS 20° ANIVERSARIO,2D Doblada,20:30,,,,https://www.cinemark.com.ar/peliculas/cars-20-aniversario
,Cinemark Hoyts,Moreno,,EL CORAZÓN DE LA BESTIA,2D Doblada,12:40,,,,https://www.cinemark.com.ar/peliculas/el-corazon-de-la-bestia
,Cinemark Hoyts,Moreno,,EL CORAZÓN DE LA BESTIA,2D Doblada,15:10,,,,https://www.cinemark.com.ar/peliculas/el-corazon-de-la-bestia
,Cinemark Hoyts,Moreno,,EL CORAZÓN DE LA BESTIA,2D Doblada,17:30,,,,https://www.cinemark.com.ar/peliculas/el-corazon-de-la-bestia
,Cinemark Hoyts,Moreno,,EL CORAZÓN DE LA BESTIA,2D Doblada,19:50,,,,https://www.cinemark.com.ar/peliculas/el-corazon-de-la-bestia
,Cinemark Hoyts,Moreno,,EL CORAZÓN DE LA BESTIA,2D Doblada,22:10,,,,https://www.cinemark.com.ar/peliculas/el-corazon-de-la-bestia
,Cinemark Hoyts,Moreno,,COYOTE VS ACME,2D Doblada,12:50,,,,https://www.cinemark.com.ar/peliculas/coyote-vs-acme
,Cinemark Hoyts,Moreno,,COYOTE VS ACME,2D Doblada,15:20,,,,https://www.cinemark.com.ar/peliculas/coyote-vs-acme
,Cinemark Hoyts,Moreno,,COYOTE VS ACME,2D Doblada,17:40,,,,https://www.cinemark.com.ar/peliculas/coyote-vs-acme
,Cinemark Hoyts,Moreno,,RESIDENT EVIL: NOCHE CERO,2D Doblada,13:00,,,,https://www.cinemark.com.ar/peliculas/resident-evil-noche-cero
,Cinemark Hoyts,Moreno,,RESIDENT EVIL: NOCHE CERO,2D Doblada,14:30,,,,https://www.cinemark.com.ar/peliculas/resident-evil-noche-cero
,Cinemark Hoyts,Moreno,,RESIDENT EVIL: NOCHE CERO,2D Doblada,16:00,,,,https://www.cinemark.com.ar/peliculas/resident-evil-noche-cero
,Cinemark Hoyts,Moreno,,RESIDENT EVIL: NOCHE CERO,2D Doblada,16:50,,,,https://www.cinemark.com.ar/peliculas/resident-evil-noche-cero
,Cinemark Hoyts,Moreno,,RESIDENT EVIL: NOCHE CERO,2D Doblada,19:30,,,,https://www.cinemark.com.ar/peliculas/resident-evil-noche-cero
,Cinemark Hoyts,Moreno,,RESIDENT EVIL: NOCHE CERO,2D Doblada,21:50,,,,https://www.cinemark.com.ar/peliculas/resident-evil-noche-cero
,Cinemark Hoyts,Moreno,,RESIDENT EVIL: NOCHE CERO,2D Doblada,23:00,,,,https://www.cinemark.com.ar/peliculas/resident-evil-noche-cero
,Cinemark Hoyts,Moreno,,GUARDIANES DEL MUSEO 2,2D Doblada,13:10,,,,https://www.cinemark.com.ar/peliculas/guardianes-del-museo-2
,Cinemark Hoyts,Moreno,,GUARDIANES DEL MUSEO 2,2D Doblada,15:35,,,,https://www.cinemark.com.ar/peliculas/guardianes-del-museo-2
,Cinemark Hoyts,Moreno,,AVENGERS: ENDGAME (RE ESTRENO),DBOX 2D Doblada,13:20,,,,https://www.cinemark.com.ar/peliculas/avengers-endgame-re-estreno
,Cinemark Hoyts,Moreno,,AVENGERS: ENDGAME (RE ESTRENO),2D Doblada,13:20,,,,https://www.cinemark.com.ar/peliculas/avengers-endgame-re-estreno
,Cinemark Hoyts,Moreno,,AVENGERS: ENDGAME (RE ESTRENO),DBOX 3D Subtitulada,17:20,,,,https://www.cinemark.com.ar/peliculas/avengers-endgame-re-estreno
,Cinemark Hoyts,Moreno,,AVENGERS: ENDGAME (RE ESTRENO),3D Subtitulada,17:20,,,,https://www.cinemark.com.ar/peliculas/avengers-endgame-re-estreno
,Cinemark Hoyts,Moreno,,AVENGERS: ENDGAME (RE ESTRENO),DBOX 2D Doblada,21:10,,,,https://www.cinemark.com.ar/peliculas/avengers-endgame-re-estreno
,Cinemark Hoyts,Moreno,,AVENGERS: ENDGAME (RE ESTRENO),2D Doblada,21:10,,,,https://www.cinemark.com.ar/peliculas/avengers-endgame-re-estreno
,Cinemark Hoyts,Moreno,,SPIDER-MAN: UN NUEVO DÍA,2D Doblada,13:50,,,,https://www.cinemark.com.ar/peliculas/spider-man-un-nuevo-dia
,Cinemark Hoyts,Moreno,,SPIDER-MAN: UN NUEVO DÍA,2D Doblada,19:20,,,,https://www.cinemark.com.ar/peliculas/spider-man-un-nuevo-dia
,Cinemark Hoyts,Moreno,,VERITY: LA SOMBRA DE UN ENGAÑO,2D Doblada,14:10,,,,https://www.cinemark.com.ar/peliculas/verity-la-sombra-de-un-engano
,Cinemark Hoyts,Moreno,,VERITY: LA SOMBRA DE UN ENGAÑO,2D Doblada,16:50,,,,https://www.cinemark.com.ar/peliculas/verity-la-sombra-de-un-engano
,Cinemark Hoyts,Moreno,,VERITY: LA SOMBRA DE UN ENGAÑO,2D Doblada,19:40,,,,https://www.cinemark.com.ar/peliculas/verity-la-sombra-de-un-engano
,Cinemark Hoyts,Moreno,,MADRE SINIESTRA,DBOX 2D Doblada,14:50,,,,https://www.cinemark.com.ar/peliculas/madre-siniestra
,Cinemark Hoyts,Moreno,,MADRE SINIESTRA,2D Doblada,14:50,,,,https://www.cinemark.com.ar/peliculas/madre-siniestra
,Cinemark Hoyts,Moreno,,MADRE SINIESTRA,DBOX 2D Doblada,17:10,,,,https://www.cinemark.com.ar/peliculas/madre-siniestra
,Cinemark Hoyts,Moreno,,MADRE SINIESTRA,2D Doblada,17:10,,,,https://www.cinemark.com.ar/peliculas/madre-siniestra
,Cinemark Hoyts,Moreno,,MADRE SINIESTRA,DBOX 2D Doblada,19:20,,,,https://www.cinemark.com.ar/peliculas/madre-siniestra
,Cinemark Hoyts,Moreno,,MADRE SINIESTRA,2D Doblada,19:20,,,,https://www.cinemark.com.ar/peliculas/madre-siniestra
,Cinemark Hoyts,Moreno,,MADRE SINIESTRA,2D Doblada,20:10,,,,https://www.cinemark.com.ar/peliculas/madre-siniestra
,Cinemark Hoyts,Moreno,,MADRE SINIESTRA,DBOX 2D Doblada,21:40,,,,https://www.cinemark.com.ar/peliculas/madre-siniestra
,Cinemark Hoyts,Moreno,,MADRE SINIESTRA,2D Doblada,21:40,,,,https://www.cinemark.com.ar/peliculas/madre-siniestra
,Cinemark Hoyts,Moreno,,MADRE SINIESTRA,2D Doblada,22:40,,,,https://www.cinemark.com.ar/peliculas/madre-siniestra
,Cinemark Hoyts,Moreno,,A CUALQUIER PRECIO,2D Doblada,17:00,,,,https://www.cinemark.com.ar/peliculas/a-cualquier-precio
,Cinemark Hoyts,Moreno,,A CUALQUIER PRECIO,2D Doblada,22:50,,,,https://www.cinemark.com.ar/peliculas/a-cualquier-precio
,Cinemark Hoyts,Moreno,,LA CASA,2D Doblada,18:00,,,,https://www.cinemark.com.ar/peliculas/la-casa
,Cinemark Hoyts,Moreno,,LA CASA,2D Doblada,22:30,,,,https://www.cinemark.com.ar/peliculas/la-casa
,Cinemark Hoyts,Moreno,,HOPE: EL PRIMER IMPACTO,2D Doblada,18:30,,,,https://www.cinemark.com.ar/peliculas/hope-el-primer-impacto
,Cinemark Hoyts,Moreno,,HOPE: EL PRIMER IMPACTO,2D Doblada,22:00,,,,https://www.cinemark.com.ar/peliculas/hope-el-primer-impacto
,Cinemark Hoyts,Moreno,,VÉRTIGO 2: PUNTO MUERTO,2D Doblada,20:20,,,,https://www.cinemark.com.ar/peliculas/vertigo-2-punto-muerto
,Cinemark Hoyts,Moreno,,LOS JUEGOS DEL HAMBRE (2012),2D Doblada,22:10,,,,https://www.cinemark.com.ar/peliculas/los-juegos-del-hambre-2012
,Cinemark Hoyts,Malvinas Argentinas,,RESIDENT EVIL: NOCHE CERO,DBOX XD 2D Doblada,12:30,,,,https://www.cinemark.com.ar/peliculas/resident-evil-noche-cero
,Cinemark Hoyts,Malvinas Argentinas,,RESIDENT EVIL: NOCHE CERO,XD 2D Doblada,12:30,,,,https://www.cinemark.com.ar/peliculas/resident-evil-noche-cero
,Cinemark Hoyts,Malvinas Argentinas,,RESIDENT EVIL: NOCHE CERO,DBOX XD 2D Doblada,14:50,,,,https://www.cinemark.com.ar/peliculas/resident-evil-noche-cero
,Cinemark Hoyts,Malvinas Argentinas,,RESIDENT EVIL: NOCHE CERO,XD 2D Doblada,14:50,,,,https://www.cinemark.com.ar/peliculas/resident-evil-noche-cero
,Cinemark Hoyts,Malvinas Argentinas,,RESIDENT EVIL: NOCHE CERO,2D Subtitulada,16:50,,,,https://www.cinemark.com.ar/peliculas/resident-evil-noche-cero
,Cinemark Hoyts,Malvinas Argentinas,,RESIDENT EVIL: NOCHE CERO,DBOX XD 2D Doblada,17:30,,,,https://www.cinemark.com.ar/peliculas/resident-evil-noche-cero
,Cinemark Hoyts,Malvinas Argentinas,,RESIDENT EVIL: NOCHE CERO,XD 2D Doblada,17:30,,,,https://www.cinemark.com.ar/peliculas/resident-evil-noche-cero
,Cinemark Hoyts,Malvinas Argentinas,,RESIDENT EVIL: NOCHE CERO,DBOX XD 2D Doblada,19:50,,,,https://www.cinemark.com.ar/peliculas/resident-evil-noche-cero
,Cinemark Hoyts,Malvinas Argentinas,,RESIDENT EVIL: NOCHE CERO,XD 2D Doblada,19:50,,,,https://www.cinemark.com.ar/peliculas/resident-evil-noche-cero
,Cinemark Hoyts,Malvinas Argentinas,,RESIDENT EVIL: NOCHE CERO,2D Doblada,21:50,,,,https://www.cinemark.com.ar/peliculas/resident-evil-noche-cero
,Cinemark Hoyts,Malvinas Argentinas,,RESIDENT EVIL: NOCHE CERO,DBOX XD 2D Doblada,22:30,,,,https://www.cinemark.com.ar/peliculas/resident-evil-noche-cero
,Cinemark Hoyts,Malvinas Argentinas,,RESIDENT EVIL: NOCHE CERO,XD 2D Doblada,22:30,,,,https://www.cinemark.com.ar/peliculas/resident-evil-noche-cero
,Cinemark Hoyts,Malvinas Argentinas,,EL CORAZÓN DE LA BESTIA,2D Doblada,12:40,,,,https://www.cinemark.com.ar/peliculas/el-corazon-de-la-bestia
,Cinemark Hoyts,Malvinas Argentinas,,EL CORAZÓN DE LA BESTIA,2D Doblada,15:00,,,,https://www.cinemark.com.ar/peliculas/el-corazon-de-la-bestia
,Cinemark Hoyts,Malvinas Argentinas,,EL CORAZÓN DE LA BESTIA,2D Doblada,17:20,,,,https://www.cinemark.com.ar/peliculas/el-corazon-de-la-bestia
,Cinemark Hoyts,Malvinas Argentinas,,EL CORAZÓN DE LA BESTIA,2D Doblada,19:45,,,,https://www.cinemark.com.ar/peliculas/el-corazon-de-la-bestia
,Cinemark Hoyts,Malvinas Argentinas,,EL CORAZÓN DE LA BESTIA,2D Doblada,22:20,,,,https://www.cinemark.com.ar/peliculas/el-corazon-de-la-bestia
,Cinemark Hoyts,Malvinas Argentinas,,VERITY: LA SOMBRA DE UN ENGAÑO,2D Doblada,12:55,,,,https://www.cinemark.com.ar/peliculas/verity-la-sombra-de-un-engano
,Cinemark Hoyts,Malvinas Argentinas,,VERITY: LA SOMBRA DE UN ENGAÑO,2D Doblada,15:30,,,,https://www.cinemark.com.ar/peliculas/verity-la-sombra-de-un-engano
,Cinemark Hoyts,Malvinas Argentinas,,VERITY: LA SOMBRA DE UN ENGAÑO,2D Doblada,18:00,,,,https://www.cinemark.com.ar/peliculas/verity-la-sombra-de-un-engano
,Cinemark Hoyts,Malvinas Argentinas,,VERITY: LA SOMBRA DE UN ENGAÑO,2D Doblada,20:30,,,,https://www.cinemark.com.ar/peliculas/verity-la-sombra-de-un-engano
,Cinemark Hoyts,Malvinas Argentinas,,VERITY: LA SOMBRA DE UN ENGAÑO,2D Doblada,23:00,,,,https://www.cinemark.com.ar/peliculas/verity-la-sombra-de-un-engano
,Cinemark Hoyts,Malvinas Argentinas,,GUARDIANES DEL MUSEO 2,2D Doblada,13:00,,,,https://www.cinemark.com.ar/peliculas/guardianes-del-museo-2
,Cinemark Hoyts,Malvinas Argentinas,,SPIDER-MAN: UN NUEVO DÍA,2D Doblada,13:10,,,,https://www.cinemark.com.ar/peliculas/spider-man-un-nuevo-dia
,Cinemark Hoyts,Malvinas Argentinas,,SPIDER-MAN: UN NUEVO DÍA,2D Doblada,16:20,,,,https://www.cinemark.com.ar/peliculas/spider-man-un-nuevo-dia
,Cinemark Hoyts,Malvinas Argentinas,,MADRE SINIESTRA,DBOX 2D Doblada,13:20,,,,https://www.cinemark.com.ar/peliculas/madre-siniestra
,Cinemark Hoyts,Malvinas Argentinas,,MADRE SINIESTRA,2D Doblada,13:20,,,,https://www.cinemark.com.ar/peliculas/madre-siniestra
,Cinemark Hoyts,Malvinas Argentinas,,MADRE SINIESTRA,DBOX 2D Subtitulada,15:40,,,,https://www.cinemark.com.ar/peliculas/madre-siniestra
,Cinemark Hoyts,Malvinas Argentinas,,MADRE SINIESTRA,2D Subtitulada,15:40,,,,https://www.cinemark.com.ar/peliculas/madre-siniestra
,Cinemark Hoyts,Malvinas Argentinas,,MADRE SINIESTRA,DBOX 2D Doblada,17:50,,,,https://www.cinemark.com.ar/peliculas/madre-siniestra
,Cinemark Hoyts,Malvinas Argentinas,,MADRE SINIESTRA,2D Doblada,17:50,,,,https://www.cinemark.com.ar/peliculas/madre-siniestra
,Cinemark Hoyts,Malvinas Argentinas,,MADRE SINIESTRA,2D Doblada,19:30,,,,https://www.cinemark.com.ar/peliculas/madre-siniestra
,Cinemark Hoyts,Malvinas Argentinas,,MADRE SINIESTRA,DBOX 2D Doblada,20:20,,,,https://www.cinemark.com.ar/peliculas/madre-siniestra
,Cinemark Hoyts,Malvinas Argentinas,,MADRE SINIESTRA,2D Doblada,20:20,,,,https://www.cinemark.com.ar/peliculas/madre-siniestra
,Cinemark Hoyts,Malvinas Argentinas,,MADRE SINIESTRA,2D Doblada,22:00,,,,https://www.cinemark.com.ar/peliculas/madre-siniestra
,Cinemark Hoyts,Malvinas Argentinas,,MADRE SINIESTRA,DBOX 2D Doblada,22:40,,,,https://www.cinemark.com.ar/peliculas/madre-siniestra
,Cinemark Hoyts,Malvinas Argentinas,,MADRE SINIESTRA,2D Doblada,22:40,,,,https://www.cinemark.com.ar/peliculas/madre-siniestra
,Cinemark Hoyts,Malvinas Argentinas,,CARS 20° ANIVERSARIO,2D Doblada,13:40,,,,https://www.cinemark.com.ar/peliculas/cars-20-aniversario
,Cinemark Hoyts,Malvinas Argentinas,,CARS 20° ANIVERSARIO,2D Doblada,16:40,,,,https://www.cinemark.com.ar/peliculas/cars-20-aniversario
,Cinemark Hoyts,Malvinas Argentinas,,CARS 20° ANIVERSARIO,2D Doblada,19:40,,,,https://www.cinemark.com.ar/peliculas/cars-20-aniversario
,Cinemark Hoyts,Malvinas Argentinas,,LA ISLA OLVIDADA,2D Doblada,14:00,,,,https://www.cinemark.com.ar/peliculas/la-isla-olvidada
,Cinemark Hoyts,Malvinas Argentinas,,LA CASA,2D Doblada,14:10,,,,https://www.cinemark.com.ar/peliculas/la-casa
,Cinemark Hoyts,Malvinas Argentinas,,LA CASA,2D Doblada,19:20,,,,https://www.cinemark.com.ar/peliculas/la-casa
,Cinemark Hoyts,Malvinas Argentinas,,A CUALQUIER PRECIO,2D Doblada,15:10,,,,https://www.cinemark.com.ar/peliculas/a-cualquier-precio
,Cinemark Hoyts,Malvinas Argentinas,,A CUALQUIER PRECIO,2D Doblada,20:00,,,,https://www.cinemark.com.ar/peliculas/a-cualquier-precio
,Cinemark Hoyts,Malvinas Argentinas,,COYOTE VS ACME,2D Doblada,16:30,,,,https://www.cinemark.com.ar/peliculas/coyote-vs-acme
,Cinemark Hoyts,Malvinas Argentinas,,COYOTE VS ACME,2D Doblada,17:35,,,,https://www.cinemark.com.ar/peliculas/coyote-vs-acme
,Cinemark Hoyts,Malvinas Argentinas,,LA ODISEA,2D Doblada,19:00,,,,https://www.cinemark.com.ar/peliculas/la-odisea
,Cinemark Hoyts,Malvinas Argentinas,,LOS JUEGOS DEL HAMBRE (2012),2D Doblada,22:15,,,,https://www.cinemark.com.ar/peliculas/los-juegos-del-hambre-2012
,Cinemark Hoyts,Malvinas Argentinas,,DIGGER,2D Doblada,22:20,,,,https://www.cinemark.com.ar/peliculas/digger
,Cinemark Hoyts,Malvinas Argentinas,,VÉRTIGO 2: PUNTO MUERTO,2D Doblada,22:50,,,,https://www.cinemark.com.ar/peliculas/vertigo-2-punto-muerto
,Cinemark Hoyts,Abasto,,MADRE SINIESTRA,DBOX 2D Doblada,12:30,,,,https://www.cinemark.com.ar/peliculas/madre-siniestra
,Cinemark Hoyts,Abasto,,MADRE SINIESTRA,2D Doblada,12:30,,,,https://www.cinemark.com.ar/peliculas/madre-siniestra
,Cinemark Hoyts,Abasto,,MADRE SINIESTRA,DBOX 2D Doblada,15:00,,,,https://www.cinemark.com.ar/peliculas/madre-siniestra
,Cinemark Hoyts,Abasto,,MADRE SINIESTRA,2D Doblada,15:00,,,,https://www.cinemark.com.ar/peliculas/madre-siniestra
,Cinemark Hoyts,Abasto,,MADRE SINIESTRA,DBOX 2D Doblada,17:30,,,,https://www.cinemark.com.ar/peliculas/madre-siniestra
,Cinemark Hoyts,Abasto,,MADRE SINIESTRA,2D Doblada,17:30,,,,https://www.cinemark.com.ar/peliculas/madre-siniestra
,Cinemark Hoyts,Abasto,,MADRE SINIESTRA,DBOX 2D Doblada,20:00,,,,https://www.cinemark.com.ar/peliculas/madre-siniestra
,Cinemark Hoyts,Abasto,,MADRE SINIESTRA,2D Doblada,20:00,,,,https://www.cinemark.com.ar/peliculas/madre-siniestra
,Cinemark Hoyts,Abasto,,MADRE SINIESTRA,2D Subtitulada,20:30,,,,https://www.cinemark.com.ar/peliculas/madre-siniestra
,Cinemark Hoyts,Abasto,,MADRE SINIESTRA,DBOX 2D Doblada,22:20,,,,https://www.cinemark.com.ar/peliculas/madre-siniestra
,Cinemark Hoyts,Abasto,,MADRE SINIESTRA,2D Doblada,22:20,,,,https://www.cinemark.com.ar/peliculas/madre-siniestra
,Cinemark Hoyts,Abasto,,MADRE SINIESTRA,2D Subtitulada,22:50,,,,https://www.cinemark.com.ar/peliculas/madre-siniestra
,Cinemark Hoyts,Abasto,,COYOTE VS ACME,2D Doblada,12:30,,,,https://www.cinemark.com.ar/peliculas/coyote-vs-acme
,Cinemark Hoyts,Abasto,,COYOTE VS ACME,2D Doblada,15:00,,,,https://www.cinemark.com.ar/peliculas/coyote-vs-acme
,Cinemark Hoyts,Abasto,,COYOTE VS ACME,2D Doblada,17:30,,,,https://www.cinemark.com.ar/peliculas/coyote-vs-acme
,Cinemark Hoyts,Abasto,,COYOTE VS ACME,2D Doblada,20:00,,,,https://www.cinemark.com.ar/peliculas/coyote-vs-acme
,Cinemark Hoyts,Abasto,,LA CASA,2D Doblada,12:30,,,,https://www.cinemark.com.ar/peliculas/la-casa
,Cinemark Hoyts,Abasto,,LA CASA,2D Doblada,15:00,,,,https://www.cinemark.com.ar/peliculas/la-casa
,Cinemark Hoyts,Abasto,,LA CASA,2D Doblada,22:50,,,,https://www.cinemark.com.ar/peliculas/la-casa
,Cinemark Hoyts,Abasto,,GUARDIANES DEL MUSEO 2,2D Doblada,12:30,,,,https://www.cinemark.com.ar/peliculas/guardianes-del-museo-2
,Cinemark Hoyts,Abasto,,GUARDIANES DEL MUSEO 2,2D Doblada,14:40,,,,https://www.cinemark.com.ar/peliculas/guardianes-del-museo-2
,Cinemark Hoyts,Abasto,,VERITY: LA SOMBRA DE UN ENGAÑO,DBOX 2D Doblada,12:40,,,,https://www.cinemark.com.ar/peliculas/verity-la-sombra-de-un-engano
,Cinemark Hoyts,Abasto,,VERITY: LA SOMBRA DE UN ENGAÑO,2D Doblada,12:40,,,,https://www.cinemark.com.ar/peliculas/verity-la-sombra-de-un-engano
,Cinemark Hoyts,Abasto,,VERITY: LA SOMBRA DE UN ENGAÑO,DBOX 2D Doblada,15:15,,,,https://www.cinemark.com.ar/peliculas/verity-la-sombra-de-un-engano
,Cinemark Hoyts,Abasto,,VERITY: LA SOMBRA DE UN ENGAÑO,2D Doblada,15:15,,,,https://www.cinemark.com.ar/peliculas/verity-la-sombra-de-un-engano
,Cinemark Hoyts,Abasto,,VERITY: LA SOMBRA DE UN ENGAÑO,DBOX 2D Doblada,17:50,,,,https://www.cinemark.com.ar/peliculas/verity-la-sombra-de-un-engano
,Cinemark Hoyts,Abasto,,VERITY: LA SOMBRA DE UN ENGAÑO,2D Doblada,17:50,,,,https://www.cinemark.com.ar/peliculas/verity-la-sombra-de-un-engano
,Cinemark Hoyts,Abasto,,VERITY: LA SOMBRA DE UN ENGAÑO,DBOX 2D Doblada,20:25,,,,https://www.cinemark.com.ar/peliculas/verity-la-sombra-de-un-engano
,Cinemark Hoyts,Abasto,,VERITY: LA SOMBRA DE UN ENGAÑO,2D Doblada,20:25,,,,https://www.cinemark.com.ar/peliculas/verity-la-sombra-de-un-engano
,Cinemark Hoyts,Abasto,,VERITY: LA SOMBRA DE UN ENGAÑO,2D Doblada,22:30,,,,https://www.cinemark.com.ar/peliculas/verity-la-sombra-de-un-engano
,Cinemark Hoyts,Abasto,,VERITY: LA SOMBRA DE UN ENGAÑO,DBOX 2D Subtitulada,23:00,,,,https://www.cinemark.com.ar/peliculas/verity-la-sombra-de-un-engano
,Cinemark Hoyts,Abasto,,VERITY: LA SOMBRA DE UN ENGAÑO,2D Subtitulada,23:00,,,,https://www.cinemark.com.ar/peliculas/verity-la-sombra-de-un-engano
,Cinemark Hoyts,Abasto,,LA ISLA OLVIDADA,2D Doblada,12:50,,,,https://www.cinemark.com.ar/peliculas/la-isla-olvidada
,Cinemark Hoyts,Abasto,,LA ISLA OLVIDADA,2D Doblada,15:20,,,,https://www.cinemark.com.ar/peliculas/la-isla-olvidada
,Cinemark Hoyts,Abasto,,LA ISLA OLVIDADA,2D Doblada,18:00,,,,https://www.cinemark.com.ar/peliculas/la-isla-olvidada
,Cinemark Hoyts,Abasto,,SPIDER-MAN: UN NUEVO DÍA,2D Doblada,13:00,,,,https://www.cinemark.com.ar/peliculas/spider-man-un-nuevo-dia
,Cinemark Hoyts,Abasto,,SPIDER-MAN: UN NUEVO DÍA,2D Doblada,16:10,,,,https://www.cinemark.com.ar/peliculas/spider-man-un-nuevo-dia
,Cinemark Hoyts,Abasto,,SPIDER-MAN: UN NUEVO DÍA,2D Doblada,19:20,,,,https://www.cinemark.com.ar/peliculas/spider-man-un-nuevo-dia
,Cinemark Hoyts,Abasto,,EL CORAZÓN DE LA BESTIA,2D Doblada,13:10,,,,https://www.cinemark.com.ar/peliculas/el-corazon-de-la-bestia
,Cinemark Hoyts,Abasto,,EL CORAZÓN DE LA BESTIA,2D Doblada,15:30,,,,https://www.cinemark.com.ar/peliculas/el-corazon-de-la-bestia
,Cinemark Hoyts,Abasto,,EL CORAZÓN DE LA BESTIA,2D Doblada,17:50,,,,https://www.cinemark.com.ar/peliculas/el-corazon-de-la-bestia
,Cinemark Hoyts,Abasto,,EL CORAZÓN DE LA BESTIA,2D Subtitulada,20:20,,,,https://www.cinemark.com.ar/peliculas/el-corazon-de-la-bestia
,Cinemark Hoyts,Abasto,,EL CORAZÓN DE LA BESTIA,2D Doblada,22:40,,,,https://www.cinemark.com.ar/peliculas/el-corazon-de-la-bestia
,Cinemark Hoyts,Abasto,,RESIDENT EVIL: NOCHE CERO,DBOX 2D Doblada,13:20,,,,https://www.cinemark.com.ar/peliculas/resident-evil-noche-cero
,Cinemark Hoyts,Abasto,,RESIDENT EVIL: NOCHE CERO,2D Doblada,13:20,,,,https://www.cinemark.com.ar/peliculas/resident-evil-noche-cero
,Cinemark Hoyts,Abasto,,RESIDENT EVIL: NOCHE CERO,2D Doblada,14:40,,,,https://www.cinemark.com.ar/peliculas/resident-evil-noche-cero
,Cinemark Hoyts,Abasto,,RESIDENT EVIL: NOCHE CERO,DBOX 2D Doblada,15:40,,,,https://www.cinemark.com.ar/peliculas/resident-evil-noche-cero
,Cinemark Hoyts,Abasto,,RESIDENT EVIL: NOCHE CERO,2D Doblada,15:40,,,,https://www.cinemark.com.ar/peliculas/resident-evil-noche-cero
,Cinemark Hoyts,Abasto,,RESIDENT EVIL: NOCHE CERO,2D Doblada,17:10,,,,https://www.cinemark.com.ar/peliculas/resident-evil-noche-cero
,Cinemark Hoyts,Abasto,,RESIDENT EVIL: NOCHE CERO,DBOX 2D Doblada,18:10,,,,https://www.cinemark.com.ar/peliculas/resident-evil-noche-cero
,Cinemark Hoyts,Abasto,,RESIDENT EVIL: NOCHE CERO,2D Doblada,18:10,,,,https://www.cinemark.com.ar/peliculas/resident-evil-noche-cero
,Cinemark Hoyts,Abasto,,RESIDENT EVIL: NOCHE CERO,2D Doblada,19:30,,,,https://www.cinemark.com.ar/peliculas/resident-evil-noche-cero
,Cinemark Hoyts,Abasto,,RESIDENT EVIL: NOCHE CERO,DBOX 2D Doblada,20:30,,,,https://www.cinemark.com.ar/peliculas/resident-evil-noche-cero
,Cinemark Hoyts,Abasto,,RESIDENT EVIL: NOCHE CERO,2D Doblada,20:30,,,,https://www.cinemark.com.ar/peliculas/resident-evil-noche-cero
,Cinemark Hoyts,Abasto,,RESIDENT EVIL: NOCHE CERO,DBOX 2D Doblada,22:50,,,,https://www.cinemark.com.ar/peliculas/resident-evil-noche-cero
,Cinemark Hoyts,Abasto,,RESIDENT EVIL: NOCHE CERO,2D Doblada,22:50,,,,https://www.cinemark.com.ar/peliculas/resident-evil-noche-cero
,Cinemark Hoyts,Abasto,,CARS 20° ANIVERSARIO,2D Doblada,14:10,,,,https://www.cinemark.com.ar/peliculas/cars-20-aniversario
,Cinemark Hoyts,Abasto,,CARS 20° ANIVERSARIO,2D Doblada,17:00,,,,https://www.cinemark.com.ar/peliculas/cars-20-aniversario
,Cinemark Hoyts,Abasto,,CARS 20° ANIVERSARIO,2D Doblada,19:50,,,,https://www.cinemark.com.ar/peliculas/cars-20-aniversario
,Cinemark Hoyts,Abasto,,AVENGERS: ENDGAME (RE ESTRENO),2D Doblada,14:30,,,,https://www.cinemark.com.ar/peliculas/avengers-endgame-re-estreno
,Cinemark Hoyts,Abasto,,AVENGERS: ENDGAME (RE ESTRENO),3D Doblada,18:15,,,,https://www.cinemark.com.ar/peliculas/avengers-endgame-re-estreno
,Cinemark Hoyts,Abasto,,AVENGERS: ENDGAME (RE ESTRENO),2D Doblada,22:00,,,,https://www.cinemark.com.ar/peliculas/avengers-endgame-re-estreno
,Cinemark Hoyts,Abasto,,HOPE: EL PRIMER IMPACTO,2D Doblada,16:50,,,,https://www.cinemark.com.ar/peliculas/hope-el-primer-impacto
,Cinemark Hoyts,Abasto,,HOPE: EL PRIMER IMPACTO,2D Doblada,23:00,,,,https://www.cinemark.com.ar/peliculas/hope-el-primer-impacto
,Cinemark Hoyts,Abasto,,A CUALQUIER PRECIO,2D Subtitulada,17:40,,,,https://www.cinemark.com.ar/peliculas/a-cualquier-precio
,Cinemark Hoyts,Abasto,,A CUALQUIER PRECIO,2D Subtitulada,20:10,,,,https://www.cinemark.com.ar/peliculas/a-cualquier-precio
,Cinemark Hoyts,Abasto,,PMMM: WALPURGISNACHT RISING,2D Subtitulada,20:20,,,,https://www.cinemark.com.ar/peliculas/puella-magi-madoka-magica-walpurgisnacht-rising
,Cinemark Hoyts,Abasto,,LOS JUEGOS DEL HAMBRE (2012),2D Doblada,22:00,,,,https://www.cinemark.com.ar/peliculas/los-juegos-del-hambre-2012
,Cinemark Hoyts,Abasto,,DIGGER,2D Doblada,22:30,,,,https://www.cinemark.com.ar/peliculas/digger
,Cinemark Hoyts,Abasto,,VÉRTIGO 2: PUNTO MUERTO,2D Doblada,22:50,,,,https://www.cinemark.com.ar/peliculas/vertigo-2-punto-muerto
,Cinemark Hoyts,Caballito,,VERITY: LA SOMBRA DE UN ENGAÑO,2D Subtitulada,12:30,,,,https://www.cinemark.com.ar/peliculas/verity-la-sombra-de-un-engano
,Cinemark Hoyts,Caballito,,VERITY: LA SOMBRA DE UN ENGAÑO,2D Subtitulada,15:00,,,,https://www.cinemark.com.ar/peliculas/verity-la-sombra-de-un-engano
,Cinemark Hoyts,Caballito,,VERITY: LA SOMBRA DE UN ENGAÑO,2D Subtitulada,17:40,,,,https://www.cinemark.com.ar/peliculas/verity-la-sombra-de-un-engano
,Cinemark Hoyts,Caballito,,VERITY: LA SOMBRA DE UN ENGAÑO,2D Subtitulada,20:20,,,,https://www.cinemark.com.ar/peliculas/verity-la-sombra-de-un-engano
,Cinemark Hoyts,Caballito,,VERITY: LA SOMBRA DE UN ENGAÑO,2D Subtitulada,23:00,,,,https://www.cinemark.com.ar/peliculas/verity-la-sombra-de-un-engano
,Cinemark Hoyts,Caballito,,EL CORAZÓN DE LA BESTIA,2D Subtitulada,12:50,,,,https://www.cinemark.com.ar/peliculas/el-corazon-de-la-bestia
,Cinemark Hoyts,Caballito,,EL CORAZÓN DE LA BESTIA,2D Subtitulada,15:10,,,,https://www.cinemark.com.ar/peliculas/el-corazon-de-la-bestia
,Cinemark Hoyts,Caballito,,EL CORAZÓN DE LA BESTIA,2D Subtitulada,17:30,,,,https://www.cinemark.com.ar/peliculas/el-corazon-de-la-bestia
,Cinemark Hoyts,Caballito,,EL CORAZÓN DE LA BESTIA,2D Subtitulada,20:00,,,,https://www.cinemark.com.ar/peliculas/el-corazon-de-la-bestia
,Cinemark Hoyts,Caballito,,EL CORAZÓN DE LA BESTIA,2D Subtitulada,22:20,,,,https://www.cinemark.com.ar/peliculas/el-corazon-de-la-bestia
,Cinemark Hoyts,Caballito,,RESIDENT EVIL: NOCHE CERO,2D Doblada,13:10,,,,https://www.cinemark.com.ar/peliculas/resident-evil-noche-cero
,Cinemark Hoyts,Caballito,,RESIDENT EVIL: NOCHE CERO,2D Subtitulada,15:30,,,,https://www.cinemark.com.ar/peliculas/resident-evil-noche-cero
,Cinemark Hoyts,Caballito,,RESIDENT EVIL: NOCHE CERO,2D Doblada,17:50,,,,https://www.cinemark.com.ar/peliculas/resident-evil-noche-cero
,Cinemark Hoyts,Caballito,,RESIDENT EVIL: NOCHE CERO,2D Subtitulada,20:10,,,,https://www.cinemark.com.ar/peliculas/resident-evil-noche-cero
,Cinemark Hoyts,Caballito,,RESIDENT EVIL: NOCHE CERO,2D Subtitulada,22:30,,,,https://www.cinemark.com.ar/peliculas/resident-evil-noche-cero
,Cinemark Hoyts,Caballito,,MADRE SINIESTRA,2D Subtitulada,13:20,,,,https://www.cinemark.com.ar/peliculas/madre-siniestra
,Cinemark Hoyts,Caballito,,MADRE SINIESTRA,2D Subtitulada,15:50,,,,https://www.cinemark.com.ar/peliculas/madre-siniestra
,Cinemark Hoyts,Caballito,,MADRE SINIESTRA,2D Subtitulada,18:10,,,,https://www.cinemark.com.ar/peliculas/madre-siniestra
,Cinemark Hoyts,Caballito,,MADRE SINIESTRA,2D Subtitulada,20:30,,,,https://www.cinemark.com.ar/peliculas/madre-siniestra
,Cinemark Hoyts,Caballito,,MADRE SINIESTRA,2D Subtitulada,22:00,,,,https://www.cinemark.com.ar/peliculas/madre-siniestra
,Cinemark Hoyts,Caballito,,MADRE SINIESTRA,2D Subtitulada,22:50,,,,https://www.cinemark.com.ar/peliculas/madre-siniestra
,Cinemark Hoyts,Caballito,,LA ISLA OLVIDADA,2D Doblada,13:30,,,,https://www.cinemark.com.ar/peliculas/la-isla-olvidada
,Cinemark Hoyts,Caballito,,LA ISLA OLVIDADA,2D Doblada,16:00,,,,https://www.cinemark.com.ar/peliculas/la-isla-olvidada
,Cinemark Hoyts,Caballito,,CARS 20° ANIVERSARIO,2D Doblada,13:50,,,,https://www.cinemark.com.ar/peliculas/cars-20-aniversario
,Cinemark Hoyts,Caballito,,CARS 20° ANIVERSARIO,2D Doblada,16:30,,,,https://www.cinemark.com.ar/peliculas/cars-20-aniversario
,Cinemark Hoyts,Caballito,,CARS 20° ANIVERSARIO,2D Doblada,19:10,,,,https://www.cinemark.com.ar/peliculas/cars-20-aniversario
,Cinemark Hoyts,Caballito,,LA ODISEA,2D Subtitulada,18:30,,,,https://www.cinemark.com.ar/peliculas/la-odisea
,Cinemark Hoyts,Caballito,,DIGGER,2D Subtitulada,22:10,,,,https://www.cinemark.com.ar/peliculas/digger
,Cinemark Hoyts,Alto Avellaneda,,RESIDENT EVIL: NOCHE CERO,DBOX XD 2D Doblada,12:40,,,,https://www.cinemark.com.ar/peliculas/resident-evil-noche-cero
,Cinemark Hoyts,Alto Avellaneda,,RESIDENT EVIL: NOCHE CERO,XD 2D Doblada,12:40,,,,https://www.cinemark.com.ar/peliculas/resident-evil-noche-cero
,Cinemark Hoyts,Alto Avellaneda,,RESIDENT EVIL: NOCHE CERO,DBOX XD 2D Doblada,15:20,,,,https://www.cinemark.com.ar/peliculas/resident-evil-noche-cero
,Cinemark Hoyts,Alto Avellaneda,,RESIDENT EVIL: NOCHE CERO,XD 2D Doblada,15:20,,,,https://www.cinemark.com.ar/peliculas/resident-evil-noche-cero
,Cinemark Hoyts,Alto Avellaneda,,RESIDENT EVIL: NOCHE CERO,DBOX XD 2D Doblada,17:40,,,,https://www.cinemark.com.ar/peliculas/resident-evil-noche-cero
,Cinemark Hoyts,Alto Avellaneda,,RESIDENT EVIL: NOCHE CERO,XD 2D Doblada,17:40,,,,https://www.cinemark.com.ar/peliculas/resident-evil-noche-cero
,Cinemark Hoyts,Alto Avellaneda,,RESIDENT EVIL: NOCHE CERO,DBOX 2D Doblada,18:00,,,,https://www.cinemark.com.ar/peliculas/resident-evil-noche-cero
,Cinemark Hoyts,Alto Avellaneda,,RESIDENT EVIL: NOCHE CERO,2D Doblada,18:00,,,,https://www.cinemark.com.ar/peliculas/resident-evil-noche-cero
,Cinemark Hoyts,Alto Avellaneda,,RESIDENT EVIL: NOCHE CERO,DBOX XD 2D Doblada,20:00,,,,https://www.cinemark.com.ar/peliculas/resident-evil-noche-cero
,Cinemark Hoyts,Alto Avellaneda,,RESIDENT EVIL: NOCHE CERO,XD 2D Doblada,20:00,,,,https://www.cinemark.com.ar/peliculas/resident-evil-noche-cero
,Cinemark Hoyts,Alto Avellaneda,,RESIDENT EVIL: NOCHE CERO,DBOX 2D Doblada,20:30,,,,https://www.cinemark.com.ar/peliculas/resident-evil-noche-cero
,Cinemark Hoyts,Alto Avellaneda,,RESIDENT EVIL: NOCHE CERO,2D Doblada,20:30,,,,https://www.cinemark.com.ar/peliculas/resident-evil-noche-cero
,Cinemark Hoyts,Alto Avellaneda,,RESIDENT EVIL: NOCHE CERO,DBOX XD 2D Doblada,22:20,,,,https://www.cinemark.com.ar/peliculas/resident-evil-noche-cero
,Cinemark Hoyts,Alto Avellaneda,,RESIDENT EVIL: NOCHE CERO,XD 2D Doblada,22:20,,,,https://www.cinemark.com.ar/peliculas/resident-evil-noche-cero
,Cinemark Hoyts,Alto Avellaneda,,RESIDENT EVIL: NOCHE CERO,DBOX 2D Doblada,23:00,,,,https://www.cinemark.com.ar/peliculas/resident-evil-noche-cero
,Cinemark Hoyts,Alto Avellaneda,,RESIDENT EVIL: NOCHE CERO,2D Doblada,23:00,,,,https://www.cinemark.com.ar/peliculas/resident-evil-noche-cero
,Cinemark Hoyts,Alto Avellaneda,,CARS 20° ANIVERSARIO,4D 2D Doblada,12:50,,,,https://www.cinemark.com.ar/peliculas/cars-20-aniversario
,Cinemark Hoyts,Alto Avellaneda,,CARS 20° ANIVERSARIO,2D Doblada,14:00,,,,https://www.cinemark.com.ar/peliculas/cars-20-aniversario
,Cinemark Hoyts,Alto Avellaneda,,CARS 20° ANIVERSARIO,4D 2D Doblada,15:30,,,,https://www.cinemark.com.ar/peliculas/cars-20-aniversario
,Cinemark Hoyts,Alto Avellaneda,,CARS 20° ANIVERSARIO,2D Doblada,17:30,,,,https://www.cinemark.com.ar/peliculas/cars-20-aniversario
,Cinemark Hoyts,Alto Avellaneda,,EL CORAZÓN DE LA BESTIA,2D Doblada,12:50,,,,https://www.cinemark.com.ar/peliculas/el-corazon-de-la-bestia
,Cinemark Hoyts,Alto Avellaneda,,EL CORAZÓN DE LA BESTIA,2D Doblada,15:10,,,,https://www.cinemark.com.ar/peliculas/el-corazon-de-la-bestia
,Cinemark Hoyts,Alto Avellaneda,,EL CORAZÓN DE LA BESTIA,2D Doblada,17:40,,,,https://www.cinemark.com.ar/peliculas/el-corazon-de-la-bestia
,Cinemark Hoyts,Alto Avellaneda,,EL CORAZÓN DE LA BESTIA,2D Doblada,20:10,,,,https://www.cinemark.com.ar/peliculas/el-corazon-de-la-bestia
,Cinemark Hoyts,Alto Avellaneda,,MADRE SINIESTRA,2D Doblada,13:00,,,,https://www.cinemark.com.ar/peliculas/madre-siniestra
,Cinemark Hoyts,Alto Avellaneda,,MADRE SINIESTRA,2D Doblada,15:20,,,,https://www.cinemark.com.ar/peliculas/madre-siniestra
,Cinemark Hoyts,Alto Avellaneda,,MADRE SINIESTRA,2D Doblada,17:40,,,,https://www.cinemark.com.ar/peliculas/madre-siniestra
,Cinemark Hoyts,Alto Avellaneda,,MADRE SINIESTRA,2D Doblada,20:20,,,,https://www.cinemark.com.ar/peliculas/madre-siniestra
,Cinemark Hoyts,Alto Avellaneda,,MADRE SINIESTRA,2D Doblada,20:30,,,,https://www.cinemark.com.ar/peliculas/madre-siniestra
,Cinemark Hoyts,Alto Avellaneda,,MADRE SINIESTRA,2D Doblada,22:30,,,,https://www.cinemark.com.ar/peliculas/madre-siniestra
,Cinemark Hoyts,Alto Avellaneda,,MADRE SINIESTRA,2D Doblada,22:50,,,,https://www.cinemark.com.ar/peliculas/madre-siniestra
,Cinemark Hoyts,Alto Avellaneda,,VERITY: LA SOMBRA DE UN ENGAÑO,2D Doblada,13:40,,,,https://www.cinemark.com.ar/peliculas/verity-la-sombra-de-un-engano
,Cinemark Hoyts,Alto Avellaneda,,VERITY: LA SOMBRA DE UN ENGAÑO,2D Doblada,16:30,,,,https://www.cinemark.com.ar/peliculas/verity-la-sombra-de-un-engano
,Cinemark Hoyts,Alto Avellaneda,,VERITY: LA SOMBRA DE UN ENGAÑO,2D Doblada,19:20,,,,https://www.cinemark.com.ar/peliculas/verity-la-sombra-de-un-engano
,Cinemark Hoyts,Alto Avellaneda,,VERITY: LA SOMBRA DE UN ENGAÑO,2D Doblada,22:00,,,,https://www.cinemark.com.ar/peliculas/verity-la-sombra-de-un-engano
,Cinemark Hoyts,Alto Avellaneda,,SPIDER-MAN: UN NUEVO DÍA,2D Doblada,13:50,,,,https://www.cinemark.com.ar/peliculas/spider-man-un-nuevo-dia
,Cinemark Hoyts,Alto Avellaneda,,A CUALQUIER PRECIO,2D Doblada,17:10,,,,https://www.cinemark.com.ar/peliculas/a-cualquier-precio
,Cinemark Hoyts,Alto Avellaneda,,A CUALQUIER PRECIO,2D Doblada,22:40,,,,https://www.cinemark.com.ar/peliculas/a-cualquier-precio
,Cinemark Hoyts,Alto Avellaneda,,AVENGERS: ENDGAME (RE ESTRENO),4D 3D IV Doblada,18:10,,,,https://www.cinemark.com.ar/peliculas/avengers-endgame-re-estreno
,Cinemark Hoyts,Alto Avellaneda,,AVENGERS: ENDGAME (RE ESTRENO),4D 3D IV Doblada,21:50,,,,https://www.cinemark.com.ar/peliculas/avengers-endgame-re-estreno
,Cinemark Hoyts,Alto Avellaneda,,VÉRTIGO 2: PUNTO MUERTO,2D Doblada,19:40,,,,https://www.cinemark.com.ar/peliculas/vertigo-2-punto-muerto
,Cinemark Hoyts,Alto Avellaneda,,LOS JUEGOS DEL HAMBRE (2012),2D Doblada,22:30,,,,https://www.cinemark.com.ar/peliculas/los-juegos-del-hambre-2012
,Cinemark Hoyts,Moron,,RESIDENT EVIL: NOCHE CERO,DBOX 2D Doblada,12:40,,,,https://www.cinemark.com.ar/peliculas/resident-evil-noche-cero
,Cinemark Hoyts,Moron,,RESIDENT EVIL: NOCHE CERO,2D Doblada,12:40,,,,https://www.cinemark.com.ar/peliculas/resident-evil-noche-cero
,Cinemark Hoyts,Moron,,RESIDENT EVIL: NOCHE CERO,DBOX 2D Doblada,15:00,,,,https://www.cinemark.com.ar/peliculas/resident-evil-noche-cero
,Cinemark Hoyts,Moron,,RESIDENT EVIL: NOCHE CERO,2D Doblada,15:00,,,,https://www.cinemark.com.ar/peliculas/resident-evil-noche-cero
,Cinemark Hoyts,Moron,,RESIDENT EVIL: NOCHE CERO,DBOX 2D Doblada,17:30,,,,https://www.cinemark.com.ar/peliculas/resident-evil-noche-cero
,Cinemark Hoyts,Moron,,RESIDENT EVIL: NOCHE CERO,2D Doblada,17:30,,,,https://www.cinemark.com.ar/peliculas/resident-evil-noche-cero
,Cinemark Hoyts,Moron,,RESIDENT EVIL: NOCHE CERO,DBOX 2D Doblada,19:50,,,,https://www.cinemark.com.ar/peliculas/resident-evil-noche-cero
,Cinemark Hoyts,Moron,,RESIDENT EVIL: NOCHE CERO,2D Doblada,19:50,,,,https://www.cinemark.com.ar/peliculas/resident-evil-noche-cero
,Cinemark Hoyts,Moron,,RESIDENT EVIL: NOCHE CERO,2D Doblada,20:40,,,,https://www.cinemark.com.ar/peliculas/resident-evil-noche-cero
,Cinemark Hoyts,Moron,,RESIDENT EVIL: NOCHE CERO,DBOX 2D Doblada,22:00,,,,https://www.cinemark.com.ar/peliculas/resident-evil-noche-cero
,Cinemark Hoyts,Moron,,RESIDENT EVIL: NOCHE CERO,2D Doblada,22:00,,,,https://www.cinemark.com.ar/peliculas/resident-evil-noche-cero
,Cinemark Hoyts,Moron,,RESIDENT EVIL: NOCHE CERO,2D Doblada,23:00,,,,https://www.cinemark.com.ar/peliculas/resident-evil-noche-cero
,Cinemark Hoyts,Moron,,MADRE SINIESTRA,2D Doblada,12:50,,,,https://www.cinemark.com.ar/peliculas/madre-siniestra
,Cinemark Hoyts,Moron,,MADRE SINIESTRA,2D Doblada,15:10,,,,https://www.cinemark.com.ar/peliculas/madre-siniestra
,Cinemark Hoyts,Moron,,MADRE SINIESTRA,2D Doblada,17:20,,,,https://www.cinemark.com.ar/peliculas/madre-siniestra
,Cinemark Hoyts,Moron,,MADRE SINIESTRA,2D Doblada,19:30,,,,https://www.cinemark.com.ar/peliculas/madre-siniestra
,Cinemark Hoyts,Moron,,MADRE SINIESTRA,2D Doblada,20:10,,,,https://www.cinemark.com.ar/peliculas/madre-siniestra
,Cinemark Hoyts,Moron,,MADRE SINIESTRA,2D Doblada,21:50,,,,https://www.cinemark.com.ar/peliculas/madre-siniestra
,Cinemark Hoyts,Moron,,MADRE SINIESTRA,DBOX 2D Subtitulada,22:50,,,,https://www.cinemark.com.ar/peliculas/madre-siniestra
,Cinemark Hoyts,Moron,,MADRE SINIESTRA,2D Subtitulada,22:50,,,,https://www.cinemark.com.ar/peliculas/madre-siniestra
,Cinemark Hoyts,Moron,,EL CORAZÓN DE LA BESTIA,2D Doblada,13:00,,,,https://www.cinemark.com.ar/peliculas/el-corazon-de-la-bestia
,Cinemark Hoyts,Moron,,EL CORAZÓN DE LA BESTIA,2D Doblada,15:30,,,,https://www.cinemark.com.ar/peliculas/el-corazon-de-la-bestia
,Cinemark Hoyts,Moron,,EL CORAZÓN DE LA BESTIA,2D Doblada,17:50,,,,https://www.cinemark.com.ar/peliculas/el-corazon-de-la-bestia
,Cinemark Hoyts,Moron,,EL CORAZÓN DE LA BESTIA,2D Doblada,20:20,,,,https://www.cinemark.com.ar/peliculas/el-corazon-de-la-bestia
,Cinemark Hoyts,Moron,,EL CORAZÓN DE LA BESTIA,2D Doblada,22:40,,,,https://www.cinemark.com.ar/peliculas/el-corazon-de-la-bestia
,Cinemark Hoyts,Moron,,COYOTE VS ACME,2D Doblada,13:10,,,,https://www.cinemark.com.ar/peliculas/coyote-vs-acme
,Cinemark Hoyts,Moron,,COYOTE VS ACME,2D Doblada,15:40,,,,https://www.cinemark.com.ar/peliculas/coyote-vs-acme
,Cinemark Hoyts,Moron,,COYOTE VS ACME,2D Doblada,18:10,,,,https://www.cinemark.com.ar/peliculas/coyote-vs-acme
,Cinemark Hoyts,Moron,,AVENGERS: ENDGAME (RE ESTRENO),3D Doblada,13:50,,,,https://www.cinemark.com.ar/peliculas/avengers-endgame-re-estreno
,Cinemark Hoyts,Moron,,AVENGERS: ENDGAME (RE ESTRENO),2D Doblada,17:40,,,,https://www.cinemark.com.ar/peliculas/avengers-endgame-re-estreno
,Cinemark Hoyts,Moron,,AVENGERS: ENDGAME (RE ESTRENO),2D Doblada,21:30,,,,https://www.cinemark.com.ar/peliculas/avengers-endgame-re-estreno
,Cinemark Hoyts,Moron,,SPIDER-MAN: UN NUEVO DÍA,2D Doblada,14:00,,,,https://www.cinemark.com.ar/peliculas/spider-man-un-nuevo-dia
,Cinemark Hoyts,Moron,,VERITY: LA SOMBRA DE UN ENGAÑO,2D Doblada,14:10,,,,https://www.cinemark.com.ar/peliculas/verity-la-sombra-de-un-engano
,Cinemark Hoyts,Moron,,VERITY: LA SOMBRA DE UN ENGAÑO,2D Doblada,16:50,,,,https://www.cinemark.com.ar/peliculas/verity-la-sombra-de-un-engano
,Cinemark Hoyts,Moron,,VERITY: LA SOMBRA DE UN ENGAÑO,2D Doblada,19:40,,,,https://www.cinemark.com.ar/peliculas/verity-la-sombra-de-un-engano
,Cinemark Hoyts,Moron,,CARS 20° ANIVERSARIO,DBOX 2D Doblada,14:20,,,,https://www.cinemark.com.ar/peliculas/cars-20-aniversario
,Cinemark Hoyts,Moron,,CARS 20° ANIVERSARIO,2D Doblada,14:20,,,,https://www.cinemark.com.ar/peliculas/cars-20-aniversario
,Cinemark Hoyts,Moron,,CARS 20° ANIVERSARIO,DBOX 2D Doblada,17:00,,,,https://www.cinemark.com.ar/peliculas/cars-20-aniversario
,Cinemark Hoyts,Moron,,CARS 20° ANIVERSARIO,2D Doblada,17:00,,,,https://www.cinemark.com.ar/peliculas/cars-20-aniversario
,Cinemark Hoyts,Moron,,CARS 20° ANIVERSARIO,DBOX 2D Doblada,20:00,,,,https://www.cinemark.com.ar/peliculas/cars-20-aniversario
,Cinemark Hoyts,Moron,,CARS 20° ANIVERSARIO,2D Doblada,20:00,,,,https://www.cinemark.com.ar/peliculas/cars-20-aniversario
,Cinemark Hoyts,Moron,,DIGGER,2D Doblada,17:10,,,,https://www.cinemark.com.ar/peliculas/digger
,Cinemark Hoyts,Moron,,LOS JUEGOS DEL HAMBRE (2012),2D Doblada,22:20,,,,https://www.cinemark.com.ar/peliculas/los-juegos-del-hambre-2012
,Cinemark Hoyts,Moron,,VÉRTIGO 2: PUNTO MUERTO,2D Doblada,22:30,,,,https://www.cinemark.com.ar/peliculas/vertigo-2-punto-muerto
,Cinemark Hoyts,Quilmes,,CARS 20° ANIVERSARIO,4D 2D Doblada,13:00,,,,https://www.cinemark.com.ar/peliculas/cars-20-aniversario
,Cinemark Hoyts,Quilmes,,CARS 20° ANIVERSARIO,2D Doblada,14:00,,,,https://www.cinemark.com.ar/peliculas/cars-20-aniversario
,Cinemark Hoyts,Quilmes,,CARS 20° ANIVERSARIO,4D 2D Doblada,15:40,,,,https://www.cinemark.com.ar/peliculas/cars-20-aniversario
,Cinemark Hoyts,Quilmes,,CARS 20° ANIVERSARIO,2D Doblada,17:00,,,,https://www.cinemark.com.ar/peliculas/cars-20-aniversario
,Cinemark Hoyts,Quilmes,,CARS 20° ANIVERSARIO,2D Doblada,19:40,,,,https://www.cinemark.com.ar/peliculas/cars-20-aniversario
,Cinemark Hoyts,Quilmes,,LA CASA,2D Doblada,13:00,,,,https://www.cinemark.com.ar/peliculas/la-casa
,Cinemark Hoyts,Quilmes,,LA CASA,2D Doblada,18:20,,,,https://www.cinemark.com.ar/peliculas/la-casa
,Cinemark Hoyts,Quilmes,,LA CASA,2D Doblada,23:10,,,,https://www.cinemark.com.ar/peliculas/la-casa
,Cinemark Hoyts,Quilmes,,MADRE SINIESTRA,2D Doblada,13:10,,,,https://www.cinemark.com.ar/peliculas/madre-siniestra
,Cinemark Hoyts,Quilmes,,MADRE SINIESTRA,2D Doblada,15:30,,,,https://www.cinemark.com.ar/peliculas/madre-siniestra
,Cinemark Hoyts,Quilmes,,MADRE SINIESTRA,2D Doblada,17:40,,,,https://www.cinemark.com.ar/peliculas/madre-siniestra
,Cinemark Hoyts,Quilmes,,MADRE SINIESTRA,2D Doblada,19:50,,,,https://www.cinemark.com.ar/peliculas/madre-siniestra
,Cinemark Hoyts,Quilmes,,MADRE SINIESTRA,2D Doblada,20:50,,,,https://www.cinemark.com.ar/peliculas/madre-siniestra
,Cinemark Hoyts,Quilmes,,MADRE SINIESTRA,2D Doblada,22:10,,,,https://www.cinemark.com.ar/peliculas/madre-siniestra
,Cinemark Hoyts,Quilmes,,MADRE SINIESTRA,2D Doblada,22:35,,,,https://www.cinemark.com.ar/peliculas/madre-siniestra
,Cinemark Hoyts,Quilmes,,AVENGERS: ENDGAME (RE ESTRENO),2D Doblada,13:20,,,,https://www.cinemark.com.ar/peliculas/avengers-endgame-re-estreno
,Cinemark Hoyts,Quilmes,,AVENGERS: ENDGAME (RE ESTRENO),2D Doblada,17:10,,,,https://www.cinemark.com.ar/peliculas/avengers-endgame-re-estreno
,Cinemark Hoyts,Quilmes,,AVENGERS: ENDGAME (RE ESTRENO),4D 3D IV Doblada,18:20,,,,https://www.cinemark.com.ar/peliculas/avengers-endgame-re-estreno
,Cinemark Hoyts,Quilmes,,AVENGERS: ENDGAME (RE ESTRENO),2D Subtitulada,21:00,,,,https://www.cinemark.com.ar/peliculas/avengers-endgame-re-estreno
,Cinemark Hoyts,Quilmes,,AVENGERS: ENDGAME (RE ESTRENO),4D 3D IV Doblada,22:10,,,,https://www.cinemark.com.ar/peliculas/avengers-endgame-re-estreno
,Cinemark Hoyts,Quilmes,,RESIDENT EVIL: NOCHE CERO,2D Doblada,13:30,,,,https://www.cinemark.com.ar/peliculas/resident-evil-noche-cero
,Cinemark Hoyts,Quilmes,,RESIDENT EVIL: NOCHE CERO,2D Doblada,14:30,,,,https://www.cinemark.com.ar/peliculas/resident-evil-noche-cero
,Cinemark Hoyts,Quilmes,,RESIDENT EVIL: NOCHE CERO,2D Doblada,15:50,,,,https://www.cinemark.com.ar/peliculas/resident-evil-noche-cero
,Cinemark Hoyts,Quilmes,,RESIDENT EVIL: NOCHE CERO,2D Doblada,16:50,,,,https://www.cinemark.com.ar/peliculas/resident-evil-noche-cero
,Cinemark Hoyts,Quilmes,,RESIDENT EVIL: NOCHE CERO,2D Doblada,18:10,,,,https://www.cinemark.com.ar/peliculas/resident-evil-noche-cero
,Cinemark Hoyts,Quilmes,,RESIDENT EVIL: NOCHE CERO,2D Doblada,19:20,,,,https://www.cinemark.com.ar/peliculas/resident-evil-noche-cero
,Cinemark Hoyts,Quilmes,,RESIDENT EVIL: NOCHE CERO,2D Doblada,20:30,,,,https://www.cinemark.com.ar/peliculas/resident-evil-noche-cero
,Cinemark Hoyts,Quilmes,,RESIDENT EVIL: NOCHE CERO,2D Subtitulada,22:50,,,,https://www.cinemark.com.ar/peliculas/resident-evil-noche-cero
,Cinemark Hoyts,Quilmes,,SPIDER-MAN: UN NUEVO DÍA,2D Doblada,13:50,,,,https://www.cinemark.com.ar/peliculas/spider-man-un-nuevo-dia
,Cinemark Hoyts,Quilmes,,SPIDER-MAN: UN NUEVO DÍA,2D Doblada,17:20,,,,https://www.cinemark.com.ar/peliculas/spider-man-un-nuevo-dia
,Cinemark Hoyts,Quilmes,,VERITY: LA SOMBRA DE UN ENGAÑO,2D Doblada,13:50,,,,https://www.cinemark.com.ar/peliculas/verity-la-sombra-de-un-engano
,Cinemark Hoyts,Quilmes,,VERITY: LA SOMBRA DE UN ENGAÑO,2D Doblada,16:30,,,,https://www.cinemark.com.ar/peliculas/verity-la-sombra-de-un-engano
,Cinemark Hoyts,Quilmes,,VERITY: LA SOMBRA DE UN ENGAÑO,2D Doblada,19:15,,,,https://www.cinemark.com.ar/peliculas/verity-la-sombra-de-un-engano
,Cinemark Hoyts,Quilmes,,VERITY: LA SOMBRA DE UN ENGAÑO,2D Doblada,22:00,,,,https://www.cinemark.com.ar/peliculas/verity-la-sombra-de-un-engano
,Cinemark Hoyts,Quilmes,,EL CORAZÓN DE LA BESTIA,2D Doblada,14:10,,,,https://www.cinemark.com.ar/peliculas/el-corazon-de-la-bestia
,Cinemark Hoyts,Quilmes,,EL CORAZÓN DE LA BESTIA,2D Doblada,16:40,,,,https://www.cinemark.com.ar/peliculas/el-corazon-de-la-bestia
,Cinemark Hoyts,Quilmes,,EL CORAZÓN DE LA BESTIA,2D Doblada,19:00,,,,https://www.cinemark.com.ar/peliculas/el-corazon-de-la-bestia
,Cinemark Hoyts,Quilmes,,EL CORAZÓN DE LA BESTIA,2D Doblada,21:40,,,,https://www.cinemark.com.ar/peliculas/el-corazon-de-la-bestia
,Cinemark Hoyts,Quilmes,,LA NOCHE DEL DEMONIO 6,2D Doblada,14:10,,,,https://www.cinemark.com.ar/peliculas/la-noche-del-demonio-estan-entre-nosotros
,Cinemark Hoyts,Quilmes,,COYOTE VS ACME,2D Doblada,14:30,,,,https://www.cinemark.com.ar/peliculas/coyote-vs-acme
,Cinemark Hoyts,Quilmes,,COYOTE VS ACME,2D Doblada,17:30,,,,https://www.cinemark.com.ar/peliculas/coyote-vs-acme
,Cinemark Hoyts,Quilmes,,PMMM: WALPURGISNACHT RISING,2D Subtitulada,15:35,,,,https://www.cinemark.com.ar/peliculas/puella-magi-madoka-magica-walpurgisnacht-rising
,Cinemark Hoyts,Quilmes,,VÉRTIGO 2: PUNTO MUERTO,2D Doblada,16:45,,,,https://www.cinemark.com.ar/peliculas/vertigo-2-punto-muerto
,Cinemark Hoyts,Quilmes,,VÉRTIGO 2: PUNTO MUERTO,2D Doblada,20:40,,,,https://www.cinemark.com.ar/peliculas/vertigo-2-punto-muerto
,Cinemark Hoyts,Quilmes,,VÉRTIGO 2: PUNTO MUERTO,2D Doblada,23:00,,,,https://www.cinemark.com.ar/peliculas/vertigo-2-punto-muerto
,Cinemark Hoyts,Quilmes,,HOPE: EL PRIMER IMPACTO,2D Doblada,19:10,,,,https://www.cinemark.com.ar/peliculas/hope-el-primer-impacto
,Cinemark Hoyts,Quilmes,,HOPE: EL PRIMER IMPACTO,2D Doblada,22:30,,,,https://www.cinemark.com.ar/peliculas/hope-el-primer-impacto
,Cinemark Hoyts,Quilmes,,A CUALQUIER PRECIO,2D Doblada,20:00,,,,https://www.cinemark.com.ar/peliculas/a-cualquier-precio
,Cinemark Hoyts,Quilmes,,A CUALQUIER PRECIO,2D Doblada,22:40,,,,https://www.cinemark.com.ar/peliculas/a-cualquier-precio
,Cinemark Hoyts,Quilmes,,LOS JUEGOS DEL HAMBRE (2012),2D Doblada,22:00,,,,https://www.cinemark.com.ar/peliculas/los-juegos-del-hambre-2012
,Cinemark Hoyts,San Justo,,COYOTE VS ACME,2D Doblada,13:00,,,,https://www.cinemark.com.ar/peliculas/coyote-vs-acme
,Cinemark Hoyts,San Justo,,RESIDENT EVIL: NOCHE CERO,DBOX XD 2D Doblada,13:20,,,,https://www.cinemark.com.ar/peliculas/resident-evil-noche-cero
,Cinemark Hoyts,San Justo,,RESIDENT EVIL: NOCHE CERO,XD 2D Doblada,13:20,,,,https://www.cinemark.com.ar/peliculas/resident-evil-noche-cero
,Cinemark Hoyts,San Justo,,RESIDENT EVIL: NOCHE CERO,DBOX XD 2D Doblada,15:30,,,,https://www.cinemark.com.ar/peliculas/resident-evil-noche-cero
,Cinemark Hoyts,San Justo,,RESIDENT EVIL: NOCHE CERO,XD 2D Doblada,15:30,,,,https://www.cinemark.com.ar/peliculas/resident-evil-noche-cero
,Cinemark Hoyts,San Justo,,RESIDENT EVIL: NOCHE CERO,DBOX XD 2D Doblada,17:40,,,,https://www.cinemark.com.ar/peliculas/resident-evil-noche-cero
,Cinemark Hoyts,San Justo,,RESIDENT EVIL: NOCHE CERO,XD 2D Doblada,17:40,,,,https://www.cinemark.com.ar/peliculas/resident-evil-noche-cero
,Cinemark Hoyts,San Justo,,RESIDENT EVIL: NOCHE CERO,DBOX XD 2D Doblada,19:50,,,,https://www.cinemark.com.ar/peliculas/resident-evil-noche-cero
,Cinemark Hoyts,San Justo,,RESIDENT EVIL: NOCHE CERO,XD 2D Doblada,19:50,,,,https://www.cinemark.com.ar/peliculas/resident-evil-noche-cero
,Cinemark Hoyts,San Justo,,RESIDENT EVIL: NOCHE CERO,DBOX XD 2D Doblada,22:00,,,,https://www.cinemark.com.ar/peliculas/resident-evil-noche-cero
,Cinemark Hoyts,San Justo,,RESIDENT EVIL: NOCHE CERO,XD 2D Doblada,22:00,,,,https://www.cinemark.com.ar/peliculas/resident-evil-noche-cero
,Cinemark Hoyts,San Justo,,MADRE SINIESTRA,2D Doblada,13:50,,,,https://www.cinemark.com.ar/peliculas/madre-siniestra
,Cinemark Hoyts,San Justo,,MADRE SINIESTRA,2D Doblada,16:00,,,,https://www.cinemark.com.ar/peliculas/madre-siniestra
,Cinemark Hoyts,San Justo,,MADRE SINIESTRA,2D Doblada,18:20,,,,https://www.cinemark.com.ar/peliculas/madre-siniestra
,Cinemark Hoyts,San Justo,,MADRE SINIESTRA,2D Doblada,20:00,,,,https://www.cinemark.com.ar/peliculas/madre-siniestra
,Cinemark Hoyts,San Justo,,MADRE SINIESTRA,2D Doblada,20:40,,,,https://www.cinemark.com.ar/peliculas/madre-siniestra
,Cinemark Hoyts,San Justo,,MADRE SINIESTRA,2D Doblada,22:10,,,,https://www.cinemark.com.ar/peliculas/madre-siniestra
,Cinemark Hoyts,San Justo,,MADRE SINIESTRA,2D Doblada,23:00,,,,https://www.cinemark.com.ar/peliculas/madre-siniestra
,Cinemark Hoyts,San Justo,,SPIDER-MAN: UN NUEVO DÍA,2D Doblada,14:00,,,,https://www.cinemark.com.ar/peliculas/spider-man-un-nuevo-dia
,Cinemark Hoyts,San Justo,,AVENGERS: ENDGAME (RE ESTRENO),DBOX 2D Doblada,14:20,,,,https://www.cinemark.com.ar/peliculas/avengers-endgame-re-estreno
,Cinemark Hoyts,San Justo,,AVENGERS: ENDGAME (RE ESTRENO),2D Doblada,14:20,,,,https://www.cinemark.com.ar/peliculas/avengers-endgame-re-estreno
,Cinemark Hoyts,San Justo,,AVENGERS: ENDGAME (RE ESTRENO),DBOX 2D Doblada,21:50,,,,https://www.cinemark.com.ar/peliculas/avengers-endgame-re-estreno
,Cinemark Hoyts,San Justo,,AVENGERS: ENDGAME (RE ESTRENO),2D Doblada,21:50,,,,https://www.cinemark.com.ar/peliculas/avengers-endgame-re-estreno
,Cinemark Hoyts,San Justo,,CARS 20° ANIVERSARIO,2D Doblada,14:40,,,,https://www.cinemark.com.ar/peliculas/cars-20-aniversario
,Cinemark Hoyts,San Justo,,CARS 20° ANIVERSARIO,2D Doblada,17:20,,,,https://www.cinemark.com.ar/peliculas/cars-20-aniversario
,Cinemark Hoyts,San Justo,,EL CORAZÓN DE LA BESTIA,2D Doblada,15:20,,,,https://www.cinemark.com.ar/peliculas/el-corazon-de-la-bestia
,Cinemark Hoyts,San Justo,,EL CORAZÓN DE LA BESTIA,2D Doblada,17:50,,,,https://www.cinemark.com.ar/peliculas/el-corazon-de-la-bestia
,Cinemark Hoyts,San Justo,,EL CORAZÓN DE LA BESTIA,2D Doblada,20:10,,,,https://www.cinemark.com.ar/peliculas/el-corazon-de-la-bestia
,Cinemark Hoyts,San Justo,,EL CORAZÓN DE LA BESTIA,2D Doblada,22:30,,,,https://www.cinemark.com.ar/peliculas/el-corazon-de-la-bestia
,Cinemark Hoyts,San Justo,,VERITY: LA SOMBRA DE UN ENGAÑO,2D Doblada,17:10,,,,https://www.cinemark.com.ar/peliculas/verity-la-sombra-de-un-engano
,Cinemark Hoyts,San Justo,,VERITY: LA SOMBRA DE UN ENGAÑO,2D Doblada,19:40,,,,https://www.cinemark.com.ar/peliculas/verity-la-sombra-de-un-engano
,Cinemark Hoyts,San Justo,,VERITY: LA SOMBRA DE UN ENGAÑO,2D Doblada,22:10,,,,https://www.cinemark.com.ar/peliculas/verity-la-sombra-de-un-engano
,Cinemark Hoyts,Tortugas,,SPIDER-MAN: UN NUEVO DÍA,2D Doblada,13:10,,,,https://www.cinemark.com.ar/peliculas/spider-man-un-nuevo-dia
,Cinemark Hoyts,Tortugas,,SPIDER-MAN: UN NUEVO DÍA,2D Doblada,16:30,,,,https://www.cinemark.com.ar/peliculas/spider-man-un-nuevo-dia
,Cinemark Hoyts,Tortugas,,SPIDER-MAN: UN NUEVO DÍA,2D Doblada,19:50,,,,https://www.cinemark.com.ar/peliculas/spider-man-un-nuevo-dia
,Cinemark Hoyts,Tortugas,,MADRE SINIESTRA,DBOX 2D Doblada,13:20,,,,https://www.cinemark.com.ar/peliculas/madre-siniestra
,Cinemark Hoyts,Tortugas,,MADRE SINIESTRA,2D Doblada,13:20,,,,https://www.cinemark.com.ar/peliculas/madre-siniestra
,Cinemark Hoyts,Tortugas,,MADRE SINIESTRA,DBOX 2D Doblada,15:40,,,,https://www.cinemark.com.ar/peliculas/madre-siniestra
,Cinemark Hoyts,Tortugas,,MADRE SINIESTRA,2D Doblada,15:40,,,,https://www.cinemark.com.ar/peliculas/madre-siniestra
,Cinemark Hoyts,Tortugas,,MADRE SINIESTRA,DBOX 2D Doblada,18:10,,,,https://www.cinemark.com.ar/peliculas/madre-siniestra
,Cinemark Hoyts,Tortugas,,MADRE SINIESTRA,2D Doblada,18:10,,,,https://www.cinemark.com.ar/peliculas/madre-siniestra
,Cinemark Hoyts,Tortugas,,MADRE SINIESTRA,2D Doblada,19:10,,,,https://www.cinemark.com.ar/peliculas/madre-siniestra
,Cinemark Hoyts,Tortugas,,MADRE SINIESTRA,DBOX 2D Doblada,20:30,,,,https://www.cinemark.com.ar/peliculas/madre-siniestra
,Cinemark Hoyts,Tortugas,,MADRE SINIESTRA,2D Doblada,20:30,,,,https://www.cinemark.com.ar/peliculas/madre-siniestra
,Cinemark Hoyts,Tortugas,,MADRE SINIESTRA,2D Doblada,21:40,,,,https://www.cinemark.com.ar/peliculas/madre-siniestra
,Cinemark Hoyts,Tortugas,,MADRE SINIESTRA,DBOX 2D Doblada,22:50,,,,https://www.cinemark.com.ar/peliculas/madre-siniestra
,Cinemark Hoyts,Tortugas,,MADRE SINIESTRA,2D Doblada,22:50,,,,https://www.cinemark.com.ar/peliculas/madre-siniestra
,Cinemark Hoyts,Tortugas,,AVENGERS: ENDGAME (RE ESTRENO),2D Doblada,13:30,,,,https://www.cinemark.com.ar/peliculas/avengers-endgame-re-estreno
,Cinemark Hoyts,Tortugas,,AVENGERS: ENDGAME (RE ESTRENO),2D Doblada,17:30,,,,https://www.cinemark.com.ar/peliculas/avengers-endgame-re-estreno
,Cinemark Hoyts,Tortugas,,AVENGERS: ENDGAME (RE ESTRENO),2D Doblada,21:20,,,,https://www.cinemark.com.ar/peliculas/avengers-endgame-re-estreno
,Cinemark Hoyts,Tortugas,,RESIDENT EVIL: NOCHE CERO,DBOX XD 2D Doblada,13:40,,,,https://www.cinemark.com.ar/peliculas/resident-evil-noche-cero
,Cinemark Hoyts,Tortugas,,RESIDENT EVIL: NOCHE CERO,XD 2D Doblada,13:40,,,,https://www.cinemark.com.ar/peliculas/resident-evil-noche-cero
,Cinemark Hoyts,Tortugas,,RESIDENT EVIL: NOCHE CERO,DBOX XD 2D Doblada,15:50,,,,https://www.cinemark.com.ar/peliculas/resident-evil-noche-cero
,Cinemark Hoyts,Tortugas,,RESIDENT EVIL: NOCHE CERO,XD 2D Doblada,15:50,,,,https://www.cinemark.com.ar/peliculas/resident-evil-noche-cero
,Cinemark Hoyts,Tortugas,,RESIDENT EVIL: NOCHE CERO,DBOX XD 2D Doblada,18:00,,,,https://www.cinemark.com.ar/peliculas/resident-evil-noche-cero
,Cinemark Hoyts,Tortugas,,RESIDENT EVIL: NOCHE CERO,XD 2D Doblada,18:00,,,,https://www.cinemark.com.ar/peliculas/resident-evil-noche-cero
,Cinemark Hoyts,Tortugas,,RESIDENT EVIL: NOCHE CERO,DBOX XD 2D Doblada,20:10,,,,https://www.cinemark.com.ar/peliculas/resident-evil-noche-cero
,Cinemark Hoyts,Tortugas,,RESIDENT EVIL: NOCHE CERO,XD 2D Doblada,20:10,,,,https://www.cinemark.com.ar/peliculas/resident-evil-noche-cero
,Cinemark Hoyts,Tortugas,,RESIDENT EVIL: NOCHE CERO,2D Doblada,21:30,,,,https://www.cinemark.com.ar/peliculas/resident-evil-noche-cero
,Cinemark Hoyts,Tortugas,,RESIDENT EVIL: NOCHE CERO,DBOX XD 2D Doblada,22:30,,,,https://www.cinemark.com.ar/peliculas/resident-evil-noche-cero
,Cinemark Hoyts,Tortugas,,RESIDENT EVIL: NOCHE CERO,XD 2D Doblada,22:30,,,,https://www.cinemark.com.ar/peliculas/resident-evil-noche-cero
,Cinemark Hoyts,Tortugas,,EL CORAZÓN DE LA BESTIA,2D Doblada,13:50,,,,https://www.cinemark.com.ar/peliculas/el-corazon-de-la-bestia
,Cinemark Hoyts,Tortugas,,EL CORAZÓN DE LA BESTIA,2D Doblada,16:20,,,,https://www.cinemark.com.ar/peliculas/el-corazon-de-la-bestia
,Cinemark Hoyts,Tortugas,,EL CORAZÓN DE LA BESTIA,2D Doblada,18:50,,,,https://www.cinemark.com.ar/peliculas/el-corazon-de-la-bestia
,Cinemark Hoyts,Tortugas,,COYOTE VS ACME,2D Doblada,14:00,,,,https://www.cinemark.com.ar/peliculas/coyote-vs-acme
,Cinemark Hoyts,Tortugas,,COYOTE VS ACME,2D Doblada,16:50,,,,https://www.cinemark.com.ar/peliculas/coyote-vs-acme
,Cinemark Hoyts,Tortugas,,COYOTE VS ACME,2D Doblada,19:20,,,,https://www.cinemark.com.ar/peliculas/coyote-vs-acme
,Cinemark Hoyts,Tortugas,,A CUALQUIER PRECIO,2D Doblada,14:10,,,,https://www.cinemark.com.ar/peliculas/a-cualquier-precio
,Cinemark Hoyts,Tortugas,,A CUALQUIER PRECIO,2D Doblada,23:00,,,,https://www.cinemark.com.ar/peliculas/a-cualquier-precio
,Cinemark Hoyts,Tortugas,,CARS 20° ANIVERSARIO,2D Doblada,14:20,,,,https://www.cinemark.com.ar/peliculas/cars-20-aniversario
,Cinemark Hoyts,Tortugas,,CARS 20° ANIVERSARIO,2D Doblada,17:10,,,,https://www.cinemark.com.ar/peliculas/cars-20-aniversario
,Cinemark Hoyts,Tortugas,,CARS 20° ANIVERSARIO,2D Doblada,20:00,,,,https://www.cinemark.com.ar/peliculas/cars-20-aniversario
,Cinemark Hoyts,Tortugas,,VERITY: LA SOMBRA DE UN ENGAÑO,2D Doblada,14:30,,,,https://www.cinemark.com.ar/peliculas/verity-la-sombra-de-un-engano
,Cinemark Hoyts,Tortugas,,VERITY: LA SOMBRA DE UN ENGAÑO,2D Doblada,17:00,,,,https://www.cinemark.com.ar/peliculas/verity-la-sombra-de-un-engano
,Cinemark Hoyts,Tortugas,,VERITY: LA SOMBRA DE UN ENGAÑO,2D Doblada,19:40,,,,https://www.cinemark.com.ar/peliculas/verity-la-sombra-de-un-engano
,Cinemark Hoyts,Tortugas,,VERITY: LA SOMBRA DE UN ENGAÑO,2D Doblada,22:20,,,,https://www.cinemark.com.ar/peliculas/verity-la-sombra-de-un-engano
,Cinemark Hoyts,Tortugas,,VÉRTIGO 2: PUNTO MUERTO,2D Doblada,16:40,,,,https://www.cinemark.com.ar/peliculas/vertigo-2-punto-muerto
,Cinemark Hoyts,Tortugas,,HOPE: EL PRIMER IMPACTO,2D Doblada,21:50,,,,https://www.cinemark.com.ar/peliculas/hope-el-primer-impacto
,Cinemark Hoyts,Tortugas,,LOS JUEGOS DEL HAMBRE (2012),2D Doblada,22:40,,,,https://www.cinemark.com.ar/peliculas/los-juegos-del-hambre-2012
,Cinemark Hoyts,Soleil,,AVENGERS: ENDGAME (RE ESTRENO),2D Doblada,13:40,,,,https://www.cinemark.com.ar/peliculas/avengers-endgame-re-estreno
,Cinemark Hoyts,Soleil,,AVENGERS: ENDGAME (RE ESTRENO),2D Doblada,17:40,,,,https://www.cinemark.com.ar/peliculas/avengers-endgame-re-estreno
,Cinemark Hoyts,Soleil,,AVENGERS: ENDGAME (RE ESTRENO),2D Doblada,21:30,,,,https://www.cinemark.com.ar/peliculas/avengers-endgame-re-estreno
,Cinemark Hoyts,Soleil,,CARS 20° ANIVERSARIO,2D Doblada,14:00,,,,https://www.cinemark.com.ar/peliculas/cars-20-aniversario
,Cinemark Hoyts,Soleil,,CARS 20° ANIVERSARIO,2D Doblada,16:45,,,,https://www.cinemark.com.ar/peliculas/cars-20-aniversario
,Cinemark Hoyts,Soleil,,CARS 20° ANIVERSARIO,2D Doblada,19:50,,,,https://www.cinemark.com.ar/peliculas/cars-20-aniversario
,Cinemark Hoyts,Soleil,,MADRE SINIESTRA,2D Doblada,14:40,,,,https://www.cinemark.com.ar/peliculas/madre-siniestra
,Cinemark Hoyts,Soleil,,MADRE SINIESTRA,2D Doblada,16:55,,,,https://www.cinemark.com.ar/peliculas/madre-siniestra
,Cinemark Hoyts,Soleil,,MADRE SINIESTRA,2D Doblada,19:30,,,,https://www.cinemark.com.ar/peliculas/madre-siniestra
,Cinemark Hoyts,Soleil,,MADRE SINIESTRA,2D Doblada,21:50,,,,https://www.cinemark.com.ar/peliculas/madre-siniestra
,Cinemark Hoyts,Soleil,,MADRE SINIESTRA,2D Doblada,22:50,,,,https://www.cinemark.com.ar/peliculas/madre-siniestra
,Cinemark Hoyts,Soleil,,VERITY: LA SOMBRA DE UN ENGAÑO,2D Doblada,14:40,,,,https://www.cinemark.com.ar/peliculas/verity-la-sombra-de-un-engano
,Cinemark Hoyts,Soleil,,VERITY: LA SOMBRA DE UN ENGAÑO,2D Doblada,17:20,,,,https://www.cinemark.com.ar/peliculas/verity-la-sombra-de-un-engano
,Cinemark Hoyts,Soleil,,VERITY: LA SOMBRA DE UN ENGAÑO,2D Doblada,20:10,,,,https://www.cinemark.com.ar/peliculas/verity-la-sombra-de-un-engano
,Cinemark Hoyts,Soleil,,VERITY: LA SOMBRA DE UN ENGAÑO,2D Doblada,23:10,,,,https://www.cinemark.com.ar/peliculas/verity-la-sombra-de-un-engano
,Cinemark Hoyts,Soleil,,EL CORAZÓN DE LA BESTIA,2D Doblada,15:40,,,,https://www.cinemark.com.ar/peliculas/el-corazon-de-la-bestia
,Cinemark Hoyts,Soleil,,EL CORAZÓN DE LA BESTIA,2D Doblada,18:00,,,,https://www.cinemark.com.ar/peliculas/el-corazon-de-la-bestia
,Cinemark Hoyts,Soleil,,EL CORAZÓN DE LA BESTIA,2D Doblada,20:20,,,,https://www.cinemark.com.ar/peliculas/el-corazon-de-la-bestia
,Cinemark Hoyts,Soleil,,RESIDENT EVIL: NOCHE CERO,2D Doblada,15:50,,,,https://www.cinemark.com.ar/peliculas/resident-evil-noche-cero
,Cinemark Hoyts,Soleil,,RESIDENT EVIL: NOCHE CERO,2D Doblada,18:20,,,,https://www.cinemark.com.ar/peliculas/resident-evil-noche-cero
,Cinemark Hoyts,Soleil,,RESIDENT EVIL: NOCHE CERO,2D Doblada,20:40,,,,https://www.cinemark.com.ar/peliculas/resident-evil-noche-cero
,Cinemark Hoyts,Soleil,,RESIDENT EVIL: NOCHE CERO,2D Doblada,23:00,,,,https://www.cinemark.com.ar/peliculas/resident-evil-noche-cero
,Cinemark Hoyts,Soleil,,SPIDER-MAN: UN NUEVO DÍA,2D Doblada,22:30,,,,https://www.cinemark.com.ar/peliculas/spider-man-un-nuevo-dia
,Cinemark Hoyts,Puerto Madero,,AVENGERS: ENDGAME (RE ESTRENO),2D Doblada,14:30,,,,https://www.cinemark.com.ar/peliculas/avengers-endgame-re-estreno
,Cinemark Hoyts,Puerto Madero,,AVENGERS: ENDGAME (RE ESTRENO),2D Doblada,22:00,,,,https://www.cinemark.com.ar/peliculas/avengers-endgame-re-estreno
,Cinemark Hoyts,Puerto Madero,,EL CORAZÓN DE LA BESTIA,2D Subtitulada,14:40,,,,https://www.cinemark.com.ar/peliculas/el-corazon-de-la-bestia
,Cinemark Hoyts,Puerto Madero,,EL CORAZÓN DE LA BESTIA,2D Subtitulada,17:00,,,,https://www.cinemark.com.ar/peliculas/el-corazon-de-la-bestia
,Cinemark Hoyts,Puerto Madero,,EL CORAZÓN DE LA BESTIA,2D Doblada,19:30,,,,https://www.cinemark.com.ar/peliculas/el-corazon-de-la-bestia
,Cinemark Hoyts,Puerto Madero,,MADRE SINIESTRA,2D Subtitulada,14:50,,,,https://www.cinemark.com.ar/peliculas/madre-siniestra
,Cinemark Hoyts,Puerto Madero,,MADRE SINIESTRA,2D Doblada,17:10,,,,https://www.cinemark.com.ar/peliculas/madre-siniestra
,Cinemark Hoyts,Puerto Madero,,MADRE SINIESTRA,2D Subtitulada,19:30,,,,https://www.cinemark.com.ar/peliculas/madre-siniestra
,Cinemark Hoyts,Puerto Madero,,MADRE SINIESTRA,2D Doblada,20:10,,,,https://www.cinemark.com.ar/peliculas/madre-siniestra
,Cinemark Hoyts,Puerto Madero,,MADRE SINIESTRA,2D Doblada,21:50,,,,https://www.cinemark.com.ar/peliculas/madre-siniestra
,Cinemark Hoyts,Puerto Madero,,MADRE SINIESTRA,2D Subtitulada,22:30,,,,https://www.cinemark.com.ar/peliculas/madre-siniestra
,Cinemark Hoyts,Puerto Madero,,RESIDENT EVIL: NOCHE CERO,2D Subtitulada,15:00,,,,https://www.cinemark.com.ar/peliculas/resident-evil-noche-cero
,Cinemark Hoyts,Puerto Madero,,RESIDENT EVIL: NOCHE CERO,2D Subtitulada,17:30,,,,https://www.cinemark.com.ar/peliculas/resident-evil-noche-cero
,Cinemark Hoyts,Puerto Madero,,RESIDENT EVIL: NOCHE CERO,2D Subtitulada,20:00,,,,https://www.cinemark.com.ar/peliculas/resident-evil-noche-cero
,Cinemark Hoyts,Puerto Madero,,RESIDENT EVIL: NOCHE CERO,2D Subtitulada,22:20,,,,https://www.cinemark.com.ar/peliculas/resident-evil-noche-cero
,Cinemark Hoyts,Puerto Madero,,RESIDENT EVIL: NOCHE CERO,2D Doblada,23:00,,,,https://www.cinemark.com.ar/peliculas/resident-evil-noche-cero
,Cinemark Hoyts,Puerto Madero,,COYOTE VS ACME,2D Doblada,15:00,,,,https://www.cinemark.com.ar/peliculas/coyote-vs-acme
,Cinemark Hoyts,Puerto Madero,,COYOTE VS ACME,2D Doblada,17:30,,,,https://www.cinemark.com.ar/peliculas/coyote-vs-acme
,Cinemark Hoyts,Puerto Madero,,CARS 20° ANIVERSARIO,2D Doblada,15:00,,,,https://www.cinemark.com.ar/peliculas/cars-20-aniversario
,Cinemark Hoyts,Puerto Madero,,CARS 20° ANIVERSARIO,2D Doblada,17:40,,,,https://www.cinemark.com.ar/peliculas/cars-20-aniversario
,Cinemark Hoyts,Puerto Madero,,CARS 20° ANIVERSARIO,2D Doblada,20:20,,,,https://www.cinemark.com.ar/peliculas/cars-20-aniversario
,Cinemark Hoyts,Puerto Madero,,A CUALQUIER PRECIO,2D Subtitulada,15:10,,,,https://www.cinemark.com.ar/peliculas/a-cualquier-precio
,Cinemark Hoyts,Puerto Madero,,A CUALQUIER PRECIO,2D Subtitulada,20:00,,,,https://www.cinemark.com.ar/peliculas/a-cualquier-precio
,Cinemark Hoyts,Puerto Madero,,VERITY: LA SOMBRA DE UN ENGAÑO,2D Subtitulada,15:10,,,,https://www.cinemark.com.ar/peliculas/verity-la-sombra-de-un-engano
,Cinemark Hoyts,Puerto Madero,,VERITY: LA SOMBRA DE UN ENGAÑO,2D Doblada,17:50,,,,https://www.cinemark.com.ar/peliculas/verity-la-sombra-de-un-engano
,Cinemark Hoyts,Puerto Madero,,VERITY: LA SOMBRA DE UN ENGAÑO,2D Subtitulada,20:30,,,,https://www.cinemark.com.ar/peliculas/verity-la-sombra-de-un-engano
,Cinemark Hoyts,Puerto Madero,,VERITY: LA SOMBRA DE UN ENGAÑO,2D Subtitulada,23:00,,,,https://www.cinemark.com.ar/peliculas/verity-la-sombra-de-un-engano
,Cinemark Hoyts,Puerto Madero,,VÉRTIGO 2: PUNTO MUERTO,2D Subtitulada,17:40,,,,https://www.cinemark.com.ar/peliculas/vertigo-2-punto-muerto
,Cinemark Hoyts,Puerto Madero,,LA ODISEA,2D Subtitulada,18:20,,,,https://www.cinemark.com.ar/peliculas/la-odisea
,Cinemark Hoyts,Puerto Madero,,LOS JUEGOS DEL HAMBRE (2012),2D Subtitulada,22:00,,,,https://www.cinemark.com.ar/peliculas/los-juegos-del-hambre-2012
,Cinemark Hoyts,Puerto Madero,,DIGGER,2D Subtitulada,22:50,,,,https://www.cinemark.com.ar/peliculas/digger
