zona,cadena,cine,direccion,pelicula,formato,horario,precio_general,precio_jubilado,precio_menor,url_pelicula
CABA,Cinemark Hoyts,Hoyts Dot Baires,"Vedia 3626, Dot Baires Mall, Saavedra",A CUALQUIER PRECIO,2D Subtitulada,17:25,,,,https://www.cinemark.com.ar/peliculas/a-cualquier-precio
CABA,Cinemark Hoyts,Hoyts Dot Baires,"Vedia 3626, Dot Baires Mall, Saavedra",A CUALQUIER PRECIO,2D Subtitulada,22:20,,,,https://www.cinemark.com.ar/peliculas/a-cualquier-precio
CABA,Cinemark Hoyts,Hoyts Dot Baires,"Vedia 3626, Dot Baires Mall, Saavedra",ALWAYS LALISA,2D Subtitulada,20:00,,,,https://www.cinemark.com.ar/peliculas/always-lalisa
CABA,Cinemark Hoyts,Hoyts Dot Baires,"Vedia 3626, Dot Baires Mall, Saavedra",Avengers: Endgame,4D 3D IV Subtitulada,13:00,,,,https://www.cinemark.com.ar/peliculas/avengers-endgame-re-estreno
CABA,Cinemark Hoyts,Hoyts Dot Baires,"Vedia 3626, Dot Baires Mall, Saavedra",Avengers: Endgame,4D 3D IV Doblada,17:00,,,,https://www.cinemark.com.ar/peliculas/avengers-endgame-re-estreno
CABA,Cinemark Hoyts,Hoyts Dot Baires,"Vedia 3626, Dot Baires Mall, Saavedra",Avengers: Endgame,4D 3D IV Subtitulada,21:00,,,,https://www.cinemark.com.ar/peliculas/avengers-endgame-re-estreno
CABA,Cinemark Hoyts,Hoyts Dot Baires,"Vedia 3626, Dot Baires Mall, Saavedra",CARS 20° ANIVERSARIO,2D Doblada,13:10,,,,https://www.cinemark.com.ar/peliculas/cars-20-aniversario
CABA,Cinemark Hoyts,Hoyts Dot Baires,"Vedia 3626, Dot Baires Mall, Saavedra",CARS 20° ANIVERSARIO,2D Doblada,16:00,,,,https://www.cinemark.com.ar/peliculas/cars-20-aniversario
CABA,Cinemark Hoyts,Hoyts Dot Baires,"Vedia 3626, Dot Baires Mall, Saavedra",CARS 20° ANIVERSARIO,2D Doblada,19:00,,,,https://www.cinemark.com.ar/peliculas/cars-20-aniversario
CABA,Cinemark Hoyts,Hoyts Dot Baires,"Vedia 3626, Dot Baires Mall, Saavedra",Coyote vs. Acme,2D Doblada,12:00,,,,https://www.cinemark.com.ar/peliculas/coyote-vs-acme
CABA,Cinemark Hoyts,Hoyts Dot Baires,"Vedia 3626, Dot Baires Mall, Saavedra",Coyote vs. Acme,2D Doblada,14:40,,,,https://www.cinemark.com.ar/peliculas/coyote-vs-acme
CABA,Cinemark Hoyts,Hoyts Dot Baires,"Vedia 3626, Dot Baires Mall, Saavedra",Coyote vs. Acme,2D Doblada,17:20,,,,https://www.cinemark.com.ar/peliculas/coyote-vs-acme
CABA,Cinemark Hoyts,Hoyts Dot Baires,"Vedia 3626, Dot Baires Mall, Saavedra",Digger,2D Subtitulada,19:50,,,,https://www.cinemark.com.ar/peliculas/digger
CABA,Cinemark Hoyts,Hoyts Dot Baires,"Vedia 3626, Dot Baires Mall, Saavedra",Digger,2D Subtitulada,22:50,,,,https://www.cinemark.com.ar/peliculas/digger
CABA,Cinemark Hoyts,Hoyts Dot Baires,"Vedia 3626, Dot Baires Mall, Saavedra",El corazón de la bestia,2D Subtitulada,11:50,,,,https://www.cinemark.com.ar/peliculas/el-corazon-de-la-bestia
CABA,Cinemark Hoyts,Hoyts Dot Baires,"Vedia 3626, Dot Baires Mall, Saavedra",El corazón de la bestia,2D Subtitulada,14:20,,,,https://www.cinemark.com.ar/peliculas/el-corazon-de-la-bestia
CABA,Cinemark Hoyts,Hoyts Dot Baires,"Vedia 3626, Dot Baires Mall, Saavedra",El corazón de la bestia,2D Subtitulada,16:40,,,,https://www.cinemark.com.ar/peliculas/el-corazon-de-la-bestia
CABA,Cinemark Hoyts,Hoyts Dot Baires,"Vedia 3626, Dot Baires Mall, Saavedra",El corazón de la bestia,2D Subtitulada,19:10,,,,https://www.cinemark.com.ar/peliculas/el-corazon-de-la-bestia
CABA,Cinemark Hoyts,Hoyts Dot Baires,"Vedia 3626, Dot Baires Mall, Saavedra",El corazón de la bestia,2D Subtitulada,22:00,,,,https://www.cinemark.com.ar/peliculas/el-corazon-de-la-bestia
CABA,Cinemark Hoyts,Hoyts Dot Baires,"Vedia 3626, Dot Baires Mall, Saavedra",La Odisea,PREMIER 2D Subtitulada,13:00,,,,https://www.cinemark.com.ar/peliculas/la-odisea
CABA,Cinemark Hoyts,Hoyts Dot Baires,"Vedia 3626, Dot Baires Mall, Saavedra",La Odisea,PREMIER 2D Subtitulada,21:20,,,,https://www.cinemark.com.ar/peliculas/la-odisea
CABA,Cinemark Hoyts,Hoyts Dot Baires,"Vedia 3626, Dot Baires Mall, Saavedra",MADRE SINIESTRA,XD 2D Subtitulada,13:50,,,,https://www.cinemark.com.ar/peliculas/madre-siniestra
CABA,Cinemark Hoyts,Hoyts Dot Baires,"Vedia 3626, Dot Baires Mall, Saavedra",MADRE SINIESTRA,XD 2D Subtitulada,16:10,,,,https://www.cinemark.com.ar/peliculas/madre-siniestra
CABA,Cinemark Hoyts,Hoyts Dot Baires,"Vedia 3626, Dot Baires Mall, Saavedra",MADRE SINIESTRA,PREMIER 2D Subtitulada,16:40,,,,https://www.cinemark.com.ar/peliculas/madre-siniestra
CABA,Cinemark Hoyts,Hoyts Dot Baires,"Vedia 3626, Dot Baires Mall, Saavedra",MADRE SINIESTRA,XD 2D Subtitulada,18:30,,,,https://www.cinemark.com.ar/peliculas/madre-siniestra
CABA,Cinemark Hoyts,Hoyts Dot Baires,"Vedia 3626, Dot Baires Mall, Saavedra",MADRE SINIESTRA,XD 2D Subtitulada,20:45,,,,https://www.cinemark.com.ar/peliculas/madre-siniestra
CABA,Cinemark Hoyts,Hoyts Dot Baires,"Vedia 3626, Dot Baires Mall, Saavedra",MADRE SINIESTRA,XD 2D Subtitulada,23:00,,,,https://www.cinemark.com.ar/peliculas/madre-siniestra
CABA,Cinemark Hoyts,Hoyts Dot Baires,"Vedia 3626, Dot Baires Mall, Saavedra",Resident Evil: Noche Cero,2D Subtitulada,12:30,,,,https://www.cinemark.com.ar/peliculas/resident-evil-noche-cero
CABA,Cinemark Hoyts,Hoyts Dot Baires,"Vedia 3626, Dot Baires Mall, Saavedra",Resident Evil: Noche Cero,2D Subtitulada,15:00,,,,https://www.cinemark.com.ar/peliculas/resident-evil-noche-cero
CABA,Cinemark Hoyts,Hoyts Dot Baires,"Vedia 3626, Dot Baires Mall, Saavedra",Resident Evil: Noche Cero,2D Subtitulada,17:40,,,,https://www.cinemark.com.ar/peliculas/resident-evil-noche-cero
CABA,Cinemark Hoyts,Hoyts Dot Baires,"Vedia 3626, Dot Baires Mall, Saavedra",Resident Evil: Noche Cero,2D Subtitulada,20:10,,,,https://www.cinemark.com.ar/peliculas/resident-evil-noche-cero
CABA,Cinemark Hoyts,Hoyts Dot Baires,"Vedia 3626, Dot Baires Mall, Saavedra",Resident Evil: Noche Cero,2D Subtitulada,22:30,,,,https://www.cinemark.com.ar/peliculas/resident-evil-noche-cero
CABA,Cinemark Hoyts,Hoyts Dot Baires,"Vedia 3626, Dot Baires Mall, Saavedra",Spider-Man: Un nuevo día,2D Subtitulada,14:05,,,,https://www.cinemark.com.ar/peliculas/spider-man-un-nuevo-dia
CABA,Cinemark Hoyts,Hoyts Dot Baires,"Vedia 3626, Dot Baires Mall, Saavedra",Verity. La sombra de un engaño,2D Subtitulada,11:30,,,,https://www.cinemark.com.ar/peliculas/verity-la-sombra-de-un-engano
CABA,Cinemark Hoyts,Hoyts Dot Baires,"Vedia 3626, Dot Baires Mall, Saavedra",Verity. La sombra de un engaño,PREMIER 2D Subtitulada,12:20,,,,https://www.cinemark.com.ar/peliculas/verity-la-sombra-de-un-engano
CABA,Cinemark Hoyts,Hoyts Dot Baires,"Vedia 3626, Dot Baires Mall, Saavedra",Verity. La sombra de un engaño,2D Subtitulada,14:10,,,,https://www.cinemark.com.ar/peliculas/verity-la-sombra-de-un-engano
CABA,Cinemark Hoyts,Hoyts Dot Baires,"Vedia 3626, Dot Baires Mall, Saavedra",Verity. La sombra de un engaño,PREMIER 2D Subtitulada,15:00,,,,https://www.cinemark.com.ar/peliculas/verity-la-sombra-de-un-engano
CABA,Cinemark Hoyts,Hoyts Dot Baires,"Vedia 3626, Dot Baires Mall, Saavedra",Verity. La sombra de un engaño,2D Subtitulada,16:50,,,,https://www.cinemark.com.ar/peliculas/verity-la-sombra-de-un-engano
CABA,Cinemark Hoyts,Hoyts Dot Baires,"Vedia 3626, Dot Baires Mall, Saavedra",Verity. La sombra de un engaño,PREMIER 2D Subtitulada,17:30,,,,https://www.cinemark.com.ar/peliculas/verity-la-sombra-de-un-engano
CABA,Cinemark Hoyts,Hoyts Dot Baires,"Vedia 3626, Dot Baires Mall, Saavedra",Verity. La sombra de un engaño,2D Subtitulada,19:30,,,,https://www.cinemark.com.ar/peliculas/verity-la-sombra-de-un-engano
CABA,Cinemark Hoyts,Hoyts Dot Baires,"Vedia 3626, Dot Baires Mall, Saavedra",Verity. La sombra de un engaño,PREMIER 2D Subtitulada,20:00,,,,https://www.cinemark.com.ar/peliculas/verity-la-sombra-de-un-engano
CABA,Cinemark Hoyts,Hoyts Dot Baires,"Vedia 3626, Dot Baires Mall, Saavedra",Verity. La sombra de un engaño,2D Subtitulada,22:10,,,,https://www.cinemark.com.ar/peliculas/verity-la-sombra-de-un-engano
CABA,Cinemark Hoyts,Hoyts Dot Baires,"Vedia 3626, Dot Baires Mall, Saavedra",Verity. La sombra de un engaño,PREMIER 2D Subtitulada,22:30,,,,https://www.cinemark.com.ar/peliculas/verity-la-sombra-de-un-engano
CABA,Cinemark Hoyts,Hoyts Dot Baires,"Vedia 3626, Dot Baires Mall, Saavedra",Yo Narciso,PREMIER 2D Doblada,19:00,,,,https://www.cinemark.com.ar/peliculas/yo-narciso
CABA,Atlas Cines,Atlas Caballito,"Rivadavia 5071, Caballito",Avengers: Endgame,2D Doblada,12:00,,,,https://www.atlascines.com/Peliculas?codPelicula=546&codComplejo=191
CABA,Atlas Cines,Atlas Caballito,"Rivadavia 5071, Caballito",Avengers: Endgame,4DX Doblada,14:40,,,,https://www.atlascines.com/Peliculas?codPelicula=546&codComplejo=191
CABA,Atlas Cines,Atlas Caballito,"Rivadavia 5071, Caballito",Avengers: Endgame,4DX Doblada,18:20,,,,https://www.atlascines.com/Peliculas?codPelicula=546&codComplejo=191
CABA,Atlas Cines,Atlas Caballito,"Rivadavia 5071, Caballito",Cars,2D Doblada,12:10,,,,https://www.atlascines.com/Peliculas?codPelicula=593&codComplejo=191
CABA,Atlas Cines,Atlas Caballito,"Rivadavia 5071, Caballito",Cars,2D Doblada,14:40,,,,https://www.atlascines.com/Peliculas?codPelicula=593&codComplejo=191
CABA,Atlas Cines,Atlas Caballito,"Rivadavia 5071, Caballito",Cars,2D Doblada,17:20,,,,https://www.atlascines.com/Peliculas?codPelicula=593&codComplejo=191
CABA,Atlas Cines,Atlas Caballito,"Rivadavia 5071, Caballito",El corazón de la bestia,2D Subtitulada,17:50,,,,https://www.atlascines.com/Peliculas?codPelicula=578&codComplejo=191
CABA,Atlas Cines,Atlas Caballito,"Rivadavia 5071, Caballito",El corazón de la bestia,2D Subtitulada,20:40,,,,https://www.atlascines.com/Peliculas?codPelicula=578&codComplejo=191
CABA,Atlas Cines,Atlas Caballito,"Rivadavia 5071, Caballito",La invitación,2D Subtitulada,20:00,,,,https://www.atlascines.com/Peliculas?codPelicula=526&codComplejo=191
CABA,Atlas Cines,Atlas Caballito,"Rivadavia 5071, Caballito",La casa,2D Doblada,17:50,,,,https://www.atlascines.com/Peliculas?codPelicula=595&codComplejo=191
CABA,Atlas Cines,Atlas Caballito,"Rivadavia 5071, Caballito",La casa,2D Doblada,22:30,,,,https://www.atlascines.com/Peliculas?codPelicula=595&codComplejo=191
CABA,Atlas Cines,Atlas Caballito,"Rivadavia 5071, Caballito",La Odisea,2D Subtitulada,17:20,,,,https://www.atlascines.com/Peliculas?codPelicula=501&codComplejo=191
CABA,Atlas Cines,Atlas Caballito,"Rivadavia 5071, Caballito",PAW Patrol: La Dino Película,2D Doblada,12:20,,,,https://www.atlascines.com/Peliculas?codPelicula=528&codComplejo=191
CABA,Atlas Cines,Atlas Caballito,"Rivadavia 5071, Caballito",PAW Patrol: La Dino Película,2D Doblada,14:20,,,,https://www.atlascines.com/Peliculas?codPelicula=528&codComplejo=191
CABA,Atlas Cines,Atlas Caballito,"Rivadavia 5071, Caballito",Resident Evil: Noche Cero,4DX Doblada,12:40,,,,https://www.atlascines.com/Peliculas?codPelicula=569&codComplejo=191
CABA,Atlas Cines,Atlas Caballito,"Rivadavia 5071, Caballito",Resident Evil: Noche Cero,2D Doblada,13:10,,,,https://www.atlascines.com/Peliculas?codPelicula=569&codComplejo=191
CABA,Atlas Cines,Atlas Caballito,"Rivadavia 5071, Caballito",Resident Evil: Noche Cero,2D Doblada,16:30,,,,https://www.atlascines.com/Peliculas?codPelicula=569&codComplejo=191
CABA,Atlas Cines,Atlas Caballito,"Rivadavia 5071, Caballito",Resident Evil: Noche Cero,2D Subtitulada,18:40,,,,https://www.atlascines.com/Peliculas?codPelicula=569&codComplejo=191
CABA,Atlas Cines,Atlas Caballito,"Rivadavia 5071, Caballito",Resident Evil: Noche Cero,2D Subtitulada,20:50,,,,https://www.atlascines.com/Peliculas?codPelicula=569&codComplejo=191
CABA,Atlas Cines,Atlas Caballito,"Rivadavia 5071, Caballito",Resident Evil: Noche Cero,4DX Doblada,22:00,,,,https://www.atlascines.com/Peliculas?codPelicula=569&codComplejo=191
CABA,Atlas Cines,Atlas Caballito,"Rivadavia 5071, Caballito",Resident Evil: Noche Cero,2D Subtitulada,23:00,,,,https://www.atlascines.com/Peliculas?codPelicula=569&codComplejo=191
CABA,Atlas Cines,Atlas Caballito,"Rivadavia 5071, Caballito",La isla olvidada,2D Doblada,12:20,,,,https://www.atlascines.com/Peliculas?codPelicula=580&codComplejo=191
CABA,Atlas Cines,Atlas Caballito,"Rivadavia 5071, Caballito",La isla olvidada,2D Doblada,14:30,,,,https://www.atlascines.com/Peliculas?codPelicula=580&codComplejo=191
CABA,Atlas Cines,Atlas Caballito,"Rivadavia 5071, Caballito",La isla olvidada,2D Doblada,16:40,,,,https://www.atlascines.com/Peliculas?codPelicula=580&codComplejo=191
CABA,Atlas Cines,Atlas Caballito,"Rivadavia 5071, Caballito",Digger,2D Subtitulada,22:40,,,,https://www.atlascines.com/Peliculas?codPelicula=582&codComplejo=191
CABA,Atlas Cines,Atlas Caballito,"Rivadavia 5071, Caballito",Hope,2D Doblada,18:50,,,,https://www.atlascines.com/Peliculas?codPelicula=594&codComplejo=191
CABA,Atlas Cines,Atlas Caballito,"Rivadavia 5071, Caballito",Hope,2D Subtitulada,22:00,,,,https://www.atlascines.com/Peliculas?codPelicula=594&codComplejo=191
CABA,Atlas Cines,Atlas Caballito,"Rivadavia 5071, Caballito",Coyote vs. Acme,2D Doblada,15:30,,,,https://www.atlascines.com/Peliculas?codPelicula=547&codComplejo=191
CABA,Atlas Cines,Atlas Caballito,"Rivadavia 5071, Caballito",Verity. La sombra de un engaño,2D Doblada,12:00,,,,https://www.atlascines.com/Peliculas?codPelicula=583&codComplejo=191
CABA,Atlas Cines,Atlas Caballito,"Rivadavia 5071, Caballito",Verity. La sombra de un engaño,2D Doblada,14:30,,,,https://www.atlascines.com/Peliculas?codPelicula=583&codComplejo=191
CABA,Atlas Cines,Atlas Caballito,"Rivadavia 5071, Caballito",Verity. La sombra de un engaño,2D Subtitulada,17:00,,,,https://www.atlascines.com/Peliculas?codPelicula=583&codComplejo=191
CABA,Atlas Cines,Atlas Caballito,"Rivadavia 5071, Caballito",Verity. La sombra de un engaño,2D Subtitulada,19:30,,,,https://www.atlascines.com/Peliculas?codPelicula=583&codComplejo=191
CABA,Atlas Cines,Atlas Caballito,"Rivadavia 5071, Caballito",Verity. La sombra de un engaño,2D Subtitulada,22:00,,,,https://www.atlascines.com/Peliculas?codPelicula=583&codComplejo=191
CABA,Atlas Cines,Atlas Caballito,"Rivadavia 5071, Caballito",La vida es así,2D Subtitulada,15:20,,,,https://www.atlascines.com/Peliculas?codPelicula=596&codComplejo=191
CABA,Atlas Cines,Atlas Caballito,"Rivadavia 5071, Caballito",A cualquier precio,2D Doblada,20:10,,,,https://www.atlascines.com/Peliculas?codPelicula=592&codComplejo=191
CABA,Atlas Cines,Atlas Caballito,"Rivadavia 5071, Caballito",A cualquier precio,2D Subtitulada,22:50,,,,https://www.atlascines.com/Peliculas?codPelicula=592&codComplejo=191
CABA,Atlas Cines,Atlas Caballito,"Rivadavia 5071, Caballito",Always Lalisa,2D Subtitulada,20:00,,,,https://www.atlascines.com/Peliculas?codPelicula=567&codComplejo=191
CABA,Atlas Cines,Atlas Caballito,"Rivadavia 5071, Caballito",Guardianes Del Museo 2,2D Doblada,12:50,,,,https://www.atlascines.com/Peliculas?codPelicula=586&codComplejo=191
CABA,Atlas Cines,Atlas Caballito,"Rivadavia 5071, Caballito",Guardianes Del Museo 2,2D Doblada,15:00,,,,https://www.atlascines.com/Peliculas?codPelicula=586&codComplejo=191
CABA,Atlas Cines,Atlas Caballito,"Rivadavia 5071, Caballito",Madre siniestra,2D Doblada,13:20,,,,https://www.atlascines.com/Peliculas?codPelicula=597&codComplejo=191
CABA,Atlas Cines,Atlas Caballito,"Rivadavia 5071, Caballito",Madre siniestra,2D Doblada,15:40,,,,https://www.atlascines.com/Peliculas?codPelicula=597&codComplejo=191
CABA,Atlas Cines,Atlas Caballito,"Rivadavia 5071, Caballito",Madre siniestra,2D Doblada,18:00,,,,https://www.atlascines.com/Peliculas?codPelicula=597&codComplejo=191
CABA,Atlas Cines,Atlas Caballito,"Rivadavia 5071, Caballito",Madre siniestra,2D Subtitulada,20:20,,,,https://www.atlascines.com/Peliculas?codPelicula=597&codComplejo=191
CABA,Atlas Cines,Atlas Caballito,"Rivadavia 5071, Caballito",Madre siniestra,2D Doblada,22:20,,,,https://www.atlascines.com/Peliculas?codPelicula=597&codComplejo=191
CABA,Atlas Cines,Atlas Caballito,"Rivadavia 5071, Caballito",Madre siniestra,2D Subtitulada,22:40,,,,https://www.atlascines.com/Peliculas?codPelicula=597&codComplejo=191
GBA Norte,Cinemark Hoyts,Hoyts Unicenter,"Paraná 3745, Unicenter Shopping",A CUALQUIER PRECIO,2D Subtitulada,20:20,,,,https://www.cinemark.com.ar/peliculas/a-cualquier-precio
GBA Norte,Cinemark Hoyts,Hoyts Unicenter,"Paraná 3745, Unicenter Shopping",A CUALQUIER PRECIO,2D Subtitulada,22:50,,,,https://www.cinemark.com.ar/peliculas/a-cualquier-precio
GBA Norte,Cinemark Hoyts,Hoyts Unicenter,"Paraná 3745, Unicenter Shopping",ALWAYS LALISA,2D Subtitulada,20:00,,,,https://www.cinemark.com.ar/peliculas/always-lalisa
GBA Norte,Cinemark Hoyts,Hoyts Unicenter,"Paraná 3745, Unicenter Shopping",Avengers: Endgame,2D Subtitulada,12:10,,,,https://www.cinemark.com.ar/peliculas/avengers-endgame-re-estreno
GBA Norte,Cinemark Hoyts,Hoyts Unicenter,"Paraná 3745, Unicenter Shopping",Avengers: Endgame,2D Doblada,14:50,,,,https://www.cinemark.com.ar/peliculas/avengers-endgame-re-estreno
GBA Norte,Cinemark Hoyts,Hoyts Unicenter,"Paraná 3745, Unicenter Shopping",Avengers: Endgame,4D 3D IV Doblada,18:10,,,,https://www.cinemark.com.ar/peliculas/avengers-endgame-re-estreno
GBA Norte,Cinemark Hoyts,Hoyts Unicenter,"Paraná 3745, Unicenter Shopping",Avengers: Endgame,2D Subtitulada,18:40,,,,https://www.cinemark.com.ar/peliculas/avengers-endgame-re-estreno
GBA Norte,Cinemark Hoyts,Hoyts Unicenter,"Paraná 3745, Unicenter Shopping",Avengers: Endgame,4D 3D IV Doblada,22:00,,,,https://www.cinemark.com.ar/peliculas/avengers-endgame-re-estreno
GBA Norte,Cinemark Hoyts,Hoyts Unicenter,"Paraná 3745, Unicenter Shopping",Avengers: Endgame,2D Subtitulada,22:20,,,,https://www.cinemark.com.ar/peliculas/avengers-endgame-re-estreno
GBA Norte,Cinemark Hoyts,Hoyts Unicenter,"Paraná 3745, Unicenter Shopping",CARS 20° ANIVERSARIO,4D 2D Doblada,12:30,,,,https://www.cinemark.com.ar/peliculas/cars-20-aniversario
GBA Norte,Cinemark Hoyts,Hoyts Unicenter,"Paraná 3745, Unicenter Shopping",CARS 20° ANIVERSARIO,DBOX 2D Doblada,13:00,,,,https://www.cinemark.com.ar/peliculas/cars-20-aniversario
GBA Norte,Cinemark Hoyts,Hoyts Unicenter,"Paraná 3745, Unicenter Shopping",CARS 20° ANIVERSARIO,2D Doblada,13:00,,,,https://www.cinemark.com.ar/peliculas/cars-20-aniversario
GBA Norte,Cinemark Hoyts,Hoyts Unicenter,"Paraná 3745, Unicenter Shopping",CARS 20° ANIVERSARIO,4D 2D Doblada,15:30,,,,https://www.cinemark.com.ar/peliculas/cars-20-aniversario
GBA Norte,Cinemark Hoyts,Hoyts Unicenter,"Paraná 3745, Unicenter Shopping",CARS 20° ANIVERSARIO,DBOX 2D Doblada,16:00,,,,https://www.cinemark.com.ar/peliculas/cars-20-aniversario
GBA Norte,Cinemark Hoyts,Hoyts Unicenter,"Paraná 3745, Unicenter Shopping",CARS 20° ANIVERSARIO,2D Doblada,16:00,,,,https://www.cinemark.com.ar/peliculas/cars-20-aniversario
GBA Norte,Cinemark Hoyts,Hoyts Unicenter,"Paraná 3745, Unicenter Shopping",CARS 20° ANIVERSARIO,DBOX 2D Doblada,18:50,,,,https://www.cinemark.com.ar/peliculas/cars-20-aniversario
GBA Norte,Cinemark Hoyts,Hoyts Unicenter,"Paraná 3745, Unicenter Shopping",CARS 20° ANIVERSARIO,2D Doblada,18:50,,,,https://www.cinemark.com.ar/peliculas/cars-20-aniversario
GBA Norte,Cinemark Hoyts,Hoyts Unicenter,"Paraná 3745, Unicenter Shopping",CARS 20° ANIVERSARIO,DBOX 2D Doblada,21:40,,,,https://www.cinemark.com.ar/peliculas/cars-20-aniversario
GBA Norte,Cinemark Hoyts,Hoyts Unicenter,"Paraná 3745, Unicenter Shopping",CARS 20° ANIVERSARIO,2D Doblada,21:40,,,,https://www.cinemark.com.ar/peliculas/cars-20-aniversario
GBA Norte,Cinemark Hoyts,Hoyts Unicenter,"Paraná 3745, Unicenter Shopping",Coyote vs. Acme,2D Doblada,15:10,,,,https://www.cinemark.com.ar/peliculas/coyote-vs-acme
GBA Norte,Cinemark Hoyts,Hoyts Unicenter,"Paraná 3745, Unicenter Shopping",Coyote vs. Acme,2D Doblada,17:50,,,,https://www.cinemark.com.ar/peliculas/coyote-vs-acme
GBA Norte,Cinemark Hoyts,Hoyts Unicenter,"Paraná 3745, Unicenter Shopping",Digger,2D Subtitulada,12:00,,,,https://www.cinemark.com.ar/peliculas/digger
GBA Norte,Cinemark Hoyts,Hoyts Unicenter,"Paraná 3745, Unicenter Shopping",Digger,2D Subtitulada,14:45,,,,https://www.cinemark.com.ar/peliculas/digger
GBA Norte,Cinemark Hoyts,Hoyts Unicenter,"Paraná 3745, Unicenter Shopping",Digger,2D Subtitulada,17:25,,,,https://www.cinemark.com.ar/peliculas/digger
GBA Norte,Cinemark Hoyts,Hoyts Unicenter,"Paraná 3745, Unicenter Shopping",Digger,2D Subtitulada,20:10,,,,https://www.cinemark.com.ar/peliculas/digger
GBA Norte,Cinemark Hoyts,Hoyts Unicenter,"Paraná 3745, Unicenter Shopping",Digger,2D Subtitulada,22:55,,,,https://www.cinemark.com.ar/peliculas/digger
GBA Norte,Cinemark Hoyts,Hoyts Unicenter,"Paraná 3745, Unicenter Shopping",El corazón de la bestia,2D Subtitulada,12:20,,,,https://www.cinemark.com.ar/peliculas/el-corazon-de-la-bestia
GBA Norte,Cinemark Hoyts,Hoyts Unicenter,"Paraná 3745, Unicenter Shopping",El corazón de la bestia,2D Subtitulada,14:40,,,,https://www.cinemark.com.ar/peliculas/el-corazon-de-la-bestia
GBA Norte,Cinemark Hoyts,Hoyts Unicenter,"Paraná 3745, Unicenter Shopping",El corazón de la bestia,2D Subtitulada,17:10,,,,https://www.cinemark.com.ar/peliculas/el-corazon-de-la-bestia
GBA Norte,Cinemark Hoyts,Hoyts Unicenter,"Paraná 3745, Unicenter Shopping",El corazón de la bestia,PREMIER 2D Subtitulada,17:30,,,,https://www.cinemark.com.ar/peliculas/el-corazon-de-la-bestia
GBA Norte,Cinemark Hoyts,Hoyts Unicenter,"Paraná 3745, Unicenter Shopping",El corazón de la bestia,2D Subtitulada,19:40,,,,https://www.cinemark.com.ar/peliculas/el-corazon-de-la-bestia
GBA Norte,Cinemark Hoyts,Hoyts Unicenter,"Paraná 3745, Unicenter Shopping",El corazón de la bestia,2D Subtitulada,22:10,,,,https://www.cinemark.com.ar/peliculas/el-corazon-de-la-bestia
GBA Norte,Cinemark Hoyts,Hoyts Unicenter,"Paraná 3745, Unicenter Shopping",El corazón de la bestia,PREMIER 2D Subtitulada,22:30,,,,https://www.cinemark.com.ar/peliculas/el-corazon-de-la-bestia
GBA Norte,Cinemark Hoyts,Hoyts Unicenter,"Paraná 3745, Unicenter Shopping",Guardianes Del Museo 2,2D Doblada,12:45,,,,https://www.cinemark.com.ar/peliculas/guardianes-del-museo-2
GBA Norte,Cinemark Hoyts,Hoyts Unicenter,"Paraná 3745, Unicenter Shopping",HOPE: EL PRIMER IMPACTO,2D Subtitulada,16:10,,,,https://www.cinemark.com.ar/peliculas/hope-el-primer-impacto
GBA Norte,Cinemark Hoyts,Hoyts Unicenter,"Paraná 3745, Unicenter Shopping",HOPE: EL PRIMER IMPACTO,2D Subtitulada,22:45,,,,https://www.cinemark.com.ar/peliculas/hope-el-primer-impacto
GBA Norte,Cinemark Hoyts,Hoyts Unicenter,"Paraná 3745, Unicenter Shopping",LA CASA,2D Doblada,12:40,,,,https://www.cinemark.com.ar/peliculas/la-casa
GBA Norte,Cinemark Hoyts,Hoyts Unicenter,"Paraná 3745, Unicenter Shopping",LA CASA,2D Doblada,18:00,,,,https://www.cinemark.com.ar/peliculas/la-casa
GBA Norte,Cinemark Hoyts,Hoyts Unicenter,"Paraná 3745, Unicenter Shopping",LA CASA,2D Doblada,22:40,,,,https://www.cinemark.com.ar/peliculas/la-casa
GBA Norte,Cinemark Hoyts,Hoyts Unicenter,"Paraná 3745, Unicenter Shopping",La isla olvidada,2D Doblada,13:55,,,,https://www.cinemark.com.ar/peliculas/la-isla-olvidada
GBA Norte,Cinemark Hoyts,Hoyts Unicenter,"Paraná 3745, Unicenter Shopping",La Odisea,2D Subtitulada,16:25,,,,https://www.cinemark.com.ar/peliculas/la-odisea
GBA Norte,Cinemark Hoyts,Hoyts Unicenter,"Paraná 3745, Unicenter Shopping",La Odisea,2D Subtitulada,22:15,,,,https://www.cinemark.com.ar/peliculas/la-odisea
GBA Norte,Cinemark Hoyts,Hoyts Unicenter,"Paraná 3745, Unicenter Shopping",MADRE SINIESTRA,2D Subtitulada,12:45,,,,https://www.cinemark.com.ar/peliculas/madre-siniestra
GBA Norte,Cinemark Hoyts,Hoyts Unicenter,"Paraná 3745, Unicenter Shopping",MADRE SINIESTRA,DBOX 2D Subtitulada,13:15,,,,https://www.cinemark.com.ar/peliculas/madre-siniestra
GBA Norte,Cinemark Hoyts,Hoyts Unicenter,"Paraná 3745, Unicenter Shopping",MADRE SINIESTRA,2D Subtitulada,13:15,,,,https://www.cinemark.com.ar/peliculas/madre-siniestra
GBA Norte,Cinemark Hoyts,Hoyts Unicenter,"Paraná 3745, Unicenter Shopping",MADRE SINIESTRA,2D Doblada,15:25,,,,https://www.cinemark.com.ar/peliculas/madre-siniestra
GBA Norte,Cinemark Hoyts,Hoyts Unicenter,"Paraná 3745, Unicenter Shopping",MADRE SINIESTRA,DBOX 2D Subtitulada,15:55,,,,https://www.cinemark.com.ar/peliculas/madre-siniestra
GBA Norte,Cinemark Hoyts,Hoyts Unicenter,"Paraná 3745, Unicenter Shopping",MADRE SINIESTRA,2D Subtitulada,15:55,,,,https://www.cinemark.com.ar/peliculas/madre-siniestra
GBA Norte,Cinemark Hoyts,Hoyts Unicenter,"Paraná 3745, Unicenter Shopping",MADRE SINIESTRA,2D Subtitulada,17:40,,,,https://www.cinemark.com.ar/peliculas/madre-siniestra
GBA Norte,Cinemark Hoyts,Hoyts Unicenter,"Paraná 3745, Unicenter Shopping",MADRE SINIESTRA,DBOX 2D Subtitulada,18:10,,,,https://www.cinemark.com.ar/peliculas/madre-siniestra
GBA Norte,Cinemark Hoyts,Hoyts Unicenter,"Paraná 3745, Unicenter Shopping",MADRE SINIESTRA,2D Subtitulada,18:10,,,,https://www.cinemark.com.ar/peliculas/madre-siniestra
GBA Norte,Cinemark Hoyts,Hoyts Unicenter,"Paraná 3745, Unicenter Shopping",MADRE SINIESTRA,2D Doblada,19:50,,,,https://www.cinemark.com.ar/peliculas/madre-siniestra
GBA Norte,Cinemark Hoyts,Hoyts Unicenter,"Paraná 3745, Unicenter Shopping",MADRE SINIESTRA,DBOX 2D Subtitulada,20:25,,,,https://www.cinemark.com.ar/peliculas/madre-siniestra
GBA Norte,Cinemark Hoyts,Hoyts Unicenter,"Paraná 3745, Unicenter Shopping",MADRE SINIESTRA,2D Subtitulada,20:25,,,,https://www.cinemark.com.ar/peliculas/madre-siniestra
GBA Norte,Cinemark Hoyts,Hoyts Unicenter,"Paraná 3745, Unicenter Shopping",MADRE SINIESTRA,2D Subtitulada,22:15,,,,https://www.cinemark.com.ar/peliculas/madre-siniestra
GBA Norte,Cinemark Hoyts,Hoyts Unicenter,"Paraná 3745, Unicenter Shopping",MADRE SINIESTRA,DBOX 2D Subtitulada,22:45,,,,https://www.cinemark.com.ar/peliculas/madre-siniestra
GBA Norte,Cinemark Hoyts,Hoyts Unicenter,"Paraná 3745, Unicenter Shopping",MADRE SINIESTRA,2D Subtitulada,22:45,,,,https://www.cinemark.com.ar/peliculas/madre-siniestra
GBA Norte,Cinemark Hoyts,Hoyts Unicenter,"Paraná 3745, Unicenter Shopping",Pmmm: Walpurgisnacht Rising,2D Subtitulada,15:20,,,,https://www.cinemark.com.ar/peliculas/puella-magi-madoka-magica-walpurgisnacht-rising
GBA Norte,Cinemark Hoyts,Hoyts Unicenter,"Paraná 3745, Unicenter Shopping",Resident Evil: Noche Cero,PREMIER 2D Subtitulada,12:30,,,,https://www.cinemark.com.ar/peliculas/resident-evil-noche-cero
GBA Norte,Cinemark Hoyts,Hoyts Unicenter,"Paraná 3745, Unicenter Shopping",Resident Evil: Noche Cero,2D Doblada,12:35,,,,https://www.cinemark.com.ar/peliculas/resident-evil-noche-cero
GBA Norte,Cinemark Hoyts,Hoyts Unicenter,"Paraná 3745, Unicenter Shopping",Resident Evil: Noche Cero,2D Subtitulada,13:05,,,,https://www.cinemark.com.ar/peliculas/resident-evil-noche-cero
GBA Norte,Cinemark Hoyts,Hoyts Unicenter,"Paraná 3745, Unicenter Shopping",Resident Evil: Noche Cero,PREMIER 2D Subtitulada,14:50,,,,https://www.cinemark.com.ar/peliculas/resident-evil-noche-cero
GBA Norte,Cinemark Hoyts,Hoyts Unicenter,"Paraná 3745, Unicenter Shopping",Resident Evil: Noche Cero,2D Subtitulada,15:15,,,,https://www.cinemark.com.ar/peliculas/resident-evil-noche-cero
GBA Norte,Cinemark Hoyts,Hoyts Unicenter,"Paraná 3745, Unicenter Shopping",Resident Evil: Noche Cero,2D Doblada,15:50,,,,https://www.cinemark.com.ar/peliculas/resident-evil-noche-cero
GBA Norte,Cinemark Hoyts,Hoyts Unicenter,"Paraná 3745, Unicenter Shopping",Resident Evil: Noche Cero,2D Subtitulada,17:35,,,,https://www.cinemark.com.ar/peliculas/resident-evil-noche-cero
GBA Norte,Cinemark Hoyts,Hoyts Unicenter,"Paraná 3745, Unicenter Shopping",Resident Evil: Noche Cero,2D Doblada,18:15,,,,https://www.cinemark.com.ar/peliculas/resident-evil-noche-cero
GBA Norte,Cinemark Hoyts,Hoyts Unicenter,"Paraná 3745, Unicenter Shopping",Resident Evil: Noche Cero,PREMIER 2D Subtitulada,20:00,,,,https://www.cinemark.com.ar/peliculas/resident-evil-noche-cero
GBA Norte,Cinemark Hoyts,Hoyts Unicenter,"Paraná 3745, Unicenter Shopping",Resident Evil: Noche Cero,2D Subtitulada,20:15,,,,https://www.cinemark.com.ar/peliculas/resident-evil-noche-cero
GBA Norte,Cinemark Hoyts,Hoyts Unicenter,"Paraná 3745, Unicenter Shopping",Resident Evil: Noche Cero,2D Doblada,20:40,,,,https://www.cinemark.com.ar/peliculas/resident-evil-noche-cero
GBA Norte,Cinemark Hoyts,Hoyts Unicenter,"Paraná 3745, Unicenter Shopping",Resident Evil: Noche Cero,2D Subtitulada,22:30,,,,https://www.cinemark.com.ar/peliculas/resident-evil-noche-cero
GBA Norte,Cinemark Hoyts,Hoyts Unicenter,"Paraná 3745, Unicenter Shopping",Resident Evil: Noche Cero,2D Subtitulada,23:00,,,,https://www.cinemark.com.ar/peliculas/resident-evil-noche-cero
GBA Norte,Cinemark Hoyts,Hoyts Unicenter,"Paraná 3745, Unicenter Shopping",Spider-Man: Un nuevo día,2D Doblada,12:50,,,,https://www.cinemark.com.ar/peliculas/spider-man-un-nuevo-dia
GBA Norte,Cinemark Hoyts,Hoyts Unicenter,"Paraná 3745, Unicenter Shopping",Spider-Man: Un nuevo día,2D Subtitulada,19:20,,,,https://www.cinemark.com.ar/peliculas/spider-man-un-nuevo-dia
GBA Norte,Cinemark Hoyts,Hoyts Unicenter,"Paraná 3745, Unicenter Shopping",Verity. La sombra de un engaño,2D Subtitulada,12:05,,,,https://www.cinemark.com.ar/peliculas/verity-la-sombra-de-un-engano
GBA Norte,Cinemark Hoyts,Hoyts Unicenter,"Paraná 3745, Unicenter Shopping",Verity. La sombra de un engaño,DBOX 2D Subtitulada,12:05,,,,https://www.cinemark.com.ar/peliculas/verity-la-sombra-de-un-engano
GBA Norte,Cinemark Hoyts,Hoyts Unicenter,"Paraná 3745, Unicenter Shopping",Verity. La sombra de un engaño,PREMIER 2D Subtitulada,13:00,,,,https://www.cinemark.com.ar/peliculas/verity-la-sombra-de-un-engano
GBA Norte,Cinemark Hoyts,Hoyts Unicenter,"Paraná 3745, Unicenter Shopping",Verity. La sombra de un engaño,2D Subtitulada,14:35,,,,https://www.cinemark.com.ar/peliculas/verity-la-sombra-de-un-engano
GBA Norte,Cinemark Hoyts,Hoyts Unicenter,"Paraná 3745, Unicenter Shopping",Verity. La sombra de un engaño,DBOX 2D Subtitulada,14:35,,,,https://www.cinemark.com.ar/peliculas/verity-la-sombra-de-un-engano
GBA Norte,Cinemark Hoyts,Hoyts Unicenter,"Paraná 3745, Unicenter Shopping",Verity. La sombra de un engaño,PREMIER 2D Subtitulada,15:50,,,,https://www.cinemark.com.ar/peliculas/verity-la-sombra-de-un-engano
GBA Norte,Cinemark Hoyts,Hoyts Unicenter,"Paraná 3745, Unicenter Shopping",Verity. La sombra de un engaño,2D Subtitulada,17:30,,,,https://www.cinemark.com.ar/peliculas/verity-la-sombra-de-un-engano
GBA Norte,Cinemark Hoyts,Hoyts Unicenter,"Paraná 3745, Unicenter Shopping",Verity. La sombra de un engaño,DBOX 2D Subtitulada,17:30,,,,https://www.cinemark.com.ar/peliculas/verity-la-sombra-de-un-engano
GBA Norte,Cinemark Hoyts,Hoyts Unicenter,"Paraná 3745, Unicenter Shopping",Verity. La sombra de un engaño,PREMIER 2D Subtitulada,18:40,,,,https://www.cinemark.com.ar/peliculas/verity-la-sombra-de-un-engano
GBA Norte,Cinemark Hoyts,Hoyts Unicenter,"Paraná 3745, Unicenter Shopping",Verity. La sombra de un engaño,2D Subtitulada,20:00,,,,https://www.cinemark.com.ar/peliculas/verity-la-sombra-de-un-engano
GBA Norte,Cinemark Hoyts,Hoyts Unicenter,"Paraná 3745, Unicenter Shopping",Verity. La sombra de un engaño,DBOX 2D Subtitulada,20:00,,,,https://www.cinemark.com.ar/peliculas/verity-la-sombra-de-un-engano
GBA Norte,Cinemark Hoyts,Hoyts Unicenter,"Paraná 3745, Unicenter Shopping",Verity. La sombra de un engaño,PREMIER 2D Subtitulada,21:30,,,,https://www.cinemark.com.ar/peliculas/verity-la-sombra-de-un-engano
GBA Norte,Cinemark Hoyts,Hoyts Unicenter,"Paraná 3745, Unicenter Shopping",Verity. La sombra de un engaño,2D Subtitulada,22:40,,,,https://www.cinemark.com.ar/peliculas/verity-la-sombra-de-un-engano
GBA Norte,Cinemark Hoyts,Hoyts Unicenter,"Paraná 3745, Unicenter Shopping",Verity. La sombra de un engaño,DBOX 2D Subtitulada,22:40,,,,https://www.cinemark.com.ar/peliculas/verity-la-sombra-de-un-engano
GBA Norte,Cinemark Hoyts,Hoyts Unicenter,"Paraná 3745, Unicenter Shopping",Yo Narciso,2D Doblada,20:30,,,,https://www.cinemark.com.ar/peliculas/yo-narciso
GBA Sur,Cinemark Hoyts,Hoyts Temperley,Av. Hipólito Yrigoyen 10.700,A CUALQUIER PRECIO,2D Doblada,13:45,,,,https://www.cinemark.com.ar/peliculas/a-cualquier-precio
GBA Sur,Cinemark Hoyts,Hoyts Temperley,Av. Hipólito Yrigoyen 10.700,A CUALQUIER PRECIO,2D Doblada,20:20,,,,https://www.cinemark.com.ar/peliculas/a-cualquier-precio
GBA Sur,Cinemark Hoyts,Hoyts Temperley,Av. Hipólito Yrigoyen 10.700,ALWAYS LALISA,2D Subtitulada,20:00,,,,https://www.cinemark.com.ar/peliculas/always-lalisa
GBA Sur,Cinemark Hoyts,Hoyts Temperley,Av. Hipólito Yrigoyen 10.700,Avengers: Endgame,2D Doblada,16:30,,,,https://www.cinemark.com.ar/peliculas/avengers-endgame-re-estreno
GBA Sur,Cinemark Hoyts,Hoyts Temperley,Av. Hipólito Yrigoyen 10.700,Avengers: Endgame,4D 3D IV Doblada,18:30,,,,https://www.cinemark.com.ar/peliculas/avengers-endgame-re-estreno
GBA Sur,Cinemark Hoyts,Hoyts Temperley,Av. Hipólito Yrigoyen 10.700,Avengers: Endgame,4D 3D IV Doblada,22:30,,,,https://www.cinemark.com.ar/peliculas/avengers-endgame-re-estreno
GBA Sur,Cinemark Hoyts,Hoyts Temperley,Av. Hipólito Yrigoyen 10.700,CARS 20° ANIVERSARIO,2D Doblada,12:00,,,,https://www.cinemark.com.ar/peliculas/cars-20-aniversario
GBA Sur,Cinemark Hoyts,Hoyts Temperley,Av. Hipólito Yrigoyen 10.700,CARS 20° ANIVERSARIO,4D 2D Doblada,12:50,,,,https://www.cinemark.com.ar/peliculas/cars-20-aniversario
GBA Sur,Cinemark Hoyts,Hoyts Temperley,Av. Hipólito Yrigoyen 10.700,CARS 20° ANIVERSARIO,2D Doblada,14:40,,,,https://www.cinemark.com.ar/peliculas/cars-20-aniversario
GBA Sur,Cinemark Hoyts,Hoyts Temperley,Av. Hipólito Yrigoyen 10.700,CARS 20° ANIVERSARIO,4D 2D Doblada,15:40,,,,https://www.cinemark.com.ar/peliculas/cars-20-aniversario
GBA Sur,Cinemark Hoyts,Hoyts Temperley,Av. Hipólito Yrigoyen 10.700,CARS 20° ANIVERSARIO,2D Doblada,17:25,,,,https://www.cinemark.com.ar/peliculas/cars-20-aniversario
GBA Sur,Cinemark Hoyts,Hoyts Temperley,Av. Hipólito Yrigoyen 10.700,CARS 20° ANIVERSARIO,2D Doblada,20:10,,,,https://www.cinemark.com.ar/peliculas/cars-20-aniversario
GBA Sur,Cinemark Hoyts,Hoyts Temperley,Av. Hipólito Yrigoyen 10.700,Coyote vs. Acme,2D Doblada,12:30,,,,https://www.cinemark.com.ar/peliculas/coyote-vs-acme
GBA Sur,Cinemark Hoyts,Hoyts Temperley,Av. Hipólito Yrigoyen 10.700,Coyote vs. Acme,2D Doblada,15:10,,,,https://www.cinemark.com.ar/peliculas/coyote-vs-acme
GBA Sur,Cinemark Hoyts,Hoyts Temperley,Av. Hipólito Yrigoyen 10.700,Coyote vs. Acme,2D Doblada,17:50,,,,https://www.cinemark.com.ar/peliculas/coyote-vs-acme
GBA Sur,Cinemark Hoyts,Hoyts Temperley,Av. Hipólito Yrigoyen 10.700,El corazón de la bestia,2D Doblada,12:15,,,,https://www.cinemark.com.ar/peliculas/el-corazon-de-la-bestia
GBA Sur,Cinemark Hoyts,Hoyts Temperley,Av. Hipólito Yrigoyen 10.700,El corazón de la bestia,DBOX 2D Doblada,12:15,,,,https://www.cinemark.com.ar/peliculas/el-corazon-de-la-bestia
GBA Sur,Cinemark Hoyts,Hoyts Temperley,Av. Hipólito Yrigoyen 10.700,El corazón de la bestia,2D Doblada,14:45,,,,https://www.cinemark.com.ar/peliculas/el-corazon-de-la-bestia
GBA Sur,Cinemark Hoyts,Hoyts Temperley,Av. Hipólito Yrigoyen 10.700,El corazón de la bestia,DBOX 2D Doblada,14:45,,,,https://www.cinemark.com.ar/peliculas/el-corazon-de-la-bestia
GBA Sur,Cinemark Hoyts,Hoyts Temperley,Av. Hipólito Yrigoyen 10.700,El corazón de la bestia,2D Doblada,17:10,,,,https://www.cinemark.com.ar/peliculas/el-corazon-de-la-bestia
GBA Sur,Cinemark Hoyts,Hoyts Temperley,Av. Hipólito Yrigoyen 10.700,El corazón de la bestia,DBOX 2D Doblada,17:10,,,,https://www.cinemark.com.ar/peliculas/el-corazon-de-la-bestia
GBA Sur,Cinemark Hoyts,Hoyts Temperley,Av. Hipólito Yrigoyen 10.700,El corazón de la bestia,2D Doblada,19:40,,,,https://www.cinemark.com.ar/peliculas/el-corazon-de-la-bestia
GBA Sur,Cinemark Hoyts,Hoyts Temperley,Av. Hipólito Yrigoyen 10.700,El corazón de la bestia,DBOX 2D Doblada,19:40,,,,https://www.cinemark.com.ar/peliculas/el-corazon-de-la-bestia
GBA Sur,Cinemark Hoyts,Hoyts Temperley,Av. Hipólito Yrigoyen 10.700,El corazón de la bestia,2D Doblada,22:20,,,,https://www.cinemark.com.ar/peliculas/el-corazon-de-la-bestia
GBA Sur,Cinemark Hoyts,Hoyts Temperley,Av. Hipólito Yrigoyen 10.700,El corazón de la bestia,DBOX 2D Doblada,22:20,,,,https://www.cinemark.com.ar/peliculas/el-corazon-de-la-bestia
GBA Sur,Cinemark Hoyts,Hoyts Temperley,Av. Hipólito Yrigoyen 10.700,HOPE: EL PRIMER IMPACTO,2D Doblada,16:20,,,,https://www.cinemark.com.ar/peliculas/hope-el-primer-impacto
GBA Sur,Cinemark Hoyts,Hoyts Temperley,Av. Hipólito Yrigoyen 10.700,HOPE: EL PRIMER IMPACTO,2D Doblada,22:25,,,,https://www.cinemark.com.ar/peliculas/hope-el-primer-impacto
GBA Sur,Cinemark Hoyts,Hoyts Temperley,Av. Hipólito Yrigoyen 10.700,MADRE SINIESTRA,DBOX XD 2D Doblada,12:15,,,,https://www.cinemark.com.ar/peliculas/madre-siniestra
GBA Sur,Cinemark Hoyts,Hoyts Temperley,Av. Hipólito Yrigoyen 10.700,MADRE SINIESTRA,XD 2D Doblada,12:15,,,,https://www.cinemark.com.ar/peliculas/madre-siniestra
GBA Sur,Cinemark Hoyts,Hoyts Temperley,Av. Hipólito Yrigoyen 10.700,MADRE SINIESTRA,DBOX XD 2D Doblada,14:50,,,,https://www.cinemark.com.ar/peliculas/madre-siniestra
GBA Sur,Cinemark Hoyts,Hoyts Temperley,Av. Hipólito Yrigoyen 10.700,MADRE SINIESTRA,XD 2D Doblada,14:50,,,,https://www.cinemark.com.ar/peliculas/madre-siniestra
GBA Sur,Cinemark Hoyts,Hoyts Temperley,Av. Hipólito Yrigoyen 10.700,MADRE SINIESTRA,DBOX XD 2D Doblada,17:15,,,,https://www.cinemark.com.ar/peliculas/madre-siniestra
GBA Sur,Cinemark Hoyts,Hoyts Temperley,Av. Hipólito Yrigoyen 10.700,MADRE SINIESTRA,XD 2D Doblada,17:15,,,,https://www.cinemark.com.ar/peliculas/madre-siniestra
GBA Sur,Cinemark Hoyts,Hoyts Temperley,Av. Hipólito Yrigoyen 10.700,MADRE SINIESTRA,DBOX XD 2D Doblada,19:45,,,,https://www.cinemark.com.ar/peliculas/madre-siniestra
GBA Sur,Cinemark Hoyts,Hoyts Temperley,Av. Hipólito Yrigoyen 10.700,MADRE SINIESTRA,XD 2D Doblada,19:45,,,,https://www.cinemark.com.ar/peliculas/madre-siniestra
GBA Sur,Cinemark Hoyts,Hoyts Temperley,Av. Hipólito Yrigoyen 10.700,MADRE SINIESTRA,2D Doblada,20:30,,,,https://www.cinemark.com.ar/peliculas/madre-siniestra
GBA Sur,Cinemark Hoyts,Hoyts Temperley,Av. Hipólito Yrigoyen 10.700,MADRE SINIESTRA,DBOX XD 2D Doblada,22:15,,,,https://www.cinemark.com.ar/peliculas/madre-siniestra
GBA Sur,Cinemark Hoyts,Hoyts Temperley,Av. Hipólito Yrigoyen 10.700,MADRE SINIESTRA,XD 2D Doblada,22:15,,,,https://www.cinemark.com.ar/peliculas/madre-siniestra
GBA Sur,Cinemark Hoyts,Hoyts Temperley,Av. Hipólito Yrigoyen 10.700,MADRE SINIESTRA,2D Subtitulada,23:00,,,,https://www.cinemark.com.ar/peliculas/madre-siniestra
GBA Sur,Cinemark Hoyts,Hoyts Temperley,Av. Hipólito Yrigoyen 10.700,Resident Evil: Noche Cero,2D Doblada,12:10,,,,https://www.cinemark.com.ar/peliculas/resident-evil-noche-cero
GBA Sur,Cinemark Hoyts,Hoyts Temperley,Av. Hipólito Yrigoyen 10.700,Resident Evil: Noche Cero,DBOX 2D Doblada,12:10,,,,https://www.cinemark.com.ar/peliculas/resident-evil-noche-cero
GBA Sur,Cinemark Hoyts,Hoyts Temperley,Av. Hipólito Yrigoyen 10.700,Resident Evil: Noche Cero,2D Doblada,14:30,,,,https://www.cinemark.com.ar/peliculas/resident-evil-noche-cero
GBA Sur,Cinemark Hoyts,Hoyts Temperley,Av. Hipólito Yrigoyen 10.700,Resident Evil: Noche Cero,DBOX 2D Doblada,14:30,,,,https://www.cinemark.com.ar/peliculas/resident-evil-noche-cero
GBA Sur,Cinemark Hoyts,Hoyts Temperley,Av. Hipólito Yrigoyen 10.700,Resident Evil: Noche Cero,2D Doblada,17:00,,,,https://www.cinemark.com.ar/peliculas/resident-evil-noche-cero
GBA Sur,Cinemark Hoyts,Hoyts Temperley,Av. Hipólito Yrigoyen 10.700,Resident Evil: Noche Cero,DBOX 2D Doblada,17:00,,,,https://www.cinemark.com.ar/peliculas/resident-evil-noche-cero
GBA Sur,Cinemark Hoyts,Hoyts Temperley,Av. Hipólito Yrigoyen 10.700,Resident Evil: Noche Cero,2D Doblada,19:30,,,,https://www.cinemark.com.ar/peliculas/resident-evil-noche-cero
GBA Sur,Cinemark Hoyts,Hoyts Temperley,Av. Hipólito Yrigoyen 10.700,Resident Evil: Noche Cero,DBOX 2D Doblada,19:30,,,,https://www.cinemark.com.ar/peliculas/resident-evil-noche-cero
GBA Sur,Cinemark Hoyts,Hoyts Temperley,Av. Hipólito Yrigoyen 10.700,Resident Evil: Noche Cero,2D Doblada,22:10,,,,https://www.cinemark.com.ar/peliculas/resident-evil-noche-cero
GBA Sur,Cinemark Hoyts,Hoyts Temperley,Av. Hipólito Yrigoyen 10.700,Resident Evil: Noche Cero,DBOX 2D Doblada,22:10,,,,https://www.cinemark.com.ar/peliculas/resident-evil-noche-cero
GBA Sur,Cinemark Hoyts,Hoyts Temperley,Av. Hipólito Yrigoyen 10.700,Resident Evil: Noche Cero,2D Doblada,22:45,,,,https://www.cinemark.com.ar/peliculas/resident-evil-noche-cero
GBA Sur,Cinemark Hoyts,Hoyts Temperley,Av. Hipólito Yrigoyen 10.700,Spider-Man: Un nuevo día,2D Doblada,13:10,,,,https://www.cinemark.com.ar/peliculas/spider-man-un-nuevo-dia
GBA Sur,Cinemark Hoyts,Hoyts Temperley,Av. Hipólito Yrigoyen 10.700,Verity. La sombra de un engaño,2D Doblada,13:50,,,,https://www.cinemark.com.ar/peliculas/verity-la-sombra-de-un-engano
GBA Sur,Cinemark Hoyts,Hoyts Temperley,Av. Hipólito Yrigoyen 10.700,Verity. La sombra de un engaño,2D Doblada,16:40,,,,https://www.cinemark.com.ar/peliculas/verity-la-sombra-de-un-engano
GBA Sur,Cinemark Hoyts,Hoyts Temperley,Av. Hipólito Yrigoyen 10.700,Verity. La sombra de un engaño,2D Doblada,19:20,,,,https://www.cinemark.com.ar/peliculas/verity-la-sombra-de-un-engano
GBA Sur,Cinemark Hoyts,Hoyts Temperley,Av. Hipólito Yrigoyen 10.700,Verity. La sombra de un engaño,2D Doblada,22:00,,,,https://www.cinemark.com.ar/peliculas/verity-la-sombra-de-un-engano
GBA Sur,Cinemark Hoyts,Hoyts Temperley,Av. Hipólito Yrigoyen 10.700,Vértigo 2,2D Doblada,22:50,,,,https://www.cinemark.com.ar/peliculas/vertigo-2-punto-muerto
GBA Norte,Multiplex,Multiplex Pilar,"Las Magnolias 754, Palmas del Pilar",A cualquier precio,2D Doblada,18:10,,,,https://multiplex.com.ar/peliculas/a-cualquier-precio/
GBA Norte,Multiplex,Multiplex Pilar,"Las Magnolias 754, Palmas del Pilar",A cualquier precio,2D Doblada,22:40,,,,https://multiplex.com.ar/peliculas/a-cualquier-precio/
GBA Norte,Multiplex,Multiplex Pilar,"Las Magnolias 754, Palmas del Pilar",Avengers: Endgame,4D (3D) Doblada,13:00,,,,https://multiplex.com.ar/peliculas/avengers-endgame-re-estreno/
GBA Norte,Multiplex,Multiplex Pilar,"Las Magnolias 754, Palmas del Pilar",Avengers: Endgame,2D XTREMO Doblada,14:00,,,,https://multiplex.com.ar/peliculas/avengers-endgame-re-estreno/
GBA Norte,Multiplex,Multiplex Pilar,"Las Magnolias 754, Palmas del Pilar",Avengers: Endgame,2D XTREMO Doblada,17:30,,,,https://multiplex.com.ar/peliculas/avengers-endgame-re-estreno/
GBA Norte,Multiplex,Multiplex Pilar,"Las Magnolias 754, Palmas del Pilar",Cars (re Estreno),2D Doblada,12:40,,,,https://multiplex.com.ar/peliculas/cars-re-estreno/
GBA Norte,Multiplex,Multiplex Pilar,"Las Magnolias 754, Palmas del Pilar",Cars (re Estreno),2D Doblada,15:00,,,,https://multiplex.com.ar/peliculas/cars-re-estreno/
GBA Norte,Multiplex,Multiplex Pilar,"Las Magnolias 754, Palmas del Pilar",Cars (re Estreno),2D Doblada,17:20,,,,https://multiplex.com.ar/peliculas/cars-re-estreno/
GBA Norte,Multiplex,Multiplex Pilar,"Las Magnolias 754, Palmas del Pilar",Digger,2D Doblada,19:40,,,,https://multiplex.com.ar/peliculas/digger/
GBA Norte,Multiplex,Multiplex Pilar,"Las Magnolias 754, Palmas del Pilar",Digger,2D Subtitulada,22:20,,,,https://multiplex.com.ar/peliculas/digger/
GBA Norte,Multiplex,Multiplex Pilar,"Las Magnolias 754, Palmas del Pilar",El corazón de la bestia,2D Doblada,12:20,,,,https://multiplex.com.ar/peliculas/el-corazon-de-la-bestia/
GBA Norte,Multiplex,Multiplex Pilar,"Las Magnolias 754, Palmas del Pilar",El corazón de la bestia,PLATINUM 2D Subtitulada,13:30,,,,https://multiplex.com.ar/peliculas/el-corazon-de-la-bestia/
GBA Norte,Multiplex,Multiplex Pilar,"Las Magnolias 754, Palmas del Pilar",El corazón de la bestia,2D Doblada,14:20,,,,https://multiplex.com.ar/peliculas/el-corazon-de-la-bestia/
GBA Norte,Multiplex,Multiplex Pilar,"Las Magnolias 754, Palmas del Pilar",El corazón de la bestia,2D Doblada,16:20,,,,https://multiplex.com.ar/peliculas/el-corazon-de-la-bestia/
GBA Norte,Multiplex,Multiplex Pilar,"Las Magnolias 754, Palmas del Pilar",El corazón de la bestia,PLATINUM 2D Subtitulada,17:50,,,,https://multiplex.com.ar/peliculas/el-corazon-de-la-bestia/
GBA Norte,Multiplex,Multiplex Pilar,"Las Magnolias 754, Palmas del Pilar",El corazón de la bestia,2D Doblada,20:50,,,,https://multiplex.com.ar/peliculas/el-corazon-de-la-bestia/
GBA Norte,Multiplex,Multiplex Pilar,"Las Magnolias 754, Palmas del Pilar",El corazón de la bestia,PLATINUM 2D Subtitulada,22:10,,,,https://multiplex.com.ar/peliculas/el-corazon-de-la-bestia/
GBA Norte,Multiplex,Multiplex Pilar,"Las Magnolias 754, Palmas del Pilar",Guardianes Del Museo 2,2D Doblada,12:30,,,,https://multiplex.com.ar/peliculas/guardianes-del-museo-2/
GBA Norte,Multiplex,Multiplex Pilar,"Las Magnolias 754, Palmas del Pilar",Guardianes Del Museo 2,2D Doblada,14:20,,,,https://multiplex.com.ar/peliculas/guardianes-del-museo-2/
GBA Norte,Multiplex,Multiplex Pilar,"Las Magnolias 754, Palmas del Pilar",Hope,2D Doblada,22:20,,,,https://multiplex.com.ar/peliculas/hopeel-primer-impacto/
GBA Norte,Multiplex,Multiplex Pilar,"Las Magnolias 754, Palmas del Pilar",La casa,2D Doblada,12:50,,,,https://multiplex.com.ar/peliculas/la-casa/
GBA Norte,Multiplex,Multiplex Pilar,"Las Magnolias 754, Palmas del Pilar",La casa,2D Doblada,18:30,,,,https://multiplex.com.ar/peliculas/la-casa/
GBA Norte,Multiplex,Multiplex Pilar,"Las Magnolias 754, Palmas del Pilar",La casa,2D Doblada,20:40,,,,https://multiplex.com.ar/peliculas/la-casa/
GBA Norte,Multiplex,Multiplex Pilar,"Las Magnolias 754, Palmas del Pilar",La casa,2D Doblada,22:50,,,,https://multiplex.com.ar/peliculas/la-casa/
GBA Norte,Multiplex,Multiplex Pilar,"Las Magnolias 754, Palmas del Pilar",La isla olvidada,2D Doblada,13:40,,,,https://multiplex.com.ar/peliculas/la-isla-olvidada/
GBA Norte,Multiplex,Multiplex Pilar,"Las Magnolias 754, Palmas del Pilar",La Odisea,2D Subtitulada,16:10,,,,https://multiplex.com.ar/peliculas/la-odisea/
GBA Norte,Multiplex,Multiplex Pilar,"Las Magnolias 754, Palmas del Pilar",La vida es así,2D Subtitulada,15:50,,,,https://multiplex.com.ar/peliculas/la-vida-es-asi/
GBA Norte,Multiplex,Multiplex Pilar,"Las Magnolias 754, Palmas del Pilar",La vida es así,2D Subtitulada,20:20,,,,https://multiplex.com.ar/peliculas/la-vida-es-asi/
GBA Norte,Multiplex,Multiplex Pilar,"Las Magnolias 754, Palmas del Pilar",Madre siniestra,2D Doblada,14:20,,,,https://multiplex.com.ar/peliculas/madre-siniestra/
GBA Norte,Multiplex,Multiplex Pilar,"Las Magnolias 754, Palmas del Pilar",Madre siniestra,4D (2D) Doblada,18:30,,,,https://multiplex.com.ar/peliculas/madre-siniestra/
GBA Norte,Multiplex,Multiplex Pilar,"Las Magnolias 754, Palmas del Pilar",Madre siniestra,2D Doblada,21:00,,,,https://multiplex.com.ar/peliculas/madre-siniestra/
GBA Norte,Multiplex,Multiplex Pilar,"Las Magnolias 754, Palmas del Pilar",Madre siniestra,4D (2D) Doblada,22:30,,,,https://multiplex.com.ar/peliculas/madre-siniestra/
GBA Norte,Multiplex,Multiplex Pilar,"Las Magnolias 754, Palmas del Pilar",Madre siniestra,2D Doblada,23:00,,,,https://multiplex.com.ar/peliculas/madre-siniestra/
GBA Norte,Multiplex,Multiplex Pilar,"Las Magnolias 754, Palmas del Pilar",Resident Evil: Noche Cero,2D Doblada,15:10,,,,https://multiplex.com.ar/peliculas/resident-evil-noche-cero/
GBA Norte,Multiplex,Multiplex Pilar,"Las Magnolias 754, Palmas del Pilar",Resident Evil: Noche Cero,4D (2D) Doblada,16:30,,,,https://multiplex.com.ar/peliculas/resident-evil-noche-cero/
GBA Norte,Multiplex,Multiplex Pilar,"Las Magnolias 754, Palmas del Pilar",Resident Evil: Noche Cero,2D Doblada,17:10,,,,https://multiplex.com.ar/peliculas/resident-evil-noche-cero/
GBA Norte,Multiplex,Multiplex Pilar,"Las Magnolias 754, Palmas del Pilar",Resident Evil: Noche Cero,2D Doblada,19:10,,,,https://multiplex.com.ar/peliculas/resident-evil-noche-cero/
GBA Norte,Multiplex,Multiplex Pilar,"Las Magnolias 754, Palmas del Pilar",Resident Evil: Noche Cero,4D (2D) Doblada,20:30,,,,https://multiplex.com.ar/peliculas/resident-evil-noche-cero/
GBA Norte,Multiplex,Multiplex Pilar,"Las Magnolias 754, Palmas del Pilar",Resident Evil: Noche Cero,2D Doblada,21:10,,,,https://multiplex.com.ar/peliculas/resident-evil-noche-cero/
GBA Norte,Multiplex,Multiplex Pilar,"Las Magnolias 754, Palmas del Pilar",Resident Evil: Noche Cero,2D Doblada,23:10,,,,https://multiplex.com.ar/peliculas/resident-evil-noche-cero/
GBA Norte,Multiplex,Multiplex Pilar,"Las Magnolias 754, Palmas del Pilar",Spider-Man: Un nuevo día,2D Doblada,19:30,,,,https://multiplex.com.ar/peliculas/spider-man-un-dia-nuevo/
GBA Norte,Multiplex,Multiplex Pilar,"Las Magnolias 754, Palmas del Pilar",Verity. La sombra de un engaño,2D Doblada,12:10,,,,https://multiplex.com.ar/peliculas/verityla-sombra-de-un-engano/
GBA Norte,Multiplex,Multiplex Pilar,"Las Magnolias 754, Palmas del Pilar",Verity. La sombra de un engaño,PLATINUM 2D Subtitulada,15:30,,,,https://multiplex.com.ar/peliculas/verityla-sombra-de-un-engano/
GBA Norte,Multiplex,Multiplex Pilar,"Las Magnolias 754, Palmas del Pilar",Verity. La sombra de un engaño,2D Doblada,16:10,,,,https://multiplex.com.ar/peliculas/verityla-sombra-de-un-engano/
GBA Norte,Multiplex,Multiplex Pilar,"Las Magnolias 754, Palmas del Pilar",Verity. La sombra de un engaño,2D Doblada,18:30,,,,https://multiplex.com.ar/peliculas/verityla-sombra-de-un-engano/
GBA Norte,Multiplex,Multiplex Pilar,"Las Magnolias 754, Palmas del Pilar",Verity. La sombra de un engaño,PLATINUM 2D Subtitulada,19:50,,,,https://multiplex.com.ar/peliculas/verityla-sombra-de-un-engano/
GBA Norte,Multiplex,Multiplex Pilar,"Las Magnolias 754, Palmas del Pilar",Verity. La sombra de un engaño,2D Doblada,22:50,,,,https://multiplex.com.ar/peliculas/verityla-sombra-de-un-engano/
GBA Sur,Multiplex,Multiplex Canning,"Formosa 653, Canning (Shopping Las Toscas)",A cualquier precio,2D Doblada,16:10,,,,https://multiplex.com.ar/peliculas/a-cualquier-precio/
GBA Sur,Multiplex,Multiplex Canning,"Formosa 653, Canning (Shopping Las Toscas)",A cualquier precio,2D Doblada,20:20,,,,https://multiplex.com.ar/peliculas/a-cualquier-precio/
GBA Sur,Multiplex,Multiplex Canning,"Formosa 653, Canning (Shopping Las Toscas)",Avengers: Endgame,2D XTREMO Doblada,13:45,,,,https://multiplex.com.ar/peliculas/avengers-endgame-re-estreno/
GBA Sur,Multiplex,Multiplex Canning,"Formosa 653, Canning (Shopping Las Toscas)",Avengers: Endgame,4D (3D) Doblada,14:00,,,,https://multiplex.com.ar/peliculas/avengers-endgame-re-estreno/
GBA Sur,Multiplex,Multiplex Canning,"Formosa 653, Canning (Shopping Las Toscas)",Avengers: Endgame,2D XTREMO Doblada,17:15,,,,https://multiplex.com.ar/peliculas/avengers-endgame-re-estreno/
GBA Sur,Multiplex,Multiplex Canning,"Formosa 653, Canning (Shopping Las Toscas)",Avengers: Endgame,4D (3D) Doblada,17:20,,,,https://multiplex.com.ar/peliculas/avengers-endgame-re-estreno/
GBA Sur,Multiplex,Multiplex Canning,"Formosa 653, Canning (Shopping Las Toscas)",Cars (re Estreno),2D Doblada,13:00,,,,https://multiplex.com.ar/peliculas/cars-re-estreno/
GBA Sur,Multiplex,Multiplex Canning,"Formosa 653, Canning (Shopping Las Toscas)",Cars (re Estreno),2D Doblada,15:25,,,,https://multiplex.com.ar/peliculas/cars-re-estreno/
GBA Sur,Multiplex,Multiplex Canning,"Formosa 653, Canning (Shopping Las Toscas)",Cars (re Estreno),2D Doblada,17:50,,,,https://multiplex.com.ar/peliculas/cars-re-estreno/
GBA Sur,Multiplex,Multiplex Canning,"Formosa 653, Canning (Shopping Las Toscas)",Coyote vs. Acme,2D Doblada,14:00,,,,https://multiplex.com.ar/peliculas/coyote-vs-acme/
GBA Sur,Multiplex,Multiplex Canning,"Formosa 653, Canning (Shopping Las Toscas)",Digger,2D Doblada,13:50,,,,https://multiplex.com.ar/peliculas/digger/
GBA Sur,Multiplex,Multiplex Canning,"Formosa 653, Canning (Shopping Las Toscas)",Digger,2D Doblada,17:50,,,,https://multiplex.com.ar/peliculas/digger/
GBA Sur,Multiplex,Multiplex Canning,"Formosa 653, Canning (Shopping Las Toscas)",El corazón de la bestia,2D Doblada,16:20,,,,https://multiplex.com.ar/peliculas/el-corazon-de-la-bestia/
GBA Sur,Multiplex,Multiplex Canning,"Formosa 653, Canning (Shopping Las Toscas)",El corazón de la bestia,2D Doblada,20:15,,,,https://multiplex.com.ar/peliculas/el-corazon-de-la-bestia/
GBA Sur,Multiplex,Multiplex Canning,"Formosa 653, Canning (Shopping Las Toscas)",El corazón de la bestia,2D Doblada,22:30,,,,https://multiplex.com.ar/peliculas/el-corazon-de-la-bestia/
GBA Sur,Multiplex,Multiplex Canning,"Formosa 653, Canning (Shopping Las Toscas)",Guardianes Del Museo 2,2D Doblada,14:10,,,,https://multiplex.com.ar/peliculas/guardianes-del-museo-2/
GBA Sur,Multiplex,Multiplex Canning,"Formosa 653, Canning (Shopping Las Toscas)",Guardianes Del Museo 2,2D Doblada,16:00,,,,https://multiplex.com.ar/peliculas/guardianes-del-museo-2/
GBA Sur,Multiplex,Multiplex Canning,"Formosa 653, Canning (Shopping Las Toscas)",Hope,2D Doblada,22:30,,,,https://multiplex.com.ar/peliculas/hopeel-primer-impacto/
GBA Sur,Multiplex,Multiplex Canning,"Formosa 653, Canning (Shopping Las Toscas)",Madre siniestra,2D Doblada,18:30,,,,https://multiplex.com.ar/peliculas/madre-siniestra/
GBA Sur,Multiplex,Multiplex Canning,"Formosa 653, Canning (Shopping Las Toscas)",Madre siniestra,2D Doblada,20:30,,,,https://multiplex.com.ar/peliculas/madre-siniestra/
GBA Sur,Multiplex,Multiplex Canning,"Formosa 653, Canning (Shopping Las Toscas)",Madre siniestra,2D Doblada,22:45,,,,https://multiplex.com.ar/peliculas/madre-siniestra/
GBA Sur,Multiplex,Multiplex Canning,"Formosa 653, Canning (Shopping Las Toscas)",Resident Evil: Noche Cero,2D Doblada,18:20,,,,https://multiplex.com.ar/peliculas/resident-evil-noche-cero/
GBA Sur,Multiplex,Multiplex Canning,"Formosa 653, Canning (Shopping Las Toscas)",Resident Evil: Noche Cero,4D (2D) Doblada,20:40,,,,https://multiplex.com.ar/peliculas/resident-evil-noche-cero/
GBA Sur,Multiplex,Multiplex Canning,"Formosa 653, Canning (Shopping Las Toscas)",Resident Evil: Noche Cero,2D Doblada,20:45,,,,https://multiplex.com.ar/peliculas/resident-evil-noche-cero/
GBA Sur,Multiplex,Multiplex Canning,"Formosa 653, Canning (Shopping Las Toscas)",Resident Evil: Noche Cero,2D Doblada,22:30,,,,https://multiplex.com.ar/peliculas/resident-evil-noche-cero/
GBA Sur,Multiplex,Multiplex Canning,"Formosa 653, Canning (Shopping Las Toscas)",Resident Evil: Noche Cero,4D (2D) Doblada,22:40,,,,https://multiplex.com.ar/peliculas/resident-evil-noche-cero/
GBA Sur,Multiplex,Multiplex Canning,"Formosa 653, Canning (Shopping Las Toscas)",Toy Story 5,2D Doblada,12:10,,,,https://multiplex.com.ar/peliculas/toy-story-5/
GBA Sur,Multiplex,Multiplex Canning,"Formosa 653, Canning (Shopping Las Toscas)",Verity. La sombra de un engaño,2D Doblada,20:15,,,,https://multiplex.com.ar/peliculas/verityla-sombra-de-un-engano/
GBA Sur,Multiplex,Multiplex Canning,"Formosa 653, Canning (Shopping Las Toscas)",Verity. La sombra de un engaño,2D Subtitulada,22:35,,,,https://multiplex.com.ar/peliculas/verityla-sombra-de-un-engano/
CABA,Cinemark Hoyts,Cinemark Palermo,"Beruti 3399, Palermo",A CUALQUIER PRECIO,2D Subtitulada,15:20,,,,https://www.cinemark.com.ar/peliculas/a-cualquier-precio
CABA,Cinemark Hoyts,Cinemark Palermo,"Beruti 3399, Palermo",A CUALQUIER PRECIO,2D Subtitulada,23:10,,,,https://www.cinemark.com.ar/peliculas/a-cualquier-precio
CABA,Cinemark Hoyts,Cinemark Palermo,"Beruti 3399, Palermo",ALWAYS LALISA,2D Subtitulada,20:00,,,,https://www.cinemark.com.ar/peliculas/always-lalisa
CABA,Cinemark Hoyts,Cinemark Palermo,"Beruti 3399, Palermo",Avengers: Endgame,2D Subtitulada,22:30,,,,https://www.cinemark.com.ar/peliculas/avengers-endgame-re-estreno
CABA,Cinemark Hoyts,Cinemark Palermo,"Beruti 3399, Palermo",CARS 20° ANIVERSARIO,2D Doblada,13:50,,,,https://www.cinemark.com.ar/peliculas/cars-20-aniversario
CABA,Cinemark Hoyts,Cinemark Palermo,"Beruti 3399, Palermo",CARS 20° ANIVERSARIO,2D Doblada,16:50,,,,https://www.cinemark.com.ar/peliculas/cars-20-aniversario
CABA,Cinemark Hoyts,Cinemark Palermo,"Beruti 3399, Palermo",CARS 20° ANIVERSARIO,2D Doblada,19:50,,,,https://www.cinemark.com.ar/peliculas/cars-20-aniversario
CABA,Cinemark Hoyts,Cinemark Palermo,"Beruti 3399, Palermo",Digger,2D Subtitulada,13:10,,,,https://www.cinemark.com.ar/peliculas/digger
CABA,Cinemark Hoyts,Cinemark Palermo,"Beruti 3399, Palermo",Digger,2D Subtitulada,16:10,,,,https://www.cinemark.com.ar/peliculas/digger
CABA,Cinemark Hoyts,Cinemark Palermo,"Beruti 3399, Palermo",Digger,2D Subtitulada,19:10,,,,https://www.cinemark.com.ar/peliculas/digger
CABA,Cinemark Hoyts,Cinemark Palermo,"Beruti 3399, Palermo",Digger,2D Subtitulada,22:10,,,,https://www.cinemark.com.ar/peliculas/digger
CABA,Cinemark Hoyts,Cinemark Palermo,"Beruti 3399, Palermo",El corazón de la bestia,2D Subtitulada,12:20,,,,https://www.cinemark.com.ar/peliculas/el-corazon-de-la-bestia
CABA,Cinemark Hoyts,Cinemark Palermo,"Beruti 3399, Palermo",El corazón de la bestia,2D Subtitulada,14:40,,,,https://www.cinemark.com.ar/peliculas/el-corazon-de-la-bestia
CABA,Cinemark Hoyts,Cinemark Palermo,"Beruti 3399, Palermo",El corazón de la bestia,2D Subtitulada,17:10,,,,https://www.cinemark.com.ar/peliculas/el-corazon-de-la-bestia
CABA,Cinemark Hoyts,Cinemark Palermo,"Beruti 3399, Palermo",El corazón de la bestia,2D Subtitulada,19:40,,,,https://www.cinemark.com.ar/peliculas/el-corazon-de-la-bestia
CABA,Cinemark Hoyts,Cinemark Palermo,"Beruti 3399, Palermo",El corazón de la bestia,2D Subtitulada,22:20,,,,https://www.cinemark.com.ar/peliculas/el-corazon-de-la-bestia
CABA,Cinemark Hoyts,Cinemark Palermo,"Beruti 3399, Palermo",LA CASA,2D Doblada,12:40,,,,https://www.cinemark.com.ar/peliculas/la-casa
CABA,Cinemark Hoyts,Cinemark Palermo,"Beruti 3399, Palermo",LA CASA,2D Doblada,17:50,,,,https://www.cinemark.com.ar/peliculas/la-casa
CABA,Cinemark Hoyts,Cinemark Palermo,"Beruti 3399, Palermo",LA CASA,2D Doblada,20:30,,,,https://www.cinemark.com.ar/peliculas/la-casa
CABA,Cinemark Hoyts,Cinemark Palermo,"Beruti 3399, Palermo",La invitación,2D Subtitulada,18:00,,,,https://www.cinemark.com.ar/peliculas/la-invitacion
CABA,Cinemark Hoyts,Cinemark Palermo,"Beruti 3399, Palermo",La isla olvidada,2D Doblada,13:00,,,,https://www.cinemark.com.ar/peliculas/la-isla-olvidada
CABA,Cinemark Hoyts,Cinemark Palermo,"Beruti 3399, Palermo",La isla olvidada,2D Doblada,15:30,,,,https://www.cinemark.com.ar/peliculas/la-isla-olvidada
CABA,Cinemark Hoyts,Cinemark Palermo,"Beruti 3399, Palermo",La Odisea,2D Subtitulada,22:40,,,,https://www.cinemark.com.ar/peliculas/la-odisea
CABA,Cinemark Hoyts,Cinemark Palermo,"Beruti 3399, Palermo",LA VIDA ES ASÍ,2D Subtitulada,12:10,,,,https://www.cinemark.com.ar/peliculas/la-vida-es-asi
CABA,Cinemark Hoyts,Cinemark Palermo,"Beruti 3399, Palermo",LA VIDA ES ASÍ,2D Subtitulada,14:50,,,,https://www.cinemark.com.ar/peliculas/la-vida-es-asi
CABA,Cinemark Hoyts,Cinemark Palermo,"Beruti 3399, Palermo",LA VIDA ES ASÍ,2D Subtitulada,20:00,,,,https://www.cinemark.com.ar/peliculas/la-vida-es-asi
CABA,Cinemark Hoyts,Cinemark Palermo,"Beruti 3399, Palermo",MADRE SINIESTRA,2D Doblada,12:40,,,,https://www.cinemark.com.ar/peliculas/madre-siniestra
CABA,Cinemark Hoyts,Cinemark Palermo,"Beruti 3399, Palermo",MADRE SINIESTRA,2D Subtitulada,15:00,,,,https://www.cinemark.com.ar/peliculas/madre-siniestra
CABA,Cinemark Hoyts,Cinemark Palermo,"Beruti 3399, Palermo",MADRE SINIESTRA,2D Subtitulada,17:20,,,,https://www.cinemark.com.ar/peliculas/madre-siniestra
CABA,Cinemark Hoyts,Cinemark Palermo,"Beruti 3399, Palermo",MADRE SINIESTRA,2D Subtitulada,19:40,,,,https://www.cinemark.com.ar/peliculas/madre-siniestra
CABA,Cinemark Hoyts,Cinemark Palermo,"Beruti 3399, Palermo",MADRE SINIESTRA,2D Subtitulada,20:30,,,,https://www.cinemark.com.ar/peliculas/madre-siniestra
CABA,Cinemark Hoyts,Cinemark Palermo,"Beruti 3399, Palermo",MADRE SINIESTRA,2D Subtitulada,22:00,,,,https://www.cinemark.com.ar/peliculas/madre-siniestra
CABA,Cinemark Hoyts,Cinemark Palermo,"Beruti 3399, Palermo",MADRE SINIESTRA,2D Subtitulada,22:50,,,,https://www.cinemark.com.ar/peliculas/madre-siniestra
CABA,Cinemark Hoyts,Cinemark Palermo,"Beruti 3399, Palermo",Resident Evil: Noche Cero,2D Subtitulada,12:40,,,,https://www.cinemark.com.ar/peliculas/resident-evil-noche-cero
CABA,Cinemark Hoyts,Cinemark Palermo,"Beruti 3399, Palermo",Resident Evil: Noche Cero,2D Subtitulada,15:00,,,,https://www.cinemark.com.ar/peliculas/resident-evil-noche-cero
CABA,Cinemark Hoyts,Cinemark Palermo,"Beruti 3399, Palermo",Resident Evil: Noche Cero,2D Subtitulada,15:10,,,,https://www.cinemark.com.ar/peliculas/resident-evil-noche-cero
CABA,Cinemark Hoyts,Cinemark Palermo,"Beruti 3399, Palermo",Resident Evil: Noche Cero,2D Subtitulada,17:30,,,,https://www.cinemark.com.ar/peliculas/resident-evil-noche-cero
CABA,Cinemark Hoyts,Cinemark Palermo,"Beruti 3399, Palermo",Resident Evil: Noche Cero,2D Subtitulada,19:50,,,,https://www.cinemark.com.ar/peliculas/resident-evil-noche-cero
CABA,Cinemark Hoyts,Cinemark Palermo,"Beruti 3399, Palermo",Resident Evil: Noche Cero,2D Subtitulada,22:10,,,,https://www.cinemark.com.ar/peliculas/resident-evil-noche-cero
CABA,Cinemark Hoyts,Cinemark Palermo,"Beruti 3399, Palermo",Resident Evil: Noche Cero,2D Subtitulada,23:00,,,,https://www.cinemark.com.ar/peliculas/resident-evil-noche-cero
CABA,Cinemark Hoyts,Cinemark Palermo,"Beruti 3399, Palermo",Verity. La sombra de un engaño,2D Subtitulada,12:20,,,,https://www.cinemark.com.ar/peliculas/verity-la-sombra-de-un-engano
CABA,Cinemark Hoyts,Cinemark Palermo,"Beruti 3399, Palermo",Verity. La sombra de un engaño,2D Subtitulada,14:00,,,,https://www.cinemark.com.ar/peliculas/verity-la-sombra-de-un-engano
CABA,Cinemark Hoyts,Cinemark Palermo,"Beruti 3399, Palermo",Verity. La sombra de un engaño,2D Subtitulada,16:40,,,,https://www.cinemark.com.ar/peliculas/verity-la-sombra-de-un-engano
CABA,Cinemark Hoyts,Cinemark Palermo,"Beruti 3399, Palermo",Verity. La sombra de un engaño,2D Subtitulada,17:20,,,,https://www.cinemark.com.ar/peliculas/verity-la-sombra-de-un-engano
CABA,Cinemark Hoyts,Cinemark Palermo,"Beruti 3399, Palermo",Verity. La sombra de un engaño,2D Subtitulada,19:20,,,,https://www.cinemark.com.ar/peliculas/verity-la-sombra-de-un-engano
CABA,Cinemark Hoyts,Cinemark Palermo,"Beruti 3399, Palermo",Verity. La sombra de un engaño,2D Subtitulada,22:00,,,,https://www.cinemark.com.ar/peliculas/verity-la-sombra-de-un-engano
CABA,Cinemark Hoyts,Cinemark Palermo,"Beruti 3399, Palermo",Yo Narciso,2D Doblada,17:30,,,,https://www.cinemark.com.ar/peliculas/yo-narciso
CABA,Cinemark Hoyts,Hoyts Abasto,"Av. Corrientes 3247, Abasto Shopping",A CUALQUIER PRECIO,2D Subtitulada,17:40,,,,https://www.cinemark.com.ar/peliculas/a-cualquier-precio
CABA,Cinemark Hoyts,Hoyts Abasto,"Av. Corrientes 3247, Abasto Shopping",A CUALQUIER PRECIO,2D Subtitulada,20:10,,,,https://www.cinemark.com.ar/peliculas/a-cualquier-precio
CABA,Cinemark Hoyts,Hoyts Abasto,"Av. Corrientes 3247, Abasto Shopping",ALWAYS LALISA,2D Subtitulada,20:00,,,,https://www.cinemark.com.ar/peliculas/always-lalisa
CABA,Cinemark Hoyts,Hoyts Abasto,"Av. Corrientes 3247, Abasto Shopping",Avengers: Endgame,2D Doblada,14:30,,,,https://www.cinemark.com.ar/peliculas/avengers-endgame-re-estreno
CABA,Cinemark Hoyts,Hoyts Abasto,"Av. Corrientes 3247, Abasto Shopping",Avengers: Endgame,3D Doblada,18:15,,,,https://www.cinemark.com.ar/peliculas/avengers-endgame-re-estreno
CABA,Cinemark Hoyts,Hoyts Abasto,"Av. Corrientes 3247, Abasto Shopping",Avengers: Endgame,2D Doblada,22:00,,,,https://www.cinemark.com.ar/peliculas/avengers-endgame-re-estreno
CABA,Cinemark Hoyts,Hoyts Abasto,"Av. Corrientes 3247, Abasto Shopping",CARS 20° ANIVERSARIO,2D Doblada,14:10,,,,https://www.cinemark.com.ar/peliculas/cars-20-aniversario
CABA,Cinemark Hoyts,Hoyts Abasto,"Av. Corrientes 3247, Abasto Shopping",CARS 20° ANIVERSARIO,2D Doblada,17:00,,,,https://www.cinemark.com.ar/peliculas/cars-20-aniversario
CABA,Cinemark Hoyts,Hoyts Abasto,"Av. Corrientes 3247, Abasto Shopping",CARS 20° ANIVERSARIO,2D Doblada,19:50,,,,https://www.cinemark.com.ar/peliculas/cars-20-aniversario
CABA,Cinemark Hoyts,Hoyts Abasto,"Av. Corrientes 3247, Abasto Shopping",Coyote vs. Acme,2D Doblada,12:30,,,,https://www.cinemark.com.ar/peliculas/coyote-vs-acme
CABA,Cinemark Hoyts,Hoyts Abasto,"Av. Corrientes 3247, Abasto Shopping",Coyote vs. Acme,2D Doblada,15:00,,,,https://www.cinemark.com.ar/peliculas/coyote-vs-acme
CABA,Cinemark Hoyts,Hoyts Abasto,"Av. Corrientes 3247, Abasto Shopping",Coyote vs. Acme,2D Doblada,17:30,,,,https://www.cinemark.com.ar/peliculas/coyote-vs-acme
CABA,Cinemark Hoyts,Hoyts Abasto,"Av. Corrientes 3247, Abasto Shopping",Coyote vs. Acme,2D Doblada,20:00,,,,https://www.cinemark.com.ar/peliculas/coyote-vs-acme
CABA,Cinemark Hoyts,Hoyts Abasto,"Av. Corrientes 3247, Abasto Shopping",Digger,2D Doblada,22:30,,,,https://www.cinemark.com.ar/peliculas/digger
CABA,Cinemark Hoyts,Hoyts Abasto,"Av. Corrientes 3247, Abasto Shopping",El corazón de la bestia,2D Doblada,13:00,,,,https://www.cinemark.com.ar/peliculas/el-corazon-de-la-bestia
CABA,Cinemark Hoyts,Hoyts Abasto,"Av. Corrientes 3247, Abasto Shopping",El corazón de la bestia,2D Doblada,15:20,,,,https://www.cinemark.com.ar/peliculas/el-corazon-de-la-bestia
CABA,Cinemark Hoyts,Hoyts Abasto,"Av. Corrientes 3247, Abasto Shopping",El corazón de la bestia,2D Doblada,17:40,,,,https://www.cinemark.com.ar/peliculas/el-corazon-de-la-bestia
CABA,Cinemark Hoyts,Hoyts Abasto,"Av. Corrientes 3247, Abasto Shopping",El corazón de la bestia,2D Doblada,22:40,,,,https://www.cinemark.com.ar/peliculas/el-corazon-de-la-bestia
CABA,Cinemark Hoyts,Hoyts Abasto,"Av. Corrientes 3247, Abasto Shopping",Guardianes Del Museo 2,2D Doblada,12:30,,,,https://www.cinemark.com.ar/peliculas/guardianes-del-museo-2
CABA,Cinemark Hoyts,Hoyts Abasto,"Av. Corrientes 3247, Abasto Shopping",Guardianes Del Museo 2,2D Doblada,14:40,,,,https://www.cinemark.com.ar/peliculas/guardianes-del-museo-2
CABA,Cinemark Hoyts,Hoyts Abasto,"Av. Corrientes 3247, Abasto Shopping",HOPE: EL PRIMER IMPACTO,2D Doblada,16:50,,,,https://www.cinemark.com.ar/peliculas/hope-el-primer-impacto
CABA,Cinemark Hoyts,Hoyts Abasto,"Av. Corrientes 3247, Abasto Shopping",HOPE: EL PRIMER IMPACTO,2D Doblada,23:00,,,,https://www.cinemark.com.ar/peliculas/hope-el-primer-impacto
CABA,Cinemark Hoyts,Hoyts Abasto,"Av. Corrientes 3247, Abasto Shopping",LA CASA,2D Doblada,12:30,,,,https://www.cinemark.com.ar/peliculas/la-casa
CABA,Cinemark Hoyts,Hoyts Abasto,"Av. Corrientes 3247, Abasto Shopping",LA CASA,2D Doblada,15:00,,,,https://www.cinemark.com.ar/peliculas/la-casa
CABA,Cinemark Hoyts,Hoyts Abasto,"Av. Corrientes 3247, Abasto Shopping",LA CASA,2D Doblada,22:50,,,,https://www.cinemark.com.ar/peliculas/la-casa
CABA,Cinemark Hoyts,Hoyts Abasto,"Av. Corrientes 3247, Abasto Shopping",La isla olvidada,2D Doblada,12:50,,,,https://www.cinemark.com.ar/peliculas/la-isla-olvidada
CABA,Cinemark Hoyts,Hoyts Abasto,"Av. Corrientes 3247, Abasto Shopping",La isla olvidada,2D Doblada,15:20,,,,https://www.cinemark.com.ar/peliculas/la-isla-olvidada
CABA,Cinemark Hoyts,Hoyts Abasto,"Av. Corrientes 3247, Abasto Shopping",La isla olvidada,2D Doblada,18:00,,,,https://www.cinemark.com.ar/peliculas/la-isla-olvidada
CABA,Cinemark Hoyts,Hoyts Abasto,"Av. Corrientes 3247, Abasto Shopping",MADRE SINIESTRA,DBOX 2D Doblada,12:30,,,,https://www.cinemark.com.ar/peliculas/madre-siniestra
CABA,Cinemark Hoyts,Hoyts Abasto,"Av. Corrientes 3247, Abasto Shopping",MADRE SINIESTRA,2D Doblada,12:30,,,,https://www.cinemark.com.ar/peliculas/madre-siniestra
CABA,Cinemark Hoyts,Hoyts Abasto,"Av. Corrientes 3247, Abasto Shopping",MADRE SINIESTRA,DBOX 2D Doblada,15:00,,,,https://www.cinemark.com.ar/peliculas/madre-siniestra
CABA,Cinemark Hoyts,Hoyts Abasto,"Av. Corrientes 3247, Abasto Shopping",MADRE SINIESTRA,2D Doblada,15:00,,,,https://www.cinemark.com.ar/peliculas/madre-siniestra
CABA,Cinemark Hoyts,Hoyts Abasto,"Av. Corrientes 3247, Abasto Shopping",MADRE SINIESTRA,DBOX 2D Doblada,17:30,,,,https://www.cinemark.com.ar/peliculas/madre-siniestra
CABA,Cinemark Hoyts,Hoyts Abasto,"Av. Corrientes 3247, Abasto Shopping",MADRE SINIESTRA,2D Doblada,17:30,,,,https://www.cinemark.com.ar/peliculas/madre-siniestra
CABA,Cinemark Hoyts,Hoyts Abasto,"Av. Corrientes 3247, Abasto Shopping",MADRE SINIESTRA,DBOX 2D Doblada,20:00,,,,https://www.cinemark.com.ar/peliculas/madre-siniestra
CABA,Cinemark Hoyts,Hoyts Abasto,"Av. Corrientes 3247, Abasto Shopping",MADRE SINIESTRA,2D Doblada,20:00,,,,https://www.cinemark.com.ar/peliculas/madre-siniestra
CABA,Cinemark Hoyts,Hoyts Abasto,"Av. Corrientes 3247, Abasto Shopping",MADRE SINIESTRA,2D Subtitulada,20:30,,,,https://www.cinemark.com.ar/peliculas/madre-siniestra
CABA,Cinemark Hoyts,Hoyts Abasto,"Av. Corrientes 3247, Abasto Shopping",MADRE SINIESTRA,DBOX 2D Doblada,22:20,,,,https://www.cinemark.com.ar/peliculas/madre-siniestra
CABA,Cinemark Hoyts,Hoyts Abasto,"Av. Corrientes 3247, Abasto Shopping",MADRE SINIESTRA,2D Doblada,22:20,,,,https://www.cinemark.com.ar/peliculas/madre-siniestra
CABA,Cinemark Hoyts,Hoyts Abasto,"Av. Corrientes 3247, Abasto Shopping",MADRE SINIESTRA,2D Subtitulada,22:50,,,,https://www.cinemark.com.ar/peliculas/madre-siniestra
CABA,Cinemark Hoyts,Hoyts Abasto,"Av. Corrientes 3247, Abasto Shopping",Pmmm: Walpurgisnacht Rising,2D Subtitulada,20:20,,,,https://www.cinemark.com.ar/peliculas/puella-magi-madoka-magica-walpurgisnacht-rising
CABA,Cinemark Hoyts,Hoyts Abasto,"Av. Corrientes 3247, Abasto Shopping",Resident Evil: Noche Cero,2D Doblada,13:20,,,,https://www.cinemark.com.ar/peliculas/resident-evil-noche-cero
CABA,Cinemark Hoyts,Hoyts Abasto,"Av. Corrientes 3247, Abasto Shopping",Resident Evil: Noche Cero,DBOX 2D Doblada,13:20,,,,https://www.cinemark.com.ar/peliculas/resident-evil-noche-cero
CABA,Cinemark Hoyts,Hoyts Abasto,"Av. Corrientes 3247, Abasto Shopping",Resident Evil: Noche Cero,2D Doblada,14:40,,,,https://www.cinemark.com.ar/peliculas/resident-evil-noche-cero
CABA,Cinemark Hoyts,Hoyts Abasto,"Av. Corrientes 3247, Abasto Shopping",Resident Evil: Noche Cero,2D Doblada,15:40,,,,https://www.cinemark.com.ar/peliculas/resident-evil-noche-cero
CABA,Cinemark Hoyts,Hoyts Abasto,"Av. Corrientes 3247, Abasto Shopping",Resident Evil: Noche Cero,DBOX 2D Doblada,15:40,,,,https://www.cinemark.com.ar/peliculas/resident-evil-noche-cero
CABA,Cinemark Hoyts,Hoyts Abasto,"Av. Corrientes 3247, Abasto Shopping",Resident Evil: Noche Cero,2D Doblada,17:10,,,,https://www.cinemark.com.ar/peliculas/resident-evil-noche-cero
CABA,Cinemark Hoyts,Hoyts Abasto,"Av. Corrientes 3247, Abasto Shopping",Resident Evil: Noche Cero,2D Doblada,18:10,,,,https://www.cinemark.com.ar/peliculas/resident-evil-noche-cero
CABA,Cinemark Hoyts,Hoyts Abasto,"Av. Corrientes 3247, Abasto Shopping",Resident Evil: Noche Cero,DBOX 2D Doblada,18:10,,,,https://www.cinemark.com.ar/peliculas/resident-evil-noche-cero
CABA,Cinemark Hoyts,Hoyts Abasto,"Av. Corrientes 3247, Abasto Shopping",Resident Evil: Noche Cero,2D Doblada,19:30,,,,https://www.cinemark.com.ar/peliculas/resident-evil-noche-cero
CABA,Cinemark Hoyts,Hoyts Abasto,"Av. Corrientes 3247, Abasto Shopping",Resident Evil: Noche Cero,2D Doblada,20:30,,,,https://www.cinemark.com.ar/peliculas/resident-evil-noche-cero
CABA,Cinemark Hoyts,Hoyts Abasto,"Av. Corrientes 3247, Abasto Shopping",Resident Evil: Noche Cero,DBOX 2D Doblada,20:30,,,,https://www.cinemark.com.ar/peliculas/resident-evil-noche-cero
CABA,Cinemark Hoyts,Hoyts Abasto,"Av. Corrientes 3247, Abasto Shopping",Resident Evil: Noche Cero,2D Doblada,21:50,,,,https://www.cinemark.com.ar/peliculas/resident-evil-noche-cero
CABA,Cinemark Hoyts,Hoyts Abasto,"Av. Corrientes 3247, Abasto Shopping",Resident Evil: Noche Cero,2D Doblada,22:50,,,,https://www.cinemark.com.ar/peliculas/resident-evil-noche-cero
CABA,Cinemark Hoyts,Hoyts Abasto,"Av. Corrientes 3247, Abasto Shopping",Resident Evil: Noche Cero,DBOX 2D Doblada,22:50,,,,https://www.cinemark.com.ar/peliculas/resident-evil-noche-cero
CABA,Cinemark Hoyts,Hoyts Abasto,"Av. Corrientes 3247, Abasto Shopping",Spider-Man: Un nuevo día,2D Doblada,13:00,,,,https://www.cinemark.com.ar/peliculas/spider-man-un-nuevo-dia
CABA,Cinemark Hoyts,Hoyts Abasto,"Av. Corrientes 3247, Abasto Shopping",Spider-Man: Un nuevo día,2D Doblada,16:10,,,,https://www.cinemark.com.ar/peliculas/spider-man-un-nuevo-dia
CABA,Cinemark Hoyts,Hoyts Abasto,"Av. Corrientes 3247, Abasto Shopping",Spider-Man: Un nuevo día,2D Doblada,19:20,,,,https://www.cinemark.com.ar/peliculas/spider-man-un-nuevo-dia
CABA,Cinemark Hoyts,Hoyts Abasto,"Av. Corrientes 3247, Abasto Shopping",Verity. La sombra de un engaño,2D Doblada,12:40,,,,https://www.cinemark.com.ar/peliculas/verity-la-sombra-de-un-engano
CABA,Cinemark Hoyts,Hoyts Abasto,"Av. Corrientes 3247, Abasto Shopping",Verity. La sombra de un engaño,DBOX 2D Doblada,12:40,,,,https://www.cinemark.com.ar/peliculas/verity-la-sombra-de-un-engano
CABA,Cinemark Hoyts,Hoyts Abasto,"Av. Corrientes 3247, Abasto Shopping",Verity. La sombra de un engaño,2D Doblada,15:15,,,,https://www.cinemark.com.ar/peliculas/verity-la-sombra-de-un-engano
CABA,Cinemark Hoyts,Hoyts Abasto,"Av. Corrientes 3247, Abasto Shopping",Verity. La sombra de un engaño,DBOX 2D Doblada,15:15,,,,https://www.cinemark.com.ar/peliculas/verity-la-sombra-de-un-engano
CABA,Cinemark Hoyts,Hoyts Abasto,"Av. Corrientes 3247, Abasto Shopping",Verity. La sombra de un engaño,2D Doblada,17:50,,,,https://www.cinemark.com.ar/peliculas/verity-la-sombra-de-un-engano
CABA,Cinemark Hoyts,Hoyts Abasto,"Av. Corrientes 3247, Abasto Shopping",Verity. La sombra de un engaño,DBOX 2D Doblada,17:50,,,,https://www.cinemark.com.ar/peliculas/verity-la-sombra-de-un-engano
CABA,Cinemark Hoyts,Hoyts Abasto,"Av. Corrientes 3247, Abasto Shopping",Verity. La sombra de un engaño,2D Doblada,20:25,,,,https://www.cinemark.com.ar/peliculas/verity-la-sombra-de-un-engano
CABA,Cinemark Hoyts,Hoyts Abasto,"Av. Corrientes 3247, Abasto Shopping",Verity. La sombra de un engaño,DBOX 2D Doblada,20:25,,,,https://www.cinemark.com.ar/peliculas/verity-la-sombra-de-un-engano
CABA,Cinemark Hoyts,Hoyts Abasto,"Av. Corrientes 3247, Abasto Shopping",Verity. La sombra de un engaño,2D Doblada,22:30,,,,https://www.cinemark.com.ar/peliculas/verity-la-sombra-de-un-engano
CABA,Cinemark Hoyts,Hoyts Abasto,"Av. Corrientes 3247, Abasto Shopping",Verity. La sombra de un engaño,2D Subtitulada,23:00,,,,https://www.cinemark.com.ar/peliculas/verity-la-sombra-de-un-engano
CABA,Cinemark Hoyts,Hoyts Abasto,"Av. Corrientes 3247, Abasto Shopping",Verity. La sombra de un engaño,DBOX 2D Subtitulada,23:00,,,,https://www.cinemark.com.ar/peliculas/verity-la-sombra-de-un-engano
CABA,Cinemark Hoyts,Hoyts Abasto,"Av. Corrientes 3247, Abasto Shopping",Vértigo 2,2D Doblada,22:50,,,,https://www.cinemark.com.ar/peliculas/vertigo-2-punto-muerto
CABA,Cinemark Hoyts,Cinemark Caballito,"Av. La Plata 96, Caballito",CARS 20° ANIVERSARIO,2D Doblada,13:50,,,,https://www.cinemark.com.ar/peliculas/cars-20-aniversario
CABA,Cinemark Hoyts,Cinemark Caballito,"Av. La Plata 96, Caballito",CARS 20° ANIVERSARIO,2D Doblada,16:30,,,,https://www.cinemark.com.ar/peliculas/cars-20-aniversario
CABA,Cinemark Hoyts,Cinemark Caballito,"Av. La Plata 96, Caballito",CARS 20° ANIVERSARIO,2D Doblada,19:10,,,,https://www.cinemark.com.ar/peliculas/cars-20-aniversario
CABA,Cinemark Hoyts,Cinemark Caballito,"Av. La Plata 96, Caballito",Digger,2D Subtitulada,22:10,,,,https://www.cinemark.com.ar/peliculas/digger
CABA,Cinemark Hoyts,Cinemark Caballito,"Av. La Plata 96, Caballito",El corazón de la bestia,2D Subtitulada,12:50,,,,https://www.cinemark.com.ar/peliculas/el-corazon-de-la-bestia
CABA,Cinemark Hoyts,Cinemark Caballito,"Av. La Plata 96, Caballito",El corazón de la bestia,2D Subtitulada,15:10,,,,https://www.cinemark.com.ar/peliculas/el-corazon-de-la-bestia
CABA,Cinemark Hoyts,Cinemark Caballito,"Av. La Plata 96, Caballito",El corazón de la bestia,2D Subtitulada,17:30,,,,https://www.cinemark.com.ar/peliculas/el-corazon-de-la-bestia
CABA,Cinemark Hoyts,Cinemark Caballito,"Av. La Plata 96, Caballito",El corazón de la bestia,2D Subtitulada,20:00,,,,https://www.cinemark.com.ar/peliculas/el-corazon-de-la-bestia
CABA,Cinemark Hoyts,Cinemark Caballito,"Av. La Plata 96, Caballito",El corazón de la bestia,2D Subtitulada,22:20,,,,https://www.cinemark.com.ar/peliculas/el-corazon-de-la-bestia
CABA,Cinemark Hoyts,Cinemark Caballito,"Av. La Plata 96, Caballito",La isla olvidada,2D Doblada,13:30,,,,https://www.cinemark.com.ar/peliculas/la-isla-olvidada
CABA,Cinemark Hoyts,Cinemark Caballito,"Av. La Plata 96, Caballito",La isla olvidada,2D Doblada,16:00,,,,https://www.cinemark.com.ar/peliculas/la-isla-olvidada
CABA,Cinemark Hoyts,Cinemark Caballito,"Av. La Plata 96, Caballito",La Odisea,2D Subtitulada,18:30,,,,https://www.cinemark.com.ar/peliculas/la-odisea
CABA,Cinemark Hoyts,Cinemark Caballito,"Av. La Plata 96, Caballito",MADRE SINIESTRA,2D Subtitulada,13:20,,,,https://www.cinemark.com.ar/peliculas/madre-siniestra
CABA,Cinemark Hoyts,Cinemark Caballito,"Av. La Plata 96, Caballito",MADRE SINIESTRA,2D Subtitulada,15:50,,,,https://www.cinemark.com.ar/peliculas/madre-siniestra
CABA,Cinemark Hoyts,Cinemark Caballito,"Av. La Plata 96, Caballito",MADRE SINIESTRA,2D Subtitulada,18:10,,,,https://www.cinemark.com.ar/peliculas/madre-siniestra
CABA,Cinemark Hoyts,Cinemark Caballito,"Av. La Plata 96, Caballito",MADRE SINIESTRA,2D Subtitulada,20:30,,,,https://www.cinemark.com.ar/peliculas/madre-siniestra
CABA,Cinemark Hoyts,Cinemark Caballito,"Av. La Plata 96, Caballito",MADRE SINIESTRA,2D Subtitulada,22:00,,,,https://www.cinemark.com.ar/peliculas/madre-siniestra
CABA,Cinemark Hoyts,Cinemark Caballito,"Av. La Plata 96, Caballito",MADRE SINIESTRA,2D Subtitulada,22:50,,,,https://www.cinemark.com.ar/peliculas/madre-siniestra
CABA,Cinemark Hoyts,Cinemark Caballito,"Av. La Plata 96, Caballito",Resident Evil: Noche Cero,2D Doblada,13:10,,,,https://www.cinemark.com.ar/peliculas/resident-evil-noche-cero
CABA,Cinemark Hoyts,Cinemark Caballito,"Av. La Plata 96, Caballito",Resident Evil: Noche Cero,2D Subtitulada,15:30,,,,https://www.cinemark.com.ar/peliculas/resident-evil-noche-cero
CABA,Cinemark Hoyts,Cinemark Caballito,"Av. La Plata 96, Caballito",Resident Evil: Noche Cero,2D Doblada,17:50,,,,https://www.cinemark.com.ar/peliculas/resident-evil-noche-cero
CABA,Cinemark Hoyts,Cinemark Caballito,"Av. La Plata 96, Caballito",Resident Evil: Noche Cero,2D Subtitulada,20:10,,,,https://www.cinemark.com.ar/peliculas/resident-evil-noche-cero
CABA,Cinemark Hoyts,Cinemark Caballito,"Av. La Plata 96, Caballito",Resident Evil: Noche Cero,2D Subtitulada,22:30,,,,https://www.cinemark.com.ar/peliculas/resident-evil-noche-cero
CABA,Cinemark Hoyts,Cinemark Caballito,"Av. La Plata 96, Caballito",Verity. La sombra de un engaño,2D Subtitulada,12:30,,,,https://www.cinemark.com.ar/peliculas/verity-la-sombra-de-un-engano
CABA,Cinemark Hoyts,Cinemark Caballito,"Av. La Plata 96, Caballito",Verity. La sombra de un engaño,2D Subtitulada,15:00,,,,https://www.cinemark.com.ar/peliculas/verity-la-sombra-de-un-engano
CABA,Cinemark Hoyts,Cinemark Caballito,"Av. La Plata 96, Caballito",Verity. La sombra de un engaño,2D Subtitulada,17:40,,,,https://www.cinemark.com.ar/peliculas/verity-la-sombra-de-un-engano
CABA,Cinemark Hoyts,Cinemark Caballito,"Av. La Plata 96, Caballito",Verity. La sombra de un engaño,2D Subtitulada,20:20,,,,https://www.cinemark.com.ar/peliculas/verity-la-sombra-de-un-engano
CABA,Cinemark Hoyts,Cinemark Caballito,"Av. La Plata 96, Caballito",Verity. La sombra de un engaño,2D Subtitulada,23:00,,,,https://www.cinemark.com.ar/peliculas/verity-la-sombra-de-un-engano
GBA Oeste,Cinemark Hoyts,Cinemark Malvinas Argentinas,"Av. Pte. Illia 3770, Shopping Terrazas de Mayo",A CUALQUIER PRECIO,2D Doblada,15:10,,,,https://www.cinemark.com.ar/peliculas/a-cualquier-precio
GBA Oeste,Cinemark Hoyts,Cinemark Malvinas Argentinas,"Av. Pte. Illia 3770, Shopping Terrazas de Mayo",A CUALQUIER PRECIO,2D Doblada,20:00,,,,https://www.cinemark.com.ar/peliculas/a-cualquier-precio
GBA Oeste,Cinemark Hoyts,Cinemark Malvinas Argentinas,"Av. Pte. Illia 3770, Shopping Terrazas de Mayo",ALWAYS LALISA,2D Subtitulada,20:00,,,,https://www.cinemark.com.ar/peliculas/always-lalisa
GBA Oeste,Cinemark Hoyts,Cinemark Malvinas Argentinas,"Av. Pte. Illia 3770, Shopping Terrazas de Mayo",CARS 20° ANIVERSARIO,2D Doblada,13:40,,,,https://www.cinemark.com.ar/peliculas/cars-20-aniversario
GBA Oeste,Cinemark Hoyts,Cinemark Malvinas Argentinas,"Av. Pte. Illia 3770, Shopping Terrazas de Mayo",CARS 20° ANIVERSARIO,2D Doblada,16:40,,,,https://www.cinemark.com.ar/peliculas/cars-20-aniversario
GBA Oeste,Cinemark Hoyts,Cinemark Malvinas Argentinas,"Av. Pte. Illia 3770, Shopping Terrazas de Mayo",CARS 20° ANIVERSARIO,2D Doblada,19:40,,,,https://www.cinemark.com.ar/peliculas/cars-20-aniversario
GBA Oeste,Cinemark Hoyts,Cinemark Malvinas Argentinas,"Av. Pte. Illia 3770, Shopping Terrazas de Mayo",Coyote vs. Acme,2D Doblada,16:30,,,,https://www.cinemark.com.ar/peliculas/coyote-vs-acme
GBA Oeste,Cinemark Hoyts,Cinemark Malvinas Argentinas,"Av. Pte. Illia 3770, Shopping Terrazas de Mayo",Coyote vs. Acme,2D Doblada,17:35,,,,https://www.cinemark.com.ar/peliculas/coyote-vs-acme
GBA Oeste,Cinemark Hoyts,Cinemark Malvinas Argentinas,"Av. Pte. Illia 3770, Shopping Terrazas de Mayo",Digger,2D Doblada,22:20,,,,https://www.cinemark.com.ar/peliculas/digger
GBA Oeste,Cinemark Hoyts,Cinemark Malvinas Argentinas,"Av. Pte. Illia 3770, Shopping Terrazas de Mayo",El corazón de la bestia,2D Doblada,12:40,,,,https://www.cinemark.com.ar/peliculas/el-corazon-de-la-bestia
GBA Oeste,Cinemark Hoyts,Cinemark Malvinas Argentinas,"Av. Pte. Illia 3770, Shopping Terrazas de Mayo",El corazón de la bestia,2D Doblada,15:00,,,,https://www.cinemark.com.ar/peliculas/el-corazon-de-la-bestia
GBA Oeste,Cinemark Hoyts,Cinemark Malvinas Argentinas,"Av. Pte. Illia 3770, Shopping Terrazas de Mayo",El corazón de la bestia,2D Doblada,17:20,,,,https://www.cinemark.com.ar/peliculas/el-corazon-de-la-bestia
GBA Oeste,Cinemark Hoyts,Cinemark Malvinas Argentinas,"Av. Pte. Illia 3770, Shopping Terrazas de Mayo",El corazón de la bestia,2D Doblada,19:45,,,,https://www.cinemark.com.ar/peliculas/el-corazon-de-la-bestia
GBA Oeste,Cinemark Hoyts,Cinemark Malvinas Argentinas,"Av. Pte. Illia 3770, Shopping Terrazas de Mayo",El corazón de la bestia,2D Doblada,22:20,,,,https://www.cinemark.com.ar/peliculas/el-corazon-de-la-bestia
GBA Oeste,Cinemark Hoyts,Cinemark Malvinas Argentinas,"Av. Pte. Illia 3770, Shopping Terrazas de Mayo",Guardianes Del Museo 2,2D Doblada,13:00,,,,https://www.cinemark.com.ar/peliculas/guardianes-del-museo-2
GBA Oeste,Cinemark Hoyts,Cinemark Malvinas Argentinas,"Av. Pte. Illia 3770, Shopping Terrazas de Mayo",HOPE: EL PRIMER IMPACTO,2D Doblada,22:40,,,,https://www.cinemark.com.ar/peliculas/hope-el-primer-impacto
GBA Oeste,Cinemark Hoyts,Cinemark Malvinas Argentinas,"Av. Pte. Illia 3770, Shopping Terrazas de Mayo",LA CASA,2D Doblada,14:10,,,,https://www.cinemark.com.ar/peliculas/la-casa
GBA Oeste,Cinemark Hoyts,Cinemark Malvinas Argentinas,"Av. Pte. Illia 3770, Shopping Terrazas de Mayo",LA CASA,2D Doblada,19:20,,,,https://www.cinemark.com.ar/peliculas/la-casa
GBA Oeste,Cinemark Hoyts,Cinemark Malvinas Argentinas,"Av. Pte. Illia 3770, Shopping Terrazas de Mayo",La isla olvidada,2D Doblada,14:00,,,,https://www.cinemark.com.ar/peliculas/la-isla-olvidada
GBA Oeste,Cinemark Hoyts,Cinemark Malvinas Argentinas,"Av. Pte. Illia 3770, Shopping Terrazas de Mayo",La Odisea,2D Doblada,19:00,,,,https://www.cinemark.com.ar/peliculas/la-odisea
GBA Oeste,Cinemark Hoyts,Cinemark Malvinas Argentinas,"Av. Pte. Illia 3770, Shopping Terrazas de Mayo",MADRE SINIESTRA,DBOX 2D Doblada,13:20,,,,https://www.cinemark.com.ar/peliculas/madre-siniestra
GBA Oeste,Cinemark Hoyts,Cinemark Malvinas Argentinas,"Av. Pte. Illia 3770, Shopping Terrazas de Mayo",MADRE SINIESTRA,2D Doblada,13:20,,,,https://www.cinemark.com.ar/peliculas/madre-siniestra
GBA Oeste,Cinemark Hoyts,Cinemark Malvinas Argentinas,"Av. Pte. Illia 3770, Shopping Terrazas de Mayo",MADRE SINIESTRA,DBOX 2D Subtitulada,15:40,,,,https://www.cinemark.com.ar/peliculas/madre-siniestra
GBA Oeste,Cinemark Hoyts,Cinemark Malvinas Argentinas,"Av. Pte. Illia 3770, Shopping Terrazas de Mayo",MADRE SINIESTRA,2D Subtitulada,15:40,,,,https://www.cinemark.com.ar/peliculas/madre-siniestra
GBA Oeste,Cinemark Hoyts,Cinemark Malvinas Argentinas,"Av. Pte. Illia 3770, Shopping Terrazas de Mayo",MADRE SINIESTRA,DBOX 2D Doblada,17:50,,,,https://www.cinemark.com.ar/peliculas/madre-siniestra
GBA Oeste,Cinemark Hoyts,Cinemark Malvinas Argentinas,"Av. Pte. Illia 3770, Shopping Terrazas de Mayo",MADRE SINIESTRA,2D Doblada,17:50,,,,https://www.cinemark.com.ar/peliculas/madre-siniestra
GBA Oeste,Cinemark Hoyts,Cinemark Malvinas Argentinas,"Av. Pte. Illia 3770, Shopping Terrazas de Mayo",MADRE SINIESTRA,DBOX XD 2D Doblada,19:50,,,,https://www.cinemark.com.ar/peliculas/madre-siniestra
GBA Oeste,Cinemark Hoyts,Cinemark Malvinas Argentinas,"Av. Pte. Illia 3770, Shopping Terrazas de Mayo",MADRE SINIESTRA,XD 2D Doblada,19:50,,,,https://www.cinemark.com.ar/peliculas/madre-siniestra
GBA Oeste,Cinemark Hoyts,Cinemark Malvinas Argentinas,"Av. Pte. Illia 3770, Shopping Terrazas de Mayo",MADRE SINIESTRA,DBOX 2D Doblada,20:20,,,,https://www.cinemark.com.ar/peliculas/madre-siniestra
GBA Oeste,Cinemark Hoyts,Cinemark Malvinas Argentinas,"Av. Pte. Illia 3770, Shopping Terrazas de Mayo",MADRE SINIESTRA,2D Doblada,20:20,,,,https://www.cinemark.com.ar/peliculas/madre-siniestra
GBA Oeste,Cinemark Hoyts,Cinemark Malvinas Argentinas,"Av. Pte. Illia 3770, Shopping Terrazas de Mayo",MADRE SINIESTRA,2D Doblada,22:25,,,,https://www.cinemark.com.ar/peliculas/madre-siniestra
GBA Oeste,Cinemark Hoyts,Cinemark Malvinas Argentinas,"Av. Pte. Illia 3770, Shopping Terrazas de Mayo",MADRE SINIESTRA,DBOX 2D Doblada,22:50,,,,https://www.cinemark.com.ar/peliculas/madre-siniestra
GBA Oeste,Cinemark Hoyts,Cinemark Malvinas Argentinas,"Av. Pte. Illia 3770, Shopping Terrazas de Mayo",MADRE SINIESTRA,2D Doblada,22:50,,,,https://www.cinemark.com.ar/peliculas/madre-siniestra
GBA Oeste,Cinemark Hoyts,Cinemark Malvinas Argentinas,"Av. Pte. Illia 3770, Shopping Terrazas de Mayo",Resident Evil: Noche Cero,DBOX XD 2D Doblada,12:30,,,,https://www.cinemark.com.ar/peliculas/resident-evil-noche-cero
GBA Oeste,Cinemark Hoyts,Cinemark Malvinas Argentinas,"Av. Pte. Illia 3770, Shopping Terrazas de Mayo",Resident Evil: Noche Cero,XD 2D Doblada,12:30,,,,https://www.cinemark.com.ar/peliculas/resident-evil-noche-cero
GBA Oeste,Cinemark Hoyts,Cinemark Malvinas Argentinas,"Av. Pte. Illia 3770, Shopping Terrazas de Mayo",Resident Evil: Noche Cero,DBOX XD 2D Doblada,14:50,,,,https://www.cinemark.com.ar/peliculas/resident-evil-noche-cero
GBA Oeste,Cinemark Hoyts,Cinemark Malvinas Argentinas,"Av. Pte. Illia 3770, Shopping Terrazas de Mayo",Resident Evil: Noche Cero,XD 2D Doblada,14:50,,,,https://www.cinemark.com.ar/peliculas/resident-evil-noche-cero
GBA Oeste,Cinemark Hoyts,Cinemark Malvinas Argentinas,"Av. Pte. Illia 3770, Shopping Terrazas de Mayo",Resident Evil: Noche Cero,2D Subtitulada,16:50,,,,https://www.cinemark.com.ar/peliculas/resident-evil-noche-cero
GBA Oeste,Cinemark Hoyts,Cinemark Malvinas Argentinas,"Av. Pte. Illia 3770, Shopping Terrazas de Mayo",Resident Evil: Noche Cero,DBOX XD 2D Doblada,17:30,,,,https://www.cinemark.com.ar/peliculas/resident-evil-noche-cero
GBA Oeste,Cinemark Hoyts,Cinemark Malvinas Argentinas,"Av. Pte. Illia 3770, Shopping Terrazas de Mayo",Resident Evil: Noche Cero,XD 2D Doblada,17:30,,,,https://www.cinemark.com.ar/peliculas/resident-evil-noche-cero
GBA Oeste,Cinemark Hoyts,Cinemark Malvinas Argentinas,"Av. Pte. Illia 3770, Shopping Terrazas de Mayo",Resident Evil: Noche Cero,2D Doblada,21:50,,,,https://www.cinemark.com.ar/peliculas/resident-evil-noche-cero
GBA Oeste,Cinemark Hoyts,Cinemark Malvinas Argentinas,"Av. Pte. Illia 3770, Shopping Terrazas de Mayo",Resident Evil: Noche Cero,DBOX XD 2D Doblada,22:30,,,,https://www.cinemark.com.ar/peliculas/resident-evil-noche-cero
GBA Oeste,Cinemark Hoyts,Cinemark Malvinas Argentinas,"Av. Pte. Illia 3770, Shopping Terrazas de Mayo",Resident Evil: Noche Cero,XD 2D Doblada,22:30,,,,https://www.cinemark.com.ar/peliculas/resident-evil-noche-cero
GBA Oeste,Cinemark Hoyts,Cinemark Malvinas Argentinas,"Av. Pte. Illia 3770, Shopping Terrazas de Mayo",Spider-Man: Un nuevo día,2D Doblada,13:10,,,,https://www.cinemark.com.ar/peliculas/spider-man-un-nuevo-dia
GBA Oeste,Cinemark Hoyts,Cinemark Malvinas Argentinas,"Av. Pte. Illia 3770, Shopping Terrazas de Mayo",Spider-Man: Un nuevo día,2D Doblada,16:20,,,,https://www.cinemark.com.ar/peliculas/spider-man-un-nuevo-dia
GBA Oeste,Cinemark Hoyts,Cinemark Malvinas Argentinas,"Av. Pte. Illia 3770, Shopping Terrazas de Mayo",Verity. La sombra de un engaño,2D Doblada,12:55,,,,https://www.cinemark.com.ar/peliculas/verity-la-sombra-de-un-engano
GBA Oeste,Cinemark Hoyts,Cinemark Malvinas Argentinas,"Av. Pte. Illia 3770, Shopping Terrazas de Mayo",Verity. La sombra de un engaño,2D Doblada,15:30,,,,https://www.cinemark.com.ar/peliculas/verity-la-sombra-de-un-engano
GBA Oeste,Cinemark Hoyts,Cinemark Malvinas Argentinas,"Av. Pte. Illia 3770, Shopping Terrazas de Mayo",Verity. La sombra de un engaño,2D Doblada,18:00,,,,https://www.cinemark.com.ar/peliculas/verity-la-sombra-de-un-engano
GBA Oeste,Cinemark Hoyts,Cinemark Malvinas Argentinas,"Av. Pte. Illia 3770, Shopping Terrazas de Mayo",Verity. La sombra de un engaño,2D Doblada,20:30,,,,https://www.cinemark.com.ar/peliculas/verity-la-sombra-de-un-engano
GBA Oeste,Cinemark Hoyts,Cinemark Malvinas Argentinas,"Av. Pte. Illia 3770, Shopping Terrazas de Mayo",Verity. La sombra de un engaño,2D Doblada,23:00,,,,https://www.cinemark.com.ar/peliculas/verity-la-sombra-de-un-engano
GBA Oeste,Cinemark Hoyts,Cinemark Malvinas Argentinas,"Av. Pte. Illia 3770, Shopping Terrazas de Mayo",Vértigo 2,2D Doblada,22:50,,,,https://www.cinemark.com.ar/peliculas/vertigo-2-punto-muerto
GBA Sur,Cinemark Hoyts,Cinemark Avellaneda,"Güemes 897, Alto Avellaneda Shopping",A CUALQUIER PRECIO,2D Doblada,17:10,,,,https://www.cinemark.com.ar/peliculas/a-cualquier-precio
GBA Sur,Cinemark Hoyts,Cinemark Avellaneda,"Güemes 897, Alto Avellaneda Shopping",A CUALQUIER PRECIO,2D Doblada,22:40,,,,https://www.cinemark.com.ar/peliculas/a-cualquier-precio
GBA Sur,Cinemark Hoyts,Cinemark Avellaneda,"Güemes 897, Alto Avellaneda Shopping",ALWAYS LALISA,2D Subtitulada,20:00,,,,https://www.cinemark.com.ar/peliculas/always-lalisa
GBA Sur,Cinemark Hoyts,Cinemark Avellaneda,"Güemes 897, Alto Avellaneda Shopping",Avengers: Endgame,4D 3D IV Doblada,18:10,,,,https://www.cinemark.com.ar/peliculas/avengers-endgame-re-estreno
GBA Sur,Cinemark Hoyts,Cinemark Avellaneda,"Güemes 897, Alto Avellaneda Shopping",Avengers: Endgame,4D 3D IV Doblada,21:50,,,,https://www.cinemark.com.ar/peliculas/avengers-endgame-re-estreno
GBA Sur,Cinemark Hoyts,Cinemark Avellaneda,"Güemes 897, Alto Avellaneda Shopping",CARS 20° ANIVERSARIO,4D 2D Doblada,12:50,,,,https://www.cinemark.com.ar/peliculas/cars-20-aniversario
GBA Sur,Cinemark Hoyts,Cinemark Avellaneda,"Güemes 897, Alto Avellaneda Shopping",CARS 20° ANIVERSARIO,2D Doblada,14:00,,,,https://www.cinemark.com.ar/peliculas/cars-20-aniversario
GBA Sur,Cinemark Hoyts,Cinemark Avellaneda,"Güemes 897, Alto Avellaneda Shopping",CARS 20° ANIVERSARIO,4D 2D Doblada,15:30,,,,https://www.cinemark.com.ar/peliculas/cars-20-aniversario
GBA Sur,Cinemark Hoyts,Cinemark Avellaneda,"Güemes 897, Alto Avellaneda Shopping",CARS 20° ANIVERSARIO,2D Doblada,17:30,,,,https://www.cinemark.com.ar/peliculas/cars-20-aniversario
GBA Sur,Cinemark Hoyts,Cinemark Avellaneda,"Güemes 897, Alto Avellaneda Shopping",El corazón de la bestia,2D Doblada,12:50,,,,https://www.cinemark.com.ar/peliculas/el-corazon-de-la-bestia
GBA Sur,Cinemark Hoyts,Cinemark Avellaneda,"Güemes 897, Alto Avellaneda Shopping",El corazón de la bestia,2D Doblada,15:10,,,,https://www.cinemark.com.ar/peliculas/el-corazon-de-la-bestia
GBA Sur,Cinemark Hoyts,Cinemark Avellaneda,"Güemes 897, Alto Avellaneda Shopping",El corazón de la bestia,2D Doblada,17:40,,,,https://www.cinemark.com.ar/peliculas/el-corazon-de-la-bestia
GBA Sur,Cinemark Hoyts,Cinemark Avellaneda,"Güemes 897, Alto Avellaneda Shopping",El corazón de la bestia,2D Doblada,20:40,,,,https://www.cinemark.com.ar/peliculas/el-corazon-de-la-bestia
GBA Sur,Cinemark Hoyts,Cinemark Avellaneda,"Güemes 897, Alto Avellaneda Shopping",El corazón de la bestia,2D Doblada,22:30,,,,https://www.cinemark.com.ar/peliculas/el-corazon-de-la-bestia
GBA Sur,Cinemark Hoyts,Cinemark Avellaneda,"Güemes 897, Alto Avellaneda Shopping",MADRE SINIESTRA,2D Doblada,13:00,,,,https://www.cinemark.com.ar/peliculas/madre-siniestra
GBA Sur,Cinemark Hoyts,Cinemark Avellaneda,"Güemes 897, Alto Avellaneda Shopping",MADRE SINIESTRA,2D Doblada,15:20,,,,https://www.cinemark.com.ar/peliculas/madre-siniestra
GBA Sur,Cinemark Hoyts,Cinemark Avellaneda,"Güemes 897, Alto Avellaneda Shopping",MADRE SINIESTRA,2D Doblada,17:40,,,,https://www.cinemark.com.ar/peliculas/madre-siniestra
GBA Sur,Cinemark Hoyts,Cinemark Avellaneda,"Güemes 897, Alto Avellaneda Shopping",MADRE SINIESTRA,2D Doblada,20:20,,,,https://www.cinemark.com.ar/peliculas/madre-siniestra
GBA Sur,Cinemark Hoyts,Cinemark Avellaneda,"Güemes 897, Alto Avellaneda Shopping",MADRE SINIESTRA,2D Doblada,20:30,,,,https://www.cinemark.com.ar/peliculas/madre-siniestra
GBA Sur,Cinemark Hoyts,Cinemark Avellaneda,"Güemes 897, Alto Avellaneda Shopping",MADRE SINIESTRA,2D Doblada,22:30,,,,https://www.cinemark.com.ar/peliculas/madre-siniestra
GBA Sur,Cinemark Hoyts,Cinemark Avellaneda,"Güemes 897, Alto Avellaneda Shopping",MADRE SINIESTRA,2D Doblada,22:50,,,,https://www.cinemark.com.ar/peliculas/madre-siniestra
GBA Sur,Cinemark Hoyts,Cinemark Avellaneda,"Güemes 897, Alto Avellaneda Shopping",Resident Evil: Noche Cero,DBOX XD 2D Doblada,12:40,,,,https://www.cinemark.com.ar/peliculas/resident-evil-noche-cero
GBA Sur,Cinemark Hoyts,Cinemark Avellaneda,"Güemes 897, Alto Avellaneda Shopping",Resident Evil: Noche Cero,XD 2D Doblada,12:40,,,,https://www.cinemark.com.ar/peliculas/resident-evil-noche-cero
GBA Sur,Cinemark Hoyts,Cinemark Avellaneda,"Güemes 897, Alto Avellaneda Shopping",Resident Evil: Noche Cero,DBOX XD 2D Doblada,15:20,,,,https://www.cinemark.com.ar/peliculas/resident-evil-noche-cero
GBA Sur,Cinemark Hoyts,Cinemark Avellaneda,"Güemes 897, Alto Avellaneda Shopping",Resident Evil: Noche Cero,XD 2D Doblada,15:20,,,,https://www.cinemark.com.ar/peliculas/resident-evil-noche-cero
GBA Sur,Cinemark Hoyts,Cinemark Avellaneda,"Güemes 897, Alto Avellaneda Shopping",Resident Evil: Noche Cero,DBOX XD 2D Doblada,17:40,,,,https://www.cinemark.com.ar/peliculas/resident-evil-noche-cero
GBA Sur,Cinemark Hoyts,Cinemark Avellaneda,"Güemes 897, Alto Avellaneda Shopping",Resident Evil: Noche Cero,XD 2D Doblada,17:40,,,,https://www.cinemark.com.ar/peliculas/resident-evil-noche-cero
GBA Sur,Cinemark Hoyts,Cinemark Avellaneda,"Güemes 897, Alto Avellaneda Shopping",Resident Evil: Noche Cero,2D Doblada,18:00,,,,https://www.cinemark.com.ar/peliculas/resident-evil-noche-cero
GBA Sur,Cinemark Hoyts,Cinemark Avellaneda,"Güemes 897, Alto Avellaneda Shopping",Resident Evil: Noche Cero,DBOX 2D Doblada,18:00,,,,https://www.cinemark.com.ar/peliculas/resident-evil-noche-cero
GBA Sur,Cinemark Hoyts,Cinemark Avellaneda,"Güemes 897, Alto Avellaneda Shopping",Resident Evil: Noche Cero,DBOX XD 2D Doblada,20:00,,,,https://www.cinemark.com.ar/peliculas/resident-evil-noche-cero
GBA Sur,Cinemark Hoyts,Cinemark Avellaneda,"Güemes 897, Alto Avellaneda Shopping",Resident Evil: Noche Cero,XD 2D Doblada,20:00,,,,https://www.cinemark.com.ar/peliculas/resident-evil-noche-cero
GBA Sur,Cinemark Hoyts,Cinemark Avellaneda,"Güemes 897, Alto Avellaneda Shopping",Resident Evil: Noche Cero,DBOX XD 2D Doblada,22:20,,,,https://www.cinemark.com.ar/peliculas/resident-evil-noche-cero
GBA Sur,Cinemark Hoyts,Cinemark Avellaneda,"Güemes 897, Alto Avellaneda Shopping",Resident Evil: Noche Cero,XD 2D Doblada,22:20,,,,https://www.cinemark.com.ar/peliculas/resident-evil-noche-cero
GBA Sur,Cinemark Hoyts,Cinemark Avellaneda,"Güemes 897, Alto Avellaneda Shopping",Resident Evil: Noche Cero,2D Doblada,23:00,,,,https://www.cinemark.com.ar/peliculas/resident-evil-noche-cero
GBA Sur,Cinemark Hoyts,Cinemark Avellaneda,"Güemes 897, Alto Avellaneda Shopping",Resident Evil: Noche Cero,DBOX 2D Doblada,23:00,,,,https://www.cinemark.com.ar/peliculas/resident-evil-noche-cero
GBA Sur,Cinemark Hoyts,Cinemark Avellaneda,"Güemes 897, Alto Avellaneda Shopping",Spider-Man: Un nuevo día,2D Doblada,13:50,,,,https://www.cinemark.com.ar/peliculas/spider-man-un-nuevo-dia
GBA Sur,Cinemark Hoyts,Cinemark Avellaneda,"Güemes 897, Alto Avellaneda Shopping",Verity. La sombra de un engaño,2D Doblada,13:40,,,,https://www.cinemark.com.ar/peliculas/verity-la-sombra-de-un-engano
GBA Sur,Cinemark Hoyts,Cinemark Avellaneda,"Güemes 897, Alto Avellaneda Shopping",Verity. La sombra de un engaño,2D Doblada,16:30,,,,https://www.cinemark.com.ar/peliculas/verity-la-sombra-de-un-engano
GBA Sur,Cinemark Hoyts,Cinemark Avellaneda,"Güemes 897, Alto Avellaneda Shopping",Verity. La sombra de un engaño,2D Doblada,19:20,,,,https://www.cinemark.com.ar/peliculas/verity-la-sombra-de-un-engano
GBA Sur,Cinemark Hoyts,Cinemark Avellaneda,"Güemes 897, Alto Avellaneda Shopping",Verity. La sombra de un engaño,2D Doblada,22:00,,,,https://www.cinemark.com.ar/peliculas/verity-la-sombra-de-un-engano
GBA Sur,Cinemark Hoyts,Cinemark Avellaneda,"Güemes 897, Alto Avellaneda Shopping",Vértigo 2,2D Doblada,19:40,,,,https://www.cinemark.com.ar/peliculas/vertigo-2-punto-muerto
GBA Oeste,Cinemark Hoyts,Hoyts Moreno,"Av. Victorica 1128, Nine Shopping",A CUALQUIER PRECIO,2D Doblada,17:00,,,,https://www.cinemark.com.ar/peliculas/a-cualquier-precio
GBA Oeste,Cinemark Hoyts,Hoyts Moreno,"Av. Victorica 1128, Nine Shopping",A CUALQUIER PRECIO,2D Doblada,22:50,,,,https://www.cinemark.com.ar/peliculas/a-cualquier-precio
GBA Oeste,Cinemark Hoyts,Hoyts Moreno,"Av. Victorica 1128, Nine Shopping",ALWAYS LALISA,2D Subtitulada,20:00,,,,https://www.cinemark.com.ar/peliculas/always-lalisa
GBA Oeste,Cinemark Hoyts,Hoyts Moreno,"Av. Victorica 1128, Nine Shopping",CARS 20° ANIVERSARIO,2D Doblada,12:20,,,,https://www.cinemark.com.ar/peliculas/cars-20-aniversario
GBA Oeste,Cinemark Hoyts,Hoyts Moreno,"Av. Victorica 1128, Nine Shopping",CARS 20° ANIVERSARIO,2D Doblada,15:10,,,,https://www.cinemark.com.ar/peliculas/cars-20-aniversario
GBA Oeste,Cinemark Hoyts,Hoyts Moreno,"Av. Victorica 1128, Nine Shopping",CARS 20° ANIVERSARIO,2D Doblada,17:50,,,,https://www.cinemark.com.ar/peliculas/cars-20-aniversario
GBA Oeste,Cinemark Hoyts,Hoyts Moreno,"Av. Victorica 1128, Nine Shopping",CARS 20° ANIVERSARIO,2D Doblada,20:30,,,,https://www.cinemark.com.ar/peliculas/cars-20-aniversario
GBA Oeste,Cinemark Hoyts,Hoyts Moreno,"Av. Victorica 1128, Nine Shopping",Coyote vs. Acme,2D Doblada,12:50,,,,https://www.cinemark.com.ar/peliculas/coyote-vs-acme
GBA Oeste,Cinemark Hoyts,Hoyts Moreno,"Av. Victorica 1128, Nine Shopping",Coyote vs. Acme,2D Doblada,15:20,,,,https://www.cinemark.com.ar/peliculas/coyote-vs-acme
GBA Oeste,Cinemark Hoyts,Hoyts Moreno,"Av. Victorica 1128, Nine Shopping",Coyote vs. Acme,2D Doblada,17:40,,,,https://www.cinemark.com.ar/peliculas/coyote-vs-acme
GBA Oeste,Cinemark Hoyts,Hoyts Moreno,"Av. Victorica 1128, Nine Shopping",El corazón de la bestia,2D Doblada,12:40,,,,https://www.cinemark.com.ar/peliculas/el-corazon-de-la-bestia
GBA Oeste,Cinemark Hoyts,Hoyts Moreno,"Av. Victorica 1128, Nine Shopping",El corazón de la bestia,2D Doblada,15:10,,,,https://www.cinemark.com.ar/peliculas/el-corazon-de-la-bestia
GBA Oeste,Cinemark Hoyts,Hoyts Moreno,"Av. Victorica 1128, Nine Shopping",El corazón de la bestia,2D Doblada,17:30,,,,https://www.cinemark.com.ar/peliculas/el-corazon-de-la-bestia
GBA Oeste,Cinemark Hoyts,Hoyts Moreno,"Av. Victorica 1128, Nine Shopping",El corazón de la bestia,2D Doblada,19:50,,,,https://www.cinemark.com.ar/peliculas/el-corazon-de-la-bestia
GBA Oeste,Cinemark Hoyts,Hoyts Moreno,"Av. Victorica 1128, Nine Shopping",El corazón de la bestia,2D Doblada,22:10,,,,https://www.cinemark.com.ar/peliculas/el-corazon-de-la-bestia
GBA Oeste,Cinemark Hoyts,Hoyts Moreno,"Av. Victorica 1128, Nine Shopping",Guardianes Del Museo 2,2D Doblada,13:10,,,,https://www.cinemark.com.ar/peliculas/guardianes-del-museo-2
GBA Oeste,Cinemark Hoyts,Hoyts Moreno,"Av. Victorica 1128, Nine Shopping",Guardianes Del Museo 2,2D Doblada,15:35,,,,https://www.cinemark.com.ar/peliculas/guardianes-del-museo-2
GBA Oeste,Cinemark Hoyts,Hoyts Moreno,"Av. Victorica 1128, Nine Shopping",HOPE: EL PRIMER IMPACTO,2D Doblada,18:30,,,,https://www.cinemark.com.ar/peliculas/hope-el-primer-impacto
GBA Oeste,Cinemark Hoyts,Hoyts Moreno,"Av. Victorica 1128, Nine Shopping",HOPE: EL PRIMER IMPACTO,2D Doblada,22:00,,,,https://www.cinemark.com.ar/peliculas/hope-el-primer-impacto
GBA Oeste,Cinemark Hoyts,Hoyts Moreno,"Av. Victorica 1128, Nine Shopping",LA CASA,2D Doblada,18:00,,,,https://www.cinemark.com.ar/peliculas/la-casa
GBA Oeste,Cinemark Hoyts,Hoyts Moreno,"Av. Victorica 1128, Nine Shopping",LA CASA,2D Doblada,22:30,,,,https://www.cinemark.com.ar/peliculas/la-casa
GBA Oeste,Cinemark Hoyts,Hoyts Moreno,"Av. Victorica 1128, Nine Shopping",MADRE SINIESTRA,DBOX 2D Doblada,14:50,,,,https://www.cinemark.com.ar/peliculas/madre-siniestra
GBA Oeste,Cinemark Hoyts,Hoyts Moreno,"Av. Victorica 1128, Nine Shopping",MADRE SINIESTRA,2D Doblada,14:50,,,,https://www.cinemark.com.ar/peliculas/madre-siniestra
GBA Oeste,Cinemark Hoyts,Hoyts Moreno,"Av. Victorica 1128, Nine Shopping",MADRE SINIESTRA,DBOX 2D Doblada,17:10,,,,https://www.cinemark.com.ar/peliculas/madre-siniestra
GBA Oeste,Cinemark Hoyts,Hoyts Moreno,"Av. Victorica 1128, Nine Shopping",MADRE SINIESTRA,2D Doblada,17:10,,,,https://www.cinemark.com.ar/peliculas/madre-siniestra
GBA Oeste,Cinemark Hoyts,Hoyts Moreno,"Av. Victorica 1128, Nine Shopping",MADRE SINIESTRA,DBOX 2D Doblada,19:20,,,,https://www.cinemark.com.ar/peliculas/madre-siniestra
GBA Oeste,Cinemark Hoyts,Hoyts Moreno,"Av. Victorica 1128, Nine Shopping",MADRE SINIESTRA,2D Doblada,19:20,,,,https://www.cinemark.com.ar/peliculas/madre-siniestra
GBA Oeste,Cinemark Hoyts,Hoyts Moreno,"Av. Victorica 1128, Nine Shopping",MADRE SINIESTRA,2D Doblada,20:10,,,,https://www.cinemark.com.ar/peliculas/madre-siniestra
GBA Oeste,Cinemark Hoyts,Hoyts Moreno,"Av. Victorica 1128, Nine Shopping",MADRE SINIESTRA,DBOX 2D Doblada,21:40,,,,https://www.cinemark.com.ar/peliculas/madre-siniestra
GBA Oeste,Cinemark Hoyts,Hoyts Moreno,"Av. Victorica 1128, Nine Shopping",MADRE SINIESTRA,2D Doblada,21:40,,,,https://www.cinemark.com.ar/peliculas/madre-siniestra
GBA Oeste,Cinemark Hoyts,Hoyts Moreno,"Av. Victorica 1128, Nine Shopping",MADRE SINIESTRA,2D Doblada,22:40,,,,https://www.cinemark.com.ar/peliculas/madre-siniestra
GBA Oeste,Cinemark Hoyts,Hoyts Moreno,"Av. Victorica 1128, Nine Shopping",Resident Evil: Noche Cero,2D Doblada,13:00,,,,https://www.cinemark.com.ar/peliculas/resident-evil-noche-cero
GBA Oeste,Cinemark Hoyts,Hoyts Moreno,"Av. Victorica 1128, Nine Shopping",Resident Evil: Noche Cero,2D Doblada,15:00,,,,https://www.cinemark.com.ar/peliculas/resident-evil-noche-cero
GBA Oeste,Cinemark Hoyts,Hoyts Moreno,"Av. Victorica 1128, Nine Shopping",Resident Evil: Noche Cero,2D Doblada,16:00,,,,https://www.cinemark.com.ar/peliculas/resident-evil-noche-cero
GBA Oeste,Cinemark Hoyts,Hoyts Moreno,"Av. Victorica 1128, Nine Shopping",Resident Evil: Noche Cero,2D Doblada,17:20,,,,https://www.cinemark.com.ar/peliculas/resident-evil-noche-cero
GBA Oeste,Cinemark Hoyts,Hoyts Moreno,"Av. Victorica 1128, Nine Shopping",Resident Evil: Noche Cero,2D Doblada,22:10,,,,https://www.cinemark.com.ar/peliculas/resident-evil-noche-cero
GBA Oeste,Cinemark Hoyts,Hoyts Moreno,"Av. Victorica 1128, Nine Shopping",Resident Evil: Noche Cero,2D Doblada,23:00,,,,https://www.cinemark.com.ar/peliculas/resident-evil-noche-cero
GBA Oeste,Cinemark Hoyts,Hoyts Moreno,"Av. Victorica 1128, Nine Shopping",Spider-Man: Un nuevo día,2D Doblada,13:50,,,,https://www.cinemark.com.ar/peliculas/spider-man-un-nuevo-dia
GBA Oeste,Cinemark Hoyts,Hoyts Moreno,"Av. Victorica 1128, Nine Shopping",Spider-Man: Un nuevo día,2D Doblada,19:20,,,,https://www.cinemark.com.ar/peliculas/spider-man-un-nuevo-dia
GBA Oeste,Cinemark Hoyts,Hoyts Moreno,"Av. Victorica 1128, Nine Shopping",Verity. La sombra de un engaño,2D Doblada,14:10,,,,https://www.cinemark.com.ar/peliculas/verity-la-sombra-de-un-engano
GBA Oeste,Cinemark Hoyts,Hoyts Moreno,"Av. Victorica 1128, Nine Shopping",Verity. La sombra de un engaño,2D Doblada,16:50,,,,https://www.cinemark.com.ar/peliculas/verity-la-sombra-de-un-engano
GBA Oeste,Cinemark Hoyts,Hoyts Moreno,"Av. Victorica 1128, Nine Shopping",Verity. La sombra de un engaño,2D Doblada,19:40,,,,https://www.cinemark.com.ar/peliculas/verity-la-sombra-de-un-engano
GBA Oeste,Cinemark Hoyts,Hoyts Moreno,"Av. Victorica 1128, Nine Shopping",Verity. La sombra de un engaño,2D Doblada,22:20,,,,https://www.cinemark.com.ar/peliculas/verity-la-sombra-de-un-engano
GBA Oeste,Cinemark Hoyts,Hoyts Moreno,"Av. Victorica 1128, Nine Shopping",Vértigo 2,2D Doblada,20:20,,,,https://www.cinemark.com.ar/peliculas/vertigo-2-punto-muerto
GBA Oeste,Cinemark Hoyts,Hoyts Morón,"J.M. de Rosas 658, Plaza Oeste Shopping",ALWAYS LALISA,2D Subtitulada,20:00,,,,https://www.cinemark.com.ar/peliculas/always-lalisa
GBA Oeste,Cinemark Hoyts,Hoyts Morón,"J.M. de Rosas 658, Plaza Oeste Shopping",Avengers: Endgame,3D Doblada,13:50,,,,https://www.cinemark.com.ar/peliculas/avengers-endgame-re-estreno
GBA Oeste,Cinemark Hoyts,Hoyts Morón,"J.M. de Rosas 658, Plaza Oeste Shopping",Avengers: Endgame,2D Doblada,17:40,,,,https://www.cinemark.com.ar/peliculas/avengers-endgame-re-estreno
GBA Oeste,Cinemark Hoyts,Hoyts Morón,"J.M. de Rosas 658, Plaza Oeste Shopping",Avengers: Endgame,2D Doblada,21:30,,,,https://www.cinemark.com.ar/peliculas/avengers-endgame-re-estreno
GBA Oeste,Cinemark Hoyts,Hoyts Morón,"J.M. de Rosas 658, Plaza Oeste Shopping",CARS 20° ANIVERSARIO,DBOX 2D Doblada,14:20,,,,https://www.cinemark.com.ar/peliculas/cars-20-aniversario
GBA Oeste,Cinemark Hoyts,Hoyts Morón,"J.M. de Rosas 658, Plaza Oeste Shopping",CARS 20° ANIVERSARIO,2D Doblada,14:20,,,,https://www.cinemark.com.ar/peliculas/cars-20-aniversario
GBA Oeste,Cinemark Hoyts,Hoyts Morón,"J.M. de Rosas 658, Plaza Oeste Shopping",CARS 20° ANIVERSARIO,DBOX 2D Doblada,17:00,,,,https://www.cinemark.com.ar/peliculas/cars-20-aniversario
GBA Oeste,Cinemark Hoyts,Hoyts Morón,"J.M. de Rosas 658, Plaza Oeste Shopping",CARS 20° ANIVERSARIO,2D Doblada,17:00,,,,https://www.cinemark.com.ar/peliculas/cars-20-aniversario
GBA Oeste,Cinemark Hoyts,Hoyts Morón,"J.M. de Rosas 658, Plaza Oeste Shopping",CARS 20° ANIVERSARIO,DBOX 2D Doblada,19:50,,,,https://www.cinemark.com.ar/peliculas/cars-20-aniversario
GBA Oeste,Cinemark Hoyts,Hoyts Morón,"J.M. de Rosas 658, Plaza Oeste Shopping",CARS 20° ANIVERSARIO,2D Doblada,19:50,,,,https://www.cinemark.com.ar/peliculas/cars-20-aniversario
GBA Oeste,Cinemark Hoyts,Hoyts Morón,"J.M. de Rosas 658, Plaza Oeste Shopping",Coyote vs. Acme,2D Doblada,13:10,,,,https://www.cinemark.com.ar/peliculas/coyote-vs-acme
GBA Oeste,Cinemark Hoyts,Hoyts Morón,"J.M. de Rosas 658, Plaza Oeste Shopping",Coyote vs. Acme,2D Doblada,15:40,,,,https://www.cinemark.com.ar/peliculas/coyote-vs-acme
GBA Oeste,Cinemark Hoyts,Hoyts Morón,"J.M. de Rosas 658, Plaza Oeste Shopping",Coyote vs. Acme,2D Doblada,18:10,,,,https://www.cinemark.com.ar/peliculas/coyote-vs-acme
GBA Oeste,Cinemark Hoyts,Hoyts Morón,"J.M. de Rosas 658, Plaza Oeste Shopping",Digger,2D Doblada,17:10,,,,https://www.cinemark.com.ar/peliculas/digger
GBA Oeste,Cinemark Hoyts,Hoyts Morón,"J.M. de Rosas 658, Plaza Oeste Shopping",El corazón de la bestia,2D Doblada,13:00,,,,https://www.cinemark.com.ar/peliculas/el-corazon-de-la-bestia
GBA Oeste,Cinemark Hoyts,Hoyts Morón,"J.M. de Rosas 658, Plaza Oeste Shopping",El corazón de la bestia,2D Doblada,15:30,,,,https://www.cinemark.com.ar/peliculas/el-corazon-de-la-bestia
GBA Oeste,Cinemark Hoyts,Hoyts Morón,"J.M. de Rosas 658, Plaza Oeste Shopping",El corazón de la bestia,2D Doblada,17:50,,,,https://www.cinemark.com.ar/peliculas/el-corazon-de-la-bestia
GBA Oeste,Cinemark Hoyts,Hoyts Morón,"J.M. de Rosas 658, Plaza Oeste Shopping",El corazón de la bestia,2D Doblada,20:10,,,,https://www.cinemark.com.ar/peliculas/el-corazon-de-la-bestia
GBA Oeste,Cinemark Hoyts,Hoyts Morón,"J.M. de Rosas 658, Plaza Oeste Shopping",El corazón de la bestia,2D Doblada,22:30,,,,https://www.cinemark.com.ar/peliculas/el-corazon-de-la-bestia
GBA Oeste,Cinemark Hoyts,Hoyts Morón,"J.M. de Rosas 658, Plaza Oeste Shopping",MADRE SINIESTRA,2D Doblada,12:50,,,,https://www.cinemark.com.ar/peliculas/madre-siniestra
GBA Oeste,Cinemark Hoyts,Hoyts Morón,"J.M. de Rosas 658, Plaza Oeste Shopping",MADRE SINIESTRA,2D Doblada,15:10,,,,https://www.cinemark.com.ar/peliculas/madre-siniestra
GBA Oeste,Cinemark Hoyts,Hoyts Morón,"J.M. de Rosas 658, Plaza Oeste Shopping",MADRE SINIESTRA,2D Doblada,17:20,,,,https://www.cinemark.com.ar/peliculas/madre-siniestra
GBA Oeste,Cinemark Hoyts,Hoyts Morón,"J.M. de Rosas 658, Plaza Oeste Shopping",MADRE SINIESTRA,2D Doblada,19:30,,,,https://www.cinemark.com.ar/peliculas/madre-siniestra
GBA Oeste,Cinemark Hoyts,Hoyts Morón,"J.M. de Rosas 658, Plaza Oeste Shopping",MADRE SINIESTRA,2D Doblada,20:20,,,,https://www.cinemark.com.ar/peliculas/madre-siniestra
GBA Oeste,Cinemark Hoyts,Hoyts Morón,"J.M. de Rosas 658, Plaza Oeste Shopping",MADRE SINIESTRA,2D Doblada,21:40,,,,https://www.cinemark.com.ar/peliculas/madre-siniestra
GBA Oeste,Cinemark Hoyts,Hoyts Morón,"J.M. de Rosas 658, Plaza Oeste Shopping",MADRE SINIESTRA,DBOX 2D Subtitulada,22:40,,,,https://www.cinemark.com.ar/peliculas/madre-siniestra
GBA Oeste,Cinemark Hoyts,Hoyts Morón,"J.M. de Rosas 658, Plaza Oeste Shopping",MADRE SINIESTRA,2D Subtitulada,22:40,,,,https://www.cinemark.com.ar/peliculas/madre-siniestra
GBA Oeste,Cinemark Hoyts,Hoyts Morón,"J.M. de Rosas 658, Plaza Oeste Shopping",Resident Evil: Noche Cero,2D Doblada,12:40,,,,https://www.cinemark.com.ar/peliculas/resident-evil-noche-cero
GBA Oeste,Cinemark Hoyts,Hoyts Morón,"J.M. de Rosas 658, Plaza Oeste Shopping",Resident Evil: Noche Cero,DBOX 2D Doblada,12:40,,,,https://www.cinemark.com.ar/peliculas/resident-evil-noche-cero
GBA Oeste,Cinemark Hoyts,Hoyts Morón,"J.M. de Rosas 658, Plaza Oeste Shopping",Resident Evil: Noche Cero,2D Doblada,15:00,,,,https://www.cinemark.com.ar/peliculas/resident-evil-noche-cero
GBA Oeste,Cinemark Hoyts,Hoyts Morón,"J.M. de Rosas 658, Plaza Oeste Shopping",Resident Evil: Noche Cero,DBOX 2D Doblada,15:00,,,,https://www.cinemark.com.ar/peliculas/resident-evil-noche-cero
GBA Oeste,Cinemark Hoyts,Hoyts Morón,"J.M. de Rosas 658, Plaza Oeste Shopping",Resident Evil: Noche Cero,2D Doblada,17:30,,,,https://www.cinemark.com.ar/peliculas/resident-evil-noche-cero
GBA Oeste,Cinemark Hoyts,Hoyts Morón,"J.M. de Rosas 658, Plaza Oeste Shopping",Resident Evil: Noche Cero,DBOX 2D Doblada,17:30,,,,https://www.cinemark.com.ar/peliculas/resident-evil-noche-cero
GBA Oeste,Cinemark Hoyts,Hoyts Morón,"J.M. de Rosas 658, Plaza Oeste Shopping",Resident Evil: Noche Cero,2D Doblada,20:40,,,,https://www.cinemark.com.ar/peliculas/resident-evil-noche-cero
GBA Oeste,Cinemark Hoyts,Hoyts Morón,"J.M. de Rosas 658, Plaza Oeste Shopping",Resident Evil: Noche Cero,2D Doblada,22:30,,,,https://www.cinemark.com.ar/peliculas/resident-evil-noche-cero
GBA Oeste,Cinemark Hoyts,Hoyts Morón,"J.M. de Rosas 658, Plaza Oeste Shopping",Resident Evil: Noche Cero,DBOX 2D Doblada,22:30,,,,https://www.cinemark.com.ar/peliculas/resident-evil-noche-cero
GBA Oeste,Cinemark Hoyts,Hoyts Morón,"J.M. de Rosas 658, Plaza Oeste Shopping",Resident Evil: Noche Cero,2D Doblada,23:00,,,,https://www.cinemark.com.ar/peliculas/resident-evil-noche-cero
GBA Oeste,Cinemark Hoyts,Hoyts Morón,"J.M. de Rosas 658, Plaza Oeste Shopping",Spider-Man: Un nuevo día,2D Doblada,14:00,,,,https://www.cinemark.com.ar/peliculas/spider-man-un-nuevo-dia
GBA Oeste,Cinemark Hoyts,Hoyts Morón,"J.M. de Rosas 658, Plaza Oeste Shopping",Verity. La sombra de un engaño,2D Doblada,14:10,,,,https://www.cinemark.com.ar/peliculas/verity-la-sombra-de-un-engano
GBA Oeste,Cinemark Hoyts,Hoyts Morón,"J.M. de Rosas 658, Plaza Oeste Shopping",Verity. La sombra de un engaño,2D Doblada,16:50,,,,https://www.cinemark.com.ar/peliculas/verity-la-sombra-de-un-engano
GBA Oeste,Cinemark Hoyts,Hoyts Morón,"J.M. de Rosas 658, Plaza Oeste Shopping",Verity. La sombra de un engaño,2D Doblada,19:40,,,,https://www.cinemark.com.ar/peliculas/verity-la-sombra-de-un-engano
GBA Oeste,Cinemark Hoyts,Hoyts Morón,"J.M. de Rosas 658, Plaza Oeste Shopping",Verity. La sombra de un engaño,2D Doblada,22:10,,,,https://www.cinemark.com.ar/peliculas/verity-la-sombra-de-un-engano
GBA Oeste,Cinemark Hoyts,Hoyts Morón,"J.M. de Rosas 658, Plaza Oeste Shopping",Vértigo 2,2D Doblada,22:20,,,,https://www.cinemark.com.ar/peliculas/vertigo-2-punto-muerto
GBA Oeste,Cinemark Hoyts,Cinemark San Justo,Av. Brigadier Juan M. de Rosas 3910,Avengers: Endgame,2D Doblada,14:20,,,,https://www.cinemark.com.ar/peliculas/avengers-endgame-re-estreno
GBA Oeste,Cinemark Hoyts,Cinemark San Justo,Av. Brigadier Juan M. de Rosas 3910,Avengers: Endgame,DBOX 2D Doblada,14:20,,,,https://www.cinemark.com.ar/peliculas/avengers-endgame-re-estreno
GBA Oeste,Cinemark Hoyts,Cinemark San Justo,Av. Brigadier Juan M. de Rosas 3910,Avengers: Endgame,2D Doblada,21:50,,,,https://www.cinemark.com.ar/peliculas/avengers-endgame-re-estreno
GBA Oeste,Cinemark Hoyts,Cinemark San Justo,Av. Brigadier Juan M. de Rosas 3910,Avengers: Endgame,DBOX 2D Doblada,21:50,,,,https://www.cinemark.com.ar/peliculas/avengers-endgame-re-estreno
GBA Oeste,Cinemark Hoyts,Cinemark San Justo,Av. Brigadier Juan M. de Rosas 3910,CARS 20° ANIVERSARIO,2D Doblada,14:40,,,,https://www.cinemark.com.ar/peliculas/cars-20-aniversario
GBA Oeste,Cinemark Hoyts,Cinemark San Justo,Av. Brigadier Juan M. de Rosas 3910,CARS 20° ANIVERSARIO,2D Doblada,17:20,,,,https://www.cinemark.com.ar/peliculas/cars-20-aniversario
GBA Oeste,Cinemark Hoyts,Cinemark San Justo,Av. Brigadier Juan M. de Rosas 3910,Coyote vs. Acme,2D Doblada,13:00,,,,https://www.cinemark.com.ar/peliculas/coyote-vs-acme
GBA Oeste,Cinemark Hoyts,Cinemark San Justo,Av. Brigadier Juan M. de Rosas 3910,El corazón de la bestia,2D Doblada,15:20,,,,https://www.cinemark.com.ar/peliculas/el-corazon-de-la-bestia
GBA Oeste,Cinemark Hoyts,Cinemark San Justo,Av. Brigadier Juan M. de Rosas 3910,El corazón de la bestia,2D Doblada,17:50,,,,https://www.cinemark.com.ar/peliculas/el-corazon-de-la-bestia
GBA Oeste,Cinemark Hoyts,Cinemark San Justo,Av. Brigadier Juan M. de Rosas 3910,El corazón de la bestia,2D Doblada,20:10,,,,https://www.cinemark.com.ar/peliculas/el-corazon-de-la-bestia
GBA Oeste,Cinemark Hoyts,Cinemark San Justo,Av. Brigadier Juan M. de Rosas 3910,El corazón de la bestia,2D Doblada,22:30,,,,https://www.cinemark.com.ar/peliculas/el-corazon-de-la-bestia
GBA Oeste,Cinemark Hoyts,Cinemark San Justo,Av. Brigadier Juan M. de Rosas 3910,MADRE SINIESTRA,2D Doblada,13:50,,,,https://www.cinemark.com.ar/peliculas/madre-siniestra
GBA Oeste,Cinemark Hoyts,Cinemark San Justo,Av. Brigadier Juan M. de Rosas 3910,MADRE SINIESTRA,2D Doblada,16:00,,,,https://www.cinemark.com.ar/peliculas/madre-siniestra
GBA Oeste,Cinemark Hoyts,Cinemark San Justo,Av. Brigadier Juan M. de Rosas 3910,MADRE SINIESTRA,2D Doblada,18:20,,,,https://www.cinemark.com.ar/peliculas/madre-siniestra
GBA Oeste,Cinemark Hoyts,Cinemark San Justo,Av. Brigadier Juan M. de Rosas 3910,MADRE SINIESTRA,2D Doblada,20:00,,,,https://www.cinemark.com.ar/peliculas/madre-siniestra
GBA Oeste,Cinemark Hoyts,Cinemark San Justo,Av. Brigadier Juan M. de Rosas 3910,MADRE SINIESTRA,2D Doblada,20:40,,,,https://www.cinemark.com.ar/peliculas/madre-siniestra
GBA Oeste,Cinemark Hoyts,Cinemark San Justo,Av. Brigadier Juan M. de Rosas 3910,MADRE SINIESTRA,2D Doblada,22:10,,,,https://www.cinemark.com.ar/peliculas/madre-siniestra
GBA Oeste,Cinemark Hoyts,Cinemark San Justo,Av. Brigadier Juan M. de Rosas 3910,MADRE SINIESTRA,2D Doblada,23:00,,,,https://www.cinemark.com.ar/peliculas/madre-siniestra
GBA Oeste,Cinemark Hoyts,Cinemark San Justo,Av. Brigadier Juan M. de Rosas 3910,Resident Evil: Noche Cero,DBOX XD 2D Doblada,13:20,,,,https://www.cinemark.com.ar/peliculas/resident-evil-noche-cero
GBA Oeste,Cinemark Hoyts,Cinemark San Justo,Av. Brigadier Juan M. de Rosas 3910,Resident Evil: Noche Cero,XD 2D Doblada,13:20,,,,https://www.cinemark.com.ar/peliculas/resident-evil-noche-cero
GBA Oeste,Cinemark Hoyts,Cinemark San Justo,Av. Brigadier Juan M. de Rosas 3910,Resident Evil: Noche Cero,DBOX XD 2D Doblada,15:30,,,,https://www.cinemark.com.ar/peliculas/resident-evil-noche-cero
GBA Oeste,Cinemark Hoyts,Cinemark San Justo,Av. Brigadier Juan M. de Rosas 3910,Resident Evil: Noche Cero,XD 2D Doblada,15:30,,,,https://www.cinemark.com.ar/peliculas/resident-evil-noche-cero
GBA Oeste,Cinemark Hoyts,Cinemark San Justo,Av. Brigadier Juan M. de Rosas 3910,Resident Evil: Noche Cero,DBOX XD 2D Doblada,17:40,,,,https://www.cinemark.com.ar/peliculas/resident-evil-noche-cero
GBA Oeste,Cinemark Hoyts,Cinemark San Justo,Av. Brigadier Juan M. de Rosas 3910,Resident Evil: Noche Cero,XD 2D Doblada,17:40,,,,https://www.cinemark.com.ar/peliculas/resident-evil-noche-cero
GBA Oeste,Cinemark Hoyts,Cinemark San Justo,Av. Brigadier Juan M. de Rosas 3910,Resident Evil: Noche Cero,DBOX XD 2D Doblada,19:50,,,,https://www.cinemark.com.ar/peliculas/resident-evil-noche-cero
GBA Oeste,Cinemark Hoyts,Cinemark San Justo,Av. Brigadier Juan M. de Rosas 3910,Resident Evil: Noche Cero,XD 2D Doblada,19:50,,,,https://www.cinemark.com.ar/peliculas/resident-evil-noche-cero
GBA Oeste,Cinemark Hoyts,Cinemark San Justo,Av. Brigadier Juan M. de Rosas 3910,Resident Evil: Noche Cero,DBOX XD 2D Doblada,22:00,,,,https://www.cinemark.com.ar/peliculas/resident-evil-noche-cero
GBA Oeste,Cinemark Hoyts,Cinemark San Justo,Av. Brigadier Juan M. de Rosas 3910,Resident Evil: Noche Cero,XD 2D Doblada,22:00,,,,https://www.cinemark.com.ar/peliculas/resident-evil-noche-cero
GBA Oeste,Cinemark Hoyts,Cinemark San Justo,Av. Brigadier Juan M. de Rosas 3910,Spider-Man: Un nuevo día,2D Doblada,14:00,,,,https://www.cinemark.com.ar/peliculas/spider-man-un-nuevo-dia
GBA Oeste,Cinemark Hoyts,Cinemark San Justo,Av. Brigadier Juan M. de Rosas 3910,Verity. La sombra de un engaño,2D Doblada,17:10,,,,https://www.cinemark.com.ar/peliculas/verity-la-sombra-de-un-engano
GBA Oeste,Cinemark Hoyts,Cinemark San Justo,Av. Brigadier Juan M. de Rosas 3910,Verity. La sombra de un engaño,2D Doblada,19:40,,,,https://www.cinemark.com.ar/peliculas/verity-la-sombra-de-un-engano
GBA Oeste,Cinemark Hoyts,Cinemark San Justo,Av. Brigadier Juan M. de Rosas 3910,Verity. La sombra de un engaño,2D Doblada,22:10,,,,https://www.cinemark.com.ar/peliculas/verity-la-sombra-de-un-engano
CABA,Multiplex,Multiplex Belgrano,"Vuelta de Obligado 2199, Belgrano",A cualquier precio,2D Subtitulada,17:40,,,,https://multiplex.com.ar/peliculas/a-cualquier-precio/
CABA,Multiplex,Multiplex Belgrano,"Vuelta de Obligado 2199, Belgrano",A cualquier precio,2D Subtitulada,22:25,,,,https://multiplex.com.ar/peliculas/a-cualquier-precio/
CABA,Multiplex,Multiplex Belgrano,"Vuelta de Obligado 2199, Belgrano",Avengers: Endgame,2D Subtitulada,14:10,,,,https://multiplex.com.ar/peliculas/avengers-endgame-re-estreno/
CABA,Multiplex,Multiplex Belgrano,"Vuelta de Obligado 2199, Belgrano",Avengers: Endgame,2D XTREMO Subtitulada,19:20,,,,https://multiplex.com.ar/peliculas/avengers-endgame-re-estreno/
CABA,Multiplex,Multiplex Belgrano,"Vuelta de Obligado 2199, Belgrano",Avengers: Endgame,2D Subtitulada,22:00,,,,https://multiplex.com.ar/peliculas/avengers-endgame-re-estreno/
CABA,Multiplex,Multiplex Belgrano,"Vuelta de Obligado 2199, Belgrano",Cars (re Estreno),4D + 2D Doblada,13:00,,,,https://multiplex.com.ar/peliculas/cars-re-estreno/
CABA,Multiplex,Multiplex Belgrano,"Vuelta de Obligado 2199, Belgrano",Cars (re Estreno),4D + 2D Doblada,15:25,,,,https://multiplex.com.ar/peliculas/cars-re-estreno/
CABA,Multiplex,Multiplex Belgrano,"Vuelta de Obligado 2199, Belgrano",Cars (re Estreno),4D + 2D Doblada,17:50,,,,https://multiplex.com.ar/peliculas/cars-re-estreno/
CABA,Multiplex,Multiplex Belgrano,"Vuelta de Obligado 2199, Belgrano",Coyote vs. Acme,2D Doblada,13:15,,,,https://multiplex.com.ar/peliculas/coyote-vs-acme/
CABA,Multiplex,Multiplex Belgrano,"Vuelta de Obligado 2199, Belgrano",Coyote vs. Acme,2D Doblada,15:20,,,,https://multiplex.com.ar/peliculas/coyote-vs-acme/
CABA,Multiplex,Multiplex Belgrano,"Vuelta de Obligado 2199, Belgrano",Coyote vs. Acme,2D Subtitulada,17:25,,,,https://multiplex.com.ar/peliculas/coyote-vs-acme/
CABA,Multiplex,Multiplex Belgrano,"Vuelta de Obligado 2199, Belgrano",Digger,2D + COMFORT PLUS Subtitulada,13:00,,,,https://multiplex.com.ar/peliculas/digger/
CABA,Multiplex,Multiplex Belgrano,"Vuelta de Obligado 2199, Belgrano",Digger,2D + COMFORT PLUS Subtitulada,15:25,,,,https://multiplex.com.ar/peliculas/digger/
CABA,Multiplex,Multiplex Belgrano,"Vuelta de Obligado 2199, Belgrano",Digger,2D + COMFORT PLUS Subtitulada,17:50,,,,https://multiplex.com.ar/peliculas/digger/
CABA,Multiplex,Multiplex Belgrano,"Vuelta de Obligado 2199, Belgrano",Digger,2D + COMFORT PLUS Subtitulada,20:15,,,,https://multiplex.com.ar/peliculas/digger/
CABA,Multiplex,Multiplex Belgrano,"Vuelta de Obligado 2199, Belgrano",El corazón de la bestia,COMFORT PLUS 2D Subtitulada,16:00,,,,https://multiplex.com.ar/peliculas/el-corazon-de-la-bestia/
CABA,Multiplex,Multiplex Belgrano,"Vuelta de Obligado 2199, Belgrano",El corazón de la bestia,COMFORT PLUS 2D Subtitulada,18:00,,,,https://multiplex.com.ar/peliculas/el-corazon-de-la-bestia/
CABA,Multiplex,Multiplex Belgrano,"Vuelta de Obligado 2199, Belgrano",El corazón de la bestia,COMFORT PLUS 2D Subtitulada,20:00,,,,https://multiplex.com.ar/peliculas/el-corazon-de-la-bestia/
CABA,Multiplex,Multiplex Belgrano,"Vuelta de Obligado 2199, Belgrano",El corazón de la bestia,COMFORT PLUS 2D Subtitulada,22:30,,,,https://multiplex.com.ar/peliculas/el-corazon-de-la-bestia/
CABA,Multiplex,Multiplex Belgrano,"Vuelta de Obligado 2199, Belgrano",Guardianes Del Museo 2,2D Doblada,15:05,,,,https://multiplex.com.ar/peliculas/guardianes-del-museo-2/
CABA,Multiplex,Multiplex Belgrano,"Vuelta de Obligado 2199, Belgrano",Hope,2D Subtitulada,19:30,,,,https://multiplex.com.ar/peliculas/hopeel-primer-impacto/
CABA,Multiplex,Multiplex Belgrano,"Vuelta de Obligado 2199, Belgrano",Hope,2D + COMFORT PLUS Subtitulada,22:40,,,,https://multiplex.com.ar/peliculas/hopeel-primer-impacto/
CABA,Multiplex,Multiplex Belgrano,"Vuelta de Obligado 2199, Belgrano",La casa,COMFORT PLUS 2D Doblada,13:00,,,,https://multiplex.com.ar/peliculas/la-casa/
CABA,Multiplex,Multiplex Belgrano,"Vuelta de Obligado 2199, Belgrano",La casa,COMFORT PLUS 2D Doblada,15:10,,,,https://multiplex.com.ar/peliculas/la-casa/
CABA,Multiplex,Multiplex Belgrano,"Vuelta de Obligado 2199, Belgrano",La casa,COMFORT PLUS 2D Doblada,17:15,,,,https://multiplex.com.ar/peliculas/la-casa/
CABA,Multiplex,Multiplex Belgrano,"Vuelta de Obligado 2199, Belgrano",La casa,2D Doblada,19:50,,,,https://multiplex.com.ar/peliculas/la-casa/
CABA,Multiplex,Multiplex Belgrano,"Vuelta de Obligado 2199, Belgrano",La casa,COMFORT PLUS 2D Doblada,22:40,,,,https://multiplex.com.ar/peliculas/la-casa/
CABA,Multiplex,Multiplex Belgrano,"Vuelta de Obligado 2199, Belgrano",La isla olvidada,2D Doblada,13:00,,,,https://multiplex.com.ar/peliculas/la-isla-olvidada/
CABA,Multiplex,Multiplex Belgrano,"Vuelta de Obligado 2199, Belgrano",La Odisea,COMFORT PLUS 2D Subtitulada,22:00,,,,https://multiplex.com.ar/peliculas/la-odisea/
CABA,Multiplex,Multiplex Belgrano,"Vuelta de Obligado 2199, Belgrano",La vida es así,COMFORT PLUS 2D Subtitulada,13:10,,,,https://multiplex.com.ar/peliculas/la-vida-es-asi/
CABA,Multiplex,Multiplex Belgrano,"Vuelta de Obligado 2199, Belgrano",La vida es así,COMFORT PLUS 2D Subtitulada,15:30,,,,https://multiplex.com.ar/peliculas/la-vida-es-asi/
CABA,Multiplex,Multiplex Belgrano,"Vuelta de Obligado 2199, Belgrano",La vida es así,COMFORT PLUS 2D Subtitulada,17:50,,,,https://multiplex.com.ar/peliculas/la-vida-es-asi/
CABA,Multiplex,Multiplex Belgrano,"Vuelta de Obligado 2199, Belgrano",La vida es así,COMFORT PLUS 2D Subtitulada,20:10,,,,https://multiplex.com.ar/peliculas/la-vida-es-asi/
CABA,Multiplex,Multiplex Belgrano,"Vuelta de Obligado 2199, Belgrano",Los Colores Del Tiempo,COMFORT PLUS 2D Subtitulada,13:00,,,,https://multiplex.com.ar/peliculas/los-colores-del-tiempo/
CABA,Multiplex,Multiplex Belgrano,"Vuelta de Obligado 2199, Belgrano",Los Colores Del Tiempo,COMFORT PLUS 2D Subtitulada,15:20,,,,https://multiplex.com.ar/peliculas/los-colores-del-tiempo/
CABA,Multiplex,Multiplex Belgrano,"Vuelta de Obligado 2199, Belgrano",Los Colores Del Tiempo,COMFORT PLUS 2D Subtitulada,17:40,,,,https://multiplex.com.ar/peliculas/los-colores-del-tiempo/
CABA,Multiplex,Multiplex Belgrano,"Vuelta de Obligado 2199, Belgrano",Los Colores Del Tiempo,COMFORT PLUS 2D Subtitulada,20:05,,,,https://multiplex.com.ar/peliculas/los-colores-del-tiempo/
CABA,Multiplex,Multiplex Belgrano,"Vuelta de Obligado 2199, Belgrano",Madre siniestra,2D Subtitulada,20:30,,,,https://multiplex.com.ar/peliculas/madre-siniestra/
CABA,Multiplex,Multiplex Belgrano,"Vuelta de Obligado 2199, Belgrano",Madre siniestra,2D Subtitulada,22:20,,,,https://multiplex.com.ar/peliculas/madre-siniestra/
CABA,Multiplex,Multiplex Belgrano,"Vuelta de Obligado 2199, Belgrano",Resident Evil: Noche Cero,2D Subtitulada,16:50,,,,https://multiplex.com.ar/peliculas/resident-evil-noche-cero/
CABA,Multiplex,Multiplex Belgrano,"Vuelta de Obligado 2199, Belgrano",Resident Evil: Noche Cero,2D Subtitulada,18:40,,,,https://multiplex.com.ar/peliculas/resident-evil-noche-cero/
CABA,Multiplex,Multiplex Belgrano,"Vuelta de Obligado 2199, Belgrano",Resident Evil: Noche Cero,4D + 2D Subtitulada,20:15,,,,https://multiplex.com.ar/peliculas/resident-evil-noche-cero/
CABA,Multiplex,Multiplex Belgrano,"Vuelta de Obligado 2199, Belgrano",Resident Evil: Noche Cero,4D + 2D Subtitulada,22:15,,,,https://multiplex.com.ar/peliculas/resident-evil-noche-cero/
CABA,Multiplex,Multiplex Belgrano,"Vuelta de Obligado 2199, Belgrano",Tres adioses,COMFORT PLUS 2D Subtitulada,13:45,,,,https://multiplex.com.ar/peliculas/tres-adioses/
CABA,Multiplex,Multiplex Belgrano,"Vuelta de Obligado 2199, Belgrano",Verity. La sombra de un engaño,COMFORT PLUS 2D Subtitulada,13:15,,,,https://multiplex.com.ar/peliculas/verityla-sombra-de-un-engano/
CABA,Multiplex,Multiplex Belgrano,"Vuelta de Obligado 2199, Belgrano",Verity. La sombra de un engaño,COMFORT PLUS 2D Subtitulada,15:30,,,,https://multiplex.com.ar/peliculas/verityla-sombra-de-un-engano/
CABA,Multiplex,Multiplex Belgrano,"Vuelta de Obligado 2199, Belgrano",Verity. La sombra de un engaño,COMFORT PLUS 2D Subtitulada,17:45,,,,https://multiplex.com.ar/peliculas/verityla-sombra-de-un-engano/
CABA,Multiplex,Multiplex Belgrano,"Vuelta de Obligado 2199, Belgrano",Verity. La sombra de un engaño,COMFORT PLUS 2D Subtitulada,20:00,,,,https://multiplex.com.ar/peliculas/verityla-sombra-de-un-engano/
CABA,Multiplex,Multiplex Belgrano,"Vuelta de Obligado 2199, Belgrano",Verity. La sombra de un engaño,COMFORT PLUS 2D Subtitulada,22:15,,,,https://multiplex.com.ar/peliculas/verityla-sombra-de-un-engano/
CABA,Multiplex,Multiplex Belgrano,"Vuelta de Obligado 2199, Belgrano",Vértigo 2,COMFORT PLUS 2D Subtitulada,22:30,,,,https://multiplex.com.ar/peliculas/vertigo-2/
CABA,Multiplex,Multiplex Lavalle,"Lavalle 780, CABA",A cualquier precio,2D Doblada,14:00,,,,https://multiplex.com.ar/peliculas/a-cualquier-precio/
CABA,Multiplex,Multiplex Lavalle,"Lavalle 780, CABA",A cualquier precio,2D Doblada,20:20,,,,https://multiplex.com.ar/peliculas/a-cualquier-precio/
CABA,Multiplex,Multiplex Lavalle,"Lavalle 780, CABA",Avengers: Endgame,2D XTREMO Doblada,14:00,,,,https://multiplex.com.ar/peliculas/avengers-endgame-re-estreno/
CABA,Multiplex,Multiplex Lavalle,"Lavalle 780, CABA",Avengers: Endgame,4D (3D) Doblada,15:40,,,,https://multiplex.com.ar/peliculas/avengers-endgame-re-estreno/
CABA,Multiplex,Multiplex Lavalle,"Lavalle 780, CABA",Avengers: Endgame,2D Doblada,22:00,,,,https://multiplex.com.ar/peliculas/avengers-endgame-re-estreno/
CABA,Multiplex,Multiplex Lavalle,"Lavalle 780, CABA",Cars (re Estreno),2D Doblada,13:25,,,,https://multiplex.com.ar/peliculas/cars-re-estreno/
CABA,Multiplex,Multiplex Lavalle,"Lavalle 780, CABA",Cars (re Estreno),2D Doblada,15:45,,,,https://multiplex.com.ar/peliculas/cars-re-estreno/
CABA,Multiplex,Multiplex Lavalle,"Lavalle 780, CABA",Cars (re Estreno),2D Doblada,18:00,,,,https://multiplex.com.ar/peliculas/cars-re-estreno/
CABA,Multiplex,Multiplex Lavalle,"Lavalle 780, CABA",Digger,2D Doblada,20:20,,,,https://multiplex.com.ar/peliculas/digger/
CABA,Multiplex,Multiplex Lavalle,"Lavalle 780, CABA",El corazón de la bestia,2D Doblada,15:10,,,,https://multiplex.com.ar/peliculas/el-corazon-de-la-bestia/
CABA,Multiplex,Multiplex Lavalle,"Lavalle 780, CABA",El corazón de la bestia,2D Doblada,17:10,,,,https://multiplex.com.ar/peliculas/el-corazon-de-la-bestia/
CABA,Multiplex,Multiplex Lavalle,"Lavalle 780, CABA",El corazón de la bestia,2D Doblada,19:05,,,,https://multiplex.com.ar/peliculas/el-corazon-de-la-bestia/
CABA,Multiplex,Multiplex Lavalle,"Lavalle 780, CABA",El corazón de la bestia,2D Doblada,21:00,,,,https://multiplex.com.ar/peliculas/el-corazon-de-la-bestia/
CABA,Multiplex,Multiplex Lavalle,"Lavalle 780, CABA",Guardianes Del Museo 2,2D Doblada,13:25,,,,https://multiplex.com.ar/peliculas/guardianes-del-museo-2/
CABA,Multiplex,Multiplex Lavalle,"Lavalle 780, CABA",Hope,2D Doblada,16:00,,,,https://multiplex.com.ar/peliculas/hopeel-primer-impacto/
CABA,Multiplex,Multiplex Lavalle,"Lavalle 780, CABA",Hope,2D Doblada,22:30,,,,https://multiplex.com.ar/peliculas/hopeel-primer-impacto/
CABA,Multiplex,Multiplex Lavalle,"Lavalle 780, CABA",La casa,2D Doblada,18:55,,,,https://multiplex.com.ar/peliculas/la-casa/
CABA,Multiplex,Multiplex Lavalle,"Lavalle 780, CABA",La casa,2D Doblada,21:00,,,,https://multiplex.com.ar/peliculas/la-casa/
CABA,Multiplex,Multiplex Lavalle,"Lavalle 780, CABA",La casa,2D Doblada,23:05,,,,https://multiplex.com.ar/peliculas/la-casa/
CABA,Multiplex,Multiplex Lavalle,"Lavalle 780, CABA",Madre siniestra,2D Doblada,15:40,,,,https://multiplex.com.ar/peliculas/madre-siniestra/
CABA,Multiplex,Multiplex Lavalle,"Lavalle 780, CABA",Madre siniestra,4D (2D) Doblada,19:00,,,,https://multiplex.com.ar/peliculas/madre-siniestra/
CABA,Multiplex,Multiplex Lavalle,"Lavalle 780, CABA",Madre siniestra,2D Doblada,22:00,,,,https://multiplex.com.ar/peliculas/madre-siniestra/
CABA,Multiplex,Multiplex Lavalle,"Lavalle 780, CABA",Madre siniestra,4D (2D) Doblada,22:40,,,,https://multiplex.com.ar/peliculas/madre-siniestra/
CABA,Multiplex,Multiplex Lavalle,"Lavalle 780, CABA",Queen Budapest,2D Subtitulada,20:00,,,,https://multiplex.com.ar/peliculas/queen-budapest/
CABA,Multiplex,Multiplex Lavalle,"Lavalle 780, CABA",Resident Evil: Noche Cero,2D Doblada,13:40,,,,https://multiplex.com.ar/peliculas/resident-evil-noche-cero/
CABA,Multiplex,Multiplex Lavalle,"Lavalle 780, CABA",Resident Evil: Noche Cero,2D Doblada,18:20,,,,https://multiplex.com.ar/peliculas/resident-evil-noche-cero/
CABA,Multiplex,Multiplex Lavalle,"Lavalle 780, CABA",Resident Evil: Noche Cero,2D Doblada,20:10,,,,https://multiplex.com.ar/peliculas/resident-evil-noche-cero/
CABA,Multiplex,Multiplex Lavalle,"Lavalle 780, CABA",Resident Evil: Noche Cero,4D (2D) Doblada,20:50,,,,https://multiplex.com.ar/peliculas/resident-evil-noche-cero/
CABA,Multiplex,Multiplex Lavalle,"Lavalle 780, CABA",Resident Evil: Noche Cero,2D Doblada,22:45,,,,https://multiplex.com.ar/peliculas/resident-evil-noche-cero/
CABA,Multiplex,Multiplex Lavalle,"Lavalle 780, CABA",Spider-Man: Un nuevo día,4D (3D) Doblada,13:00,,,,https://multiplex.com.ar/peliculas/spider-man-un-dia-nuevo/
CABA,Multiplex,Multiplex Lavalle,"Lavalle 780, CABA",Spider-Man: Un nuevo día,2D Doblada,17:20,,,,https://multiplex.com.ar/peliculas/spider-man-un-dia-nuevo/
CABA,Multiplex,Multiplex Lavalle,"Lavalle 780, CABA",Spider-Man: Un nuevo día,2D Doblada,17:30,,,,https://multiplex.com.ar/peliculas/spider-man-un-dia-nuevo/
CABA,Multiplex,Multiplex Lavalle,"Lavalle 780, CABA",Verity. La sombra de un engaño,2D Doblada,13:40,,,,https://multiplex.com.ar/peliculas/verityla-sombra-de-un-engano/
CABA,Multiplex,Multiplex Lavalle,"Lavalle 780, CABA",Verity. La sombra de un engaño,2D Doblada,16:00,,,,https://multiplex.com.ar/peliculas/verityla-sombra-de-un-engano/
CABA,Multiplex,Multiplex Lavalle,"Lavalle 780, CABA",Verity. La sombra de un engaño,2D Doblada,22:55,,,,https://multiplex.com.ar/peliculas/verityla-sombra-de-un-engano/
GBA Norte,Showcase,IMAX Showcase Norte,"Av. Ricardo Balbín 2550, Shopping Norcenter",La Odisea,IMAX Subtitulada,13:00,,,,https://cartelera.ar/pelicula/la-odisea
GBA Norte,Showcase,IMAX Showcase Norte,"Av. Ricardo Balbín 2550, Shopping Norcenter",La Odisea,IMAX Subtitulada,16:35,,,,https://cartelera.ar/pelicula/la-odisea
GBA Norte,Showcase,IMAX Showcase Norte,"Av. Ricardo Balbín 2550, Shopping Norcenter",Digger,IMAX Subtitulada,22:30,,,,https://cartelera.ar/pelicula/digger
GBA Norte,Showcase,IMAX Showcase Norte,"Av. Ricardo Balbín 2550, Shopping Norcenter",Always Lalisa,IMAX Subtitulada,20:10,,,,https://cartelera.ar/pelicula/always-lalisa
GBA Norte,Cinemark Hoyts,Cinemark Soleil,"Av. Brig. Juan M. de Rosas 658, Soleil Premium",Avengers: Endgame,2D Doblada,13:40,,,,https://www.cinemark.com.ar/peliculas/avengers-endgame-re-estreno
GBA Norte,Cinemark Hoyts,Cinemark Soleil,"Av. Brig. Juan M. de Rosas 658, Soleil Premium",Avengers: Endgame,2D Doblada,17:40,,,,https://www.cinemark.com.ar/peliculas/avengers-endgame-re-estreno
GBA Norte,Cinemark Hoyts,Cinemark Soleil,"Av. Brig. Juan M. de Rosas 658, Soleil Premium",Avengers: Endgame,2D Doblada,21:30,,,,https://www.cinemark.com.ar/peliculas/avengers-endgame-re-estreno
GBA Norte,Cinemark Hoyts,Cinemark Soleil,"Av. Brig. Juan M. de Rosas 658, Soleil Premium",CARS 20° ANIVERSARIO,2D Doblada,14:00,,,,https://www.cinemark.com.ar/peliculas/cars-20-aniversario
GBA Norte,Cinemark Hoyts,Cinemark Soleil,"Av. Brig. Juan M. de Rosas 658, Soleil Premium",CARS 20° ANIVERSARIO,2D Doblada,16:45,,,,https://www.cinemark.com.ar/peliculas/cars-20-aniversario
GBA Norte,Cinemark Hoyts,Cinemark Soleil,"Av. Brig. Juan M. de Rosas 658, Soleil Premium",CARS 20° ANIVERSARIO,2D Doblada,19:50,,,,https://www.cinemark.com.ar/peliculas/cars-20-aniversario
GBA Norte,Cinemark Hoyts,Cinemark Soleil,"Av. Brig. Juan M. de Rosas 658, Soleil Premium",El corazón de la bestia,2D Doblada,13:10,,,,https://www.cinemark.com.ar/peliculas/el-corazon-de-la-bestia
GBA Norte,Cinemark Hoyts,Cinemark Soleil,"Av. Brig. Juan M. de Rosas 658, Soleil Premium",El corazón de la bestia,2D Doblada,15:40,,,,https://www.cinemark.com.ar/peliculas/el-corazon-de-la-bestia
GBA Norte,Cinemark Hoyts,Cinemark Soleil,"Av. Brig. Juan M. de Rosas 658, Soleil Premium",El corazón de la bestia,2D Doblada,18:00,,,,https://www.cinemark.com.ar/peliculas/el-corazon-de-la-bestia
GBA Norte,Cinemark Hoyts,Cinemark Soleil,"Av. Brig. Juan M. de Rosas 658, Soleil Premium",El corazón de la bestia,2D Doblada,20:20,,,,https://www.cinemark.com.ar/peliculas/el-corazon-de-la-bestia
GBA Norte,Cinemark Hoyts,Cinemark Soleil,"Av. Brig. Juan M. de Rosas 658, Soleil Premium",MADRE SINIESTRA,2D Doblada,14:40,,,,https://www.cinemark.com.ar/peliculas/madre-siniestra
GBA Norte,Cinemark Hoyts,Cinemark Soleil,"Av. Brig. Juan M. de Rosas 658, Soleil Premium",MADRE SINIESTRA,2D Doblada,16:55,,,,https://www.cinemark.com.ar/peliculas/madre-siniestra
GBA Norte,Cinemark Hoyts,Cinemark Soleil,"Av. Brig. Juan M. de Rosas 658, Soleil Premium",MADRE SINIESTRA,2D Doblada,19:30,,,,https://www.cinemark.com.ar/peliculas/madre-siniestra
GBA Norte,Cinemark Hoyts,Cinemark Soleil,"Av. Brig. Juan M. de Rosas 658, Soleil Premium",MADRE SINIESTRA,2D Doblada,21:50,,,,https://www.cinemark.com.ar/peliculas/madre-siniestra
GBA Norte,Cinemark Hoyts,Cinemark Soleil,"Av. Brig. Juan M. de Rosas 658, Soleil Premium",MADRE SINIESTRA,2D Doblada,22:50,,,,https://www.cinemark.com.ar/peliculas/madre-siniestra
GBA Norte,Cinemark Hoyts,Cinemark Soleil,"Av. Brig. Juan M. de Rosas 658, Soleil Premium",Resident Evil: Noche Cero,2D Doblada,13:30,,,,https://www.cinemark.com.ar/peliculas/resident-evil-noche-cero
GBA Norte,Cinemark Hoyts,Cinemark Soleil,"Av. Brig. Juan M. de Rosas 658, Soleil Premium",Resident Evil: Noche Cero,2D Doblada,15:50,,,,https://www.cinemark.com.ar/peliculas/resident-evil-noche-cero
GBA Norte,Cinemark Hoyts,Cinemark Soleil,"Av. Brig. Juan M. de Rosas 658, Soleil Premium",Resident Evil: Noche Cero,2D Doblada,18:20,,,,https://www.cinemark.com.ar/peliculas/resident-evil-noche-cero
GBA Norte,Cinemark Hoyts,Cinemark Soleil,"Av. Brig. Juan M. de Rosas 658, Soleil Premium",Resident Evil: Noche Cero,2D Doblada,20:40,,,,https://www.cinemark.com.ar/peliculas/resident-evil-noche-cero
GBA Norte,Cinemark Hoyts,Cinemark Soleil,"Av. Brig. Juan M. de Rosas 658, Soleil Premium",Resident Evil: Noche Cero,2D Doblada,23:00,,,,https://www.cinemark.com.ar/peliculas/resident-evil-noche-cero
GBA Norte,Cinemark Hoyts,Cinemark Soleil,"Av. Brig. Juan M. de Rosas 658, Soleil Premium",Spider-Man: Un nuevo día,2D Doblada,22:30,,,,https://www.cinemark.com.ar/peliculas/spider-man-un-nuevo-dia
GBA Norte,Cinemark Hoyts,Cinemark Soleil,"Av. Brig. Juan M. de Rosas 658, Soleil Premium",Verity. La sombra de un engaño,2D Doblada,14:40,,,,https://www.cinemark.com.ar/peliculas/verity-la-sombra-de-un-engano
GBA Norte,Cinemark Hoyts,Cinemark Soleil,"Av. Brig. Juan M. de Rosas 658, Soleil Premium",Verity. La sombra de un engaño,2D Doblada,17:20,,,,https://www.cinemark.com.ar/peliculas/verity-la-sombra-de-un-engano
GBA Norte,Cinemark Hoyts,Cinemark Soleil,"Av. Brig. Juan M. de Rosas 658, Soleil Premium",Verity. La sombra de un engaño,2D Doblada,20:10,,,,https://www.cinemark.com.ar/peliculas/verity-la-sombra-de-un-engano
GBA Norte,Cinemark Hoyts,Cinemark Soleil,"Av. Brig. Juan M. de Rosas 658, Soleil Premium",Verity. La sombra de un engaño,2D Doblada,23:10,,,,https://www.cinemark.com.ar/peliculas/verity-la-sombra-de-un-engano
GBA Norte,Cinemark Hoyts,Cinemark Tortugas,"Ramal Pilar km 36,5, Tortuguitas TOM",A CUALQUIER PRECIO,2D Doblada,14:10,,,,https://www.cinemark.com.ar/peliculas/a-cualquier-precio
GBA Norte,Cinemark Hoyts,Cinemark Tortugas,"Ramal Pilar km 36,5, Tortuguitas TOM",A CUALQUIER PRECIO,2D Doblada,23:00,,,,https://www.cinemark.com.ar/peliculas/a-cualquier-precio
GBA Norte,Cinemark Hoyts,Cinemark Tortugas,"Ramal Pilar km 36,5, Tortuguitas TOM",ALWAYS LALISA,2D Subtitulada,20:00,,,,https://www.cinemark.com.ar/peliculas/always-lalisa
GBA Norte,Cinemark Hoyts,Cinemark Tortugas,"Ramal Pilar km 36,5, Tortuguitas TOM",Avengers: Endgame,2D Doblada,13:30,,,,https://www.cinemark.com.ar/peliculas/avengers-endgame-re-estreno
GBA Norte,Cinemark Hoyts,Cinemark Tortugas,"Ramal Pilar km 36,5, Tortuguitas TOM",Avengers: Endgame,2D Doblada,17:30,,,,https://www.cinemark.com.ar/peliculas/avengers-endgame-re-estreno
GBA Norte,Cinemark Hoyts,Cinemark Tortugas,"Ramal Pilar km 36,5, Tortuguitas TOM",Avengers: Endgame,2D Doblada,21:20,,,,https://www.cinemark.com.ar/peliculas/avengers-endgame-re-estreno
GBA Norte,Cinemark Hoyts,Cinemark Tortugas,"Ramal Pilar km 36,5, Tortuguitas TOM",CARS 20° ANIVERSARIO,2D Doblada,14:20,,,,https://www.cinemark.com.ar/peliculas/cars-20-aniversario
GBA Norte,Cinemark Hoyts,Cinemark Tortugas,"Ramal Pilar km 36,5, Tortuguitas TOM",CARS 20° ANIVERSARIO,2D Doblada,17:10,,,,https://www.cinemark.com.ar/peliculas/cars-20-aniversario
GBA Norte,Cinemark Hoyts,Cinemark Tortugas,"Ramal Pilar km 36,5, Tortuguitas TOM",CARS 20° ANIVERSARIO,2D Doblada,20:00,,,,https://www.cinemark.com.ar/peliculas/cars-20-aniversario
GBA Norte,Cinemark Hoyts,Cinemark Tortugas,"Ramal Pilar km 36,5, Tortuguitas TOM",Coyote vs. Acme,2D Doblada,14:00,,,,https://www.cinemark.com.ar/peliculas/coyote-vs-acme
GBA Norte,Cinemark Hoyts,Cinemark Tortugas,"Ramal Pilar km 36,5, Tortuguitas TOM",Coyote vs. Acme,2D Doblada,16:50,,,,https://www.cinemark.com.ar/peliculas/coyote-vs-acme
GBA Norte,Cinemark Hoyts,Cinemark Tortugas,"Ramal Pilar km 36,5, Tortuguitas TOM",Coyote vs. Acme,2D Doblada,19:20,,,,https://www.cinemark.com.ar/peliculas/coyote-vs-acme
GBA Norte,Cinemark Hoyts,Cinemark Tortugas,"Ramal Pilar km 36,5, Tortuguitas TOM",El corazón de la bestia,2D Doblada,13:50,,,,https://www.cinemark.com.ar/peliculas/el-corazon-de-la-bestia
GBA Norte,Cinemark Hoyts,Cinemark Tortugas,"Ramal Pilar km 36,5, Tortuguitas TOM",El corazón de la bestia,2D Doblada,16:20,,,,https://www.cinemark.com.ar/peliculas/el-corazon-de-la-bestia
GBA Norte,Cinemark Hoyts,Cinemark Tortugas,"Ramal Pilar km 36,5, Tortuguitas TOM",El corazón de la bestia,2D Doblada,18:50,,,,https://www.cinemark.com.ar/peliculas/el-corazon-de-la-bestia
GBA Norte,Cinemark Hoyts,Cinemark Tortugas,"Ramal Pilar km 36,5, Tortuguitas TOM",El corazón de la bestia,2D Doblada,22:40,,,,https://www.cinemark.com.ar/peliculas/el-corazon-de-la-bestia
GBA Norte,Cinemark Hoyts,Cinemark Tortugas,"Ramal Pilar km 36,5, Tortuguitas TOM",HOPE: EL PRIMER IMPACTO,2D Doblada,21:50,,,,https://www.cinemark.com.ar/peliculas/hope-el-primer-impacto
GBA Norte,Cinemark Hoyts,Cinemark Tortugas,"Ramal Pilar km 36,5, Tortuguitas TOM",MADRE SINIESTRA,DBOX 2D Doblada,13:20,,,,https://www.cinemark.com.ar/peliculas/madre-siniestra
GBA Norte,Cinemark Hoyts,Cinemark Tortugas,"Ramal Pilar km 36,5, Tortuguitas TOM",MADRE SINIESTRA,2D Doblada,13:20,,,,https://www.cinemark.com.ar/peliculas/madre-siniestra
GBA Norte,Cinemark Hoyts,Cinemark Tortugas,"Ramal Pilar km 36,5, Tortuguitas TOM",MADRE SINIESTRA,DBOX 2D Doblada,15:40,,,,https://www.cinemark.com.ar/peliculas/madre-siniestra
GBA Norte,Cinemark Hoyts,Cinemark Tortugas,"Ramal Pilar km 36,5, Tortuguitas TOM",MADRE SINIESTRA,2D Doblada,15:40,,,,https://www.cinemark.com.ar/peliculas/madre-siniestra
GBA Norte,Cinemark Hoyts,Cinemark Tortugas,"Ramal Pilar km 36,5, Tortuguitas TOM",MADRE SINIESTRA,DBOX 2D Doblada,18:10,,,,https://www.cinemark.com.ar/peliculas/madre-siniestra
GBA Norte,Cinemark Hoyts,Cinemark Tortugas,"Ramal Pilar km 36,5, Tortuguitas TOM",MADRE SINIESTRA,2D Doblada,18:10,,,,https://www.cinemark.com.ar/peliculas/madre-siniestra
GBA Norte,Cinemark Hoyts,Cinemark Tortugas,"Ramal Pilar km 36,5, Tortuguitas TOM",MADRE SINIESTRA,2D Doblada,19:10,,,,https://www.cinemark.com.ar/peliculas/madre-siniestra
GBA Norte,Cinemark Hoyts,Cinemark Tortugas,"Ramal Pilar km 36,5, Tortuguitas TOM",MADRE SINIESTRA,DBOX 2D Doblada,20:30,,,,https://www.cinemark.com.ar/peliculas/madre-siniestra
GBA Norte,Cinemark Hoyts,Cinemark Tortugas,"Ramal Pilar km 36,5, Tortuguitas TOM",MADRE SINIESTRA,2D Doblada,20:30,,,,https://www.cinemark.com.ar/peliculas/madre-siniestra
GBA Norte,Cinemark Hoyts,Cinemark Tortugas,"Ramal Pilar km 36,5, Tortuguitas TOM",MADRE SINIESTRA,2D Doblada,21:40,,,,https://www.cinemark.com.ar/peliculas/madre-siniestra
GBA Norte,Cinemark Hoyts,Cinemark Tortugas,"Ramal Pilar km 36,5, Tortuguitas TOM",MADRE SINIESTRA,DBOX 2D Doblada,22:50,,,,https://www.cinemark.com.ar/peliculas/madre-siniestra
GBA Norte,Cinemark Hoyts,Cinemark Tortugas,"Ramal Pilar km 36,5, Tortuguitas TOM",MADRE SINIESTRA,2D Doblada,22:50,,,,https://www.cinemark.com.ar/peliculas/madre-siniestra
GBA Norte,Cinemark Hoyts,Cinemark Tortugas,"Ramal Pilar km 36,5, Tortuguitas TOM",Resident Evil: Noche Cero,DBOX XD 2D Doblada,13:40,,,,https://www.cinemark.com.ar/peliculas/resident-evil-noche-cero
GBA Norte,Cinemark Hoyts,Cinemark Tortugas,"Ramal Pilar km 36,5, Tortuguitas TOM",Resident Evil: Noche Cero,XD 2D Doblada,13:40,,,,https://www.cinemark.com.ar/peliculas/resident-evil-noche-cero
GBA Norte,Cinemark Hoyts,Cinemark Tortugas,"Ramal Pilar km 36,5, Tortuguitas TOM",Resident Evil: Noche Cero,DBOX XD 2D Doblada,15:50,,,,https://www.cinemark.com.ar/peliculas/resident-evil-noche-cero
GBA Norte,Cinemark Hoyts,Cinemark Tortugas,"Ramal Pilar km 36,5, Tortuguitas TOM",Resident Evil: Noche Cero,XD 2D Doblada,15:50,,,,https://www.cinemark.com.ar/peliculas/resident-evil-noche-cero
GBA Norte,Cinemark Hoyts,Cinemark Tortugas,"Ramal Pilar km 36,5, Tortuguitas TOM",Resident Evil: Noche Cero,DBOX XD 2D Doblada,18:00,,,,https://www.cinemark.com.ar/peliculas/resident-evil-noche-cero
GBA Norte,Cinemark Hoyts,Cinemark Tortugas,"Ramal Pilar km 36,5, Tortuguitas TOM",Resident Evil: Noche Cero,XD 2D Doblada,18:00,,,,https://www.cinemark.com.ar/peliculas/resident-evil-noche-cero
GBA Norte,Cinemark Hoyts,Cinemark Tortugas,"Ramal Pilar km 36,5, Tortuguitas TOM",Resident Evil: Noche Cero,DBOX XD 2D Doblada,20:10,,,,https://www.cinemark.com.ar/peliculas/resident-evil-noche-cero
GBA Norte,Cinemark Hoyts,Cinemark Tortugas,"Ramal Pilar km 36,5, Tortuguitas TOM",Resident Evil: Noche Cero,XD 2D Doblada,20:10,,,,https://www.cinemark.com.ar/peliculas/resident-evil-noche-cero
GBA Norte,Cinemark Hoyts,Cinemark Tortugas,"Ramal Pilar km 36,5, Tortuguitas TOM",Resident Evil: Noche Cero,2D Doblada,21:30,,,,https://www.cinemark.com.ar/peliculas/resident-evil-noche-cero
GBA Norte,Cinemark Hoyts,Cinemark Tortugas,"Ramal Pilar km 36,5, Tortuguitas TOM",Resident Evil: Noche Cero,DBOX XD 2D Doblada,22:30,,,,https://www.cinemark.com.ar/peliculas/resident-evil-noche-cero
GBA Norte,Cinemark Hoyts,Cinemark Tortugas,"Ramal Pilar km 36,5, Tortuguitas TOM",Resident Evil: Noche Cero,XD 2D Doblada,22:30,,,,https://www.cinemark.com.ar/peliculas/resident-evil-noche-cero
GBA Norte,Cinemark Hoyts,Cinemark Tortugas,"Ramal Pilar km 36,5, Tortuguitas TOM",Spider-Man: Un nuevo día,2D Doblada,13:10,,,,https://www.cinemark.com.ar/peliculas/spider-man-un-nuevo-dia
GBA Norte,Cinemark Hoyts,Cinemark Tortugas,"Ramal Pilar km 36,5, Tortuguitas TOM",Spider-Man: Un nuevo día,2D Doblada,16:30,,,,https://www.cinemark.com.ar/peliculas/spider-man-un-nuevo-dia
GBA Norte,Cinemark Hoyts,Cinemark Tortugas,"Ramal Pilar km 36,5, Tortuguitas TOM",Verity. La sombra de un engaño,2D Doblada,14:30,,,,https://www.cinemark.com.ar/peliculas/verity-la-sombra-de-un-engano
GBA Norte,Cinemark Hoyts,Cinemark Tortugas,"Ramal Pilar km 36,5, Tortuguitas TOM",Verity. La sombra de un engaño,2D Doblada,17:00,,,,https://www.cinemark.com.ar/peliculas/verity-la-sombra-de-un-engano
GBA Norte,Cinemark Hoyts,Cinemark Tortugas,"Ramal Pilar km 36,5, Tortuguitas TOM",Verity. La sombra de un engaño,2D Doblada,19:40,,,,https://www.cinemark.com.ar/peliculas/verity-la-sombra-de-un-engano
GBA Norte,Cinemark Hoyts,Cinemark Tortugas,"Ramal Pilar km 36,5, Tortuguitas TOM",Verity. La sombra de un engaño,2D Doblada,22:20,,,,https://www.cinemark.com.ar/peliculas/verity-la-sombra-de-un-engano
GBA Norte,Cinemark Hoyts,Cinemark Tortugas,"Ramal Pilar km 36,5, Tortuguitas TOM",Vértigo 2,2D Doblada,16:40,,,,https://www.cinemark.com.ar/peliculas/vertigo-2-punto-muerto
GBA Sur,Cinemark Hoyts,Hoyts Quilmes,Av. Calchaquí 3950,A CUALQUIER PRECIO,2D Doblada,20:10,,,,https://www.cinemark.com.ar/peliculas/a-cualquier-precio
GBA Sur,Cinemark Hoyts,Hoyts Quilmes,Av. Calchaquí 3950,A CUALQUIER PRECIO,2D Doblada,22:40,,,,https://www.cinemark.com.ar/peliculas/a-cualquier-precio
GBA Sur,Cinemark Hoyts,Hoyts Quilmes,Av. Calchaquí 3950,ALWAYS LALISA,2D Subtitulada,20:00,,,,https://www.cinemark.com.ar/peliculas/always-lalisa
GBA Sur,Cinemark Hoyts,Hoyts Quilmes,Av. Calchaquí 3950,Avengers: Endgame,2D Doblada,13:20,,,,https://www.cinemark.com.ar/peliculas/avengers-endgame-re-estreno
GBA Sur,Cinemark Hoyts,Hoyts Quilmes,Av. Calchaquí 3950,Avengers: Endgame,2D Doblada,17:10,,,,https://www.cinemark.com.ar/peliculas/avengers-endgame-re-estreno
GBA Sur,Cinemark Hoyts,Hoyts Quilmes,Av. Calchaquí 3950,Avengers: Endgame,4D 3D IV Doblada,18:20,,,,https://www.cinemark.com.ar/peliculas/avengers-endgame-re-estreno
GBA Sur,Cinemark Hoyts,Hoyts Quilmes,Av. Calchaquí 3950,Avengers: Endgame,2D Subtitulada,21:00,,,,https://www.cinemark.com.ar/peliculas/avengers-endgame-re-estreno
GBA Sur,Cinemark Hoyts,Hoyts Quilmes,Av. Calchaquí 3950,Avengers: Endgame,4D 3D IV Doblada,22:10,,,,https://www.cinemark.com.ar/peliculas/avengers-endgame-re-estreno
GBA Sur,Cinemark Hoyts,Hoyts Quilmes,Av. Calchaquí 3950,CARS 20° ANIVERSARIO,4D 2D Doblada,13:00,,,,https://www.cinemark.com.ar/peliculas/cars-20-aniversario
GBA Sur,Cinemark Hoyts,Hoyts Quilmes,Av. Calchaquí 3950,CARS 20° ANIVERSARIO,2D Doblada,14:00,,,,https://www.cinemark.com.ar/peliculas/cars-20-aniversario
GBA Sur,Cinemark Hoyts,Hoyts Quilmes,Av. Calchaquí 3950,CARS 20° ANIVERSARIO,4D 2D Doblada,15:40,,,,https://www.cinemark.com.ar/peliculas/cars-20-aniversario
GBA Sur,Cinemark Hoyts,Hoyts Quilmes,Av. Calchaquí 3950,CARS 20° ANIVERSARIO,2D Doblada,17:00,,,,https://www.cinemark.com.ar/peliculas/cars-20-aniversario
GBA Sur,Cinemark Hoyts,Hoyts Quilmes,Av. Calchaquí 3950,CARS 20° ANIVERSARIO,2D Doblada,19:40,,,,https://www.cinemark.com.ar/peliculas/cars-20-aniversario
GBA Sur,Cinemark Hoyts,Hoyts Quilmes,Av. Calchaquí 3950,Coyote vs. Acme,2D Doblada,14:30,,,,https://www.cinemark.com.ar/peliculas/coyote-vs-acme
GBA Sur,Cinemark Hoyts,Hoyts Quilmes,Av. Calchaquí 3950,Coyote vs. Acme,2D Doblada,17:30,,,,https://www.cinemark.com.ar/peliculas/coyote-vs-acme
GBA Sur,Cinemark Hoyts,Hoyts Quilmes,Av. Calchaquí 3950,El corazón de la bestia,2D Doblada,14:10,,,,https://www.cinemark.com.ar/peliculas/el-corazon-de-la-bestia
GBA Sur,Cinemark Hoyts,Hoyts Quilmes,Av. Calchaquí 3950,El corazón de la bestia,2D Doblada,16:40,,,,https://www.cinemark.com.ar/peliculas/el-corazon-de-la-bestia
GBA Sur,Cinemark Hoyts,Hoyts Quilmes,Av. Calchaquí 3950,El corazón de la bestia,2D Doblada,19:00,,,,https://www.cinemark.com.ar/peliculas/el-corazon-de-la-bestia
GBA Sur,Cinemark Hoyts,Hoyts Quilmes,Av. Calchaquí 3950,El corazón de la bestia,2D Doblada,21:40,,,,https://www.cinemark.com.ar/peliculas/el-corazon-de-la-bestia
GBA Sur,Cinemark Hoyts,Hoyts Quilmes,Av. Calchaquí 3950,HOPE: EL PRIMER IMPACTO,2D Doblada,19:10,,,,https://www.cinemark.com.ar/peliculas/hope-el-primer-impacto
GBA Sur,Cinemark Hoyts,Hoyts Quilmes,Av. Calchaquí 3950,HOPE: EL PRIMER IMPACTO,2D Doblada,22:30,,,,https://www.cinemark.com.ar/peliculas/hope-el-primer-impacto
GBA Sur,Cinemark Hoyts,Hoyts Quilmes,Av. Calchaquí 3950,Insidious: Fuera del más allá,2D Doblada,14:10,,,,https://www.cinemark.com.ar/peliculas/la-noche-del-demonio-estan-entre-nosotros
GBA Sur,Cinemark Hoyts,Hoyts Quilmes,Av. Calchaquí 3950,LA CASA,2D Doblada,13:00,,,,https://www.cinemark.com.ar/peliculas/la-casa
GBA Sur,Cinemark Hoyts,Hoyts Quilmes,Av. Calchaquí 3950,LA CASA,2D Doblada,18:20,,,,https://www.cinemark.com.ar/peliculas/la-casa
GBA Sur,Cinemark Hoyts,Hoyts Quilmes,Av. Calchaquí 3950,LA CASA,2D Doblada,23:10,,,,https://www.cinemark.com.ar/peliculas/la-casa
GBA Sur,Cinemark Hoyts,Hoyts Quilmes,Av. Calchaquí 3950,MADRE SINIESTRA,2D Doblada,13:10,,,,https://www.cinemark.com.ar/peliculas/madre-siniestra
GBA Sur,Cinemark Hoyts,Hoyts Quilmes,Av. Calchaquí 3950,MADRE SINIESTRA,2D Doblada,15:30,,,,https://www.cinemark.com.ar/peliculas/madre-siniestra
GBA Sur,Cinemark Hoyts,Hoyts Quilmes,Av. Calchaquí 3950,MADRE SINIESTRA,2D Doblada,17:40,,,,https://www.cinemark.com.ar/peliculas/madre-siniestra
GBA Sur,Cinemark Hoyts,Hoyts Quilmes,Av. Calchaquí 3950,MADRE SINIESTRA,2D Doblada,19:50,,,,https://www.cinemark.com.ar/peliculas/madre-siniestra
GBA Sur,Cinemark Hoyts,Hoyts Quilmes,Av. Calchaquí 3950,MADRE SINIESTRA,2D Doblada,20:50,,,,https://www.cinemark.com.ar/peliculas/madre-siniestra
GBA Sur,Cinemark Hoyts,Hoyts Quilmes,Av. Calchaquí 3950,MADRE SINIESTRA,2D Doblada,22:10,,,,https://www.cinemark.com.ar/peliculas/madre-siniestra
GBA Sur,Cinemark Hoyts,Hoyts Quilmes,Av. Calchaquí 3950,MADRE SINIESTRA,2D Doblada,22:35,,,,https://www.cinemark.com.ar/peliculas/madre-siniestra
GBA Sur,Cinemark Hoyts,Hoyts Quilmes,Av. Calchaquí 3950,Pmmm: Walpurgisnacht Rising,2D Subtitulada,15:35,,,,https://www.cinemark.com.ar/peliculas/puella-magi-madoka-magica-walpurgisnacht-rising
GBA Sur,Cinemark Hoyts,Hoyts Quilmes,Av. Calchaquí 3950,Resident Evil: Noche Cero,2D Doblada,13:30,,,,https://www.cinemark.com.ar/peliculas/resident-evil-noche-cero
GBA Sur,Cinemark Hoyts,Hoyts Quilmes,Av. Calchaquí 3950,Resident Evil: Noche Cero,2D Doblada,14:30,,,,https://www.cinemark.com.ar/peliculas/resident-evil-noche-cero
GBA Sur,Cinemark Hoyts,Hoyts Quilmes,Av. Calchaquí 3950,Resident Evil: Noche Cero,2D Doblada,15:50,,,,https://www.cinemark.com.ar/peliculas/resident-evil-noche-cero
GBA Sur,Cinemark Hoyts,Hoyts Quilmes,Av. Calchaquí 3950,Resident Evil: Noche Cero,2D Doblada,16:50,,,,https://www.cinemark.com.ar/peliculas/resident-evil-noche-cero
GBA Sur,Cinemark Hoyts,Hoyts Quilmes,Av. Calchaquí 3950,Resident Evil: Noche Cero,2D Doblada,18:10,,,,https://www.cinemark.com.ar/peliculas/resident-evil-noche-cero
GBA Sur,Cinemark Hoyts,Hoyts Quilmes,Av. Calchaquí 3950,Resident Evil: Noche Cero,2D Doblada,19:20,,,,https://www.cinemark.com.ar/peliculas/resident-evil-noche-cero
GBA Sur,Cinemark Hoyts,Hoyts Quilmes,Av. Calchaquí 3950,Resident Evil: Noche Cero,2D Doblada,20:30,,,,https://www.cinemark.com.ar/peliculas/resident-evil-noche-cero
GBA Sur,Cinemark Hoyts,Hoyts Quilmes,Av. Calchaquí 3950,Resident Evil: Noche Cero,2D Subtitulada,21:50,,,,https://www.cinemark.com.ar/peliculas/resident-evil-noche-cero
GBA Sur,Cinemark Hoyts,Hoyts Quilmes,Av. Calchaquí 3950,Resident Evil: Noche Cero,2D Subtitulada,22:50,,,,https://www.cinemark.com.ar/peliculas/resident-evil-noche-cero
GBA Sur,Cinemark Hoyts,Hoyts Quilmes,Av. Calchaquí 3950,Spider-Man: Un nuevo día,2D Doblada,13:20,,,,https://www.cinemark.com.ar/peliculas/spider-man-un-nuevo-dia
GBA Sur,Cinemark Hoyts,Hoyts Quilmes,Av. Calchaquí 3950,Spider-Man: Un nuevo día,2D Doblada,16:50,,,,https://www.cinemark.com.ar/peliculas/spider-man-un-nuevo-dia
GBA Sur,Cinemark Hoyts,Hoyts Quilmes,Av. Calchaquí 3950,Verity. La sombra de un engaño,2D Doblada,13:50,,,,https://www.cinemark.com.ar/peliculas/verity-la-sombra-de-un-engano
GBA Sur,Cinemark Hoyts,Hoyts Quilmes,Av. Calchaquí 3950,Verity. La sombra de un engaño,2D Doblada,16:30,,,,https://www.cinemark.com.ar/peliculas/verity-la-sombra-de-un-engano
GBA Sur,Cinemark Hoyts,Hoyts Quilmes,Av. Calchaquí 3950,Verity. La sombra de un engaño,2D Doblada,19:15,,,,https://www.cinemark.com.ar/peliculas/verity-la-sombra-de-un-engano
GBA Sur,Cinemark Hoyts,Hoyts Quilmes,Av. Calchaquí 3950,Verity. La sombra de un engaño,2D Doblada,22:00,,,,https://www.cinemark.com.ar/peliculas/verity-la-sombra-de-un-engano
GBA Sur,Cinemark Hoyts,Hoyts Quilmes,Av. Calchaquí 3950,Vértigo 2,2D Doblada,16:45,,,,https://www.cinemark.com.ar/peliculas/vertigo-2-punto-muerto
GBA Sur,Cinemark Hoyts,Hoyts Quilmes,Av. Calchaquí 3950,Vértigo 2,2D Doblada,23:00,,,,https://www.cinemark.com.ar/peliculas/vertigo-2-punto-muerto
GBA Norte,Showcase,Showcase Norte (Norcenter),"Colectora Panamericana 3750, Norcenter",Avengers: Endgame,2D Doblada,15:00,,,,https://cartelera.ar/pelicula/vengadores-endgame
GBA Norte,Showcase,Showcase Norte (Norcenter),"Colectora Panamericana 3750, Norcenter",Avengers: Endgame,2D Subtitulada,18:45,,,,https://cartelera.ar/pelicula/vengadores-endgame
GBA Norte,Showcase,Showcase Norte (Norcenter),"Colectora Panamericana 3750, Norcenter",Avengers: Endgame,2D Subtitulada,22:30,,,,https://cartelera.ar/pelicula/vengadores-endgame
GBA Norte,Showcase,Showcase Norte (Norcenter),"Colectora Panamericana 3750, Norcenter",El corazón de la bestia,2D Subtitulada,14:55,,,,https://cartelera.ar/pelicula/el-corazon-de-la-bestia
GBA Norte,Showcase,Showcase Norte (Norcenter),"Colectora Panamericana 3750, Norcenter",El corazón de la bestia,2D Subtitulada,17:20,,,,https://cartelera.ar/pelicula/el-corazon-de-la-bestia
GBA Norte,Showcase,Showcase Norte (Norcenter),"Colectora Panamericana 3750, Norcenter",El corazón de la bestia,2D Subtitulada,19:55,,,,https://cartelera.ar/pelicula/el-corazon-de-la-bestia
GBA Norte,Showcase,Showcase Norte (Norcenter),"Colectora Panamericana 3750, Norcenter",El corazón de la bestia,2D Subtitulada,22:15,,,,https://cartelera.ar/pelicula/el-corazon-de-la-bestia
GBA Norte,Showcase,Showcase Norte (Norcenter),"Colectora Panamericana 3750, Norcenter",La invitación,2D Subtitulada,19:25,,,,https://cartelera.ar/pelicula/la-invitacion
GBA Norte,Showcase,Showcase Norte (Norcenter),"Colectora Panamericana 3750, Norcenter",La invitación,2D Subtitulada,22:10,,,,https://cartelera.ar/pelicula/la-invitacion
GBA Norte,Showcase,Showcase Norte (Norcenter),"Colectora Panamericana 3750, Norcenter",La casa,2D Doblada,14:10,,,,https://cartelera.ar/pelicula/la-casa
GBA Norte,Showcase,Showcase Norte (Norcenter),"Colectora Panamericana 3750, Norcenter",La casa,2D Doblada,16:35,,,,https://cartelera.ar/pelicula/la-casa
GBA Norte,Showcase,Showcase Norte (Norcenter),"Colectora Panamericana 3750, Norcenter",La casa,2D Doblada,19:10,,,,https://cartelera.ar/pelicula/la-casa
GBA Norte,Showcase,Showcase Norte (Norcenter),"Colectora Panamericana 3750, Norcenter",La casa,2D Doblada,22:05,,,,https://cartelera.ar/pelicula/la-casa
GBA Norte,Showcase,Showcase Norte (Norcenter),"Colectora Panamericana 3750, Norcenter",La Odisea,2D Subtitulada,15:30,,,,https://cartelera.ar/pelicula/la-odisea
GBA Norte,Showcase,Showcase Norte (Norcenter),"Colectora Panamericana 3750, Norcenter",La Odisea,2D Subtitulada,19:00,,,,https://cartelera.ar/pelicula/la-odisea
GBA Norte,Showcase,Showcase Norte (Norcenter),"Colectora Panamericana 3750, Norcenter",La Odisea,2D Subtitulada,21:40,,,,https://cartelera.ar/pelicula/la-odisea
GBA Norte,Showcase,Showcase Norte (Norcenter),"Colectora Panamericana 3750, Norcenter",Spider-Man: Un nuevo día,2D Doblada,16:20,,,,https://cartelera.ar/pelicula/spider-man-un-nuevo-dia
GBA Norte,Showcase,Showcase Norte (Norcenter),"Colectora Panamericana 3750, Norcenter",Spider-Man: Un nuevo día,2D Doblada,19:30,,,,https://cartelera.ar/pelicula/spider-man-un-nuevo-dia
GBA Norte,Showcase,Showcase Norte (Norcenter),"Colectora Panamericana 3750, Norcenter",Spider-Man: Un nuevo día,2D Subtitulada,22:35,,,,https://cartelera.ar/pelicula/spider-man-un-nuevo-dia
GBA Norte,Showcase,Showcase Norte (Norcenter),"Colectora Panamericana 3750, Norcenter",PAW Patrol: La Dino Película,2D Doblada,14:10,,,,https://cartelera.ar/pelicula/paw-patrol-la-dino-pelicula
GBA Norte,Showcase,Showcase Norte (Norcenter),"Colectora Panamericana 3750, Norcenter",Hechizo de amor: La magia continúa,2D Subtitulada,14:15,,,,https://cartelera.ar/pelicula/hechizo-de-amor-la-magia-continua
GBA Norte,Showcase,Showcase Norte (Norcenter),"Colectora Panamericana 3750, Norcenter",Resident Evil: Noche Cero,2D Doblada,15:15,,,,https://cartelera.ar/pelicula/resident-evil-noche-cero
GBA Norte,Showcase,Showcase Norte (Norcenter),"Colectora Panamericana 3750, Norcenter",Resident Evil: Noche Cero,2D Subtitulada,17:25,,,,https://cartelera.ar/pelicula/resident-evil-noche-cero
GBA Norte,Showcase,Showcase Norte (Norcenter),"Colectora Panamericana 3750, Norcenter",Resident Evil: Noche Cero,2D Subtitulada,19:45,,,,https://cartelera.ar/pelicula/resident-evil-noche-cero
GBA Norte,Showcase,Showcase Norte (Norcenter),"Colectora Panamericana 3750, Norcenter",Resident Evil: Noche Cero,2D Subtitulada,22:00,,,,https://cartelera.ar/pelicula/resident-evil-noche-cero
GBA Norte,Showcase,Showcase Norte (Norcenter),"Colectora Panamericana 3750, Norcenter",Resident Evil: Noche Cero,2D Doblada,22:30,,,,https://cartelera.ar/pelicula/resident-evil-noche-cero
GBA Norte,Showcase,Showcase Norte (Norcenter),"Colectora Panamericana 3750, Norcenter",La isla olvidada,2D Doblada,14:20,,,,https://cartelera.ar/pelicula/la-isla-olvidada
GBA Norte,Showcase,Showcase Norte (Norcenter),"Colectora Panamericana 3750, Norcenter",La isla olvidada,2D Doblada,16:55,,,,https://cartelera.ar/pelicula/la-isla-olvidada
GBA Norte,Showcase,Showcase Norte (Norcenter),"Colectora Panamericana 3750, Norcenter",Digger,2D Subtitulada,14:05,,,,https://cartelera.ar/pelicula/digger
GBA Norte,Showcase,Showcase Norte (Norcenter),"Colectora Panamericana 3750, Norcenter",Digger,2D Subtitulada,16:50,,,,https://cartelera.ar/pelicula/digger
GBA Norte,Showcase,Showcase Norte (Norcenter),"Colectora Panamericana 3750, Norcenter",Digger,2D Subtitulada,19:35,,,,https://cartelera.ar/pelicula/digger
GBA Norte,Showcase,Showcase Norte (Norcenter),"Colectora Panamericana 3750, Norcenter",Digger,2D Subtitulada,22:25,,,,https://cartelera.ar/pelicula/digger
GBA Norte,Showcase,Showcase Norte (Norcenter),"Colectora Panamericana 3750, Norcenter",Hope,2D Doblada,15:50,,,,https://cartelera.ar/pelicula/hope
GBA Norte,Showcase,Showcase Norte (Norcenter),"Colectora Panamericana 3750, Norcenter",Hope,2D Subtitulada,19:05,,,,https://cartelera.ar/pelicula/hope
GBA Norte,Showcase,Showcase Norte (Norcenter),"Colectora Panamericana 3750, Norcenter",Hope,2D Subtitulada,22:25,,,,https://cartelera.ar/pelicula/hope
GBA Norte,Showcase,Showcase Norte (Norcenter),"Colectora Panamericana 3750, Norcenter",Coyote vs. Acme,2D Doblada,14:35,,,,https://cartelera.ar/pelicula/coyote-vs-acme
GBA Norte,Showcase,Showcase Norte (Norcenter),"Colectora Panamericana 3750, Norcenter",Coyote vs. Acme,2D Doblada,17:00,,,,https://cartelera.ar/pelicula/coyote-vs-acme
GBA Norte,Showcase,Showcase Norte (Norcenter),"Colectora Panamericana 3750, Norcenter",Coyote vs. Acme,2D Doblada,19:20,,,,https://cartelera.ar/pelicula/coyote-vs-acme
GBA Norte,Showcase,Showcase Norte (Norcenter),"Colectora Panamericana 3750, Norcenter",Coyote vs. Acme,2D Doblada,21:50,,,,https://cartelera.ar/pelicula/coyote-vs-acme
GBA Norte,Showcase,Showcase Norte (Norcenter),"Colectora Panamericana 3750, Norcenter",Verity. La sombra de un engaño,2D Subtitulada,14:30,,,,https://cartelera.ar/pelicula/verity-la-sombra-de-un-engano
GBA Norte,Showcase,Showcase Norte (Norcenter),"Colectora Panamericana 3750, Norcenter",Verity. La sombra de un engaño,2D Subtitulada,17:05,,,,https://cartelera.ar/pelicula/verity-la-sombra-de-un-engano
GBA Norte,Showcase,Showcase Norte (Norcenter),"Colectora Panamericana 3750, Norcenter",Verity. La sombra de un engaño,2D Subtitulada,19:40,,,,https://cartelera.ar/pelicula/verity-la-sombra-de-un-engano
GBA Norte,Showcase,Showcase Norte (Norcenter),"Colectora Panamericana 3750, Norcenter",Verity. La sombra de un engaño,2D Subtitulada,22:20,,,,https://cartelera.ar/pelicula/verity-la-sombra-de-un-engano
GBA Norte,Showcase,Showcase Norte (Norcenter),"Colectora Panamericana 3750, Norcenter",La vida es así,2D Subtitulada,16:45,,,,https://cartelera.ar/pelicula/la-vida-es-asi
GBA Norte,Showcase,Showcase Norte (Norcenter),"Colectora Panamericana 3750, Norcenter",La vida es así,2D Subtitulada,19:25,,,,https://cartelera.ar/pelicula/la-vida-es-asi
GBA Norte,Showcase,Showcase Norte (Norcenter),"Colectora Panamericana 3750, Norcenter",A cualquier precio,2D Subtitulada,19:15,,,,https://cartelera.ar/pelicula/a-cualquier-precio
GBA Norte,Showcase,Showcase Norte (Norcenter),"Colectora Panamericana 3750, Norcenter",A cualquier precio,2D Subtitulada,21:55,,,,https://cartelera.ar/pelicula/a-cualquier-precio
GBA Norte,Showcase,Showcase Norte (Norcenter),"Colectora Panamericana 3750, Norcenter",Vértigo 2,2D Subtitulada,14:00,,,,https://cartelera.ar/pelicula/vertigo-2
GBA Norte,Showcase,Showcase Norte (Norcenter),"Colectora Panamericana 3750, Norcenter",Escondida en mi cabeza,2D Doblada,14:25,,,,https://cartelera.ar/pelicula/escondida-en-mi-cabeza
GBA Norte,Showcase,Showcase Norte (Norcenter),"Colectora Panamericana 3750, Norcenter",Guardianes Del Museo 2,2D Doblada,13:40,,,,https://cartelera.ar/pelicula/guardianes-del-museo-2
GBA Norte,Showcase,Showcase Norte (Norcenter),"Colectora Panamericana 3750, Norcenter",Guardianes Del Museo 2,2D Doblada,16:40,,,,https://cartelera.ar/pelicula/guardianes-del-museo-2
GBA Norte,Showcase,Showcase Norte (Norcenter),"Colectora Panamericana 3750, Norcenter",Madre siniestra,2D Subtitulada,15:20,,,,https://cartelera.ar/pelicula/madre-siniestra
GBA Norte,Showcase,Showcase Norte (Norcenter),"Colectora Panamericana 3750, Norcenter",Madre siniestra,2D Doblada,17:15,,,,https://cartelera.ar/pelicula/madre-siniestra
GBA Norte,Showcase,Showcase Norte (Norcenter),"Colectora Panamericana 3750, Norcenter",Madre siniestra,2D Subtitulada,17:45,,,,https://cartelera.ar/pelicula/madre-siniestra
GBA Norte,Showcase,Showcase Norte (Norcenter),"Colectora Panamericana 3750, Norcenter",Madre siniestra,2D Doblada,19:50,,,,https://cartelera.ar/pelicula/madre-siniestra
GBA Norte,Showcase,Showcase Norte (Norcenter),"Colectora Panamericana 3750, Norcenter",Madre siniestra,2D Subtitulada,20:20,,,,https://cartelera.ar/pelicula/madre-siniestra
GBA Norte,Showcase,Showcase Norte (Norcenter),"Colectora Panamericana 3750, Norcenter",Madre siniestra,2D Doblada,22:10,,,,https://cartelera.ar/pelicula/madre-siniestra
GBA Norte,Showcase,Showcase Norte (Norcenter),"Colectora Panamericana 3750, Norcenter",Madre siniestra,2D Subtitulada,22:40,,,,https://cartelera.ar/pelicula/madre-siniestra
GBA Norte,Showcase,Showcase Norte (Norcenter),"Colectora Panamericana 3750, Norcenter",Cars: 20 años,2D Doblada,13:45,,,,https://cartelera.ar/pelicula/cars-20-anos
GBA Norte,Showcase,Showcase Norte (Norcenter),"Colectora Panamericana 3750, Norcenter",Cars: 20 años,2D Doblada,16:25,,,,https://cartelera.ar/pelicula/cars-20-anos
GBA Norte,Showcase,Showcase Norte (Norcenter),"Colectora Panamericana 3750, Norcenter",Cars: 20 años,2D Doblada,19:05,,,,https://cartelera.ar/pelicula/cars-20-anos
GBA Norte,Showcase,Showcase Norte (Norcenter),"Colectora Panamericana 3750, Norcenter",Cars: 20 años,2D Doblada,21:45,,,,https://cartelera.ar/pelicula/cars-20-anos
GBA Sur,Atlas Cines,Atlas Catan,"Camino de Cintura 2727, Shopping Catan",Avengers: Endgame,4DX Doblada,14:00,,,,https://www.atlascines.com/Peliculas?codPelicula=546&codComplejo=192
GBA Sur,Atlas Cines,Atlas Catan,"Camino de Cintura 2727, Shopping Catan",Avengers: Endgame,4DX Doblada,17:40,,,,https://www.atlascines.com/Peliculas?codPelicula=546&codComplejo=192
GBA Sur,Atlas Cines,Atlas Catan,"Camino de Cintura 2727, Shopping Catan",Avengers: Endgame,2D Doblada,18:00,,,,https://www.atlascines.com/Peliculas?codPelicula=546&codComplejo=192
GBA Sur,Atlas Cines,Atlas Catan,"Camino de Cintura 2727, Shopping Catan",Cars,2D Doblada,14:40,,,,https://www.atlascines.com/Peliculas?codPelicula=593&codComplejo=192
GBA Sur,Atlas Cines,Atlas Catan,"Camino de Cintura 2727, Shopping Catan",Cars,2D Doblada,16:50,,,,https://www.atlascines.com/Peliculas?codPelicula=593&codComplejo=192
GBA Sur,Atlas Cines,Atlas Catan,"Camino de Cintura 2727, Shopping Catan",El corazón de la bestia,2D Doblada,21:30,,,,https://www.atlascines.com/Peliculas?codPelicula=578&codComplejo=192
GBA Sur,Atlas Cines,Atlas Catan,"Camino de Cintura 2727, Shopping Catan",Resident Evil: Noche Cero,2D Doblada,15:30,,,,https://www.atlascines.com/Peliculas?codPelicula=569&codComplejo=192
GBA Sur,Atlas Cines,Atlas Catan,"Camino de Cintura 2727, Shopping Catan",Resident Evil: Noche Cero,2D Doblada,17:50,,,,https://www.atlascines.com/Peliculas?codPelicula=569&codComplejo=192
GBA Sur,Atlas Cines,Atlas Catan,"Camino de Cintura 2727, Shopping Catan",Resident Evil: Noche Cero,2D Doblada,20:00,,,,https://www.atlascines.com/Peliculas?codPelicula=569&codComplejo=192
GBA Sur,Atlas Cines,Atlas Catan,"Camino de Cintura 2727, Shopping Catan",Resident Evil: Noche Cero,4DX Doblada,21:20,,,,https://www.atlascines.com/Peliculas?codPelicula=569&codComplejo=192
GBA Sur,Atlas Cines,Atlas Catan,"Camino de Cintura 2727, Shopping Catan",Resident Evil: Noche Cero,2D Doblada,22:10,,,,https://www.atlascines.com/Peliculas?codPelicula=569&codComplejo=192
GBA Sur,Atlas Cines,Atlas Catan,"Camino de Cintura 2727, Shopping Catan",La isla olvidada,2D Doblada,15:40,,,,https://www.atlascines.com/Peliculas?codPelicula=580&codComplejo=192
GBA Sur,Atlas Cines,Atlas Catan,"Camino de Cintura 2727, Shopping Catan",Hope,2D Doblada,18:00,,,,https://www.atlascines.com/Peliculas?codPelicula=594&codComplejo=192
GBA Sur,Atlas Cines,Atlas Catan,"Camino de Cintura 2727, Shopping Catan",Hope,2D Doblada,21:20,,,,https://www.atlascines.com/Peliculas?codPelicula=594&codComplejo=192
GBA Sur,Atlas Cines,Atlas Catan,"Camino de Cintura 2727, Shopping Catan",Verity. La sombra de un engaño,2D Doblada,21:40,,,,https://www.atlascines.com/Peliculas?codPelicula=583&codComplejo=192
GBA Sur,Atlas Cines,Atlas Catan,"Camino de Cintura 2727, Shopping Catan",Vértigo 2,2D Doblada,19:20,,,,https://www.atlascines.com/Peliculas?codPelicula=589&codComplejo=192
GBA Sur,Atlas Cines,Atlas Catan,"Camino de Cintura 2727, Shopping Catan",Guardianes Del Museo 2,2D Doblada,14:50,,,,https://www.atlascines.com/Peliculas?codPelicula=586&codComplejo=192
GBA Sur,Atlas Cines,Atlas Catan,"Camino de Cintura 2727, Shopping Catan",Guardianes Del Museo 2,2D Doblada,16:00,,,,https://www.atlascines.com/Peliculas?codPelicula=586&codComplejo=192
GBA Sur,Atlas Cines,Atlas Catan,"Camino de Cintura 2727, Shopping Catan",Madre siniestra,2D Doblada,17:20,,,,https://www.atlascines.com/Peliculas?codPelicula=597&codComplejo=192
GBA Sur,Atlas Cines,Atlas Catan,"Camino de Cintura 2727, Shopping Catan",Madre siniestra,2D Doblada,19:40,,,,https://www.atlascines.com/Peliculas?codPelicula=597&codComplejo=192
GBA Sur,Atlas Cines,Atlas Catan,"Camino de Cintura 2727, Shopping Catan",Madre siniestra,2D Doblada,22:00,,,,https://www.atlascines.com/Peliculas?codPelicula=597&codComplejo=192
GBA Oeste,Showcase,Showcase Haedo,"Av. Rivadavia 16.200, Shopping Haedo",Avengers: Endgame,2D Doblada,15:00,,,,https://cartelera.ar/pelicula/vengadores-endgame
GBA Oeste,Showcase,Showcase Haedo,"Av. Rivadavia 16.200, Shopping Haedo",Avengers: Endgame,2D Subtitulada,18:45,,,,https://cartelera.ar/pelicula/vengadores-endgame
GBA Oeste,Showcase,Showcase Haedo,"Av. Rivadavia 16.200, Shopping Haedo",Avengers: Endgame,2D Doblada,22:30,,,,https://cartelera.ar/pelicula/vengadores-endgame
GBA Oeste,Showcase,Showcase Haedo,"Av. Rivadavia 16.200, Shopping Haedo",El corazón de la bestia,2D Doblada,14:30,,,,https://cartelera.ar/pelicula/el-corazon-de-la-bestia
GBA Oeste,Showcase,Showcase Haedo,"Av. Rivadavia 16.200, Shopping Haedo",El corazón de la bestia,2D Doblada,20:10,,,,https://cartelera.ar/pelicula/el-corazon-de-la-bestia
GBA Oeste,Showcase,Showcase Haedo,"Av. Rivadavia 16.200, Shopping Haedo",El corazón de la bestia,2D Subtitulada,22:30,,,,https://cartelera.ar/pelicula/el-corazon-de-la-bestia
GBA Oeste,Showcase,Showcase Haedo,"Av. Rivadavia 16.200, Shopping Haedo",La casa,2D Doblada,14:05,,,,https://cartelera.ar/pelicula/la-casa
GBA Oeste,Showcase,Showcase Haedo,"Av. Rivadavia 16.200, Shopping Haedo",La casa,2D Doblada,16:30,,,,https://cartelera.ar/pelicula/la-casa
GBA Oeste,Showcase,Showcase Haedo,"Av. Rivadavia 16.200, Shopping Haedo",La casa,2D Doblada,19:20,,,,https://cartelera.ar/pelicula/la-casa
GBA Oeste,Showcase,Showcase Haedo,"Av. Rivadavia 16.200, Shopping Haedo",La casa,2D Doblada,21:45,,,,https://cartelera.ar/pelicula/la-casa
GBA Oeste,Showcase,Showcase Haedo,"Av. Rivadavia 16.200, Shopping Haedo",La Odisea,2D Subtitulada,14:55,,,,https://cartelera.ar/pelicula/la-odisea
GBA Oeste,Showcase,Showcase Haedo,"Av. Rivadavia 16.200, Shopping Haedo",La Odisea,2D Subtitulada,18:25,,,,https://cartelera.ar/pelicula/la-odisea
GBA Oeste,Showcase,Showcase Haedo,"Av. Rivadavia 16.200, Shopping Haedo",La Odisea,2D Subtitulada,21:55,,,,https://cartelera.ar/pelicula/la-odisea
GBA Oeste,Showcase,Showcase Haedo,"Av. Rivadavia 16.200, Shopping Haedo",Spider-Man: Un nuevo día,2D Doblada,16:15,,,,https://cartelera.ar/pelicula/spider-man-un-nuevo-dia
GBA Oeste,Showcase,Showcase Haedo,"Av. Rivadavia 16.200, Shopping Haedo",Spider-Man: Un nuevo día,2D Doblada,19:15,,,,https://cartelera.ar/pelicula/spider-man-un-nuevo-dia
GBA Oeste,Showcase,Showcase Haedo,"Av. Rivadavia 16.200, Shopping Haedo",Spider-Man: Un nuevo día,2D Doblada,22:25,,,,https://cartelera.ar/pelicula/spider-man-un-nuevo-dia
GBA Oeste,Showcase,Showcase Haedo,"Av. Rivadavia 16.200, Shopping Haedo",Toy Story 5,2D Doblada,15:05,,,,https://cartelera.ar/pelicula/toy-story-5
GBA Oeste,Showcase,Showcase Haedo,"Av. Rivadavia 16.200, Shopping Haedo",La noche del demonio: Están entre nosotros,2D Doblada,22:15,,,,https://cartelera.ar/pelicula/la-noche-del-demonio-estan-entre-nosotros
GBA Oeste,Showcase,Showcase Haedo,"Av. Rivadavia 16.200, Shopping Haedo",Resident Evil: Noche Cero,2D Doblada,15:30,,,,https://cartelera.ar/pelicula/resident-evil-noche-cero
GBA Oeste,Showcase,Showcase Haedo,"Av. Rivadavia 16.200, Shopping Haedo",Resident Evil: Noche Cero,2D Subtitulada,17:50,,,,https://cartelera.ar/pelicula/resident-evil-noche-cero
GBA Oeste,Showcase,Showcase Haedo,"Av. Rivadavia 16.200, Shopping Haedo",Resident Evil: Noche Cero,2D Subtitulada,20:20,,,,https://cartelera.ar/pelicula/resident-evil-noche-cero
GBA Oeste,Showcase,Showcase Haedo,"Av. Rivadavia 16.200, Shopping Haedo",Resident Evil: Noche Cero,2D Doblada,22:40,,,,https://cartelera.ar/pelicula/resident-evil-noche-cero
GBA Oeste,Showcase,Showcase Haedo,"Av. Rivadavia 16.200, Shopping Haedo",La isla olvidada,2D Doblada,14:50,,,,https://cartelera.ar/pelicula/la-isla-olvidada
GBA Oeste,Showcase,Showcase Haedo,"Av. Rivadavia 16.200, Shopping Haedo",La isla olvidada,2D Doblada,17:30,,,,https://cartelera.ar/pelicula/la-isla-olvidada
GBA Oeste,Showcase,Showcase Haedo,"Av. Rivadavia 16.200, Shopping Haedo",Digger,2D Subtitulada,14:20,,,,https://cartelera.ar/pelicula/digger
GBA Oeste,Showcase,Showcase Haedo,"Av. Rivadavia 16.200, Shopping Haedo",Digger,2D Subtitulada,17:05,,,,https://cartelera.ar/pelicula/digger
GBA Oeste,Showcase,Showcase Haedo,"Av. Rivadavia 16.200, Shopping Haedo",Digger,2D Subtitulada,19:50,,,,https://cartelera.ar/pelicula/digger
GBA Oeste,Showcase,Showcase Haedo,"Av. Rivadavia 16.200, Shopping Haedo",Digger,2D Subtitulada,22:35,,,,https://cartelera.ar/pelicula/digger
GBA Oeste,Showcase,Showcase Haedo,"Av. Rivadavia 16.200, Shopping Haedo",Hope,2D Doblada,16:50,,,,https://cartelera.ar/pelicula/hope
GBA Oeste,Showcase,Showcase Haedo,"Av. Rivadavia 16.200, Shopping Haedo",Hope,2D Subtitulada,19:00,,,,https://cartelera.ar/pelicula/hope
GBA Oeste,Showcase,Showcase Haedo,"Av. Rivadavia 16.200, Shopping Haedo",Coyote vs. Acme,2D Doblada,14:15,,,,https://cartelera.ar/pelicula/coyote-vs-acme
GBA Oeste,Showcase,Showcase Haedo,"Av. Rivadavia 16.200, Shopping Haedo",Coyote vs. Acme,2D Doblada,16:45,,,,https://cartelera.ar/pelicula/coyote-vs-acme
GBA Oeste,Showcase,Showcase Haedo,"Av. Rivadavia 16.200, Shopping Haedo",Coyote vs. Acme,2D Doblada,19:10,,,,https://cartelera.ar/pelicula/coyote-vs-acme
GBA Oeste,Showcase,Showcase Haedo,"Av. Rivadavia 16.200, Shopping Haedo",Yo Narciso,2D Doblada,21:50,,,,https://cartelera.ar/pelicula/yo-narciso
GBA Oeste,Showcase,Showcase Haedo,"Av. Rivadavia 16.200, Shopping Haedo",Verity. La sombra de un engaño,2D Subtitulada,14:35,,,,https://cartelera.ar/pelicula/verity-la-sombra-de-un-engano
GBA Oeste,Showcase,Showcase Haedo,"Av. Rivadavia 16.200, Shopping Haedo",Verity. La sombra de un engaño,2D Subtitulada,17:10,,,,https://cartelera.ar/pelicula/verity-la-sombra-de-un-engano
GBA Oeste,Showcase,Showcase Haedo,"Av. Rivadavia 16.200, Shopping Haedo",Verity. La sombra de un engaño,2D Subtitulada,19:45,,,,https://cartelera.ar/pelicula/verity-la-sombra-de-un-engano
GBA Oeste,Showcase,Showcase Haedo,"Av. Rivadavia 16.200, Shopping Haedo",Verity. La sombra de un engaño,2D Subtitulada,22:20,,,,https://cartelera.ar/pelicula/verity-la-sombra-de-un-engano
GBA Oeste,Showcase,Showcase Haedo,"Av. Rivadavia 16.200, Shopping Haedo",A cualquier precio,2D Doblada,14:10,,,,https://cartelera.ar/pelicula/a-cualquier-precio
GBA Oeste,Showcase,Showcase Haedo,"Av. Rivadavia 16.200, Shopping Haedo",A cualquier precio,2D Doblada,16:35,,,,https://cartelera.ar/pelicula/a-cualquier-precio
GBA Oeste,Showcase,Showcase Haedo,"Av. Rivadavia 16.200, Shopping Haedo",A cualquier precio,2D Subtitulada,22:20,,,,https://cartelera.ar/pelicula/a-cualquier-precio
GBA Oeste,Showcase,Showcase Haedo,"Av. Rivadavia 16.200, Shopping Haedo",Always Lalisa,2D Subtitulada,20:00,,,,https://cartelera.ar/pelicula/always-lalisa
GBA Oeste,Showcase,Showcase Haedo,"Av. Rivadavia 16.200, Shopping Haedo",Escondida en mi cabeza,2D Doblada,17:25,,,,https://cartelera.ar/pelicula/escondida-en-mi-cabeza
GBA Oeste,Showcase,Showcase Haedo,"Av. Rivadavia 16.200, Shopping Haedo",Guardianes Del Museo 2,2D Doblada,14:00,,,,https://cartelera.ar/pelicula/guardianes-del-museo-2
GBA Oeste,Showcase,Showcase Haedo,"Av. Rivadavia 16.200, Shopping Haedo",Madre siniestra,2D Doblada,15:20,,,,https://cartelera.ar/pelicula/madre-siniestra
GBA Oeste,Showcase,Showcase Haedo,"Av. Rivadavia 16.200, Shopping Haedo",Madre siniestra,2D Doblada,17:45,,,,https://cartelera.ar/pelicula/madre-siniestra
GBA Oeste,Showcase,Showcase Haedo,"Av. Rivadavia 16.200, Shopping Haedo",Madre siniestra,2D Subtitulada,19:40,,,,https://cartelera.ar/pelicula/madre-siniestra
GBA Oeste,Showcase,Showcase Haedo,"Av. Rivadavia 16.200, Shopping Haedo",Madre siniestra,2D Doblada,20:15,,,,https://cartelera.ar/pelicula/madre-siniestra
GBA Oeste,Showcase,Showcase Haedo,"Av. Rivadavia 16.200, Shopping Haedo",Madre siniestra,2D Subtitulada,22:00,,,,https://cartelera.ar/pelicula/madre-siniestra
GBA Oeste,Showcase,Showcase Haedo,"Av. Rivadavia 16.200, Shopping Haedo",Madre siniestra,2D Doblada,22:25,,,,https://cartelera.ar/pelicula/madre-siniestra
GBA Oeste,Showcase,Showcase Haedo,"Av. Rivadavia 16.200, Shopping Haedo",Cars: 20 años,2D Doblada,14:05,,,,https://cartelera.ar/pelicula/cars-20-anos
GBA Oeste,Showcase,Showcase Haedo,"Av. Rivadavia 16.200, Shopping Haedo",Cars: 20 años,2D Doblada,16:55,,,,https://cartelera.ar/pelicula/cars-20-anos
GBA Oeste,Showcase,Showcase Haedo,"Av. Rivadavia 16.200, Shopping Haedo",Cars: 20 años,2D Doblada,19:30,,,,https://cartelera.ar/pelicula/cars-20-anos
GBA Oeste,Showcase,Showcase Haedo,"Av. Rivadavia 16.200, Shopping Haedo",Cars: 20 años,2D Doblada,22:10,,,,https://cartelera.ar/pelicula/cars-20-anos
CABA,Showcase,Showcase Belgrano,"Monroe 1655, Belgrano",Avengers: Endgame,2D Subtitulada,21:50,,,,https://cartelera.ar/pelicula/vengadores-endgame
CABA,Showcase,Showcase Belgrano,"Monroe 1655, Belgrano",El corazón de la bestia,2D Subtitulada,16:40,,,,https://cartelera.ar/pelicula/el-corazon-de-la-bestia
CABA,Showcase,Showcase Belgrano,"Monroe 1655, Belgrano",El corazón de la bestia,2D Subtitulada,22:30,,,,https://cartelera.ar/pelicula/el-corazon-de-la-bestia
CABA,Showcase,Showcase Belgrano,"Monroe 1655, Belgrano",La casa,2D Doblada,16:55,,,,https://cartelera.ar/pelicula/la-casa
CABA,Showcase,Showcase Belgrano,"Monroe 1655, Belgrano",La casa,2D Doblada,19:25,,,,https://cartelera.ar/pelicula/la-casa
CABA,Showcase,Showcase Belgrano,"Monroe 1655, Belgrano",La casa,2D Doblada,21:55,,,,https://cartelera.ar/pelicula/la-casa
CABA,Showcase,Showcase Belgrano,"Monroe 1655, Belgrano",La Odisea,2D Subtitulada,19:00,,,,https://cartelera.ar/pelicula/la-odisea
CABA,Showcase,Showcase Belgrano,"Monroe 1655, Belgrano",Resident Evil: Noche Cero,2D Subtitulada,15:20,,,,https://cartelera.ar/pelicula/resident-evil-noche-cero
CABA,Showcase,Showcase Belgrano,"Monroe 1655, Belgrano",Resident Evil: Noche Cero,2D Subtitulada,17:45,,,,https://cartelera.ar/pelicula/resident-evil-noche-cero
CABA,Showcase,Showcase Belgrano,"Monroe 1655, Belgrano",Resident Evil: Noche Cero,2D Subtitulada,19:55,,,,https://cartelera.ar/pelicula/resident-evil-noche-cero
CABA,Showcase,Showcase Belgrano,"Monroe 1655, Belgrano",Resident Evil: Noche Cero,2D Subtitulada,22:15,,,,https://cartelera.ar/pelicula/resident-evil-noche-cero
CABA,Showcase,Showcase Belgrano,"Monroe 1655, Belgrano",La isla olvidada,2D Doblada,14:40,,,,https://cartelera.ar/pelicula/la-isla-olvidada
CABA,Showcase,Showcase Belgrano,"Monroe 1655, Belgrano",La isla olvidada,2D Doblada,17:10,,,,https://cartelera.ar/pelicula/la-isla-olvidada
CABA,Showcase,Showcase Belgrano,"Monroe 1655, Belgrano",Digger,2D Subtitulada,14:20,,,,https://cartelera.ar/pelicula/digger
CABA,Showcase,Showcase Belgrano,"Monroe 1655, Belgrano",Digger,2D Subtitulada,17:05,,,,https://cartelera.ar/pelicula/digger
CABA,Showcase,Showcase Belgrano,"Monroe 1655, Belgrano",Digger,2D Subtitulada,19:50,,,,https://cartelera.ar/pelicula/digger
CABA,Showcase,Showcase Belgrano,"Monroe 1655, Belgrano",Digger,2D Subtitulada,22:35,,,,https://cartelera.ar/pelicula/digger
CABA,Showcase,Showcase Belgrano,"Monroe 1655, Belgrano",Hope,2D Subtitulada,16:15,,,,https://cartelera.ar/pelicula/hope
CABA,Showcase,Showcase Belgrano,"Monroe 1655, Belgrano",Hope,2D Subtitulada,22:00,,,,https://cartelera.ar/pelicula/hope
CABA,Showcase,Showcase Belgrano,"Monroe 1655, Belgrano",Coyote vs. Acme,2D Doblada,14:15,,,,https://cartelera.ar/pelicula/coyote-vs-acme
CABA,Showcase,Showcase Belgrano,"Monroe 1655, Belgrano",Coyote vs. Acme,2D Doblada,16:50,,,,https://cartelera.ar/pelicula/coyote-vs-acme
CABA,Showcase,Showcase Belgrano,"Monroe 1655, Belgrano",Verity. La sombra de un engaño,2D Subtitulada,14:25,,,,https://cartelera.ar/pelicula/verity-la-sombra-de-un-engano
CABA,Showcase,Showcase Belgrano,"Monroe 1655, Belgrano",Verity. La sombra de un engaño,2D Subtitulada,17:00,,,,https://cartelera.ar/pelicula/verity-la-sombra-de-un-engano
CABA,Showcase,Showcase Belgrano,"Monroe 1655, Belgrano",Verity. La sombra de un engaño,2D Subtitulada,19:45,,,,https://cartelera.ar/pelicula/verity-la-sombra-de-un-engano
CABA,Showcase,Showcase Belgrano,"Monroe 1655, Belgrano",Verity. La sombra de un engaño,2D Subtitulada,22:25,,,,https://cartelera.ar/pelicula/verity-la-sombra-de-un-engano
CABA,Showcase,Showcase Belgrano,"Monroe 1655, Belgrano",La vida es así,2D Subtitulada,14:05,,,,https://cartelera.ar/pelicula/la-vida-es-asi
CABA,Showcase,Showcase Belgrano,"Monroe 1655, Belgrano",La vida es así,2D Subtitulada,19:15,,,,https://cartelera.ar/pelicula/la-vida-es-asi
CABA,Showcase,Showcase Belgrano,"Monroe 1655, Belgrano",A cualquier precio,2D Subtitulada,19:40,,,,https://cartelera.ar/pelicula/a-cualquier-precio
CABA,Showcase,Showcase Belgrano,"Monroe 1655, Belgrano",A cualquier precio,2D Subtitulada,22:10,,,,https://cartelera.ar/pelicula/a-cualquier-precio
CABA,Showcase,Showcase Belgrano,"Monroe 1655, Belgrano",Always Lalisa,2D Subtitulada,19:30,,,,https://cartelera.ar/pelicula/always-lalisa
CABA,Showcase,Showcase Belgrano,"Monroe 1655, Belgrano",Guardianes Del Museo 2,2D Doblada,14:30,,,,https://cartelera.ar/pelicula/guardianes-del-museo-2
CABA,Showcase,Showcase Belgrano,"Monroe 1655, Belgrano",Madre siniestra,2D Subtitulada,14:10,,,,https://cartelera.ar/pelicula/madre-siniestra
CABA,Showcase,Showcase Belgrano,"Monroe 1655, Belgrano",Madre siniestra,2D Subtitulada,16:30,,,,https://cartelera.ar/pelicula/madre-siniestra
CABA,Showcase,Showcase Belgrano,"Monroe 1655, Belgrano",Madre siniestra,2D Subtitulada,20:00,,,,https://cartelera.ar/pelicula/madre-siniestra
CABA,Showcase,Showcase Belgrano,"Monroe 1655, Belgrano",Madre siniestra,2D Subtitulada,22:20,,,,https://cartelera.ar/pelicula/madre-siniestra
CABA,Showcase,Showcase Belgrano,"Monroe 1655, Belgrano",Cars: 20 años,2D Doblada,14:35,,,,https://cartelera.ar/pelicula/cars-20-anos
CABA,Showcase,Showcase Belgrano,"Monroe 1655, Belgrano",Cars: 20 años,2D Doblada,17:15,,,,https://cartelera.ar/pelicula/cars-20-anos
CABA,Showcase,Showcase Belgrano,"Monroe 1655, Belgrano",Cars: 20 años,2D Doblada,19:10,,,,https://cartelera.ar/pelicula/cars-20-anos
CABA,Showcase,Showcase Belgrano,"Monroe 1655, Belgrano",Cars: 20 años,2D Doblada,21:45,,,,https://cartelera.ar/pelicula/cars-20-anos
GBA Norte,Atlas Cines,Atlas Nordelta,"Av. de los Lagos 7008, Nordelta Centro Comercial",Cars,2D Doblada,14:30,,,,https://www.atlascines.com/Peliculas?codPelicula=593&codComplejo=196
GBA Norte,Atlas Cines,Atlas Nordelta,"Av. de los Lagos 7008, Nordelta Centro Comercial",Cars,2D Doblada,15:40,,,,https://www.atlascines.com/Peliculas?codPelicula=593&codComplejo=196
GBA Norte,Atlas Cines,Atlas Nordelta,"Av. de los Lagos 7008, Nordelta Centro Comercial",Cars,2D Doblada,17:10,,,,https://www.atlascines.com/Peliculas?codPelicula=593&codComplejo=196
GBA Norte,Atlas Cines,Atlas Nordelta,"Av. de los Lagos 7008, Nordelta Centro Comercial",El corazón de la bestia,2D Doblada,15:00,,,,https://www.atlascines.com/Peliculas?codPelicula=578&codComplejo=196
GBA Norte,Atlas Cines,Atlas Nordelta,"Av. de los Lagos 7008, Nordelta Centro Comercial",El corazón de la bestia,2D Subtitulada,19:40,,,,https://www.atlascines.com/Peliculas?codPelicula=578&codComplejo=196
GBA Norte,Atlas Cines,Atlas Nordelta,"Av. de los Lagos 7008, Nordelta Centro Comercial",El corazón de la bestia,2D Subtitulada,22:20,,,,https://www.atlascines.com/Peliculas?codPelicula=578&codComplejo=196
GBA Norte,Atlas Cines,Atlas Nordelta,"Av. de los Lagos 7008, Nordelta Centro Comercial",La casa,2D Doblada,20:20,,,,https://www.atlascines.com/Peliculas?codPelicula=595&codComplejo=196
GBA Norte,Atlas Cines,Atlas Nordelta,"Av. de los Lagos 7008, Nordelta Centro Comercial",La Odisea,2D Subtitulada,21:50,,,,https://www.atlascines.com/Peliculas?codPelicula=501&codComplejo=196
GBA Norte,Atlas Cines,Atlas Nordelta,"Av. de los Lagos 7008, Nordelta Centro Comercial",La isla olvidada,2D Doblada,15:30,,,,https://www.atlascines.com/Peliculas?codPelicula=580&codComplejo=196
GBA Norte,Atlas Cines,Atlas Nordelta,"Av. de los Lagos 7008, Nordelta Centro Comercial",La isla olvidada,2D Doblada,17:20,,,,https://www.atlascines.com/Peliculas?codPelicula=580&codComplejo=196
GBA Norte,Atlas Cines,Atlas Nordelta,"Av. de los Lagos 7008, Nordelta Centro Comercial",Digger,2D Subtitulada,19:30,,,,https://www.atlascines.com/Peliculas?codPelicula=582&codComplejo=196
GBA Norte,Atlas Cines,Atlas Nordelta,"Av. de los Lagos 7008, Nordelta Centro Comercial",Verity. La sombra de un engaño,2D Doblada,17:40,,,,https://www.atlascines.com/Peliculas?codPelicula=583&codComplejo=196
GBA Norte,Atlas Cines,Atlas Nordelta,"Av. de los Lagos 7008, Nordelta Centro Comercial",Verity. La sombra de un engaño,2D Subtitulada,20:10,,,,https://www.atlascines.com/Peliculas?codPelicula=583&codComplejo=196
GBA Norte,Atlas Cines,Atlas Nordelta,"Av. de los Lagos 7008, Nordelta Centro Comercial",Verity. La sombra de un engaño,2D Subtitulada,22:40,,,,https://www.atlascines.com/Peliculas?codPelicula=583&codComplejo=196
GBA Norte,Atlas Cines,Atlas Nordelta,"Av. de los Lagos 7008, Nordelta Centro Comercial",A cualquier precio,2D Subtitulada,22:30,,,,https://www.atlascines.com/Peliculas?codPelicula=592&codComplejo=196
GBA Norte,Atlas Cines,Atlas Nordelta,"Av. de los Lagos 7008, Nordelta Centro Comercial",Guardianes Del Museo 2,2D Doblada,14:10,,,,https://www.atlascines.com/Peliculas?codPelicula=586&codComplejo=196
GBA Norte,Atlas Cines,Atlas Nordelta,"Av. de los Lagos 7008, Nordelta Centro Comercial",Guardianes Del Museo 2,2D Doblada,16:20,,,,https://www.atlascines.com/Peliculas?codPelicula=586&codComplejo=196
GBA Norte,Atlas Cines,Atlas Nordelta,"Av. de los Lagos 7008, Nordelta Centro Comercial",Guardianes Del Museo 2,2D Doblada,18:20,,,,https://www.atlascines.com/Peliculas?codPelicula=586&codComplejo=196
GBA Norte,Atlas Cines,Atlas Nordelta,"Av. de los Lagos 7008, Nordelta Centro Comercial",Madre siniestra,2D Doblada,18:10,,,,https://www.atlascines.com/Peliculas?codPelicula=597&codComplejo=196
GBA Norte,Atlas Cines,Atlas Nordelta,"Av. de los Lagos 7008, Nordelta Centro Comercial",Madre siniestra,2D Subtitulada,20:30,,,,https://www.atlascines.com/Peliculas?codPelicula=597&codComplejo=196
GBA Norte,Atlas Cines,Atlas Nordelta,"Av. de los Lagos 7008, Nordelta Centro Comercial",Madre siniestra,2D Subtitulada,22:50,,,,https://www.atlascines.com/Peliculas?codPelicula=597&codComplejo=196
GBA Sur,Showcase,Showcase Quilmes,"Av. Calchaquí 3950, Quilmes Factory",Avengers: Endgame,2D Doblada,18:45,,,,https://cartelera.ar/pelicula/vengadores-endgame
GBA Sur,Showcase,Showcase Quilmes,"Av. Calchaquí 3950, Quilmes Factory",Avengers: Endgame,2D Subtitulada,22:30,,,,https://cartelera.ar/pelicula/vengadores-endgame
GBA Sur,Showcase,Showcase Quilmes,"Av. Calchaquí 3950, Quilmes Factory",El corazón de la bestia,2D Doblada,14:50,,,,https://cartelera.ar/pelicula/el-corazon-de-la-bestia
GBA Sur,Showcase,Showcase Quilmes,"Av. Calchaquí 3950, Quilmes Factory",El corazón de la bestia,2D Doblada,22:00,,,,https://cartelera.ar/pelicula/el-corazon-de-la-bestia
GBA Sur,Showcase,Showcase Quilmes,"Av. Calchaquí 3950, Quilmes Factory",La casa,2D Doblada,17:10,,,,https://cartelera.ar/pelicula/la-casa
GBA Sur,Showcase,Showcase Quilmes,"Av. Calchaquí 3950, Quilmes Factory",La casa,2D Doblada,19:35,,,,https://cartelera.ar/pelicula/la-casa
GBA Sur,Showcase,Showcase Quilmes,"Av. Calchaquí 3950, Quilmes Factory",Spider-Man: Un nuevo día,2D Doblada,22:25,,,,https://cartelera.ar/pelicula/spider-man-un-nuevo-dia
GBA Sur,Showcase,Showcase Quilmes,"Av. Calchaquí 3950, Quilmes Factory",Resident Evil: Noche Cero,2D Doblada,15:30,,,,https://cartelera.ar/pelicula/resident-evil-noche-cero
GBA Sur,Showcase,Showcase Quilmes,"Av. Calchaquí 3950, Quilmes Factory",Resident Evil: Noche Cero,2D Subtitulada,17:45,,,,https://cartelera.ar/pelicula/resident-evil-noche-cero
GBA Sur,Showcase,Showcase Quilmes,"Av. Calchaquí 3950, Quilmes Factory",Resident Evil: Noche Cero,2D Doblada,19:55,,,,https://cartelera.ar/pelicula/resident-evil-noche-cero
GBA Sur,Showcase,Showcase Quilmes,"Av. Calchaquí 3950, Quilmes Factory",Resident Evil: Noche Cero,2D Subtitulada,22:10,,,,https://cartelera.ar/pelicula/resident-evil-noche-cero
GBA Sur,Showcase,Showcase Quilmes,"Av. Calchaquí 3950, Quilmes Factory",La isla olvidada,2D Doblada,15:00,,,,https://cartelera.ar/pelicula/la-isla-olvidada
GBA Sur,Showcase,Showcase Quilmes,"Av. Calchaquí 3950, Quilmes Factory",La isla olvidada,2D Doblada,17:25,,,,https://cartelera.ar/pelicula/la-isla-olvidada
GBA Sur,Showcase,Showcase Quilmes,"Av. Calchaquí 3950, Quilmes Factory",Digger,2D Subtitulada,19:50,,,,https://cartelera.ar/pelicula/digger
GBA Sur,Showcase,Showcase Quilmes,"Av. Calchaquí 3950, Quilmes Factory",Digger,2D Subtitulada,22:35,,,,https://cartelera.ar/pelicula/digger
GBA Sur,Showcase,Showcase Quilmes,"Av. Calchaquí 3950, Quilmes Factory",Coyote vs. Acme,2D Doblada,14:25,,,,https://cartelera.ar/pelicula/coyote-vs-acme
GBA Sur,Showcase,Showcase Quilmes,"Av. Calchaquí 3950, Quilmes Factory",Coyote vs. Acme,2D Doblada,16:45,,,,https://cartelera.ar/pelicula/coyote-vs-acme
GBA Sur,Showcase,Showcase Quilmes,"Av. Calchaquí 3950, Quilmes Factory",Verity. La sombra de un engaño,2D Subtitulada,14:45,,,,https://cartelera.ar/pelicula/verity-la-sombra-de-un-engano
GBA Sur,Showcase,Showcase Quilmes,"Av. Calchaquí 3950, Quilmes Factory",Verity. La sombra de un engaño,2D Subtitulada,17:15,,,,https://cartelera.ar/pelicula/verity-la-sombra-de-un-engano
GBA Sur,Showcase,Showcase Quilmes,"Av. Calchaquí 3950, Quilmes Factory",Verity. La sombra de un engaño,2D Subtitulada,19:45,,,,https://cartelera.ar/pelicula/verity-la-sombra-de-un-engano
GBA Sur,Showcase,Showcase Quilmes,"Av. Calchaquí 3950, Quilmes Factory",Verity. La sombra de un engaño,2D Subtitulada,22:20,,,,https://cartelera.ar/pelicula/verity-la-sombra-de-un-engano
GBA Sur,Showcase,Showcase Quilmes,"Av. Calchaquí 3950, Quilmes Factory",Always Lalisa,2D Subtitulada,20:00,,,,https://cartelera.ar/pelicula/always-lalisa
GBA Sur,Showcase,Showcase Quilmes,"Av. Calchaquí 3950, Quilmes Factory",Vértigo 2,2D Doblada,14:30,,,,https://cartelera.ar/pelicula/vertigo-2
GBA Sur,Showcase,Showcase Quilmes,"Av. Calchaquí 3950, Quilmes Factory",Guardianes Del Museo 2,2D Doblada,16:40,,,,https://cartelera.ar/pelicula/guardianes-del-museo-2
GBA Sur,Showcase,Showcase Quilmes,"Av. Calchaquí 3950, Quilmes Factory",Madre siniestra,2D Doblada,15:35,,,,https://cartelera.ar/pelicula/madre-siniestra
GBA Sur,Showcase,Showcase Quilmes,"Av. Calchaquí 3950, Quilmes Factory",Madre siniestra,2D Doblada,17:50,,,,https://cartelera.ar/pelicula/madre-siniestra
GBA Sur,Showcase,Showcase Quilmes,"Av. Calchaquí 3950, Quilmes Factory",Madre siniestra,2D Doblada,20:05,,,,https://cartelera.ar/pelicula/madre-siniestra
GBA Sur,Showcase,Showcase Quilmes,"Av. Calchaquí 3950, Quilmes Factory",Madre siniestra,2D Subtitulada,22:15,,,,https://cartelera.ar/pelicula/madre-siniestra
GBA Sur,Showcase,Showcase Quilmes,"Av. Calchaquí 3950, Quilmes Factory",Cars: 20 años,2D Doblada,14:20,,,,https://cartelera.ar/pelicula/cars-20-anos
GBA Sur,Showcase,Showcase Quilmes,"Av. Calchaquí 3950, Quilmes Factory",Cars: 20 años,2D Doblada,16:55,,,,https://cartelera.ar/pelicula/cars-20-anos
GBA Sur,Showcase,Showcase Quilmes,"Av. Calchaquí 3950, Quilmes Factory",Cars: 20 años,2D Doblada,19:30,,,,https://cartelera.ar/pelicula/cars-20-anos
GBA Sur,Showcase,Showcase Quilmes,"Av. Calchaquí 3950, Quilmes Factory",Cars: 20 años,2D Doblada,22:05,,,,https://cartelera.ar/pelicula/cars-20-anos
CABA,Atlas Cines,Atlas Flores,"Rivera Indarte 44, Flores",Avengers: Endgame,2D Doblada,17:50,,,,https://www.atlascines.com/Peliculas?codPelicula=546&codComplejo=197
CABA,Atlas Cines,Atlas Flores,"Rivera Indarte 44, Flores",Cars,2D Doblada,14:30,,,,https://www.atlascines.com/Peliculas?codPelicula=593&codComplejo=197
CABA,Atlas Cines,Atlas Flores,"Rivera Indarte 44, Flores",Cars,2D Doblada,17:00,,,,https://www.atlascines.com/Peliculas?codPelicula=593&codComplejo=197
CABA,Atlas Cines,Atlas Flores,"Rivera Indarte 44, Flores",El corazón de la bestia,2D Doblada,20:00,,,,https://www.atlascines.com/Peliculas?codPelicula=578&codComplejo=197
CABA,Atlas Cines,Atlas Flores,"Rivera Indarte 44, Flores",El corazón de la bestia,2D Doblada,22:30,,,,https://www.atlascines.com/Peliculas?codPelicula=578&codComplejo=197
CABA,Atlas Cines,Atlas Flores,"Rivera Indarte 44, Flores",La casa,2D Doblada,19:40,,,,https://www.atlascines.com/Peliculas?codPelicula=595&codComplejo=197
CABA,Atlas Cines,Atlas Flores,"Rivera Indarte 44, Flores",Spider-Man: Un nuevo día,2D Doblada,14:50,,,,https://www.atlascines.com/Peliculas?codPelicula=497&codComplejo=197
CABA,Atlas Cines,Atlas Flores,"Rivera Indarte 44, Flores",Resident Evil: Noche Cero,2D Doblada,20:20,,,,https://www.atlascines.com/Peliculas?codPelicula=569&codComplejo=197
CABA,Atlas Cines,Atlas Flores,"Rivera Indarte 44, Flores",Pepita la Pistolera,2D Doblada,22:00,,,,https://www.atlascines.com/Peliculas?codPelicula=558&codComplejo=197
CABA,Atlas Cines,Atlas Flores,"Rivera Indarte 44, Flores",La isla olvidada,2D Doblada,16:00,,,,https://www.atlascines.com/Peliculas?codPelicula=580&codComplejo=197
CABA,Atlas Cines,Atlas Flores,"Rivera Indarte 44, Flores",La isla olvidada,2D Doblada,18:10,,,,https://www.atlascines.com/Peliculas?codPelicula=580&codComplejo=197
CABA,Atlas Cines,Atlas Flores,"Rivera Indarte 44, Flores",Hope,2D Doblada,21:30,,,,https://www.atlascines.com/Peliculas?codPelicula=594&codComplejo=197
CABA,Atlas Cines,Atlas Flores,"Rivera Indarte 44, Flores",Coyote vs. Acme,2D Doblada,15:00,,,,https://www.atlascines.com/Peliculas?codPelicula=547&codComplejo=197
CABA,Atlas Cines,Atlas Flores,"Rivera Indarte 44, Flores",Verity. La sombra de un engaño,2D Doblada,17:20,,,,https://www.atlascines.com/Peliculas?codPelicula=583&codComplejo=197
CABA,Atlas Cines,Atlas Flores,"Rivera Indarte 44, Flores",Verity. La sombra de un engaño,2D Doblada,22:20,,,,https://www.atlascines.com/Peliculas?codPelicula=583&codComplejo=197
CABA,Atlas Cines,Atlas Flores,"Rivera Indarte 44, Flores",Madre siniestra,2D Doblada,15:50,,,,https://www.atlascines.com/Peliculas?codPelicula=597&codComplejo=197
CABA,Atlas Cines,Atlas Flores,"Rivera Indarte 44, Flores",Madre siniestra,2D Doblada,18:10,,,,https://www.atlascines.com/Peliculas?codPelicula=597&codComplejo=197
CABA,Atlas Cines,Atlas Flores,"Rivera Indarte 44, Flores",Madre siniestra,2D Doblada,20:30,,,,https://www.atlascines.com/Peliculas?codPelicula=597&codComplejo=197
CABA,Atlas Cines,Atlas Flores,"Rivera Indarte 44, Flores",Madre siniestra,2D Doblada,22:50,,,,https://www.atlascines.com/Peliculas?codPelicula=597&codComplejo=197
CABA,Cinemark Hoyts,Cinemark Puerto Madero,Av. Alicia Moreau de Justo 1920,A CUALQUIER PRECIO,2D Subtitulada,15:10,,,,https://www.cinemark.com.ar/peliculas/a-cualquier-precio
CABA,Cinemark Hoyts,Cinemark Puerto Madero,Av. Alicia Moreau de Justo 1920,A CUALQUIER PRECIO,2D Subtitulada,19:30,,,,https://www.cinemark.com.ar/peliculas/a-cualquier-precio
CABA,Cinemark Hoyts,Cinemark Puerto Madero,Av. Alicia Moreau de Justo 1920,ALWAYS LALISA,2D Subtitulada,20:00,,,,https://www.cinemark.com.ar/peliculas/always-lalisa
CABA,Cinemark Hoyts,Cinemark Puerto Madero,Av. Alicia Moreau de Justo 1920,Avengers: Endgame,2D Doblada,14:30,,,,https://www.cinemark.com.ar/peliculas/avengers-endgame-re-estreno
CABA,Cinemark Hoyts,Cinemark Puerto Madero,Av. Alicia Moreau de Justo 1920,Avengers: Endgame,2D Doblada,22:00,,,,https://www.cinemark.com.ar/peliculas/avengers-endgame-re-estreno
CABA,Cinemark Hoyts,Cinemark Puerto Madero,Av. Alicia Moreau de Justo 1920,CARS 20° ANIVERSARIO,2D Doblada,15:00,,,,https://www.cinemark.com.ar/peliculas/cars-20-aniversario
CABA,Cinemark Hoyts,Cinemark Puerto Madero,Av. Alicia Moreau de Justo 1920,CARS 20° ANIVERSARIO,2D Doblada,17:40,,,,https://www.cinemark.com.ar/peliculas/cars-20-aniversario
CABA,Cinemark Hoyts,Cinemark Puerto Madero,Av. Alicia Moreau de Justo 1920,CARS 20° ANIVERSARIO,2D Doblada,20:20,,,,https://www.cinemark.com.ar/peliculas/cars-20-aniversario
CABA,Cinemark Hoyts,Cinemark Puerto Madero,Av. Alicia Moreau de Justo 1920,Coyote vs. Acme,2D Doblada,15:00,,,,https://www.cinemark.com.ar/peliculas/coyote-vs-acme
CABA,Cinemark Hoyts,Cinemark Puerto Madero,Av. Alicia Moreau de Justo 1920,Coyote vs. Acme,2D Doblada,17:30,,,,https://www.cinemark.com.ar/peliculas/coyote-vs-acme
CABA,Cinemark Hoyts,Cinemark Puerto Madero,Av. Alicia Moreau de Justo 1920,Digger,2D Subtitulada,22:50,,,,https://www.cinemark.com.ar/peliculas/digger
CABA,Cinemark Hoyts,Cinemark Puerto Madero,Av. Alicia Moreau de Justo 1920,El corazón de la bestia,2D Subtitulada,14:40,,,,https://www.cinemark.com.ar/peliculas/el-corazon-de-la-bestia
CABA,Cinemark Hoyts,Cinemark Puerto Madero,Av. Alicia Moreau de Justo 1920,El corazón de la bestia,2D Subtitulada,17:00,,,,https://www.cinemark.com.ar/peliculas/el-corazon-de-la-bestia
CABA,Cinemark Hoyts,Cinemark Puerto Madero,Av. Alicia Moreau de Justo 1920,El corazón de la bestia,2D Subtitulada,22:00,,,,https://www.cinemark.com.ar/peliculas/el-corazon-de-la-bestia
CABA,Cinemark Hoyts,Cinemark Puerto Madero,Av. Alicia Moreau de Justo 1920,La Odisea,2D Subtitulada,18:20,,,,https://www.cinemark.com.ar/peliculas/la-odisea
CABA,Cinemark Hoyts,Cinemark Puerto Madero,Av. Alicia Moreau de Justo 1920,MADRE SINIESTRA,2D Subtitulada,14:50,,,,https://www.cinemark.com.ar/peliculas/madre-siniestra
CABA,Cinemark Hoyts,Cinemark Puerto Madero,Av. Alicia Moreau de Justo 1920,MADRE SINIESTRA,2D Doblada,17:10,,,,https://www.cinemark.com.ar/peliculas/madre-siniestra
CABA,Cinemark Hoyts,Cinemark Puerto Madero,Av. Alicia Moreau de Justo 1920,MADRE SINIESTRA,2D Subtitulada,19:30,,,,https://www.cinemark.com.ar/peliculas/madre-siniestra
CABA,Cinemark Hoyts,Cinemark Puerto Madero,Av. Alicia Moreau de Justo 1920,MADRE SINIESTRA,2D Doblada,20:10,,,,https://www.cinemark.com.ar/peliculas/madre-siniestra
CABA,Cinemark Hoyts,Cinemark Puerto Madero,Av. Alicia Moreau de Justo 1920,MADRE SINIESTRA,2D Doblada,21:50,,,,https://www.cinemark.com.ar/peliculas/madre-siniestra
CABA,Cinemark Hoyts,Cinemark Puerto Madero,Av. Alicia Moreau de Justo 1920,MADRE SINIESTRA,2D Subtitulada,22:30,,,,https://www.cinemark.com.ar/peliculas/madre-siniestra
CABA,Cinemark Hoyts,Cinemark Puerto Madero,Av. Alicia Moreau de Justo 1920,Resident Evil: Noche Cero,2D Subtitulada,15:00,,,,https://www.cinemark.com.ar/peliculas/resident-evil-noche-cero
CABA,Cinemark Hoyts,Cinemark Puerto Madero,Av. Alicia Moreau de Justo 1920,Resident Evil: Noche Cero,2D Subtitulada,17:30,,,,https://www.cinemark.com.ar/peliculas/resident-evil-noche-cero
CABA,Cinemark Hoyts,Cinemark Puerto Madero,Av. Alicia Moreau de Justo 1920,Resident Evil: Noche Cero,2D Subtitulada,20:00,,,,https://www.cinemark.com.ar/peliculas/resident-evil-noche-cero
CABA,Cinemark Hoyts,Cinemark Puerto Madero,Av. Alicia Moreau de Justo 1920,Resident Evil: Noche Cero,2D Subtitulada,22:20,,,,https://www.cinemark.com.ar/peliculas/resident-evil-noche-cero
CABA,Cinemark Hoyts,Cinemark Puerto Madero,Av. Alicia Moreau de Justo 1920,Resident Evil: Noche Cero,2D Doblada,23:00,,,,https://www.cinemark.com.ar/peliculas/resident-evil-noche-cero
CABA,Cinemark Hoyts,Cinemark Puerto Madero,Av. Alicia Moreau de Justo 1920,Verity. La sombra de un engaño,2D Subtitulada,15:10,,,,https://www.cinemark.com.ar/peliculas/verity-la-sombra-de-un-engano
CABA,Cinemark Hoyts,Cinemark Puerto Madero,Av. Alicia Moreau de Justo 1920,Verity. La sombra de un engaño,2D Doblada,17:50,,,,https://www.cinemark.com.ar/peliculas/verity-la-sombra-de-un-engano
CABA,Cinemark Hoyts,Cinemark Puerto Madero,Av. Alicia Moreau de Justo 1920,Verity. La sombra de un engaño,2D Subtitulada,20:30,,,,https://www.cinemark.com.ar/peliculas/verity-la-sombra-de-un-engano
CABA,Cinemark Hoyts,Cinemark Puerto Madero,Av. Alicia Moreau de Justo 1920,Verity. La sombra de un engaño,2D Subtitulada,23:00,,,,https://www.cinemark.com.ar/peliculas/verity-la-sombra-de-un-engano
CABA,Cinemark Hoyts,Cinemark Puerto Madero,Av. Alicia Moreau de Justo 1920,Vértigo 2,2D Subtitulada,17:40,,,,https://www.cinemark.com.ar/peliculas/vertigo-2-punto-muerto
CABA,Atlas Cines,Atlas Alcorta,"Jerónimo Salguero 3172, Alcorta Shopping",Cars,2D Doblada,16:50,,,,https://www.atlascines.com/Peliculas?codPelicula=593&codComplejo=194
CABA,Atlas Cines,Atlas Alcorta,"Jerónimo Salguero 3172, Alcorta Shopping",La isla olvidada,2D Doblada,14:40,,,,https://www.atlascines.com/Peliculas?codPelicula=580&codComplejo=194
CABA,Atlas Cines,Atlas Alcorta,"Jerónimo Salguero 3172, Alcorta Shopping",Digger,2D Subtitulada,22:00,,,,https://www.atlascines.com/Peliculas?codPelicula=582&codComplejo=194
CABA,Atlas Cines,Atlas Alcorta,"Jerónimo Salguero 3172, Alcorta Shopping",Verity. La sombra de un engaño,2D Subtitulada,17:40,,,,https://www.atlascines.com/Peliculas?codPelicula=583&codComplejo=194
CABA,Atlas Cines,Atlas Alcorta,"Jerónimo Salguero 3172, Alcorta Shopping",Verity. La sombra de un engaño,2D Subtitulada,19:30,,,,https://www.atlascines.com/Peliculas?codPelicula=583&codComplejo=194
CABA,Atlas Cines,Atlas Alcorta,"Jerónimo Salguero 3172, Alcorta Shopping",Guardianes Del Museo 2,2D Doblada,15:30,,,,https://www.atlascines.com/Peliculas?codPelicula=586&codComplejo=194
CABA,Atlas Cines,Atlas Alcorta,"Jerónimo Salguero 3172, Alcorta Shopping",Madre siniestra,2D Subtitulada,20:10,,,,https://www.atlascines.com/Peliculas?codPelicula=597&codComplejo=194
CABA,Atlas Cines,Atlas Alcorta,"Jerónimo Salguero 3172, Alcorta Shopping",Madre siniestra,2D Subtitulada,22:30,,,,https://www.atlascines.com/Peliculas?codPelicula=597&codComplejo=194
CABA,Atlas Cines,Atlas Liniers,"Av. Rivadavia 11177, Liniers",Avengers: Endgame,2D Doblada,20:40,,,,https://www.atlascines.com/Peliculas?codPelicula=546&codComplejo=198
CABA,Atlas Cines,Atlas Liniers,"Av. Rivadavia 11177, Liniers",Cars,2D Doblada,16:10,,,,https://www.atlascines.com/Peliculas?codPelicula=593&codComplejo=198
CABA,Atlas Cines,Atlas Liniers,"Av. Rivadavia 11177, Liniers",Cars,2D Doblada,18:40,,,,https://www.atlascines.com/Peliculas?codPelicula=593&codComplejo=198
CABA,Atlas Cines,Atlas Liniers,"Av. Rivadavia 11177, Liniers",Resident Evil: Noche Cero,2D Doblada,20:00,,,,https://www.atlascines.com/Peliculas?codPelicula=569&codComplejo=198
CABA,Atlas Cines,Atlas Liniers,"Av. Rivadavia 11177, Liniers",La isla olvidada,2D Doblada,15:10,,,,https://www.atlascines.com/Peliculas?codPelicula=580&codComplejo=198
CABA,Atlas Cines,Atlas Liniers,"Av. Rivadavia 11177, Liniers",La isla olvidada,2D Doblada,16:00,,,,https://www.atlascines.com/Peliculas?codPelicula=580&codComplejo=198
CABA,Atlas Cines,Atlas Liniers,"Av. Rivadavia 11177, Liniers",Hope,2D Doblada,17:30,,,,https://www.atlascines.com/Peliculas?codPelicula=594&codComplejo=198
CABA,Atlas Cines,Atlas Liniers,"Av. Rivadavia 11177, Liniers",Hope,2D Doblada,21:10,,,,https://www.atlascines.com/Peliculas?codPelicula=594&codComplejo=198
CABA,Atlas Cines,Atlas Liniers,"Av. Rivadavia 11177, Liniers",Verity. La sombra de un engaño,2D Doblada,21:30,,,,https://www.atlascines.com/Peliculas?codPelicula=583&codComplejo=198
CABA,Atlas Cines,Atlas Liniers,"Av. Rivadavia 11177, Liniers",Guardianes Del Museo 2,2D Doblada,14:40,,,,https://www.atlascines.com/Peliculas?codPelicula=586&codComplejo=198
CABA,Atlas Cines,Atlas Liniers,"Av. Rivadavia 11177, Liniers",Guardianes Del Museo 2,2D Doblada,18:10,,,,https://www.atlascines.com/Peliculas?codPelicula=586&codComplejo=198
CABA,Atlas Cines,Atlas Liniers,"Av. Rivadavia 11177, Liniers",Madre siniestra,2D Doblada,16:50,,,,https://www.atlascines.com/Peliculas?codPelicula=597&codComplejo=198
CABA,Atlas Cines,Atlas Liniers,"Av. Rivadavia 11177, Liniers",Madre siniestra,2D Doblada,19:10,,,,https://www.atlascines.com/Peliculas?codPelicula=597&codComplejo=198
CABA,Atlas Cines,Atlas Liniers,"Av. Rivadavia 11177, Liniers",Madre siniestra,2D Doblada,22:00,,,,https://www.atlascines.com/Peliculas?codPelicula=597&codComplejo=198
CABA,Atlas Cines,Atlas Patio Bullrich,"Av. del Libertador 750, Patio Bullrich",Los Colores Del Tiempo,2D Subtitulada,17:20,,,,https://www.atlascines.com/Peliculas?codPelicula=504&codComplejo=195
CABA,Atlas Cines,Atlas Patio Bullrich,"Av. del Libertador 750, Patio Bullrich",El corazón de la bestia,2D Subtitulada,20:00,,,,https://www.atlascines.com/Peliculas?codPelicula=578&codComplejo=195
CABA,Atlas Cines,Atlas Patio Bullrich,"Av. del Libertador 750, Patio Bullrich",La casa,2D Doblada,15:20,,,,https://www.atlascines.com/Peliculas?codPelicula=595&codComplejo=195
CABA,Atlas Cines,Atlas Patio Bullrich,"Av. del Libertador 750, Patio Bullrich",La casa,2D Doblada,20:20,,,,https://www.atlascines.com/Peliculas?codPelicula=595&codComplejo=195
CABA,Atlas Cines,Atlas Patio Bullrich,"Av. del Libertador 750, Patio Bullrich",Digger,2D Subtitulada,17:40,,,,https://www.atlascines.com/Peliculas?codPelicula=582&codComplejo=195
CABA,Atlas Cines,Atlas Patio Bullrich,"Av. del Libertador 750, Patio Bullrich",Verity. La sombra de un engaño,2D Subtitulada,15:40,,,,https://www.atlascines.com/Peliculas?codPelicula=583&codComplejo=195
CABA,Atlas Cines,Atlas Patio Bullrich,"Av. del Libertador 750, Patio Bullrich",Verity. La sombra de un engaño,2D Subtitulada,18:10,,,,https://www.atlascines.com/Peliculas?codPelicula=583&codComplejo=195
CABA,Atlas Cines,Atlas Patio Bullrich,"Av. del Libertador 750, Patio Bullrich",La vida es así,2D Subtitulada,16:00,,,,https://www.atlascines.com/Peliculas?codPelicula=596&codComplejo=195
CABA,Atlas Cines,Atlas Patio Bullrich,"Av. del Libertador 750, Patio Bullrich",La vida es así,2D Subtitulada,18:30,,,,https://www.atlascines.com/Peliculas?codPelicula=596&codComplejo=195
CABA,Atlas Cines,Atlas Patio Bullrich,"Av. del Libertador 750, Patio Bullrich",La vida es así,2D Subtitulada,20:40,,,,https://www.atlascines.com/Peliculas?codPelicula=596&codComplejo=195
CABA,Atlas Cines,Atlas Patio Bullrich,"Av. del Libertador 750, Patio Bullrich",Tres adioses,2D Subtitulada,15:00,,,,https://www.atlascines.com/Peliculas?codPelicula=574&codComplejo=195
CABA,Atlas Cines,Atlas Patio Bullrich,"Av. del Libertador 750, Patio Bullrich",A cualquier precio,2D Subtitulada,21:00,,,,https://www.atlascines.com/Peliculas?codPelicula=592&codComplejo=195
CABA,Cine Independiente,CineArte Cacodelphia,"Roque Sáenz Peña 1150, Buenos Aires",La casa,2D Doblada,18:40,,,,https://cartelera.ar/pelicula/la-casa
CABA,Cine Independiente,CineArte Cacodelphia,"Roque Sáenz Peña 1150, Buenos Aires",La casa,2D Doblada,20:40,,,,https://cartelera.ar/pelicula/la-casa
CABA,Cine Independiente,CineArte Cacodelphia,"Roque Sáenz Peña 1150, Buenos Aires","Adolescencia, Sexo y Muerte en Campamento Miasma",2D Subtitulada,21:00,,,,https://cartelera.ar/pelicula/adolescencia-sexo-y-muerte-en-campamento-miasma
CABA,Cine Independiente,CineArte Cacodelphia,"Roque Sáenz Peña 1150, Buenos Aires",Digger,2D Subtitulada,16:20,,,,https://cartelera.ar/pelicula/digger
CABA,Cine Independiente,CineArte Cacodelphia,"Roque Sáenz Peña 1150, Buenos Aires",Hope,2D Subtitulada,20:50,,,,https://cartelera.ar/pelicula/hope
CABA,Cine Independiente,CineArte Cacodelphia,"Roque Sáenz Peña 1150, Buenos Aires",La vida es así,2D Subtitulada,16:30,,,,https://cartelera.ar/pelicula/la-vida-es-asi
CABA,Cine Independiente,CineArte Cacodelphia,"Roque Sáenz Peña 1150, Buenos Aires",La vida es así,2D Subtitulada,18:30,,,,https://cartelera.ar/pelicula/la-vida-es-asi
CABA,Cine Independiente,CineArte Cacodelphia,"Roque Sáenz Peña 1150, Buenos Aires",Tres adioses,2D Subtitulada,16:10,,,,https://cartelera.ar/pelicula/tres-adioses
CABA,Cine Independiente,CineArte Cacodelphia,"Roque Sáenz Peña 1150, Buenos Aires",Kontinental 25,2D Subtitulada,18:50,,,,https://cartelera.ar/pelicula/kontinental-25
CABA,Cinépolis,Cinépolis Recoleta,"Vicente López 2050, Recoleta",Always Lalisa,2D Subtitulada,20:00,,,,https://cartelera.ar/pelicula/always-lalisa
GBA Sur,Cinépolis,Cinépolis Avellaneda,"Av. Mitre 2702, Avellaneda",Always Lalisa,2D Subtitulada,20:00,,,,https://cartelera.ar/pelicula/always-lalisa
GBA Norte,Cinépolis,Cinépolis Pilar,"Panamericana Km. 50, Pilar",Always Lalisa,2D Subtitulada,20:00,,,,https://cartelera.ar/pelicula/always-lalisa
